batch_id,gwp_total,gwp_per_unit,gwp_per_kg,energy_per_unit,renewable_elec_share,renewable_elec_share_location,water_per_unit,aware_per_unit,gwp_fibre,gwp_spinning,gwp_fabric,gwp_wet,gwp_garment,gwp_transport,dq_score_gwp,primary_share_gwp,gwp_share_measured,gwp_share_calculated,gwp_share_estimated,gwp_share_imputed,gwp_share_default,gwp_share_zero,recycled_content,recycled_content_declared,certified_material_ratio,mono_material_share,chem_intensity,waste_ratio,waste_recovery_rate,mci
B000001,2254.529097030601,5.066357521417081,7.820816533484005,6.864306424629217,0.0,0.809,1.449569966820255,32.361834639534,2.0153489833362843,0.2490353072621707,0.0,1.6751186315873132,0.0,1.126854599231313,2.9386424645539617,0.4993565249615417,0.16872083166392854,0.3306356932976131,0.04915470458004995,0.0,0.45148877045840846,0.0,0.2,0.2,0.2,0.98,0.5593117462465307,,,0.27509512128729385
B000002,1344.711701931688,1.1357362347396012,8.353896465481792,1.4841258818459704,0.1468481369001545,0.48799999999999993,0.2596468757160161,17.186335397725145,0.6672342115389756,0.0,0.0,0.21820925256536117,0.10310961164389165,0.14718315899137313,2.3151775026458616,0.6820172291900124,0.6820172291900124,0.0,0.0,0.0,0.31798277080998794,0.0,0.0,0.0,0.0,0.6,1.2213313094437506,,,0.19003346509277597
B000003,2627.806121248732,4.618288438046981,8.2224046468505,2.5350883550114376,0.60179464763709,0.072623972877413,0.018451315493142776,0.19579669099214977,3.278699573743385,0.0,0.4678699336125003,0.17807266518018128,0.0,0.6936462655109141,2.064339898717912,0.7851970266078074,0.6838889468096654,0.10130807979814205,0.03855815148165282,0.0,0.17624482191053975,0.0,0.5,0.5,0.5,0.5,0.2859072698618472,,,0.4014480571426785
B000004,11510.268011875964,4.650613338131702,17.007392932761732,7.4744873530736795,0.009725613809644443,0.4773739247212365,0.007252469984607351,0.20479370450881387,1.5788909031565803,0.3030520991228059,1.050283787610942,1.0906089354839548,0.28995626822281134,0.3378213445346079,1.9987497473708444,0.7566560153122983,0.6914921160394872,0.06516389927281106,0.23450862417258853,0.0,0.008835360515113192,0.0,0.0,0.0,0.0,1.0,0.1505274284260946,0.276524923906553,,0.1888484004682247
B000005,1524.9004976888295,2.541500829481383,3.530226865314079,2.2374579600477054,0.7721019816186241,0.23999999999999996,0.02454118584932909,1.6344429775653173,1.3889692387925647,0.0,0.34215110989066677,0.0,0.0,0.8103804807981514,2.005364244052034,0.9054063303016253,0.7707807162071038,0.13462561409452145,0.0,0.0,0.09459366969837485,0.0,1.0,1.0,1.0,1.0,0.211740572373462,,,0.6052750777176602
B000006,531.4695514229409,1.3122704973405948,7.000879470327148,0.35521981141742887,0.11310388932464559,0.30529194546792954,0.2600463320157196,17.178571810031254,0.8314324396803728,0.0,0.07663505827419582,0.09754916797249276,0.0,0.3066538314135331,1.8555058681118697,0.9977799169608218,0.9234437430011214,0.07433617395970021,0.0,0.0,0.002220083039178149,0.0,0.0,0.0,0.0,0.6,0.6432533601782982,,,0.19003346509277597
B000007,3858.5092129658888,10.899743539451663,32.692686482418836,4.989931877272632,0.0,0.3246321230291127,0.045018526784576976,2.0298970001109002,8.674653268211932,0.5655832701983099,0.0,0.9206128482838618,0.23779504364470005,0.5010991091128573,1.6847768067078366,0.9958069185623549,0.9958069185623549,0.0,0.0,0.0,0.004193081437645078,0.0,0.0,0.0,0.0,1.0,0.12154153453496644,,,0.18861606020795307
B000008,26114.375817569275,7.184147405108466,11.062017276899248,9.513271424834246,0.0,0.4737987607507208,1.3820341816489004,92.01428734551617,1.9374687889207574,1.895830404716106,1.1150832667952788,0.7588964416767658,0.4409596747131308,1.0359088282864275,2.5085932509540374,0.7083222558534277,0.3830519144114352,0.32527034144199274,0.0,0.0,0.2916777441465721,0.0,,0.0,,0.98,0.22480183903285061,0.37099510111001593,,0.18690117976449694
B000009,23908.016338266327,6.964176037945332,17.743031321916966,13.410084060492,0.30529688659538606,0.20190442884621768,0.018923468794324286,0.6347245652390542,1.7241589653050962,0.4784111777179652,0.0,3.0859749270669337,0.9301677318549246,0.7454632360004134,2.461173253803893,0.3093032303946209,0.3093032303946209,0.0,0.4431213269527576,0.0,0.2475754426526216,0.0,0.0,0.0,0.0,1.0,1.4151610888030297,0.37838459001599706,,0.1888484004682247
B000010,12435.419696602657,4.238384354670299,9.736672798111718,4.75954194485025,0.0,0.2714823242386704,0.01834627517943799,0.40912193650146716,2.1053894514837337,1.5444262799728607,0.0,0.18522965114607465,0.0,0.40333897206763025,2.8254413802996887,0.5810810282152539,0.1729878053311571,0.40809322288409683,0.0,0.0,0.418918971784746,0.0,0.0,0.0,0.0,0.95,0.3921605357783495,0.40898216001016724,0.616606381860587,0.1888484004682247
B000011,7745.563653510945,3.911900835106538,15.577173086744734,9.613908200042857,0.0,0.3966536687678386,0.007348757204242324,0.1638772856546038,0.29395028816969293,0.448554912088837,0.6287330315932774,2.3078229446722758,0.0,0.23283965858245534,2.008382245323492,0.9112462589319582,0.2781755036947244,0.6330707552372339,0.0,0.0,0.08875374106804186,0.0,0.0,0.0,0.0,1.0,0.7547416252053433,,,0.1888484004682247
B000012,1498306.6299817485,1984.5120926910577,3654.456756383124,2847.089908073724,0.0,0.021,0.01086029686333898,0.11946326549672877,3.11647762226963,0.0,1979.7078162395605,0.5416821912623104,0.0,1.1461166379651513,1.6671674759465258,0.9999131583850451,0.9999131583850451,0.0,0.0,0.0,8.684161495483592e-05,0.0,0.0,0.0,0.0,1.0,0.17526174442276007,,,0.18481989412312194
B000013,9835.846661676036,2.4178580780914545,5.735486015936257,3.20207417481943,0.0,0.433,0.01153155919045746,0.2571537699472014,0.4612623676182984,0.0,0.0,0.0,1.5241873072140486,0.4324084032591068,2.834811841146745,0.15110055679523982,0.15110055679523982,0.0,0.6303874164596013,0.0,0.2185120267451588,0.0,0.0,0.0,0.0,1.0,0.6554778604756301,0.3027680600986131,,0.1888484004682247
B000014,10431.176613404932,4.885797008620577,8.709868442322902,5.4280526906729625,0.19434116662889664,0.4341602866552273,1.4555780901298072,32.48888080545045,2.074322398501816,0.9682135156430136,0.0,0.6950674613985333,0.0,1.148193633077215,2.0742302017348284,0.8190472788689676,0.6767844177283706,0.14226286114059697,0.0,0.0,0.18095272113103258,0.0,0.20000000000000004,0.20000000000000004,0.20000000000000004,0.98,0.4136861933035401,,,0.27509512128729385
B000015,3244.874533003143,1.282052363889033,5.303342268320277,1.8959874943658588,0.0,0.433,2.205008356142822,79.82130249237018,0.32051260085217426,0.3926676207065615,0.0,0.24048623758813634,0.0,0.328385904742161,2.1437076787405474,0.6937195142985996,0.6937195142985996,0.0,0.3062804857014004,0.0,0.0,0.0,0.0,0.0,1.0,1.0,,,,0.19003346509277597
B000016,16872.740633883775,5.985363828976153,18.922600651488228,11.831371151857722,0.0,0.433,0.017099400525832028,0.3903191935410361,1.3884199877624226,2.3137846786320075,0.0,1.7312580018545398,0.0,0.5519011607271833,2.8678997025525947,0.3814570388400727,0.09220845657791713,0.28924858226215566,0.38657377308136,0.0,0.23196918807856726,0.0,0.0,0.0,0.0,1.0,0.6220280173236654,0.33330492697338987,,0.1888484004682247
B000017,9760.407471455244,4.9721892366048115,7.871016334255567,5.870658871467577,0.0,0.4830700092502757,1.4258639800903914,31.92260542623953,1.9891156912614525,0.5773630916672896,0.0,1.281995699902164,0.0,1.1237147537739045,2.519579128991317,0.5917271349074041,0.33389388703658157,0.2578332478708225,0.0,0.0,0.4082728650925958,0.0,0.2,0.2,0.2,0.98,0.3535893728679607,0.36540675411773127,,0.27509512128729385
B000018,10732.298648002467,4.129395401309145,12.937334809394963,3.8758155696657073,0.0,0.4174024365865469,0.00808016684629323,0.08888183530922553,1.8457233912852553,0.4346365973658971,0.0,0.0,1.4978249501404228,0.35121046251756755,2.566573185169247,0.553028176788276,0.553028176788276,0.0,0.0,0.0,0.44697182321172363,0.0,0.0,0.0,0.0,1.0,,,,0.1888484004682247
B000019,2788.4839069523036,6.5766129880950555,12.678930277164987,5.7155406299709055,0.031256858325405895,0.35223049996436173,0.013883790526110029,0.4814386192938383,3.272437130239857,0.32335087557821984,0.5356450313792733,0.37747800868480685,1.4663917687294021,0.6013101734834965,2.6748508983889088,0.5801335660210731,0.3571629014276334,0.22297066459343973,0.04916677872995531,0.0,0.3706996552489716,0.0,0.5,0.5,0.5,0.5,0.33941122100893256,0.26719706648606123,,0.4014480571426785
B000020,5161.626800320188,4.551699118448137,10.231678242271775,4.745315030187071,0.0,0.433,0.014962669625940422,0.341732582354983,2.759915040836609,0.0,0.0,1.1893402340430856,0.0,0.6024438435684418,3.1417977386805176,0.3936516959896112,0.13235581436539237,0.26129588162421885,0.0,0.0,0.6063483040103886,0.0,0.0,0.0,0.0,1.0,0.2336821194122564,,,0.1888484004682247
B000021,742.1572136762861,2.242166808689686,8.081458999553362,2.290938683629952,0.06825200508361136,0.38338247778007495,0.007849592362927605,0.01813255835836277,0.4911068765983109,0.0,1.02883731318266,0.052830250146243984,0.0,0.6693923687624717,2.2482348044960285,0.8219215314237277,0.8219215314237277,0.0,0.0,0.0,0.17807846857627233,0.0,0.0,0.0,0.0,1.0,0.7459896955415245,0.45027214700308127,,0.1888484004682247
B000022,1392.954772283921,3.1372855231619843,17.63195673484114,5.01127498051032,0.0,0.30598225729387185,0.26704198558911946,17.745001007872876,0.6315803015780067,0.8086881963150376,0.07367879409834668,0.620277527692502,0.7762564633416931,0.22680424013639858,1.8170551987083743,0.9272751011817942,0.4821342363405648,0.4451408648412295,0.023484886394429232,0.0,0.049240012423776534,0.0,0.5,0.5,1.0,0.5,0.8215559512088635,,,0.4064886165245276
B000023,2144.029030668275,5.540126694233269,10.208204200501852,8.105876565083154,0.020644007526967028,0.4072148876236536,1.0969579601997,24.276109222034528,1.8725811196687001,0.8560646094242514,0.4825367222839183,1.765200229795734,0.0,0.5637440130606646,2.7234246282952284,0.34337578358072396,0.34337578358072396,0.0,0.31862091378399976,0.0,0.3380033026352762,0.0,0.28,0.28,0.28,0.7,0.3434170640709977,,,0.30976336009743166
B000024,1580.175284646729,1.4963781104609177,9.039227841013647,1.592992628187422,0.0,0.24,0.2501266208453161,16.522209502048863,0.32432505087667113,0.6720668189375781,0.0,0.20140811512260004,0.0,0.2985781255240679,1.9668999540212428,0.7402349838920892,0.7402349838920892,0.0,0.13459707390437692,0.0,0.12516794220353364,0.0,,0.0,,0.5,,0.40775295619172736,0.32637247148621806,0.19003346509277597
B000025,3408.293308808924,8.716862682375764,11.126868011045094,3.75309482926886,0.6055242328952359,0.3022111662873134,0.010777219040371069,0.5000629634732175,7.117031441754479,0.0,0.41868540904441653,0.2638120617855518,0.0,0.9173337697913175,3.3972953377460104,0.17044652390971143,0.09215029558780845,0.07829622832190296,0.0,0.0,0.8295534760902887,0.0,0.0,0.0,0.0,1.0,,0.282830942932517,0.1849400440036929,0.18481989412312194
B000026,6518.45649514578,15.89867437840434,31.588410386612505,7.645883607479327,0.18515790246857375,0.49240627567561845,0.07201211658206409,3.240754180354143,13.662658396900829,0.0,0.0,0.034919047288527925,1.0089904050539464,1.1921065291610384,3.4973033669680142,0.12537521256564044,0.06191140539285569,0.06346380717278476,0.0,0.0,0.8746247874343597,0.0,0.0,0.0,0.0,1.0,0.1052592799261124,,,0.18861606020795307
B000027,2927.8774032245606,2.6787533423829464,5.474952210796243,2.229407991769212,0.0,0.4699999999999999,1.1363951332055477,25.594372308078697,1.5757498360488043,0.0,0.0,0.53305870936411,0.0,0.5699447969700316,3.0019730513330862,0.3219721153010507,0.3219721153010507,0.0,0.08978789592601491,0.0,0.5882399887729342,0.0,0.20000000000000004,0.20000000000000004,0.20000000000000004,0.98,0.21696191080649774,0.4522992883604977,,0.27509512128729385
B000028,2777.6803402239016,2.2918154622309417,11.299941089179962,3.558806983846303,0.0174697747495866,0.483067783791294,0.3578577260315146,23.730919219981082,0.972470569253768,0.6821793826599196,0.06040026299163673,0.3819222950106599,0.0,0.1948429523149576,2.9202899453827085,0.27801780763666395,0.11137162634295639,0.16664618129370762,0.29765894937974624,0.0,0.4243232429835897,0.0,,0.0,,0.6,0.7145715635761064,0.5108940928580655,,0.19003346509277597
B000029,3131.282826003639,5.831066715090575,14.169344128908946,6.980354019110482,0.0,0.6481002944206053,0.013225775808754066,0.24917366409288544,2.962215198931735,0.6694396073032335,0.0684077699828489,1.0120302905266902,0.35457816222480437,0.7643956861212621,2.20165023462034,0.791823156840762,0.5457247510343975,0.24609840580636425,0.0,0.0,0.20817684315923807,0.0,0.0,0.0,0.0,0.5,0.5143876995525903,0.15439425857116326,,0.18861606020795307
B000030,8676.248800380537,3.6748194834309773,5.698256819355107,6.095944582687651,0.0,0.6853470484304491,3.7903696900270947,137.20886737275418,1.2442480237247837,0.37711010081391766,0.5210440916272303,0.3273834459629091,0.0,1.2050338213021379,2.1991553860600326,0.7668368584634692,0.7668368584634692,0.0,0.10262003413071889,0.0,0.13054310740581204,0.0,0.0,0.0,0.98,0.92,0.22755719254399287,,,0.18690117976449694
B000031,2142.795059152039,3.6628975370120322,10.940690015008133,6.993699388283674,0.4252534164658081,0.17834644984934123,0.017526239712078805,0.39716596429781426,1.6222544250637474,0.0,0.265968366576739,1.1511656208985395,0.36024290256828806,0.26326622190471816,2.987247874120199,0.5571117104228136,0.07187376093503141,0.4852379494877822,0.0,0.0,0.4428882895771863,0.0,0.0,0.0,0.0,0.95,1.237618982614982,,,0.1888484004682247
B000032,1250.4140717432779,4.059785947218435,11.638828822852632,6.703608815086031,0.0,0.2439031009387307,0.014248267781288411,0.25327226347528037,0.407858786556499,0.26902045516858775,1.4353592100544368,0.5528755146634471,1.0037946358816934,0.39087734489377035,2.4826721680780466,0.7361597955402458,0.7361597955402458,0.0,0.13618341504981318,0.0,0.127656789409941,0.0,0.0,0.0,0.0,1.0,,,,0.1888484004682247
B000033,16049.948960391768,7.521063242920229,14.337916337484053,12.987821686989095,0.0,0.1603368357567524,4.90007974411892,122.88916645281047,2.58757994335001,0.4541599648210026,0.08573951760839156,2.289268752502194,1.3099314082954439,0.7943836563431869,2.4257731419311286,0.8743016428356953,0.3843523418675433,0.48994930096815215,0.0,0.0,0.12569835716430464,0.0,0.0,0.0,0.0,0.5,0.2914295256325345,,,0.18861606020795307
B000034,2189.4895519288375,5.731648041698527,9.404109143552374,9.136565216142685,0.08437879083997057,0.4388295888712289,1.1895686532327001,42.926224852584056,1.9428906507850263,1.0846564576251305,0.0,0.03366757553320231,1.5368496363065742,1.1335837214485947,2.3309051914274397,0.7237769496689823,0.7237769496689823,0.0,0.0,0.0,0.2762230503310178,0.0,,0.9333333333333333,,0.7,0.4380814063561318,,,0.18690117976449694
B000035,2027.7169561765106,4.577239178728015,14.04351267592911,6.132580729324252,0.17042208931210248,0.2797903001467464,0.00804847629790195,0.1794810214432135,1.8384844335309025,0.31536331731410194,0.24661396091552673,0.3474837513686621,1.5058542077670192,0.3234395078318024,2.6630114810463565,0.5943327072410746,0.5404543864267228,0.05387832081435149,0.0,0.0,0.4056672927589255,0.0,0.0,0.0,0.0,1.0,0.14946079209438481,,,0.1888484004682247
B000036,6473.331479470623,2.261030904460574,6.315585885972118,1.082086197885923,0.0,0.24,0.01658883123444797,0.5276610219676914,1.2171245181437238,0.7260798387814544,0.0,0.0,0.0,0.3178265475353955,1.800495969331764,0.8439415041968122,0.5228137224628074,0.3211277817340047,0.0,0.0,0.1560584958031878,0.0,0.0,0.0,0.0,0.95,0.40415838837281104,0.36107803254639975,,0.1888484004682247
B000037,3845.5909853862267,9.686627167219715,13.53651457512663,12.1069678759912,0.0,0.3882488187426182,0.020674862602158228,0.4610494360281285,4.496025218634639,0.9309654223851209,0.0,1.7273743707496112,1.8668221124928235,0.6654400429575208,1.8635527247600319,1.0,0.8216743205937379,0.17832567940626204,0.0,0.0,0.0,0.0,0.0,0.0,0.0,1.0,0.2897914651219099,,,0.18481989412312194
B000038,3050.6995049914804,6.175505070832956,10.759105481909492,2.2405375947096258,0.0,0.4169295405174007,0.01960602230563311,0.34886829731737595,4.307701661121401,0.6289191209879152,0.0,0.2795796388131071,0.18553149364871702,0.7737731562618168,2.190199532720731,0.7357384203069872,0.633897499803446,0.1018409205035413,0.0753154806168898,0.0,0.1889460990761231,0.0,0.0,0.0,0.0,0.5,0.43001784072240107,0.14051712603562222,,0.18861606020795307
B000039,8642.973767331177,9.957343049920711,18.159603474748593,6.673778259096666,0.0,0.45845205189663185,0.049985717661370666,2.0104810606501613,6.900397420748907,0.36330461593053026,0.0454273778562056,1.8047961737216944,0.1709636650700498,0.6724537965933246,2.226960579390425,0.7492816700643775,0.568028883585753,0.18125278647862453,0.021731805547060917,0.0,0.22898652438856165,0.0,0.0,0.0,0.0,0.5,0.07744348270406097,,,0.18861606020795307
B000040,49238.83471358541,10.372621595446684,16.065635817038558,7.951883384668266,0.17277992071195689,0.28076365049971047,0.008588987721744244,0.19153442619489663,5.671973023793368,0.6704247886487047,1.011343149181602,0.0,2.0938506542734405,0.9250299795495696,2.9388089749470936,0.45317844947865266,0.29104316647859024,0.16213528300006239,0.0,0.0,0.5468215505213474,0.0,0.0,0.0,0.0,1.0,,,,0.18481989412312194
B000041,874.4201765119922,1.5927507768888747,10.091258808724076,1.6681498458650008,0.02413700667278668,0.3348031836563925,0.23170175424646297,8.406592888639967,0.35625207725624203,0.44422356885642106,0.014208229160084459,0.10783079195722302,0.35943852623917033,0.31079758341973385,2.396146644609807,0.723169951560914,0.14197348966304327,0.5811964618978708,0.0,0.0,0.2768300484390861,0.0,0.5,0.5,1.0,0.5,0.7320829774468364,0.464586876652836,0.39393247546424187,0.4064886165245276
B000042,8583.148911775457,2.840221347377716,5.342629296469333,2.5687734311549706,0.0,0.10227687259512168,1.5010152740265499,54.331796783056426,0.9368625357151863,0.0,0.0,0.4984296596570181,0.9270834283979011,0.47784572360761063,2.406834089382434,0.5339123989525564,0.5339123989525564,0.0,0.1754897237559326,0.0,0.2905978772915111,0.0,0.0,0.0,0.9800000000000001,0.98,,,,0.18690117976449694
B000043,8853.569768366842,8.637629042309115,13.298853087889166,7.766656934912411,0.0,0.4027872428413476,0.019382363506929075,0.2000078291349913,3.7734715798332377,0.5567053500020036,1.6325496054200692,0.2761445839024076,1.1190102684084333,1.2797476547429647,2.651706844889727,0.5631357214636221,0.4016151415131463,0.16152057995047578,0.0,0.0,0.4368642785363781,0.0,0.0,0.0,0.0,0.9,,,,0.18481989412312194
B000044,6670.261341370541,7.571238752974508,22.490112433692723,3.68954784000861,0.30452821696863147,0.21015600488105815,0.022270794454037835,1.3460109741129616,5.436812389322075,0.3405750914972312,0.10340490748524193,0.0,1.1857825997954086,0.5046637648745511,3.2643409540288615,0.26900971693282694,0.06741025070373977,0.20159946622908712,0.0,0.0,0.7309902830671732,0.0,0.0,0.0,0.0,0.5,,0.2263180364149869,0.45564532835180016,0.18861606020795307
B000045,389.02756851707625,1.2468832324265264,7.340913683709215,2.881663196089915,0.0,0.365,0.4844047972985093,13.911927134109746,0.5985855824740951,0.3954904878531088,0.06485183440196171,0.0,0.0,0.18795532769736087,2.7648283117665335,0.5883189696579252,0.219124557315712,0.3691944123422131,0.0,0.0,0.411681030342075,0.0,,1.0,,1.0,0.5872107782732627,,,0.19003346509277597
B000046,3207.0190768390753,1.1441380937706298,9.405295164825965,1.94760821909526,0.25029205832315116,0.27135823779385837,0.1712216240415473,6.240045637942135,0.26326110233548095,0.13441538079449225,0.0,0.2599222725981682,0.33967139454796047,0.14686794349452809,2.363895251365284,0.7305290611410964,0.08899020150780229,0.6415388596332943,0.0,0.0,0.26947093885890366,0.0,0.5,0.5,1.0,0.5,1.0534490296958392,,,0.4064886165245276
B000047,5296.56020710875,3.1414947847620103,5.754485178240977,2.8651414889091256,0.10067003279783038,0.44587683676357104,0.01223906592720647,0.8151217907519508,1.5109957934822804,0.0,0.6797225028089128,0.1952630372162655,0.0,0.7555134512545514,2.9232354966074583,0.4568640256941228,0.4568640256941228,0.0,0.062156091477025326,0.0,0.4809798828288517,0.0,1.0,1.0,1.0,1.0,0.21981295109518273,0.30617585283626175,0.7289438351173883,0.6052750777176602
B000048,33319.765430657215,10.373525974675347,17.563296466522274,1.9329752213219384,0.2207246976346497,0.4460952565868668,0.053258552772254025,2.2994825135175962,8.527142549614599,0.0,0.0,0.11456345394620203,0.5872571107829807,1.1445628603315665,2.4688683717730378,0.7520682020722095,0.6954570640448273,0.05661113802738221,0.0,0.0,0.24793179792779063,0.0,0.0,0.0,0.0,0.5,0.22422503213929942,0.2093963688336785,,0.18861606020795307
B000049,2659.2612332227495,2.0630420738733513,10.44898903115063,2.907698066818203,0.08945861856094299,0.23219428562098182,0.3970051847880662,26.279578993904696,0.5433410043719641,0.5361066161962748,0.030920167210392216,0.5105334478212094,0.1724084067652174,0.269732431508293,2.578825022186931,0.433925988326379,0.17406380568570345,0.25986218264067557,0.24746632862541934,0.0,0.31860768304820153,0.0,0.30000000000000004,0.30000000000000004,0.30000000000000004,1.0,0.4957725668572928,,,0.32150759030508125
B000050,10433.314899149771,4.309506360656659,8.328489570749376,4.845964075640249,0.0,0.4545634135492728,1.0177507001280766,67.76939345743804,1.7313719279313249,0.8545851434300739,0.5632234581428075,0.0,0.5595561631649602,0.6007696679874921,2.4024867971497983,0.6139171857228737,0.41561485782008867,0.19830232790278488,0.0,0.0,0.3860828142771264,0.0,0.28,0.28,0.28,0.7,0.45591118653723,0.40430297158299944,,0.30976336009743166
B000051,834.0526345225727,1.5219938586178334,7.650440488079471,1.3333041459475308,0.0,0.2558068268531412,0.34900326685520566,7.787953890418793,0.4115359895329169,0.8331621622840623,0.02822258606735191,0.0,0.0,0.24907312073350185,2.0501386514713866,0.9264385665463013,0.9264385665463013,0.0,0.0,0.0,0.0735614334536985,0.0,0.3,0.3,0.3,1.0,1.1222688425766856,,,0.32150759030508125
B000052,21105.252315327678,4.8640821192273975,12.395852961293741,9.591225972614552,0.0,0.37610025307892864,0.02356074884919801,0.479886309698287,1.5736193837512154,0.0,0.0,1.8561835528220656,0.4962334670709678,0.9380457155831483,1.8917501186058654,0.569240671143194,0.569240671143194,0.0,0.38161024162908225,0.0,0.0491490872277236,0.0,0.0,0.0,0.0,1.0,,0.4693462169132995,,0.1888484004682247
B000053,3569.0046080648735,10.285315873385803,14.834372673537667,15.336129278503966,0.0511589323438923,0.45925149480250044,0.02893829489260259,1.0769812092207531,3.8612660140723345,0.0,1.7924805920555154,0.8829912439269805,2.3285442900087836,1.42003373332219,1.892899192261351,0.9093418591657412,0.8234921628805933,0.08584969628514776,0.0,0.0,0.09065814083425887,0.0,0.5,0.5,0.5,0.5,0.25647194016932756,,,0.4014480571426785
B000054,100692.90469260249,162.67028221745153,490.7917864621165,338.8897519799106,0.0,0.43299999999999994,0.012032256593427753,0.32890520535867185,2.411676819945739,0.0,0.11952643009797491,159.68649421584706,0.11601942322620548,0.33656532833455094,2.31947510239676,0.9948038451537127,0.019441401327248656,0.975362443826464,0.0,0.0,0.005196154846287383,0.0,0.0,0.0,0.0,0.5,,,,0.18861606020795307
B000055,2043.291159221908,2.6365047215766553,11.514552603670028,3.511800408843629,0.1279627854172554,0.4883283891881212,0.3943385075760188,14.209137576188164,1.0724837024275236,0.3454424166262889,0.034892903893216726,0.30183824202167137,0.2250053880019599,0.6568420686059954,2.7045197630210223,0.5932176060029326,0.3933910607621665,0.1998265452407662,0.0,0.0,0.40678239399706745,0.0,0.0,0.0,0.0,0.6,1.0220049286814432,0.33969413751783595,0.6994858177569966,0.19003346509277597
B000056,2733.5625308007143,5.381028603938414,13.937897025985295,9.412076311462693,0.0,0.42961533829863124,0.046515071261821764,0.8425289709024413,1.7820780375890433,1.615359814059062,0.5041700151085644,1.0455290875161214,0.0,0.4338916496656235,2.427810971903852,0.4745229335826948,0.4745229335826948,0.0,0.19429911350980203,0.0,0.3311779529075031,0.0,0.0,0.0,0.0,1.0,0.9358082209285374,,,0.1888484004682247
B000057,1759.3347076130378,1.8212574612971406,9.384678869701787,2.5353298454429014,0.03407497900966946,0.4237806398434158,0.5450081843907754,36.27917399700214,0.6801345513571275,0.3760594109847326,0.02692497776587891,0.24035848594127637,0.2614783178397515,0.23630171740837344,2.8171680833839083,0.49458379341775865,0.14453019453206598,0.35005359888569265,0.13197391969507027,0.0,0.373442286887171,0.0,0.0,0.0,0.0,1.0,1.1004016855733907,0.3557542140588484,,0.19003346509277597
B000058,7041.638725456427,8.802048406820534,17.974908760875614,13.250162724581687,0.05513035907787799,0.5444518111158435,0.01003487183201136,0.0724339442070193,4.67798107672867,0.15694767083663314,1.28558670703565,1.8489051662768845,0.0,0.8326277859426967,3.006322708152749,0.2281759447553779,0.21034513270087732,0.017830812054500572,0.21005396480712424,0.0,0.5617700904374979,0.0,0.0,0.0,0.0,1.0,0.17385657353889988,0.38180264545913445,0.2845093666870259,0.18481989412312194
B000059,15201.48690193723,7.361494867766213,20.549037220567744,4.869124324752897,0.05058901802591803,0.6336802617966176,0.033893623301778385,2.1916185787911187,5.428116271864652,0.2348105006225397,0.05753744291876066,0.4793264352490607,0.2806355299816872,0.8810686871295133,1.7090914146295142,0.9375008690131016,0.9296848691445558,0.007815999868545712,0.031897122098217406,0.0,0.030602008888680962,0.0,0.0,0.0,0.0,0.5,,0.23704947995985198,,0.18861606020795307
B000060,5649.236812369789,5.952831203761632,16.474917909269706,11.326379321495258,0.0,0.3613731137033162,0.009088847682543887,0.12498644574922078,1.9159440350397108,0.6804272309435542,0.0,1.7676862602878016,1.1180190230525184,0.4707546544380481,1.9718901987833481,0.668378203366803,0.36626208543293265,0.3021161179338704,0.2969488298560842,0.0,0.03467296677711303,0.0,0.0,0.0,0.0,0.5,,0.23544886551755315,0.48377420663951437,0.18861606020795307
B000061,16626.14939207347,9.26764180160171,23.92007430438349,5.609808121682625,0.0,0.4491705708358364,0.030359279661818925,1.7927523407966992,6.689341623681204,0.42161802575913326,0.09975067860087802,1.3745024160689896,0.1979903506870905,0.48443870680441237,3.093416793931272,0.27820455657607523,0.11912923555804947,0.15907532101802585,0.0,0.0,0.7217954434239244,0.0,0.0,0.0,0.0,0.5,0.15980967735975246,,,0.18861606020795307
B000062,3636.789655482082,3.2269650891589015,11.864106864371154,4.577948763195842,0.18107831946033492,0.352789962055702,0.015159826806362815,0.4502429680108735,1.2541127118138102,0.18524977873280357,1.2394744672081888,0.07353768281135029,0.19629578784214502,0.27829466075060383,2.760079192078202,0.6172444189271711,0.17573848174569937,0.44150593718147174,0.022788496553124364,0.0,0.35996708451970466,0.0,0.0,0.0,0.0,0.95,,,,0.1888484004682247
B000063,15620.152857525309,5.738483783073222,14.218117008279354,9.66786421982008,0.04153037236738006,0.43585623082236347,0.019297941561908682,0.4303440968305636,2.143993226640803,1.1046647852911249,1.0639320755288832,0.9545164546552846,0.0,0.47137724095712513,2.1010618364808344,0.7966686668795585,0.6303326640714967,0.16633600280806182,0.19250116007115842,0.0,0.01083017304928307,0.0,0.0,0.0,0.0,1.0,,0.4095158848225596,0.8269909622092452,0.1888484004682247
B000064,7313.276438602856,2.1154979573627006,6.618037074650772,1.809387362791195,0.16266541152257624,0.809,0.016350309309600436,0.3570214429673469,1.3901775555812406,0.0,0.0,0.3392841332443778,0.0,0.38603626853708195,3.2141770287356772,0.182480095144283,0.182480095144283,0.0,0.1603802698383829,0.0,0.657139635017334,0.0,0.0,0.0,0.0,1.0,0.8983208390581523,0.35683589370726276,0.8170110985906839,0.1888484004682247
B000065,19904.73304052671,4.833592287646117,10.112870205045764,9.606861373259623,0.0,0.32288315238840787,1.0610312286986483,70.52615275721905,1.4781857815935637,0.6519276756014083,1.6427550268389572,0.0,0.5381630396970981,0.522560763915089,2.659016050591474,0.6941848435641604,0.35432270189417026,0.33986214166999035,0.0,0.0,0.30581515643583934,0.0,0.2,0.2,0.2,0.98,0.4181782037365519,,,0.27509512128729385
B000066,5401.505949324294,3.493858958165779,6.067455131104145,1.6238400350958115,0.3812595346710129,0.33539745465572784,1.1151356335916962,40.42396852080507,1.9191079001575029,0.0,0.0,0.09638259480946292,0.44645669762135126,1.0319117655774612,3.1378090378543875,0.344007690892485,0.21622442803984435,0.12778326285264074,0.0,0.0,0.6559923091075149,0.0,0.28,0.28,0.28,0.7,0.4422307091215765,0.3305511179674263,0.791052088715939,0.30976336009743166
B000067,3488.1236831687033,10.57007176717789,31.346064975015928,2.4189767077027806,0.0602554938562567,0.31289566924090917,0.04752580371593578,2.1614106517799785,9.183200150250086,0.0,0.0,0.3944377669930431,0.254116804942673,0.7383170449920888,3.470846619741331,0.09206225895695992,0.09206225895695992,0.0,0.037316470094162314,0.0,0.8706212709488779,0.0,0.0,0.0,0.0,1.0,0.10484949314865581,0.31220571567483324,0.8745011049872675,0.18861606020795307
B000068,11230.681727589183,3.555138248682869,14.412243122261984,5.688764490107101,0.0,0.4206054457005071,0.41623613829482553,15.00660034704358,1.2717263632407183,0.4684381087141355,0.052108620438683056,0.6975896831347052,0.642030118263505,0.42324535489112086,2.106098407489166,0.8545029732325546,0.5274898541655131,0.3270131190670413,0.0,0.0,0.14549702676744536,0.0,0.0,0.0,0.0,0.6,0.8800390984751922,,,0.19003346509277597
B000069,33781.377440318254,7.416328746502361,12.144531770351657,10.40807122101259,0.24027236376051542,0.22547671897621463,1.3118058241788153,29.408447892951994,2.2371538658182497,1.5159499154717602,0.2995353565372928,1.7911737767231881,0.859833861474052,0.7126819704778191,2.5406900257659086,0.6907319095999105,0.4088256990309027,0.2819062105690079,0.0,0.0,0.30926809040008957,0.0,0.28,0.28,0.28,0.7,0.36246995552375894,,,0.30976336009743166
B000070,391.2101610574275,0.716502126478805,4.629282756363242,0.3479828332723148,0.0,0.365,0.3767287984030116,25.09013797364057,0.3545538276935241,0.0,0.0,0.0,0.1837349359677822,0.17821336281749864,1.8324846093556526,1.0,0.7435667959971962,0.25643320400280395,0.0,0.0,0.0,0.0,0.0,0.0,0.0,1.0,1.005734831909537,,,0.19003346509277597
B000071,4457.376307133527,1.0475619993263283,8.325963724344525,2.7486436000742875,0.0,0.27794496855031564,0.17572253770531746,6.377339345472303,0.2684881782894306,0.3632324821382193,0.0,0.1324758016924729,0.14193091112778858,0.1414346260784169,2.6095604335847042,0.6045293126302848,0.478068251826565,0.1264610608037196,0.13548688404033582,0.0,0.2599838033293796,0.0,0.5,0.5,1.0,0.5,,,,0.4064886165245276
B000072,20076.502474681765,6.773448878097762,11.673173930496214,5.688219888654041,0.0,0.550074623595603,0.02411864348186899,0.7381549853803736,3.594861299553729,0.22670509017640664,0.0,0.0,1.8645331129058111,1.087349375461814,3.110379069078273,0.4172156981912952,0.3837460294514208,0.033469668739874496,0.0,0.0,0.5827843018087046,0.0,0.0,0.0,0.0,1.0,,,,0.18481989412312194
B000073,2255.8568905205066,3.3519418878462206,6.399187980570529,2.8521704053395625,0.0,0.45391698585000306,1.4483256835859475,52.370729817819495,1.8038012567356088,0.49661926668021145,0.0,0.0,0.5901306098903959,0.46139075454000517,3.1743815201419014,0.41322794408982366,0.23717160730482578,0.17605633678499788,0.0,0.0,0.5867720559101766,0.0,0.0,0.0,0.0,1.0,,0.3427784724299295,0.3412339869909445,0.18861606020795307
B000074,11279.8378839424,5.188517885898068,12.656156007366112,7.484936901985145,0.0,0.27806550326691476,0.01764950394663312,0.5983040844169981,1.767905044329685,0.6999494390447376,1.9836942624359992,0.07147867627819776,0.0,0.6654904638094492,1.8313783336799196,0.8650964582878017,0.4689962647624069,0.3961001935253948,0.13490354171219843,0.0,0.0,0.0,0.0,0.0,0.0,0.95,0.9368005562159887,0.39149708135563455,,0.1888484004682247
B000075,1419.827990878542,4.263747720355982,10.420103898520289,7.313454727352851,0.016187386570269354,0.25906004173717795,0.01148976409979541,0.25622173942543763,0.4595905639918164,1.4260995191513794,1.3417306427443092,0.7325545478656625,0.0,0.3037724466028143,2.061478592660002,0.8889904084301297,0.44468693756166106,0.44430347086846855,0.0,0.0,0.1110095915698703,0.0,,,,1.0,0.6016347285123109,,,0.1888484004682247
B000076,42113.467665120916,9.27813784206233,18.538944801480234,8.134104245433893,0.0,0.44520129598872316,0.015953747745085418,0.19642649488005354,3.046486073886815,0.5691406920638264,1.0737145362474265,0.7210174184968885,0.0,3.867779121367372,2.6298721127652147,0.6402821116997715,0.46321476733855843,0.17706734436121307,0.0,0.0,0.3597178883002284,0.0,0.0,0.0,0.0,1.0,0.259174688846197,,,0.18481989412312194
B000077,25208.62561786489,5.221339191769862,10.76045972702258,6.199899519629241,0.0,0.21991016073044567,0.010267953890482084,0.47643306051836865,1.2676486284545783,0.2769750285833608,0.5689775038627775,0.0,2.4034970702641845,0.7042409606049603,2.7555182276713106,0.7041709798373847,0.2438490237283663,0.4603219561090185,0.05304674115405926,0.0,0.2427822790085559,0.0,1.0,1.0,1.0,1.0,0.24132058757065425,0.1949358120830695,,0.6052750777176602
B000078,1082.408877475924,1.427980049440533,8.40604909706647,1.821530293451536,0.0,0.365,0.3340568664358294,22.242408302026742,0.4601268571375612,0.4179459167394275,0.05521572556542853,0.12637362817830458,0.1582177822367587,0.21010013958305224,2.5618057235495106,0.5107071455186988,0.17935682834148353,0.33135031717721514,0.08849817490644661,0.0,0.40079467957485454,0.0,0.30000000000000004,0.30000000000000004,0.30000000000000004,1.0,0.4983321000130596,,,0.32150759030508125
B000079,5048.941868879392,1.296595241109243,6.649341048018681,1.479054912394028,0.0,0.6716222585766657,0.38707603431663135,14.014240862772642,0.5331549716179692,0.08738159994572228,0.0730956082932398,0.2510107479879455,0.0,0.3519523132643659,2.9153274045223556,0.327818511190875,0.271443471413075,0.056375039777800035,0.26098533852721195,0.0,0.4111961502819128,0.0,0.3,0.3,0.3,1.0,1.2180989913234326,,,0.32150759030508125
B000080,1772.5927481212834,2.6221786214811886,7.055689062153792,4.05004855384827,0.04825481501312119,0.4394503869188334,0.010763594232700924,0.18612110026084694,0.5055623384076111,0.4699341840660858,0.9892599247789364,0.13230450779796893,0.0,0.5251176664305868,1.7556129523795023,0.9264897288109549,0.7472745600896745,0.17921516872128046,0.050455947857295146,0.0,0.023054323331750008,0.0,0.0,0.0,0.0,1.0,,0.28369969091576974,,0.1888484004682247
B000081,4901.77942444904,1.5142970109512017,7.095617640818156,1.7721818667164937,0.0,0.40806566009542306,0.3031500045083657,20.189790300257155,0.46610703996425634,0.32222497970549935,0.0,0.12794058741082692,0.23958748951734143,0.35843691435327735,2.5351425212584906,0.5997740480699941,0.4415570749235931,0.1582169731464009,0.08448843686910626,0.0,0.3157375150608996,0.0,0.5,0.5,1.0,0.5,1.181768168610093,0.2961828007619217,,0.4064886165245276
B000082,5390.60902213594,2.6554724246975074,3.9836348953491663,0.8718846732912259,0.15624980438348518,0.47,0.014270947921003951,0.31824213863838813,1.761845422346167,0.0,0.0,0.22658108200250995,0.0,0.6670459203488297,3.383736800437019,0.19086587689919,0.10553978580701065,0.08532609109217938,0.0,0.0,0.8091341231008099,0.0,1.0,1.0,1.0,1.0,0.2764775322341126,,,0.6052750777176602
B000083,7116.206251397971,7.42044447486754,18.39555530343131,10.437983605903714,0.0,0.31450765259348756,0.03887855419706734,0.9260989295261123,1.8883168023192642,0.8139163145554552,0.9996791169689615,1.076227388277038,2.0702393122136766,0.5720655405331435,2.371792750867567,0.7455251085410255,0.4908040188227126,0.2547210897183128,0.0,0.0,0.2544748914589745,0.0,0.0,0.0,0.0,0.95,0.7415117695627972,,,0.1888484004682247
B000084,58069.0795152636,14.83245964629977,29.686572312949995,8.694205328769954,0.0,0.6026902799603401,0.05661137857499243,3.7703178130944957,11.322275714998487,0.23568873169107227,0.0,2.4895633384389924,0.19035879492368954,0.5945730662475303,3.2560826849084266,0.21752639741651525,0.04968078058653386,0.1678456168299814,0.0,0.0,0.7824736025834848,0.0,,,,0.9,,,,0.18861606020795307
B000085,6055.9560174206235,1.6550850006615534,9.135534317094107,3.143195250334615,0.0,0.4012707055823265,0.5227987503469805,18.89215351831263,0.2869274816161517,0.38217066255657745,0.0,0.08102220948156483,0.7517239032490382,0.1532407437582212,2.476277756610576,0.8228265641564565,0.5429660906140102,0.27986047354244625,0.0,0.0,0.17717343584354345,0.0,0.0,0.0,1.0,1.0,,,,0.19003346509277597
B000086,5851.9525155572865,1.5871853852881168,6.875643833531969,2.2666025920694426,0.0,0.453,0.2621367683263485,5.830337826560969,0.741749851276808,0.5413288880690846,0.0,0.0,0.1402055459091255,0.1639011000330977,2.5979453572857967,0.6403487603648048,0.6403487603648048,0.0,0.0,0.0,0.3596512396351946,0.0,0.0,0.0,0.0,0.6,0.801606567198408,,,0.19003346509277597
B000087,1720.5655093790112,4.248309899701263,9.198787680505509,3.546494655595966,0.377132290382177,0.5663783184335028,1.4449444346191413,96.1142365690248,2.5825519276568705,0.2430112930422078,0.0,0.4642835769417192,0.0,0.9584631020604648,1.9470099412844537,0.9276060793918155,0.8183194247213624,0.10928665467045312,0.0,0.0,0.07239392060818446,0.0,0.0,0.0,0.0,0.98,0.2857669181045231,,,0.18690117976449694
B000088,3657.975139789364,5.28609124247018,15.40256541816608,1.5514484892106464,0.12116066962260355,0.4312470560563596,0.01010649821188289,0.25811260611992953,2.1485371330031846,0.5419250829028126,0.0,0.0,0.1032408761251431,2.492388150439039,2.833361652517959,0.5895836642717174,0.48706460849969246,0.10251905577202487,0.0,0.0,0.4104163357282827,0.0,0.0,0.0,0.0,0.5,0.3785240987174984,,,0.18861606020795307
B000089,13666.92967722125,7.219719850618726,16.20147057109621,10.166906000106476,0.0448548530605474,0.48800000000000004,0.023311759121428105,0.7701784035519136,3.4947257984837288,1.4584791819018295,0.0,0.9894876233829178,0.0,1.2770272468502502,1.4738903706389381,0.9567326641814794,0.9567326641814794,0.0,0.0,0.0,0.04326733581852064,0.0,0.0,0.0,0.0,1.0,0.8356691691413426,0.48234598158223346,0.533129950559693,0.1888484004682247
B000090,1949.0527740632583,3.226908566329898,10.441709667038662,2.8066251728448965,0.3671569010554635,0.250271664185581,0.008138432074787748,0.18148703526776677,1.8590327074388255,0.0,0.0,0.4093032176112553,0.6110550717001195,0.347517569579697,3.0524018804591684,0.22910515795109204,0.20686977328899342,0.022235384662098647,0.1893623755181569,0.0,0.5815324665307509,0.0,0.0,0.0,0.0,1.0,0.17217576427660738,0.26153438904805587,,0.1888484004682247
B000091,470.89968943272186,1.5644507954575477,6.580842321975683,1.9942965153740433,0.02770778816807948,0.40545052984680974,0.518766991384332,34.49364609190588,0.40995183576668326,0.3377599169715073,0.32834884059099584,0.14798439244256,0.0,0.34040580968580114,2.23750338880117,0.5742219828858922,0.47963007058526935,0.09459191230062285,0.42577801711410773,0.0,0.0,0.0,0.3,0.3,0.3,1.0,0.7810295383980947,,,0.32150759030508125
B000092,7120.672632102121,1.648303850023639,12.366491435617618,1.348328102537392,0.0,0.28193394654398884,0.2445526541214197,8.843601888684528,0.664620180570459,0.6376175840466655,0.03575396735445405,0.0,0.16949981966745678,0.14081229838460352,2.8464598647561257,0.5731783564100067,0.1863458048525246,0.38683255155748203,0.021691369193817804,0.0,0.4051302743961754,0.0,0.0,0.0,0.0,0.6,,,,0.19003346509277597
B000093,982.4370764955628,1.754351922313505,9.337177586883445,1.5846874238001947,0.09319505616674637,0.27539345789115277,0.5121720908255165,34.06379018242225,0.6392436521955265,0.762247198466765,0.0,0.07782343495670897,0.08111275293544165,0.19392488375906294,2.9153358408863213,0.5071103721409563,0.5071103721409563,0.0,0.04436021870348646,0.0,0.4485294091555573,0.0,0.0,0.0,0.0,1.0,0.8450975911566329,0.3436779555588787,,0.19003346509277597
B000094,3465.119379908615,10.251832484936731,15.663168747316103,6.700487612613281,0.0,0.20633988545536033,1.8515132048719618,67.03626261163703,1.1257925628480814,2.186212327415959,1.5768957306486626,0.3624212129468729,0.0,5.000510651077155,2.2081127148669277,0.8454141471195638,0.6321632643502428,0.21325088276932094,0.0353518469482785,0.0,0.1192340059321578,0.0,0.0,0.0,0.9800000000000001,0.98,0.4333299239416142,0.3253868432546088,0.7588079176022626,0.18690117976449694
B000095,9443.419254599767,4.458649317563629,7.022680438485885,4.28522572201203,0.0,0.5405381695982278,1.125475465850604,74.94497261888122,2.257228845999435,0.0,1.0452189340205322,0.0,0.11413219256485105,1.0420693449788094,1.7519379164351065,0.9918827146438683,0.9918827146438683,0.0,0.0,0.0,0.008117285356131636,0.0,0.0,0.0,0.0,0.98,0.156053711298515,0.3331528801697795,,0.18690117976449694
B000096,3022.552540424368,4.08453046003293,9.697114717157431,5.252741138598376,0.06525386442393506,0.40033031254734114,1.282309969057546,85.27979698870803,1.9825198792367256,0.3926972030040306,0.0,0.9233192965439457,0.10135989396526439,0.684634187282963,1.9514459650618547,1.0,0.7491317054590042,0.2508682945409958,0.0,0.0,0.0,0.0,0.0,0.0,0.0,0.9,0.6856154490017644,,,0.18861606020795307
B000097,4724.75597934509,6.003501879726925,19.32604740009574,5.7947199960415805,0.0,0.38361035784358705,0.011027438074451864,0.23920554320047316,2.20477811988625,0.36284521588669666,0.06676033122388539,0.9680192057701333,0.1810639361588116,2.22003507080115,2.1495042485525246,0.8902831799740522,0.6686018266041146,0.22168135336993777,0.011120231585056494,0.0,0.09859658844089149,0.0,0.0,0.0,0.0,0.5,0.40172973354850433,0.18926569833572798,0.7976937919592686,0.18861606020795307
B000098,7969.617385342677,9.707207533913127,17.115160363440513,10.867081605157876,0.01576108822568892,0.3134627605860836,0.011875619846394958,0.36514464430041643,3.1912309162091756,0.49281511877956985,1.9761836696640065,1.0672038109706765,2.246418044995635,0.7333559732940628,2.5804584301627482,0.6712513969583649,0.35773306843779956,0.3135183285205654,0.0,0.0,0.32874860304163506,0.0,0.5,0.5,0.5,,,0.18396661271658762,,0.4014480571426785
B000099,1004.0935544201834,0.44058514893382333,3.353272245568784,0.2316380220716722,0.0,0.44244767942973384,0.44232848483767917,15.981167908227453,0.18336357134582978,0.0,0.0581747842308715,0.050771849209481995,0.0,0.14827494414764003,1.5436747811233593,0.9906041469806951,0.9906041469806951,0.0,0.0,0.0,0.009395853019304883,0.0,0.0,0.0,1.0,1.0,,,,0.19003346509277597
B000100,623.6687183982299,1.280633918682197,8.746283881478613,1.7786628336429164,0.0,0.35466426351857727,0.21598188521539877,14.25311062684401,0.3526990820110244,0.1995229612456995,0.0,0.44115022351653804,0.11509725868314251,0.17216439322579258,2.215378696877498,0.8324117072742723,0.5437688254251571,0.2886428818491153,0.0,0.0,0.16758829272572753,0.0,0.5,0.5,1.0,0.5,0.827797838757521,,,0.4064886165245276
B000101,18968.242593373827,6.796217339080554,21.8846911536901,9.101430083461542,0.0,0.4270584957295545,0.01318146454665022,0.29394665939029996,1.3181464546650221,1.0136896189322193,0.8392104795385548,0.5426781082278598,1.2918469094021099,1.7906457683147878,2.2938597435087704,0.6825650466182057,0.602715024002349,0.07985002261585672,0.12348199559669906,0.0,0.1939529577850951,0.0,0.0,0.0,0.0,1.0,0.46658371730079307,,,0.1888484004682247
B000102,9489.474634819304,2.752966241606993,11.235639883588847,1.4807444090099382,0.033034840253817956,0.4369784914065105,0.7648225885633518,27.65971593396009,0.4437452590839853,0.5716693268765343,0.08217996891244009,0.01652745942201312,0.0,1.6388442273120196,2.14383931001727,0.9768835341672452,0.7692277633711481,0.207655770796097,0.0,0.0,0.023116465832754913,0.0,0.3,0.3,0.3,1.0,0.7397733724661556,0.36518948191967376,0.4775337794350289,0.32150759030508125
B000103,2910.742263099144,1.973384585151962,5.4858370170887145,2.2067916147379814,0.0,0.809,0.016569744208274804,0.3695052958445281,1.0037244844124231,0.0,0.0,0.0,0.28246932668646163,0.6871907740530768,2.123075999636939,0.906301563636104,0.763162041410278,0.14313952222582596,0.0,0.0,0.09369843636389587,0.0,0.0,0.0,0.0,0.95,0.8789747768145841,0.4278682348725415,0.39530671582315363,0.1888484004682247
B000104,1686.9577625370343,3.7487950278600763,9.1472282637902,0.5174228297356979,0.0,0.365,0.010212357975766317,0.1775105600938005,2.950205140197505,0.0,0.08304961652138358,0.0,0.1901496375790649,0.5253906335621228,2.0299106968682707,0.7803059622320653,0.7074294106814731,0.07287655155059217,0.0,0.0,0.21969403776793459,0.0,0.0,0.0,0.0,0.5,0.9909649343729606,,,0.18861606020795307
B000105,4995.524813667437,5.291869506003641,8.844520552788154,7.377154093093621,0.2453165095252776,0.2828940932057988,1.13253799480177,75.3298913438241,1.7987632440178682,0.926409257087793,0.2544985570221495,0.6560423763710932,0.9487643340898575,0.7073917374148807,1.9242549228477184,0.9819643219884845,0.5437612572441101,0.43820306474437454,0.0,0.0,0.018035678011515566,0.0,0.0,0.0,0.0,0.98,0.23278752840044997,,,0.18690117976449694
B000106,7305.619682743176,16.198713265505933,31.78904751586225,2.959523741673101,0.040030032060531864,0.38275716680801936,0.06893739982668852,3.1986953519583468,13.787479965337702,0.7107598057142943,0.6270035393867323,0.0,0.11922568841781392,0.9542442666493871,3.4366932489780972,0.1159908959657681,0.07211334877639912,0.04387754718936901,0.007360195002136187,0.0,0.8766489090320957,0.0,0.0,0.0,0.0,1.0,0.12703561687140802,,,0.18861606020795307
B000107,31946.95054474863,7.386578160635521,16.09635644783863,8.20936031871264,0.0,0.11654437285335459,0.015158530039345799,0.5796505632422507,2.7565018304053996,0.24284791541678705,2.3138068750922445,1.1228709561670627,0.0,0.9505505835540274,2.745149029928491,0.5904730212191541,0.12521322750655026,0.46525979371260384,0.0,0.0,0.40952697878084593,0.0,0.0,0.0,0.0,1.0,0.1976813919115319,,,0.18481989412312194
B000108,39650.85826651955,8.811301837004345,14.542220928443461,6.804659486566648,0.25813440196836557,0.4096608086743156,0.026329292957259748,0.13441540597750515,5.475430820747606,0.0,0.3057128818843261,0.0,2.127311167963937,0.9028469664084765,3.1503147813493553,0.378590028802244,0.10246465086655404,0.2761253779356899,0.0,0.0,0.6214099711977562,0.0,0.0,0.0,0.0,1.0,0.18474054758023867,,,0.18481989412312194
B000109,27571.564378268584,5.527579065410703,9.09529450942079,7.489623632505627,0.0,0.6482064729418693,0.01568242805999115,0.17250670865990264,3.2624579294561595,0.0,1.0941568261481442,0.0,0.5039572998082449,0.6670070099981532,1.860154837380349,0.9874974497740877,0.6983809835878825,0.28911646618620523,0.0,0.0,0.012502550225912323,0.0,0.0,0.0,0.0,1.0,0.2627177917754718,0.21791538949023914,,0.18481989412312194
B000110,1109.975093541367,1.681780444759647,6.783406658649975,1.30001269118711,0.524793501432445,0.2686911708591823,0.5689058775680141,20.556822055084503,1.1085779183843092,0.15246015448651618,0.06184609962425795,0.15755049548601718,0.0,0.2013457767785464,2.795819734649753,0.5517863228727546,0.36745152998197467,0.18433479289077997,0.03677418168166222,0.0,0.41143949544558317,0.0,0.0,0.0,0.0,0.6,,0.29784350219073796,,0.19003346509277597
B000111,6496.382649010704,8.899154313713293,14.365646057228282,7.689907140033407,0.022705086661435482,0.45823611364774675,0.014853743411111685,0.5472226535085185,5.406837883015792,0.2847033898490522,1.2865592712191283,0.9095966523737424,0.0,1.0114571172555782,3.134600085185132,0.24786143511180342,0.1456498518187612,0.10221158329304224,0.14457095875240464,0.0,0.607567606135792,0.0,0.0,0.0,0.0,1.0,0.1515179553195786,,,0.18481989412312194
B000112,6844.614823342815,7.480453358844606,23.34567798820885,2.029075834938119,0.0,0.28792263695567644,0.026679603903321164,1.108546585734997,5.562223986192107,0.6429336476401682,0.0,0.3760212291493878,0.1747023745212486,0.7245721213416947,3.2422957720810928,0.22008766144223824,0.13413917452600235,0.08594848691623586,0.0,0.0,0.7799123385577618,0.0,0.0,0.0,0.0,0.5,,,,0.18861606020795307
B000113,3800.5540111728933,5.074170909443115,10.066043373268503,6.336386274132407,0.0,0.1524870648054491,1.4210317195198474,94.58716016458939,0.8631802491385365,0.8737784593195093,2.126049223823133,0.6201859418751733,0.0,0.5909770352867634,2.4212669535820583,0.8298874309629295,0.4108930254204357,0.41899440554249373,0.0,0.0,0.17011256903707045,0.0,0.0,0.0,0.98,0.98,0.2671124576653396,0.4652025178803449,0.4782609861947348,0.18690117976449694
B000114,1927.0024526827162,4.746311459809646,12.937797065924286,5.35636155923211,0.0,0.4154674439713863,0.018034626329172448,0.3780733782022887,1.7565981830958923,1.42533353264545,0.0,0.0726746583144517,1.1335529836739013,0.3581521020799514,2.5080470504241235,0.6032838513006878,0.6032838513006878,0.0,0.015311818225550325,0.0,0.381404330473762,0.0,0.0,0.0,0.0,0.95,,0.47612217914979593,,0.1888484004682247
B000115,5372.028529917503,1.7504165949551982,9.400067167146245,1.9683241917267045,0.05112912800198866,0.36341979462153073,0.3750624411913675,13.579968017157158,0.5105024081022809,0.5243142078556725,0.05043611045207572,0.21264443959298068,0.20836424822668925,0.24415518072549888,2.34660709736531,0.6797966982559634,0.3802598854956318,0.29953681276033167,0.028813775302082664,0.0,0.29138952644195376,0.0,,1.0,,1.0,0.7347110077748948,,,0.19003346509277597
B000116,42167.894379121746,9.190909847236648,21.960833366508698,3.4874606057333417,0.0,0.433,0.029108422909740334,1.7599946211468445,7.709372222359944,0.0,0.0,0.8229600748735663,0.0,0.6585775500031354,2.8259146046200656,0.4143985705687535,0.32485791697165617,0.08954065359709719,0.0,0.0,0.5856014294312463,0.0,0.0,0.0,0.0,0.5,0.21953639763578242,,,0.18861606020795307
B000117,7452.271606963044,5.768012079692759,12.830237862945403,9.305930973832771,0.0,0.4198043383932343,0.021103253901346743,0.7367881405580338,2.072036240702626,0.0,0.5558695087753748,1.4923764544912632,0.9720649913212883,0.675664884402206,2.6682781762237293,0.6163423993673128,0.1890822945403783,0.4272601048269344,0.0,0.0,0.3836576006326873,0.0,,0.0,,0.95,0.43446281208938053,0.40997111761942984,,0.1888484004682247
B000118,589.6543811667873,1.8899178883550876,9.162108557535285,3.2879206322071015,0.0,0.16492314380960413,0.7140159934457829,25.606379807372495,0.2430573055137834,0.5096652190546904,0.08263480088593679,0.7666208004519581,0.0,0.2879397624487189,1.916807682103205,0.9821656528843666,0.30685270549622423,0.6753129473881425,0.0,0.0,0.017834347115633316,0.0,0.0,0.0,0.0,1.0,,,,0.19003346509277597
B000119,4706.607575046547,7.482682949199598,11.79132447199744,10.100361005468425,0.007161999335464318,0.4278280729016581,1.8538509616867342,41.3295449922441,2.4198641385612514,0.9753988207395389,1.0974603879556748,0.3347856427500051,1.5066601334557415,1.148513825737385,2.6907403006378843,0.6193111178741544,0.2712914918802488,0.3480196259939053,0.04474139089186135,0.0,0.3359474912339843,0.0,0.0,0.0,0.0,0.98,0.49300280290876825,,,0.18690117976449694
B000120,35755.20777352935,15.579611230296013,30.340665186041107,2.6752861354154787,0.03390361283778889,0.36424421542691304,0.06749661389158143,3.1318428845693784,13.499322778316285,0.6234807092491891,0.09654299591891982,0.3740416229478437,0.24333349957486158,0.742889624288917,3.517150681368985,0.07557368787827907,0.05995497339446211,0.015618714483816952,0.024008405435720036,0.0,0.9004179066860011,0.0,0.0,0.0,0.0,1.0,0.13109637268662092,,,0.18861606020795307
B000121,1706.9839157468177,4.991181040195373,9.547834285001276,10.550504335882538,0.0,0.5402485876399745,0.02883631297167588,0.8007765195312803,3.348501120175817,0.0,0.1508100554401106,0.7243495311000331,0.17821125962867176,0.5893090738507407,2.7597178407716783,0.31566247268001657,0.2799572441592543,0.03570522852076227,0.1753411826764526,0.0,0.5089963446435307,0.0,0.0,0.0,0.0,0.5,0.5128019508702574,0.18010271516317705,0.43040302909503086,0.18861606020795307
B000122,21338.392913687876,7.784893438047383,13.192965351244851,11.942750286780493,0.18094420874975098,0.36945708593023496,0.009929375513015657,0.22142507394024916,3.3344917767589894,1.2946271458014715,0.23817289970339717,1.4934533532068064,0.8618408085695551,0.5623074540071655,2.6555868694960196,0.5716714938624325,0.1829374125555054,0.38873408130692716,0.0,0.0,0.4283285061375678,0.0,0.5,0.5,0.5,0.5,,,,0.4014480571426785
B000123,341.5517043792376,0.6790292333583252,4.951830797982613,2.8519806624710085,0.0,0.4184241470521998,0.25082147204120014,16.700370962521237,0.3454791900082189,0.0,0.04100375242041479,0.0,0.13548781897610243,0.1570584719535889,3.113903115470255,0.21963454874100316,0.21963454874100316,0.0,0.2599174862084063,0.0,0.5204479650505903,0.0,0.3,0.3,0.3,1.0,0.5187567583450359,,,0.32150759030508125
B000124,8779.710133764442,4.977159939775761,7.234133678356597,7.616927709043262,0.2480465348751005,0.5356796457582619,1.3971120520026394,92.70392467494463,2.40193299959852,1.0010276847371797,0.0,0.05375794733374052,0.0,1.5204413081063204,2.94123629115816,0.4354099479244002,0.2342856728659861,0.2011242750584141,0.0,0.0,0.5645900520755999,0.0,0.28,0.28,0.28,0.7,0.5548049870779553,,,0.30976336009743166
B000125,2297.873573576027,4.103345667100048,8.190157069590043,5.579635647320596,0.13119484843239157,0.809,0.011928279975662641,0.2555041023423377,2.1502865141066065,0.0,0.0,1.0629333217719046,0.0,0.890125831221537,1.3146909793387294,1.0,0.9809086109134424,0.01909138908655743,0.0,0.0,0.0,0.0,1.0,1.0,1.0,1.0,0.20941673263505753,,,0.6052750777176602
B000126,29549.333068134332,8.486310473329791,11.76039374856171,7.330965529881772,0.0,0.4074317857860657,0.023692167008655934,0.4419148158627989,4.178891632458739,0.0,1.4949437604176954,0.5094102855460293,1.6401659654727785,0.6628988294345514,2.745193501100128,0.49566047130035507,0.4356331735545361,0.06002729774581897,0.0,0.0,0.5043395286996452,0.0,0.0,0.0,0.0,1.0,0.11267268343563022,0.32653677267567593,,0.18481989412312194
B000127,3610.5241608062274,6.246581593090359,15.474783414628455,10.493561142580313,0.0,0.42377098945462766,0.021156603291952555,0.5258291304296776,1.8895646094499186,1.1680755279327628,1.6491074254796891,0.6578947044025272,0.42492018208387955,0.4570191437415825,2.3083399171544814,0.6975042138983575,0.5241590217561211,0.17334519214223665,0.0,0.0,0.3024957861016425,0.0,0.0,0.0,0.0,1.0,0.9299540646781652,,,0.1888484004682247
B000128,2953.283833884111,5.509857899037521,12.704660867094855,9.882994696115952,0.015590340664827555,0.39064580172142915,0.012281129362587542,0.27386918478570216,0.4912451745035017,1.5885961035031864,1.3617874917986945,1.4486714910458036,0.0,0.619557638186335,2.4450941495169913,0.32953574309818384,0.06661217635813009,0.2629235667400537,0.5354736273357001,0.0,0.1349906295661162,0.0,0.0,0.0,0.0,1.0,0.5901798774412698,,,0.1888484004682247
B000129,6498.808859160157,3.507182330901326,6.202982222650262,2.230892449100818,0.0,0.47000000000000003,1.608523407535213,107.07714543101405,2.101474474774452,0.0,0.0,0.7382502544275636,0.0,0.6674576016993108,2.9482529817724745,0.34281252681194735,0.34281252681194735,0.0,0.057995792659032576,0.0,0.5991916805290202,0.0,0.0,0.0,0.0,0.98,0.3554121422261165,,,0.18690117976449694
B000130,18136.215834512506,6.383743693950196,12.860466847871503,10.269242794114058,0.0,0.3735973872706494,1.053599517648997,23.873528989980727,1.7759880062651008,0.998812749673832,0.41586018492772336,2.674953953134018,0.0,0.5181287999495179,2.4517818823481616,0.7077678335557074,0.13228001967473366,0.5754878138809737,0.0,0.0,0.29223216644429206,0.0,0.28,0.28,0.28,0.7,,,,0.30976336009743166
B000131,2179.4876379061366,1.1968630631005692,5.55143190988888,1.8099005652361178,0.1687447047967803,0.17579361094706705,0.6198723157594708,22.415091649972403,0.33972640436264234,0.0,0.0840402425598554,0.27222676142751473,0.21795633838335404,0.28291331636720285,2.4434684962720046,0.6200679910747351,0.6200679910747351,0.0,0.07021709095286344,0.0,0.3097149179724017,0.0,0.0,0.0,1.0,1.0,0.44927773411108596,,,0.19003346509277597
B000132,7228.0524716898735,4.209698585725028,9.119321829984955,7.0202175731086625,0.1704532797686927,0.36135255338400635,1.3028636873456738,47.122588700403696,0.8179335985547597,0.7845562491932789,0.7223617160824091,0.7812103977455674,0.4838453130264755,0.6197913111225376,2.4355868374868312,0.6264250182270863,0.26846163092292014,0.35796338730416594,0.18557395068488522,0.0,0.1880010310880287,0.0,0.0,0.0,0.98,0.98,0.30272519845250195,,,0.18690117976449694
B000133,304.66348579858806,0.7975483921429006,6.446246630632525,0.3774963653594043,0.0,0.433,0.3592931892567894,8.027286726489772,0.44832942558440897,0.0,0.0,0.0,0.17968826991107642,0.16953069664741516,3.1579461892995697,0.21256477765808035,0.21256477765808035,0.0,0.22530077382298927,0.0,0.5621344485189302,0.0,0.0,0.0,0.0,1.0,,,,0.19003346509277597
B000134,41311.568782389506,13.540337195145693,18.193000446963794,21.176161950337978,0.07408645220472214,0.5353939839299877,0.01925860320849527,0.22296567578669513,5.280800475844612,1.1753921756903571,1.7012081430828376,3.8514752336144182,0.5539630683879847,0.9774980985254812,1.944553380286819,0.9106054376420373,0.5852488207047732,0.32535661693726387,0.0,0.0,0.08939456235796281,0.0,0.5,0.5,0.5,0.5,,,,0.4014480571426785
B000135,2179.708886084104,3.1727931384048094,7.544971570607926,2.6624610781115456,0.0,0.38210322098852,1.1724270370092473,42.465500745877236,1.4625785454937488,1.0051437415101683,0.1716513593372863,0.13357420323067415,0.0,0.3998452888329309,2.6312268899879037,0.47735344558860243,0.4352535678456017,0.04209987774300075,0.054101024507254125,0.0,0.4685455299041432,0.0,0.0,0.0,0.0,1.0,,0.3481527116393063,0.7062573564111315,0.18861606020795307
B000136,3764.227592937206,4.670257559475441,6.864520162823937,7.604473270170098,0.4207742131246464,0.24322681884071146,1.3461019663551181,89.53632285654062,2.213162360158785,0.0,0.38682748708431186,0.018581081521365738,0.7126500304175951,1.3390366002933847,2.6929002479297406,0.5812675611361666,0.5812675611361666,0.0,0.0,0.0,0.41873243886383377,0.0,0.28,0.28,0.28,0.7,0.3846668693387879,,,0.30976336009743166
B000137,278.66238084710255,0.8343185055302472,6.908337541669832,0.9986800988067511,0.0,0.5903690168746416,0.346489573896792,23.045021338593774,0.43120116572070977,0.19317521794292022,0.0,0.0,0.04076616568707474,0.16917595617954245,2.7746167824580916,0.48316960146213966,0.48316960146213966,0.0,0.0,0.0,0.5168303985378605,0.0,0.0,0.0,0.0,1.0,1.1396674679525305,,,0.19003346509277597
B000138,20295.54997905122,5.194663419260614,9.02151102294984,4.46229196782123,0.06350730669549716,0.24,1.622777813917523,36.18794525036077,2.1689484240906856,1.2216443463009181,0.0,0.24302010746615493,1.0343432055823842,0.5267073358204714,2.7573945156418453,0.5628132799212231,0.3636967786004102,0.19911650132081288,0.0467826474695343,0.0,0.3904040726092427,0.0,0.0,0.0,0.0,0.98,,,,0.18690117976449694
B000139,54315.752803371826,13.898606142111522,18.837865215999205,23.736690792118893,0.20667404376949625,0.35251435951923654,0.016451649605860277,0.6106282589064121,4.1939027621558225,1.0387027957200263,2.189133109330849,4.341639524190581,1.2766180732790833,0.8586098774351588,2.0799166536251574,0.6834517003768358,0.6087173863672567,0.07473431400957903,0.0,0.0,0.31654829962316416,0.0,0.5,0.5,0.5,0.5,,,,0.4014480571426785
B000140,1528.1574737925012,5.060124085405633,9.668371552472308,7.305116867858403,0.2337842865263063,0.3959007050465145,1.0192146774933113,67.69447892786815,1.734265224029708,0.0,0.5864153389370493,0.5063641832793903,1.1016731164540678,1.131406222705415,2.61087683335606,0.6240113016394445,0.3062251618941077,0.31778613974533665,0.0,0.0,0.37598869836055515,0.0,0.0,0.2800000000000001,0.0,0.7,0.28990591097591695,,,0.18690117976449694
B000141,2266.283188165675,7.217462382693232,17.532245485230707,2.376152634162262,0.042720138443907506,0.41238900557356417,0.03588382578603845,2.0404764138285354,5.7149590677477216,0.6355810498493568,0.08115076539888418,0.2935290795416915,0.10215721823179545,0.3900852019237817,1.6677411888131237,0.9858458260237342,0.8571149674301425,0.12873085859359149,0.014154173976266015,0.0,0.0,0.0,0.0,0.0,0.0,0.5,0.11341061872053576,,,0.18861606020795307
B000142,1191.2396547960507,1.1960237497952315,7.0046865056138055,1.504029735888796,0.0,0.4419551135884081,0.281150488530528,10.140274614210597,0.667355029011641,0.0,0.028161553020392558,0.22745782751241556,0.13629986440074002,0.1367494758500425,2.394648134891737,0.6742155639069927,0.6506695824620473,0.023545981444945414,0.0,0.0,0.3257844360930074,0.0,0.0,0.0,0.0,0.6,1.0027833123870837,,,0.19003346509277597
B000143,2998.759953604252,2.766383721037133,6.083426491759475,3.184823579802456,0.027925244478098427,0.4699999999999999,0.013597184411728,0.8185829699327041,1.1522213151226737,0.0,0.805612873865938,0.14792019977085466,0.0,0.6606293322776664,2.6096789583696993,0.560961762113337,0.5074911612541769,0.05347060085916011,0.0,0.0,0.4390382378866631,0.0,1.0,1.0,1.0,1.0,0.22187869616856284,,,0.6052750777176602
B000144,14074.261599838492,17.461863027094903,31.85233286576689,2.1070249967201513,0.06558038392516752,0.35509997805983157,0.07899010498114709,3.5773523397448934,15.157228796372985,0.8636121362592755,0.11750223076302577,0.04668715713139204,0.0,1.276832706568228,3.473775673609417,0.1252519273897182,0.1252519273897182,0.0,0.006729077566391516,0.0,0.8680189950438905,0.0,0.0,0.0,0.0,0.9,0.0822628176152184,0.39151634481076336,,0.18861606020795307
B000145,1910.9185094930012,2.4657013025716146,12.32771522937416,3.8776894519885583,0.0,0.47430377804140367,0.5797516774858938,12.968749805684132,0.7225825153851552,1.0219660715211918,0.047724237038382925,0.32854805234276646,0.14044147053107933,0.20443895575303866,2.2950085165301846,0.5736991473250875,0.5167411247192653,0.05695802260582222,0.1332473045295899,0.0,0.2930535481453226,0.0,0.0,0.0,0.0,1.0,0.7995006878688086,,,0.19003346509277597
B000146,20899.318428866238,10.120735316642246,15.156870457310236,13.022812787007792,0.0,0.20259088028616168,0.020197389103866682,0.4591352088397512,3.9011359590801553,0.7293276154015184,1.9509943266941436,2.0791581238922494,0.5966372930609058,0.8634819985132722,2.778652069711857,0.6145402644148553,0.08531810896125179,0.5292221554536034,0.0,0.0,0.3854597355851446,0.0,0.0,0.0,0.0,1.0,0.24690873734452592,,,0.18481989412312194
B000147,9202.94596071997,3.3710424764542015,7.062084724270222,5.459308094594769,0.0,0.6879540366163144,0.010505758955100577,0.4874672155166668,1.2970072784074786,0.861302877475899,0.0,0.0,0.46119064232167556,0.7515416782491479,2.6699596613697465,0.6152503899115138,0.2229404356362931,0.3923099542752207,0.0,0.0,0.3847496100884861,0.0,1.0,1.0,1.0,1.0,,,,0.6052750777176602
B000148,50085.373371434136,13.278200787760905,17.57419406569145,14.20783681785113,0.07887196681277481,0.40180148230146695,0.045095358615043935,0.6937562104556331,6.727899307798923,0.3618571994728811,1.2357437381213248,1.2843223208228316,2.0894415911278346,1.5789366304171113,2.982348246801504,0.4002468276228597,0.1461639164003986,0.254082911222461,0.09306560112122746,0.0,0.506687571255913,0.0,0.0,0.0,0.0,1.0,0.312905539172594,0.2266454539736607,,0.18481989412312194
B000149,19630.4156241484,5.085599902629119,14.00513540182508,8.545932698937255,0.2262702782385507,0.5537666143749739,0.02459586567776108,0.5232635668121212,1.6459014773905956,0.09440441608294177,1.145168955299428,0.38685498769901216,0.9851869506245575,0.8280831155325833,2.4695589540919696,0.6002917052049794,0.3751129697115704,0.2251787354934088,0.07606870282874956,0.0,0.32363959196627096,0.0,0.0,0.0,0.0,1.0,,,,0.1888484004682247
B000150,20448.88397640215,7.0659585267457325,9.904069130198542,9.383493857262641,0.08477966394136938,0.4019102886430294,0.018958872310408943,1.1129577132842134,1.9506885579110327,0.5263266648611463,2.156170317768077,0.7416979907139488,0.0,1.6910749954915283,2.6190802830269733,0.7239315019289488,0.3138147007174569,0.41011680121149197,0.0,0.0,0.27606849807105127,0.0,1.0,1.0,1.0,1.0,0.14354840257124155,0.2994776640449244,0.9100499418064032,0.6052750777176602
B000151,16317.107338342586,4.091551489052805,6.0273747401506235,3.508486596677221,0.0,0.433,0.013633549426302672,0.632596693380444,1.6831542501608237,0.0,0.0,0.0,1.6700396200183572,0.7383576188736228,2.473662997618128,0.5886268925946049,0.5886268925946049,0.0,0.0,0.0,0.41137310740539507,0.0,1.0,1.0,1.0,1.0,0.15553335443503213,0.2120812101390862,0.49967416080578425,0.6052750777176602
B000152,12763.16500104222,4.586117499476184,7.353878453445835,0.0,0.0,0.0,0.010196783257910439,0.44674486240673217,3.7839338145867694,0.0,0.0,0.0,0.0,0.8021836848894145,1.9217140782293687,0.822800670017438,0.822800670017438,0.0,0.0,0.0,0.17719932998256202,0.0,0.5,0.5,0.5,0.5,,,,0.4014480571426785
B000153,5033.595274418522,3.483456937313856,7.5054481571739275,5.939485289098642,0.0,0.809,2.2476033663877173,81.24433138835238,1.1861748919970923,0.3125863069789548,0.0,0.7063358665061297,0.0,1.2783598718316802,2.144092945634826,0.8374237697513944,0.8374237697513944,0.0,0.08973451160845829,0.0,0.07284171864014734,0.0,0.0,0.0,0.0,1.0,0.6177533057167051,,,0.18861606020795307
B000154,1642.1418361938838,2.3325878355026757,8.674419597244901,4.238742093082137,0.0,0.4397143064922869,0.007954826204432676,0.17739262435884867,0.31819304817730704,0.5648515065675329,0.5430619670861967,0.41799695804261655,0.0,0.48848435562902226,2.2998334755773153,0.5792966297749034,0.40009782247573994,0.17919880729916335,0.23281522728560664,0.0,0.18788814293948986,0.0,0.0,0.0,0.0,1.0,1.0960635845049456,,,0.1888484004682247
B000155,2793.7775479410584,4.550126299578271,12.627010443476916,8.11829331633784,0.0,0.4766101798317798,0.016289570190253316,0.36325741524264893,1.7313486435037304,0.9348689988705571,0.647325306204623,0.0,0.8466888646927027,0.38989448630665696,2.617936225738357,0.6497108130874183,0.5074454640432344,0.14226534904418378,0.0,0.0,0.3502891869125816,0.0,0.0,0.0,0.0,0.95,,,,0.1888484004682247
B000156,39324.18929776655,9.06296135002686,14.02676159899707,18.171323966493613,0.042070995537140686,0.44951867112722665,0.01606382988649947,0.9333087653604719,1.7032175295636884,0.8444369468458882,1.3631038054533275,2.6420651489352722,1.850270427544418,0.6598674916842672,2.169472294269319,0.7188938164894607,0.427370433911266,0.29152338257819466,0.09317450601765895,0.0,0.18793167749288045,0.0,1.0,1.0,1.0,1.0,0.1952116002394398,,,0.6052750777176602
B000157,1948.6849083439065,1.0972324934368842,7.630003901963928,2.086703528907616,0.20217328413730176,0.39558832503065694,0.37607075597477796,13.596855730399895,0.20629832859206468,0.11293784655793225,0.04827791283236577,0.22598833725919884,0.25160698490768485,0.25212308328763794,2.2854224808112593,0.728236268241509,0.4989257197363594,0.22931054850514954,0.0,0.0,0.271763731758491,0.0,0.0,0.0,1.0,1.0,0.561863855523985,0.28731394023247386,,0.19003346509277597
B000158,433.95516004529736,0.5793793859082742,3.5351228427654795,1.4951511039128142,0.6452594918115105,0.8089999999999999,0.30788331195276275,11.119250103643134,0.4130563414196656,0.0,0.0,0.010358412696489676,0.0,0.15596463179211892,3.191138934810979,0.29018911101671574,0.29018911101671574,0.0,0.0,0.0,0.7098108889832843,0.0,0.3,0.3,0.3,1.0,0.7300360378014188,,,0.32150759030508125
B000159,2463.740001150867,4.811992189747787,13.951005494624487,4.555002646855538,0.0,0.14609251010478888,0.011465766177202434,0.4193533354295139,2.0422935828325617,0.3297783350185342,1.1059487107040749,0.7741556283204329,0.0,0.5598159328721846,2.5713677894749876,0.5516316076776325,0.16091934861990306,0.3907122590577293,0.0,0.0,0.44836839232236786,0.0,0.0,0.0,0.0,1.0,0.2601440067364803,0.2273824818952549,0.40345354830370095,0.1888484004682247
B000160,2543.5215325726963,4.030937452571626,8.17789521163118,5.435746164197284,0.0,0.4348728011853087,1.0002171417933612,66.45878744812445,1.7257201407801548,0.0,0.4007934189534578,1.3643966687541622,0.0,0.5400272240838525,2.7581882242748352,0.571881191140986,0.2333999607056897,0.33848123043529615,0.0,0.0,0.42811880885901443,0.0,0.28,0.28,0.28,0.7,0.4399316218763852,,,0.30976336009743166
B000161,4295.290479138028,3.0184753894153395,9.553595992459332,3.0884502920005175,0.4381827267084806,0.365,0.008084304945170656,0.1802800002773056,1.8466686422978653,0.0,0.0,0.9069775824244193,0.0,0.26482916469305434,2.848575988425504,0.3882114630540174,0.3882114630540174,0.0,0.0,0.0,0.6117885369459826,0.0,0.0,0.0,0.0,1.0,0.2084053249627872,,,0.1888484004682247
B000162,5835.863948613347,4.653799002084009,11.079245071538844,5.943321622931934,0.0,0.4344071444777417,0.015703536072691926,0.39282058019816307,2.4253644930417133,0.13628686441384502,0.12690930494869251,1.043483387129151,0.12372932765300665,0.7980256248976011,2.9034497613684214,0.44955694126273416,0.3957001604929886,0.05385678076974557,0.02928507749320816,0.0,0.5211579812440579,0.0,0.0,0.0,0.0,0.5,,,,0.18861606020795307
B000163,8898.954053626321,5.347929118765818,8.314115535640633,10.600931393485395,0.2529894643817307,0.238507264152102,1.7027019999118989,61.54223830163251,1.0334645947635703,1.329345815238681,0.46339326841660505,1.944902274065759,0.0,0.5768231662812024,2.2496196750467106,0.8067542460244742,0.10785916444874653,0.6988950815757277,0.0,0.0,0.1932457539755259,0.0,0.0,0.0,0.98,0.98,0.46254247294345086,0.2805038661498912,0.5369860439327014,0.18690117976449694
B000164,7974.497944442135,4.1795062601897985,11.201868357176885,7.354111321029614,0.24605358440796493,0.4616280219578001,0.027179370119658725,0.452664046396237,1.759561576162296,0.5449693145340423,0.0,0.6780532494874627,0.7761919161384114,0.4207302038675858,2.6463054770729197,0.4065177843457127,0.4065177843457127,0.0,0.12394550384703751,0.0,0.4695367118072497,0.0,0.0,0.0,0.0,1.0,,,,0.1888484004682247
B000165,28643.766187174842,7.386221296331832,13.955064867630087,6.952632318728716,0.0,0.021,0.007402583965407907,0.017099968960092266,4.888498845080693,0.0,1.6487981444921411,0.0,0.0,0.8489243067589971,3.0625801017315455,0.28564527043652044,0.28564527043652044,0.0,0.0,0.0,0.7143547295634796,0.0,0.0,0.0,0.0,1.0,0.18630674038154732,0.24530690406326694,0.39749563467534643,0.18481989412312194
B000166,1659.8567521986035,4.058329467478249,7.036320053467399,3.250891373826687,0.0,0.37947139824190523,1.3304457979051953,88.57615895004116,1.8611924305822103,1.2333250952817147,0.0,0.0,0.18929568752214426,0.7745162540921796,2.8938202373186463,0.5036598977740194,0.15311645515701505,0.35054344261700426,0.0,0.0,0.49634010222598085,0.0,0.2,0.2,0.2,0.98,0.314743654458797,0.39681826440919604,,0.27509512128729385
B000167,251.05306876067135,0.5517649862871897,4.451181446547199,1.5270234795637028,0.6452594918115105,0.809,0.25250965504676,16.725417186741193,0.34551309861577945,0.0,0.0,0.009788814248585645,0.0,0.19646307342282482,2.9937870094276726,0.43257896476377605,0.43257896476377605,0.0,0.0,0.0,0.567421035236224,0.0,0.3,0.3,0.3,1.0,0.584865305891672,,,0.32150759030508125
B000168,1384.663773980898,1.7936059248457228,8.267383022263198,2.207927576398166,0.0778063323854373,0.31482401231371804,0.32754579003883133,21.80711346459219,0.6321047177269685,0.530823029339699,0.04225700960738906,0.24689516427624583,0.0,0.3415260038954202,2.147708772441194,0.8751613888067298,0.5556485956069741,0.3195127931997558,0.0,0.0,0.12483861119327017,0.0,0.3,0.3,0.3,1.0,0.4031250660278912,,,0.32150759030508125
B000169,11578.187970952256,18.795759693104312,35.39139865764667,7.893638987146011,0.0,0.40639402763353355,0.07822978362754812,3.585247332791059,14.59620078369378,0.9033290764760342,0.0,1.1991178586720035,1.2670027845330585,0.8301091897294383,3.276525654243235,0.2158905116872652,0.0846842883969228,0.1312062232903424,0.0,0.0,0.7841094883127347,0.0,0.0,0.0,0.0,1.0,,0.29706568024935626,0.6859179070076326,0.18861606020795307
B000170,3194.284880806962,9.7090725860394,21.694899003568594,10.7861806608005,0.04739698074387526,0.2026956222092963,0.013469598103010027,0.40242179887016083,3.566060321442552,0.21928848218398525,1.6686486903653894,1.5957447566913912,2.1659955049942274,0.4933348303618516,1.8549904391517538,0.9933729992758608,0.6059271100469967,0.3874458892288638,0.0,0.0,0.006627000724139216,0.0,0.0,0.0,0.0,1.0,0.29493065349799635,,,0.1888484004682247
B000171,20829.996612655017,8.21048348941861,12.540817132035961,7.02880772261077,0.0,0.43617106728281174,0.011437386807347271,0.4216725525696845,3.8409134800793083,0.0,0.8117788238475316,0.261551149854009,1.9056037015060967,1.3906363341316634,2.9366695657536943,0.3001000259008716,0.3001000259008716,0.0,0.23209396912641908,0.0,0.467806004972709,0.0,0.5,0.5,0.5,0.5,0.3436697387088059,,,0.4014480571426785
B000172,2243.418585077465,4.240866890505606,6.287197509548073,3.1965122813620215,0.0,0.36500000000000005,1.036553374197758,68.83185661997814,1.7932422715741294,0.8825064053488354,0.0,0.0,0.8052520792103122,0.7598661343723273,2.173807192287767,0.8718382893300405,0.8718382893300405,0.0,0.0,0.0,0.12816171066995927,0.0,0.28,0.28,0.28,0.7,0.20947666991416783,,,0.30976336009743166
B000173,18335.48803896611,10.260485752079523,25.44268548225696,7.709314384521285,0.0,0.39850626039754,0.03230142045595018,1.8720513771216394,6.977763144782906,0.17790814052655846,0.0,1.1609698979064258,1.2920812937672774,0.6517632750963557,3.270483244751746,0.19927099821633584,0.07334311088357405,0.12592788733276175,0.11314960382564038,0.0,0.6875793979580238,0.0,0.0,0.0,0.0,0.5,0.16043382499823422,,,0.18861606020795307
B000174,10756.969997388025,6.913219792665826,11.556689645768598,9.0236121944145,0.12061509463132496,0.25581845652000434,0.023968122036140634,0.4614628468886965,3.506116643746188,0.0,0.10247269566141934,1.765412343242221,0.6365768995867521,0.9026412104292467,2.4647171514068598,0.6510379806766935,0.3503458333468784,0.3006921473298151,0.0,0.0,0.3489620193233068,0.0,0.0,0.0,0.0,0.5,,,,0.18861606020795307
B000175,60157.65382511342,13.404111814864844,17.68253393972811,12.283726740781445,0.0,0.41473605251637236,0.019466310808448142,0.6104057001838927,7.485249772394775,0.8802177175073582,0.0,1.779239949337697,2.160925525008068,1.0984788506169418,1.836893368633566,0.9220588617941029,0.6281068619326712,0.2939519998614316,0.0,0.0,0.07794113820589711,0.0,0.5,0.5,0.5,0.5,0.26749079796616415,,,0.4014480571426785
B000176,2626.242757516862,6.4368695037178,14.993834863124672,6.167723159462376,0.0,0.36504312879727285,0.02608889669297657,0.6097859418709357,4.160862550622103,1.1023584553611319,0.5183385450619381,0.15190000176733015,0.0,0.5034099509052984,1.97835975047382,0.919188541152232,0.7479316196433478,0.17125692150888455,0.023598428037044393,0.0,0.057213030810723695,0.0,0.0,0.0,0.0,0.95,0.41810627717929505,,,0.1888484004682247
B000177,3214.154814448929,5.7293312200515665,11.244482093091566,9.967927448132226,0.0,0.4615446235826343,1.1146997233952787,40.13253520063159,1.5484355807836114,1.3046260407977337,0.38913623918012086,1.7251554620545664,0.17782563431777135,0.5841522629177645,2.550691870352834,0.6552973592069339,0.32315019869502865,0.33214716051190524,0.0,0.0,0.3447026407930663,0.0,0.2,0.2,0.2,0.98,0.40120058766836586,0.37686646269206503,0.1410620332323286,0.27509512128729385
B000178,5339.687191742862,6.616712753089048,9.919639667733833,7.108065351980894,0.1716422927060804,0.3562713297946739,2.746219868135828,182.82686792713113,2.2793944249966387,1.384494006615943,0.8269362668761736,0.3496297703837791,0.3788535198711179,1.3974047643453977,1.9496146630145903,0.955517323040247,0.7462753537603228,0.20924196927992447,0.0,0.0,0.044482676959753,0.0,0.2,0.2,0.2,0.98,0.44655231604436435,0.38720394770564176,,0.27509512128729385
B000179,11475.987739075887,3.190433066187347,10.41323405506532,2.3836590473933605,0.03372603379432891,0.1179152520440161,0.01755094161305601,0.6616571647016934,1.4919633782149424,0.0,0.0,0.13370711763644633,1.3009309498006376,0.26383162053532017,2.6129841132100253,0.47396473197510475,0.4320559644621634,0.041908767512941404,0.0,0.0,0.5260352680248951,0.0,0.0,0.0,0.0,1.0,0.8808948248837465,0.5503356991390883,,0.1888484004682247
B000180,5891.645078346589,5.8217836742555225,9.419932210225042,7.989972539778101,0.0,0.36128615292547106,1.2738075288255508,83.48618087110853,2.1647409877064314,0.6386064549152222,0.0,1.4358416925402946,0.5827791464540454,0.9998153926395322,2.727784441510975,0.6126830269628737,0.26594722365213375,0.34673580331074,0.0,0.0,0.38731697303712687,0.0,0.28,0.28,0.28,0.7,0.2304764616645637,0.38770477753000376,,0.30976336009743166
B000181,5270.707784968144,4.575267174451514,8.004316611645521,7.468630216197827,0.29468562130303116,0.4708389902579527,1.6327766003379087,59.03816532126214,2.036003627532113,0.0,0.0,1.3878841526543158,0.19453513037330988,0.9568442638917737,2.7235584220584013,0.45856304898898226,0.45856304898898226,0.0,0.01141156561952065,0.0,0.5300253853914968,0.0,0.0,0.0,0.0,1.0,0.7548684763292806,0.39247452567124175,0.30981703928884313,0.18861606020795307
B000182,132386.4446919487,321.32632206783666,482.8399745787169,2476.2447707110323,0.0,0.8085647258465678,0.8144211175654653,18.116492829736394,2.3064916863092177,316.36755333641804,1.03101578422813,0.2736414806495094,0.0,1.3476197802317584,2.327874851979339,0.9995890708981287,0.014169660563546939,0.9854194103345818,0.0,0.0,0.00041092910187115825,0.0,0.0,0.0,0.0,0.98,,,,0.18690117976449694
B000183,898.451749439325,2.5670049983980716,7.12058027614418,2.7967780958212995,0.1911949051551284,0.16957287561130213,1.023658598217581,67.73682699488195,1.2704778314560887,0.0,0.0388506351501795,0.660008763510846,0.19487766805066842,0.40279010023028905,2.8221063588372792,0.4821012977971002,0.22498891822529507,0.25711237957180516,0.0,0.0,0.5178987022029,0.0,0.0,0.0,0.0,1.0,,0.39545529021509357,,0.18861606020795307
B000184,15828.358902544365,3.4818211400229577,9.172908690009816,2.6103627589695106,0.5741385650855386,0.021,0.02080281210761736,0.42056436648563883,2.2702337341888215,0.0,0.0,0.5877847746059444,0.0,0.6238026312281911,1.4910074501735486,0.9027033983433974,0.9027033983433974,0.0,0.0,0.0,0.0972966016566026,0.0,0.0,0.0,0.0,0.95,0.6482174633642285,,,0.1888484004682247
B000185,12776.928832437869,6.190372496336177,11.341856124667874,9.998466675064375,0.07755387436769952,0.38954349995961096,0.012062953826906015,0.559721057568439,1.4892535588772857,0.5218158883223897,0.0,2.3198951215539934,1.0820801069605592,0.7773278206219488,2.643582884590875,0.20986519142640414,0.20986519142640414,0.0,0.5495590500455408,0.0,0.24057575852805513,0.0,1.0,1.0,1.0,1.0,,,,0.6052750777176602
B000186,2113.8923366087943,6.930794546258342,18.79581556028882,0.8561729476141972,0.0,0.47662594935207997,0.025396356992040008,1.0710755121191027,6.199833985398555,0.19286882858879245,0.08427930050004374,0.0,0.0,0.45381243177095143,3.4901490224545895,0.10239728545035066,0.10239728545035066,0.0,0.0,0.0,0.8976027145496493,0.0,0.0,0.0,0.0,0.5,0.08751433435365885,,,0.18861606020795307
B000187,22476.215576946932,6.181577441404547,16.88331685641523,9.31293150023111,0.0,0.4374287016534752,0.011465498170846885,0.22906746859410534,2.236926648855306,0.4299540025871965,1.0035731339597798,1.0095477497718859,0.9966874639588188,0.50488844227156,2.4938542444826646,0.6179723511908674,0.456737217698411,0.16123513349245633,0.020157774968800467,0.0,0.3618698738403321,0.0,0.0,0.0,0.0,1.0,0.22449027128007856,,,0.1888484004682247
B000188,7260.238377055395,4.6480399340943634,8.828625776395,3.0561616733923693,0.17562471871069726,0.42895949481874845,0.013880094772684912,0.30952611343087355,3.1705800242173656,0.3473182888589541,0.5733802996961505,0.0,0.0,0.556761321321893,3.0868200342693464,0.30500348064442573,0.23027987805415961,0.07472360259026616,0.0,0.0,0.6949965193555744,0.0,0.0,0.0,0.0,1.0,,0.3244976773181844,0.6771465373313144,0.18481989412312194
B000189,16190.646512905367,4.770373162317433,13.106424123285208,4.960164001597932,0.11923455572937167,0.21808714257618816,0.010105727029717178,0.2253577127626931,2.308414803742503,0.3233874408987396,0.0,0.6061785930349602,0.8450830783463734,0.6873092462948558,2.9983957961188197,0.3907298490643332,0.21357744408647303,0.1771524049778602,0.06779080585419842,0.0,0.5414793450814683,0.0,0.0,0.0,0.0,1.0,0.16769842800240248,,,0.1888484004682247
B000190,16572.951815732977,9.557642338946353,14.78828760500005,10.729288095053299,0.0,0.433,0.014047636162712963,0.5180029959014175,6.0280891753652215,1.1537252803722968,0.0,0.0,1.3080895590862334,1.0677383241226006,3.1495148219802047,0.3315454368290703,0.19468223221260214,0.1368632046164681,0.0,0.0,0.6684545631709297,0.0,0.0,0.0,0.0,1.0,0.28016447652974563,0.26267556024406075,0.23007583276512153,0.18481989412312194
B000191,7142.316868533737,7.892062838158825,15.699413062221204,2.8755223677955333,0.0,0.37876861592972816,0.012090484378553354,0.20618195295944827,2.987338248670231,0.8297005163919979,0.15377588978693327,0.2972476255399941,0.2087576235101932,3.415242934259476,2.7410583745252484,0.5838114899023662,0.45919560349257543,0.1246158864097908,0.037664123010117886,0.0,0.37852438708751596,0.0,,0.0,,0.5,0.674538731486057,,,0.18861606020795307
B000192,2580.958240296112,2.9329070912455815,5.961938411030985,2.248813777664035,0.3357231241435431,0.39901788695858337,1.3761687382997945,30.64506828141538,1.7168150310360457,0.32460941790320225,0.03667225863125103,0.39154141019039085,0.0,0.4632689734846917,2.9544711136521657,0.41463708954144585,0.28113766456508,0.13349942497636583,0.0,0.0,0.585362910458554,0.0,0.0,0.0,0.0,1.0,,,,0.18861606020795307
B000193,3818.6440585877017,5.8389052883604,13.104100944031668,11.114159983342281,0.25455429632205445,0.529749906040923,0.013669393937366252,0.29894088593789525,2.714979312039905,0.8225828361863171,0.6567872553282247,0.8744409297633321,0.3244999996519724,0.4456149553906485,2.7952943040354743,0.49888978785921584,0.18995001197991712,0.3089397758792988,0.0,0.0,0.5011102121407841,0.0,0.0,0.0,0.0,1.0,,0.22116575167997063,,0.18481989412312194
B000194,2982.231011918129,8.19294234043442,10.8630991194076,12.507181759319892,0.05999484646744604,0.2719067633739842,0.027545230526512317,1.706109576609133,1.878789470987642,1.1318217555565147,0.0,1.606484260247,2.6848093158837827,0.8910375377594821,1.8248515795974871,0.9863924473622866,0.7903109672914995,0.19608148007078716,0.0,0.0,0.013607552637713455,0.0,1.0,1.0,1.0,1.0,0.29775250980881424,,,0.6052750777176602
B000195,2023.1236808469398,1.999134071983142,8.40318917357586,4.489806469891999,0.011600322543277433,0.809,0.39195851627050615,25.96937867472621,0.8242975127913551,0.2443633246038641,0.0,0.5043965353778734,0.0,0.4260766992100496,2.190349521316571,0.7629932750457812,0.5106857672869284,0.25230750775885274,0.12223458547802926,0.0,0.11477213947618965,0.0,0.3,0.3,0.3,1.0,0.7589744450080892,0.2942164704972717,,0.32150759030508125
B000196,407.7259457967488,1.1649312737049966,8.343367520502769,1.1325364195619598,0.3341084848608492,0.23999999999999996,0.23913742033836896,5.356335294718683,0.651436274436873,0.0,0.0,0.20542082834730088,0.05156233906461687,0.256511831856206,3.1405884951778127,0.3394087727383193,0.11880934922503548,0.22059942351328385,0.0,0.0,0.6605912272616806,0.0,0.0,0.0,0.0,0.92,,0.33291503937888894,,0.19003346509277597
B000197,19786.819972458306,4.629578842409524,9.179918155159708,5.052560865997378,0.0,0.23845601052854223,2.9785489003884655,107.80278032814532,1.264671150598151,0.0,0.9758870591995242,0.3771165915204056,1.0302642126028116,0.981639828488632,1.6903819334424453,0.9196682740370972,0.7088743568323927,0.21079391720470433,0.0,0.0,0.08033172596290278,0.0,0.0,0.0,0.98,0.98,0.2546604597261494,,,0.18690117976449694
B000198,1495.4445889752944,3.0707281087788387,5.000114100756814,4.235559765280373,0.0,0.453,1.214531566215716,43.960860329506396,1.2835624869768245,0.0,0.0,1.3407173614642702,0.0,0.44644826033774426,2.1758933936604694,0.9590957916111639,0.5224835895632777,0.4366122020478863,0.0,0.0,0.040904208388836155,0.0,0.0,0.0,0.98,0.98,0.5131253240131183,,,0.18690117976449694
B000199,2555.678060844233,5.011133452635751,12.56573134580346,8.626966330316375,0.06691056949603345,0.4110408459437542,0.016721267060866567,0.37288425545732445,1.5350936031956723,0.8177222141093335,0.0,0.026988744533181258,1.8949108800184487,0.7364180107791153,2.0188673846677805,0.9970512976979238,0.8338702086612252,0.16318108903669865,0.0,0.0,0.002948702302076156,0.0,0.0,0.0,0.0,1.0,0.693923114965703,,,0.1888484004682247
B000200,1770.6476043796908,1.499278242489154,8.128502988988336,1.6927632565946464,0.15624980438348518,0.47000000000000003,0.3176918248171491,7.150927825703906,0.8602672162248536,0.0,0.0,0.46611123548811023,0.0,0.17289979077618994,2.9082435344012167,0.42621243219230065,0.11532201687202215,0.31089041532027845,0.0,0.0,0.5737875678076992,0.0,,0.0,,0.6,0.676290160353146,,,0.19003346509277597
B000201,5582.765239492804,7.404197930361809,11.077483635084755,7.138794957728423,0.0,0.24,2.5841631932392675,171.93820805024575,3.4905443189890204,0.0,1.6598156743407706,1.5887635308434955,0.0,0.6650744061885226,1.6055192314449982,0.9851542958536471,0.7705782478081755,0.21457604804547142,0.0,0.0,0.014845704146352936,0.0,0.2,0.2,0.2,0.98,0.39599033531623784,,,0.27509512128729385
B000202,2002.172679473428,1.2883994076405585,6.663907762728815,0.7344387035109003,0.0,0.4449519098488958,0.5823763896324022,38.76323860211027,0.7265593995767947,0.0,0.06635899380459566,0.09328782638650852,0.14192657433885045,0.26026661353380925,3.064322227632162,0.3699145215643406,0.318409535291397,0.051504986272943615,0.0,0.0,0.6300854784356595,0.0,0.0,0.0,0.0,1.0,0.4599558718891651,,,0.19003346509277597
B000203,525.48485371598,1.165154886288204,7.466161104109648,2.0160941463451536,0.0,0.7437061620804035,0.42058318832502706,27.995311426747016,0.5247774587089933,0.16119366620836204,0.04413375453597338,0.19300013552283954,0.0,0.24204987131203531,2.90275152188986,0.31574441193341873,0.2778663966966901,0.03787801523672861,0.16564333016503394,0.0,0.5186122579015471,0.0,0.0,0.0,0.0,0.9,0.5495960309598505,,,0.19003346509277597
B000204,3191.4719091134375,8.719868604135074,17.681401856297427,10.747880881721818,0.0,0.37887655693029476,1.0829217535015303,24.06683094501441,1.5600780335525282,0.5530729802966639,1.0712119451540643,1.46263393384234,0.8996173004198718,3.173254410869605,2.515013740604628,0.6982420150850897,0.5305062382926798,0.16773577679240945,0.1228472576577681,0.0,0.17891072725714227,0.0,,0.0,,,,,,0.18690117976449694
B000205,3670.394983925651,4.628493044042435,5.978530394121525,2.103722181287248,0.1875672654384524,0.4673750252094505,0.021018501520672087,0.8563770692288474,2.059230153807686,0.5752170476368968,0.0,0.13332120182328192,0.0,1.8607246407745708,2.856307001942454,0.5550970619998611,0.43081966930132665,0.12427739269853447,0.0,0.0,0.44490293800013897,0.0,1.0,1.0,1.0,1.0,0.3023662054592908,,,0.6052750777176602
B000206,1390.7045367375986,3.841725239606626,9.660316711859101,7.4487453980450855,0.4246434370258065,0.5597111729469691,0.020188762548714635,0.47054280602868626,1.689483961192243,0.07390319297543628,0.2119673585693271,0.0565869678176209,0.8588128214649074,0.9509709375870903,1.6594079259366137,0.9160639515246963,0.8461593358540435,0.06990461567065287,0.019236980358075688,0.0,0.06469906811722778,0.0,0.0,0.0,0.0,0.95,0.6518461867945938,,,0.1888484004682247
B000207,849.4659618260588,2.597755234942076,10.662474702958272,4.060999327600967,0.014041156845829666,0.4533137928080669,0.696201349639648,15.516115957292875,0.8665524371821103,0.7103582221606675,0.0692639108209892,0.4291166021110855,0.11682077699155212,0.40564328567567143,2.5742123326611264,0.6436751565787227,0.4068548119794192,0.23682034459930343,0.0,0.0,0.35632484342127746,0.0,0.0,0.0,0.0,1.0,0.5606127220522,,,0.19003346509277597
B000208,8644.359723023348,6.407976073405003,11.386851636868165,7.552058985965118,0.18369434308496344,0.41167559936596404,0.015788249186924435,0.44184925639776174,3.443891999283073,0.2050572717264835,0.16453756293899463,1.6524247595148103,0.11335274169539222,0.8287117382462488,2.588639236960778,0.5984339707516078,0.3405639755166286,0.25786999523497944,0.01768932037150383,0.0,0.38387670887688824,0.0,,0.0,,0.5,0.7920400907245545,0.1980955073263888,,0.18861606020795307
B000209,1197.4648874364345,3.850369412978889,9.064217288398899,5.703009977399991,0.39270772554207145,0.433,0.02261670677826206,0.443197451957793,1.8650746389322308,0.0,0.7373300173210238,0.6608151156212617,0.0,0.5871496411043725,3.0430166298171497,0.515611506614039,0.324115590706433,0.19149591590760603,0.0,0.0,0.4843884933859609,0.0,0.0,0.0,0.0,1.0,0.8632749005652478,,,0.1888484004682247
B000210,3292.3431467870478,4.455132810266641,10.994677503611507,7.7254140616954805,0.0,0.28149303547644233,0.017844345166925606,0.40851888892786237,0.5389539274651122,1.045846471210044,0.0,1.0294249166379226,1.0804607475596504,0.7604467473939114,2.2708745675340367,0.7173348676299591,0.4862699453305245,0.23106492229943448,0.24252043509674506,0.0,0.04014469727329584,0.0,0.0,0.0,0.0,1.0,0.6265832296803869,,,0.1888484004682247
B000211,8053.493336247766,6.871581344921302,24.272792697693905,6.7142525227071,0.19834122666608897,0.36977586774451604,0.015915967361721652,0.3549260721663929,1.5710586407781533,0.37323725630582255,0.40667192416526887,0.571868397543236,1.6716764084810918,2.2770687176477296,2.078087380045435,0.9759156768685742,0.5902378252706538,0.38567785159792045,0.0,0.0,0.024084323131425743,0.0,0.0,0.0,0.0,0.95,0.9404606396559837,0.5818604738258599,0.536136138233404,0.1888484004682247
B000212,2449.8849188864074,4.528437927701307,14.111431533184696,4.415979665803273,0.06713473975772999,0.15956978334733263,0.0146226940686426,0.33248753118862573,1.4520878679322975,1.2895309597758002,1.413207673939605,0.07960553324427344,0.0,0.2940058928093319,1.756464068931564,0.9763366606491682,0.6642626747621702,0.31207398588699814,0.0,0.0,0.02366333935083178,0.0,0.0,0.0,0.0,1.0,,,,0.1888484004682247
B000213,7831.813662783383,8.920061119343261,22.377783718798252,4.666450510243277,0.10352829661683505,0.3050985911338786,0.025372170683894205,1.0644823290528953,6.962466731887504,0.31729564350073874,0.035756605755436946,1.0975087674674886,0.0,0.5070333707320928,2.028370562071032,0.7982060122876193,0.7982060122876193,0.0,0.0,0.0,0.20179398771238075,0.0,0.0,0.0,0.0,0.5,,,,0.18861606020795307
B000214,1077.6847033045376,2.416333415481026,7.918041067260507,1.7897033527748838,0.0,0.45300000000000007,0.007074422461014555,0.07781864707116011,1.7596567742476739,0.2720109882800856,0.0,0.08783569831143875,0.0,0.2968299546418277,1.7982029562871624,1.0,0.9636491811317549,0.03635081886824508,0.0,0.0,0.0,0.0,0.0,0.0,0.0,0.9,0.09651707823098042,,,0.1888484004682247
B000215,8556.043049717344,2.354442226119247,10.702069420870378,2.9976017437699127,0.0,0.488,0.38478985709054314,13.90847607079194,1.049358182892359,0.5144545505581435,0.0,0.33050662323784735,0.0,0.46012286943089764,2.759385060518956,0.5010214280848773,0.36064566537924003,0.1403757627056371,0.0,0.0,0.49897857191512307,0.0,0.0,0.0,0.0,0.6,0.7337649237483505,,,0.19003346509277597
B000216,23860.095463900227,6.964417823671987,12.00530992608576,7.862646196057145,0.0,0.34163147009186945,0.01470475204017515,0.4789475370169166,3.621860108417525,0.8245707888047966,0.13878144891782773,1.6985356806191638,0.14294892531855222,0.5377208715941224,2.911829285264779,0.4799479008702123,0.09713695209562606,0.38281094877458627,0.0,0.0,0.5200520991297878,0.0,0.0,0.0,0.0,0.5,,0.2073249879518987,,0.18861606020795307
B000217,69163.73854978402,41.9174173028994,217.8860507938817,261.9489311181408,0.45450526445106704,0.48670673487412136,0.3766550571989552,13.613621782459758,0.5170287493775259,0.2763660113928456,0.0,40.13243018042112,0.5787266829944689,0.41286567871345925,1.3819157113686984,0.9878881129495292,0.967488652548419,0.020399460401110358,0.0,0.0,0.01211188705047096,0.0,0.3,0.3,0.3,1.0,0.5828956890299909,,,0.32150759030508125
B000218,752.9682036630076,0.8149006533149432,4.229806385374985,1.528097024529096,0.0,0.365,0.5676973982159882,20.500184635205855,0.18106160847165004,0.0,0.04844716122363015,0.40022206665086246,0.0,0.18516981696880064,1.364946601432578,0.9683828813121698,0.9683828813121698,0.0,0.0,0.0,0.03161711868783024,0.0,0.0,0.0,1.0,1.0,0.5342484977866964,0.3147921258789708,,0.19003346509277597
B000219,5275.110774579836,12.61988223583693,19.90238282921751,19.207442883036315,0.11243140228582689,0.22868065797635692,0.017505437520984664,0.4629611108816536,3.905386539228192,0.905493982075765,1.1156220606451912,3.223642514818607,2.832475441498483,0.6372616975706892,1.661327183135657,1.0,0.561412307131257,0.4385876928687428,0.0,0.0,0.0,0.0,0.0,0.0,0.0,1.0,0.22030718511747546,,,0.18481989412312194
B000220,13693.490013184231,4.692765597390072,13.827924914328735,6.8598759195153995,0.0,0.4357187663020952,0.01839237473784187,0.44532731695830513,1.713954577649742,0.7383581536840057,1.0148311962551149,0.5249545776863229,0.0,0.7006670921148862,1.623277740908858,0.9393076571510226,0.9393076571510226,0.0,0.0,0.0,0.06069234284897734,0.0,0.0,0.0,0.0,1.0,,0.6493916216809512,,0.1888484004682247
B000221,8359.805084458329,4.97607445503472,7.498476591348283,2.103088183737807,0.6352886013577371,0.365,0.016960861365374422,0.3782272084478497,3.8743084337149702,0.40498668300236884,0.0,0.0,0.0,0.6967793383173804,3.2900629679688023,0.22141268810899697,0.22141268810899697,0.0,0.0,0.0,0.7785873118910032,0.0,0.0,0.0,0.0,1.0,,,,0.18481989412312194
B000222,12059.741969073057,9.191876500817878,19.28630526080676,7.399586830208039,0.037799393277778114,0.35062894604921385,0.010124683668965552,0.112555344807811,5.213661398014155,0.49297831014529553,0.0,0.536624410744433,2.092748542467539,0.8558638394464578,1.5995247233749665,1.0,1.0,0.0,0.0,0.0,0.0,0.0,0.0,0.0,0.0,1.0,0.15183379684247256,,,0.18481989412312194
B000223,3067.514901801809,5.32554670451703,8.623266108717687,2.80819500178284,0.0,0.24,0.014328021395730738,0.3195148771247955,2.9690977246281918,0.0,1.8842988461962855,0.0,0.0,0.4721501336925532,1.6128693651694308,0.9962211178412278,0.9962211178412278,0.0,0.0,0.0,0.0037788821587722136,0.0,0.0,0.0,0.0,1.0,0.18566305866572802,0.18215855795503183,,0.18481989412312194
B000224,4409.412170506355,7.959227744596309,14.326279137790575,4.924576426074169,0.0,0.3816262015935939,0.011617073821526575,0.3240854254191999,4.919035479660141,0.9060139481036235,0.0,0.473908811069835,1.191127392954983,0.46914211280772566,3.255035571791653,0.1518265476135706,0.037994656232056126,0.11383189138151446,0.20919569805691854,0.0,0.6389777543295108,0.0,0.0,0.0,0.0,1.0,0.13395212764209144,,,0.18481989412312194
B000225,2889.3597939002043,7.959668853719571,13.790924814198306,12.752087586598016,0.04290041113959843,0.6353134890397755,0.008913063021804838,0.020589175580369178,5.377473694210871,0.624785960542006,0.7111967530016503,0.02193760470298858,0.40038822202311125,0.8238866192389436,1.6575090338820435,0.9561475560366762,0.9561475560366762,0.0,0.0,0.0,0.04385244396332362,0.0,0.0,0.0,0.0,1.0,0.2689593132310133,0.28884912773273314,,0.18481989412312194
B000226,8443.280847378988,4.3077963507035655,8.454851131337636,4.810698234783466,0.08919676829880376,0.32489622699863896,1.1198705173786774,74.43298972803113,1.4990902028662876,0.7489069028573854,0.0,0.6000269862943854,0.8736031986031113,0.586169060082397,2.4789410879203135,0.5366173940022824,0.3338215495653858,0.20279584443689666,0.13928861474530632,0.0,0.3240939912524115,0.0,0.19999999999999998,0.19999999999999998,0.19999999999999998,0.98,,,,0.27509512128729385
B000227,326435.1365797939,965.7844277508694,2711.596432451756,2826.691219145433,0.005750183315003995,0.42024164456767427,0.01600046178577993,0.5792167166452336,1.6000461785779931,3.277116622616176,0.0,960.0173174427085,0.5090775967857032,0.38086991018095456,1.0111473578100516,0.9948277265921628,0.9943006135199721,0.0005271130721907055,0.003393217501184985,0.0,0.0017790559066523236,0.0,,,,1.0,0.4131093372669318,0.5924325427553739,,0.1888484004682247
B000228,36979.657224879986,8.243347575764599,21.15638819947564,13.880816247637448,0.0,0.3797205814135505,0.019304704146910514,0.37170628222558894,2.242863426108722,2.239824727054689,0.7294343286368296,1.068478092784159,1.5993482918518125,0.3633987093283866,1.9295789273899164,0.9800540283768195,0.7619493803686682,0.21810464800815174,0.0,0.0,0.019945971623180254,0.0,0.0,0.0,0.0,0.95,1.0268768886183859,,,0.1888484004682247
B000229,3182.125134993202,6.441548856261543,9.670387378183664,9.0655584865693,0.0,0.453,0.01707970376092353,0.6027740129805869,2.756077055691772,1.1200005359833598,0.0,1.5033519296383149,0.0,1.0621193349480968,2.223700185751266,0.6497896387813793,0.47591832910487863,0.17387130967650072,0.23338361055462203,0.0,0.11682675066399875,0.0,1.0,1.0,1.0,1.0,0.15947302591826767,,,0.6052750777176602
B000230,4213.204139913473,9.362675866474385,13.942562996524883,7.685096100320622,0.0,0.365,0.015893192430483285,0.2507791867759499,6.220622987504687,0.6116052499339897,0.0,1.9109549058129602,0.0,0.6194927232227482,3.1364461055353003,0.3303086044927529,0.1262051053365282,0.20410349915622472,0.0,0.0,0.669691395507247,0.0,,,,1.0,,,,0.18481989412312194
B000231,4681.690592490493,1.9812486637708393,10.914644081711693,2.4591872321969674,0.0,0.35387701599978655,0.522937570235293,34.74474269592631,0.7543907391400546,0.3435524797400204,0.06081456112613786,0.2785566487305215,0.1561315081432289,0.3878027268908758,2.0533346836482305,0.8391903660678431,0.6657883666004218,0.17340199946742138,0.07880459984566976,0.0,0.08200503408648695,0.0,0.0,0.0,0.0,1.0,,0.33895097419444625,,0.19003346509277597
B000232,118744.84401902395,213.95467390815125,591.3445988806384,714.2618083559927,0.44909419543687046,0.365,0.02546822463946038,1.025964789284276,5.702070797,207.1479874472276,0.09008420860112554,0.4714520857008493,0.1224882890577009,0.42059108056398337,1.7091165197604365,0.9767583796612082,0.008151020586668433,0.9686073590745398,0.0027760102825027475,0.0,0.02046561005628908,0.0,0.0,0.0,0.0,,0.0844692183735672,0.18772435096388038,,0.18861606020795307
B000233,1358.940209233483,1.7136698729299913,5.573585139624869,2.5430570336756504,0.4022427122700438,0.6058572224013784,0.43542457852724537,9.682805353750448,0.8158563696837526,0.035681290294763315,0.06845912685224724,0.070820928614984,0.20171124202986973,0.5211409154543747,1.9023707361410371,0.979178434038899,0.979178434038899,0.0,0.02082156596110096,0.0,0.0,0.0,0.0,0.0,0.0,1.0,0.7346434119373871,0.2601346172756341,,0.18861606020795307
B000234,10160.213346927154,3.4914822498031457,11.596015129344769,5.597392514659329,0.4561190379239886,0.05014650315164309,0.019133060818976234,0.20828219226015304,1.8506640901684028,0.0,0.04727767678250695,0.9518346212319843,0.3377229886178612,0.3039828730023911,3.053701831509961,0.4321564902735339,0.06281260776559554,0.3693438825079384,0.0,0.0,0.5678435097264662,0.0,0.0,0.0,0.0,0.5,0.6489430592369337,,,0.18861606020795307
B000235,411.0743011473731,1.2456797004465852,8.177835921813765,1.2257396045961486,0.0,0.338331878613421,0.24957446020403773,9.089883675715145,0.4203379285041674,0.4300142450756619,0.06613653518703601,0.0,0.16700372221611173,0.16218726946360787,2.178136665791734,0.766053861993566,0.6319875188106113,0.1340663431829544,0.0,0.0,0.23394613800643405,0.0,0.5,0.5,1.0,0.5,,,,0.4064886165245276
B000236,21408.30356201744,9.96198397488015,15.171615172097674,10.63102280266852,0.0,0.16866368390177203,0.027101107329655125,0.4507523982955733,3.9852771173697445,0.40444498733252526,0.0,2.0866686249786306,2.1435073087715675,1.342085936427679,2.721170814482112,0.5710884011953953,0.36162524302927973,0.20946315816611571,0.0,0.0,0.42891159880460433,0.0,0.0,0.0,0.0,1.0,0.29525305187324397,,,0.18481989412312194
B000237,4694.70348927688,5.711318113475523,14.753610673328904,10.79416285585432,0.0,0.3928203844826119,0.013695698987910303,0.29431922745210454,2.3109240376456572,0.736460637339983,1.480634986146644,0.0,0.46129178020261163,0.7220066721406262,2.8624165069469716,0.3361324043837904,0.12641681968950275,0.20971558469428755,0.25924575671125233,0.0,0.40462183890495723,0.0,0.0,0.0,0.0,1.0,0.13217740446890208,0.2580165912595042,,0.1888484004682247
B000238,6394.714262864462,11.542805528636213,16.01785850907297,12.97059904545244,0.1800655045066419,0.39661441144255927,0.01565660912550193,0.17222270038052123,4.377546993048105,1.7114805122740568,1.719197696651879,0.4716779984082514,1.6451001296160541,1.6178021986378657,1.9156532765056078,0.986517354938996,0.7973814897226781,0.18913586521631792,0.0,0.0,0.013482645061003901,0.0,0.0,0.0,0.0,1.0,,0.33883860632902413,0.44712973237903075,0.18481989412312194
B000239,14934.638873559765,4.866288326347267,7.162625335181898,11.00155992374844,0.07691496250895453,0.4463377111269638,0.018515790079704973,1.0110925725271458,1.7075308720029443,0.8220311713036786,0.8157262499708536,0.023802828691749565,0.0,1.4971972043780422,2.571495357781541,0.6491102134746195,0.6491102134746195,0.0,0.0,0.0,0.35088978652538055,0.0,1.0,1.0,1.0,1.0,0.23168324102954413,0.20565647019313524,0.8332491790472066,0.6052750777176602
B000240,4068.089009222129,2.302257503804261,9.645756585812162,3.25570869485053,0.042121711569828565,0.28898526421799386,0.32464914349582374,11.781746660590757,0.5914469386869586,0.6531746634806889,0.10299692260934754,0.3572781697922005,0.1758216811966513,0.42153912803841365,2.0895166522482085,0.923585547135918,0.6398750315218391,0.28371051561407884,0.0,0.0,0.07641445286408194,0.0,0.5,0.5,1.0,0.5,0.5228893684916434,,,0.4064886165245276
B000241,2639.4291653684013,1.2622808060107131,7.075825707730159,1.026770271029005,0.2626679467073712,0.2891796063848643,1.0444652426668153,37.830090861673995,0.6283820711010052,0.0,0.0,0.06762094171861371,0.36067734260335443,0.20560045058773968,2.0900070022459736,0.9464295571978778,0.6606949243920188,0.28573463280585865,0.053570442802122274,0.0,0.0,0.0,0.0,0.0,0.0,1.0,0.8491290563251701,,,0.19003346509277597
B000242,12356.300893341411,3.1273856981375374,7.066433208669251,4.6334120234022,0.19254393502632464,0.41317119216643583,1.155497174069998,41.69966228522041,1.4389662763423654,0.0,0.022721932576686657,1.1700015750115156,0.14649243647488366,0.349203477732087,2.6861665345804377,0.5095535505518528,0.13543865461551519,0.3741148959363377,0.0,0.0,0.49044644944814736,0.0,0.0,0.0,0.0,1.0,,,,0.18861606020795307
B000243,54524.83608801503,13.301984895831918,16.946079724205763,15.893930589948019,0.34536687989047654,0.1218250235814694,0.016091982502446638,0.6123048603258328,7.3884463209455555,0.48599489630731135,2.3649466906690932,1.9382048482308176,0.0,1.1243921396791385,3.0035748935979605,0.2638299967874951,0.2272944797114236,0.03653551707607144,0.14570794234160803,0.0,0.5904620608708969,0.0,0.0,0.0,0.0,1.0,0.21891237570366318,0.2550123317894654,0.3384508407518621,0.18481989412312194
B000244,10175.570677909904,4.815698380459017,8.61984286264196,5.1643147907097315,0.0,0.11519406502423074,1.6409044185345814,59.375159888044365,1.09184037845864,0.0,2.407491286805638,0.23159976968732113,0.4880046648195977,0.5967622806878201,2.477546364086555,0.7578874242262373,0.25796174437579716,0.4999256798504402,0.0480926651525974,0.0,0.19401991062116514,0.0,0.0,0.0,0.9800000000000001,0.98,,0.48431908210487834,0.5288279935723341,0.18690117976449694
B000245,20557.889447267462,11.781025471213445,23.58042936624945,5.4467662561461,0.0,0.3509147924859835,0.03733656481180947,1.6510100144397455,8.555586510576843,0.7855808389983807,0.0,1.3206055637846184,0.14981942026923675,0.9694331375843646,3.1669913093154896,0.2485198357626677,0.18183796321108703,0.06668187255158069,0.022836062877110524,0.0,0.7286441013602216,0.0,0.0,0.0,0.0,0.5,0.1593704986702451,,,0.18861606020795307
B000246,2882.6213741281003,3.260883907384729,8.035134116712085,4.245782535042009,0.0,0.269983296201712,0.015349656937387617,0.4325760474397099,0.4628922227072771,0.0,0.0,0.5859740064515241,1.4608965043067483,0.7511211739191799,2.3657095095707126,0.6917250364375185,0.6917250364375185,0.0,0.14887131980871424,0.0,0.15940364375376764,0.0,0.0,0.0,0.0,1.0,0.6538571643250787,,,0.1888484004682247
B000247,17465.691014341377,4.3008350195373986,10.840491420416685,6.383930195843723,0.0,0.6517843218367128,0.02630377558150949,0.7843021963525597,1.9161372361305102,0.0,0.9697731110028167,0.4211345020389968,0.3629054570748994,0.6308847132901768,2.652312525065069,0.4304475582770794,0.4304475582770794,0.0,0.09791924129289069,0.0,0.47163320043003004,0.0,0.0,0.0,0.0,0.95,,0.4370852074449267,0.5419971262115738,0.1888484004682247
B000248,1754.3391326927629,2.754064572516111,11.663580104939536,4.342679791401253,0.0,0.4245545036368722,0.36395121644683487,13.206792308390224,0.5577574914412942,0.4457448192014179,0.07257991013540546,0.5212038195111293,0.8317194048691416,0.3250591273577226,2.302619831040115,0.7453713925853479,0.09227557866315383,0.6530958139221938,0.026353743067504227,0.0,0.2282748643471479,0.0,0.5,0.5,1.0,0.5,0.8040722400511545,,,0.4064886165245276
B000249,2088.359773345866,4.757083766163704,7.568490312478327,3.8951017469499885,0.0,0.33105980526776313,1.8559317611401789,41.48265331595285,2.422147097060006,0.0,0.5964532014290646,0.23200128111100382,0.8388988683191151,0.667583318244514,2.913109059861586,0.3144863269857964,0.2657166831209588,0.048769643864837516,0.17634729795721793,0.0,0.5091663750569857,0.0,0.0,0.0,0.0,0.98,,,,0.18690117976449694
B000250,874.4933274331822,1.8371708559520634,7.5219077795528575,3.611669340715737,0.0,0.5833317912597518,0.746519078732968,49.71817064361566,0.41058549330313243,0.0,0.09789452772457528,0.8974644246188229,0.08658004135842286,0.3446463689471099,2.475280083736672,0.7078865334749584,0.17225618489352976,0.5356303485814288,0.05328547827079704,0.0,0.23882798825424428,0.0,0.0,0.0,1.0,0.9,0.4870688109068007,,,0.19003346509277597
B000251,15648.294444148625,6.80360628006462,9.480775663513349,9.612596008560777,0.0,0.39638305598377976,0.014572039656426897,0.3249564843383198,1.7990172415341847,0.2301427624862493,0.0,0.21689004598779527,3.2967778463425343,1.2607783837138555,2.5326591487435333,0.7213951436660064,0.6556898705987061,0.06570527306730023,0.0,0.0,0.2786048563339935,0.0,1.0,1.0,1.0,1.0,0.14690107015450662,0.2138112726489126,0.7785255273928575,0.6052750777176602
B000252,16381.781783638377,11.974986683946181,38.51149411011206,1.2795481123454537,0.023420256733496667,0.2676307972495331,0.04864713473296953,2.8313558693526053,10.757796598013766,0.45945292845332436,0.0,0.20933856673180232,0.13351648485749862,0.4148821058897889,1.697722968519462,0.9772809732402147,0.9772809732402147,0.0,0.011149614474017955,0.0,0.01156941228576733,0.0,0.0,0.0,0.0,1.0,,,,0.18861606020795307
B000253,1921.6423449250392,4.792125548441494,7.046917764540212,3.145741418277141,0.0,0.4728329343797994,1.8337386459425107,121.77916792770746,2.4279136109226274,0.5062444687817174,0.0,0.6325203789442665,0.0,1.225447089792884,2.9322854478394875,0.3501061879153344,0.3501061879153344,0.0,0.13199161260496944,0.0,0.5179021994796964,0.0,0.0,0.0,0.0,0.98,0.4061408070678762,0.28859343302167206,,0.18690117976449694
B000254,4343.712449841682,3.076283604703741,9.828997764985886,6.236530758296589,0.0,0.388199395539995,0.012283438031001436,0.14634018700166754,0.3587548349236155,0.0,0.6699676662924365,0.8934579330701922,0.7081996806118271,0.44590348980566974,2.419058423493232,0.6134562115852319,0.38324347062436415,0.23021274096086786,0.2177847534174136,0.0,0.16875903499735437,0.0,0.0,0.0,0.0,1.0,0.3714175113725436,,,0.1888484004682247
B000255,6861.759363786027,8.188256997358028,13.469548744079285,8.695362551538647,0.30860184581338734,0.3187013597714417,0.011178973820642151,0.3237589326295722,3.754132999469379,0.33986935676343116,1.821198669563851,0.0,1.473801077059176,0.799254894502192,2.8140072669084844,0.5287462895718111,0.2648234514116802,0.2639228381601309,0.0,0.0,0.47125371042818903,0.0,0.5,0.5,0.5,0.5,0.24153290839387906,,,0.4014480571426785
B000256,15296.602894744163,9.894309763741374,15.653549570821498,22.349698300273626,0.2350867899061823,0.47376276330709827,0.012845504900821716,0.5715171298866666,3.8428060521158867,0.32080667828364684,0.3816863006349658,3.1244959806433843,1.2305517911901298,0.9939629608733596,2.6233318499066707,0.32087559446785663,0.1579296052758371,0.16294598919201958,0.34821051101034517,0.0,0.3309138945217982,0.0,0.5,0.5,0.5,0.5,0.30095380453365994,0.2423032568533822,0.4538505883848057,0.4014480571426785
B000257,15027.468114676696,3.481804475133618,11.278162697932641,2.7030285944314567,0.0,0.43504201617215893,0.01069876817298203,0.19991036846330235,1.8886489653755492,0.0,0.0,0.12805537200438113,1.15527446208281,0.30982567567087743,3.1794392111626943,0.08898422581842064,0.08898422581842064,0.0,0.3685818210794108,0.0,0.5424339531021684,0.0,0.0,0.0,0.0,1.0,,,,0.1888484004682247
B000258,12604.801992675335,10.645947628948763,20.51039479480983,3.935749216548504,0.400028574511624,0.24,0.03775016970156478,1.4965069322388902,8.759910146522012,0.0,0.0,1.0937811285154473,0.08051810829925156,0.711738245612052,2.16032048021413,0.78786270203205,0.6851211550474297,0.10274154698462037,0.007563263610305994,0.0,0.204574034357644,0.0,0.0,0.0,0.0,0.5,0.13304358923132134,0.12475533161352512,,0.18861606020795307
B000259,8338.903334426162,6.047065507198087,10.697002377890211,7.207527105725574,0.010052023137285307,0.23381525946356835,0.012032931707303482,0.5583280312188815,1.4855471243584548,0.0,0.9015638677473258,0.29877446527382184,2.5348742695046393,0.8263057803138462,2.789978247805589,0.23152151023783632,0.23152151023783632,0.0,0.46859898101078035,0.0,0.2998795087513835,0.0,1.0,1.0,1.0,1.0,0.36853130079629703,,,0.6052750777176602
B000260,1498.8414512200102,3.422012445707786,8.877330960905562,5.63962660583464,0.09075887131076552,0.44159687024665106,0.021768241358299474,0.4708437253603385,1.706241654225438,0.0,0.9123728204601688,0.016944293313451885,0.26271412559571256,0.5237395521130146,3.1656765131798172,0.17206485345052275,0.09529303284384037,0.07677182060668239,0.26661879082425716,0.0,0.56131635572522,0.0,0.0,0.0,0.0,1.0,0.7339265535249329,,,0.1888484004682247
B000261,2582.6295257754755,1.213071641980026,10.107129316322089,1.3253270275213347,0.0,0.39456351605018286,0.33748312727153806,22.476376276284434,0.42185390908942255,0.3706392675878605,0.03238784501770443,0.00802544699207032,0.2551176530816359,0.12504752021133245,2.4936765096670155,0.6456273964332183,0.40862119815950215,0.23700619827371602,0.006615806284096173,0.0,0.34775679728268566,0.0,0.0,0.0,0.0,1.0,,0.3733568358057883,,0.19003346509277597
B000262,11995.691169881706,10.029842115285707,17.460379038220406,5.272464864480008,0.0,0.4468068127098846,0.008200270091189184,0.018942623910647015,6.9743465705405665,0.3791893498389284,0.0,0.22678762178873044,1.5731834102497384,0.8763351628677446,1.5706161638552327,1.0,0.8205384480284817,0.17946155197151828,0.0,0.0,0.0,0.0,0.0,0.0,0.0,1.0,0.19915161795239106,,,0.18481989412312194
B000263,2145.8843869510883,4.388311629756827,7.796095914999842,3.3561979325831826,0.0070402076480174935,0.4072977132568148,1.5618056508125853,56.53736455941559,1.9522570635157315,0.7585430757971255,0.16415524470085505,0.604942123047514,0.10527364305599297,0.8031404796396081,2.7872756599430364,0.5551234214367057,0.20700766019799277,0.3481157612387129,0.0,0.0,0.4448765785632944,0.0,0.0,0.0,0.0,1.0,0.6023993684510592,0.32426088951894444,0.4162634385494629,0.18861606020795307
B000264,6223.674900915363,4.5999075394792035,13.623869316274376,7.167224189790842,0.0,0.29546090804933106,0.017255419191018084,0.28927187896353157,2.0520117105210702,0.25818613145892283,0.0874017441364531,1.456811544998685,0.2070520482652486,0.5384443600988245,2.6467303160949576,0.4019345160033037,0.4019345160033037,0.0,0.08514727035174675,0.0,0.5129182136449497,0.0,0.0,0.0,0.0,0.92,,,,0.18861606020795307
B000265,10148.029833211845,6.806190364327193,21.364182522963166,3.0499180327002002,0.15242693977512833,0.2861673409614052,0.017172614567716467,0.796809315942044,5.138179807721667,0.0,0.0674670797605987,1.0787658140835967,0.0,0.5217776627613309,1.5643796040673945,1.0,1.0,0.0,0.0,0.0,0.0,0.0,0.0,0.0,0.0,0.5,,,,0.18861606020795307
B000266,11950.061363717907,11.168281648334492,26.126088082265923,3.652727687994041,0.1135030320528366,0.365,0.10666091098923788,4.8610329672233235,8.841480007064588,0.0,0.0,1.2879316687487732,0.0,1.0388699725211283,1.7104205917351831,0.9596462905750818,0.9596462905750818,0.0,0.014448551983390675,0.0,0.02590515744152743,0.0,0.0,0.0,0.0,1.0,0.11354566217163693,0.4173889713140434,0.19595860647633828,0.18861606020795307
B000267,5996.9576709822495,6.518432251067662,9.035329518127217,9.354723721652348,0.0,0.4096959192069434,0.012427762887512257,0.738489146905819,1.3321677848317048,1.4467303426268765,0.7356126773197186,0.24541331438001918,1.862260942439741,0.8962471894696017,1.7795785291977433,1.0,0.9623508682874133,0.03764913171258666,0.0,0.0,0.0,0.0,1.0,1.0,1.0,1.0,0.29096222933761984,,,0.6052750777176602
B000268,14039.598392655258,5.066617969200743,17.516660503205564,7.260791428569177,0.0,0.40967089453515293,0.013962339202287892,0.4370122361026968,1.781263317161558,0.12904142288044312,0.4191002275420602,0.610042625863316,1.460115241497336,0.6670551342560301,2.6199237067244017,0.6484314925677037,0.33668830696268026,0.31174318560502345,0.0,0.0,0.35156850743229645,0.0,0.0,0.0,0.0,1.0,0.14406864667631297,,,0.1888484004682247
B000269,11957.284010823745,4.396060298096965,12.981997962828121,6.278672523764445,0.1830454799063338,0.37288620136859946,0.017920897498992432,0.391657184315852,1.6309525486150211,1.4483627467295823,0.634396199546892,0.0454665347159495,0.0,0.6368822684895203,2.5675235595600134,0.615919248423302,0.46126651662225027,0.15465273180105174,0.0,0.0,0.38408075157669797,0.0,0.0,0.0,0.0,0.95,1.3631732725143781,,,0.1888484004682247
B000270,26437.027724499894,8.414076296785453,17.405977691429626,10.47855504155263,0.05375945931122687,0.3739566957669642,0.009834434211520174,0.03558097147831584,4.412399230787239,0.16445459188780112,1.3936175094463137,0.2272973513475978,1.486152281711164,0.7301553316053383,2.9793245259620686,0.43643054246629914,0.27080124932823524,0.16562929313806396,0.027013939894321538,0.0,0.5365555176393794,0.0,0.0,0.0,0.0,1.0,0.12881581455296165,0.20679948070384785,0.5495398385135966,0.18481989412312194
B000271,2417.37275601194,2.895057192828671,9.312951670634149,7.309083847512118,0.0,0.44493924803752266,0.015757402569672587,0.331351152602309,0.38740004580036197,0.0,0.8587349750467623,0.6340586588667326,0.7613196823836375,0.2535438307311762,2.1187740194062648,0.8540744893906037,0.8540744893906037,0.0,0.0,0.0,0.1459255106093964,0.0,0.0,0.0,0.0,1.0,0.7196875595259299,,,0.1888484004682247
B000272,2068.7069233703273,1.8806426576093884,12.963640378913999,3.2886906120321604,0.17312262825650085,0.34392903479749615,0.3799921172769147,25.23115584077392,0.5101444815035484,0.19499528729347973,0.03628843753640927,0.48990601497137154,0.4474327272476694,0.2018757090569101,2.418758898264235,0.7287392799267737,0.23032522001676667,0.4984140599100072,0.0,0.0,0.2712607200732261,0.0,,1.0,,0.92,0.7142563254041548,0.31833869335196247,0.5587566986756753,0.19003346509277597
B000273,1293.3490843999525,1.7153170880635975,10.98858403259357,2.7721908216389064,0.0,0.094325149603972,0.43400046721564345,15.726371024002049,0.23784478087483735,0.5236370350906642,0.045440199459215735,0.5604755623797082,0.20056554459474218,0.14735396566442993,2.205078195143718,0.5243032116976574,0.19755571627544208,0.32674749542221543,0.3317621205489796,0.0,0.14393466775336294,0.0,0.0,0.0,1.0,1.0,0.7416244390252267,0.30030061667320934,0.7125884581209359,0.19003346509277597
B000274,8078.53008955306,7.180915635158276,12.140300890256302,11.867286406612825,0.0789961229720335,0.45151490708834996,0.9787174694704789,65.1825834667339,2.0263985124419355,0.4825340405215094,1.1425780206542129,2.1854719199252575,0.48343806903142245,0.8604950725839368,2.02894282439527,0.8437494224040274,0.5394049584160323,0.3043444639879949,0.06732262201556515,0.0,0.08892795558040734,0.0,0.28,0.28,0.28,0.7,,,,0.30976336009743166
B000275,1740.263933278785,1.3094536744008918,10.503090700659202,1.3889593082055116,0.0,0.7332143606023699,0.15528931991148784,9.977873633806967,0.7842511711979865,0.09650962723938454,0.0,0.13018641425158195,0.09059893190245287,0.207907529809486,2.387929024567763,0.6822668027267578,0.5091441898976437,0.17312261282911415,0.06918834447801614,0.0,0.248544852795226,0.0,0.0,0.0,0.0,0.6,,0.4073225914446502,,0.19003346509277597
B000276,13795.547263438626,6.4981381363347275,9.125596183944914,8.745727706391998,0.5399650298070681,0.27758197707978083,0.011282222218972607,0.6765402784988538,3.0226426557418655,0.0,0.345500963486474,2.127596911424476,0.0,1.0023976056819115,2.0594630970702377,0.8560557591762404,0.4754701478789867,0.38058561129725393,0.0,0.0,0.14394424082375945,0.0,0.5,0.5,0.5,0.5,0.3022876419437033,,,0.4014480571426785
B000277,2517.5603853357625,3.76316948480682,7.1628647156050045,4.328989548711534,0.0,0.433,0.9980011789866751,22.500987909767193,1.437859888697053,0.0,0.0,0.5035458123984384,1.3567940959476228,0.46496968776370623,1.873987560796292,0.9365531451295854,0.5760075727269989,0.3605455724025869,0.0,0.0,0.06344685487041449,0.0,0.2,0.2,0.2,0.98,0.4579716504013026,,,0.27509512128729385
B000278,27425.29154830207,6.49580567226482,9.998102352575915,10.751068908008216,0.0,0.45608810626693513,1.841545100162593,66.59368431704273,2.402861035712935,0.5703950016662358,0.9902580236750071,1.4952086058010916,0.4741411648949786,0.5629418405145712,2.5330443904233793,0.5365450020521382,0.34874638664166113,0.18779861541047704,0.08780973915239718,0.0,0.37564525879546445,0.0,,0.0,,0.98,,0.5618502572564691,0.40626643689787084,0.18690117976449694
B000279,26898.01331704327,9.401612484111594,18.943236379093314,11.676284980700176,0.04457538707209715,0.2540202216814116,0.012685092450137273,0.13953601695151,2.8976099505389707,0.6363233462246468,0.0,0.8956764643627386,4.250144859554211,0.7218578634310261,2.32957426872884,0.5977412387134143,0.5977412387134143,0.0,0.06768236271171692,0.0,0.3345763985748685,0.0,0.0,0.0,0.0,1.0,0.2609261719273921,0.19639378412853759,,0.18481989412312194
B000280,15821.82887847952,5.230356654042817,11.099447909992898,6.785438106380072,0.0,0.7569590560343396,0.018048886206697794,0.30340996316252467,3.2794340071134567,0.3634081879080272,0.0,0.486217179780595,0.5855400678865059,0.5157572113542312,1.7540690241961339,1.0,0.9305194249751343,0.06948057502486565,0.0,0.0,0.0,0.0,0.0,0.0,0.0,1.0,0.2459771367323798,0.2938593853514087,,0.18481989412312194
B000281,11749.409678117077,4.105314352940978,8.113772457068166,6.431335658362885,0.42205565275918117,0.3148000265577056,1.313617661896881,87.32939802806787,1.6387569004878235,0.27741548954725115,0.11370133579503286,1.1828173633810748,0.3121473817060622,0.5804758820237329,2.811945134929648,0.5266855412862986,0.06726114444851097,0.45942439683778763,0.0,0.0,0.4733144587137013,0.0,0.0,0.0,0.0,1.0,,,,0.18861606020795307
B000282,7643.243779354194,4.652004734847349,10.566421348659581,7.0294592034197585,0.0,0.2879450892237417,0.012985778950302687,0.2895828705917499,2.0696333528037107,0.0,0.0,1.3198270324977142,0.8881904017793343,0.37435394776659064,2.0162291785856135,0.6750095055486841,0.48408313027523364,0.19092637527345066,0.2837114551090462,0.0,0.04127903934226966,0.0,0.0,0.0,0.0,0.95,0.9913685308185284,0.4125759532087584,,0.1888484004682247
B000283,13405.380162572803,6.177594544964426,14.890428498367381,8.071220115080694,0.18955722539776268,0.2700805325723623,0.019873395242238048,0.4431767139019085,1.987339524223805,1.4375917079630234,1.5500484788111293,0.0,0.8402957949737785,0.3623190389926892,2.466597297797101,0.6575075107320565,0.6575075107320565,0.0,0.0,0.0,0.3424924892679436,0.0,0.0,0.0,0.0,1.0,1.7723512434920468,,,0.1888484004682247
B000284,7921.764449448818,17.801717863929927,43.33963738003452,7.393294777274363,0.0,0.42323186954854003,0.09958927202591097,4.620437156293918,15.249762359835902,0.36688147420188527,0.11265759911855272,1.1006261125916637,0.4292239040892921,0.5425664140926266,2.0509224651762605,0.9230241337004428,0.8925842903465712,0.030439843353871607,0.061826960802573244,0.0,0.015148905496983818,0.0,0.0,0.0,0.0,1.0,,,,0.18861606020795307
B000285,45982.53152423326,14.719120206220634,31.146258506440034,3.0460069657163853,0.0,0.365,0.063683645504438,2.9549211514059235,12.736729100887601,0.8959605944673859,0.0,0.4594535488129083,0.0,0.6269769620527366,3.426220995639692,0.10346661588350194,0.10346661588350194,0.0,0.031214742618837558,0.0,0.8653186414976605,0.0,0.0,0.0,0.0,1.0,,0.24147541090546454,0.5830930009515366,0.18861606020795307
B000286,4913.517893546045,8.885204147461204,12.889968765744856,14.832359339838659,0.558536836444913,0.07123785091451816,0.02223414086780319,0.6350378936910355,3.862631719621246,0.8766898428849008,0.0,1.8452677681236715,0.8406553811194453,1.459959435711938,1.9390661790446073,0.7950493253710571,0.7950493253710571,0.0,0.09461295060504023,0.0,0.11033772402390268,0.0,,1.0,,0.5,0.3146581675687873,,,0.18481989412312194
B000287,1594.1081201869997,4.674803871516128,7.295575941831778,4.11589352585255,0.41859244227772824,0.1904653219568525,1.3556441428012522,90.10869547686774,2.30982827011842,0.0,0.24046110923885625,0.6397977903500803,0.6265421326147943,0.858174569193977,3.0088216535030834,0.21615640245303983,0.21615640245303983,0.0,0.27088621421761944,0.0,0.5129573833293407,0.0,0.28,0.28,0.28,0.7,,,,0.30976336009743166
B000288,8070.080752903888,4.686458044659633,13.249838159250398,4.89325575466582,0.0,0.3493310934344026,0.015132004892677206,0.33744370910670163,1.6080961131709506,1.4234008475620303,0.0,0.0,1.3194448756746913,0.3355162082519621,2.3989625326148922,0.6525972907943395,0.37105313461049405,0.28154415618384554,0.0,0.0,0.34740270920566063,0.0,0.0,0.0,0.0,0.95,,,,0.1888484004682247
B000289,509.19834828345626,1.5571814932215788,8.499945828498804,1.3016900494242654,0.0,0.3502558398470324,0.5733911511436511,20.724393455626487,0.5696339651726364,0.3116608458548665,0.0,0.07245107071412019,0.3420237547573125,0.26141185672264305,1.8273060284724363,1.0,0.753328742833749,0.24667125716625093,0.0,0.0,0.0,0.0,0.0,0.0,0.0,1.0,,0.42455645605914893,,0.19003346509277597
B000290,19216.173758181856,7.419372107406122,10.59311080357163,6.379258700442422,0.0,0.5887207181080725,0.011710660687130128,0.33915733816742694,3.9326845591108643,0.0,1.7789468567959386,0.0,0.33817284964427685,1.369567841855042,2.8467369216333203,0.43511940376063124,0.3895396909832241,0.045579712777407126,0.0,0.0,0.5648805962393688,0.0,0.5,0.5,0.5,0.5,0.20476697986578413,,,0.4014480571426785
B000291,169046.77491661438,258.8771438232992,2075.957295170762,543.1254934583271,0.0,0.4329854269281639,0.4089083035411182,14.802480588188478,0.1683978346033805,258.42524482498254,0.035466633436828036,0.07332787154311621,0.0,0.1747066587333742,1.6671591594125639,0.9998629982048124,0.0016086100098667404,0.9982543881949458,0.00013700179518759046,0.0,0.0,0.0,0.0,0.0,1.0,1.0,0.5461768493962408,0.43286493518961205,,0.19003346509277597
B000292,5186479.378739568,1728.250376121149,3172.9427315106705,7574.506210400951,0.0,0.44097093122886916,0.07418516708173623,4.940732127643633,14.837033416347245,0.9238459051288431,0.056367210564927224,1711.5088573662174,0.16429287644227622,0.7599793464480102,2.3440505618064136,0.9913823825339829,0.0012434275223327097,0.9901389550116501,3.261518778976729e-05,0.0,0.008585002278227295,0.0,0.0,0.0,0.0,1.0,0.20077812115633567,0.29998715321488384,,0.18861606020795307
B000293,10039.534029876431,4.9213402107237405,11.636160542203127,7.914783065306031,0.1465059035338066,0.45619655769881173,0.02247936809840807,0.5808935304465002,1.9148672623428977,1.3605897949118062,0.8535508617053031,0.16772053997382888,0.0,0.6246117517899057,2.6107516293677437,0.6109053265266347,0.403386366660021,0.20751895986661364,0.0,0.0,0.3890946734733655,0.0,0.0,0.0,0.0,0.9,0.44129346987156953,,,0.1888484004682247
B000294,1946.7087187015777,0.7385086186273057,5.941203426601252,0.6987211754952461,0.037574377164432786,0.4358637960771946,0.18666134808916715,6.803944872448505,0.2857225005301021,0.14092311921081513,0.034021808001556124,0.07031047312296292,0.0,0.20753071776186924,2.584060182914649,0.586684733563542,0.491478704345289,0.09520602921825298,0.0,0.0,0.4133152664364579,0.0,0.5,0.5,1.0,0.5,,,,0.4064886165245276
B000295,30756.570289501346,10.551139035849518,17.176087040263663,19.800353613270325,0.0,0.44338879400902587,0.020335254437646628,0.4837118693419092,3.533430570581271,0.27935953700441113,0.0,2.947140173188679,2.010624377021798,1.7805843780533581,2.7133697058015627,0.21875698174883193,0.21875698174883193,0.0,0.4698795583458356,0.0,0.31136345990533243,0.0,0.5,0.5,0.5,0.5,0.2626342404426356,,,0.4014480571426785
B000296,7184.693123227653,5.70666649978368,14.63631966040048,6.356973549323402,0.0,0.29188850202098554,0.012397711123872399,0.3308953011770268,2.4267430013479476,0.283203055466206,0.0,0.4607227619850076,2.117827392993596,0.418170287990921,1.7094751121959981,0.8589800208843394,0.8589800208843394,0.0,0.13036083630950104,0.0,0.010659142806159462,0.0,0.0,0.0,0.0,1.0,0.18070227124062094,0.2563229935171385,0.6888841947769806,0.1888484004682247
B000297,2368.3051395931793,3.593786251279483,15.30283807755344,6.3373100125469914,0.014004044395365046,0.2642615954407427,0.3984924938395953,14.389292502052761,1.088705193951936,0.9757460122558438,0.05899118509991011,1.1106391535267868,0.11258208989433362,0.24712261655067247,2.128083935981043,0.6868193852122052,0.670404612330566,0.01641477288163916,0.0,0.0,0.31318061478779474,0.0,0.0,0.0,0.0,0.6,0.39192787169040233,,,0.19003346509277597
B000298,5662.971667435001,6.435195076630683,10.11776991737846,16.05357938860293,0.02506302267918702,0.4684224594502034,2.9142002115296233,194.0672768825087,0.5810199693156614,0.0,4.0198679276516405,0.35863828360364036,0.49183764896649285,0.9838312470932485,1.584218961384328,0.958161578014881,0.8817322478843006,0.07642933013058052,0.0,0.0,0.0418384219851189,0.0,0.0,0.0,0.98,0.98,0.29515808917294206,0.37459522104246223,,0.18690117976449694
B000299,36360.71426566169,9.285167074990218,12.502234091595573,10.035869510842668,0.23396743513542564,0.6043927809378283,0.010868163216079538,0.2423600397185737,7.17708891627894,0.46593022761482006,0.0,0.04237682277634982,0.0,1.5997711083201078,3.309206439848252,0.2270371810960116,0.2270371810960116,0.0,0.0,0.0,0.7729628189039884,0.0,0.0,0.0,0.0,1.0,0.22436474872867188,,,0.18481989412312194
B000300,6636.446145744315,1.5952995542654602,11.753145857226665,2.3435801467533928,0.0,0.37386568186620367,0.3967355658133139,26.37497331888737,0.49493093035501373,0.6966093870692996,0.0,0.08437109909572851,0.16035420242377593,0.15903393532164242,2.6270925869953934,0.6897567425304649,0.15257638213874153,0.5371803603917233,0.0,0.0,0.31024325746953507,0.0,0.0,0.0,0.0,1.0,0.4898021698862043,,,0.19003346509277597
B000301,3802.4346373224466,1.5463337280693155,8.46824299320472,2.4737543492692495,0.0,0.4342770342671834,0.3908130960938508,8.748343853579584,0.6366768506999209,0.0,0.06937025283235981,0.41678517409349125,0.2255651389200973,0.19793631152344632,1.725736028760965,1.0,0.9551388865332631,0.04486111346673688,0.0,0.0,0.0,0.0,0.0,0.0,0.0,1.0,,,,0.19003346509277597
B000302,853458.3357539404,240.3430965232161,588.237133854329,832.8974318238608,0.0,0.4870694006800165,0.014728377862514304,0.31534691593917985,2.3993658818580865,234.8998252607727,1.1494384837318739,0.8348781972183528,0.0,1.0595886996350627,1.366539974145529,0.9900169136681389,0.9817607302800774,0.008256183388061451,0.0,0.0,0.009983086331861079,0.0,0.0,0.0,0.0,1.0,0.19869708869657796,,,0.1888484004682247
B000303,3395.956364293166,4.348215575279342,10.003509002692114,9.601457206362857,0.19018531284002135,0.2996534356496528,0.023255132806761867,0.5086829065676645,0.3656793666535264,1.839438615140173,0.5089663453373416,0.5327719108761831,0.349970230861659,0.7513891064104593,2.1151541142406916,0.8663048228438542,0.7437782595554283,0.1225265632884258,0.08048594298114484,0.0,0.05320923417500104,0.0,0.0,0.0,0.0,0.9,0.8464556516733907,,,0.1888484004682247
B000304,2394.9918124805977,3.585317084551793,9.002876881284179,10.896687726520877,0.332149422351716,0.3510855992617698,0.04214868625993476,1.56729235377596,1.7731091456216195,0.39459161788849895,0.790814605696339,0.26485906488063565,0.0,0.3619426504647009,2.8556008825800974,0.41498105348501463,0.3049233909176806,0.11005766256733401,0.07387326103508253,0.0,0.5111456854799031,0.0,0.0,0.0,0.0,1.0,,,,0.1888484004682247
B000305,10652.906938027789,5.914995523613431,14.990817217198586,8.539001982513591,0.13163447148056534,0.3652091115538216,0.02484991842049778,0.6289219065963471,1.8581651953681169,1.4867674816588037,0.3006308855174018,0.36235745980613976,1.5027882403315407,0.40428626093142683,1.9234855656055483,0.9907191615220768,0.9398939522184951,0.05082520930358176,0.0,0.0,0.009280838477923147,0.0,0.0,0.0,0.0,0.9,1.2409841900469627,,,0.1888484004682247
B000306,20213.656146463585,4.154060038319685,8.252500153562027,3.600346645828529,0.0,0.3466027740580843,1.0651186103287273,70.82742660550775,1.7621875191712144,1.0694986107737936,0.3901320576114513,0.3906125386190628,0.0,0.5416293121441629,2.6180287795688493,0.6557776973630293,0.3042875561701081,0.35149014119292094,0.0,0.0,0.3442223026369711,0.0,0.27999999999999997,0.27999999999999997,0.27999999999999997,0.7,0.4413665651305194,,,0.30976336009743166
B000307,3075.1122648657097,3.1702188297584635,8.102012955635573,3.2689591228659918,0.024916739018881213,0.14170415070479414,0.03075773354503626,0.6233437733685775,0.3593422614139332,0.0,1.9266859727488637,0.05366788469732194,0.0,0.8305227108983451,1.896029522928211,0.9830712365362456,0.9830712365362456,0.0,0.0169287634637546,0.0,0.0,0.0,0.0,0.0,0.0,1.0,0.7220808067112184,,,0.1888484004682247
B000308,1877.021123152237,4.692552807880592,7.204363473585317,6.137718175547069,0.0,0.3981433326145853,1.2590945316446702,45.71189141027582,1.9515516543749891,0.23197526478988867,0.0,1.8453048110389878,0.0,0.6637210776767275,2.723239794194173,0.5668894741635625,0.12421356600109541,0.44267590816246716,0.0,0.0,0.4331105258364376,0.0,0.28,0.28,0.28,0.7,,,,0.30976336009743166
B000309,9041.937753704287,4.1306248303811275,6.5299401398228465,5.99454492627108,0.2957457863857841,0.42597307341261315,0.03346781448379993,0.7592211743783819,1.6524298080979105,0.3126534159375367,0.35112616014459336,0.8740304259945372,0.0,0.9403850202065487,2.923370230234861,0.3562713144757517,0.19557417945637887,0.16069713501937286,0.2115976303550888,0.0,0.43213105516915923,0.0,1.0,1.0,1.0,1.0,0.2284182330461247,0.20193307459649806,1.0542909783839591,0.6052750777176602
B000310,10377.931583048668,6.093911675307497,10.645342694481753,6.4153108732376465,0.13458524895505455,0.44920853172882735,0.018531412100779524,0.3203518473423402,3.399523939964749,0.47569918813747253,0.0,1.0739029052654772,0.0,1.1447856419397984,2.494318628209169,0.5509623577367323,0.5509623577367323,0.0,0.0,0.0,0.4490376422632679,0.0,0.0,0.0,0.0,0.5,0.5079970120045348,,,0.18861606020795307
B000311,73108.05531054303,69.62671934337432,117.13012848482767,588.5559690998853,0.13026212203386148,0.8063351758043791,0.7176191322184859,47.47720393175754,1.560319103232712,0.63555813040592,0.49794819154888914,65.21660587077649,0.6245487622176563,1.0917392851926173,2.3178177671146467,0.991791013114082,0.05513039653165577,0.9366606165824256,0.0,0.0,0.008208986885918129,0.0,0.28,0.28,0.28,0.7,,,,0.30976336009743166
B000312,6152.154043839212,4.74703244123396,7.472546602891689,9.44601573940398,0.0,0.809,1.8707634726073408,67.5644117771278,1.1344088082449684,0.35536488485170437,0.0,1.952816197668294,0.0,1.304442550468994,2.5148375374377174,0.7610277953040309,0.27479115987037844,0.48623663543365253,0.0,0.0,0.23897220469596922,0.0,0.0,0.0,0.98,0.98,0.24744517607441496,,,0.18690117976449694
B000313,3251.584223631875,5.313046117045547,13.679149413809542,8.64397666029176,0.015791231049336295,0.38760656136169486,0.016761378357438548,0.37377873737087963,1.7812515644260964,0.0,1.4983544057802514,0.7928962143575399,0.8603739097446775,0.3801700227369833,2.360146147474288,0.6606090403997559,0.5113733294930247,0.14923571090673118,0.0,0.0,0.3393909596002443,0.0,0.0,0.0,0.0,0.95,,0.3437035267729858,,0.1888484004682247
B000314,1363.8659115277824,1.036372273197403,5.837050274734326,1.3152204862870223,0.0,0.433,0.5194407506380843,34.5047275884155,0.2832652303879807,0.3025788986883773,0.0,0.18934995997437418,0.0,0.26117818414667127,2.6041323691585503,0.46821631297446903,0.17625665087846892,0.29195966209600005,0.18270457910861895,0.0,0.34907910791691243,0.0,0.0,0.0,1.0,1.0,0.5997206442815722,,,0.19003346509277597
B000315,6426.846011582543,7.031560187727071,11.212216622795916,9.435366620869093,0.03095887701865148,0.457496235369675,1.7526665647391055,63.32269911231123,3.2939303083964107,0.6887010519328708,0.21750237342478956,1.4935039953885885,0.6479818834756883,0.6899405751087224,2.2266296921411706,0.7111923022844989,0.7111923022844989,0.0,0.2124000869672366,0.0,0.07640761074826431,0.0,0.28,0.28,0.28,0.7,0.3126874235194355,0.28614666528479477,,0.30976336009743166
B000316,12750.260691496092,4.2430152051567696,11.403100764460081,4.532906690127901,0.24953484461956385,0.23060200368112552,0.013923371730217994,0.19005488931105619,2.3288579238193403,0.42400949436100716,0.0775359471454032,0.5443365956907893,0.3714158346669073,0.49685940947332097,3.0332499914071716,0.32284133320611724,0.11710054889019969,0.20574078431591758,0.12829004124925764,0.0,0.5488686255446248,0.0,0.0,0.0,0.0,0.5,0.6951696465857145,,,0.18861606020795307
B000317,20035.542066334743,6.298504264801869,11.630878138601897,9.707348880247604,0.23689820035309786,0.37802653436111433,0.025716277476801837,1.171305968726321,2.0715556774306245,0.6274719319418847,0.29905884094881896,1.1352331692832043,1.459390745918415,0.7057938992789209,1.9768592868500834,0.7453041016433412,0.41796226690080873,0.3273418347425323,0.23170433559503562,0.0,0.022991562761623424,0.0,1.0,1.0,1.0,1.0,0.29358568275560265,0.15880501826410884,0.8518587916435416,0.6052750777176602
B000318,2703.495696886609,2.442182201342917,12.463140326679062,2.6550534660574283,0.0,0.21501942100518284,0.5000928712396417,33.07530582147554,1.1411882632530623,0.5881831235075813,0.0785518783923772,0.3363875320143648,0.0,0.29787140417553154,1.6144503429306625,0.9762243149832678,0.9762243149832678,0.0,0.0,0.0,0.023775685016732204,0.0,0.0,0.0,0.0,0.6,0.9859018406942488,,,0.19003346509277597
B000319,14568.19934515061,3.4399526198702737,12.79487948397239,3.0865005316493304,0.0,0.3009510187633088,0.009104167744435008,0.2786725964532374,1.6909157523897165,0.6597055061815622,0.0,0.3418943100654158,0.49400375949953323,0.25343329173404644,3.0218658127808977,0.4090587031016164,0.07367348325384895,0.3353852198477674,0.09938924975027975,0.0,0.4915520471481039,0.0,0.0,0.0,0.0,1.0,0.29265721611575185,,,0.1888484004682247
B000320,2836.819384161412,4.48154721036558,9.763253614417113,6.258443060083812,0.1534298534733623,0.26654728812531403,1.2457724572668878,82.94557192022822,0.7567966871067136,0.8869765889076323,0.6222270772199259,0.32978484772082733,1.1427848486053922,0.7429771608050891,2.2277949355252114,0.7568236877901229,0.42006417254127054,0.3367595152488521,0.07358727516203613,0.0,0.16958903704784123,0.0,0.0,0.0,0.0,0.92,0.3900442478581546,,,0.18690117976449694
B000321,1854.3007893002066,2.751188114688734,12.072481226605117,0.8726794184302923,0.0,0.41142350096778035,0.29615226846978304,6.613402970594323,0.6290573494169472,0.2835898367824246,0.0,0.0,0.1462044938111939,1.6923364346781682,2.1702594041076892,0.953570699082917,0.8504916565164258,0.10307904256649118,0.0,0.0,0.04642930091708297,0.0,0.3,0.3,0.3,1.0,0.6824525739321189,,,0.32150759030508125
B000322,3053.2874455381125,1.9300173486334466,8.062016408915637,2.9069020432854122,0.0,0.4285525626917251,0.44744392086132107,29.790530132082147,0.6163051436357049,0.0,0.05333543783556193,0.812210802859283,0.1682474858267659,0.27991847847613094,2.298357230554694,0.6806737804341079,0.2598429503722068,0.4208308300619012,0.0,0.0,0.3193262195658921,0.0,0.3,0.3,0.3,1.0,1.5516114672015333,,,0.32150759030508125
B000323,26534.077782837834,15.346488017835647,25.966678151534794,21.788976064560252,0.0,0.3841651993823087,0.013205934688052992,0.05193248944418003,5.252821690883973,0.6473129816649873,1.7708060945492876,4.340571009160952,2.5361907679220064,0.798785473654443,2.6035500556217333,0.657718320649053,0.21731201547224027,0.4404063051768128,0.0,0.0,0.34228167935094717,0.0,0.0,0.0,0.0,1.0,0.2342757797574749,,,0.18481989412312194
B000324,2257.876109634503,1.840159828552977,8.467230250002677,3.4082986234175263,0.0,0.44211914182856066,0.5988268833705686,21.638454076107678,0.32810516340911516,0.5990547875600831,0.0,0.45469103436258385,0.0,0.4583088432211952,2.7338919157679307,0.3415269945485761,0.3415269945485761,0.0,0.3255449761834841,0.0,0.33292802926793996,0.0,0.0,0.0,1.0,1.0,0.6912743989548181,,,0.19003346509277597
B000325,5776.557806706955,4.433275369690679,13.840594290298743,9.718158222747233,0.0,0.3542345824979945,0.012436888731532116,0.23104196274957622,0.3810691232057473,1.418888680121149,1.0308600242029988,0.2885110094709209,0.9616605483070952,0.35228598438276754,2.4848984644175,0.8336149829481119,0.6166962336906768,0.2169187492574351,0.06507852217874999,0.0,0.10130649487313807,0.0,0.0,0.0,0.0,1.0,0.8155672822835924,,,0.1888484004682247
B000326,5708.835996363113,4.185363633697297,16.432635528523644,5.513648551921436,0.010300479518151972,0.43707079904342083,0.0189164968498509,0.4841403850587334,1.6319573017499287,0.3447608229996563,0.7545234562958488,0.49597754359416313,0.36737756688763556,0.5907669421700643,1.7588737668867396,0.9791208922339817,0.510191651779065,0.46892924045491674,0.0,0.0,0.020879107766018246,0.0,0.0,0.0,0.0,1.0,0.11301258331653304,,,0.1888484004682247
B000327,2212.757517115149,1.4453021013162304,4.486606574164916,0.9116089025243972,0.0,0.3457311399001387,0.6389274216412033,42.55256628130414,0.58217647533161,0.40713213407124804,0.09429248654499278,0.0,0.0,0.36170100536837935,1.8710659422328046,0.9014070777546836,0.9014070777546836,0.0,0.0,0.0,0.09859292224531616,0.0,0.0,0.0,0.0,1.0,0.7110642166575185,,,0.18861606020795307
B000328,2485.8453850465244,3.386710333850851,11.077540655161396,2.3886138545736655,0.0,0.24,0.015088786248798794,0.5178785100820438,1.4527727785407825,1.6027598964189298,0.0,0.0,0.0,0.3311776588911393,2.450974854142153,0.5568315297082141,0.5568315297082141,0.0,0.0,0.0,0.44316847029178624,0.0,0.0,0.0,0.0,0.95,1.00433737734015,0.3709786141995138,,0.1888484004682247
B000329,8050.205787082835,4.664082147788433,8.03169920823392,4.288303769893409,0.30960434581488994,0.40730474308463754,0.01891977948978821,0.36615498305322963,2.5365285289782067,0.2034348012575533,0.0,0.24654905817974024,1.0511600806336738,0.6264096787392585,2.0022784594898373,0.7746265937592669,0.7217653768322352,0.0528612169270317,0.22537340624073318,0.0,0.0,0.0,0.0,0.0,0.0,1.0,0.12518267809569666,,,0.18481989412312194
B000330,99906.2668695094,310.2679095326379,2159.103315318715,668.8735002329532,0.00016764510518935694,0.45296964136718754,0.20578374977225883,7.511153249966978,0.31458691251668996,309.0294992759262,0.0,0.6144352852313255,0.1477684073515496,0.16161965161210626,2.0006489898434503,0.9988969052353831,0.002266499166371759,0.9966304060690112,0.0,0.0,0.001103094764616997,0.0,0.5,0.5,1.0,0.5,0.6666285103993417,0.3555909956437263,0.5442626304612279,0.4064886165245276
B000331,13684.066781552207,5.425878977617845,7.981324571687557,6.0659258449700735,0.0,0.37811825326796833,1.2983245559613732,86.36499085995419,1.5355495429041277,1.20741991769781,1.595243617850111,0.23341809784782852,0.0,0.8542478013179681,1.5405479141247016,0.9791047373249182,0.7135555016178184,0.2655492357070997,0.0,0.0,0.02089526267508168,0.0,0.0,0.0,0.98,0.92,0.26064556741540784,,,0.18690117976449694
B000332,4973.606761557473,1.6905529441051914,7.223703960136151,2.644318471230179,0.0,0.4172444685768056,0.6583233089626104,43.79668340243364,0.3616432827720504,0.6059737712080152,0.07115792024905651,0.40666521639038145,0.0,0.24511275348568742,2.618206991725894,0.37777975506706857,0.17295220315899448,0.20482755190807408,0.35844708284410265,0.0,0.26377316208882856,0.0,0.0,0.0,1.0,1.0,0.46877139924557987,,,0.19003346509277597
B000333,3342.5352236733575,8.961220438802567,12.051769063433815,1.9282089878056887,0.0,0.24,0.009928526577783032,0.022934896394678803,6.556574155139738,1.2938282308176172,0.0,0.0,0.0,1.1108180528452118,3.275775162316629,0.2570734267312928,0.11269262060635125,0.14438080612494156,0.0,0.0,0.7429265732687073,0.0,0.0,0.0,0.0,1.0,0.1874281385394344,,,0.18481989412312194
B000334,12390.725573147925,11.132727379288342,16.79342933981272,7.287552799117833,0.06267673760721819,0.4035081796469504,0.019225511054278718,0.7435174563189545,6.935633693242148,0.0,1.6688154194925264,0.122647013753473,1.6243479564075982,0.781283296392595,1.626186506617179,0.9854087773496899,0.8355070180919143,0.14990175925777544,0.0,0.0,0.014591222650309973,0.0,0.0,0.0,0.0,1.0,0.15693350479659024,,,0.18481989412312194
B000335,5674.689364267895,1.602566891914119,6.655012296990847,2.5382101841742553,0.0,0.29766820955064144,0.6455808500719543,42.90762776813575,0.35426509508215875,0.0,0.05973453511216049,0.6320383737295672,0.2546495357421414,0.3018793522480911,2.6421169582882555,0.7219949980788017,0.32760373933099657,0.3943912587478052,0.037274285032066944,0.0,0.24073071688913134,0.0,0.0,0.0,1.0,1.0,,,,0.19003346509277597
B000336,9279.913705624333,4.67031389311743,11.840205872257862,3.7841909270802643,0.0,0.34790825416718557,0.010763635155228666,0.2645097924450267,2.5341061757959973,0.6262632803663277,0.09148762337297124,0.6917595864042855,0.25105220298060044,0.4756450241972486,2.0517096795241865,0.6948239535831784,0.5411402997291971,0.15368365385398133,0.14811843534194158,0.0,0.15705761107488028,0.0,0.0,0.0,0.0,0.5,,0.13738370368419442,,0.18861606020795307
B000337,5065.182608941864,5.195059086094219,11.121052037320508,7.8200185131667705,0.13934986905748498,0.3633468873552843,0.020873526061249658,1.272068321103105,1.0723681833292567,1.1928563243558437,0.20717591665523835,0.18009858957520525,1.9964611253347104,0.5460989468439642,1.9545401427310343,0.935658939640388,0.6661659044680655,0.2694930351723223,0.03466728416184542,0.0,0.02967377619776657,0.0,1.0,1.0,1.0,1.0,,,,0.6052750777176602
B000338,12682.686217275643,3.7983486724395457,14.50714924892382,6.3273578372266925,0.013590554599733571,0.2584798633701198,0.007469462697731516,0.16656901815941283,0.2847069065592827,1.0862648474748613,1.1517150391194282,0.8702683660783658,0.0,0.4053935132076073,2.0759784767733285,0.7035261888963514,0.17119396256096722,0.5323322263353841,0.28598344732190994,0.0,0.010490363781738595,0.0,0.0,0.0,0.0,1.0,0.9591685864304109,,,0.1888484004682247
B000339,7449.811535557471,11.604067812394815,22.43131240724191,15.482669675517895,0.04862948145933636,0.15150883528065975,0.0417860110479981,0.3266531287071932,2.95519926332277,0.2367793456150409,1.4202441452880203,2.306925144948899,3.786525960660268,0.8983939525598191,2.2969063977164432,0.7211435197802688,0.3999484569372404,0.3211950628430288,0.0,0.0,0.2788564802197312,0.0,0.0,0.0,0.0,1.0,0.14574050444111905,0.1996989628318734,,0.18481989412312194
B000340,1980.4119839573925,6.131306451880472,15.460511767936005,7.570181638112348,0.0,0.1942720028844438,0.028306133110628462,0.661112785739036,1.7632555477763727,1.0802356301875269,0.0,0.7056424730446227,2.067087157588301,0.5150856432836495,2.1804145103583084,0.7124176451438694,0.4824729138920479,0.22994473125182163,0.0,0.0,0.28758235485613054,0.0,0.0,0.0,0.0,1.0,0.7897053901588817,,,0.1888484004682247
B000341,806.3935140414119,1.4608578152924128,9.084913002804134,1.5567337443419333,0.0,0.36761118112785873,0.4521184295650377,30.11108740903151,0.5651480369562971,0.22509465118767213,0.0,0.24378455244151953,0.23795530365629727,0.1888752710506266,2.662615070715916,0.47577567079306227,0.32169178334600357,0.15408388744705864,0.13736393044651884,0.0,0.38686039876041883,0.0,0.0,0.0,0.0,1.0,0.39574291652698834,,,0.19003346509277597
B000342,8788.847631342882,7.479870324547133,11.845101111621204,6.561798382354169,0.0,0.4123713914212536,0.015697185602660722,0.17266904162926797,3.5856515336027037,0.0,1.0510365701820596,0.0,2.17589063718494,0.6672915835774315,3.116302938395373,0.08921165135544411,0.08921165135544411,0.0,0.4314148597973686,0.0,0.47937348884718745,0.0,0.0,0.0,0.0,1.0,,,,0.18481989412312194
B000343,1013.7216293753311,1.6618387366808707,10.834589581482152,2.389907930809922,0.0,0.4065186701100093,0.2591930589499175,17.146194233529414,0.6743017537285672,0.32730275156242433,0.024598652294202827,0.3587873888958478,0.0,0.2768481901998283,2.049414633224388,0.8072874644398726,0.7924853950505572,0.014802069389315603,0.0,0.0,0.19271253556012738,0.0,0.0,0.0,0.0,0.6,1.0687047360087443,0.3533990134926347,,0.19003346509277597
B000344,14598.582172197888,5.445200362625098,12.845764311129145,6.991870274795998,0.2438790296371592,0.44161405212041943,0.012438577072139485,0.3103714760190367,2.5259829051082847,0.11789563900766314,0.24906064322542623,0.6149910672045243,1.0807162497406373,0.8565538583385632,2.891111418079256,0.38475230963020207,0.3390128277674345,0.0457394818627676,0.13459315679962733,0.0,0.4806545335701708,0.0,0.0,0.0,0.0,1.0,0.14537230330676926,,,0.1888484004682247
B000345,1579.5834823493667,3.815419039491224,7.632586172992429,2.8641674787106677,0.09849722519174912,0.4892925189143485,1.4529915619113598,96.6171621822694,1.8395416992829459,0.5665397696839066,0.39911650979317165,0.02729345504405925,0.0,0.9829276056871409,2.0622656976328,0.9100054977020695,0.9028520357201587,0.0071534619819108415,0.0,0.0,0.08999450229793063,0.0,0.0,0.0,0.0,0.98,0.3844380167792128,,,0.18690117976449694
B000346,25822.290308789034,11.642150725333199,21.693577548023033,2.6692826480074165,0.022557398772960122,0.4479277270117535,0.0408379609856273,2.2997190544518182,9.639689385123912,1.0305274411001795,0.0,0.05103864727224227,0.12308152189459892,0.7978137299422688,2.8434944439798557,0.4171357004528405,0.3242348169400593,0.0929008835127813,0.0,0.0,0.5828642995471597,0.0,0.0,0.0,0.0,0.5,0.11095554414098592,,,0.18861606020795307
B000347,8030.547292455329,8.776554417983967,15.882423853851451,11.953451839580028,0.0,0.44511253850646654,0.015840456557375274,0.26173273569876626,3.4000819813546617,0.33817529517331396,0.0,1.916741908462439,2.0068996668506403,1.1146555661429123,2.8079176134659316,0.3942014557646405,0.1655354472980014,0.2286660084666391,0.21839343974611025,0.0,0.3874051044892494,0.0,0.5,0.5,0.5,0.5,,0.2961929085658342,0.2653281646723495,0.4014480571426785
B000348,6277.200950897695,8.089176483115587,12.44108593178091,9.960393121744675,0.0,0.4040176701326196,6.917370512622552,319.5279688428852,3.6432281230331487,0.7648908215519014,0.0,2.870864647773779,0.0,0.8101928907567567,2.4837535322512503,0.5249521146441953,0.4923349940714299,0.03261712057276552,0.0,0.0,0.47504788535580456,0.0,0.5,0.5,0.5,0.5,0.2568682384214751,0.22157194755910678,0.6894942671317318,0.4014480571426785
B000349,5996.614843726693,4.049030954575755,9.982484374420062,8.52749131135458,0.16459424701339942,0.3935006076248227,0.02123141719804584,0.3250515681147461,0.47846584369528494,0.0,0.5879564163353803,1.1705924559092304,1.3416838273273979,0.4703324113084617,2.248180145412245,0.8818320113965596,0.4475184949100291,0.43431351648653094,0.0,0.0,0.11816798860344034,0.0,0.0,0.0,0.0,1.0,0.3897932733231354,,,0.1888484004682247
B000350,2147.899667249464,3.9629145152204135,6.804115597595495,0.0,0.0,0.0,0.01482966406509279,0.3307015086515692,3.3874867153765256,0.0,0.0,0.0,0.0,0.5754277998438871,3.5284643038908947,0.10365177208182849,0.10365177208182849,0.0,0.0,0.0,0.8963482279181714,0.0,0.0,0.0,0.0,1.0,0.17057770454298593,,,0.18481989412312194
B000351,18689.370077446943,4.81312646856733,12.041364120281937,6.3261560356709285,0.09705757133564467,0.39431954772145,0.01625043366000112,0.4113784605070658,2.2405164346826876,0.8853573514457985,0.08107931038113973,0.8003983454538599,0.26946393817083547,0.536311088433011,1.6952653089460925,0.9796907238843043,0.5734641998485708,0.40622652403573395,0.0,0.0,0.02030927611569569,0.0,0.0,0.0,0.0,0.5,0.3899115304236098,0.16395824201671377,0.7389616223585396,0.18861606020795307
B000352,6186.447023491102,1.3227382988007488,9.665675605959315,2.1731611605592542,0.0,0.38475347195296183,0.39899035679176165,14.443450915861773,0.21944469623546892,0.35144118662291307,0.0,0.34412995126359125,0.1297188414199977,0.27800362325877775,2.058703898809884,0.8030692513904462,0.5429044466247611,0.2601648047656851,0.0,0.0,0.19693074860955379,0.0,0.0,0.0,1.0,1.0,0.9467374402366419,,,0.19003346509277597
B000353,22940.49551875629,6.218621718285792,14.440126340439681,8.16351416744265,0.0,0.4649603767295947,0.020023953927988686,0.4372687123699974,2.9352801748724437,0.25553613759282406,0.0,2.540769401448445,0.0,0.4870360043720793,1.6941715270818347,0.9589079141377225,0.5503335520765377,0.4085743620611846,0.041092085862277604,0.0,0.0,0.0,0.0,0.0,0.0,0.5,0.7181374740003251,,,0.18861606020795307
B000354,10265.072100031479,4.00666358315046,13.064361712106532,8.839772865975924,0.36228085497041834,0.18478636692152367,0.009098702056442495,0.021018001750382168,0.36394808225769987,0.4025377198891829,0.2557998238069118,0.9607532342403391,1.4150949841915756,0.6085297387647517,2.5576973044145115,0.5325653583098209,0.1284658514918977,0.40409950681792317,0.35318537601773875,0.0,0.1142492656724406,0.0,0.0,0.0,0.0,1.0,0.38483463315474126,,,0.1888484004682247
B000355,18164.51013488474,13.951236662737895,24.962131679921768,12.118268355314076,0.0,0.6776175569456167,0.037946762137349696,1.6730816632127423,9.26367610947958,0.2530971014281459,0.0,3.0919242819626245,0.505514786500697,0.8370243833668479,3.135114016513371,0.32514136643671654,0.049141735509675155,0.2759996309270414,0.0,0.0,0.6748586335632836,0.0,0.0,0.0,0.0,0.5,0.1758446357260578,,,0.18861606020795307
B000356,1394.7339825265342,4.470301226046584,8.488491508810444,1.3854726478689325,0.06621968714468586,0.47692575417542804,0.013182484704931819,0.36056563325223934,3.2469174150078377,0.0,0.0435474520133881,0.44116566692725956,0.0358874661280142,0.7027832259700837,3.3325075205656325,0.1681469054497136,0.1681469054497136,0.0,0.09868812964029604,0.0,0.7331649649099902,0.0,0.0,0.0,0.0,0.5,0.5322537630986787,,,0.18861606020795307
B000357,9436.695648262556,18.288169860973944,43.867391498968466,6.964559817350975,0.0,0.24,0.027901154409240764,1.2770522464461749,17.47847001487803,0.0,0.10513026753478547,0.0,0.21010801333253362,0.4944615652285953,2.1728997161752215,0.9005179095946824,0.9005179095946824,0.0,0.0,0.0,0.09948209040531762,0.0,0.0,0.0,0.0,0.5,0.0920197092437707,,,0.18861606020795307
B000358,667.0367850734633,0.7234672289300036,5.222843622549445,0.48220227287367223,0.0,0.38427795796243863,0.19557419442004229,12.923744049884622,0.2969460797395718,0.0,0.02453878507310375,0.09820279316438082,0.11873591717919948,0.18504365377374773,2.9353049610230495,0.425430786224335,0.25577337351883145,0.16965741270550347,0.16412065734450473,0.0,0.4104485564311604,0.0,0.5,0.5,1.0,0.5,,0.3117006459281222,0.4073598757918218,0.4064886165245276
B000359,9709.644192403013,3.905729763637576,11.179596893920145,5.56962781038325,0.0,0.24,0.014361118484068135,0.4653289395548819,2.1244465388509877,0.0,0.0,1.3819226270119829,0.0,0.39936059777460514,2.8226947969931335,0.45606924507946556,0.45606924507946556,0.0,0.0,0.0,0.5439307549205346,0.0,,0.0,,0.5,0.5956269549755148,,,0.18861606020795307
B000360,1367.453172173623,1.618287777720264,8.586319142950568,2.108652661606604,0.0,0.44069157040197243,0.5312906550434473,19.232721712572793,0.664113318804309,0.0,0.05193390710338817,0.6763544105084917,0.0,0.22588614130407494,2.474894885387,0.5764112279690466,0.1263748823705871,0.4500363455984596,0.0,0.0,0.4235887720309533,0.0,0.0,0.0,0.0,1.0,0.7091263064073059,,,0.19003346509277597
B000361,41781.19823735353,8.946723391296258,13.994624492067818,11.298529479323522,0.026970000472783917,0.3678685107710267,1.7083187089787626,113.72764336847649,2.2333284578574593,1.4388104141705964,0.0,0.08182231414744243,4.275159394260292,0.9176028108604702,2.6922202371680215,0.7285484455767044,0.08988224807364144,0.6386661975030629,0.0,0.0,0.27145155442329594,0.0,0.0,0.0,0.0,0.98,0.23459684910918152,,,0.18690117976449694
B000362,913.0253710025103,0.9500784297632782,6.681985511061774,0.8282931952145381,0.027427561932198356,0.33667338845156797,0.441790822268912,15.783071870732092,0.27512408091996515,0.1731334052621221,0.03469290985108233,0.09368606794098457,0.15255249183983136,0.22088947394929265,2.1217297538623194,0.8632436281676744,0.6810129829510894,0.182230645216585,0.09860877271398259,0.0,0.03814759911834297,0.0,0.30000000000000004,0.30000000000000004,0.30000000000000004,1.0,0.6280279606299677,0.45898993505360064,,0.32150759030508125
B000363,5591.089110503803,9.843466743844724,15.59652647946123,11.169379038904772,0.0,0.32631965357387754,0.02131325483428797,0.40716004437262293,3.890403688631971,0.0,0.8502038608747206,1.2989797850331466,3.083064099766674,0.7208153095382068,2.640150322122731,0.594737409240369,0.28152823405881394,0.31320917518155517,0.0,0.0,0.40526259075963045,0.0,0.0,0.0,0.0,1.0,,,,0.18481989412312194
B000364,8508.541635160016,5.954192886745988,12.654244737013876,2.536622731112988,0.021781154952930797,0.36499999999999994,0.006329089106858021,0.14113868708293387,4.179587146038316,0.0,0.0,0.2278455224927858,1.0823189771157447,0.4644412410991397,3.3474940917132137,0.210679631742691,0.028905376574541668,0.1817742551681493,0.038266399296530876,0.0,0.7510539689607779,0.0,0.0,0.0,0.0,1.0,,,,0.18481989412312194
B000365,2988.481674864025,5.483452614429404,10.425076421927486,6.760038444742785,0.025017563758217395,0.4231178625118576,1.1788327079019538,26.330210634898958,1.6380741953501397,1.0878524024851544,1.5175236493929614,0.35734128581649366,0.27846946429509306,0.6041916170895618,2.6053503020861575,0.7105168437193882,0.18459901074960383,0.525917832969784,0.0,0.0,0.2894831562806122,0.0,0.19999999999999998,0.19999999999999998,0.19999999999999998,0.98,,,,0.27509512128729385
B000366,350.1121953682958,0.7780271008184351,6.150662709667501,2.0199264460727013,0.14332561799570026,0.2645662612413628,0.6423771132245589,23.211371006206267,0.20454627869291184,0.29876500480936874,0.016209279529893223,0.006420448138687,0.1174539279444932,0.13463216170308107,1.997491975086995,0.9655337660169844,0.581530426679464,0.3840033393375204,0.0,0.0,0.03446623398301564,0.0,0.0,0.0,0.0,1.0,0.811719321055398,,,0.19003346509277597
B000367,1286.5664499535078,3.5152088796543928,6.875658067169959,1.1425989128048002,0.0,0.24,2.4113179676108003,87.28971042751097,2.304275343819128,0.766683870492021,0.0,0.0,0.0,0.4442496653432435,2.096627781482419,0.9591239908637962,0.7410192076944387,0.21810478316935739,0.0,0.0,0.040876009136203824,0.0,0.0,0.0,0.0,1.0,0.5634945784091326,,,0.18861606020795307
B000368,4066.4139435029215,11.96004101030271,17.122841536755192,14.288774371403019,0.037308148277928506,0.34172351856517125,0.010543541943753006,0.6041755099106623,5.0332203272191505,0.7712381961774952,1.8055485387246577,3.4230360904932073,0.0,0.9269978576882014,2.039200677561513,0.7204447340590361,0.6703457933997227,0.05009894065931343,0.0,0.0,0.27955526594096397,0.0,0.5,0.5,0.5,0.5,,0.28840776932792594,,0.4014480571426785
B000369,6081.003183865534,1.957194458920352,11.229370498925286,2.7818801900527337,0.04701262080325448,0.42570428061225674,0.4971809712942219,17.96824164576557,0.6202345927919137,0.7147219594834526,0.07090321708042235,0.33202642389043147,0.0,0.21930826567413148,2.711806843900907,0.2878590130447052,0.2878590130447052,0.0,0.3952411561975199,0.0,0.31689983075777456,0.0,0.0,0.0,0.0,1.0,0.7844879302522783,,,0.19003346509277597
B000370,28778.134624133316,7.862878312604731,18.161099361202254,10.432241648741545,0.0,0.1887390236335785,0.011449847036285895,0.12594831739914483,2.6154472925526155,0.8134847845368411,1.4775008930491391,1.181138367198616,1.304738133196632,0.47056884207088856,2.760160349990497,0.31352284695217464,0.21006394142227858,0.10345890552989602,0.3538448537077894,0.0,0.3326322993400362,0.0,0.0,0.0,0.0,1.0,,,,0.1888484004682247
B000371,5983.370777129393,2.7752183567390505,17.90901309188487,6.177380244284341,0.13925748978991462,0.36946521914835306,0.24396013682867404,16.180962686261957,0.7350565834778843,0.35867320655069423,0.0,0.9866266341708733,0.4745791126839822,0.22028281985561712,2.3074266008332485,0.8907956952940737,0.3642764960726445,0.5265191992214291,0.0,0.0,0.10920430470592643,0.0,0.0,0.0,0.0,0.6,,0.2760010753012031,,0.19003346509277597
B000372,6010.960503476894,2.448456416894865,9.092036230079488,4.599387668689882,0.31340270340401893,0.18960792759884307,0.01838676276821772,0.27030519663569685,0.5714122872581954,0.0,0.4189307650168234,0.7816417146308451,0.3981362130109463,0.27833543697805513,2.1950743602009988,0.46191204847005285,0.2993050237896368,0.16260702468041602,0.49033851342562823,0.0,0.04774943810431897,0.0,0.0,0.0,0.0,1.0,0.9366740191743336,,,0.1888484004682247
B000373,11312.391184063972,2.6011476624658476,6.660774419480317,1.7090047076031976,0.0,0.4385871183381011,1.0798210724588897,71.91608342576205,1.349776340573612,0.5687148675011363,0.05250964519842182,0.0,0.1651796534873293,0.4649671557053487,2.9311733955776837,0.4810843074960057,0.24225722295031443,0.23882708454569124,0.0,0.0,0.5189156925039945,0.0,0.0,0.0,0.0,1.0,,0.3306004046865471,,0.18861606020795307
B000374,5568.455593334684,2.880732329712718,4.191907855209241,3.0410832866693323,0.0,0.36499999999999994,5.524386808777959,200.03427125915374,0.9051878429408404,0.8051753541988256,0.0,0.42245445325898073,0.0,0.7479146793140719,2.111462586790488,0.6751113755370663,0.6751113755370663,0.0,0.14664828415388045,0.0,0.17824034030905334,0.0,0.0,0.0,0.9800000000000001,0.98,0.14686962254267819,,,0.18690117976449694
B000375,6113.408683834951,3.780710379613452,6.422225901885612,2.694606302089813,0.0,0.433,1.7006225842017626,113.07774017997204,2.214309872377454,0.0,0.0,0.8155169258232479,0.0,0.750883581412749,3.100991260589688,0.3890572775316251,0.17335259668097827,0.21570468085064695,0.0,0.0,0.6109427224683747,0.0,0.0,0.0,0.0,0.98,0.2707884717313765,0.493352960946764,0.7093146272974168,0.18690117976449694
B000376,4508.06668008636,3.876239621742356,8.527316489659755,1.4877624243432848,0.0,0.453,0.014215892591487114,0.28479358551009465,2.7846775910410213,0.0,0.0,0.1978315623088393,0.4924902025864448,0.40124026580605116,3.302965916516145,0.2600163177251936,0.08192573709566409,0.1780905806295295,0.0,0.0,0.7399836822748066,0.0,0.0,0.0,0.0,1.0,0.2658195123218267,,,0.18481989412312194
B000377,6673.149794349523,10.780532785701975,24.039154456120272,5.0135775885365605,0.0,0.2486891393567448,0.030541968707853414,1.8459074343588087,7.4559959775049025,0.3983060347741308,0.0,0.5617596859602182,1.8109768074749815,0.5534942799877455,3.2619833800752396,0.23672084110975247,0.06873500557879923,0.16798583553095325,0.05210871272570775,0.0,0.7111704461645398,0.0,0.0,0.0,0.0,0.5,,,,0.18861606020795307
B000378,3488.9361266624496,2.017892496623742,8.676042644724536,1.2329103361535927,0.0,0.24000000000000002,0.6748124095018561,44.90812002617442,0.8420178443403347,0.63780626083665,0.0,0.0,0.18947657472241064,0.348591816724346,2.5512214167129006,0.5760527941126873,0.5760527941126873,0.0,0.0,0.0,0.42394720588731255,0.0,0.0,0.0,0.0,1.0,0.9246440882376045,0.3991089458484438,,0.19003346509277597
B000379,1791.360605674381,4.137091468070164,8.939708473145636,4.699106309715177,0.0,0.5307105889835824,1.2536249420207422,83.45572384471454,1.654285347285683,0.22277556897743786,0.926776788421271,0.0,0.6788252807555324,0.6544284826302407,2.6018084140050872,0.5384477991002332,0.5384477991002332,0.0,0.05384835474313464,0.0,0.40770384615663247,0.0,0.0,0.0,0.0,0.92,0.2423365163792858,,,0.18690117976449694
B000380,32506.844686912103,6.623236488775897,9.536975035287528,9.342991902935298,0.22840607900246776,0.21962714223333799,0.014062864794192583,0.6525169264505358,1.736156147431183,0.6486577489243611,1.4458938440765816,0.33690650868738203,1.4951400177518774,0.9604822219045114,2.447915275943389,0.6914485630150081,0.46570696066008316,0.22574160235492488,0.0,0.0,0.3085514369849919,0.0,1.0,1.0,1.0,1.0,,0.24408371444749424,,0.6052750777176602
B000381,6146.171553087287,9.618421835817351,14.737256671005145,5.5463720819193965,0.2814271444459577,0.273585275492316,0.01457943917084422,0.05515258110601214,6.152197705553484,0.0,0.0,0.4057852842268874,2.0874375020096902,0.9730013440272894,3.1278898276587817,0.3603734780435854,0.10116018621724403,0.25921329182634145,0.0,0.0,0.6396265219564146,0.0,0.0,0.0,0.0,1.0,0.21963463623475526,,,0.18481989412312194
B000382,5713.431337433649,2.6574099243877436,17.051309089229505,3.452505193149845,0.0,0.2990622772401887,0.27081450307313226,6.046450143573501,0.7377790124239768,0.8643526924711225,0.0686575018202268,0.45050359340424573,0.34344272777731716,0.1926743964908545,2.6556175863384746,0.696527793238618,0.39776081946640823,0.29876697377220973,0.0,0.0,0.30347220676138204,0.0,,0.0,,0.6,,0.4369006642099459,,0.19003346509277597
B000383,1585.7816530005064,2.3251930395901854,10.838453755441995,4.455923128036806,0.0729387434544187,0.2420595373050475,0.3172232489319627,11.439498171428816,0.484157660771871,0.0,0.0,1.507506669273326,0.06255881140387846,0.27096989814111017,2.648734809171927,0.10306782801649506,0.10306782801649506,0.0,0.6752409171816238,0.0,0.22169125480188126,0.0,0.5,0.5,1.0,0.5,0.9439912515108337,0.513076189824763,,0.4064886165245276
B000384,11840.561444000861,4.780202440048793,12.830886220712754,10.782258473284013,0.0,0.24000000000000002,0.023428211858300917,0.8585289990728364,1.7294253151040304,1.8843838949675589,0.0,0.9174719819582116,0.0,0.24892124801899262,2.4896918360342637,0.4431280028033334,0.4431280028033334,0.0,0.19193161659254887,0.0,0.36494038060411776,0.0,0.0,0.0,0.0,1.0,,,,0.1888484004682247
B000385,6736.193940364465,6.54634979627256,11.323257401607357,5.746071782882674,0.0,0.36500000000000005,0.014125498588845636,0.2412767368074927,3.4791868445432605,1.0721147874904708,0.0,1.3680932424686243,0.0,0.6269549217702041,3.0585455703733473,0.2581558383939095,0.09438292358558002,0.16377291480832942,0.20898566148231273,0.0,0.5328585001237777,0.0,0.0,0.0,0.0,0.5,,0.14667836487869554,,0.18861606020795307
B000386,860.2278181855842,0.7666914600584529,4.538261370393773,0.8996660121997905,0.18689481839367098,0.415660853769265,0.8226181050237132,29.77877540185842,0.2888836639771974,0.0,0.03753883167430446,0.15420804440952257,0.09234879445987247,0.19371212553755582,1.8831182038037328,0.9014671233900861,0.9014671233900861,0.0,0.048962110092425556,0.0,0.049570766517488214,0.0,0.0,0.0,1.0,1.0,0.32300747329743,,,0.19003346509277597
B000387,26081.809882862406,6.953295090072622,10.494092557519506,5.9084182116511235,0.0,0.365,0.01628639130299501,0.7447595276555993,4.094822388100556,0.0,0.0,1.9402932548482,0.0,0.9181794471238676,2.7647809781058843,0.5313649257301575,0.2523183399440313,0.2790465857861262,0.0,0.0,0.46863507426984263,0.0,0.5,0.5,0.5,0.5,0.23378424397099443,0.22171216370488803,,0.4014480571426785
B000388,1673.8628110900281,0.8278253269485797,5.331756407185423,1.0678250268927185,0.0,0.5869328641023769,0.35189869642078697,12.795772510005706,0.2990793774549302,0.1853408582398779,0.025113781098436733,0.0,0.04271079946225929,0.27558051069307543,2.337097196108074,0.7233346678083934,0.6414036391810113,0.0819310286273821,0.0,0.0,0.27666533219160655,0.0,0.5,0.5,1.0,0.5,0.5446177057620754,,,0.4064886165245276
B000389,5480.2526047581,5.415269372290612,14.230339933187334,7.952181548528009,0.01017618896153935,0.4187931741019273,0.01622997433601249,0.36192842769307854,1.622997433601249,0.6357784947214101,1.2783855159354087,1.1797572751925043,0.0,0.6983506528400387,2.4336832330150138,0.4516904136217385,0.4516904136217385,0.0,0.21785754208815605,0.0,0.3304520442901052,0.0,0.0,0.0,0.0,1.0,,0.4052516720457419,0.2761658067263321,0.1888484004682247
B000390,1323.093732739194,1.974766765282379,11.407445252144216,2.6513878893508744,0.0,0.42595787438906424,0.5030719921942902,33.455324766791,0.6278188098136488,0.73834841115118,0.04881465113618,0.2072452954937005,0.19394619555530357,0.15859340213236636,2.8281512538152223,0.20997585945444758,0.08030994086012407,0.1296659185943235,0.47210365451596575,0.0,0.3179204860295867,0.0,0.0,0.0,0.0,1.0,,,,0.19003346509277597
B000391,12572.082030986598,6.355956537404751,11.755415651921718,8.369230294459271,0.0,0.20682957590758982,1.2812634471151056,85.2647405731745,2.111472459186798,0.0,0.0,1.294520253936506,2.333871145957251,0.6160926783241949,2.2086975789913437,0.7819058451755212,0.4147115240340155,0.3671943211415054,0.1356845048767841,0.0,0.08240964994769477,0.0,0.28,0.28,0.28,0.62,0.41281135583946515,0.3987416422341744,,0.30976336009743166
B000392,2890.649469144177,2.0841019964990464,8.816716551193558,2.214372036470174,0.0,0.365,0.37253660897751717,24.801617673765623,0.7466438133521444,0.6933839700559742,0.0,0.3308973888808161,0.0,0.3131768242101123,1.8499302591749156,0.7971539999721281,0.7971539999721281,0.0,0.15877216635110475,0.0,0.04407383367676728,0.0,0.3,0.3,0.3,0.92,0.7261315472185241,,,0.32150759030508125
B000393,581.3760515583707,1.6949739112488942,9.79895048123898,3.0655961265775717,0.0,0.3282896574038552,0.5132239974986863,34.180718233412506,0.28227319862427747,0.37130559665610013,0.0,0.5022349041876844,0.33493219404308583,0.20422801773774593,2.1215752737793485,0.689243519347844,0.27257764265667156,0.41666587669117244,0.1402650078691491,0.0,0.17049147278300666,0.0,0.0,0.0,1.0,0.9,,0.4423118687229866,,0.19003346509277597
B000394,7828.654924220385,12.729520201984366,16.999031105120267,16.548227659117376,0.0,0.021000000000000005,0.03235899173456963,0.8265820560275058,4.825020973473411,0.0,2.286014080037699,2.53489513938622,2.369351340734788,0.7142386683522474,2.219226696790733,0.5245122293056533,0.5245122293056533,0.0,0.19913516763900205,0.0,0.27635260305534465,0.0,0.5,0.5,0.5,0.5,0.3398674851202182,,,0.4014480571426785
B000395,3432.185409185224,1.3991787236792597,8.779621750514433,0.8743608384824153,0.09641218962687664,0.16243453139131908,0.5195341422334986,18.780549086107325,0.743283798779152,0.399759441701912,0.05547727057500477,0.034072251558135175,0.0,0.16658596106505563,2.5488215924206727,0.6978666993543322,0.3481551467455472,0.3497115526087849,0.0,0.0,0.3021333006456678,0.0,,0.0,,0.6,1.0032726864919344,,,0.19003346509277597
B000396,3731.088383885505,6.1065276332005,8.844241927686964,9.976766239599687,0.07826435608582341,0.6913463677284554,1.4511298163737885,96.32345993493283,2.496085956740924,0.38022896565713776,0.6159509113156606,0.8948004709543935,0.0,1.7194613285323828,2.816065921130069,0.5311874374621315,0.3846556399002137,0.14653179756191795,0.0,0.0,0.4688125625378683,0.0,0.28,0.28,0.28,0.7,,0.38286402741283687,,0.30976336009743166
B000397,2742.67009937609,2.046768730877679,4.521698483297928,1.0579242026585052,0.44932671718298856,0.365,0.009364835833832796,0.6236980665332642,1.1561525720781232,0.30759727344695104,0.0,0.0,0.0,0.5830188853526047,2.9863000772766517,0.43513277556162827,0.2848484425998628,0.15028433296176535,0.0,0.0,0.5648672244383717,0.0,1.0,1.0,1.0,1.0,,0.2682113750207023,0.21532677004680312,0.6052750777176602
B000398,5449.20988504998,1.5753714614194796,11.225225776166639,2.2407704646199846,0.35483332762777503,0.29639935188817684,0.23889271880179758,15.768897063501873,0.6483906434499045,0.0,0.06846590842848636,0.7062918510859645,0.0,0.15222305845512435,2.696732164133098,0.588420471406994,0.14008693967628447,0.44833353173070956,0.0,0.0,0.41157952859300606,0.0,0.0,0.0,0.0,0.6,0.7764912703741051,0.3694469526594294,,0.19003346509277597
B000399,10113.812627278852,7.882940473327243,10.313681388893652,5.9090755190856745,0.34854930131552264,0.14869920537966255,0.018327524994023285,0.4569733205994906,4.485512761041907,1.3331530572409367,0.6500356623594273,0.49035191250638466,0.0,0.9238870801785883,3.037089892954334,0.39268742320707073,0.07890341830734666,0.313784004899724,0.0,0.0,0.6073125767929293,0.0,,1.0,,0.5,0.16633780716894583,,,0.18481989412312194
B000400,6810.923789124106,9.48596628011714,16.677804737697745,8.058065667422973,0.0,0.17574719485241144,0.013321055307703021,0.21344256040924353,5.215940454969821,0.8748536848287879,2.0313249287629045,0.762153033601217,0.0,0.6016941779544104,3.0571764706978857,0.3537157977770647,0.04734968516678408,0.3063661126102806,0.08034532393381072,0.0,0.5659388782891247,0.0,0.0,0.0,0.0,1.0,,,,0.18481989412312194
B000401,6136.490447986565,12.891786655433961,35.20541519442127,1.8953103633528678,0.0,0.7540112904438185,0.12662883063354646,8.433480120194195,12.017212042814073,0.2071203491170882,0.0,0.0,0.13193893467679335,0.5355153288260056,1.7307450199886356,0.968694349445357,0.968694349445357,0.0,0.016066070177308264,0.0,0.015239580377334824,0.0,0.0,0.0,0.0,1.0,,0.25423235219982543,,0.18861606020795307
B000402,22876.57938011979,4.668689669412202,10.998945800990152,6.44739630203051,0.0,0.28569882854726203,0.7304120516518489,16.247706623334572,1.326540142674691,0.9241748981254702,0.1234106428383073,1.2653496090343515,0.6640729397445232,0.36514143699485857,2.087021173838019,0.9735663212642177,0.3623461183879749,0.6112202028762427,0.026433678735782187,0.0,0.0,0.0,0.0,0.0,0.0,1.0,0.5877202149194696,,,0.18861606020795307
B000403,1955.1016359200728,3.9259068994378974,13.148892034475624,7.863328618464721,0.09343139160934867,0.5850143402808572,0.019798650151174192,0.5873956208975153,1.4553461746428002,0.8731616320045603,0.5407972908446571,0.064443317754699,0.3467230439399912,0.6454354402511899,2.8018537362750724,0.5153728389033265,0.28930524292652904,0.22606759597679751,0.016414886905220766,0.0,0.468212274191453,0.0,0.0,0.0,0.0,0.95,,0.5451362077172391,0.4045493165925353,0.1888484004682247
B000404,1571.0857267733763,3.36420926503935,11.262239684682372,6.701342796852548,0.15397881265571237,0.4868028781503423,0.015344726966172478,0.3367890875402565,1.3603332190240287,0.0,0.5694979299531117,0.3049305552843351,0.8725486834975379,0.25689887728033706,2.759364083933499,0.5050058890171669,0.3357245259725733,0.16928136304459362,0.09063959202929324,0.0,0.40435451895354,0.0,,,,1.0,0.9705422902759496,0.5403619756908773,,0.1888484004682247
B000405,8352.001295670494,5.136532162158975,8.299146104440839,5.25780184301047,0.0,0.2819814920961478,0.764354007829109,17.126179052988803,1.1070465670117737,2.3431044292050602,0.9323650681612843,0.0,0.0,0.7540160977808574,2.2737415481650327,0.896970719515148,0.4408060630438427,0.45616465647130533,0.0,0.0,0.10302928048485208,0.0,0.19999999999999998,0.19999999999999998,0.19999999999999998,0.98,,,,0.27509512128729385
B000406,92876.32521545078,254.45568552178295,707.0391395587218,379.10027318663316,0.0,0.2418023723505128,0.02120997630701345,0.7689014882833138,1.7109911649348193,0.15163418477700286,1.505756912200338,250.38554484285717,0.0,0.7017584170136371,2.0120825665619626,0.9932255987749435,0.0027076018082062025,0.9905179969667375,0.0,0.0,0.006774401225056383,0.0,0.0,0.0,0.0,0.95,1.109585007469766,0.39899748545038205,0.6729737291733302,0.1888484004682247
B000407,22016.026228123952,7.033874194288803,10.61969965132595,12.062949580430223,0.0,0.44987991014105594,0.011572127598865504,0.36836500203702094,3.886162253350355,0.49899409291160446,1.8887209712764155,0.0,0.0,0.7599968767504272,2.754177648924473,0.4475075689431937,0.4475075689431937,0.0,0.0,0.0,0.5524924310568063,0.0,0.5,0.5,0.5,0.5,0.2558764461984651,,,0.4014480571426785
B000408,1583.956550096737,1.91994733345059,10.058591182016116,4.832926663872789,0.0,0.7793834271670157,0.4001801906824829,26.605946141983353,0.5486500412400809,0.29241130024224526,0.0,0.7071953746333339,0.057203080129976026,0.3144875372049543,2.418226010108821,0.556334632295251,0.15819951606291727,0.3981351162323338,0.1523017299212653,0.0,0.29136363778348384,0.0,0.3,0.3,0.3,1.0,1.294754587120637,0.37113776696483164,0.5282082323083848,0.32150759030508125
B000409,16668.887399201227,8.087766811839508,15.6570371159318,8.605421087173196,0.0,0.2158532349391475,0.011148587142757342,0.16813045086346107,4.720445675670226,0.0,0.9593594875229818,0.5496345452323667,1.0386222413471136,0.8197048620668196,3.143718950046112,0.31158707563306187,0.18316816031187622,0.12841891532118566,0.06795875277063732,0.0,0.6204541715963007,0.0,0.0,0.0,0.0,1.0,0.21455070174988317,,,0.18481989412312194
B000410,6119.066790277336,15.770790696591071,46.16016756740044,30.476294127466744,0.005177743491979308,0.4343235148678028,0.01918149066945575,0.43914080243166204,1.5112361918456167,11.215096033637883,0.8695279709164875,0.4752051388063363,1.2632212835679277,0.4365040778168212,2.6171674558808844,0.13790877972029686,0.13790877972029686,0.0,0.7662662092881949,0.0,0.09582501099150834,0.0,0.0,0.0,0.0,1.0,0.5315821132601533,0.40033033187870626,,0.1888484004682247
B000411,725.8597202275762,1.8011407449815786,7.775011568240525,3.197058503852561,0.0,0.47,0.3177299582172381,11.47095982561837,0.48460252401671977,0.2769364681104614,0.0,0.7825776350470324,0.0,0.25702411780736517,2.034043525859723,0.7130992841935071,0.5593431333307416,0.15375615086276548,0.0,0.0,0.286900715806493,0.0,0.5,0.5,1.0,0.5,0.6563780700673918,,,0.4064886165245276
B000412,4490.301283949861,14.917944464949702,42.57069359167902,5.121953654055204,0.17639093177629808,0.549452128772158,0.02350213213108663,1.447085328809454,13.136229396083788,0.0,0.0,0.7540448363133444,0.49827216903455646,0.5293980635180113,1.7593455688909725,0.9863553590915006,0.9024083375504115,0.08394702154108892,0.0,0.0,0.013644640908499466,0.0,0.0,0.0,0.0,1.0,0.12162868192108237,,,0.18861606020795307
B000413,56210.40013750589,15.670588273628628,20.425885374295326,9.842674474528666,0.0,0.5161005242251392,0.01688942069314838,0.14446456929264276,7.03043084615572,0.21591151924215726,0.0,0.9867939746702511,1.7264435771275608,5.711008356432936,2.8967496388717873,0.551361396050017,0.37821936051049576,0.17314203553952118,0.0,0.0,0.4486386039499829,0.0,0.0,0.0,0.0,1.0,0.10468614523225324,,,0.18481989412312194
B000414,700.9589859099818,1.8996178479945307,8.383796898014754,4.521702802416384,0.0,0.23999999999999996,0.4555261899048838,30.259245612484257,0.6155175745751519,0.6991594501518217,0.0,0.25252489507630277,0.0,0.3324159281912543,2.3686211304603635,0.6844318796558196,0.5514973026602944,0.1329345769955252,0.0,0.0,0.3155681203441804,0.0,0.3,0.3,0.3,1.0,,,,0.32150759030508125
B000415,12288.982906467478,3.885230131668504,8.855207118066577,10.858450746106282,0.25508675759543453,0.41535493885718855,0.016402526499681158,0.4530457102426448,0.5496816137502132,0.8250318317835638,0.0,1.2919410446202164,0.7825422304114387,0.4360334111030721,1.512479005510986,0.9675298488079134,0.7551790217465427,0.2123508270613704,0.0,0.0,0.03247015119208672,0.0,0.0,0.0,0.0,0.9,,,,0.1888484004682247
B000416,50177.32928272865,11.535018225914632,26.256031523690453,5.0040616414363965,0.26318825473739116,0.3940364057539799,0.043348606279620505,2.0113753313743916,9.597376321956961,0.3177354307782736,0.08105378954357774,0.7690611582437132,0.20561357340019482,0.5641779519919123,1.7295531252645795,1.0,0.8879576835415268,0.11204231645847305,0.0,0.0,0.0,0.0,0.0,0.0,0.0,1.0,0.07766056002990293,,,0.18861606020795307
B000417,3904.536570606274,7.112088471049679,17.498010391331622,9.159967616487442,0.013873857459699617,0.14979088230165608,0.018435026580860703,0.4526280768648669,1.8934315912535213,1.618637862158946,2.0888216972329734,1.0340287539182182,0.0,0.47716856648602207,2.0797999563493597,0.7216686436416799,0.5955537058974544,0.12611493774422555,0.0,0.0,0.2783313563583202,0.0,0.0,0.0,0.0,0.95,0.5013200494128841,,,0.1888484004682247
B000418,1854.5172959068425,4.224412974730848,11.343716588355298,5.24722193113127,0.0,0.4547794864559583,0.017425085687052273,0.3812973090119777,1.6967379727951832,1.0274577388209474,0.9513187590807589,0.0,0.0,0.5488985040339591,2.532928498940997,0.5597974782982834,0.5597974782982834,0.0,0.0,0.0,0.44020252170171653,0.0,0.0,0.0,0.0,1.0,,,,0.1888484004682247
B000419,9762.742975637171,3.1594637461608968,6.835211715828355,4.648133844325086,0.0,0.4591878460481187,1.2575263353738981,45.5486656977979,0.7628151160862167,0.0,0.0,1.2631989993193027,0.41307185454891215,0.7203777762064658,2.311765962238361,0.7287316260583634,0.19817613039709098,0.5305554956612724,0.0,0.0,0.27126837394163683,0.0,0.0,0.0,0.9800000000000001,0.98,0.19976528911601732,,,0.18690117976449694
B000420,33206.5596332014,6.738344081412622,18.586515956316262,8.94774722022946,0.0,0.3521341614144778,0.012546712893664998,0.32475963272216657,2.2075476271144594,0.16224790842072614,1.157512185609486,1.5565878554129928,1.0053840947244839,0.6490644101304709,2.417812784714008,0.6723901895713713,0.09632402297782357,0.5760661665935476,0.0,0.0,0.3276098104286284,0.0,0.0,0.0,0.0,1.0,,,,0.1888484004682247
B000421,2400.8825523534106,2.77879925040904,8.288337780598333,4.6913573152721595,0.0,0.7782969791596466,0.0177219166622752,0.46966234259655065,1.4606284820107265,0.5461073891518741,0.0,0.13086714795712814,0.0,0.6411962312893116,2.9564615438313266,0.3499379072647068,0.3499379072647068,0.0,0.04709485506657758,0.0,0.6029672376687157,0.0,0.0,0.0,0.0,1.0,0.5421767512961072,,,0.1888484004682247
B000422,4918.090140091379,3.5229872063691827,11.736478253249986,4.143635498644846,0.0,0.30138167450758097,0.010590510636105874,0.23264299313116343,1.922381544240144,0.4146543095976819,0.06914339371093658,0.6401767679339485,0.10705135282984242,0.36957983805662803,2.931833110200127,0.2485331767565812,0.22890682285273142,0.019626353903849765,0.18171419038268935,0.0,0.5697526328607291,0.0,0.0,0.0,0.0,0.5,0.5199031563922226,,,0.18861606020795307
B000423,386.1276017977972,0.8815698671182584,5.365373432146823,0.6498173641484347,0.0,0.33964494036318205,0.46662133478443824,16.870463510694265,0.25596290595258525,0.0,0.0,0.07415035302136609,0.26083418769100586,0.290622420453301,2.593803171967068,0.7096510265382638,0.7096510265382638,0.0,0.0,0.0,0.2903489734617359,0.0,0.0,0.0,1.0,1.0,0.6388336477738227,,,0.19003346509277597
B000424,4257.995103253561,4.133975828401516,16.15686101055148,5.824662131681884,0.0,0.43846698070732787,0.015687078315606815,0.349821846438032,1.5475251391298495,0.6288623901454703,0.34968961162241174,0.2979866129468317,1.048843118650792,0.26106895590616025,1.6148671930672653,0.8420972601013907,0.7700149293582876,0.0720823307431031,0.15212048068230544,0.0,0.005782259216303778,0.0,0.0,0.0,0.0,1.0,1.1062815821926029,0.5563866000669768,,0.1888484004682247
B000425,24410.061503006924,9.359686159128422,16.457689747251845,14.898702005346422,0.0,0.1948896479888976,1.661745428448669,60.126031823395465,2.1892997077647904,0.3340925952480968,0.0,2.5938339373169326,2.8123796457535915,1.4300802730450088,2.6726792617516515,0.7786119733803278,0.20100568496884175,0.577606288411486,0.0,0.0,0.22138802661967213,0.0,0.0,0.0,0.0,0.98,0.3144085004531101,0.40188700086420004,0.42139760963710915,0.18690117976449694
B000426,1963.137575129125,4.871309119427109,9.06764680977039,5.9239616785345275,0.10980018968970148,0.48621369396689346,0.7431050092923394,49.39721373266801,1.7611749611067322,0.9978406877249204,0.538749176040181,0.045772189004448606,0.6077943621442542,0.919977743406573,2.0981219644351445,0.8343100371967226,0.6294696825278997,0.2048403546688229,0.12477023059783442,0.0,0.04091973220544297,0.0,0.2,0.2,0.2,0.98,0.21608297335977983,,,0.27509512128729385
B000427,19748.947864342466,5.208055871398329,13.022089806051069,7.77463905422199,0.04562042112716596,0.39729111656775834,0.014880063368007053,0.3318254131065573,1.4163302777722186,1.1692397469929665,1.1498916230935263,0.9215538680926627,0.0,0.5510403554469548,1.9809191853366392,0.7882004958525364,0.7882004958525364,0.0,0.17694776915771285,0.0,0.034851734989750555,0.0,0.0,0.0,0.0,0.95,0.6930249916263064,,,0.1888484004682247
B000428,3714.1103568426056,6.827408744195966,11.339949669916175,8.899824326004696,0.12587601334951673,0.5449248721691516,0.044051744975314,1.1713981193647172,3.6596667364540267,0.0,0.7085840286711348,1.2369187886346054,0.0,1.2222391904361989,2.9798961813549663,0.4451561372347512,0.26398655519000835,0.18116958204474276,0.0,0.0,0.5548438627652488,0.0,0.5,0.5,0.5,0.5,0.2723985636361414,,,0.4014480571426785
B000429,39495.61120029041,9.50098898250912,13.298283036981207,14.672937394344837,0.01187651444567735,0.5251499546855289,0.021722018909989805,0.580183300660373,4.336518102135994,0.0,2.217866661489914,1.691908670633483,0.34824315205183537,0.9064523961978955,2.914730776908094,0.521187780422039,0.07302196399871219,0.44816581642332665,0.0,0.0,0.4788122195779612,0.0,0.5,0.5,0.5,0.5,0.38302549365045474,0.2620099309625643,,0.4014480571426785
B000430,2697.6069003221687,5.8263647955122435,9.501371210253426,7.694626750868829,0.0,0.3445712100376219,1.3328992948932932,48.176322140478405,1.8458014342641487,1.460845464727011,0.5025794324752566,0.8081340603928794,0.5943297842733507,0.6146746193795958,2.6024662042729756,0.6913285321630543,0.301895394219551,0.3894331379435032,0.0,0.0,0.3086714678369456,0.0,0.2,0.2,0.2,0.98,0.3254309183944936,,,0.27509512128729385
B000431,1490.1702604876714,3.6703700997233284,11.023161434066262,7.681561455243399,0.026750624840876907,0.4194011476459982,0.012664616439779348,0.27550202165737225,0.4227189006250261,0.7562806427068299,0.0,0.49748051949794286,1.4189113194182164,0.5749787174753136,2.3513545899200774,0.8848293525884785,0.49824399992195234,0.3865853526665263,0.0,0.0,0.1151706474115214,0.0,0.0,0.0,0.0,1.0,0.6309907448081608,,,0.1888484004682247
B000432,3262.8256231384707,2.453252348224414,5.254150056758932,1.5551908897511026,0.2610662883158752,0.45299999999999996,1.193588958102135,43.20792028329729,1.4919861976276687,0.19446734808532726,0.08887000357130476,0.24988354945844712,0.0,0.4280452494816662,3.125448584938411,0.3447571431696788,0.24289907315119705,0.10185807001848174,0.0362253820466639,0.0,0.6190174747836573,0.0,0.0,0.0,0.0,1.0,0.29529305637749026,,,0.18861606020795307
B000433,7960.707656567661,1.7156697535706165,11.667180114280294,2.7888599615392557,0.5031022288865994,0.2689308248808236,0.2379046377770984,8.543611023450188,0.647257868540787,0.11527032813868865,0.0,0.5725751591126884,0.2382697276282077,0.14229667015024464,2.621698628030811,0.6178437584789287,0.2169242424591078,0.40091951601982095,0.0,0.0,0.3821562415210712,0.0,0.0,0.0,0.0,0.6,,,,0.19003346509277597
B000434,7199.419925922228,1.7231737496223618,3.962735908416774,1.4255563720695157,0.7501644334841033,0.24,0.011746607887079787,0.2180092966429358,1.109236928746545,0.23897979284076,0.0,0.0,0.0,0.3749570280350569,3.2877708114575497,0.31884335052306634,0.18015751405815203,0.13868583646491428,0.0,0.0,0.6811566494769338,0.0,1.0,1.0,1.0,1.0,0.26724277867655327,,,0.6052750777176602
B000435,3550.3751914820723,3.6639578859464113,6.659203284037379,2.8829172811435386,0.0,0.5498382914701343,1.543946037496797,102.6619473271406,1.9265156431621155,0.4307176358774053,0.07086869016740246,0.24489700647886084,0.09596819880069518,0.8949907114599323,3.060295760333421,0.3288471346297711,0.23581516868196664,0.09303196594780443,0.01934211373968805,0.0,0.6518107516305411,0.0,0.0,0.0,0.0,1.0,,,,0.18861606020795307
B000436,3761.919452128408,8.267954839842655,12.74739113471052,12.906352773483574,0.0,0.39811240448953317,1.4468144778608387,52.40324019178183,2.0652983133730283,1.2696228033354062,1.086344135981011,2.7992426433322524,0.0,1.0474469438209566,2.1802070977207797,0.7422662551403582,0.25014147634257117,0.492124778797787,0.0,0.0,0.2577337448596418,0.0,0.2,0.2,0.2,0.98,0.3467045833593418,0.3468639409108141,0.6573253467285107,0.27509512128729385
B000437,392.238682064061,0.9121829815443279,4.068866237725579,0.44187779035763775,0.0,0.1928834586947442,0.390110836023571,25.939917573470865,0.3357341686541889,0.0,0.06616688675907541,0.2327097947217284,0.0,0.27757213140933523,1.7138907704683377,0.9145670224682505,0.9145670224682505,0.0,0.0,0.0,0.0854329775317496,0.0,0.0,0.0,1.0,1.0,0.9823143023328696,,,0.19003346509277597
B000438,1545.991902739877,4.379580461019482,7.73140842385705,4.641541730741521,0.08765112927198546,0.2664594884143333,1.5299382588916093,101.44491363939703,0.9238854567794818,0.0,2.099615882990615,0.29039897438282036,0.0,1.0656801468665642,2.629545925434712,0.7495586033364028,0.2701483261013397,0.479410277235063,0.0,0.0,0.25044139666359716,0.0,0.0,0.0,0.98,0.98,0.39210457106761415,,,0.18690117976449694
B000439,588.3330682001085,1.8214646074306766,10.168225704507757,1.3343032965135404,0.0,0.24,0.5424386394721309,36.12641338884392,0.6780482993401636,0.8953175119605856,0.0,0.0,0.0,0.2480987961299273,2.8523146691622343,0.6107639981283243,0.6107639981283243,0.0,0.0,0.0,0.3892360018716758,0.0,0.0,0.0,0.0,1.0,0.6788344893013021,,,0.19003346509277597
B000440,2224.729205999558,6.824322717790055,17.606671342753373,8.755998452488175,0.023398521991677013,0.20800003304029346,0.020802719696881328,0.5023883088457018,1.9499155069654792,0.9708322610181243,1.6678430924658196,1.3732512010700497,0.4634426781796763,0.3990379780909048,2.2529604274442674,0.7053938128698249,0.29399384596189687,0.411399966907928,0.0,0.0,0.2946061871301749,0.0,,0.0,,0.95,,0.529081214693269,0.5753986328772625,0.1888484004682247
B000441,17514.602471528462,4.122052829260641,9.459286934085519,7.984198220695207,0.06405333483455584,0.447263251611891,0.025880682796890528,1.1379289934776466,0.76304206397384,0.26623832468986713,0.0,0.731887998429122,1.5870915706444304,0.7737928715233806,1.7858304011945147,0.8476954395114802,0.8476954395114802,0.0,0.06458877062417986,0.0,0.08771578986433981,0.0,1.0,1.0,1.0,1.0,0.2575861181078162,,,0.6052750777176602
B000442,7336.777606931335,2.8218375411274366,8.28553573271304,4.60573796365017,0.0,0.27849815716124027,0.9321382771326533,20.78668358005817,1.1651728464158166,0.9518792311479197,0.10876099856285242,0.0,0.11787492018416466,0.4781495448166831,2.8291851728513926,0.5678748606254153,0.5678748606254153,0.0,0.0,0.0,0.43212513937458474,0.0,0.0,0.0,0.0,1.0,0.6631657473825018,0.29690072217755836,0.41929736075880986,0.18861606020795307
B000443,12948.46157686098,4.910300180834653,9.721669405018536,2.6940209257885246,0.0,0.433,0.011625865484728234,0.562030912652861,2.9069658455502934,0.0,1.2823539606753378,0.0,0.0,0.7209803746090218,2.9526820892078773,0.3396214931745413,0.3396214931745413,0.0,0.0,0.0,0.6603785068254588,0.0,0.5,0.5,0.5,0.5,,0.27078747883927184,0.22824828816131776,0.4014480571426785
B000444,7126.422972416173,10.224423202892645,30.0422560461367,2.097440697909095,0.0,0.22766745747165637,0.032894525664210146,1.5263059908193508,8.94638507959268,0.0,0.0,0.6293114888893653,0.17300133810768975,0.4757252963029082,2.238497584087071,0.8594389544517177,0.7978891265150843,0.06154982793663348,0.0,0.0,0.1405610455482823,0.0,0.0,0.0,0.0,0.5,,0.17398763556835622,,0.18861606020795307
B000445,1501.1390535998382,1.1424193710805466,8.288921558460245,0.510610398514905,0.0,0.23999999999999996,0.23663833569697465,15.708456201712092,0.6561532164364234,0.31381299809202623,0.028806579311475008,0.0,0.0,0.1436465772406219,2.199437125575025,0.7171381035114862,0.7171381035114862,0.0,0.02521541567019174,0.0,0.257646480818322,0.0,0.0,0.0,0.0,0.6,0.8387411202018723,,,0.19003346509277597
B000446,3574.795378579431,9.609664996181266,31.888046537996743,3.0197266869886916,0.0,0.44465462576355025,0.039732243426934495,1.8435760950097604,7.9464486853868985,0.2496691221926705,0.04574492110363337,0.0,0.9864794458041876,0.3813228216938778,3.437204443070744,0.14904065767367133,0.04638573201328672,0.10265492566038456,0.0047603034155521235,0.0,0.8461990389107766,0.0,0.0,0.0,0.0,1.0,0.17632820575359812,0.30574447049416426,,0.18861606020795307
B000447,3093.9388388402576,6.379255337814964,11.309913861956238,5.5749991364493985,0.08580093781387968,0.24,0.014309184409431205,0.3190948123303159,3.5244296574953706,0.0,0.5539305248792668,1.7386739663417385,0.0,0.5622211890985894,2.805994782284536,0.44109048167077675,0.13371432294030364,0.30737615873047325,0.0,0.0,0.5589095183292233,0.0,0.0,0.0,0.0,0.5,,,,0.18861606020795307
B000448,4072.3566381851747,8.930606662686786,14.128274888572404,17.043940638540132,0.0,0.4664657817932649,0.015198004711240722,0.3389155050606681,3.4716254416539716,1.5550622942895536,2.2079763118956133,0.5785378722671942,0.4276482120285532,0.689756530551901,2.9180950207985674,0.36402957065843183,0.1251208103531324,0.23890876030529945,0.24723699019472212,0.0,0.38873343914684605,0.0,0.0,0.0,0.0,1.0,,,,0.18481989412312194
B000449,774.5745858884402,1.4238503417066914,11.60820395132012,1.8867169181438963,0.04157416225673922,0.2815250318925594,0.18148317445820578,6.5918683728824154,0.3947863552196784,0.2484890355486441,0.054365593494421445,0.41605943247066063,0.1358816143662629,0.17426831060702389,1.948753071175078,0.797122561230607,0.3303962146802054,0.4667263465504014,0.13361460982805637,0.0,0.06926282894133674,0.0,0.5,0.5,1.0,0.5,,,,0.4064886165245276
B000450,14703.493717346,4.4300975346025915,10.615362611611639,3.7897767450640627,0.0,0.42539303435778236,0.021067438706030686,0.46980388314448435,2.1894743147228097,0.0,1.1765446128906487,0.45913698197301245,0.0,0.6049416250161203,1.4385772087571078,0.9629174542271115,0.8592770764731711,0.10364037775394036,0.0,0.0,0.03708254577288855,0.0,,0.0,,0.95,1.2976605299279897,,,0.1888484004682247
B000451,1415.416578350045,1.4340593498987284,7.5218541809832615,2.942417900764771,0.5877843152884455,0.2232840966639019,0.26715129685030153,9.692361475122315,0.40852555961696835,0.1505812675379824,0.05399910772196636,0.5258552225624595,0.10152966801977631,0.1935685244395753,2.650091226672922,0.6344971840343606,0.16280367278030325,0.47169351125405723,0.07079879087775985,0.0,0.2947040250878795,0.0,0.5,0.5,1.0,0.5,0.5665461109287298,,,0.4064886165245276
B000452,21100.491098268692,5.792064534248886,8.918368345100793,7.814319110377561,0.31485591746262803,0.27367830009954336,1.3556853983494417,90.19834913593341,1.865590751762384,0.45350299022761065,1.4240596000505095,0.6218382958356988,0.702040367015332,0.7250325293573514,2.64553599558268,0.5834037510779707,0.25924255101261223,0.32416120006535837,0.10736038802032076,0.0,0.3092358609017087,0.0,0.19999999999999998,0.19999999999999998,0.19999999999999998,0.98,0.14191417910289242,,,0.27509512128729385
B000453,4323.329133025206,5.938638918990668,8.769314128009322,11.486409551015536,0.21429977095343797,0.4046909206536687,2.806512334285477,101.47097643669542,0.8879258735934663,1.2957227586724342,0.9299257541529464,1.537978831297161,0.3435016645927091,0.9435840366819495,2.047213524214053,0.7231452859463404,0.526007103996723,0.1971381819496172,0.2760269559449401,0.0,0.0008277581087193979,0.0,0.0,0.0,0.98,,0.3820537733999162,0.31323196187591845,0.6220588430640865,0.18690117976449694
B000454,2462.5038619020015,5.228245991299366,20.05858559280207,12.016326619649163,0.0,0.365063531084728,0.010497778651354579,0.08653809252595121,0.3105856105713887,0.5134150409889228,1.0299942274632377,1.1641289554805265,1.7636806401850502,0.44644151661023806,1.6660642637512335,0.9328500030528382,0.6376440638103769,0.29520593924246086,0.0,0.0,0.0671499969471617,0.0,0.0,0.0,0.0,1.0,0.6938797240165798,,,0.1888484004682247
B000455,2781.494826292552,2.803926236182008,12.077736212349704,4.71262766335976,0.010847853448235965,0.4017121650626306,0.4523938471090752,30.017318330159615,0.6111459355326961,1.2104122595258417,0.07070857645439002,0.4418851661799761,0.0,0.4697742984891037,2.1290728199028184,0.7791171475170874,0.5963042988694196,0.18281284864766775,0.0,0.0,0.22088285248291253,0.0,0.3,0.3,0.3,1.0,0.9822347875756786,,,0.32150759030508125
B000456,3887.2621303150854,2.3833612080411313,10.181437538934185,4.255358294983487,0.07254785784300759,0.3697919776604973,0.32903123590735295,11.944006793371726,0.50173213888296,0.6454873582673346,0.04624973689067861,0.517757299922722,0.19950744653258393,0.47262722754485237,2.376860453199806,0.7012372219753055,0.7012372219753055,0.0,0.019405257052367213,0.0,0.2793575209723273,0.0,0.5,0.5,1.0,0.5,0.9903210524601697,,,0.4064886165245276
B000457,8275.136822413406,4.292083414114837,8.495525694728345,3.7099537829018807,0.0,0.3645000704143086,1.3450307818164928,48.70021547926929,1.7573413083533485,1.0343186158641013,0.0,0.0,1.006181837291893,0.4942416526054942,2.5866129714474564,0.5706962694216343,0.5706962694216343,0.0,0.0,0.0,0.42930373057836557,0.0,0.0,0.0,0.0,0.98,0.16892410524583182,,,0.18690117976449694
B000458,2139.2345630010495,5.766130897576953,10.10917824146371,7.006907054867788,0.0,0.37213898277997837,4.5649176886070695,128.8033966036145,2.1524284989627995,0.0,2.027580690250045,0.5130113643466242,0.2997192454581395,0.7733910985593446,2.783114587476362,0.5888056783652882,0.09622038148131255,0.49258529688397573,0.0,0.0,0.4111943216347117,0.0,0.0,0.0,0.0,0.98,0.3178449651792213,,,0.18690117976449694
B000459,3581.2149938672906,4.826435301707939,13.720884373283695,6.220170457568541,0.03304997653192517,0.12301600063249545,0.013634196222374214,0.25326133359612596,0.41363959425730573,1.944236022131537,0.0,0.25697095012629045,1.9125124270022171,0.2990763081905895,2.054636198864502,0.9118295330951265,0.8585871432022473,0.053242389892879265,0.0,0.0,0.08817046690487357,0.0,0.0,0.0,0.0,1.0,0.42347631997403995,,,0.1888484004682247
B000460,9822.917276974484,5.178132460186865,8.136410105359207,4.6916401616134245,0.0,0.39708583211417114,1.397906252427389,50.641800062720925,1.950630252152102,0.0,1.0537462499594192,0.0,1.30832461882228,0.8654313392530641,2.5361681736992137,0.5689177001052056,0.3162542874015712,0.25266341270363446,0.0,0.0,0.4310822998947944,0.0,0.2,0.2,0.2,0.98,,0.3943920596795117,,0.27509512128729385
B000461,1973.8667754786452,4.756305483081073,10.242261016214686,6.0281560433632215,0.0,0.15987842145527048,0.8214342648864487,18.388220967355924,1.2501678968994252,0.0,1.1086602318558887,1.2346271194873415,0.3855448801155005,0.7773053547229165,1.8819013224989227,0.8223782552274652,0.56280133699143,0.2595769182360352,0.08105973880082856,0.0,0.09656200597170615,0.0,0.28,0.28,0.28,0.7,0.48461124899354496,0.2809235417228201,0.707507535576848,0.30976336009743166
B000462,12324.671814224066,3.655003503625168,6.542233061349221,3.651336494882484,0.0,0.453,0.7161777673782549,47.66430045211343,1.3986421298178606,0.0,0.0,1.3283307250591785,0.0,0.9280306487481289,2.4034610790399134,0.7787698683202002,0.41534183774740047,0.36342803057279993,0.0,0.0,0.22123013167979963,0.0,,0.0,,0.98,,0.4645019093103584,,0.18690117976449694
B000463,361.58782754526413,1.0957206895311034,7.118400916838018,1.5497611659704165,0.1253196006651815,0.4173820380277498,0.6561640767064615,23.71879673330869,0.26932112409810455,0.42803814573890503,0.0,0.12198168785415055,0.10666855996408316,0.1697111718758602,2.1060341460783336,0.9444776271055679,0.4425067883250864,0.5019708387804814,0.0,0.0,0.05552237289443205,0.0,0.3,0.3,0.3,1.0,1.2926507410385721,,,0.32150759030508125
B000464,1188.4166140661869,2.676613995644565,11.834309385348998,4.246829077588973,0.0,0.4489672778642542,0.42714087469100787,9.515799487948803,0.5880566206164298,0.27802193913367035,0.07990385456692128,0.5275963682990921,0.7930397198866888,0.4099954931417629,2.056990532850521,0.9606448853029702,0.4373942615553226,0.5232506237476476,0.0,0.0,0.03935511469702978,0.0,0.3,0.3,0.3,1.0,0.45887627077145554,0.28120538613798574,0.6731433924696708,0.32150759030508125
B000465,1052.9780920048372,2.5495837578809617,4.101926632162707,3.6792998694744097,0.4983427232552615,0.021,3.5280685120595354,127.71445166616742,0.7686797242112864,0.0,0.0,0.3807064240701449,0.692631287086231,0.7075663225132991,2.043292294691694,0.8144547782844969,0.5427903213137251,0.27166445697077174,0.0,0.0,0.18554522171550297,0.0,0.0,0.0,0.98,0.98,0.38131261753905765,0.47245705063488375,0.5361294019955567,0.18690117976449694
B000466,71460.42931873351,216.54675551131368,1107.6909254371678,1063.6004213998644,0.028346627343264513,0.2842585925942913,0.5507580140910063,12.281903714229442,0.688447517613758,1.039441693398374,0.0,214.4267223911397,0.13988492058744417,0.25225898857438933,1.342974945994164,0.9960268854039063,0.9960268854039063,0.0,0.0006459802191778199,0.0,0.0033271343769159492,0.0,0.0,0.0,0.0,1.0,0.5225923088061096,,,0.19003346509277597
B000467,7353.973309978255,3.415686627950885,14.826632980717811,2.154109121836808,0.0,0.40452784749958126,0.6637318508622626,24.027093001213906,0.36505251797424443,0.7884705793254352,0.03975534296445407,0.0,0.23999973909751657,1.9824084485892353,2.579627076273255,0.6245851296760722,0.6129460809884285,0.011639048687643755,0.23083809061209137,0.0,0.14457677971183658,0.0,0.0,0.0,1.0,1.0,,0.3414657410326346,0.4972909722842664,0.19003346509277597
B000468,4730.7002204618875,1.6998563494293524,7.464530385154867,4.051869802279035,0.022180644026271266,0.440501269365835,0.6170160581409768,41.09326947218905,0.7712700726762209,0.32462689684405077,0.0,0.10549731952702637,0.1665723709973298,0.3318896893847243,2.8461592006510528,0.4256038796220543,0.3276118516173063,0.09799202800474799,0.062062491081933006,0.0,0.5123336292960126,0.0,0.0,0.0,0.0,1.0,0.6155723579063552,,,0.19003346509277597
B000469,7445.289473742291,1.6504742792600955,9.833626971842033,1.0555584646582763,0.0,0.20947053350524336,0.21835482458585506,14.481201778443218,0.8059621301480429,0.37481745395170707,0.07691069259517573,0.0,0.18671667986389642,0.2060673227012736,2.5818292515841734,0.48694106043791613,0.48694106043791613,0.0,0.22709681614653032,0.0,0.28596212341555366,0.0,0.0,0.0,0.0,0.6,,,,0.19003346509277597
B000470,14363.058805269753,13.823925702858281,31.970241985083522,5.42292127322525,0.0,0.433,0.06147575055092876,3.9671513382409427,11.682457828494607,0.616207537508455,0.0,0.9374679852494899,0.0,0.5877923516057285,3.399110911737443,0.15491025634786915,0.05555016755168253,0.09936008879618662,0.0,0.0,0.8450897436521309,0.0,0.0,0.0,0.0,1.0,0.16685690746018214,,,0.18861606020795307
B000471,4399.3658262759645,9.203694197230051,22.715935637591386,13.216769482323622,0.0,0.3815713567770423,0.012549095815468354,0.4542772685199545,3.162750751395185,1.7296564846095168,0.5394966161693255,2.025266460390057,1.3644181666474928,0.38210571801847143,2.0195705290340658,0.7799507005567845,0.44377322823396403,0.3361774723228206,0.22004929944321514,0.0,0.0,0.0,,,,1.0,0.24462821034103777,0.35800257671425145,,0.1888484004682247
B000472,5370.20093272404,2.7385012405527998,7.851811617056732,3.0980014305361885,0.0,0.30238121464156015,0.965924232101964,64.17310776902602,1.2041366036766001,0.0,0.11920329913927237,1.0362237591244778,0.0,0.3789375786124484,2.664358302674207,0.5434425036769553,0.16505167303584775,0.37839083064110773,0.0,0.0,0.4565574963230442,0.0,0.0,0.0,0.0,1.0,,,,0.18861606020795307
B000473,1635.8647306221228,4.409338896555587,14.759398019483168,8.46064321486634,0.2338670181699749,0.25682392268025744,0.011837222354490948,0.24450328380611025,0.36314450010310895,1.1569417126370518,0.9647165848466634,0.47716115658991015,0.8435871164085356,0.6037878259703178,2.159999930872904,0.6998136388700579,0.48102424493160056,0.21878939393845742,0.2623843936198263,0.0,0.03780196751011581,0.0,0.0,0.0,0.0,1.0,0.9328659245930511,0.7425988643175003,,0.1888484004682247
B000474,4233.0784020028805,2.5780014628519368,8.611353419490834,2.965154914785917,0.3755182579305972,0.4610958737937518,0.015834058438803717,0.3438254416147097,1.2842425674089784,0.0,0.5184016256249966,0.2229338483907338,0.0,0.5524234214272286,3.191178181632717,0.3219178229578868,0.12083119321970574,0.20108662973818106,0.08647545457329231,0.0,0.5916067224688211,0.0,0.0,0.0,0.0,1.0,0.8271715532662742,0.30968753096671114,,0.1888484004682247
B000475,15868.618362950543,4.781144429933879,8.218450098196882,2.9304248103308246,0.4985498388396969,0.2991745175637985,0.017249838232858958,0.40609696551681296,3.383061918616626,0.3038911972221584,0.02745999216404791,0.36462971222530927,0.07780886163679153,0.6242927480689452,2.743355422145146,0.4772418124233499,0.3374173584156486,0.13982445400770147,0.0,0.0,0.5227581875766499,0.0,0.0,0.0,0.0,0.5,0.829954606102656,0.1423648127672172,0.18907166581037418,0.18861606020795307
B000476,1009.2949910166924,3.1540468469271636,7.64676200960933,8.699223544657407,0.13364610644567768,0.564997104893428,0.012098808890640765,0.26980343826128905,0.48395235562563066,1.5053300286714846,0.2302635542337264,0.0,0.5558320110367486,0.3786688973595732,2.2054917376549428,0.8078898203950443,0.7348840708266569,0.07300574956838739,0.0,0.0,0.19211017960495574,0.0,0.0,0.0,0.0,1.0,0.6804458288658873,0.3848726905346162,,0.1888484004682247
B000477,3200.703154714073,1.8185813379057234,8.289178264611792,2.2943972162036657,0.06144224799077611,0.365,0.425935916378779,28.330406546361935,0.5860374480804071,0.0,0.0,0.28856690109339334,0.6925396187715503,0.25143736996037286,2.5620166169945597,0.5190732847940726,0.13826017276187816,0.3808131120321945,0.1586769285918807,0.0,0.3222497866140468,0.0,0.30000000000000004,0.30000000000000004,0.30000000000000004,1.0,1.0159284078518886,,,0.32150759030508125
B000478,24120.23339162618,6.360821042095512,10.603090011841706,9.070382050989151,0.0,0.41426608753145877,1.2562973012175265,45.49180314034203,1.757464326069099,1.136578728595645,1.1264997357659634,1.1391468716185422,0.5413777614784793,0.6597536185677845,2.510812709677378,0.7118946318522247,0.3541223277497231,0.3577723041025017,0.0,0.0,0.28810536814777543,0.0,0.19999999999999998,0.19999999999999998,0.19999999999999998,0.98,0.35506121542422103,,,0.27509512128729385
B000479,834196.5502118096,759.7418490089341,1018.9659294316899,2452.7484026510415,0.0012373654122845245,0.47007141062462626,0.015708348894415775,0.5912958384144287,4.458031307207668,0.5737342748242916,753.1850983630977,0.18898152715088345,0.36335015430529155,0.9726533823482953,1.6689099461941663,0.9998875384261895,0.9984053692423419,0.0014821691838476372,0.0,0.0,0.00011246157381044381,0.0,0.5,0.5,0.5,0.5,0.23336506860686132,0.32275582209318826,,0.4014480571426785
B000480,35747.65296802396,9.643283778803335,13.315644647367675,14.539486662633287,0.0,0.3279101764652295,0.021544189430244123,1.3183633600808613,1.9548644904598327,0.7346405882718314,1.480308942321609,2.3695699961817174,2.21185095158719,0.8920488099811547,2.214937532030213,0.7972822810880281,0.5515599679699374,0.24572231311809065,0.0,0.0,0.2027177189119719,0.0,1.0,1.0,1.0,1.0,0.23218700059607453,0.26494212166308934,,0.6052750777176602
B000481,30216.762972690267,11.489263487714931,21.32219529198692,3.9232080408196883,0.0,0.36500000000000005,0.03878455629683158,1.5702081095975426,9.021312972930415,0.6652521259343426,0.0,0.9070001091539023,0.0,0.895698279696271,3.315344279665715,0.2148049365760833,0.07795959076524009,0.1368453458108433,0.0,0.0,0.7851950634239168,0.0,0.0,0.0,0.0,0.5,0.15625175474634664,,,0.18861606020795307
B000482,9131.542951673608,9.050092122570474,17.2359774356652,12.268847114947972,0.19843101509020838,0.39351753896539726,0.02854824611552423,0.40423499139332375,3.670833823495015,0.5451060221242441,1.21104846277407,1.8448077171217996,1.3371063902890197,0.4411897067663248,1.8997453008201055,1.0,0.7961559183998864,0.20384408160011347,0.0,0.0,0.0,0.0,0.0,0.0,0.0,1.0,0.1841252770501885,,,0.18481989412312194
B000483,3567.207619681109,1.799802028093395,11.596958580498857,2.8602411337297364,0.06996612684407724,0.3373907448792244,0.24182445716584405,5.421173109234978,0.5915802201296236,0.48595119330025227,0.05546801197652055,0.40715931483118906,0.09337200442356154,0.166271283432248,2.1192202762255503,0.9458706049316477,0.4496435231800226,0.49622708175162483,0.030818951812872506,0.0,0.02331044325547996,0.0,0.3,0.3,0.3,1.0,0.5574870229457966,,,0.32150759030508125
B000484,12553.406665332093,5.396993407279489,8.190501815089085,4.268925272395178,0.0,0.23999999999999996,1.3098011067105069,86.99698676824731,2.2560260584430014,1.609188527823377,0.0,0.6370960625470368,0.0,0.8946827584660757,2.9238598945848975,0.43905860124133966,0.14089471509449059,0.29816388614684913,0.11804647781998744,0.0,0.4428949209386731,0.0,0.28,0.28,0.28,0.7,0.3847983753234769,,,0.30976336009743166
B000485,2544.0300528941257,2.5959490335654345,4.086985934523326,1.4400062249468162,0.43247303168217066,0.47,0.01750117786860697,0.47254712631103857,1.7356645034278808,0.0,0.0,0.25171064909848356,0.0,0.6085738810390696,3.2248066665849313,0.33139500006130174,0.23443213759987316,0.09696286246142856,0.0,0.0,0.6686049999386982,0.0,1.0,1.0,1.0,1.0,,,,0.6052750777176602
B000486,54667.06353616789,11.661063040991444,15.703907462611909,12.946270199027419,0.0,0.468743950154142,0.012605845869396054,0.03847124723587591,6.810968254877778,0.8650151509853296,1.419493065077972,0.38012400397144647,1.062860953075649,1.1226016130032697,2.913088999426813,0.3417423969941526,0.3091446824774555,0.032597714516697074,0.07417978514862608,0.0,0.5840778178572215,0.0,0.0,0.0,0.0,1.0,0.1609010348741817,,,0.18481989412312194
B000487,3558.114914588493,4.122960503578787,15.829739159661244,5.826797206684742,0.08458997921114622,0.2931051704015041,0.016511049815365206,0.3519373064000344,1.1584048456998628,0.176717200261689,1.0801960496170746,0.2600849899450611,1.1007378638913157,0.3468195541637837,2.6162958638905964,0.7190356675271685,0.14720115402076814,0.5718345135064005,0.0,0.0,0.2809643324728315,0.0,0.0,0.0,0.0,1.0,0.7865590572954181,,,0.1888484004682247
B000488,11860.048681147528,4.392610622647233,14.485353506373784,4.776797343924946,0.0,0.3099369136746182,0.015950055691555217,0.3211645754500346,1.3632270835891833,1.5945920071313755,0.0,0.0,0.9930626384233642,0.44172889350330974,2.879875744691399,0.1277701474731282,0.1277701474731282,0.0,0.589092653059987,0.0,0.28313719946688487,0.0,0.0,0.0,0.0,0.92,,,,0.1888484004682247
B000489,20843.209840862477,5.858125306594288,10.950686904470116,10.728052657666494,0.0,0.23999999999999994,1.2213629733893878,81.31673797685065,1.7436894986071827,1.6087776042518025,1.3791236677161227,0.5092497250859486,0.0,0.6172848109332302,2.6719810195236837,0.724025181023742,0.12705075421910322,0.5969744268046387,0.0,0.0,0.2759748189762578,0.0,0.2,0.2,0.2,0.98,0.4023371003876169,,,0.27509512128729385
B000490,3269.633079257663,4.872776571173865,7.979859048891931,4.277042801198236,0.0,0.28821713069922433,1.8303434089515727,120.88781378026674,2.369455805266619,0.0,0.47138660008810723,0.4993242688547742,0.724643521325619,0.8079663756387453,2.7243704859019675,0.5274913154670755,0.42501908807034805,0.10247222739672747,0.0,0.0,0.47250868453292444,0.0,0.0,0.0,0.0,0.98,,,,0.18690117976449694
B000491,62542.74225951004,13.616969793056835,32.768183424056545,5.42840624563679,0.0,0.3505741275689882,0.05483297675213164,3.651876251691967,10.966595350426328,1.1843738656751097,0.12304623961444057,0.8288926372829803,0.04542418013381929,0.4686375199241574,3.4256963483785556,0.1297216299152062,0.1297216299152062,0.0,0.06087203319681483,0.0,0.8094063368879789,0.0,0.0,0.0,0.0,1.0,0.13708884038841188,,,0.18861606020795307
B000492,3325.176454989516,2.685926054111079,12.488205505610498,5.090451803591846,0.3181374283881833,0.7501185138185565,0.37311543833236743,8.363878711966679,1.126880805459996,0.053066663950921196,0.05383154594374993,0.892414776871364,0.1564121596130492,0.403320102271998,1.9891158651597185,0.7868179737582262,0.7085419150279421,0.07827605873028412,0.0,0.0,0.21318202624177376,0.0,0.0,0.0,0.0,0.92,1.2178157098718165,,,0.19003346509277597
B000493,24115.156330193153,6.817968993551923,15.792483589164593,11.16371379111317,0.13255266682790703,0.560604585672106,0.027566153066259015,1.004501212389455,2.981909542876524,0.7612220520676226,0.7639863827875438,1.1455601957975963,0.3515811988712215,0.8137096211514169,1.465203496295804,0.9826714337833178,0.782125871814031,0.20054556196928683,0.0,0.0,0.01732856621668229,0.0,0.0,0.0,0.0,1.0,0.6639682093673196,,,0.1888484004682247
B000494,18489.3352980463,5.1790855176600274,6.567864810647321,4.1543073842118226,0.0,0.365,0.02164389462053511,0.9091601733343311,2.346149182499275,0.6611121109721375,0.0,1.0784639073172133,0.0,1.0933603168714026,1.9200133116184857,0.791765572582305,0.791765572582305,0.0,0.20823442741769518,0.0,0.0,0.0,1.0,1.0,1.0,1.0,0.2275780827948748,0.24214555587587802,0.3930889401092448,0.6052750777176602
B000495,6936.782421299098,6.226914202243355,15.205999707858535,5.752552366293792,0.0,0.10322030527693646,0.026243476308097962,1.2176973006957457,4.587513077897648,0.70267721453892,0.0,0.4072176623128993,0.0,0.5295062474938872,1.7348191125966375,0.9825593181050771,0.8043177620463859,0.17824155605869116,0.0,0.0,0.017440681894922833,0.0,0.0,0.0,0.0,0.5,0.1160038655439791,0.12537773006683522,,0.18861606020795307
B000496,1263.845157089967,2.717946574387026,6.597178649994585,5.715880794504678,0.0,0.5514054561310987,0.012216682671898165,0.2724320235833291,0.4886673068759267,0.5989264055730102,0.0,0.9874249795120159,0.23151241984359247,0.41141546258248085,2.226349374983569,0.7884089460666159,0.568049057017625,0.22035988904899104,0.0,0.0,0.2115910539333842,0.0,0.0,0.0,0.0,1.0,0.7389411818314591,,,0.1888484004682247
B000497,9943.298703662755,6.085250124640608,10.729110001097647,6.538241146117829,0.0,0.43514716711115436,0.019527095438394648,0.5224365080371987,3.3436846456875235,0.0,0.12518941621525073,1.86219273326518,0.1230005733120427,0.6311827561606104,2.7031565379392117,0.5836267596425508,0.3304420659471008,0.2531846936954501,0.0,0.0,0.4163732403574489,0.0,0.0,0.0,0.0,0.5,0.5669701615575606,,,0.18861606020795307
B000498,13552.092064616858,7.71759229192304,11.80022262347786,8.413067373802127,0.0,0.17895560897984367,0.016385790957207318,0.9631899307604295,1.6146662316917495,0.0,2.968514320891077,0.5261029870141344,1.7761405136956754,0.8321682386304028,1.4481350701684896,1.0,0.7698582088153942,0.2301417911846058,0.0,0.0,0.0,0.0,1.0,1.0,1.0,1.0,0.24749661551954638,,,0.6052750777176602
B000499,9102.21664703969,4.618070343500603,7.724073721435605,0.31862705802508606,0.0,0.021,0.017097439053959145,0.381272890903289,3.819729151175492,0.0,0.0,0.0,0.2217644323854599,0.5765767599396512,2.2232720108793727,0.7553112625104674,0.7553112625104674,0.0,0.0,0.0,0.24468873748953246,0.0,0.0,0.0,0.0,0.5,,,,0.18861606020795307
B000500,916.1946028889904,2.279091051962663,10.712916263398741,3.8653777092758252,0.09426491095597234,0.3850538818240359,0.607151031852483,40.33094456997839,0.756173187100347,0.5433500208710689,0.0,0.5563501137994661,0.0,0.42321773019178116,2.6046303055087154,0.4346395348376293,0.4346395348376293,0.0,0.2335732877921818,0.0,0.3317871773701892,0.0,0.0,0.0,0.0,1.0,0.870749829293486,0.339306262727716,,0.19003346509277597
B000501,7043.034417788886,7.825593797543206,20.19639169685578,4.962074201993728,0.09687399087942251,0.4009776265436832,0.025066722649079866,0.9822712393218318,5.814778373760519,0.5415594781900465,0.0,0.6189174552681068,0.39143727059053673,0.45890121973399767,2.3679164551024448,0.7801680307149915,0.6609442666252311,0.11922376408976036,0.0,0.0,0.2198319692850087,0.0,0.0,0.0,0.0,0.5,0.12637734800595382,,,0.18861606020795307
B000502,642.7197450469378,1.3502515652246592,8.062057040786632,1.7705463090872688,0.0,0.5376316619072704,0.4865533869333082,32.40445556975832,0.6081917336666353,0.42508890801668814,0.0,0.0,0.03504056056973348,0.28193036297160223,2.7153728973968265,0.5495715396075529,0.5495715396075529,0.0,0.0,0.0,0.4504284603924472,0.0,0.0,0.0,0.0,1.0,,0.3831628397726505,0.4464427491473467,0.19003346509277597
B000503,5088.225807296877,7.449818165881226,13.25516817987521,13.583448865754916,0.17691152275425936,0.3386848187086972,0.015863314277130034,0.4582043791781128,1.4188787665958713,0.35082919240834803,1.3432282223008742,1.3821033935032683,2.0401718654402794,0.9146067256325837,2.1449154983192846,0.8095418257194423,0.35016480701354574,0.45937701870589653,0.0,0.0,0.19045817428055772,0.0,1.0,1.0,1.0,1.0,0.21313603331824454,,,0.6052750777176602
B000504,10025.541048732677,7.670651146696769,12.934974834637035,8.020206006124372,0.0,0.41336988503852673,0.019916104010882514,0.6812664844257886,3.3679558189868906,1.1848831583245494,1.5440079489285707,0.9242569089830089,0.0,0.6495473114737492,1.8859002336070738,0.7431124568170837,0.5886427598299122,0.15446969698717147,0.23448313383055425,0.0,0.022404409352362067,0.0,0.0,0.0,0.0,1.0,0.17523353401757955,,,0.18481989412312194
B000505,706.498125786161,1.3934874275861164,8.843388742428427,1.0935442269130384,0.0,0.44796206156152246,0.26962301976752834,6.026358583954438,0.7348131175417011,0.0,0.02936740588516458,0.20888262218399273,0.13171476715148595,0.2887095148237723,2.891937953726542,0.4726804827980482,0.3017065483709047,0.17097393442714334,0.0,0.0,0.527319517201952,0.0,0.0,0.0,0.0,,0.6242426438808947,,,0.19003346509277597
B000506,3651.4155721119687,3.337674197542933,7.1812516757368705,4.263662134943481,0.0,0.5800818636437146,1.3425766984914185,48.55426568276063,1.751695236921125,0.0,0.0,0.10181110337804027,0.6648134261112701,0.8193544311324973,3.068991422139038,0.4751748872880835,0.2759902494942928,0.19918463779379073,0.0,0.0,0.5248251127119163,0.0,0.0,0.0,0.0,0.98,0.3486125851992007,,,0.18690117976449694
B000507,2460.3553862707636,1.4911244765277356,11.240356557962578,2.2715224705121626,0.02304008442916833,0.45312206582125525,0.14302438812399623,9.521858455424207,0.5020389706178119,0.22559295448374375,0.0,0.4429878015205409,0.10950727155236997,0.21099747835326865,1.4951638375102396,1.0,1.0,0.0,0.0,0.0,0.0,0.0,0.3,0.3,0.3,1.0,0.5918375004920925,,,0.32150759030508125
B000508,2208.9437168479717,2.6872794608856103,6.159210248623813,4.124589135616094,0.0,0.4967156354215715,0.014727962265638718,0.389016487484243,0.487724467260696,1.2427261133228833,0.0,0.21280871108830912,0.20244491807044554,0.5415752511432751,2.554497034866056,0.7945316562539669,0.1775583318884988,0.6169733243654681,0.0,0.0,0.20546834374603268,0.0,0.0,0.0,0.0,1.0,0.9452387642400715,0.3838610756812966,,0.1888484004682247
B000509,5049.278021282173,4.786045517803007,7.994132364632261,6.8916766624870345,0.21007910483338052,0.35225273767757315,1.7298641268592958,62.616460117863085,1.0187527731456507,0.868981489629714,1.0657197535420488,0.13569147801950338,0.7785576620585067,0.918342361407583,2.48100526699934,0.7480050537449779,0.3437671007261209,0.40423795301885695,0.02835148088641484,0.0,0.22364346536860724,0.0,0.0,0.0,0.9800000000000001,0.98,,,,0.18690117976449694
B000510,10701.695119588596,7.329928164101778,20.925260293133576,2.3631438930878903,0.0,0.4685533085956093,0.02385306113803827,1.1067820368049759,5.82308002465672,0.6682288881615989,0.0,0.31620397360368196,0.053258853963251036,0.46915642371652455,3.4171203767028424,0.18715971747286758,0.045590565293367,0.14156915217950058,0.0,0.0,0.8128402825271323,0.0,0.0,0.0,0.0,0.5,,,,0.18861606020795307
B000511,5992.161165646739,6.367865213227141,12.537893456953022,9.674477142085012,0.39062804031487114,0.24383624237032595,0.01384353418442569,0.6413741326047907,3.0271790221854977,0.6966452969790143,0.41336033381114035,1.5019184565271786,0.0,0.7287621037243102,2.865798005544077,0.5246163477365177,0.17935719417601173,0.34525915356050585,0.0,0.0,0.4753836522634825,0.0,0.5,0.5,0.5,0.5,0.2636938707704696,,,0.4014480571426785
B000512,66695.2456638432,14.68734764673931,18.92620398833212,15.07848567528826,0.0,0.3375491782361633,0.016421270198246397,0.1419767692963686,6.776262215946332,1.2729211671290515,1.6082089757309685,1.3006383327865316,1.9512269208676145,1.7780900342788128,2.7228073331136504,0.5386326803906827,0.31722679201191306,0.22140588837876946,0.0,0.0,0.46136731960931743,0.0,0.0,0.0,0.0,1.0,,,,0.18481989412312194
B000513,7326.413228793085,6.758683790399525,15.09046941162686,12.9573464663886,0.3022531594608859,0.27011397485086075,0.01626078331218416,0.37428592536294636,2.762306217874237,0.4435912402646347,1.1271894380741219,1.1376199444679507,0.7006755556126588,0.5873013941059222,2.672333413035252,0.4624267090276336,0.29410696220297816,0.16831974682465545,0.10367041532671553,0.0,0.43390287564565083,0.0,0.0,0.0,0.0,1.0,,,,0.18481989412312194
B000514,3820.619385370338,4.948988841153287,18.30824409344711,8.264807829337194,0.0,0.2842835911121576,0.008064723266447603,0.01862951074549396,0.3225889306579041,1.6177271057473606,0.8462254377606159,0.4944611635385421,1.0557975276587093,0.6121886757901558,1.76045828020243,0.9348172038749779,0.7638276411740412,0.17098956270093665,0.0,0.0,0.06518279612502209,0.0,0.0,0.0,0.0,1.0,1.0162616068135364,,,0.1888484004682247
B000515,5676.9143952114,4.703325928095609,17.187614223153982,6.830357435766809,0.0,0.36210223720453577,0.010243765361764814,0.26941437260746526,1.0999024178409893,1.6961094315298115,0.7193589284029724,0.1494180766038938,0.7824532303962498,0.2560838433216915,2.1415354319962714,0.9648571097843546,0.6455485647762242,0.3193085450081301,0.031768599261075156,0.0,0.0033742909545702053,0.0,0.0,0.0,0.0,1.0,0.7025594381644804,0.2829101187064995,,0.1888484004682247
B000516,1478564.7897109448,1648.3442471693922,2375.6602716860016,3452.912472729621,4.931509077797233e-05,0.43299313993776617,0.012646219500448051,0.35644951499306476,4.226393919143923,0.7246851717018539,1641.9671703250772,0.4560261332182689,0.0,0.969971620250895,1.3353127795314335,0.9994402884854003,0.9991636313890435,0.00027665709635676933,0.0,0.0,0.00055971151459967,0.0,,1.0,,0.5,0.2896611338690561,,,0.18481989412312194
B000517,5074.151565596506,3.13412697072051,7.817588977427956,2.649431505462209,0.056541547949335434,0.3963819024900717,1.1805427912408042,42.74706185699982,1.4672867139901884,0.7512205980708058,0.07332106467367365,0.3165260114009802,0.1285343588978698,0.39723822368699224,2.813723187372429,0.48793854637749695,0.24824800253903032,0.23969054383846689,0.0,0.0,0.5120614536225029,0.0,0.0,0.0,0.0,1.0,0.48805268942022323,,,0.18861606020795307
B000518,11515.63239680273,5.088657709590247,13.477424881101287,6.132718071421209,0.0,0.3825739936589599,0.012757229324478387,0.29318281999341633,2.2046113529633864,0.33907054732175157,0.0,0.7755028790657567,1.0791980348613697,0.6902748953779833,2.898312048653001,0.5429496582415014,0.1784722223880939,0.3644774358534073,0.0,0.0,0.4570503417584987,0.0,0.0,0.0,0.0,1.0,0.1617261589458724,0.255965867159073,0.772808249345458,0.1888484004682247
B000519,29213.568944720202,6.717307184345873,11.275581914802522,6.808538779234117,0.13635970500252076,0.3257666757390529,0.020089419621359975,0.5080546252845352,3.726360052573554,0.5069054680020463,0.07653098721101241,1.1740139066654327,0.048671150084929005,1.184825619808899,2.9215950023262947,0.39526022392901217,0.39526022392901217,0.0,0.011393105170083859,0.0,0.593346670900904,0.0,0.0,0.0,0.0,0.5,0.5359375013290774,,,0.18861606020795307
B000520,15296.661746852646,8.367976885586787,17.836884779515042,2.987774217771065,0.0,0.11839358293027068,0.02520119549565214,1.0374643303657731,6.375500711887675,0.0,0.1621323184848554,0.4707710384657368,0.7512003768840639,0.6083724398644552,2.479630332865369,0.7045368634365197,0.5953906853511014,0.1091461780854183,0.05625864470020282,0.0,0.2392044918632775,0.0,0.0,0.0,0.0,0.5,0.13328299082956008,,,0.18861606020795307
B000521,1559.8110712860293,1.2859118477213762,7.018139621171501,2.0446567326726837,0.28531500424668477,0.27110669690159334,0.35251684988474213,23.47152385202322,0.48555346865369137,0.0,0.03899706043394625,0.2967124275063372,0.219585017425734,0.24506387370166763,2.9331520155219635,0.2539597941169829,0.08319768642286944,0.1707621076941134,0.261067264085915,0.0,0.4849729417971023,0.0,0.3,0.3,0.3,1.0,1.1275423336211516,0.34128615135135476,,0.32150759030508125
B000522,932.288516972512,2.2850208749326275,10.819389626746734,2.0548012016414043,0.060826366115624704,0.389693545677603,0.5957706901877057,21.56689898479495,0.3276738796032382,0.0,0.0702520785988436,0.46187762348443434,0.12987428328586215,1.2953430099602494,2.3884566570840065,0.8414349283675896,0.5824649061406617,0.2589700222269278,0.0,0.0,0.15856507163241051,0.0,0.0,0.0,1.0,1.0,0.5432691099701454,0.35270969350145776,,0.19003346509277597
B000523,31415.40709500018,8.256348776609771,20.083428576041587,1.984046213821949,0.12184212440849516,0.20304181157877021,0.03035423862983233,1.4078682815519068,6.716380427153407,0.7256711736614754,0.04321583286756335,0.09770739527425806,0.16914548367368404,0.5042284639793844,3.4101146091601393,0.16139354655033722,0.06166682821349027,0.09972671833684693,0.0052342547579862135,0.0,0.8333721986916767,0.0,0.0,0.0,0.0,0.5,0.13743380874895147,0.12207820337777227,,0.18861606020795307
B000524,33097.05580163333,9.930109751465146,13.919281549750657,7.552378561863371,0.0,0.3401007197589774,0.013570015924846699,0.5088910564146653,4.696545198385194,0.0,2.5037306844532896,0.4300939360637104,1.377596204728993,0.9221437278339603,1.9805881452523928,0.8858815674850766,0.5904342165548288,0.29544735093024793,0.0,0.0,0.1141184325149234,0.0,0.5,0.5,0.5,0.5,,0.2626067591795313,,0.4014480571426785
B000525,8249.598284185644,8.017102316992851,10.227381133249505,7.42430307395186,0.0,0.2559853269714048,0.018817655962139735,0.7923624406462718,2.0745400292541594,1.512903072858703,2.8317305212240944,0.5013039490142167,0.0,1.0966247446416753,2.5178813217420792,0.6731599221389691,0.31994869827545064,0.35321122386351844,0.06252931909720863,0.0,0.264310758763822,0.0,1.0,1.0,1.0,1.0,0.20248165786432396,0.26134961060479917,,0.6052750777176602
B000526,10819.240958631482,9.755852983436863,17.789466733811267,8.234807567966683,0.01508255101850725,0.3751354869735161,0.009276700085199865,0.43002930713249293,4.773746402742709,0.0,1.7239178452093764,0.20657291535770736,2.204356946937639,0.847258873189432,2.8116533641830883,0.3339727178152863,0.31279846316954496,0.02117425464574132,0.17670600901183955,0.0,0.4893212731728741,0.0,0.0,0.0,0.0,1.0,0.1789117051526406,,,0.18481989412312194
B000527,1408380.5815646702,340.3529679953287,2199.842353943601,643.6306178280017,0.0,0.3649901186278638,0.22402091953812225,8.164276969084478,0.34444244150787573,339.81010176895455,0.03414023120944632,0.0,0.0,0.1642835536569088,2.0019144597985328,0.9988876762998508,0.9988876762998508,0.0,0.0001003083105475222,0.0,0.0010120153896016654,0.0,0.5,0.5,1.0,0.5,0.6619322088663346,0.3537615388524785,0.624104170753067,0.4064886165245276
B000528,12699.52209757172,7.523413564912157,11.457597823276497,9.71205438585418,0.0,0.34663082329593,0.8971675372652254,59.285958948891626,2.0578208100675983,1.108087231181471,0.835137200513823,1.692367273808532,0.7058313154312,1.1241697339095298,1.7631061302125028,0.8898064041286133,0.8898064041286133,0.0,0.0,0.0,0.11019359587138675,0.0,0.2800000000000001,0.2800000000000001,0.2800000000000001,0.7,,,,0.30976336009743166
B000529,2229.0780865453635,1.334777297332553,9.019553588864296,2.1674260434003156,0.0,0.365,0.43087893579325454,28.500584818963397,0.5345305684114869,0.21609771896314345,0.0,0.39735597887700386,0.0,0.1867930310809187,2.8033151562340874,0.5665646537718999,0.10697210671098857,0.45959254706091124,0.0,0.0,0.4334353462281001,0.0,0.0,0.0,0.0,1.0,0.5485813359836779,0.3416590739449374,,0.19003346509277597
B000530,1133.1182723269242,3.3132113225933457,5.714526408271099,1.8379266353622625,0.0498380337854559,0.5336658223637923,1.190951662945414,43.038960147204364,2.0438610049857537,0.6017820762956385,0.0,0.07764341820811994,0.0,0.589924823103832,3.016146881149966,0.35166654600074443,0.3282320558193737,0.023434490181370685,0.0,0.0,0.6483334539992552,0.0,0.28,0.28,0.28,0.7,0.3885779929626951,,,0.30976336009743166
B000531,2391.264303168303,5.109539109333981,17.808372697722117,7.273534599684406,0.0,0.440624365008802,0.007754902443893543,0.08530392688282896,1.7714244161178145,0.32957349826523286,0.814960961271212,0.0,1.905601845261217,0.28797838841850376,2.762405365693631,0.2627347307834906,0.2627347307834906,0.0,0.37294985016948207,0.0,0.36431541904702736,0.0,0.0,0.0,0.0,1.0,,,,0.1888484004682247
B000532,5783.252596395265,3.799771745331974,10.574880310946234,0.0,0.0,0.0,0.9851405020860972,21.93456685298653,1.2287658568757793,0.0,0.0,0.0,0.0,2.5710058884561953,2.7645051472316533,0.67662113957626,0.67662113957626,0.0,0.0,0.0,0.32337886042374,0.0,0.0,0.0,0.0,0.9,,0.30503767491664613,0.1913609282233491,0.18861606020795307
B000533,17386.43299209686,7.024821410948226,10.524991854866787,5.680218006062775,0.0,0.44799506897774866,0.012080916323359642,0.3498804663819686,4.057024138441671,0.6285352500856567,1.0689136902850858,0.31394789303228254,0.0,0.9564004391035318,2.9226807983930527,0.41932526685560423,0.41932526685560423,0.0,0.0,0.0,0.580674733144396,0.0,0.5,0.5,0.5,0.5,0.22631531476197553,,,0.4014480571426785
B000534,1552.7286779531757,2.073068995932144,6.2603068290284165,2.3229601462994243,0.0,0.433,0.833345914558713,30.106619321723397,1.0348690164751917,0.0,0.0,0.6362372290658186,0.0,0.40196275039113377,2.974010504620563,0.47776622591938667,0.17086026653536823,0.3069059593840185,0.0,0.0,0.5222337740806133,0.0,,,,0.9,0.6387109599856604,,,0.18861606020795307
B000535,2269.534027607701,2.8088292420887386,9.536391967265414,6.295735904042516,0.0,0.433,0.010989924235654083,0.2513979882762151,0.34927300055289096,0.0,0.0,0.7015542527191391,1.5431757870224032,0.21482620179430614,2.6655811269598466,0.28943326866948527,0.03966577045110301,0.2497674982183823,0.5494017806062309,0.0,0.16116495072428397,0.0,0.0,0.0,0.0,1.0,0.31374329179995303,,,0.1888484004682247
B000536,11431.151630998898,11.065974473377443,29.456435197862504,2.1354268782462973,0.0,0.3614389388308004,0.05023336324172455,2.2435633971171356,10.12720290390626,0.0,0.09225337807286192,0.1601687605979618,0.08991985986148535,0.596429570938874,1.7246427016046098,0.9850538258729462,0.9705798397831268,0.014473986089819414,0.0,0.0,0.014946174127053843,0.0,0.0,0.0,0.0,1.0,,0.3442684012535845,,0.18861606020795307
B000537,32353.812973575452,19.315709237955495,35.41512343347517,1.2747659350686829,0.0,0.4173527529388218,0.08339747128176635,5.377858995075225,18.10812950485087,0.0,0.15487930788926704,0.4671625423743386,0.0,0.5855378828410198,1.7190799861235009,0.9919816918974466,0.9677960647160039,0.024185627181442612,0.008018308102553552,0.0,0.0,0.0,0.0,0.0,0.0,1.0,,,,0.18861606020795307
B000538,5375.0515858354165,9.283336072254606,14.101462596069766,13.836692707434064,0.0,0.1816206823877302,0.011432467818975127,0.2549440323631453,3.83926158099911,0.6904918158306896,1.7581414803968225,0.5246317309599302,1.8997720390225525,0.5710374250455003,2.95599819698184,0.3609239901180289,0.11502389627360285,0.24590009384442602,0.2046432472374301,0.0,0.434432762644541,0.0,0.5,0.5,0.5,0.5,0.1548820522430468,,,0.4014480571426785
B000539,552.6976149713747,1.2448144481337269,8.109566859623015,1.1114039912383584,0.0,0.45462226995374383,0.21958890916318696,7.9786847766850535,0.43008234562619657,0.2764460601879198,0.028024285986227766,0.05567358209385931,0.11242149991309058,0.3421666743264327,2.0777990979913166,0.9042672383879741,0.637464709882858,0.26680252850511615,0.0,0.0,0.09573276161202582,0.0,0.5,0.5,1.0,0.5,0.6126490617440791,0.35480600705061616,0.7356460022046359,0.4064886165245276
B000540,3636.234765929869,3.621747774830547,8.115739875202003,4.898808844128587,0.0,0.021,0.017123677253312014,0.2304218846571382,2.6090516691315133,0.4945051798474282,0.0,0.0,0.0,0.5181909258516059,2.194375859214451,0.6337845744397304,0.6337845744397304,0.0,0.13653771896651887,0.0,0.22967770659375095,0.0,,0.0,,0.5,0.4029758188190498,,,0.18861606020795307
B000541,1378.870916775963,0.6884028541068212,3.91364456031366,0.5812735511145852,0.20417334369824736,0.6021160699031104,0.24019726104136133,8.67797164676248,0.36742493485288535,0.0,0.0,0.08034398342588817,0.039734572966894456,0.20089936286115312,3.0460596705733924,0.33463226056238793,0.33463226056238793,0.0,0.11671070645128526,0.0,0.5486570329863265,0.0,0.5,0.5,1.0,0.5,0.9427937114145167,,,0.4064886165245276
B000542,1674.2180472123496,4.982791807179612,9.86498057921153,8.41320830519293,0.2072764322125576,0.378984178162525,0.9818848637363485,35.585065801540146,1.694090627400044,0.0,0.37585945670525184,0.9483594509379989,1.0195270956269322,0.9449551765093844,2.6368472849436504,0.6574462281993939,0.26250969006640573,0.39493653813298807,0.0,0.0,0.3425537718006062,0.0,0.28,0.28,0.28,0.7,0.4059442980481614,,,0.30976336009743166
B000543,2975.7232815925768,3.9257563081696265,6.316434659610861,6.737277714540213,0.0,0.37891908406494496,1.7868227147172489,118.28864475186373,1.0853936806285858,0.7205924207653404,0.0,1.098872733230065,0.311888543851836,0.7090089296937996,2.5885471101210933,0.41403529940480677,0.15103350215403255,0.2630017972507743,0.27991363879191256,0.0,0.3060510618032807,0.0,0.0,0.0,0.98,0.98,,,,0.18690117976449694
B000544,3069.055387385145,3.8172330688869964,15.2099363914051,5.059126255359874,0.0,0.08268210447080432,0.007132863369466523,0.01647691438346767,0.2853145347786609,0.7838568311436602,0.7227780507352549,0.26687753539661135,1.3509051648330312,0.4075009519997785,1.7137798099358557,0.9156027059021957,0.6563427738330168,0.25925993206917897,0.0,0.0,0.08439729409780439,0.0,0.0,0.0,0.0,0.9,0.4272453676534606,,,0.1888484004682247
B000545,6285.438989373865,4.5612764799520065,9.97393558918063,5.510775905672973,0.0,0.09809167355691313,1.3084174976468304,47.34881178085498,0.7953212477867553,0.7197658560351479,1.8437004877780718,0.26012838902493657,0.5616912445982838,0.3806692547288129,2.1687198979231557,0.7546715710070501,0.3504644382270897,0.4042071327799605,0.05702973502445386,0.0,0.18829869396849616,0.0,0.0,0.0,0.98,0.98,0.3251307785244943,0.34124851322174476,0.5070365775579827,0.18690117976449694
B000546,1038.0661204908147,3.359437283141795,9.577348630819602,4.50953411406489,0.0,0.37103991078947535,0.9514874324386489,34.443845054279095,1.1893592905483112,0.7575877629481673,0.06657703820500503,0.8177641180100034,0.0,0.5281490734303083,2.62328048472306,0.6459647285226279,0.17703146732928934,0.46893326119333845,0.0,0.0,0.35403527147737224,0.0,0.0,0.0,0.0,1.0,0.7896860641301919,,,0.18861606020795307
B000547,7326.3012224190625,6.75858046348622,10.419470658563405,3.357911988693623,0.0,0.3519733177517327,0.011232430782502233,0.3432130919893385,4.330045942314934,0.0,0.7623715270775149,0.6143451115140396,0.0,1.0518178825797324,1.9617097254224998,0.772221667437803,0.772221667437803,0.0,0.09089854220617612,0.0,0.13687979035602105,0.0,0.5,0.5,0.5,0.5,0.21090836805714985,,,0.4014480571426785
B000548,4132.288480627336,1.2556330843595673,6.503877753065194,2.5144799677068796,0.0,0.7672968898537766,0.5644084840294087,20.4315871218646,0.3104246662161748,0.1471178778129167,0.06824935377854938,0.35771097272737606,0.0,0.3721302138245502,2.618420795868603,0.674197262693214,0.2721460131454374,0.40205124954777655,0.0,0.0,0.32580273730678594,0.0,0.0,0.0,1.0,1.0,0.5233575343118078,,,0.19003346509277597
B000549,3508.404859382799,1.743739989752882,9.437885383066277,3.1203186389739965,0.13514740468908984,0.2773178243570481,0.5191679195632574,18.79387868818992,0.6489598994540717,0.2262817492881522,0.0,0.6230114647993403,0.0,0.24548687621131798,2.774746736106865,0.6040559197339116,0.1170032518600435,0.48705266787386803,0.0,0.0,0.39594408026608857,0.0,0.0,0.0,0.0,1.0,0.6550881522099022,,,0.19003346509277597
B000550,6342.186859522654,1.826666722212746,7.617326858684619,3.3241151671652847,0.0,0.24,0.4805899139131334,10.717901238872308,0.6579113627141687,0.6866134553058556,0.0,0.0,0.0,0.48214190419272196,2.5984159482848193,0.6132464052753421,0.23736313825325428,0.37588326702208785,0.0,0.0,0.38675359472465803,0.0,0.3,0.3,0.3,1.0,0.45861822337507324,0.364890503535141,,0.32150759030508125
B000551,2671.322664571807,3.8216347132643875,8.701773308437208,3.9208183614297685,0.0,0.021000000000000005,1.2776699517023593,45.72533456872063,1.5750177615457295,0.9007365149108172,0.11627601814321321,0.6194643644073499,0.16455003807618312,0.44559001618109506,2.785714828200024,0.5574423233547975,0.1596542056046233,0.39778811775017414,0.03042572795867553,0.0,0.41213194868652714,0.0,0.0,0.0,0.0,1.0,,,,0.18861606020795307
B000552,462.3716929748864,0.9210591493523633,6.360230100095693,0.9224090362719475,0.0,0.40266096789933375,0.14356687883679628,9.55656623388384,0.2863521517227296,0.2085143801103138,0.0,0.0972949908264191,0.1615323276627703,0.16736529903013053,2.0089722815980675,0.9508933342389128,0.4434973663164275,0.5073959679224851,0.0,0.0,0.0491066657610873,0.0,0.3,0.3,0.3,1.0,,,,0.32150759030508125
B000553,7739.137920075841,7.770218795256868,18.759382446088804,11.073790055506208,0.0,0.28561881442521075,0.02390053054288731,0.45398256105797313,1.9124491556995942,1.2175018293417685,1.9129929023372731,0.9926352412921353,1.1315345642592052,0.6031051023268925,2.464955059086584,0.6100606856548929,0.36386518553525526,0.24619550011963767,0.12774868603417758,0.0,0.26219062831092954,0.0,0.0,0.0,0.0,0.92,1.0469690819239688,0.49291653469294694,,0.1888484004682247
B000554,26864.433507734644,9.986778255663436,20.85293046881445,10.178112625209433,0.0,0.21677972376312507,0.011549433795196042,0.24511525302376144,4.034846142702582,0.3359476634393242,1.4129130703603319,0.7403453219370836,2.2138632125017823,1.2488628447223327,2.0415613060756432,0.9258674516461565,0.7041880315342384,0.22167942011191796,0.0741325483538436,0.0,0.0,0.0,0.0,0.0,0.0,1.0,,0.18572511112021411,1.0827430508295808,0.18481989412312194
B000555,2760.331516216517,3.6177346215157495,11.89966347613775,4.621823290880186,0.0,0.5666598483794579,0.010630281718216875,0.1820715388818172,2.0254905016557787,0.1490082785926758,0.26031475236435786,0.6154843059060192,0.08652198760663611,0.4809147953902823,1.9969618183130389,0.8131700965849749,0.7892540284764784,0.0239160681084964,0.0,0.0,0.18682990341502526,0.0,0.0,0.0,0.0,0.5,0.611186540659429,,,0.18861606020795307
B000556,3152.6163861263904,6.48686499202961,15.052056223048117,5.918583246973405,0.0,0.3675121457171165,0.007747540380579253,0.3863980431889022,2.6173423489857655,0.2799667023654698,1.536048405187063,0.0,1.2583498610102677,0.7951576744810438,1.5447902705964254,1.0,1.0,0.0,0.0,0.0,0.0,0.0,0.5,0.5,0.5,0.5,0.14172225334931884,0.23725544867196333,,0.4014480571426785
B000557,7888.656984538061,4.948969250023878,7.730649991721933,3.1694004110811487,0.0,0.36200430991510335,1.3278775231635151,42.95848042810327,2.645963810386323,0.8144636386354851,0.0,0.4176217951041344,0.4781269893048053,0.5927930165931286,1.7754597508151353,0.9619940511889655,0.9619940511889655,0.0,0.0,0.0,0.03800594881103442,0.0,0.2,0.2,0.2,0.98,0.22554393179218568,,,0.27509512128729385
B000558,500.0529047434918,0.7850124093304424,6.037408991360676,0.1619076375655887,0.0,0.3363712459208369,0.3828422721510567,25.497295325260374,0.4785528401888208,0.0,0.054392488291100716,0.0,0.03848260414505937,0.21358447670546155,3.1162971720370045,0.39038818431291933,0.34136653358782804,0.04902165072509132,0.0,0.0,0.6096118156870808,0.0,0.0,0.0,0.0,1.0,0.9899880899526342,,,0.19003346509277597
B000559,948.486056367208,1.2562729223406728,7.75231968979059,1.3738713175687867,0.0,0.2990540344208645,0.23592367873326608,8.59806423754953,0.3627434798497792,0.3695191094446196,0.064773678919132,0.14364271441152926,0.16435846100532617,0.15123547871028675,2.7153944475010148,0.5339546969275079,0.2398154992473287,0.2941391976801792,0.16590056955326418,0.0,0.30014473351922805,0.0,0.5,0.5,1.0,0.5,,,,0.4064886165245276
B000560,3548.0230644924254,4.724398221694308,8.210699985304602,10.461897554957357,0.2574392959710995,0.22866835450448264,1.133545368145697,75.31172042512007,1.9721062215907466,0.6233075928164676,0.23230925557067741,0.6354256767956502,0.6330506210324089,0.6281988538883563,2.6007829539720264,0.4761533340997725,0.2924823369383325,0.18367099716144003,0.13399603321444362,0.0,0.3898506326857836,0.0,0.28,0.28,0.28,0.7,0.23664744235387586,0.3549808892530294,,0.30976336009743166
B000561,7693.189184291313,3.2862832910257636,9.964096602640964,5.917091073610647,0.6211814683431095,0.7864389325201845,0.01758853242215012,0.40305989681933263,1.5344790939549058,0.11433925764537327,0.0,0.6680877776594449,0.0,0.96937716176604,2.678043377014341,0.5816687496531163,0.5816687496531163,0.0,0.0,0.0,0.4183312503468837,0.0,0.0,0.0,0.0,0.95,0.6319903190843091,0.5049986550744414,,0.1888484004682247
B000562,5470.665458925563,8.521285761566297,21.069206290472835,13.991179681856678,0.005994109935528624,0.28860137049994694,0.011750733486628953,0.26204135675182566,0.4700293394651582,2.422538299362554,1.0078401437007567,1.691851851294021,2.340485655489623,0.5885404722541843,1.9900592926840017,0.9085964771859155,0.9085964771859155,0.0,0.028223763848017166,0.0,0.06317975896606741,0.0,0.0,0.0,0.0,1.0,0.776765883875498,,,0.1888484004682247
B000563,9412.706221942832,5.02815503308912,8.343530136978968,7.768251792104258,0.0,0.021,0.012932382693437968,0.6000625569755217,1.596590455979996,0.0,2.524852988409317,0.0,0.0,0.9067115886998057,2.254563742665801,0.6824699227702395,0.6824699227702395,0.0,0.0,0.0,0.3175300772297603,0.0,1.0,1.0,1.0,1.0,0.15418079898154577,,,0.6052750777176602
B000564,21163.35990912699,9.102520391022361,15.068484355932068,5.14904270314243,0.0,0.365,0.012019867500808372,0.19502711928956942,5.421003870599401,0.509560418219337,0.0,0.0,2.209134129039866,0.9628219731637591,2.9905212815708984,0.40445023600869606,0.40445023600869606,0.0,0.0,0.0,0.5955497639913042,0.0,0.0,0.0,0.0,1.0,0.25462384060118637,,,0.18481989412312194
B000565,843689.1841885324,1553.7554036621223,2523.549135313502,2942.8908373924146,0.0003910760882125878,0.3648205543447156,1.6862462124941306,60.975268786442946,1.0518340342024468,1.0052287077957711,0.3629456736286426,0.24945916783040253,1550.432938991193,0.6529970874721306,2.3335196791100232,0.999220918297528,0.0007122958706466723,0.9985086224268814,0.00016055240563761836,0.0,0.0006185292968343711,0.0,0.0,0.0,0.98,0.98,0.241326202260834,0.2973563354740308,,0.18690117976449694
B000566,2276.052482883683,1.2837295447736508,8.373534267020158,1.6840404911743754,0.0,0.29907036633166395,0.317410881541545,11.543135819508352,0.43014976192423904,0.1740719366227259,0.0,0.37502919542428603,0.14453983243389687,0.15993881836850282,2.5109476353032973,0.5293391020179824,0.10160014852694126,0.4277389534910411,0.11259367911438257,0.0,0.358067218867635,0.0,0.3,0.3,0.3,1.0,0.8224772213376346,0.4457026690588852,,0.32150759030508125
B000567,3414.4336484334526,8.536084121083631,11.023874227278876,12.172440068611627,0.0,0.365,0.02014187822602427,0.6870608107243441,5.465777442020956,0.0,0.0,0.0,2.0487858690464975,1.0215208100161781,1.7564226583302691,0.8590418596258266,0.8590418596258266,0.0,0.0,0.0,0.14095814037417342,0.0,0.5,0.5,0.5,0.5,0.3441249168511095,,,0.4014480571426785
B000568,5683.9311809480805,5.890084125334798,9.131103679863768,9.141739165073865,0.0,0.2988916740878578,3.1273149332317094,113.13986185591472,0.7136189665430129,1.0261790116309821,1.3136080513741017,1.2104916878723635,0.7131207613349281,0.91306564657941,2.050182657979833,0.7283946209724645,0.4331017633569468,0.29529285761551777,0.20551348030255134,0.0,0.06609189872498399,0.0,0.0,0.0,0.98,0.98,0.20448370017179143,,,0.18690117976449694
B000569,18949.9886094667,6.476414425655059,20.228000410804302,0.9712360905284325,0.16230660567346572,0.6817737100524198,0.023443496213427707,0.9807683469325869,5.833928669668973,0.0,0.0,0.0637146346182753,0.07766174215099055,0.5011093792168193,2.8354460934315946,0.39121786276125575,0.38137991379278297,0.009837948968472761,0.0,0.0,0.608782137238744,0.0,0.0,0.0,0.0,0.5,0.35348066516372895,,,0.18861606020795307
B000570,20398.661081519003,4.175775042276152,7.9901331487676615,8.427962353399453,0.0,0.5479320633915534,0.4548952973812751,29.905560288867953,1.6523914130151305,0.3201933433156354,0.0,0.0,0.862602037560481,1.3405882483849054,2.1823794712517124,0.8798790666379668,0.6733061481192792,0.20657291851868764,0.07667878180073198,0.0,0.04344215156130132,0.0,0.28,0.28,0.28,0.7,0.4625795396189055,0.46741757961896974,0.45227007390428225,0.30976336009743166
B000571,28748.52489024183,6.414217958554626,11.073125292067983,7.784576711987613,0.05472858537697558,0.5502168145146291,0.016665711157971302,0.269944396393786,3.4960122389908417,0.6262663756101648,0.0,1.255583747574142,0.0,1.0363555963794775,3.0049149288376333,0.4266465564362821,0.2308964656711915,0.1957500907650906,0.0,0.0,0.573353443563718,0.0,0.5,0.5,0.5,0.5,0.2278412454705888,,,0.4014480571426785
B000572,24445.641579405077,6.482535555397793,9.505062014584297,7.844029646633001,0.0742149197224031,0.38498848401707547,1.436256352518551,95.38421047492567,2.415059896130628,0.0,1.280376189957382,0.844982396751842,0.567550950647148,1.3745661219107923,2.5886890415567816,0.63705585569239,0.63705585569239,0.0,0.0,0.0,0.36294414430760985,0.0,0.28,0.28,0.28,0.7,0.39541049224394037,0.4638686129536307,0.344900985831187,0.30976336009743166
B000573,21883.768581555218,8.972434842786067,20.89717240600766,3.3491097126646934,0.0,0.40952739811856437,0.03040568402021394,1.2341863496300585,7.435387611268321,0.0,0.09617807659485761,0.7342920282609686,0.0,0.7065771266619201,2.0825151402540207,0.792314882950662,0.792314882950662,0.0,0.0,0.0,0.20768511704933787,0.0,,0.0,,0.5,,,,0.18861606020795307
B000574,3615.27065695917,5.379867049046384,8.857985628914186,7.532472819298327,0.0,0.3558059283338819,3.0683692868570374,204.33442412595832,1.0755435613662436,0.7491165912168645,1.7247747397024493,0.6431205076506865,0.5522139782691097,0.6350976708410304,1.9346323176004145,0.8621371062660845,0.4022946402040603,0.4598424660620241,0.11954208194878788,0.0,0.01832081178512757,0.0,0.0,0.0,0.98,0.98,0.3244811008434675,,,0.18690117976449694
B000575,4727.810411648836,1.8798450940949645,10.154198103712977,2.4440784807426006,0.0,0.4748102465590672,0.5185575618772538,11.550023600281477,0.6471187176821948,0.7034651639284242,0.04365785991821301,0.21424978245961682,0.029886805068545134,0.24146676503797032,2.886691417656747,0.22991645762088256,0.1159444164497106,0.1139720411711719,0.3742144318902519,0.0,0.39586911048886547,0.0,0.0,0.0,0.0,1.0,,0.3825528773905206,0.6235407229268385,0.19003346509277597
B000576,19436.34997197392,6.7935511960761685,14.615546910252439,6.344647846501163,0.0,0.318487213896081,1.306772495418539,47.285798773455205,0.8200741088013263,1.1662734029131172,0.44335641085916705,0.46877240747926135,0.554521569210269,3.3405532968130305,2.3167735913587113,0.8943541083345263,0.7226805065242193,0.1716736018103073,0.0,0.0,0.10564589166547367,0.0,0.0,0.0,0.98,0.92,0.15402519341622056,,,0.18690117976449694
B000577,4823.501894339604,6.355074959604222,10.262612820446664,9.60469528643438,0.038893274360981486,0.4681742762319356,1.6106379058424505,106.90927586291993,2.232729676714406,0.3870022751372661,2.1162416596660627,0.602319315674523,0.26491019247666,0.7518718399353043,2.216500624331117,0.83922752198757,0.4645424290062254,0.37468509298134467,0.06089657125954147,0.0,0.09987590675288863,0.0,0.28,0.28,0.28,0.7,0.31685399177580315,0.40970987557615796,,0.30976336009743166
B000578,5665.223440347761,5.73984137826521,15.191401711343797,12.309290874165432,0.0,0.3849547957035945,0.03266468623240587,0.39768083869563825,0.48024974964098777,1.976283835533752,0.538702009913624,1.5018354967967695,0.8039167030562598,0.4388535833238155,2.179823467152232,0.9063763022279638,0.3004154222808358,0.6059608799471279,0.0,0.0,0.0936236977720362,0.0,0.0,0.0,0.0,1.0,,0.49212592653293935,0.9571083040386597,0.1888484004682247
B000579,31706.999530146168,6.382246282235541,11.216502034459351,10.37799221159646,0.27033899383506244,0.2718019749807572,1.2773981126050948,28.56713583234876,1.7721602817127584,0.806697796077312,0.24695032294525038,2.2848732940360095,0.5733479732151956,0.6982166142490152,2.3400390816960805,0.6464727626134176,0.17371906915730934,0.47275369345610846,0.08983482427042382,0.0,0.26369241311615843,0.0,0.2,0.2,0.2,0.98,0.46404151597775767,,,0.27509512128729385
B000580,549.6299923912926,1.548253499693782,7.179599820067473,1.9170581354766953,0.0,0.40923280214203756,0.3215434102194535,11.629595687811491,0.49250998914377586,0.0,0.0,0.5430673489980998,0.140812554070188,0.3718636074817186,2.7160764900481147,0.6025149952579358,0.25175373484062724,0.3507612604173085,0.0,0.0,0.39748500474206455,0.0,0.5,0.5,1.0,0.5,1.1010768104003783,,,0.4064886165245276
B000581,9689.352412625289,3.265706913591267,10.287302634077053,4.85976543473378,0.0,0.481109888964427,0.015642954335515075,0.3556371658909858,1.3214638546586628,0.6359278421473985,0.0,0.6171339885408171,0.0,0.6911812282443883,2.670261725961294,0.5656990360095323,0.3767249471308213,0.18897408887871103,0.0,0.0,0.43430096399046747,0.0,0.0,0.0,0.0,1.0,1.0326991055084687,,,0.1888484004682247
B000582,4679.521743273302,13.52462931581879,27.56369611055146,8.74302116820573,0.0,0.42531990444355533,0.04820790672324522,1.9701025740910365,10.228051562806987,0.4493209882028111,0.12370632011930827,1.9582283192374936,0.0,0.7653221254521971,2.117585402325452,0.8432457960046488,0.7299975604520009,0.1132482355526478,0.0,0.0,0.15675420399535192,0.0,0.0,0.0,0.0,0.5,0.12140408978260346,,,0.18861606020795307
B000583,7558.9595801272635,3.9534307427443847,12.487619988731154,9.254082657652713,0.0607551320403743,0.4387794822843804,0.013141175891678215,0.2801088293949017,0.28953107002500067,1.1103790679416867,0.0,0.8874279349715338,1.097515466039215,0.5685772037669489,2.6708007231841795,0.4006832191714615,0.12307231930848737,0.27761089986297416,0.5053350198633774,0.0,0.09398176096516116,0.0,0.0,0.0,0.0,1.0,0.994531395336475,0.4597321637707048,0.4197541530910441,0.1888484004682247
B000584,8808.379824481653,3.4857063017339347,11.275433245544404,3.253103020552168,0.0,0.43300000000000005,0.00583633662581292,0.1301503067556281,1.9087109718087485,0.0,0.054908877847160774,0.967515049244151,0.14127439836585715,0.4132970044680159,2.4553873263148516,0.573910618409458,0.29634418983144817,0.27756642857800984,0.04052963334735959,0.0,0.385559748243182,0.0,0.0,0.0,0.0,0.5,0.5799548767868709,0.26595282385969343,0.4240265998615844,0.18861606020795307
B000585,2159.674041648408,1.9265602512474649,11.331545132127154,2.3347951714622344,0.06438456393430173,0.38206852643900974,0.28189662193016696,18.718408059943254,0.7701583372268364,0.19487562730194732,0.04475634967304863,0.6677914336129722,0.0,0.24897850343266092,2.5436958597028365,0.581784121492404,0.13400831984989903,0.4477758016425051,0.0,0.0,0.41821587850759623,0.0,0.0,0.0,0.0,0.6,1.0346766542418409,,,0.19003346509277597
B000586,1401.905733466786,0.9308803011067636,6.239933503969139,0.925872130431138,0.0,0.46750998870870797,0.2952008284133897,19.65426449548423,0.4067173500838941,0.24339961180853398,0.06292473384745138,0.0,0.0,0.21783860536688393,2.884407562794117,0.40526030669991153,0.14378779351089502,0.2614725131890166,0.06759701947998843,0.0,0.5271426738200998,0.0,,1.0,,1.0,,0.3949613784112552,,0.19003346509277597
B000587,543.4957777470762,1.3191645090948452,8.409331963622892,1.8895719947009249,0.07743733031858897,0.4645816575216795,0.9566395642164804,34.57453058329209,0.4205322790698771,0.5445810642746389,0.0158647002767838,0.10989879993812891,0.04884929814230182,0.17943836739311475,2.0404066789725865,1.0,0.5038678953985473,0.4961321046014528,0.0,0.0,0.0,0.0,0.0,0.0,0.0,1.0,0.7255549589237535,0.5041458988586044,0.19737727845926545,0.19003346509277597
B000588,7471.950894877252,2.3474555120569436,14.405281406354872,3.411501709496461,0.16903425136406772,0.24000000000000002,0.24504847299717855,16.068877642516984,0.3812256924291434,0.8492012542573307,0.037275917857886205,0.2511806737350453,0.604458463292163,0.22411351048537498,2.209244058957387,0.7560916002767399,0.4985964272319014,0.2574951730448386,0.1228805360150034,0.0,0.12102786370825651,0.0,0.5,0.5,1.0,0.5,0.514643336415967,,,0.4064886165245276
B000589,8907.71605070886,3.824695599273877,7.2835384306607365,6.606565645335504,0.0,0.6556700496025608,1.1256421952188647,74.94109279879447,1.574687775017935,0.40650217293537194,0.399017711338875,0.21834287821694953,0.4011482626432226,0.8249967991215224,2.736452882957043,0.4966084298430451,0.3917247202167467,0.1048837096262984,0.05708764855911728,0.0,0.4463039215978375,0.0,0.2,0.2,0.2,0.98,,,,0.27509512128729385
B000590,6862.2899386082745,4.873785467761558,13.83234054859849,6.69028018935123,0.21011315300691105,0.3006576506648464,0.010126794630439244,0.33933089335744293,2.2465041115683664,0.4310048102117991,0.6545775276306574,0.4295570821242575,0.6006078908539051,0.5115340453725747,1.8404693270944983,0.8060651005479508,0.5943995055213593,0.21166559502659135,0.13430577360461723,0.0,0.059629125847432365,0.0,0.0,0.0,0.0,1.0,,0.38602882148211387,,0.1888484004682247
B000591,19339.75402602187,8.30388751654009,22.1215065509937,4.366541155627078,0.0,0.35907058183900203,0.02966232547854725,1.6163080183800997,6.480073280982321,0.30342477173582366,0.0,1.0313369548909725,0.047106493654089525,0.44194601527688465,2.808707818846656,0.44454456939666864,0.3203452768560717,0.12419929254059682,0.0,0.0,0.5554554306033316,0.0,0.0,0.0,0.0,0.5,,,,0.18861606020795307
B000592,39639.96648704991,10.635891195881381,31.611962999186353,2.947438083968759,0.0,0.46121380000235934,0.04907939270551829,2.227240541627874,9.4479132476612,0.44859536475065676,0.0,0.032650888748114844,0.11760265937970785,0.5891290353417026,3.5153577138165417,0.07985176679087339,0.07678188875745025,0.0030698780334231413,0.0,0.0,0.9201482332091268,0.0,0.0,0.0,0.0,1.0,,0.314351178398419,0.6844858328244091,0.18861606020795307
B000593,1432.747585946324,1.0374710977163824,5.64935615359723,2.587104341760592,0.029536454148134286,0.7449176288525593,0.5374581566179375,19.476339713422885,0.29448249172792074,0.0,0.0,0.4127995512098624,0.13933271069581118,0.19085634408278834,2.3916102461609468,0.7060864731054803,0.17389597341735105,0.5321904996881294,0.0,0.0,0.2939135268945199,0.0,0.0,0.0,1.0,1.0,0.5402478484618929,,,0.19003346509277597
B000594,15330.277357433037,5.405598504031395,9.424490136802387,6.569369229156254,0.0,0.43607592839170384,1.6470220296363138,109.6916671737785,2.0587775370453922,1.0069929148343832,0.12123563096150326,1.322177770632582,0.15161481625407797,0.7447998343034576,2.8698940551291328,0.5327818700065574,0.07947289513522701,0.4533089748713303,0.0,0.0,0.46721812999344287,0.0,0.0,0.0,0.0,1.0,1.030257474630932,,,0.18861606020795307
B000595,6861.843711319415,9.901650377084293,17.212254717864145,9.301392621698891,0.3641719646353192,0.16927057285086164,0.011971341540288926,0.5243124798360574,5.484910635002773,0.8009955023868562,1.7252033763220054,0.28545964392358497,0.8594245358234196,0.7456566836256558,3.0989862895006897,0.2783697261468942,0.10413580446504016,0.17423392168185406,0.16769124085142806,0.0,0.553939033001678,0.0,0.0,0.0,0.0,1.0,0.16618957477407567,,,0.18481989412312194
B000596,35759.36219561798,9.475188711080545,12.002473772659705,12.103969104901756,0.0223875966137906,0.4407658781216965,0.02071966725313967,0.6933083896292124,4.516320065552583,1.5488176682356918,0.0,1.7973205582940384,0.0,1.6127304189982308,2.7183078110032377,0.5233530219539506,0.3598926714044716,0.163460350549479,0.0,0.0,0.4766469780460494,0.0,0.5,0.5,0.5,0.5,,0.23403802816441183,0.30025512537425797,0.4014480571426785
B000597,2257.636410605321,1.6034349507140064,9.470472557083962,1.5157248908780339,0.08550789750537462,0.4074528775679358,0.2980184764441734,19.67404771702513,0.9264136063174759,0.0,0.02457248466272117,0.3610534254616174,0.08147153332185414,0.20992390095033778,2.390572414832743,0.7579738758685967,0.532798900544003,0.22517497532459363,0.0,0.0,0.2420261241314034,0.0,0.0,0.0,0.0,0.6,0.7191799164123884,,,0.19003346509277597
B000598,1036.935436576586,3.377639858555655,8.494728113610266,1.5575224480938874,0.5585785656847803,0.34990645914529783,0.01349297127991528,0.29845260149078623,2.5191363781538194,0.26371253747329365,0.12619378207459506,0.0,0.0,0.4685971608539466,3.2757192238322372,0.2541725928024038,0.13873508736195694,0.1154375054404469,0.0,0.0,0.7458274071975961,0.0,0.0,0.0,0.0,0.5,,,,0.18861606020795307
B000599,3374.1614758729274,2.286017260076509,9.182426897203923,3.090444564809315,0.07046976217498094,0.31634876321076477,0.677654308469927,45.05963270384005,0.8455578336731197,0.5825182268294604,0.0641029003803569,0.3052128733685648,0.24924799292637376,0.23937743289863378,2.443966338008441,0.6301174761712779,0.6020761741654429,0.028041302005835024,0.0,0.0,0.3698825238287222,0.0,0.0,0.0,0.0,1.0,0.6034683866059907,,,0.19003346509277597
B000600,623.1672818888882,0.68706425787088,4.847447220682578,0.803607472008203,0.10792508585898979,0.4436409839735249,0.38952132465029005,25.942120221709317,0.21423672855765954,0.2601388761844305,0.026241197998102473,0.03505456307567393,0.0,0.15139289205501374,2.5471069137930296,0.6217130007542279,0.1920684138347027,0.42964458691952523,0.03819322239148406,0.0,0.34009377685428827,0.0,0.0,0.0,1.0,1.0,,,,0.19003346509277597
B000601,799.8363946241165,2.6484648828613127,4.084257217227661,1.703403605449345,0.0,0.24,3.0588029315708396,110.72447416846242,1.0160297851472917,1.1429838192565105,0.0,0.0,0.0,0.4894512784575105,1.7992853704069944,1.0,0.5684353503597642,0.43156464964023583,0.0,0.0,0.0,0.0,0.0,0.0,0.9800000000000001,0.98,,0.36487879314704286,,0.18690117976449694
B000602,4221.569547987395,3.752506264877684,11.325745337565792,7.359272281345441,0.0,0.4222330717166064,0.016719191924819677,0.5388178649008177,0.3909770745202532,0.17412726555150532,0.9339587920237542,1.5776291754737726,0.0,0.6758139573083989,2.4387591449384227,0.443557696604856,0.14826543608377238,0.2952922605210836,0.4204201310041508,0.0,0.1360221723909932,0.0,0.0,0.0,0.0,1.0,0.9138254798463148,,,0.1888484004682247
B000603,833.3876568261016,2.6456751010352435,10.541957693198386,3.516837788989262,0.0,0.31460963233549777,0.010184160595150342,0.1637974377758486,0.29621684691009265,1.2516729844898002,0.250037024436804,0.3344120267557467,0.0,0.5133362184428008,2.102012473910107,0.8384802652404262,0.8384802652404262,0.0,0.12639950635846875,0.0,0.035120228401105236,0.0,0.0,0.0,0.0,1.0,0.5962920943911615,,,0.1888484004682247
B000604,527.6231867510959,1.2963714662189088,6.451301649201782,1.2184276858264378,0.0,0.30434716538574097,0.5175575247146632,18.65346808961962,0.4114703180332536,0.47460444163639476,0.0,0.1571848936657912,0.10158785841524916,0.15152395446822003,1.8550565832538894,0.9912199409043134,0.6251177441160267,0.3661021967882867,0.0,0.0,0.008780059095686594,0.0,0.5,0.5,1.0,0.5,0.5897539740546752,,,0.4064886165245276
B000605,170887.28764601462,325.49959551621833,887.5888071080581,1484.422917213656,0.686605829928583,0.02220646821432271,0.021033888677117484,0.5106351196827876,1.8378697181361403,0.7935763008719514,320.542653079598,1.0113521545568327,0.8282358947319287,0.48590836832345136,2.66775036974306,0.9918796381471109,0.0015632568815448788,0.9903163812655659,0.0025445066787822203,0.0,0.005575855174106838,0.0,0.0,0.0,0.0,0.95,,,,0.1888484004682247
B000606,31616.32993248319,13.970980968839235,26.424584984538562,10.703438081911372,0.024825700756022626,0.26734034975434184,0.0897877189147763,5.601829072780679,8.923567246359667,1.4335275977628015,0.0,2.993852596537539,0.0,0.6200335281792247,1.8367537034916974,0.7668370245442571,0.7668370245442571,0.0,0.21429079341064197,0.0,0.018872182045100886,0.0,0.0,0.0,0.0,1.0,0.17166766812921525,,,0.18861606020795307
B000607,30164.106374641,17.315790111734213,30.292811716206216,6.25819974339092,0.26641902606105444,0.36919147936580465,0.07635518830307007,3.4024055759302807,14.568837404017309,0.3434913373685206,0.10153589643874268,1.4972544234806662,0.0,0.8046710504289799,3.4496985183865787,0.15433186774802354,0.04802740523309694,0.10630446251492662,0.0,0.0,0.8456681322519767,0.0,0.0,0.0,0.0,1.0,0.14445797618199405,,,0.18861606020795307
B000608,8384.655524506476,3.7018346686562804,14.402715365111728,8.52846002939581,0.11732528908467578,0.45507100562098857,0.00821914514652128,0.2023214690792708,1.5987524205469408,0.25039242660883554,0.4766902401700278,0.20677896871546805,0.7808446975260965,0.3883759150889126,2.8293204711824496,0.4093776486884498,0.28060630073868836,0.12877134794976147,0.12349859900422053,0.0,0.4671237523073299,0.0,0.0,0.0,0.0,1.0,0.21638275910085847,0.2348027664596086,0.4048446086318056,0.1888484004682247
B000609,13327.775509633871,3.4008102856937668,7.701381859717264,6.2675826500592615,0.0,0.46996561314483704,0.016983358783299044,0.4151750790397308,0.31777627343051723,0.6626992787643946,1.1509274812893062,0.40505543691922147,0.0,0.8643518152903271,2.1266889092485934,0.5424670041860018,0.5424670041860018,0.0,0.4575329958139981,0.0,0.0,0.0,0.0,0.0,0.0,1.0,,,,0.1888484004682247
B000610,20754.32396940275,9.228245428814029,19.709013180544385,8.267690733093396,0.021315238562001647,0.12853879957138376,0.009870837757354249,0.1365493479296805,4.4078732671312135,0.24297314651458302,2.3543799689435576,1.4711598047456587,0.0,0.7518592414790185,2.7980682087040223,0.5194720287468134,0.10492521123972248,0.41454681750709105,0.0,0.0,0.48052797125318675,0.0,0.0,0.0,0.0,1.0,,,,0.18481989412312194
B000611,2829.213791347748,4.541274143415326,7.458894613022603,5.9676928292513,0.5459749830893181,0.27138623604658324,1.1899449498652848,79.08014672496306,2.0475712147414296,0.4306075910134722,0.0,0.18091609656566818,1.1258282117604272,0.7563510293343296,2.8609363321798438,0.550971127024437,0.16840186463831552,0.3825692623861216,0.0,0.0,0.44902887297556304,0.0,0.28,0.28,0.28,0.7,0.6518469999163977,0.32784835774877724,,0.30976336009743166
B000612,5412.087660930033,7.590585779705516,14.197518538610726,12.565085679537592,0.15026716884041336,0.3162539924874741,0.7598371965687565,50.49612422644347,1.6113637250868973,0.9781676107777899,1.4128665481483988,1.358955111293092,1.5263557410631223,0.7028770433362154,2.0852826973785583,0.9271318024759907,0.23201482937103693,0.6951169731049538,0.0,0.0,0.07286819752400933,0.0,0.2,0.2,0.2,0.98,0.26860251802364676,,,0.27509512128729385
B000613,7492.715192793013,5.1425636189382375,15.743752674422446,7.818840817423296,0.0,0.43487249970590064,0.008664312488383763,0.19321416849095796,1.9791576750115198,0.0,1.056084084018549,0.7205365148293358,0.747084649898374,0.6397006951804594,2.683003157765997,0.5774512173749221,0.43733889826313593,0.14011231911178607,0.0,0.0,0.422548782625078,0.0,0.0,0.0,0.0,1.0,,,,0.1888484004682247
B000614,230414.39029006936,85.52872690796933,566.0651926196465,285.4010183399389,0.4376659273794773,0.36506003337660026,0.2580187525000816,5.758221735842814,0.7016995808385176,0.0,0.04441008125730079,84.5550918945784,0.11918161921189382,0.10834373208322623,2.6733977553207553,0.0026629280697866345,0.0026629280697866345,0.0,0.9886162807679977,0.0,0.008720791162215845,0.0,0.0,0.0,0.0,0.6,1.103179387305257,,,0.19003346509277597
B000615,2319.8939446321297,5.903038027053765,9.132869389269425,5.655151298713324,0.10140644785823909,0.34415148535335705,1.3620503151576766,90.62295315683586,2.343878718058,1.3802943835230457,0.0,0.23178642020681733,1.1996469221992703,0.7474315830666338,2.671744328971345,0.5861221327388257,0.34363117539689525,0.2424909573419304,0.0,0.0,0.41387786726117465,0.0,0.28,0.28,0.28,0.7,,,,0.30976336009743166
B000616,79238.44181485214,20.23970416726747,34.67395553679278,15.556018914186435,0.0,0.4617896506673633,0.08918506890072808,3.885983236259748,15.46890147278379,0.5983925361921943,0.11645866413011872,3.3281553895395177,0.0,0.7277961046218425,3.381367112849959,0.23147145169307887,0.06703449342360195,0.16443695826947685,0.0,0.0,0.768528548306921,0.0,0.0,0.0,0.0,1.0,0.14576030081885105,,,0.18861606020795307
B000617,41154.93992430796,9.717813441395032,12.789829808306497,9.077728202445323,0.0,0.021,0.018724918628779178,0.5905257892595865,4.551304787546334,0.0,2.3934331416553567,1.6509985879849916,0.0,1.1220769242083524,2.682578636390618,0.5108724758713794,0.34097843561822716,0.16989404025315225,0.0,0.0,0.48912752412862087,0.0,0.5,0.5,0.5,0.5,,,,0.4014480571426785
B000618,1328622.2603380491,827.8020313632705,1409.9478038226207,1563.759465492233,0.0,0.3652137639864022,1.1812609162459444,42.77023316044652,2.044434893566183,823.8638862780118,0.44597467432536686,0.17165966069775956,0.6523328411041758,0.6237430155650426,2.002552511180627,0.9980169064324304,0.9980169064324304,0.0,0.00020736801094225495,0.0,0.0017757255566272778,0.0,,0.9333333333333333,,0.7,,0.3026607299402483,,0.18690117976449694
B000619,407141.55588820454,394.51701151957803,1173.1231336693593,1271.0292080045097,0.0,0.4699618800475315,0.011195223613548813,0.3576600022920843,2.269104709363827,0.0,390.59916756641627,0.041384229945349245,1.2810587035719203,0.32629631028074013,1.6665250256130346,0.9998674339803452,0.9998674339803452,0.0,0.0001048984675868547,0.0,2.7667552068042348e-05,0.0,0.0,0.0,0.0,1.0,,0.3181884098140497,,0.1888484004682247
B000620,339.9191959104489,1.0756936579444585,7.2536671569626225,1.586092216520721,0.0,0.24,0.21929749353258318,7.924671302279303,0.3281887136373343,0.0,0.0,0.6023107471964837,0.0,0.1451941971106406,2.432937699019312,0.6746641011770546,0.11473633480215696,0.5599277663748976,0.0,0.0,0.32533589882294567,0.0,0.5,0.5,1.0,0.5,0.6918544107618892,0.3951511955614639,,0.4064886165245276
B000621,15584.064740865964,3.2231778161046463,9.736702024276676,2.216088925801556,0.0,0.40710569105294797,0.008416398327575302,0.18768568270492922,2.073004514181109,0.0,0.10261519720485361,0.6169092567059538,0.0,0.4306488480127295,3.2385377419462604,0.1536708265165321,0.1536708265165321,0.0,0.19139783527410725,0.0,0.6549313382093606,0.0,0.0,0.0,0.0,0.5,0.3881739398350359,0.19930871608236145,0.22047138926965348,0.18861606020795307
B000622,1342.6825768306594,4.1313310056327985,13.584989429104933,5.488811773942462,0.0,0.4861541027486072,0.01361470220368397,0.30360785914215255,1.361470220368397,1.5054803093971232,0.5891374157850056,0.0,0.272561201793111,0.4026818582891612,2.803868435508859,0.5236533813809333,0.5236533813809333,0.0,0.14260232718747431,0.0,0.3337442914315924,0.0,,,,,,0.4796204283564349,,0.1888484004682247
B000623,39922.842691452985,10.567189701284539,15.85824557944086,10.370416135415438,0.0,0.259598853511655,0.03899555433380796,1.1729839363280565,3.996340839953561,0.7407908909897699,2.8766375323702764,0.4347714106555375,1.8663569037230356,0.6522921235923612,2.55020637980692,0.6017743039803105,0.2183043419029758,0.3834699620773347,0.0,0.0,0.3982256960196898,0.0,0.0,0.0,0.0,1.0,0.23368676781890063,0.35228284458311226,,0.18481989412312194
B000624,32556.694896469504,9.606578606217028,21.645995349541472,0.8659190201921539,0.10968639214175728,0.40145857137003005,0.0355051234850526,2.241661036896494,8.735435372926776,0.0,0.17315104447978544,0.15797019403201387,0.0,0.5400219947784511,2.11110328646957,0.8052683451206111,0.7708001695000515,0.034468175620559614,0.0,0.0,0.19473165487938887,0.0,0.0,0.0,0.0,0.5,0.12434817724366898,,,0.18861606020795307
B000625,4892.347785919821,10.612468082255576,27.063937245406077,19.589017648268836,0.0,0.35447116873811585,0.026143190682524686,0.45955030960406906,1.838436965070624,2.450963197380503,1.48080597805573,3.481041809839461,0.8265069743542509,0.5347131575550098,2.3565414478502023,0.8267663138469594,0.49875196479465117,0.32801434905230825,0.0,0.0,0.1732336861530407,0.0,0.0,0.0,0.0,1.0,0.7812556112974208,,,0.1888484004682247
B000626,10981.982327026702,3.470917296784672,8.419942873802434,2.2631327167205,0.4968769209314663,0.31827484718051235,0.014585569114355072,0.3805394788460581,2.481013185521192,0.2748436502594561,0.09084224058429304,0.12470619748671848,0.05754971504201118,0.44196230789100105,3.266419039652762,0.20158197643699047,0.12239724607361911,0.07918473036337138,0.035928887617760766,0.0,0.7624891359452489,0.0,0.0,0.0,0.0,0.5,,0.1650822458222441,0.41360901651725995,0.18861606020795307
B000627,11204.188737583756,12.77558578971922,21.40380046492645,6.694009354023767,0.21629594041220157,0.3274491739874048,0.04234145787923405,1.713570850848123,9.84428565635115,0.32612689535098904,0.0,0.7768823069928302,0.9420004493824932,0.8862904816417577,3.3390878896227165,0.1624975243271692,0.0887631011165685,0.07373442321060068,0.06080991664726666,0.0,0.7766925590255642,0.0,0.0,0.0,0.0,0.5,0.1609614421052073,,,0.18861606020795307
B000628,553.1185478639741,1.784253380206368,10.206077375430391,2.6125921884526524,0.0,0.14117559121556592,0.4802076979251608,17.357509828564964,0.2636359704024954,0.6240034741416184,0.030811662825389517,0.5260420559776554,0.0,0.33976021685921004,2.549197147578629,0.45156932245045756,0.13947591409236942,0.312093408358088,0.3497280605232457,0.0,0.19870261702629727,0.0,0.0,0.0,1.0,1.0,0.5978622475918552,,,0.19003346509277597
B000629,1305.6449957456455,3.2805150646875516,6.464983748280363,2.8339152425079184,0.42946024928840515,0.350056898752874,1.0045338750664072,36.312527169676585,1.7083390352693886,0.3571665568910217,0.2410450575237191,0.0,0.0,0.9739644150034219,2.879333483198762,0.4677620728591315,0.3942842644142319,0.07347780844489953,0.0,0.0,0.5322379271408685,0.0,0.28,0.28,0.28,0.7,,0.3234737006754812,0.332223739778711,0.30976336009743166
B000630,6311.450776561839,7.155839882723174,20.57713780598862,1.9125413453326976,0.19619316103462658,0.2719890535566289,0.024766627520069414,1.0445170645079431,6.046102559148953,0.2385323718445446,0.1347510840749116,0.19371155624256958,0.11406013716189667,0.4286821742502956,3.46750547091682,0.11604160720820395,0.09721068221779851,0.01883092499040542,0.015939447923825092,0.0,0.8680189448679707,0.0,0.0,0.0,0.0,0.92,0.15731473777660734,0.2029906316132898,,0.18861606020795307
B000631,1867.9101356544897,2.7110451896291576,5.853027213137069,2.2114709408819597,0.5426156857931789,0.09369643889044456,1.0565458356134039,38.19976516904669,1.4758363411991298,0.0,0.3787276454456456,0.2467572116134901,0.0,0.6097239913708922,3.1983088156524166,0.3179284802080783,0.17823046008859386,0.13969802011948443,0.09101921744330785,0.0,0.5910523023486137,0.0,0.2,0.2,0.2,0.98,0.33917684500464274,,,0.27509512128729385
B000632,2143.6501651696617,6.055508941157236,16.833916221126554,9.882917700440261,0.0,0.4495368212007374,0.03826410313272154,1.5959561951198908,1.7633610965738373,0.8475106504580003,0.7542181927719194,1.376747034393178,0.7545342701518544,0.5591376968084467,2.383504970439662,0.5921301156791099,0.11405684549504658,0.47807327018406326,0.1246029487337623,0.0,0.2832669355871278,0.0,0.0,0.0,0.0,0.95,,,,0.1888484004682247
B000633,8796.581504129583,5.403305592217189,11.214051582238968,8.097004305200594,0.0,0.13828134516777596,2.0643128498958667,74.68300365792796,1.5148489682479582,0.0,1.3438270486530313,1.3246843888307533,0.764249763349646,0.45569542313580125,2.0455294630877257,0.835604237195818,0.5868996200465211,0.248704617149297,0.0822981292744499,0.0,0.08209763352973247,0.0,0.28,0.28,0.28,0.7,0.20883413771273657,0.4177372643230028,,0.30976336009743166
B000634,7219.857076654572,10.448418345375647,17.477095701218726,12.290221549427931,0.0,0.22916744402007386,0.014909578988786865,0.1808152656879761,3.644581119845782,0.4529864527822507,1.706718809709795,1.8052051951416797,1.8623802964410685,0.9765464714550702,2.777249386062783,0.6467537189914824,0.13238837453040894,0.5143653444610734,0.0,0.0,0.35324628100851757,0.0,,0.0,,0.5,0.34344577864628345,,,0.18481989412312194
B000635,2820.4197391144226,6.543897306529983,12.194249973286828,9.241698530611007,0.05462660070439302,0.2794357381469453,0.021778330716287195,0.27656856028899823,3.1656351545880006,0.5077415227877269,0.0892568316470194,1.9907045709548403,0.1180429500542473,0.6725162764981493,2.951030845957426,0.42061749293549955,0.16195377690205895,0.2586637160334405,0.09562871229924716,0.0,0.48375379476525354,0.0,0.0,0.0,0.0,0.5,0.3182844345677681,0.1673129976369422,,0.18861606020795307
B000636,2329.499836050279,0.8501824219161602,6.417690715151391,0.5089275070033928,0.05664147396329841,0.45070200181445463,0.33778965491512397,12.215262136579137,0.4015120814672857,0.0,0.05064408287816772,0.047944146499797974,0.10247878218602714,0.2476033288848816,2.3928271238130345,0.6862094567308977,0.6298166811760463,0.056392775554851365,0.0595684897413251,0.0,0.254222053527777,0.0,0.5,0.5,1.0,0.5,,0.4760331844082935,,0.4064886165245276
B000637,5880.472854433757,3.5488671420843434,12.043858836808967,2.906776739777531,0.0,0.4282355539240275,0.016682595611740465,0.14274309672851582,1.8336950918556185,0.0,0.0,0.10753481742153351,1.286681460913177,0.3209557718940144,2.8989707231463653,0.46998107877442724,0.43967991135501927,0.03030116741940795,0.0,0.0,0.5300189212255729,0.0,0.0,0.0,0.0,1.0,0.2774170376293868,0.4555852106821786,,0.1888484004682247
B000638,64306.3234769052,12.983307788593821,16.570793347073177,12.965942110662775,0.11535734401525823,0.057181413938999316,0.023676293620642927,0.8051415937134382,4.718492701999473,0.0,2.806063421885287,1.011909324102706,2.209698508918418,2.2371438316879386,2.399523338691111,0.6365723759437643,0.4663770339786224,0.17019534196514208,0.0,0.0,0.36342762405623574,0.0,,,,1.0,0.21571123374547221,0.3281564665530227,0.3054036682208492,0.18481989412312194
B000639,19891.62906533378,4.469024728225967,11.176171433054552,5.363429590117337,0.6880108582042467,0.021,0.010513944829758747,0.23446096970362007,2.401662524564181,0.0,0.29678134279841406,1.3611104939253467,0.0,0.4094703669380251,2.7300269718479826,0.4145164599920809,0.348107934453171,0.06640852553890991,0.0,0.0,0.5854835400079191,0.0,0.0,0.0,0.0,1.0,0.253789835593778,,,0.1888484004682247
B000640,2174.961171165226,1.5051634402527516,9.515793816093131,2.2675478418688013,0.0,0.7283764267825078,0.2725608449163391,6.0683956012689935,0.7366125342406125,0.08521675630615232,0.04170884392417765,0.3152873562161157,0.0,0.32633794956569334,2.8257685739145075,0.5106096025579001,0.45399332154336625,0.05661628101453385,0.0,0.0,0.4893903974420999,0.0,0.0,0.0,0.0,0.6,0.9041774086646153,0.35175589373717625,0.5959810034904652,0.19003346509277597
B000641,2629.2176718492256,2.033424340177282,9.275253127663158,1.810021934433433,0.0,0.12843202124739134,0.3743607753152759,13.62325638906266,0.6478073860427317,0.9418066919554735,0.08111148400935966,0.0,0.08611765090215616,0.27658112726756096,1.8189266917001452,0.8113509724127519,0.8113509724127519,0.0,0.03988910843975047,0.0,0.14875991914749756,0.0,0.0,0.5,0.5,0.5,0.9619608690105313,0.31675563507866206,0.5336726887499804,0.19003346509277597
B000642,379.92631425056135,0.5546369551103085,3.719010785747729,0.4406988144301656,0.1335215610822277,0.3974176604934228,1.9286907795361574,85.15297065581572,0.21738988473151183,0.1608486677304135,0.0,0.023783264884783894,0.0,0.15261513776359925,2.9184390886269367,0.41616712196724065,0.08327921950412932,0.3328879024631113,0.0,0.0,0.5838328780327593,0.0,0.0,0.0,1.0,1.0,,,,0.19003346509277597
B000643,15633.655097552788,5.418944574541694,14.008415755735719,6.052344248634226,0.04458358771396421,0.3473250439777373,0.011460791664257335,0.4148806582461156,2.110084285631468,0.07362378611048745,0.0,1.3657649466742456,1.1539226626494739,0.7155488934760191,1.6336427456787506,0.9975940763440647,0.745558845518742,0.25203523082532264,0.0,0.0,0.002405923655935261,0.0,0.0,0.0,0.0,,,,,0.1888484004682247
B000644,18866.195292116958,5.706653143411058,17.12724749400258,7.462860111661971,0.04180456309498245,0.37015167464427007,0.01866657843237354,0.36962151151966954,1.5734888456115816,0.7454010848402295,1.1664960699006495,0.09635299902781969,1.4153380272691538,0.709576116761624,2.555764591590866,0.7041010210228089,0.4560855920662912,0.24801542895651774,0.016884327224104996,0.0,0.2790146517530861,0.0,0.0,0.0,0.0,1.0,0.9291244820979044,0.6034858114561866,,0.1888484004682247
B000645,4108.668614360784,2.414023862726665,9.85301320386206,1.5761564337916014,0.0,0.42672781511590024,0.3192079007348781,21.105905214259455,1.298971180780799,0.0,0.013632847309038193,0.37242053630531335,0.23234686361993598,0.49665243471157794,2.0988914111905124,0.6717343993459783,0.6660870453493861,0.005647353996592126,0.25052254423125636,0.0,0.07774305642276529,0.0,0.30000000000000004,0.30000000000000004,0.30000000000000004,1.0,,,,0.32150759030508125
B000646,3384.820555135582,1.9253814306800807,9.064303444181974,2.455960864279961,0.4101087061697473,0.5189428461718955,0.6084136755908878,13.545849001981342,0.7588169099402451,0.048174675984064615,0.08074982515622424,0.17810060680266687,0.4128787479224821,0.44666066487439776,2.746695729476183,0.5808666412455918,0.36642666517464495,0.21443997607094695,0.02502084792988183,0.0,0.3941125108245262,0.0,0.0,0.0,0.0,1.0,,0.38447494295848944,,0.19003346509277597
B000647,36050.19535307803,9.02382862404957,11.757033649609577,17.247759519022864,0.0,0.38655992374203746,0.02296301923518244,0.4053445781952331,1.980424699822084,0.8109122947165476,1.3641652026039774,1.6368612689919786,2.5052814006161257,0.7261837572988574,2.338797027862005,0.5991406619609809,0.5092772205658984,0.08986344139508264,0.18139321314564308,0.0,0.21946612489337597,0.0,1.0,1.0,1.0,1.0,,0.31244136563599323,,0.6052750777176602
B000648,2418.719188448213,6.092491658559731,11.989589855146688,6.3142106302347525,0.0,0.4597116623914288,0.007705176936490841,0.357520209853175,2.797405818671511,0.0,0.7678050473941208,0.0,1.773100414276743,0.7541803782173553,1.8041942040678725,1.0,1.0,0.0,0.0,0.0,0.0,0.0,1.0,1.0,1.0,1.0,,,,0.6052750777176602
B000649,3772.2742047300053,1.286148723058304,8.87813777052683,1.48917829409399,0.02934249497871678,0.3301908132440674,0.20025493510156966,13.300932062945964,0.3059700238183789,0.46691668625366584,0.04972172749891983,0.11702214679155822,0.16649492397416507,0.180023214721616,2.1490630198394736,0.7557072730844612,0.49660908926615277,0.25909818381830846,0.0,0.0,0.2442927269155388,0.0,0.5,0.5,1.0,0.5,0.788092013860673,0.24807191921359498,,0.4064886165245276
B000650,6185.309729052219,3.6773541789846727,10.342933986779368,7.340726703202261,0.0,0.7641851275913226,0.016787072997812843,0.3812704930991976,1.5213873816272558,0.5110173265768883,0.0,0.8242876879494591,0.0,0.8206617828310702,2.9206784976406417,0.4167124403815211,0.19256006129872985,0.2241523790827913,0.1389633148466492,0.0,0.4443242447718299,0.0,0.0,0.0,0.0,0.95,,,,0.1888484004682247
B000651,2563.207266332834,1.3198801577409032,10.700828173535239,2.2728080681325133,0.08881292250773,0.5113151249550605,0.3432196894314913,22.858431316137317,0.42902461178936413,0.22646156896870676,0.025433808369593948,0.3540246901808143,0.031027984835126962,0.25390749359729686,2.8441955503389815,0.40123234147299996,0.40123234147299996,0.0,0.26822487489073266,0.0,0.33054278363626716,0.0,0.0,0.0,0.0,1.0,0.8210187565599588,0.34179727502202917,0.3593845734415868,0.19003346509277597
B000652,4984.104497327254,2.7628073710239764,6.276343359054096,4.195441480099255,0.5782618058525566,0.36163012256250704,1.1940658966207665,26.222043089686732,1.4607135457479596,0.711015364838586,0.038159491857473304,0.1707200063589023,0.0,0.3821989622210547,2.9764655620972573,0.33917745191724724,0.08182495883516056,0.2573524930820867,0.061792221980220254,0.0,0.5990303261025323,0.0,0.0,0.0,0.0,0.9,0.9723332956817796,,,0.18861606020795307
B000653,7211.118820324334,10.099606190930439,17.280654248734347,9.770545177511844,0.08341672159936434,0.29799773940951974,0.01000205879911819,0.46373561341144065,5.416735021350335,0.3571819032751782,1.6485985571721344,0.8786634580032003,0.8576820974541709,0.9407451536754208,2.7767081891118925,0.37666891556555204,0.34130299173419204,0.03536592383136004,0.08699977418844806,0.0,0.5363313102459999,0.0,0.0,0.0,0.0,1.0,0.16254169932182044,,,0.18481989412312194
B000654,13496.475828271967,8.607446319050998,19.725541593496164,1.7919157193708173,0.5534389764621559,0.297308758896089,0.033315345858239816,1.2715086497701755,7.224526724039807,0.2216193290425188,0.0619552567588315,0.0,0.11984025694264899,0.979504752267193,3.5040329056274366,0.13189288440190453,0.08502476256986771,0.04686812183203684,0.0,0.0,0.8681071155980954,0.0,0.0,0.0,0.0,,0.2712462417807623,,,0.18861606020795307
B000655,3696.718544966745,5.098922130988614,10.831338797905186,4.060719455822598,0.0,0.1986963023842462,0.014816809202810862,0.28535867498398193,2.9562949434051626,0.300713953820466,0.05906073382308371,1.1506429569449146,0.1951844073331965,0.4370251356617896,3.1765030824698695,0.09534216855908134,0.0837591844879689,0.011582984071112419,0.2846399441844352,0.0,0.6200178872564833,0.0,0.0,0.0,0.0,0.92,0.6626007858979474,,,0.18861606020795307
B000656,4441.354870624645,8.239990483533663,17.19069410738077,9.378983283938176,0.0,0.36500000000000005,0.02404598056203019,0.45344597423151123,3.4802057332609126,0.799226088375928,0.0,0.6345871809718958,2.493825632022132,0.8321458489027955,1.6144095247093693,0.9569328254599371,0.859939256113825,0.09699356934611232,0.0,0.0,0.043067174540062814,0.0,0.0,0.0,0.0,1.0,0.21136675977678707,,,0.18481989412312194
B000657,3067.3584335456203,2.122739400377592,9.3142740849848,2.446656970516831,0.04741318664707096,0.5254594625691261,0.40831869489561984,14.744109928641558,1.1155509596611795,0.0,0.0,0.4012792185255074,0.1935254561079123,0.4123837660829929,3.113621527468575,0.3702408864187813,0.18120250589306622,0.18903838052571503,0.0,0.0,0.6297591135812188,0.0,0.0,0.0,0.0,0.6,0.7969570888260401,0.44531414303524897,,0.19003346509277597
B000658,4522.6135668184725,5.198406398641922,10.43532578783786,9.777510350447258,0.0,0.30816200588647824,0.9932720764123096,66.00981873079513,1.8849074536144352,0.8979793958719134,0.0,0.4807351897075034,1.3010362349004612,0.6337481245476085,2.009895852868326,0.8951274989119884,0.3796328232398518,0.5154946756721367,0.0,0.0,0.10487250108801138,0.0,0.28,0.28,0.28,0.7,,,,0.30976336009743166
B000659,5405.2375108607,1.7110596742199113,10.945485470031722,2.9284827410673704,0.0,0.4016513860142363,0.44596080807791183,16.198172584883974,0.3618688429465531,0.3254715295312878,0.05588272897763242,0.6379548633548189,0.13859942848255774,0.19128228092706231,1.8066092862943108,0.8656452699036606,0.5617670973153615,0.3038781725882996,0.0,0.0,0.1343547300963394,0.0,0.5,0.5,1.0,0.5,,0.34091052598761307,,0.4064886165245276
B000660,9316.937937504628,4.516208404025511,8.431722197731025,4.905469506499734,0.0,0.24,1.055342168415468,70.16567033066848,1.8214785348354297,0.0,0.0,1.972530992542184,0.0,0.7221988766478961,2.534664231034452,0.5966796985692997,0.2956670806315427,0.30101261793775713,0.0,0.0,0.4033203014307,0.0,,0.9333333333333333,,0.7,,0.4728586188119618,0.5701219047112225,0.18690117976449694
B000661,4566.504603657144,3.913028794907578,12.937603217709093,8.344181411290135,0.3084911022488444,0.26470791606596367,0.011003151476990386,0.2074283810440761,0.34473474068160287,0.0,1.2710551928684137,0.9935472486440757,1.0057474565120166,0.29794415620146814,2.3092105214669383,0.9006588383270265,0.3219249316254848,0.5787339067015419,0.0,0.0,0.09934116167297295,0.0,0.0,0.0,0.0,1.0,0.7705557729608532,,,0.1888484004682247
B000662,14050.804659748506,3.0921665184305693,8.453945173384819,5.587436620301259,0.0,0.4637595281241554,0.980850309416393,65.24118525804404,1.220949813909724,0.3503518473193871,0.0,0.7654653382473194,0.3061229437888929,0.4492765751652454,2.804697980965429,0.3422751537410385,0.1299726185459177,0.2123025351951208,0.24754984367265956,0.0,0.41017500258630174,0.0,0.0,0.0,0.0,1.0,,,,0.18861606020795307
B000663,4849.583945159513,12.27742770926459,32.60296266328158,6.544361127907968,0.04637792738612428,0.441105004309806,0.056846428029894785,2.6369762460539716,9.533893849361478,1.157848361637219,0.06356152381808003,0.9302418508824495,0.0,0.5918821235653604,1.7885802133132467,0.896146045182156,0.8864262006431685,0.00971984453898743,0.09430708036370702,0.0,0.009546874454137065,0.0,0.0,0.0,0.0,1.0,,,,0.18861606020795307
B000664,16417.209478848352,5.356348932740082,9.762698145081613,6.191470207907742,0.0,0.2750198199218008,0.533710144409776,11.901736220338007,1.5752731457859441,0.0,1.0786049569315503,0.8733504871673554,1.0414453709532279,0.7876749719020041,2.0333295080841394,0.8621752838358733,0.6677433332608259,0.19443195057504745,0.024230529605720523,0.0,0.11359418655840604,0.0,,0.0,,0.7,0.20231659472704572,0.32075516448595826,0.22601218283529398,0.18690117976449694
B000665,12776.528450055257,6.876495398307458,10.129221128889744,13.035634466684243,0.018642715365393983,0.4520501422344864,2.925099295445275,105.58565179023356,0.8714202482937788,0.26371785819732785,2.1435164280594607,1.3319847816257706,1.0004849362660888,1.2653711458650314,2.096561976476482,0.9596513031867484,0.27038973466810245,0.6892615685186457,0.0,0.0,0.04034869681325183,0.0,0.0,0.0,0.98,0.98,0.192983908208962,,,0.18690117976449694
B000666,826.0718803048208,2.581474625952565,9.550696031232842,4.164099603094547,0.07406115628390265,0.4699999999999999,0.013550751671070043,0.36657891247729013,1.216730608623709,0.0,0.5112855138111126,0.5894539296616581,0.0,0.2640045738560849,2.8168108742842035,0.5625018643690426,0.13610238230301322,0.42639948206602946,0.0,0.0,0.43749813563095724,0.0,0.0,0.0,0.0,0.95,0.33182902332574876,0.47051433561218586,,0.1888484004682247
B000667,332.04604657557314,0.7546501058535753,3.2509491020390198,0.6309138906360182,0.0,0.7136810406491962,0.7114873616515771,25.829847664528476,0.36480217589345176,0.0,0.0,0.07151552545397982,0.06341988092165765,0.2549125235844861,1.8899792630234853,0.8876735434353251,0.8036347545585594,0.0840387888767659,0.0947664684590344,0.0,0.01755998810564046,0.0,,1.0,,0.5,0.9351295851401622,0.36108352551180084,,0.19003346509277597
B000668,12806.499842332376,5.296319206919924,9.649018145417823,1.3793466777898877,0.0,0.3767253753463,0.03647610310348737,1.136956526325674,3.990725587004424,0.0,0.13690522684786496,0.4658084546764828,0.1132135027083094,0.5896664356828433,2.4485584552773534,0.5594236758628442,0.44562508140938495,0.11379859445345934,0.0,0.0,0.44057632413715586,0.0,0.0,0.0,0.0,0.5,0.5041372913163202,0.1570229016763527,,0.18861606020795307
B000669,3237.687910423384,4.712791718229089,9.457606921853957,3.164696981740798,0.017853707086036747,0.4534837958940057,0.014319251619108393,0.39918842125905607,2.976018156350517,0.0,0.8214049119429379,0.23300446966522992,0.0,0.6823641802704046,3.0412470934564784,0.30126455558912346,0.30126455558912346,0.0,0.04944085875129344,0.0,0.6492945856595832,0.0,0.5,0.5,0.5,0.5,0.28641244519073633,,,0.4014480571426785
B000670,37793.68934712722,14.070621499302762,17.78885097082978,23.292253314871445,0.006333966494405334,0.585310626000376,0.029305208197713047,0.5019981056764781,4.7054696310624635,0.8832666655979423,1.8608243367150676,4.434674829191107,0.6298635901240339,1.5565224466121461,2.603090836573033,0.3504093290615136,0.30564488207846846,0.04476444698304516,0.31517263323520267,0.0,0.3344180377032836,0.0,0.5,0.5,0.5,0.5,0.4405641335635774,,,0.4014480571426785
B000671,8068.413251976233,5.336252150777932,10.260174174413548,8.017559426055719,0.0,0.46576648281301314,1.066314505306182,38.70113840763265,1.834592911622344,0.0,1.3256999619409982,1.00457031217791,0.1656612052961134,1.0057277597405674,2.900486029508742,0.38879495393066565,0.10931768690914814,0.27947726702151754,0.1882539062610565,0.0,0.4229511398082779,0.0,0.28,0.28,0.28,0.7,,,,0.30976336009743166
B000672,7236.765548571841,6.201170135879898,10.727976833875214,7.723738425272694,0.148166453867101,0.33322645573511955,1.2276129918785759,27.39396976810541,2.1097643115859768,1.2442699290714638,0.8298385984530348,0.2381946307810382,1.059898532663622,0.7192041333247614,2.443909672786226,0.5946766550050373,0.4237575366065496,0.17091911839848767,0.03841123942122582,0.0,0.36691210557373677,0.0,0.28,0.28,0.28,0.7,0.612158942795293,,,0.30976336009743166
B000673,14185.521473660097,9.413086578407496,21.208708086105002,12.993480522076734,0.0,0.3177297037867876,0.012655996895909667,0.2822287307787856,2.635932895055552,0.5350310102377626,1.0230849996699336,0.8817982188281699,3.8312501768466865,0.5059892777693902,1.8454500061547383,1.0,0.9063220962132749,0.093677903786725,0.0,0.0,0.0,0.0,0.0,0.0,0.0,1.0,0.16490702803705753,,,0.18481989412312194
B000674,15365.329342959487,6.3257840028651655,12.467805743188983,12.171339430178056,0.2766275919867015,0.2615053251708377,0.035765981960901284,1.6238882875456067,3.444331995419262,0.45351332915528614,0.0,0.0,1.8469456909948474,0.580992987295771,1.5908918745055391,0.9884905353796187,0.6965195021988617,0.29197103318075707,0.0,0.0,0.01150946462038126,0.0,0.5,0.5,0.5,0.5,,0.2519100255784255,0.8130774484934703,0.4014480571426785
B000675,1332180.7986294595,388.61750251734526,651.6449998875004,1904.737223746024,0.0,0.2970990041376927,1.5901667272974123,57.57389903939053,0.9668836660571901,0.0,1.4599767092445313,384.01661673662215,1.0516665638152523,1.1223588416059505,1.67349057507251,0.9975119914574253,0.9975119914574253,0.0,0.0,0.0,0.0024880085425746747,0.0,0.0,0.0,0.9799999999999999,0.98,0.33207359395860897,,,0.18690117976449694
B000676,4740.886673980988,5.279383824032281,10.317571718344496,4.720200073189574,0.0,0.4268175101064129,0.016202094091515025,0.4107190270033857,2.9774551795934276,1.0249736738369803,0.8559203128041503,0.0,0.0,0.42103465779772326,2.9207303238262994,0.42184776779336114,0.22770130903974709,0.19414645875361403,0.0,0.0,0.5781522322066389,0.0,0.0,0.0,0.0,1.0,0.19546370631408044,0.25550560649260723,,0.18481989412312194
B000677,969.8664522219213,1.05420266545861,8.445646730398696,1.5911606727507204,0.01016950321301293,0.27557269658031297,0.37110595116941986,24.527575391721317,0.20192589917927534,0.5453764456445732,0.0,0.15206410971823656,0.0,0.154836210916525,2.6584376431663586,0.6133038090761282,0.09596832557370515,0.5173354835024231,0.14424561301226083,0.0,0.24245057791161093,0.0,0.0,0.0,1.0,1.0,0.6387425173518675,0.4953908164423496,,0.19003346509277597
B000678,3865.415723947649,8.294883527784654,21.971371783772454,13.018286809949771,0.2159226576707375,0.058832952490425326,0.009787071422523361,0.1671723402098531,2.4106087247594488,0.0,0.1399849228482208,2.5843304440385038,2.7228924934809675,0.4370669426575128,2.508107332613731,0.39782889632303603,0.0526911488501927,0.3451377474728434,0.3115571708007708,0.0,0.290613932876193,0.0,0.0,0.0,0.0,0.5,,0.1935832961171129,,0.18861606020795307
B000679,633.8704265258233,1.6724813364797448,10.899895703480782,2.786820699979425,0.0,0.37004688248311696,0.15792025400600884,10.509322305028306,0.4757961933691494,0.26724238181735616,0.0625031740092925,0.27129965400170525,0.4183080597054644,0.1773318735767769,1.8736994982230162,0.8072901701219651,0.39738996581488806,0.409900204307077,0.162213860378699,0.0,0.030495969499335755,0.0,0.3,0.3,0.3,1.0,0.34905742748637697,,,0.32150759030508125
B000680,20799.599322849608,12.636451593468777,16.162934666097946,17.58564790911596,0.02887111395059654,0.3618482112124628,0.012754035711442329,0.6276926381275952,4.26191599509461,0.7293970413651475,2.690969323625413,1.542805869791359,2.041018081040359,1.3703452825518876,2.631395505909054,0.6300746051954259,0.41712168057723203,0.21295292461819393,0.0,0.0,0.369925394804574,0.0,,1.0,,0.5,0.46844319536708745,,,0.18481989412312194
B000681,6476.419769164327,1.4243280776697442,7.867857532936465,2.0825761147280373,0.0,0.4483956383122321,0.4790817377195465,31.906843732121793,0.36767983761208023,0.47891668787727737,0.07287498215282265,0.19776403755844457,0.0,0.307092532469119,1.5554558086703756,1.0,0.8611527493848227,0.13884725061517722,0.0,0.0,0.0,0.0,0.0,0.0,1.0,1.0,,,,0.19003346509277597
B000682,1644.0160102383493,1.8875040301243964,9.554125698760515,3.3341522119892493,0.0,0.23877904259880825,0.5594626847286067,12.476017869447931,0.6993283559107585,0.55490886717067,0.061798965233719055,0.17723688256442402,0.08484436073210558,0.30938659851271905,2.5155906549409153,0.5845451431480212,0.4906450085068554,0.09390013464116587,0.044950558715635636,0.0,0.37050429813634306,0.0,0.0,0.0,0.0,1.0,0.4755905033413362,,,0.19003346509277597
B000683,1393.490141614906,3.5822368679046424,7.285594288386369,9.17730084718932,0.7579461156114021,0.24,1.4228158793482024,51.428518156889844,0.863369066114895,0.490395449033781,0.2459063586553757,1.5815366492028156,0.0,0.4010293448977756,2.5349241186769684,0.7383344620831581,0.0912978359854135,0.6470366260977447,0.0,0.0,0.26166553791684194,0.0,0.0,0.0,0.98,0.98,0.32556903910042434,,,0.18690117976449694
B000684,4436.509318730359,7.05327395664604,12.769763596345475,12.104604027256281,0.02451433667781475,0.3834564964318443,0.011638649945374273,0.7751340863619265,1.4368703636264535,0.6907068833284988,0.0,2.204405526896479,2.048880903195444,0.6724102795991642,2.1519517040514518,0.7962832051529001,0.38581957818757856,0.41046362696532157,0.0,0.0,0.20371679484709984,0.0,1.0,1.0,1.0,1.0,0.24724710083612483,0.20169483546904582,0.21585175677802548,0.6052750777176602
B000685,35711.574230928905,7.396763510962905,13.916779119429693,7.361369673913139,0.0,0.3514263108793782,1.8288577163852195,121.72649058340015,3.917492659711759,0.9060599247467863,0.06907989396889966,1.1529010629158918,0.2880832822148997,1.0631466874046698,1.9346111617634727,0.8072867973891286,0.6365062797940566,0.17078051759507185,0.1558656108454937,0.0,0.03684759176537789,0.0,0.0,0.0,0.0,1.0,0.3979846981356273,,,0.18861606020795307
B000686,3339.872431257725,0.8036266677713487,6.0640316829363785,0.5823615337324701,0.6681408811320287,0.809,0.40075037682122977,14.563442219581487,0.4939031486949161,0.024737534137223405,0.0,0.0,0.0,0.28498598493920924,3.195132396537236,0.3305639244363015,0.3305639244363015,0.0,0.03078237088102934,0.0,0.6386537046826692,0.0,0.0,0.0,0.0,1.0,0.966027336312914,,,0.19003346509277597
B000687,19222.163533278366,7.390297398415366,14.220451017235419,11.071334225541422,0.0,0.3876190722142393,1.5925058033778656,105.70685308183218,2.4049640042971183,0.7341358155349177,0.40035482896660674,2.7611808575885273,0.5226152250203017,0.5670466670078923,2.017185363503928,0.837380302625306,0.4637578746320048,0.3736224279933013,0.07071639973952352,0.0,0.09190329763517022,0.0,0.28,0.28,0.28,0.7,0.5303129671469111,0.4907785405627491,0.5276115390873976,0.30976336009743166
B000688,17247.118377540417,6.190638326468204,13.847097089876364,8.652919236888762,0.044059523882044566,0.4620878068225118,0.010523960990530436,0.23468433008882872,2.4211922272930098,0.614764131645524,0.0,0.695603019020626,1.7220756635128993,0.7370032849961429,1.6919852799515742,1.0,0.7883308502996127,0.21166914970038675,0.0,0.0,0.0,0.0,0.0,0.0,0.0,1.0,0.2583124196494622,,,0.18481989412312194
B000689,1195.2495810992475,1.4866288322129944,11.680523588466604,1.743665625725345,0.05413695706210767,0.5418833280654617,0.22632303202154402,14.927261467669055,0.6146246505070327,0.4941199630385239,0.059260491185231794,0.0800152234132209,0.0,0.2386085040689853,2.858005344924009,0.586564825604719,0.20036540984531395,0.3861994157594049,0.0,0.0,0.41343517439528127,0.0,0.0,0.0,0.0,0.6,1.1451085836007437,,,0.19003346509277597
B000690,2465.295522422141,3.218401465303056,5.374936809618979,0.6959368830657968,0.0,0.365,1.5736250757664714,40.55148442819606,1.9770837399462944,0.0,0.0,0.36745467425874073,0.0,0.8738630510980222,2.906945885746132,0.4944894534730401,0.3803164150189515,0.11417303845408854,0.0,0.0,0.5055105465269603,0.0,0.2,0.2,0.2,0.98,0.26153996903473586,,,0.27509512128729385
B000691,27226.928175304936,5.5137562120909145,8.98570347261667,4.533937616847264,0.0,0.24444621990536503,1.7736503166322866,64.0469589442293,2.3129867912317765,0.0,1.4759497448097774,0.4362368569412982,0.7012215550653593,0.5873612640427036,2.7492240175930966,0.5224453090049276,0.3161506582707572,0.2062946507341704,0.0,0.0,0.4775546909950726,0.0,0.0,0.0,0.0,0.98,,,,0.18690117976449694
B000692,2332.4922426027874,3.0096674098100484,9.561522518151534,1.131214435025471,0.0,0.26510393464147053,0.007967841679638132,0.13609819347402785,1.9625225811916585,0.48330478945297406,0.08600887852032009,0.0,0.13678481942659457,0.34104634121850064,3.1301841475707675,0.34792709161324864,0.3024786081759283,0.04544848343732027,0.0,0.0,0.6520729083867511,0.0,0.0,0.0,0.0,0.5,,,,0.18861606020795307
B000693,3581.365779908146,9.230324175020995,12.44944277170653,12.145071113445958,0.0020970972724730125,0.7056950733232173,0.019024981868567437,0.3375232113075439,5.4717582267741784,0.2921652910313665,1.04939394123119,0.10503217317727832,0.797569616067884,1.5144049267390973,2.01652963116402,0.8393079684915125,0.8393079684915125,0.0,0.043031800040516065,0.0,0.11766023146797144,0.0,0.5,0.5,0.5,0.5,0.2560386596019334,,,0.4014480571426785
B000694,6488.5978600857,1.324473945720698,7.527875625167962,1.4955213240240144,0.0,0.37651519217242746,0.6515865688372902,23.557602803847566,0.3922809987597762,0.5851006662767669,0.07081691994784467,0.0,0.12054850810869767,0.15572685262761254,2.4522250826405205,0.7063328705958927,0.26457207328674603,0.4417607973091466,0.05346795999774115,0.0,0.2401991694063661,0.0,0.5,0.5,1.0,0.5,0.6333716077851292,,,0.4064886165245276
B000695,5472.7604146257645,6.96279950970199,21.754554242820614,3.7426727071534276,0.061183451368298725,0.4266991269051901,0.022013683732617282,0.9284133777506423,5.374045757510547,0.3139221725383517,0.026206602866274704,0.48629591940520855,0.3671108299288523,0.3952182274527552,3.332166603695503,0.16707677080109484,0.11435216923568735,0.05272460156540752,0.04508562570284142,0.0,0.7878376034960635,0.0,0.0,0.0,0.0,0.5,,,,0.18861606020795307
B000696,5088.811045843832,5.555470574065319,11.554326877967275,9.243010379969686,0.0,0.43172079640943306,1.0594490243251897,38.369311286236524,1.4807839658304234,0.3335142756432397,0.6717786097570466,0.5391224360529315,1.6589273782494136,0.8713439085322636,2.456481421780918,0.6896747631320849,0.29401974435410194,0.39565501877798287,0.0,0.0,0.310325236867915,0.0,0.2,0.2,0.2,0.98,,0.363133030130586,0.5203335870844505,0.27509512128729385
B000697,1561.7698158001112,2.5271356242720246,12.943446481352918,4.248428527358352,0.019206948929649546,0.36537282622435985,0.33619468199167735,7.4971414084144055,0.9185038667521072,0.36230132542102095,0.035093977811191085,0.5152191017986789,0.38213986474944267,0.3138774877395843,2.6468456193822667,0.6165552130673216,0.24757899532755623,0.3689762177397655,0.0,0.0,0.38344478693267847,0.0,0.0,0.0,0.0,0.6,,,,0.19003346509277597
B000698,7011.210063995904,3.1898134959035054,8.41156906589459,3.128595434955419,0.11394193402888947,0.34176118192082233,1.0310097241221565,37.322552013222065,1.2887621551526955,0.0,0.0,0.9643009388148603,0.25441330035292803,0.6823371015830213,2.5282518585250804,0.5706321099140387,0.4908740611504804,0.07975804876355827,0.0,0.0,0.4293678900859614,0.0,0.0,0.0,0.0,1.0,0.35149470008646366,0.35208482782793005,0.4234011420419376,0.18861606020795307
B000699,9066.268714151754,2.059111677072849,10.255695046967688,3.047296860512399,0.013576080678208462,0.37052813617002134,0.38171245055015673,13.793102415181016,0.5244679117311023,0.2969683505592706,0.07277220937702708,0.7054401313951,0.15826562043003622,0.30119745358031247,2.0960627384902093,0.7135403509041126,0.5339772101317258,0.17956314077238691,0.03175373995517217,0.0,0.254705909140715,0.0,0.3,0.3,0.3,1.0,,0.290569549147571,,0.32150759030508125
B000700,336393.4343920477,200.71207302628144,445.2913949569899,881.9540313856086,0.0,0.4863461252653906,1.2405354276869112,44.90538394553385,0.7543410855340452,0.25225299899817405,0.9189728569264805,197.1223196344133,0.8262714851937852,0.837914965215651,1.6790109751655582,0.9952173144562397,0.9952173144562397,0.0,0.0012567903624070675,0.0,0.003525895181353125,0.0,0.0,0.0,0.9799999999999999,0.98,0.31597248390542765,0.348920709023292,,0.18690117976449694
B000701,2858.0085472278156,6.740586196292018,11.178432923319564,5.795475461682889,0.11928765651704568,0.4694039986259728,0.021314076191119167,0.7375305807198603,3.8908331334121566,0.0,0.0,0.6022802392162259,1.160587511503499,1.0868853121601363,1.8351747362933621,0.725219428148196,0.725219428148196,0.0,0.2615303327312207,0.0,0.013250239120583316,0.0,0.0,0.0,0.0,1.0,0.31193955932042566,0.27432097680028567,,0.18481989412312194
B000702,14789.765810989898,5.185752388145126,10.708370415280191,10.420941960525607,0.01930310893265947,0.5945942703814694,0.010867819986259278,0.24235238569358195,1.3417061711431209,1.1726945658872017,0.0,1.7489398510759413,0.4970630016541131,0.42534879838474915,2.3117370138402022,0.7308570754689852,0.07160897360578039,0.6592481018632048,0.0,0.0,0.26914292453101474,0.0,1.0,1.0,1.0,1.0,0.24547668442308393,,,0.6052750777176602
B000703,7461.779390759134,16.43563742457959,26.556180348870956,19.42479975071698,0.0,0.2543785579153586,0.017044777100708952,0.45739692734857595,4.257766458851821,9.480122791259012,0.0,1.9300104595542897,0.0,0.7677377149144676,2.102715907949532,1.0,0.3057687416644162,0.6942312583355837,0.0,0.0,0.0,0.0,0.5,0.5,0.5,0.5,0.18375148500998748,,,0.4014480571426785
B000704,3617.453081072284,1.0149980586622571,6.567681312069872,2.00463381033673,0.7501644334841033,0.24,0.25361542810283083,5.67402013886098,0.46559466069487787,0.14797185832905965,0.0,0.2519149632693325,0.0,0.14951657636898694,1.9337051949929904,0.982713751225032,0.836928390291354,0.14578536093367803,0.0,0.0,0.017286248774967938,0.0,0.0,0.0,0.0,1.0,0.8238563405885723,0.2771677150678684,,0.19003346509277597
B000705,10301.636556639005,2.4125612544822026,10.644551008307893,3.259155039405842,0.09928220062548439,0.5439576876734913,0.3937861411642828,26.003760324391692,1.0712260462117729,0.45025946320179633,0.0,0.28886963218672096,0.0,0.6022061128819125,2.82662020307372,0.5086964650615482,0.38896079756293395,0.11973566749861435,0.0,0.0,0.4913035349384517,0.0,0.0,0.0,0.0,0.6,0.9387950421213044,,,0.19003346509277597
B000706,3672.037988356045,9.089202941475358,14.251220017598644,5.801989691131175,0.29615600535779063,0.2670445128315333,0.012715610549887965,0.044349177958799675,5.97310891104539,1.1501271700329647,0.5423141337268479,0.38316483304964655,0.0,1.040487893620508,3.2565643082284406,0.25924174025767655,0.0730382508365133,0.18620348942116322,0.04215604333150155,0.0,0.6986022164108219,0.0,0.0,0.0,0.0,1.0,0.19819859940955223,,,0.18481989412312194
B000707,1811.0217307910036,3.7263821621214066,6.253833623968537,5.527880771661923,0.0,0.6519413293671792,1.772218289703377,64.14917888725532,1.1052095271281717,0.22390681573682653,0.4650917267813037,0.7725844375077778,0.0,1.159589654967327,2.2774237777229853,0.6783947253964977,0.6783947253964977,0.0,0.060086917013728335,0.0,0.26151835758977393,0.0,0.0,0.0,0.98,0.98,0.4772668901957725,0.4070079558487286,,0.18690117976449694
B000708,12665.510331198853,2.6050000681198795,5.654506172201718,1.3762209416962021,0.45668471496174845,0.488,1.3152503232360182,47.58980684608232,1.7188022421579714,0.0,0.0,0.2573043911563,0.0,0.6288934348056078,3.1715419642321208,0.2972635696969613,0.2972635696969613,0.0,0.0,0.0,0.7027364303030386,0.0,0.0,0.0,0.0,0.98,0.21480306468627686,,,0.18690117976449694
B000709,1567.7581769667806,1.4988127886871707,8.359132878008229,2.2564700562304387,0.0,0.4566236530068163,0.5116213348321859,34.005794158710536,0.6381110660424528,0.15918150269603173,0.0,0.37650361421777795,0.12604937075176928,0.19896723497913904,2.8670674789401795,0.29512133173317623,0.18891627136972625,0.10620506036344995,0.2791343252382442,0.0,0.4257443430285796,0.0,0.0,0.0,0.0,1.0,0.3183738400854033,0.38601615677336903,0.4461210149845907,0.19003346509277597
B000710,27976.716812312625,6.81527815159869,11.37280183391438,9.326476875958788,0.0,0.3150603820494666,1.72977808224659,62.653439190919066,1.0373546990217137,1.3145835440986309,1.983572885235911,1.686030252286913,0.0,0.7937367709555222,2.363118404613297,0.619652926136399,0.328604954048772,0.29104797208762717,0.1928877317780879,0.0,0.187459342085513,0.0,0.0,0.0,0.98,0.98,0.33973087413177144,0.4265570765008323,0.6662569430323115,0.18690117976449694
B000711,3110.502294017888,4.756119715623682,7.2648149870094345,10.533484194372676,0.4089747371494803,0.24000000000000002,1.329870590374172,29.842412044441495,2.2852803807003452,0.41463731336068854,1.3845656176181411,0.0,0.0,0.6716364039445063,2.744601035231135,0.4950098299607209,0.4078300829920691,0.08717974696865176,0.0,0.0,0.5049901700392792,0.0,0.28,0.28,0.28,0.7,0.30741346798401575,,,0.30976336009743166
B000712,6933.295231567909,9.765204551504096,12.72822165562404,10.256787205897703,0.0,0.3736051784055048,0.014242738294083238,0.6249599897673425,4.083165289650287,1.223171438200256,0.0,1.5771398184436236,2.0024732658606963,0.8792547393492363,2.6606047464445535,0.481513805437227,0.27645171428499804,0.20506209115222918,0.16150607087904809,0.0,0.35698012368372506,0.0,0.5,0.5,0.5,0.5,0.15992227568452314,0.12209228175784785,0.6058983895571813,0.4014480571426785
B000713,1390.3378442180167,0.9318618258833892,3.981459092231038,0.32230425772053595,0.0,0.365,0.336094160450969,12.2791957892873,0.5119544713341834,0.0,0.0,0.0,0.170176648076443,0.24973070647276288,3.099792489120052,0.37950062204414464,0.37950062204414464,0.0,0.0,0.0,0.6204993779558553,0.0,0.5,0.5,0.5,0.5,1.2233855730684406,,,0.4064886165245276
B000714,13108.126906672425,4.684820195379709,8.56480108352787,7.062050351175377,0.0,0.44715406893344717,0.02885518412672011,1.0739697182223285,1.354248536201757,0.2943754118550812,0.0,0.6128034239510893,1.4238283581319606,0.9995644652398198,2.5967494022612976,0.6466284457041273,0.21189846736010673,0.43472997834402033,0.0,0.0,0.35337155429587264,0.0,1.0,1.0,1.0,1.0,0.13547480723493147,,,0.6052750777176602
B000715,5911.880391448734,6.088445305302507,14.03904701242035,9.057250936658669,0.0,0.5182466647816927,0.028326300201994982,0.7074611951045949,3.046764844250212,0.8207069523711563,0.8309468016108555,0.7944093696332792,0.16216767908013727,0.4334496583568672,1.5441544163091656,0.9854488887560822,0.6875368041254675,0.2979120846306147,0.0,0.0,0.014551111243917756,0.0,0.0,0.0,0.0,1.0,,,,0.1888484004682247
B000716,585.2839209425362,1.9316301021205813,5.204129111698768,0.3255666533677846,0.0,0.365,1.0103759632107177,67.20033035237296,1.2574118169140815,0.0,0.0,0.0,0.17189919297819028,0.5023190922283095,3.2012785405333184,0.3490410946000116,0.2600493187991085,0.08899177580090308,0.0,0.0,0.6509589053999884,0.0,0.0,0.0,0.0,1.0,,,,0.18861606020795307
B000717,3097.364345251531,4.129819127002041,12.518890952418465,7.786132329832035,0.0,0.2491988724241604,0.012421792625705426,0.08914015752451189,0.39077988131758556,0.0,1.4657988396422073,0.7900151987197346,1.0736842595382639,0.40954094778425,2.008290124840133,0.875112603139149,0.6838172523199402,0.1912953508192089,0.0,0.0,0.12488739686085087,0.0,0.0,0.0,0.0,1.0,0.6404510139759493,,,0.1888484004682247
B000718,4673.17961903502,3.551048342731778,7.21630058205889,3.4982973663407164,0.0,0.24,1.2540128643014368,45.40454113881058,0.7924647395227641,0.0,1.183538841763156,0.0,1.163818691051465,0.4112260703943934,2.120714938632303,0.8058209305036672,0.8058209305036672,0.0,0.0,0.0,0.19417906949633293,0.0,0.0,0.0,0.98,0.98,0.41289845532350605,0.2669964485644369,0.5775112125467408,0.18690117976449694
B000719,23091.298769085304,5.132540290972506,7.96974940555071,6.107587922658143,0.0,0.5801489206898557,1.4469028506659112,52.41949517474906,2.0186219645097845,0.2969000623254241,1.1704860458052773,0.0,0.6166800759533617,1.0298521423786573,2.608911602341028,0.5488545835854571,0.5488545835854571,0.0,0.05784661113087296,0.0,0.3932988052836696,0.0,0.2,0.2,0.2,0.98,,,,0.27509512128729385
B000720,3031.7177086772635,4.491433642484835,13.75917875160437,5.3065744494239215,0.0,0.4497905969636098,0.008207125610853289,0.18301890112202837,1.9254594545523445,0.0,0.5405386678827209,0.2811951757491509,1.4008216393367496,0.34341870496386995,1.6983932786887517,1.0,0.9373930022945676,0.06260699770543261,0.0,0.0,0.0,0.0,0.0,0.0,0.0,1.0,0.23923202989973746,,,0.1888484004682247
B000721,3917.3094393533984,1.2045846984481545,9.68301494366324,1.961400061560224,0.31829898603141665,0.24,0.09165511235313273,6.05456491381044,0.3123871484722867,0.0,0.0,0.5261571790715319,0.2070485237768196,0.15899184712751618,1.6442207860964675,0.9302322627779618,0.7583485222294089,0.17188374054855304,0.0,0.0,0.06976773722203827,0.0,0.30000000000000004,0.30000000000000004,0.30000000000000004,1.0,,,,0.32150759030508125
B000722,2636.3876639872874,1.7861705040564277,7.742444318588662,2.010845427748743,0.2583695307178502,0.27709218961790927,0.45239434337589013,16.37911606751519,0.6231238101023894,0.0,0.07090178283676665,0.16247986006028203,0.6947978737335785,0.23486717732341128,2.712371244320444,0.611444936884239,0.13149202541975885,0.4799529114644801,0.039694857056337754,0.0,0.3488602060594233,0.0,0.3,0.3,0.3,1.0,0.9429095942990954,,,0.32150759030508125
B000723,369.6631951592308,0.6276115367728876,4.696995090074192,0.8397537341951882,0.41319579275676244,0.449794526093031,0.37592696701902406,13.608556206088672,0.20675983186046323,0.16619579381189056,0.06406504666117044,0.0,0.0,0.19059086443936335,2.405701243544846,0.6705608170882255,0.6705608170882255,0.0,0.0,0.0,0.3294391829117746,0.0,0.0,0.0,1.0,1.0,0.732132933254986,,,0.19003346509277597
B000724,942.8805130249783,3.1429350434165944,10.778488557439445,2.9514364472434353,0.0,0.3930896885740528,0.012342982329953732,0.2752485059579682,1.2342982329953733,0.5803345145442377,0.9146260414568084,0.0,0.0,0.41367625442017475,2.654272882705005,0.5942191399368375,0.4095718257138324,0.18464731422300495,0.0,0.0,0.40578086006316255,0.0,0.0,0.0,0.0,1.0,,,,0.1888484004682247
B000725,2308.0093773584335,2.989649452536831,5.18704155914017,4.372357678366048,0.307107493944986,0.43299999999999994,4.049468461403128,146.5862943345949,0.8642943701821745,0.0,0.9884196259825994,0.0,0.4536575357242011,0.683277920647857,2.2967557694795633,0.9049748882262393,0.42261828267733664,0.4823566055489025,0.0,0.0,0.09502511177376118,0.0,0.0,0.0,0.9800000000000001,0.98,,0.3469991957353072,0.3714951942334329,0.18690117976449694
B000726,9737.13862001247,2.5396814345363774,10.530332740751597,4.221929048896999,0.07359508159348183,0.33301258680936663,0.6874507369183306,24.902208121852354,0.5226665635096194,1.0573986148884427,0.04438815807163213,0.46508588648575727,0.0,0.45014221158092543,2.4135136948702467,0.86171799135473,0.24476161322856277,0.6169563781261672,0.0,0.0,0.13828200864526982,0.0,0.5,0.5,1.0,0.5,1.6542775201315063,0.4894721885203321,0.6884261172678842,0.4064886165245276
B000727,28492.445736326994,7.600012199607094,11.569654750070969,8.312987608574446,0.07068673584965605,0.27759297818451956,0.6520732482805804,14.66200074559158,2.022049171231117,0.9952101649414921,1.8526471503339084,0.23750526960602542,1.818443524950129,0.6741569185444249,2.046843506139523,0.9882827007484974,0.47399458617255946,0.5142881145759385,0.0,0.0,0.01171729925150259,0.0,0.28,0.28,0.28,0.7,0.5410030260326468,,,0.30976336009743166
B000728,25243.010618523098,6.8022125083597675,10.799190075157686,6.968311598867138,0.04657419664647345,0.2662934692480082,1.7094234664645622,38.128262887681565,2.232850799706478,0.0,1.729651272596902,0.34566495217703763,1.2832194386674216,1.2108260452119302,2.5506697657392294,0.67174639178615,0.2288212835861972,0.442925108199953,0.0,0.0,0.32825360821385013,0.0,0.0,0.0,0.0,0.98,,,,0.18690117976449694
B000729,7849.878418415058,24.454449901604544,47.12772000039903,4.381812963027674,0.13119484843239157,0.809,0.09176025988481891,4.1460577321441825,22.47902310936922,0.0,0.0,0.8459596566103433,0.0,1.129467135624979,1.7294809402752256,0.985119350895086,0.9505260699170159,0.034593280978070046,0.0,0.0,0.014880649104914075,0.0,0.0,0.0,0.0,1.0,0.2035500367077901,,,0.18861606020795307
B000730,5473.913807594516,3.2738718944943277,7.4904624602456105,2.8523511072744605,0.0,0.27637498644863423,1.2409642161193752,82.52682517982186,1.5486892774919374,0.5226189842458547,0.0,0.682283086924249,0.0,0.520280545832286,2.80515273615123,0.3701085957372024,0.3701085957372024,0.0,0.15684623713320717,0.0,0.4730451671295902,0.0,0.0,0.0,0.0,1.0,1.1917097385316744,0.34983832705119744,0.3603370593160694,0.18861606020795307
B000731,11849.95228647191,5.435757929574271,12.145826438739936,10.323594392670216,0.49855349820000033,0.3214868407077351,0.01383415882466741,0.30811919147040073,2.7680294075416754,0.0,0.27563517228543527,1.8257963644125033,0.0,0.5662969853346567,2.1444324785224,0.4956520589240749,0.4449442871916749,0.05070777173239999,0.33588625322678783,0.0,0.1684616878491373,0.0,0.5,0.5,0.5,1.0,,0.35916050597218346,0.3965037003942255,0.4014480571426785
B000732,6622.779169685055,9.301656137198112,26.455572314285366,1.7979784964671013,0.0,0.7532480008072516,0.056280589877898975,2.547821410229346,8.488090628624564,0.20124297131467536,0.0,0.11920538946159366,0.0,0.4931171477972791,1.7236444487622011,0.9783648236027681,0.9655493219648521,0.012815501637915984,0.02163517639723185,0.0,0.0,0.0,0.0,0.0,0.0,1.0,0.13621682545835698,0.31135840228120687,,0.18861606020795307
B000733,4996.805526596506,1.9337482688066974,11.876692528429341,2.5039734317073714,0.0,0.2934579062970369,0.21700234894909914,14.286923664817714,0.7783385551425062,0.5823970983650982,0.037185681459635446,0.26325697935402387,0.12108859820158568,0.15148135628384876,1.9132639532102522,1.0,1.0,0.0,0.0,0.0,0.0,0.0,0.0,0.0,0.0,0.6,0.9735681583301011,,,0.19003346509277597
B000734,7970.607096512487,12.981444782593627,28.056684914067137,2.1832754956538607,0.196303065447429,0.24003505049353183,0.06525990530005497,2.966759067521066,11.042021763209616,0.9210841780561875,0.11723232808190522,0.0739993377212916,0.04043069814253067,0.7866764773820977,1.9719635004985179,0.9968855008961142,0.9968855008961142,0.0,0.0031144991038857864,0.0,0.0,0.0,0.0,0.0,0.0,1.0,0.09801983790481335,0.2956246650295186,,0.18861606020795307
B000735,886.7489170824157,2.131607973755807,11.86154445357249,3.5831508883623227,0.0,0.45462308248681743,0.6896901611524986,45.83162894549305,0.32162396371736457,0.0,0.034899666050377934,1.3834578991443787,0.0,0.39162644484368536,2.370624925236928,0.33438244905439546,0.3180099891649318,0.016372459889463696,0.6490207937751246,0.0,0.016596757170479846,0.0,0.0,0.0,1.0,1.0,0.5869857947269498,0.4358078663972456,0.5786787328758536,0.19003346509277597
B000736,1819.837455088967,4.493425815034486,7.098074812320457,4.1598899550423845,0.3224220303008174,0.35700345971291597,1.2963501295475164,86.33691862786456,2.2670433721404293,0.9695296018210998,0.2656409057993861,0.17596035682886665,0.0,0.8152515784447045,2.6470451022716435,0.576468323166066,0.36070208116488184,0.2157662420011843,0.03915951082137008,0.0,0.38437216601256374,0.0,0.28,0.28,0.28,0.7,0.3571787911896861,0.47796527511689546,0.6106255202641905,0.30976336009743166
B000737,821.6858271545022,1.380984583452945,6.030796336850858,0.8627439250913753,0.0,0.2636259339828991,0.47257793422449695,10.577584320791212,0.6481913201318392,0.3212880776856335,0.0,0.0,0.17695366945980773,0.23455151617566458,2.87843256614877,0.3787479390101996,0.14609648038037135,0.2326514586298283,0.12813587608441043,0.0,0.49311618490538994,0.0,0.3,0.3,0.3,1.0,0.6322902448386508,,,0.32150759030508125
B000738,2323.5718771758407,4.538226322609064,7.079164630254055,7.503171773489569,0.0,0.365,5.201136864299995,188.0885274388064,1.0991388716256365,0.0,0.0,2.1947507912757485,0.0,1.244336659707679,1.9081120023005995,0.9554791814675173,0.5204199702063368,0.43505921126118063,0.0,0.0,0.04452081853248271,0.0,0.0,0.0,0.0,,,,,0.18690117976449694
B000739,9762.710454651204,10.775618603367775,17.88402071760092,13.807398211770538,0.0,0.33703596842335976,0.016043592359834824,0.44033401309713927,3.517083234166701,0.3927383163282394,2.1199597783274537,0.9032950440532903,2.5873198284823786,1.2552224020097151,2.5926575497440427,0.6371603622577202,0.11648727077417276,0.5206730914835472,0.036446939223098926,0.0,0.32639269851918146,0.0,0.5,0.5,0.5,0.5,,0.2487339478953974,,0.4014480571426785
B000740,2906.20178505982,7.729260066648457,10.662479102086305,4.692001126498064,0.0,0.4135020389413829,0.042287677915858246,0.35657136360840747,4.278812972982259,0.39233615790197696,1.4020545890807559,0.3039800244594875,0.0,1.3520763222239778,3.0115453273605737,0.37240537559334846,0.15168119257591633,0.22072418301743207,0.0,0.0,0.6275946244066515,0.0,0.0,0.0,0.0,1.0,,0.25772490247985474,,0.18481989412312194
B000741,4615.918194062341,5.469097386329788,7.819897162111872,7.68881834002825,0.0,0.24,2.0284519748560776,135.0765664055441,2.653004929366957,0.0,1.6634452345283195,0.0,0.0,1.1526472224345123,2.9920552410151537,0.5059585692386348,0.20180504681532552,0.3041535224233093,0.0,0.0,0.4940414307613653,0.0,0.0,0.0,0.0,0.98,0.22667616467996923,0.3281158171358408,0.835542332665741,0.18690117976449694
B000742,4851.649187593876,6.911181178908656,12.242396706242902,6.565299927447688,0.21966229226034717,0.20574146222781992,0.016463091646957823,0.3303516349656419,3.232606498601321,1.233785823170803,0.2856264909448887,0.0,1.6430908106720998,0.5160715555195434,3.0628738234121027,0.4916165080811297,0.0340242321849301,0.4575922758961996,0.0,0.0,0.5083834919188704,0.0,0.0,0.0,0.0,1.0,0.19760003961440972,,,0.18481989412312194
B000743,4208.930403845497,5.215527142311644,15.327805640725039,7.947239759017052,0.1843753886370577,0.29049325147745286,0.014709342028761972,0.5255473389259362,1.5631792291582638,0.7637252508931663,1.7247929567186209,0.0,0.8047702618604896,0.3590594436811038,2.5910364870213867,0.6909955605713572,0.36029208426768444,0.33070347630367275,0.0,0.0,0.30900443942864286,0.0,0.0,0.0,0.0,0.95,0.7938803743604094,0.3419158577503991,0.6327969091422145,0.1888484004682247
B000744,5876.822780097649,5.242482408650892,10.41771122535332,6.126556482215163,0.014584823788165488,0.2881294188413187,1.0788118216285425,39.01689816716993,1.5027014835476888,1.849031698767043,0.0,0.82993322288348,0.6069564594942274,0.453859543958453,2.489412995006926,0.6760663642066036,0.20758827180356237,0.46847809240304117,0.05140905294348935,0.0,0.27252458284990727,0.0,0.2,0.2,0.2,0.98,0.3052350570609848,,,0.27509512128729385
B000745,3152.729621013997,4.277787816843958,9.958439762558287,5.716501967080035,0.0,0.24949441545778106,0.014976930055717624,0.2918662340810296,0.4938447071344551,1.1772235256816088,0.0,0.7110101688735373,1.373033807101896,0.5226756080524604,2.11792819813255,0.7183462743841972,0.7183462743841972,0.0,0.16620977928683298,0.0,0.11544394632896988,0.0,0.0,0.0,0.0,1.0,0.38347906689970407,0.3771867244479352,,0.1888484004682247
B000746,21417.930303827765,14.452044739424943,32.640805019995,8.487938136086479,0.0,0.37556749480799295,0.060030978796787225,2.719918910451614,11.39099852255638,0.7533017556660003,0.11190506757966065,1.5038940733900352,0.14351828912816045,0.5484270311047053,3.4149546785696945,0.19541391611702025,0.08360972715254639,0.1118041889644738,0.0,0.0,0.8045860838829797,0.0,0.0,0.0,0.0,1.0,0.1126146989108349,,,0.18861606020795307
B000747,8852.14674637895,2.556207550210497,11.090983288560132,5.099579041001494,0.10220109436927115,0.4094394122939563,0.6481065880912715,23.36562570822215,0.5339106504543514,0.48449352218173836,0.08493850707045895,0.8282152658339036,0.19933312860521812,0.4253164760648262,2.345443655756166,0.524461795766725,0.524461795766725,0.0,0.357229902098195,0.0,0.11830830213507998,0.0,0.5,0.5,1.0,0.5,0.8999319206300964,,,0.4064886165245276
B000748,5376.14820964629,3.158723977465505,4.799452697081926,0.0,0.0,0.0,1.3664561908756072,90.68342597600234,2.3454936567463074,0.0,0.0,0.0,0.0,0.8132303207191983,3.262066877928143,0.2942509390355562,0.2942509390355562,0.0,0.0,0.0,0.705749060964444,0.0,0.28,0.28,0.28,0.7,0.4945942805354112,,,0.30976336009743166
B000749,23135.09617379099,17.94809633342978,26.403874563520645,22.668657941712855,0.08168804014856082,0.21877551941072293,0.01448698653094303,0.500025797173737,3.876665059196783,0.0,1.8952132835062752,4.868101454879701,2.958659298914362,4.349457236932665,1.9098923774772751,0.774755787072723,0.774755787072723,0.0,0.1648452985737334,0.0,0.060398914353543845,0.0,0.5,0.5,0.5,0.5,0.332358525661055,,,0.4014480571426785
B000750,7800.48392761277,2.5592138870120635,4.676795624144769,0.0,0.0,0.0,1.163378198393499,26.109729161329557,2.007229334934717,0.0,0.0,0.0,0.0,0.5519845520773464,3.379086403639465,0.2156851972704009,0.2156851972704009,0.0,0.0,0.0,0.784314802729599,0.0,0.28,0.28,0.28,0.7,,,,0.30976336009743166
B000751,1273.5941834793477,1.8619798004084032,6.839977562464448,0.0,0.0,0.0,0.008649112805505304,0.32866577559889504,1.620073919134646,0.0,0.0,0.0,0.0,0.24190588127375678,3.5213609690293706,0.10897927322797121,0.10897927322797121,0.0,0.0,0.0,0.8910207267720287,0.0,0.0,0.0,0.0,1.0,0.24318171393811777,,,0.1888484004682247
B000752,7073.562222871841,4.1293416362357505,9.12983955003302,6.337886225923822,0.1503281794586097,0.4226422917902877,1.3197094092466384,47.749441327442156,0.802213095121143,0.8224857160519871,0.7013262602472069,0.23392071783321702,0.8632857169645068,0.7061101300176903,2.588457128410752,0.7871597695495045,0.1524294318857501,0.6347303376637543,0.0,0.0,0.2128402304504956,0.0,,0.0,,0.98,0.4155197881908129,0.46168104027780493,,0.18690117976449694
B000753,4078.8096912352908,5.048031796083281,14.230367184032525,8.85600448876809,0.0,0.4605923113122704,0.021861981883300134,0.38295912758170547,1.6248674931961653,0.0,0.7427316408975682,0.9631114815429305,1.3864624751146257,0.33085870533199063,2.5305403627206857,0.6779844641406951,0.3400620438096571,0.3379224203310379,0.0,0.0,0.32201553585930476,0.0,0.0,0.0,0.0,0.95,1.6859983666697158,0.3384047172310356,,0.1888484004682247
B000754,8008.630150175422,7.976723257146835,11.754557831414523,10.895281371761515,0.3479807090033739,0.20942674595660404,0.887936358782988,59.05303362144226,2.8806069672061603,0.6731334661595153,2.0087206798153034,1.5371581155283487,0.0,0.8771040284375066,1.8737449292941006,0.9210142489405065,0.392098787604538,0.5289154613359686,0.0,0.0,0.07898575105949339,0.0,0.0,0.0,0.0,0.98,0.3623695008415205,0.3534014610276996,0.4713790142102429,0.18690117976449694
B000755,1161.4452575737964,1.864278102044617,5.488936567155779,4.199581913131957,0.4402337012483265,0.17657855014721457,0.011623006560512728,0.23075083766009905,0.3934125097131934,0.0,0.2461417224490413,0.8447869318294904,0.0,0.3799369380528917,2.809760587795166,0.3358290052408443,0.20379842344133206,0.13203058179951227,0.45314426581687783,0.0,0.21102672894227775,0.0,0.0,0.0,0.0,1.0,0.7278290342395054,,,0.1888484004682247
B000756,7676.058346150016,6.006305435172157,16.255108767137433,11.966752965704394,0.0,0.34538211195845814,0.020865185296713946,0.7071261937678914,1.6523427281114542,0.6648154223400686,0.9329062113453699,2.3112306591364953,0.0,0.4450104142387696,2.8432803359604852,0.5695775102747963,0.07409054019012179,0.4954869700846744,0.1553211406603451,0.0,0.2751013490648588,0.0,0.0,0.0,0.0,0.9,,,,0.1888484004682247
B000757,6195.336487221151,3.999571650885185,8.349853172743213,6.130248233079415,0.053849947595442836,0.47000000000000003,1.398332304210973,31.19544986994358,1.828873713526288,0.0,0.4235899433440892,1.3113494924130489,0.0,0.4357585016017592,2.710087565272017,0.538769095003637,0.21089661092829334,0.3278724840753437,0.0,0.0,0.46123090499636304,0.0,0.0,0.0,0.0,0.98,0.2232861184989332,,,0.18690117976449694
B000758,2995.498105930118,8.810288546853288,19.77250265611707,3.259299388901535,0.49014694077333065,0.365,0.03128648019652408,1.9508449936501329,7.637748330073689,0.0,0.0,0.5924192247698524,0.1166317621694453,0.46348922984030133,3.5260829601219665,0.09881871394097912,0.09881871394097912,0.0,0.0,0.0,0.9011812860590207,0.0,0.0,0.0,0.0,0.5,0.1553744943290213,0.2308913062056987,0.3468573691333362,0.18861606020795307
B000759,18563.55718811574,4.998265263359111,6.76288511909642,6.873901868611113,0.0,0.4722555374293882,0.015441644063436032,0.7164922845434318,1.9063758103007449,0.32685149590772455,0.0,1.6638736595243862,0.027947738632146737,1.0732165589941103,2.6740283324736547,0.6136093254165654,0.2751276104586171,0.33848171495794827,0.0,0.0,0.38639067458343485,0.0,0.0,1.0,0.0,1.0,,0.23534962703045664,0.3220361818510631,0.18481989412312194
B000760,3361.4370185418547,7.307471779438814,16.677820387541935,9.764254129516145,0.3368295721124977,0.2788972195544897,0.008645512035547264,0.4292645480899457,3.2421020823084903,0.5034124604338177,0.20439963163590508,2.8011214873029067,0.0,0.5564361177576976,1.6548832673827436,1.0,0.5198156509826305,0.4801843490173699,0.0,0.0,0.0,0.0,0.5,0.5,0.5,0.5,0.25837389576630837,,,0.4014480571426785
B000761,1439.251057618754,0.5720393710726367,3.915203673047527,0.6614682008330589,0.0,0.7604941393712227,0.4054803060929609,27.00498838579119,0.2230141683511285,0.07541817565690859,0.038155235455107184,0.0,0.0,0.2354517916094926,2.8281193042507793,0.5955603387785681,0.39701908994974505,0.19854124882882299,0.0,0.0,0.4044396612214322,0.0,0.0,0.0,1.0,1.0,0.7846785219810816,0.43635769937967117,,0.19003346509277597
B000762,5915.461564120075,4.18645545939142,12.530727486151108,4.651851922586451,0.7501644334841033,0.24000000000000002,0.015673728100066387,0.5673889572224032,1.5673728100066386,0.5707614710576461,0.0,0.0,0.0,2.0483211783271336,2.877966916359562,0.6256086263880885,0.48927337175704627,0.13633525463104224,0.0,0.0,0.3743913736119113,0.0,0.0,0.0,0.0,1.0,1.4802226635403921,,,0.1888484004682247
B000763,2642.069987667696,7.045519967113855,12.026999532921678,10.20262663140298,0.2126575177525275,0.26936916882829676,0.01999317836779981,0.4281661218260076,3.60469718150554,0.8349953411761729,0.11210793980267211,1.6360431538654612,0.12581263557553043,0.7318637151884781,2.9525310392260904,0.25615989169954306,0.25615989169954306,0.0,0.23221042045185686,0.0,0.5116296878486,0.0,0.0,0.0,0.0,0.5,0.7741453837097654,0.17928658393232735,,0.18861606020795307
B000764,39895.288181365315,10.416524329338202,16.916787667996477,9.190539020684593,0.0,0.14267715160738242,0.008135809461709264,0.18142855099611657,5.372704361506117,0.9820017856568222,3.29570388192465,0.2432402609350932,0.0,0.522874039315519,2.6994403911856426,0.48228793860402347,0.36466309486022164,0.11762484374380175,0.0,0.0,0.5177120613959765,0.0,0.0,0.0,0.0,1.0,,0.20755886839914936,,0.18481989412312194
B000765,6892.9746325534625,5.368360305726996,9.296803183867974,4.905201376427358,0.0,0.313929463693926,1.085644371185133,39.40258576792256,1.8731116262610983,1.3447444704310922,0.9425119718319621,0.0,0.5892747716316428,0.618717465571201,2.730373981572429,0.6034434726134377,0.24318090975983908,0.3602625628535985,0.0,0.0,0.3965565273865625,0.0,0.28,0.28,0.28,0.7,0.33194177626797616,,,0.30976336009743166
B000766,4401.166897939153,3.8674577310537375,7.819334923401635,2.931821331329755,0.0,0.14324758502467858,1.0021173843411884,66.49647410610058,1.726458246374545,0.0,0.0,0.7373937449952979,0.7659413952496373,0.6376643444342569,2.691317413811214,0.41301633252888836,0.41301633252888836,0.0,0.10784029210067897,0.0,0.47914337537043244,0.0,0.28,0.28,0.28,0.7,0.3437329223217932,0.36989746634545595,0.4532767161390841,0.30976336009743166
B000767,9750.151325028963,5.34840994241852,10.423766254651174,9.59608288642028,0.020224233990684487,0.5889836195520708,1.0998972798861737,39.824465371354066,1.5334403627270121,0.4069068048597439,0.419267600038015,1.6449451514844662,0.2945511371123131,1.0492988861969699,2.4045088654953695,0.6530623301199013,0.2904318830379504,0.36263044708195086,0.0,0.0,0.34693766988009866,0.0,0.2,0.2,0.2,0.98,0.18667122249206783,0.3400744379602734,,0.27509512128729385
B000768,1413.4680577108356,4.530346338816781,9.37659365228781,5.873195041665075,0.2033018749787814,0.24010960601847245,1.2880349795862567,85.68451639104599,1.6057487223313105,0.0,0.04394084946110204,2.1909100328649638,0.14503443059266113,0.5447123035667432,2.3957866489519284,0.6309820213319128,0.14737439643734945,0.4836076248945633,0.0,0.0,0.36901797866808717,0.0,0.0,0.0,0.0,1.0,0.5325027943027405,0.27532148226234726,,0.18861606020795307
B000769,15253.542509399282,7.1781376514820145,10.948839498323311,6.887376088157245,0.0,0.28425008771084614,1.291676510927637,28.907046682861562,2.1928256990826673,1.5393972340651123,0.9126551269201311,1.0234359996220417,0.5593036070146752,0.9505199847773894,2.61702144153007,0.5627585783540944,0.3483022236828679,0.21445635467122656,0.14257681439290046,0.0,0.29466460725300536,0.0,0.28,0.28,0.28,0.7,0.3137247730560166,,,0.30976336009743166
B000770,11090.821089047035,5.855766150500018,11.372323836995262,4.145220392839152,0.0,0.263102053637332,0.01889776950225446,1.2585914488501468,2.529507315589047,0.0,0.0,0.4045033506790118,2.2673865421071597,0.6543689421248003,1.650894933550342,0.9657892711732518,0.8967114869375423,0.06907778423570955,0.0,0.0,0.034210728826748235,0.0,1.0,1.0,1.0,1.0,,,,0.6052750777176602
B000771,2914.2850722821354,0.7326005712122009,4.386325123282845,2.822375582159671,0.0,0.7692142352244814,0.2684014620247865,17.831099354653855,0.322247970634607,0.0,0.059152869324122774,0.0,0.12969448566166444,0.22150524559180673,2.4851591074042267,0.6155503893572428,0.43851737742952224,0.17703301192772053,0.0,0.0,0.38444961064275707,0.0,0.5,0.5,1.0,0.5,1.3269759074508896,,,0.4064886165245276
B000772,11170.541937921776,4.7493800756470135,14.07644502056413,9.465352211941507,0.0,0.32438780592901983,0.007979188460053657,0.1834913885792394,0.38908657685138626,1.5320787967636509,0.766703716415783,0.7117878783658927,1.022994921832337,0.32672818541796456,1.9803489628233015,0.9870900212913443,0.3532029994919376,0.6338870217994066,0.0,0.0,0.01290997870865582,0.0,0.0,0.0,0.0,1.0,0.767344812140315,,,0.1888484004682247
B000773,9088.904457411425,3.376264657285076,12.795208096946215,8.21391211942416,0.045402288514251786,0.5550481793770923,0.015459091192227877,0.33114461549093305,1.1768699018206097,0.19564857023762805,0.0,0.013653497503167498,1.290571595853931,0.6995210918697395,2.4612071267106397,0.6143754180857529,0.5564271853204481,0.057948232765304926,0.0,0.0,0.3856245819142469,0.0,0.0,0.0,0.0,0.95,0.7151402867689859,0.2931182894919998,0.47434537927033676,0.1888484004682247
B000774,2430.2250558228047,5.49824673263078,8.591000860463375,8.666931300478703,0.2677580056524986,0.28475275130663513,1.7779189418479489,64.32290436209747,1.0798875282721438,1.3003526806058718,0.328373813572897,0.5056625998220433,1.0778207665172412,1.2061493438405824,2.5141905888969314,0.7524268128311276,0.26017039140985904,0.4922564214212686,0.0,0.0,0.24757318716887244,0.0,0.0,0.0,0.98,0.98,0.33490892967578223,,,0.18690117976449694
B000775,4025.9276935552916,3.8599498500050733,11.036771125891198,2.2400917096544792,0.0,0.24,0.008335774008441644,0.18588776038824864,2.0438790637108486,0.0,0.0,0.0,1.5031015371781558,0.31296924911607,3.066694483645862,0.44997913726560385,0.060569534657378285,0.3894096026082256,0.0,0.0,0.5500208627343963,0.0,,0.0,,0.5,0.3992121445032835,,,0.18861606020795307
B000776,17146.534252422047,7.448537902876649,11.638315557255167,7.308437014078937,0.2630591424143893,0.3074152444795505,0.02078348712727455,0.7597384024032728,3.7563726109867424,0.4296335849952106,0.0,0.5394818487721198,2.081165087517237,0.6418847706053395,2.9710357020269007,0.4119709106274086,0.3542906530255396,0.057680257601869046,0.07242788528521418,0.0,0.5156012040873772,0.0,0.0,0.0,0.0,1.0,0.2405604328703076,,,0.18481989412312194
B000777,1520.5221345726297,3.0779800294992503,12.030343980425517,9.757640914191779,0.0,0.596989479981503,0.007287404118579771,0.16250911184432887,0.29149616474319084,0.4767483032925677,0.47195087142446795,0.9374690786811652,0.38730514472238836,0.5130104666354699,2.213945336387522,0.6007234512095603,0.44739208878962644,0.15333136241993375,0.3045728268853258,0.0,0.09470372190511375,0.0,0.0,0.0,0.0,1.0,0.7555915337569338,0.331253132657067,,0.1888484004682247
B000778,10637.687525773323,5.759440999335855,13.111053925141254,10.841941076271622,0.03826554505196033,0.37947243313200407,0.015617717306934243,0.3012580990728471,0.7873946449411352,1.046461848969271,1.347056057649248,0.14084204859943752,1.614785533971572,0.8229008652051887,1.7273153563903747,1.0,0.6951739617137391,0.3048260382862605,0.0,0.0,0.0,0.0,0.0,0.0,0.0,1.0,,,,0.1888484004682247
B000779,2864.1176723167823,6.465276912678966,12.272807125385738,10.670814390460496,0.0,0.3445339457195237,0.015755837520013576,0.29707043109535053,2.8756059319667595,0.8812866661883858,1.8539439186246245,0.27990977362047265,0.0,0.5745306222787249,1.868028342679261,0.9166648669094155,0.629910881942603,0.28675398496681254,0.04329432093953244,0.0,0.04004081215105206,0.0,0.0,0.0,0.0,1.0,0.17384636224630123,,,0.18481989412312194
B000780,870.9384354695973,2.2799435483497312,9.22154118478571,5.009453822974544,0.5008629955304469,0.42542141042299153,0.6840893946375008,45.56035368285755,0.855111743296876,0.43385246420258483,0.061772248458404934,0.4576081908196631,0.10522526719657375,0.36637363437562837,2.464546735841465,0.5700672847983191,0.3605085582933933,0.2095587265049258,0.027093762257015937,0.0,0.4028389529446651,0.0,0.0,0.0,0.0,1.0,0.465027302443244,,,0.19003346509277597
B000781,23773.65052128139,18.943147825722225,40.13641013779016,10.682990389835565,0.0,0.34959105360037457,0.06876091794953,3.190506592858192,13.752183589906002,1.7677452897776127,0.24144511156189943,2.5190695123172704,0.0,0.6627043221594366,3.2397470147168095,0.24887815453596526,0.022579186617129078,0.22629896791883614,0.012745775611487853,0.0,0.738376069852547,0.0,0.0,0.0,0.0,1.0,,0.40906096150773436,0.5140661186433719,0.18861606020795307
B000782,6564.204835227518,1.6025890711004682,6.4744447942590275,5.480983329873035,0.33625231722742954,0.8089999999999999,0.3535164188024528,12.767520250989627,1.0911498932076658,0.0,0.0,0.02001963461211901,0.05186192586612346,0.43955761741456034,1.6979207639815648,0.881026227814522,0.881026227814522,0.0,0.0,0.0,0.11897377218547793,0.0,0.5,0.5,1.0,0.5,0.5310390927618766,0.3417346384715277,0.4530841644215578,0.4064886165245276
B000783,646.0120488879129,1.1577276861790553,5.96920795739719,2.326997975767656,0.0,0.24,0.5717691431165256,20.704948173474218,0.31223899579597514,0.0,0.0,0.6570833998617712,0.0,0.18840529052130908,2.3917844269520008,0.6723801793062115,0.6723801793062115,0.0,0.0,0.0,0.32761982069378853,0.0,0.0,0.0,1.0,1.0,,,,0.19003346509277597
B000784,7874.033135731762,13.670196416200975,27.163843948977405,13.248953987307864,0.0,0.3680277727002366,0.03847406449441323,2.297791662502626,8.287863346366272,0.8005678039712387,0.1597459854843377,2.6197549918080014,1.188529091027612,0.6137351975435152,2.7406632337614947,0.3470212258814513,0.1898294186052567,0.1571918072761945,0.19163989397425543,0.0,0.46133888014429353,0.0,0.0,0.0,0.0,0.5,0.12668656132840136,0.1909202621299133,,0.18861606020795307
B000785,11688.234558235381,6.694292415942372,22.110949215403235,2.7511219782890755,0.0,0.4465285845807665,0.02389960527942398,1.0298804975725082,5.2487097124453275,0.0,0.0,0.919149696932661,0.10253274668662216,0.4239002598777601,2.951337163874603,0.3758009598856739,0.2384974721049911,0.1373034877806828,0.01531644277182182,0.0,0.608882597342504,0.0,0.0,0.0,0.0,0.5,0.18026820278365324,,,0.18861606020795307
B000786,3064.3912110455717,3.7507848360410914,7.838028550015126,3.5223232462577148,0.0,0.4436347204620732,1.0348743194746448,68.82613532371724,1.4457682288816802,0.0,0.9282387881070531,0.19792525094484725,0.5321848867201457,0.6466676813873653,2.9626588173535895,0.35148403254233596,0.1568287351631306,0.19465529737920545,0.24747854880601416,0.0,0.4010374186516498,0.0,0.2,0.2,0.2,0.98,0.2507916206565586,,,0.27509512128729385
B000787,4724.296997986768,4.946907851295045,7.9212669253428745,7.882090861400283,0.3130525557881122,0.3767453658384329,1.435031694726025,32.02677809603018,1.9610345164206788,0.5839228452319634,0.26686713348289615,1.4227529530443326,0.0,0.7123304031151746,2.448022230951868,0.6095640719953546,0.1499753753585242,0.4595886966368303,0.0,0.0,0.39043592800464577,0.0,0.19999999999999998,0.19999999999999998,0.19999999999999998,0.98,0.3874353572202634,,,0.27509512128729385
B000788,13001.932258981165,4.697229862348687,10.885352634050404,6.7054627542921885,0.021856869551839953,0.3116172070891082,0.017205533263462833,0.32479760331098867,0.5354696094899205,1.0417234083448967,1.4501298019486135,0.07566195313691815,1.2228925528119712,0.3713525366163662,2.0274581896772594,0.867818353611809,0.5590981409664082,0.30872021264540084,0.0,0.0,0.13218164638819085,0.0,0.0,0.0,0.0,1.0,1.0733931027594188,,,0.1888484004682247
B000789,11930.512146395971,18.32643954899535,33.06968569431923,1.6492007140065919,0.028443097908762906,0.3394933253394186,0.08282107892592809,3.7877760143722106,16.16469527431485,0.9131151293627634,0.0,0.03090752257790989,0.0,1.217721622739818,1.9958192546453948,0.9939913430957056,0.9939913430957056,0.0,0.0016864990330107102,0.0,0.004322157871283607,0.0,0.0,0.0,0.0,1.0,0.15227034062843828,,,0.18861606020795307
B000790,15442.034019915687,5.822788091974241,9.94501337827309,3.3352358999334437,0.0,0.40084174973735204,0.010997288000716594,0.296951291306968,3.5846216781081446,0.0,0.7183700643612831,0.6729227914968312,0.0,0.8468735580079828,1.879850810551448,0.8549143430954381,0.7393472331701526,0.11556710992528563,0.0,0.0,0.145085656904562,0.0,0.5,0.5,0.5,0.5,,,,0.4014480571426785
B000791,17960.29413701388,5.2194984414454755,9.590781402634416,4.531181516001061,0.11533451343289998,0.27534062448779595,1.5468087661419911,103.00348226448935,2.023065535802931,1.1312629181359108,0.6764093294873814,0.0,0.6988906722609938,0.6898699857582566,2.743340288138253,0.3992718102806927,0.26537184266858543,0.13389996761210732,0.12959278311424466,0.0,0.4711354066050625,0.0,0.0,0.0,0.0,0.98,0.41421220660734337,,,0.18690117976449694
B000792,2173.132751898534,0.6531808692210802,4.344739956318691,0.4365627080791212,0.0,0.22449320134893053,0.8713278593033289,31.553389414603924,0.14530179792441714,0.0,0.027772858449535816,0.029612446267900838,0.16886814624971405,0.2816256203295125,2.1480677235242283,0.8644550890557221,0.8219356893637882,0.042519399691933746,0.0,0.0,0.13554491094427798,0.0,0.0,0.0,0.0,1.0,0.6607268384618021,0.33796843779669195,0.7327395670174278,0.19003346509277597
B000793,25342.95542796394,7.328789886629249,14.024681531201944,2.80385981502854,0.0,0.14757605770896245,0.011511869230162813,0.04401928867233047,4.781513363828831,0.0,1.3797006462103134,0.38119052336636683,0.0,0.7863853532237359,3.02952457594319,0.3366633423307344,0.28465059134959136,0.052012750981143066,0.0,0.0,0.6633366576692654,0.0,0.0,0.0,0.0,1.0,,0.22741258933865074,0.7133112365092946,0.18481989412312194
B000794,1837.5347991955023,2.595388134456924,10.376330753922414,1.8949919485851503,0.0,0.40127784098301206,0.00681428794215085,0.24667722350586077,1.5565632355166916,0.3799258539818932,0.409265324893849,0.0,0.0,0.24963372006449014,2.9790680208927887,0.400258013492692,0.400258013492692,0.0,0.0,0.0,0.5997419865073079,0.0,0.0,0.0,0.0,1.0,0.13716807739873468,,,0.1888484004682247
B000795,6849.890288275337,3.9321987877585176,15.530723584311867,5.617806307544606,0.0,0.3050571643903496,0.014034175618316404,0.39632935819529375,1.1958764375147137,0.5694304323613022,1.141342601236178,0.4620992871550083,0.0,0.563450029491315,2.6096919769652303,0.5783591282741779,0.28810355808547417,0.29025557018870374,0.1175167665972503,0.0,0.30412410512857174,0.0,0.0,0.0,0.0,0.95,,,,0.1888484004682247
B000796,1767.172942024199,1.7107192081550815,8.399211027849171,2.2278407157109252,0.0,0.3845884915725002,0.5790007986644389,38.55842598738681,0.7236191514810357,0.2619287606901551,0.07949390048928796,0.41322691603773115,0.0,0.23245047945687172,2.6542716857191055,0.5770088112464583,0.4238984939942009,0.1531103172522574,0.0,0.0,0.4229911887535419,0.0,0.0,0.0,0.0,1.0,1.1497461660367012,0.3814809346118051,,0.19003346509277597
B000797,10022.68805111293,8.429510556024331,13.029261453548827,13.87226115192581,0.2509315515932624,0.32437525780804033,0.014761179430690713,0.5343546953910038,3.7906124446780205,1.9569563879921996,0.27288885487365716,1.6927032974121359,0.0,0.7163495710683173,1.7215147990644317,0.7885301707895321,0.524001734880255,0.2645284359092771,0.20080683049888454,0.0,0.010662998711583372,0.0,0.0,0.0,0.0,1.0,0.29721557240337015,,,0.18481989412312194
B000798,200554.84867756345,48.21030016287583,195.24821997843137,153.22177007485354,0.0,0.4670535796566702,0.4897941775436982,32.611840753093,0.5457420982628433,1.0934628057867215,45.15377614715388,1.0761901944934429,0.0,0.34112891717894356,2.306377393360192,0.9763754085533267,0.03977522156829771,0.9366001869850291,0.022322827090011762,0.0,0.0013017643566614837,0.0,0.30000000000000004,0.30000000000000004,0.30000000000000004,1.0,0.3571590101861657,,,0.32150759030508125
B000799,521.6418143495889,1.640383063992418,9.024216535719699,2.2750076933767622,0.5051717289000609,0.32591883019077644,0.3066756041949364,11.01453428842171,0.8298979805129795,0.3241335094744244,0.12315901040929515,0.0,0.17150831959567472,0.1916842440000445,2.8314826839601217,0.41900339509559853,0.11685334249520786,0.3021500526003907,0.07507942084548637,0.0,0.5059171840589153,0.0,0.0,0.0,0.0,0.6,,,,0.19003346509277597
B000800,421.702890327519,1.347293579321147,6.697380548411432,1.5032268116459824,0.3336488421549059,0.4558027217504059,0.5729962904449504,12.832384814423143,0.7133914123500817,0.24022949537258925,0.05462356001981057,0.0,0.10805837413761182,0.23099073744105356,2.7940438232538716,0.4705003992451785,0.4705003992451785,0.0,0.0,0.0,0.5294996007548215,0.0,0.0,0.0,0.0,1.0,0.7908164894479552,,,0.19003346509277597
B000801,1030.5323556796789,3.356782917523384,8.07700041064519,5.88147950772319,0.0,0.28363243352096623,0.015623618891422926,0.22619764152575653,0.30252666455151234,1.1219042648918247,0.628813494585638,0.7762040734283083,0.0,0.5273344200661003,2.028673416066309,0.8327889201650088,0.49856883728888435,0.3342200828761246,0.14838664148172068,0.0,0.018824438353270363,0.0,0.0,0.0,0.0,1.0,0.8112893791324347,,,0.1888484004682247
B000802,2101.7622533395675,4.956986446555583,9.151619023442196,11.663163791375654,0.0,0.63783326619969,1.0595869950939778,38.4578988853668,1.8305898199930635,0.32600793547408735,1.2262211054476884,0.0,0.4866690122046415,1.087498573436104,2.561883234393017,0.5357379191520346,0.43755951631560785,0.0981784028364267,0.06576736470615478,0.0,0.3984947161418108,0.0,0.28,0.28,0.28,0.7,0.3557126211142943,0.34525551618508143,,0.30976336009743166
B000803,1146.0990308477617,2.916282521241124,12.817324711008949,2.674662223385639,0.12316281090264794,0.46101650527720767,0.7980059895703184,28.852721025249846,0.4100788795547893,0.5694982399101812,0.0,0.2786349276170243,0.0,1.6580704741591292,2.366584022356808,0.8868961342799158,0.7913515752094038,0.09554455907051201,0.0,0.0,0.11310386572008431,0.0,0.5,0.5,1.0,0.5,1.271109010066292,0.2967888353984474,0.3729679347748904,0.4064886165245276
B000804,13263.695977014098,3.501503689813648,11.488161653140347,4.5186319034074,0.0,0.4511145153035362,0.013455611474613919,0.30006013588389036,1.4288565798180934,0.0,0.6813694768572595,0.0,1.0978432308788846,0.2934344022594111,2.707469770391016,0.5734526289016032,0.5734526289016032,0.0,0.0,0.0,0.42654737109839697,0.0,,0.0,,0.95,,0.43036906978972395,,0.1888484004682247
B000805,1299.9274475954937,1.6351288648999922,8.64080198619763,1.384341856562846,0.0,0.33642361960685846,0.4573100335870807,30.30992870928588,0.6059046634226543,0.49293362418268866,0.0,0.18764092578377484,0.11677133860931511,0.2318783129015586,1.799279480157028,0.8852439524420898,0.8852439524420898,0.0,0.11475604755790997,0.0,0.0,0.0,0.0,0.0,0.0,1.0,1.1846044006937582,,,0.19003346509277597
B000806,22126.447203060296,7.677462596481712,16.594923539865206,8.308763334125047,0.013296292554574965,0.7569876987648829,0.007935405296521116,0.02593868721083194,4.824077799677407,0.053575947198880876,0.0,1.5923596596637901,0.43576564632920317,0.771683543612431,1.5240780465351789,0.9360089936442767,0.9290306532713215,0.00697834037295508,0.030926392317861307,0.0,0.03306461403786199,0.0,0.0,0.0,0.0,1.0,,,,0.18481989412312194
B000807,8266.648469295005,5.134564266642861,10.067001319043012,6.690422949752649,0.0,0.1421843853841532,0.011383469611121345,0.25385137232800603,1.4053666186569562,0.7062724051558115,1.7117743446455544,0.8471352088765562,0.0,0.4640156893079819,2.3324794120779733,0.5580871394896711,0.4205345900466404,0.13755254944303083,0.16498677684882496,0.0,0.27692608366150384,0.0,,,,1.0,,,,0.18481989412312194
B000808,25954.298864673576,5.453729536598776,13.649970098220825,7.2906861506715135,0.0,0.5646948986774802,0.7305447195393983,5.117673842083412,2.3898101933552063,0.5130845003863056,1.253618644944006,0.5043820551925331,0.0,0.7928341427207248,1.6415507073467637,0.8026637672622755,0.8026637672622755,0.0,0.18656344227392377,0.0,0.010772790463800773,0.0,,,,1.0,0.5361029607361932,,,0.1888484004682247
B000809,7197.505567325042,2.1144258423399065,12.229285897258887,2.597423559724143,0.0,0.4005433059596166,0.3110129944113493,6.931332776903779,0.8441635640983484,0.30645881656125423,0.09178817250071032,0.4915207148650374,0.18843626274355932,0.1920583115709967,2.7442241777720793,0.6007599097615247,0.22336217111904935,0.3773977386424753,0.0,0.0,0.3992400902384753,0.0,0.0,0.0,0.0,0.6,,,,0.19003346509277597
B000810,7947.898470197767,7.761619599802507,23.671953645283885,4.003074469748352,0.10352682640217602,0.34343047044240427,0.02393898606758734,1.3489111126523878,5.50545790563328,1.1053401612793445,0.10336090610677302,0.3858906677226369,0.0,0.6615699590604704,2.8020403306670865,0.47477183864897515,0.28264301684483456,0.19212882180414068,0.0,0.0,0.5252281613510247,0.0,0.0,0.0,0.0,0.5,0.1328429455876458,,,0.18861606020795307
B000811,1242.9394246585339,1.2880201291798279,10.370465784281953,1.9912634602875312,0.0,0.3671877909225908,0.16682649256357465,6.10469818136819,0.3211342602219532,0.24100915314919893,0.030130685082718964,0.26896846294364984,0.205870601768824,0.22090696601348342,1.9086020495597658,0.7046425558271774,0.49581937298226264,0.2088231828449147,0.1832279492416174,0.0,0.11212949493120558,0.0,0.5,0.5,1.0,0.5,0.9603125669787642,,,0.4064886165245276
B000812,2277.4251978533453,4.1257702859662055,8.362530472005705,3.2578324988419043,0.0,0.24,0.010169663438712005,0.47187238355623695,1.25551400477926,0.0,0.0,0.0,2.186005606722918,0.684250674464028,2.89888983298491,0.5758326252613183,0.04599081265274707,0.5298418126085713,0.0,0.0,0.4241673747386817,0.0,1.0,1.0,1.0,1.0,0.23851569830606983,0.22156847869218527,0.5384612144018511,0.6052750777176602
B000813,2483.2576020885276,2.5894239854937724,14.543802311065498,4.519584439540379,0.2260479231034271,0.24,0.34828796414064567,7.760615643817465,0.4825767277680477,0.46795824363538174,0.0,0.8048474479302064,0.6518443171228193,0.18219724903731732,2.2854342935881813,0.5124449425115932,0.2607116146461992,0.2517333278653941,0.3108210368170864,0.0,0.17673402067132035,0.0,0.3,0.3,0.3,1.0,0.4516304757509447,0.21339811866510783,1.0091830699483166,0.32150759030508125
B000814,2602.6734794851845,2.7865883077999833,6.330550854958279,8.904001834176286,0.5931711788670722,0.22288824896201065,1.4389240401366272,32.08800609504679,1.8250081926625616,0.2551001975372337,0.058610304554043396,0.0,0.1901843858722176,0.457685227173927,2.0684407741292103,0.8652263122373445,0.6843977030907998,0.18082860914654472,0.0,0.0,0.13477368776265541,0.0,0.0,0.0,0.0,1.0,,,,0.18861606020795307
B000815,13013.016112293088,3.100551849486082,7.973085427242206,5.047995792708619,0.0,0.3447913316459966,0.015006467119939663,0.2699952316780242,0.4377219529393079,0.777271974473182,1.1569560513017219,0.1571381320398258,0.0,0.5714637387320441,2.411726929205903,0.8031904943468006,0.1286763241801655,0.6745141701666348,0.0,0.0,0.19680950565319946,0.0,0.0,0.0,0.0,1.0,0.6306183051989931,0.3983761497274905,,0.1888484004682247
B000816,5441.096089287344,3.5446880060503867,11.176602256638722,4.328674353641786,0.17660115098141246,0.3665032153262735,0.01630808800060434,0.3702153682407734,1.484220792065508,0.36615134892010903,1.1133232303447431,0.12896001229706566,0.11578617037667313,0.33624645204628784,2.4929930141288175,0.5399358822096433,0.5072711821911821,0.03266470001846117,0.0,0.0,0.4600641177903566,0.0,,0.0,,0.95,0.6973503527104278,,,0.1888484004682247
B000817,2533.75457762542,1.7522507452457954,10.324565514746396,2.76935207722947,0.0,0.4565387015691162,0.44910149797189003,29.84824734406444,0.5595120405111447,0.029413085516705285,0.028450968927163076,0.42329336303157333,0.4523823983884346,0.25919888887077447,2.7646759467717654,0.6639036235962683,0.1479234005601268,0.5159802230361418,0.016785888433210164,0.0,0.3193104879705214,0.0,0.0,0.0,0.0,1.0,0.31652219278371685,0.22703420524508033,0.7312585069850343,0.19003346509277597
B000818,1823.0060014001594,2.1173124290361898,11.183356361650116,2.4059398362075752,0.029049405853138043,0.3499344142359192,0.5554973485663909,12.414568796992818,0.6922099930828043,0.4419005521057628,0.061667335500335436,0.14767637795988928,0.6136614701092711,0.16019670027812669,2.7137556413455473,0.6405289859752528,0.14199036326687398,0.49853862270837873,0.02912528857557724,0.0,0.33034572544917,0.0,0.0,0.0,0.0,1.0,,,,0.19003346509277597
B000819,3339.978189104276,1.4328520759778105,6.063418188265931,1.561000500244361,0.0,0.39186685703902424,0.335584026967516,12.130886846949057,0.4524460046087456,0.6133141155315297,0.0,0.12302158668187085,0.0,0.24407036915566413,2.1306858513848734,0.7904958745019256,0.7904958745019256,0.0,0.0,0.0,0.20950412549807426,0.0,0.5,0.5,1.0,0.5,1.1077885848918654,0.3151782652289914,0.4512955883074701,0.4064886165245276
B000820,4163.148998504024,1.3993778146232014,8.410565127323759,0.9118027155573964,0.040894475512741814,0.06570050005378215,0.4785585316183883,31.84099428407469,0.5968478195007743,0.5050822973990655,0.0,0.09985960608499712,0.0,0.1975880916383644,2.974750381941998,0.21255710546151024,0.14119710172164426,0.07136000373986597,0.3609334749494115,0.0,0.4265094195890781,0.0,0.0,0.0,0.0,1.0,,,,0.19003346509277597
B000821,3910.4132267944824,7.607807834230511,23.4445338583193,5.441052660114438,0.0,0.3357815608332269,0.026483616423376082,1.0434597324985317,5.414808908232777,0.18243580069709617,0.08539949232577762,0.8867232788045811,0.4683005916274164,0.5701397625428619,3.132427505018505,0.277031107987381,0.26031724994921135,0.01671385803816968,0.01122524309059593,0.0,0.711743648922023,0.0,0.0,0.0,0.0,0.5,0.18624643768954538,0.17195978644653268,,0.18861606020795307
B000822,25865.303742208762,5.677195729194197,8.994906197443326,4.738874550579348,0.0,0.30500590637467806,1.4528927980877404,96.74762144179473,2.032486466194994,0.6813814112588469,1.5261464672460927,0.0,0.6198422132861892,0.8173391712080749,2.7634959515286805,0.5927823165004469,0.2147807849526035,0.3780015315478434,0.0,0.0,0.4072176834995533,0.0,0.2,0.2,0.2,0.98,,,,0.27509512128729385
B000823,517664.71983610076,372.9572909481994,719.9331417809216,1543.9109198580582,0.49200724828472814,0.45299055155488216,0.07445672221022,3.4547919105542078,8.21051726943235,363.83622204126164,0.08752534555897161,0.0,0.0,0.8230262919463964,1.343459547862957,0.9995640650510803,0.9995640650510803,0.0,0.00023467927208621893,0.0,0.0002012556768334343,0.0,0.0,0.0,0.0,1.0,0.1204866564415439,0.3196050650532116,0.8162449768165388,0.18861606020795307
B000824,4804.3777179823355,3.297445242266531,8.409813995549985,2.968949398336559,0.0,0.4090604746945477,1.0883931164285996,72.33189089755878,1.3572769481682743,0.22039042931018732,0.08751082051103305,0.13604425357722005,1.0298094354861567,0.46641335521365923,2.737113628659562,0.5618463196416209,0.20828360565944237,0.3535627139821785,0.026538976110754654,0.0,0.4116147042476244,0.0,0.0,0.0,0.0,1.0,0.7227606286090454,,,0.18861606020795307
B000825,20486.532415814014,10.85091759312183,14.43873515330455,14.519677389882773,0.048719591022923774,0.16100079203686263,0.02258422958906042,0.6174800893787478,4.496878111718711,0.0,0.0,3.0960360409019794,2.3020315226943633,0.9559719178067719,2.779966403425881,0.5843730026553956,0.08689732677172064,0.49747567588367503,0.0,0.0,0.415626997344604,0.0,0.5,0.5,0.5,0.5,0.2282473688245597,0.32389935877215764,,0.4014480571426785
B000826,3607.36469669013,7.876342132511201,19.05503268308129,6.114896471731778,0.0,0.453,0.019886250928286043,0.40994467484132563,1.91895827771133,0.811300336071882,0.0,0.2942178017910707,1.7317938250205922,3.120071891916328,2.314035815229696,0.7748297786828754,0.7374751543101443,0.03735462437273097,0.0,0.0,0.2251702213171248,0.0,0.0,0.0,0.0,0.95,0.4449589527257249,,,0.1888484004682247
B000827,14083.033637502915,7.4513405489433415,10.662995414667348,9.429240819675064,0.022128161829639337,0.30202325914362416,1.3924891790219873,31.253964991121297,2.3944318339224173,0.908750361059406,1.9420795542003746,0.8578115545575841,0.0,1.3482672452035602,2.4927635745116765,0.6292760387490687,0.39219629396844635,0.23707974478062238,0.0,0.0,0.37072396125093143,0.0,0.28,0.28,0.28,0.7,0.6096884863217059,0.3678537959889385,,0.30976336009743166
B000828,18460.258013564726,6.0288236491067035,13.788981059574727,3.2874693131144768,0.0,0.021,0.020177511042193747,0.28488349087818593,2.856018602783849,0.0,2.2880786419276755,0.0,0.0,0.8847264043951788,2.9805695717094713,0.5145728212178964,0.5145728212178964,0.0,0.0,0.0,0.4854271787821037,0.0,0.0,0.0,0.0,1.0,0.13588959878054532,,,0.1888484004682247
B000829,9146.972028735157,9.920793957413403,32.42842366085634,4.321395753936235,0.4062905204034507,0.12514180057815238,0.04326873242847048,2.751016187258084,8.219661142800724,0.0,0.01647634982295518,0.8653171858932817,0.47781526240587985,0.3415240164905588,3.4280490709747933,0.1703889455918914,0.03500336515702176,0.1353855804348697,0.0,0.0,0.8296110544081083,0.0,0.0,0.0,0.0,1.0,,,,0.18861606020795307
B000830,22892.362446885614,8.51967340784727,13.850341475830875,18.166543241575948,0.16296911822830148,0.1881254743781924,0.018705087603874182,1.0864485892797004,1.6239762941148064,1.4428884306338847,0.5645948185713019,0.5733916024728001,3.604533836025408,0.71028842602907,2.62407742217504,0.7985093178077548,0.07249455273399508,0.7260147650737598,0.0,0.0,0.20149068219224522,0.0,1.0,1.0,1.0,1.0,,,,0.6052750777176602
B000831,5648.050178783472,1.6563197005230124,4.2051363203433265,4.094439216401612,0.0,0.0,0.01615428959841194,0.3715854231308696,0.4841035112752872,0.0,0.0,0.8269129441444695,0.0,0.3453032451032559,2.5566197557565604,0.707723387506396,0.2084762048016577,0.49924718270473817,0.0,0.0,0.2922766124936043,0.0,,,,1.0,0.943489569396076,,,0.1888484004682247
B000832,5761.946519619958,3.328680831669531,10.406340768967796,4.3890226714770275,0.42057914174119176,0.32275355894201685,0.014028906814422565,0.33391175999141715,1.490868571634398,0.5595356355509924,0.9953377141976449,0.0,0.0,0.28293891028649504,2.8184507377362307,0.5521142918089146,0.0850003123142883,0.4671139794946264,0.0,0.0,0.4478857081910851,0.0,0.0,0.0,0.0,0.95,1.0356164004319015,,,0.1888484004682247
B000833,16219.3837306544,6.223861753896546,9.46337004276774,7.872009812346298,0.0,0.23665644630522478,0.018926126200244326,0.8335282549420974,0.6934868249918502,0.5945118437694292,0.8988360483994586,0.0,2.66410812076831,1.3729189159674977,1.5167815984326343,1.0,1.0,0.0,0.0,0.0,0.0,0.0,1.0,1.0,1.0,1.0,0.19030166926683043,,,0.6052750777176602
B000834,3178.323550249789,5.201838871112584,22.742040924880104,6.363888638954314,0.0,0.3894355309239098,0.4082778158243444,14.276007246571826,1.0413765932131427,0.755218026826746,0.0,1.7480440140859081,0.0,1.6572002369867898,2.1550922839943714,0.8998040619821596,0.5637605863194789,0.33604347566268067,0.0,0.0,0.10019593801784074,0.0,0.0,0.0,0.0,0.6,1.2193131585201573,,,0.19003346509277597
B000835,20819.594061884236,5.1777155090485545,17.152500780110827,5.13533762707642,0.0,0.28617587789130833,0.010306867957899745,0.2647513780911231,1.843209452068683,0.11779275332251052,0.9073714599917989,0.13922414053331195,1.5932050022779847,0.5769127008542646,2.9608633254187016,0.5252378950070632,0.21753365758928572,0.3077042374177774,0.04963905286156817,0.0,0.42512305213136864,0.0,0.0,0.0,0.0,1.0,0.11401311260280078,0.2608979188914218,,0.1888484004682247
B000836,10459.279217146574,4.385442019767956,8.425926572748615,6.5423514237439955,0.0,0.5504228209533906,1.1497046729564564,76.10216487965579,1.5691481776791374,0.0,0.7608435883351953,1.1910734968929955,0.1322648436982111,0.732111913162417,2.6557415431941513,0.6375201887116035,0.3357630717263406,0.30175711698526286,0.0,0.0,0.3624798112883967,0.0,0.2,0.2,0.2,0.98,0.28306565751082013,,,0.27509512128729385
B000837,11657.435629341939,14.233743137169645,30.971578396576696,3.9209170703560856,0.11401382089549239,0.4152222501399948,0.07541825994484205,3.3476998167888117,11.859396272510942,0.4751451721017441,0.08544042738466551,0.16523842045140255,0.9950931902466834,0.6534296544742024,2.084167487572827,0.8296004105741233,0.7480806304631541,0.08151978011096918,0.006002667503641294,0.0,0.1643969219222356,0.0,0.0,0.0,0.0,0.5,0.13156314180086018,,,0.18861606020795307
B000838,2292.383511523137,2.2452336058013094,11.520799999523144,3.53130408594846,0.0,0.06812069788858346,0.5741813217615067,20.740650031864718,0.3149775070174411,0.0,0.08833016836526879,0.5588717563086838,1.000112509936068,0.28294166417384803,2.4178501240055783,0.8448778254275818,0.15052501411360705,0.6943528113139747,0.0,0.0,0.15512217457241828,0.0,0.0,0.0,1.0,1.0,0.6117792752199227,0.3197352411075413,0.43059500416415036,0.19003346509277597
B000839,15337.155783161552,4.839746223780862,7.969747561066947,7.466681248332973,0.22112435189848728,0.3911969125906003,1.3714552053137918,49.56043972496677,1.922503616649477,1.0694443453477116,0.5534590580256874,0.0404843534314917,0.14131789558194452,1.112536954744549,2.677517672736992,0.6022837113783512,0.3813125496895781,0.22097116168877343,0.029199443327742387,0.0,0.368516845293906,0.0,0.2,0.2,0.2,0.98,,,,0.27509512128729385
B000840,2225.887440215751,3.3776744161088788,13.307362998164903,2.8447950070861197,0.0,0.35255681894725177,0.009047768629640197,0.1646156163880869,1.5140238636022576,0.582722997781627,0.6975272277997752,0.3174258962540881,0.0,0.2659744306711304,2.9507393479627115,0.3115789352210051,0.13905697898908062,0.17252195623192443,0.20651109072950105,0.0,0.48190997404949376,0.0,0.0,0.0,0.0,1.0,0.1979298912599935,0.26653800060212257,0.4512638160782048,0.1888484004682247
B000841,11610.984832620445,9.932407897878909,13.347461612114897,12.060429841819376,0.022841462265818374,0.3931901633156319,0.01264882055680057,0.5207755408692943,4.247738246686759,1.337906352881668,0.0,1.7198695376078474,1.7757472781982313,0.8511464825044017,2.778487945055995,0.5413786183263398,0.23352014916877417,0.3078584691575656,0.0,0.0,0.4586213816736601,0.0,0.5,0.5,0.5,0.5,,,,0.4014480571426785
B000842,2142.3068334912364,4.408038752039581,8.190662849973528,4.241116795821544,0.0,0.155757997170203,1.8076696313119713,120.36785937017895,1.215504992264917,0.0,1.528345583391836,0.30461684292590513,0.5186519272295309,0.8409194062273918,2.13307726839785,0.8615579776867482,0.39717968480667093,0.46437829288007726,0.06910484686300913,0.0,0.06933717545024257,0.0,0.0,0.0,0.0,0.98,,,,0.18690117976449694
B000843,5421.869581088924,7.8012511958114015,13.380779272718033,7.726093876364976,0.0694494352595357,0.38553688599318703,0.01675895055596747,0.3896474041003283,4.671534995673114,0.8920715041292271,0.06420065928306175,1.1970782011019614,0.13833981780213203,0.8380260178219049,1.7096520997048834,0.8679171717371951,0.8679171717371951,0.0,0.13208282826280496,0.0,0.0,0.0,0.0,0.0,0.0,0.92,0.43167952995799613,,,0.18861606020795307
B000844,4701.226028864081,1.0400942541734692,4.677200092120102,0.5208684047857067,0.0,0.809,0.4398923786233724,9.817209942857179,0.6059037187718446,0.0,0.0,0.0,0.06667115581257048,0.3675193795890547,3.1369509266264957,0.3652362694440293,0.30113519827182866,0.06410107117220062,0.0,0.0,0.6347637305559711,0.0,0.3,0.3,0.3,1.0,0.8410359322200867,,,0.32150759030508125
B000845,8239.142461537676,2.9873612985995925,12.927059096029874,4.755366549701243,0.0,0.3895089742277936,0.37958554120690685,24.96285617554837,1.0529068493767897,0.7286208199815855,0.06420814569206934,0.6710217450811894,0.24753923687904256,0.22306450158891586,2.308740694176533,0.7605947748314497,0.5491823435916745,0.21141243123977516,0.08286216903026873,0.0,0.15654305613828137,0.0,0.0,0.0,0.0,0.6,0.8179709851174789,0.3032146861694064,,0.19003346509277597
B000846,8078.771853858386,8.363117861137045,13.053446613777455,6.822220244358339,0.0,0.3390378093457091,0.0205092218961329,0.5100707710979416,3.912954979971134,0.7948391008113537,0.0,0.9507789933703817,2.0591392262134836,0.6454055607706916,2.849639241429094,0.4184305358240825,0.3233895338904702,0.09504100193361233,0.11368714505251686,0.0,0.46788231912340056,0.0,,,,1.0,,,,0.18481989412312194
B000847,7824.342308121865,8.091357092163253,14.55186531227557,12.366237272667457,0.011883385485589188,0.1549234959713438,3.12841061374312,113.27795332977685,1.1926594060872915,1.2846588200410434,1.5987651879893197,1.2741273943250782,2.102243621935319,0.6389026617852019,2.0014842473112266,0.9786480041715196,0.20500831023765806,0.7736396939338617,0.0,0.0,0.021351995828480328,0.0,0.0,0.0,0.98,0.98,0.4661715666035696,0.4209001471655087,0.5793616026985211,0.18690117976449694
B000848,3738.152620568601,5.457157110319126,9.368734152830951,5.017478432837848,0.0,0.3445439685535419,1.3536622153832272,90.12182213152704,1.8936704319734614,1.1632130249688144,0.8483003263552462,0.0,0.7983936451541885,0.7535796818674152,2.6223436831682205,0.47478857756737575,0.47478857756737575,0.0,0.14630211830340722,0.0,0.3789093041292172,0.0,0.2,0.2,0.2,0.98,0.3270241717316521,,,0.27509512128729385
B000849,2205.666695374016,3.2628205552870058,14.746132645842568,4.941557048424349,0.0,0.13444746136768482,0.30794399488937535,20.509070059632396,0.41895841620942925,0.666663931509676,0.104937540192374,0.6508685094406901,1.0471733755845212,0.37421878235031597,2.3036480576785285,0.6986669555981567,0.3777258073368147,0.32094114826134196,0.19948032642678937,0.0,0.1018527179750541,0.0,0.5,0.5,1.0,0.5,,0.3215330038649429,,0.4064886165245276
B000850,11588.30747637121,4.016744359227456,5.905189798059732,4.11468572317264,0.13826876223443477,0.4135062959424771,1.983803566550612,71.80765586181103,1.2148782469012105,0.5803200612886561,0.0,0.3125744673787075,0.29342988050605956,1.6155417031528219,2.7192409300878313,0.5441817483697778,0.5441817483697778,0.0,0.07305166927837428,0.0,0.38276658235184785,0.0,0.0,0.0,0.9800000000000001,0.98,0.44186949214449744,0.40338676980765137,0.6059286687803042,0.18690117976449694
B000851,10503.851142782545,3.7011455753285922,12.070969354002091,6.172653976088667,0.0,0.6166970057183775,0.013124583549378132,0.2926782131511324,1.342110208217614,0.5028522223920969,0.6716539040587077,0.0,0.5798260290568604,0.6047032116033136,2.7265398440106967,0.5009301078144449,0.34426887489188335,0.15666123292256148,0.13586394054426057,0.0,0.36320595164129466,0.0,0.0,0.0,0.0,0.95,0.4086090032156204,0.3815657866009811,,0.1888484004682247
B000852,2905.5919090034017,2.100934135215764,7.3242481375367765,1.2963278540029364,0.0,0.7382658443819943,0.011830724625508675,0.4236122700271164,1.2961650534797375,0.13296110017727505,0.0,0.1195121361147405,0.0,0.5522958454440111,3.0077726684833532,0.445055783948781,0.3248838889521362,0.12017189499664478,0.0,0.0,0.554944216051219,0.0,0.0,0.0,0.0,0.95,0.4831283612707194,0.36906416240331147,,0.1888484004682247
B000853,7866.515777277458,5.941477173170286,18.41312888789187,0.36126512590179677,0.06415215090225207,0.365,0.021843239195077312,0.9212249857150939,5.332436331528819,0.0,0.07525305224904481,0.0,0.10325804061438527,0.43052974877803796,3.56723468944066,0.061539592951552494,0.04887387867617628,0.012665714275376216,0.017379186623936532,0.0,0.9210812204245111,0.0,0.0,0.0,0.0,0.5,0.16757657150048316,,,0.18861606020795307
B000854,1278.7357086909042,1.0108582677398452,7.2163336177598305,1.1626467115889045,0.0,0.4205089868702111,0.2865427320350592,10.365249300031905,0.3942603272969828,0.2383765862741515,0.03384381794658665,0.0,0.17955726673776395,0.16482026948436038,2.9196014980095573,0.3139195097722632,0.3139195097722632,0.0,0.269296312755486,0.0,0.41678417747225094,0.0,0.3,0.3,0.3,1.0,1.0088987441820905,0.3834874841084338,,0.32150759030508125
B000855,14329.949397314187,5.998304477737207,9.495196647866651,5.647142828455653,0.0,0.39327907699883374,1.873384890898381,124.34374285363603,2.441370900910062,0.252665490901118,1.4501431818226302,0.0,0.8393376427644432,1.014787261338952,2.8074115742737296,0.577866918086981,0.577866918086981,0.0,0.0,0.0,0.4221330819130189,0.0,0.0,0.0,0.0,0.98,0.18001273112318883,,,0.18690117976449694
B000856,11715.83654835923,3.239999045453327,6.997031450741295,3.383724834577068,0.2577402041528418,0.2914020247230777,1.5558600201855555,103.60847778122587,1.0731852971440017,0.0,0.6419666558374404,0.0,0.8094016880761277,0.7154454043957572,2.237054210901351,0.967843484138787,0.5198901595999215,0.4479533245388653,0.0,0.0,0.03215651586121308,0.0,0.0,0.0,0.0,0.98,0.42150617694277515,0.37796779317207513,,0.18690117976449694
B000857,1749.4485746456955,3.5059089672258428,6.2152408258583005,3.9243105999487313,0.45470098527638136,0.33058892964593756,1.11648688990783,74.28521175915975,1.9263256270296871,0.3987581602834387,0.4760596601263013,0.0,0.0,0.7047655197864158,3.0585851942710103,0.4505488747604444,0.33680999448399285,0.11373888027645174,0.0,0.0,0.5494511252395554,0.0,0.28,0.28,0.28,0.7,0.35192036906552615,0.323838478167139,,0.30976336009743166
B000858,26770.870659755234,6.127459523862494,9.856039503656335,6.29773379102541,0.0,0.20200282468871333,2.193092451025164,79.38464564124799,1.543505529121675,1.3153307987961187,1.7501402970262567,0.0,0.8669370880887038,0.6515458108297393,1.7592927962318552,0.9822615998651062,0.48197741457031196,0.5002841852947942,0.0,0.0,0.017738400134893837,0.0,0.0,0.0,0.98,0.98,0.2896089639375719,0.48147184588958575,,0.18690117976449694
B000859,7642.956451110741,7.920162125503358,17.648378788375194,10.360103859455675,0.0,0.33517029736892584,0.019988634502933807,0.44574654941542396,2.124215903955847,2.04095318246272,1.4148469250811244,0.5665160806532529,1.4500765331247696,0.32355350022564366,2.377234281834049,0.7317964114502461,0.48162943578262946,0.25016697566761664,0.0,0.0,0.2682035885497539,0.0,0.0,0.0,0.0,0.95,,0.4341145281070616,,0.1888484004682247
B000860,3150.214881240751,9.633684652112388,14.62046179434649,16.096438298334807,0.0,0.3951879505511839,1.769931109973935,117.64441096305666,2.3042682773780467,0.7822160253071638,1.0113504390290549,3.8277196445407284,0.6324871112790119,1.07564315457838,2.2786570676501174,0.7608113239545591,0.29783096733246966,0.46298035662208914,0.0,0.0,0.23918867604544097,0.0,0.0,0.0,0.0,0.98,,,,0.18690117976449694
B000861,17765.680583104422,6.275408189016044,16.224131108846297,12.249448432424963,0.0,0.2220412496672481,0.022074165719275205,0.5609154314718803,1.7672785210810902,1.1593401746477605,1.5496936994909496,0.464440996338113,0.9119631919885172,0.4226916054696135,2.4250742803174394,0.5601707157419872,0.23921395322342504,0.32095676251856214,0.1453233263112258,0.0,0.2945059579467869,0.0,0.0,0.0,0.0,1.0,0.5050152316514631,,,0.1888484004682247
B000862,6139.361031402124,4.109344733200887,13.918443388128692,10.63304368106302,0.29323552592262814,0.4345618963272905,0.01784965236053282,0.40201393782840505,1.6945551131211867,0.5150722350952779,0.41968914905326227,0.017125806923495558,1.0520567589595138,0.41084567004814954,1.4895403269130427,0.9678839077836685,0.8425422125654936,0.12534169521817493,0.0,0.0,0.03211609221633137,0.0,0.0,0.0,0.0,0.95,,,,0.1888484004682247
B000863,41204.22001328594,16.797480641372175,26.67091692438697,14.488507445219243,0.05949947827754531,0.30273928199081357,0.012083323691213345,0.45100965652797176,6.1741504578721695,1.0455610311037475,1.7463425464596578,1.9609896467311796,1.9736257156254657,3.8968112435799536,2.798430447506684,0.4095887718147201,0.4095887718147201,0.0,0.22070763302799604,0.0,0.36970359515728374,0.0,0.0,0.0,0.0,1.0,0.11805205106231602,,,0.18481989412312194
B000864,17015.645559009918,6.497000977094279,10.70997068500454,8.466390142021366,0.6978836287861371,0.2677830462533745,0.010442481639573032,0.4205744086120261,3.48363053287842,0.0,0.30275545119782765,1.901364843245043,0.0,0.8092501497729878,2.1544716393794703,0.57709840495177,0.5304991428822063,0.046599262069563684,0.29265269467381394,0.0,0.13024890037441586,0.0,0.5,0.5,0.5,0.5,0.2547977563744707,0.2107717087563437,0.3762856138121333,0.4014480571426785
B000865,17540.6090848583,5.015901940193967,7.771707369162445,5.61450489650175,0.0,0.4685633727013688,1.7758483031770775,117.43545990021477,2.2906321818828377,0.7051643284915824,0.0,0.09766022735766013,0.5826264628101615,1.3398187396517254,2.738551093362002,0.5618459379781375,0.5423758150526715,0.01947012292546604,0.0,0.0,0.43815406202186263,0.0,0.0,0.0,0.0,0.98,0.40764416590705005,0.3271879226189332,,0.18690117976449694
B000866,4071.3569119027593,2.31064523944538,7.59343375293403,5.51812017081072,0.206021789457442,0.3697237872766468,0.8541380153894311,56.8855918249361,1.0676725192367889,0.2903140502291303,0.05208825409710907,0.2647647844860125,0.29296555240617506,0.3428400789901643,2.9266420558460924,0.4924843455205493,0.2285673319613105,0.2639170135592387,0.0,0.0,0.5075156544794508,0.0,0.0,0.0,0.0,1.0,0.8142615043954323,,,0.18861606020795307
B000867,29621.06486577993,35.26317245926182,64.23931179152926,9.178491754201634,0.2582559702918824,0.021,0.07729326983244342,5.147731770840732,32.35729743854372,0.0,0.0,2.0460933713255116,0.2085265689730384,0.6512550804195495,1.7184725527680171,0.997913195743992,0.9398896763431416,0.0580235194008504,0.0,0.0,0.002086804256008084,0.0,0.0,0.0,0.0,1.0,,,,0.18861606020795307
B000868,22637.639737957034,5.246266451438478,11.539614392938683,8.309344027070267,0.0,0.3609425857340662,1.2423651433347027,81.37228044300592,1.5245772610560155,1.2955939890999026,0.08225788853028725,1.6409793619742803,0.25577962299757906,0.44707832778041356,2.5090176475835193,0.6937183491422318,0.08521837995053201,0.6084999691916998,0.015679319625051237,0.0,0.290602331232717,0.0,0.0,0.0,0.0,1.0,0.41708229041882433,0.2924681694333459,,0.18861606020795307
B000869,11223.70998103971,8.198473324353332,15.295691743516434,9.981311610126669,0.0,0.33012014856532323,0.014595688678895215,0.362213693685484,3.2953049920757698,0.9576310882163508,0.0,1.356062398395865,1.9469594720307024,0.6425153736346413,2.653050371099455,0.5597375056777898,0.2775272215094613,0.28221028416832866,0.0,0.0,0.4402624943222099,0.0,0.5,0.5,0.5,0.5,,,,0.4014480571426785
B000870,7497.949338979109,4.236129570044694,6.918290783206271,2.1792978309304543,0.0,0.15192259860020005,1.3925173721235304,31.083356773558123,1.9480258395578978,0.8741975976489019,0.0,0.0,0.6100229923191971,0.8038831405186975,2.788114320083864,0.39613536612146033,0.39613536612146033,0.0,0.14400480019140702,0.0,0.4598598336871327,0.0,0.19999999999999998,0.19999999999999998,0.19999999999999998,0.98,,,,0.27509512128729385
B000871,4053.2820280739643,5.209874072074504,12.391313042910333,3.345949484677605,0.0,0.11938388119761953,0.014561386013575336,0.37253844758431454,2.6244397681818623,0.41905747104026786,1.595843770137964,0.13199146641296133,0.0,0.4385415963014488,1.8295449277515086,0.970064167863108,0.6637527775951817,0.3063113902679263,0.025334866944375884,0.0,0.004600965192516003,0.0,0.0,0.0,0.0,1.0,0.15857549783262073,0.28208890237235085,0.24080916299456115,0.1888484004682247
B000872,2330.7298303320695,5.945739363092014,11.058071197053488,8.797610859027397,0.0,0.24000000000000002,0.0192246797881937,0.39128247502563435,3.2988838026882505,0.0,0.0,1.7681328702239785,0.24356574972578868,0.6351569404539963,2.6040247185809555,0.6100799840043464,0.3127018511518358,0.2973781328525106,0.0,0.0,0.3899200159956537,0.0,0.0,0.0,0.0,0.5,0.646673185512392,,,0.18861606020795307
B000873,2703.8575784814266,6.230086586362734,17.6044607577073,6.641670997947488,0.0,0.2930293434271763,0.009348216520503981,0.20846522840723877,2.2116641372517827,0.838905684469269,1.6315435668911609,0.0,1.185008101127529,0.36296509662299076,1.853304876042567,0.8097926754787906,0.6751387388375919,0.13465393664119862,0.19020732452120923,0.0,0.0,0.0,0.0,0.0,0.0,1.0,0.1219133623173602,0.24241875259178527,0.5493535332433876,0.1888484004682247
B000874,4594.60910804858,3.405937070458547,10.953080426134074,5.07757301927174,0.0,0.15122940273642493,0.010953799292279066,0.2150251399016439,0.3646269325555768,1.3559737805150258,1.2656654934077347,0.08830441076297343,0.0,0.3313664532172367,1.9661986537384084,0.8773774760141825,0.47984520334996045,0.39753227266422186,0.0,0.0,0.12262252398581777,0.0,0.0,0.0,0.0,1.0,0.7476915311570622,,,0.1888484004682247
B000875,4465.749057458,2.57243609300576,10.439507319406124,4.938545115251007,0.12778656106406258,0.300325715608823,0.7067345684330875,25.534696198471813,0.3871341086647519,0.7989943623931033,0.09094425006169744,0.5381466100048109,0.25437767174255643,0.5028390901388405,2.1395814860406777,0.7629846310886752,0.3535003927825457,0.4094842383061296,0.03535335641921963,0.0,0.20166201249210522,0.0,0.0,0.0,1.0,1.0,0.34149198698736233,,,0.19003346509277597
B000876,27116.07745804054,5.76815091640939,11.062216597269886,2.592008922185876,0.0,0.3519185155782069,0.018440582456364322,0.45479604633533843,3.62126233323886,0.293420099901301,0.0,0.8641790552128845,0.14305753738128948,0.846231890675054,2.093377816522007,0.677306395912664,0.677306395912664,0.0,0.14981907854637522,0.0,0.17287452554096092,0.0,0.0,0.0,0.0,0.5,,0.15876400363481152,,0.18861606020795307
B000877,7091.527057652902,3.9007299547045666,6.970808678691275,5.551202101921821,0.09328207498840897,0.6103233666561249,1.635105514806462,108.82231902112902,1.557475904421414,0.40049965557690215,0.0,0.2092972038597863,0.8219310601097514,0.911526130736713,1.8292972429351695,0.8731966104877246,0.8195407034420807,0.053655907045643735,0.102673002291243,0.0,0.02413038722103241,0.0,0.0,0.0,0.98,0.98,0.2602262215960012,,,0.18690117976449694
B000878,2415.2916030598285,0.9754812613327256,6.44972426878102,0.8016966089091132,0.0,0.021,0.45676978312962563,16.551841647582098,0.25030072831536326,0.5579808398007428,0.0,0.0,0.0,0.16719969321661957,2.8778059939068488,0.16264123104972233,0.16264123104972233,0.0,0.5720056980268552,0.0,0.2653530709234226,0.0,0.0,0.0,1.0,1.0,0.533950911010259,,,0.19003346509277597
B000879,12374.122359128201,2.6367190196309824,10.971013477547368,4.262415006656035,0.10698724547352112,0.4460422090329019,0.3980792946914249,26.327127352366993,1.0729274777201387,0.3624109127460431,0.0,0.769130543430537,0.12307030694030642,0.3091797787939569,2.05906226738351,0.8132365219840058,0.6534182844099696,0.1598182375740361,0.0,0.0,0.18676347801599424,0.0,0.0,0.0,0.0,0.6,0.7450558437474434,0.3037287451156969,0.22262242701165622,0.19003346509277597
B000880,2547.791963119875,4.798101625461158,16.67201711765325,4.439032301387077,0.04219972529483325,0.20244889863170742,0.00921044450799605,0.186055045622499,1.8174443610502802,0.6043753097555442,1.232124439000505,0.0,0.8346118509728212,0.3095456646820082,2.896360819882593,0.44726968725507055,0.06451419516406282,0.3827554920910076,0.17394626377731304,0.0,0.3787840489676166,0.0,0.0,0.0,0.0,1.0,0.13219275229150196,0.4538273271922878,,0.1888484004682247
B000881,34703.62550977963,7.105574428701808,18.5102506423345,3.3101352817805414,0.014573297689296138,0.33374110463971635,0.0525893491843146,2.3813213713015617,5.070163353773821,0.25554329481460264,0.6694592559749527,0.3896711642308694,0.14517769236695482,0.5755596675406065,1.7756110889061703,0.9233699171752555,0.9029383962864539,0.020431520888801506,0.0548402058328819,0.0,0.02178987699186238,0.0,0.0,0.0,0.0,0.5,0.08083299130061923,0.15348301270912132,,0.18861606020795307
B000882,9863.393934384601,7.268529059973914,11.570675187136288,11.79876692522211,0.24816677707736765,0.3248228629466289,1.2901160486494125,85.81592772314589,2.3493211570291805,1.6186193998324674,0.27841606020848575,2.2069646570849772,0.0,0.8152077858188038,2.205310812619804,0.7790989793686136,0.43716174601835117,0.3419372333502623,0.0,0.0,0.22090102063138653,0.0,0.28,0.28,0.28,0.7,,0.4231297904781352,,0.30976336009743166
B000883,3419.023461938073,1.5814169574181651,7.250356231099448,2.2470217166126973,0.0,0.44720373057153673,0.6261935002040357,41.6369920369625,0.3437909004538802,0.7147317315466991,0.06713234759092321,0.21365507720805207,0.0,0.24210690061861093,2.4494098670876823,0.6429292276553554,0.19097269070663317,0.4519565369487224,0.1351035703808736,0.0,0.2219672019637711,0.0,0.0,0.0,1.0,1.0,0.8987217775832372,0.3018036058091723,,0.19003346509277597
B000884,514.9375150151051,1.154568419316379,8.48527478190106,2.102622923491752,0.5191001857996036,0.7211689394919948,0.38534102403016324,8.59352498528821,0.48148871333432464,0.03629077588524037,0.03379123436386192,0.2888594565739892,0.0,0.31413823915896305,2.8413680776273473,0.5515384965005862,0.27208282671109657,0.2794556697894897,0.03143233027864054,0.0,0.41702917322077326,0.0,0.0,0.0,0.0,1.0,0.6718176422609109,,,0.19003346509277597
B000885,69027.65659521392,19.153067867706415,34.46760225262881,9.521657386772398,0.0,0.4204072908637415,0.0802796924955925,5.201969365320194,15.358790764726853,0.0,0.0,2.4766242897539708,0.1790815143523746,1.1385712988732153,3.445631857171416,0.198102838103394,0.05944589695695363,0.1386569411464403,0.0,0.0,0.801897161896606,0.0,0.0,0.0,0.0,1.0,0.15490647555338263,0.41570431932579016,,0.18861606020795307
B000886,9886.819549565342,19.424006973605778,33.438309289441875,3.384662238932211,0.0,0.38366024875348703,0.09065288809199486,4.146812508888899,16.73101294593632,1.0592301338256933,0.0,0.7393337506919614,0.0,0.8944301431518129,3.431378599775778,0.1342858837592121,0.07975387420706234,0.05453200955214973,0.0,0.0,0.8657141162407883,0.0,0.0,0.0,0.0,1.0,0.21510510072563543,,,0.18861606020795307
B000887,7102.973189559213,2.0672215336319013,8.446702176038515,2.414823902316231,0.0,0.3097089226689932,0.34616393562962894,12.569299868167956,0.38703210621228196,1.0773038502557521,0.06414336098989544,0.12036602855277484,0.13781801034343963,0.28055817727775734,2.335272653817158,0.8901493071804961,0.33798438790344154,0.5521649192770546,0.0,0.0,0.1098506928195039,0.0,0.5,0.5,1.0,1.0,0.810715372598912,0.4349901355750324,0.43970198319351705,0.4064886165245276
B000888,12396.05698580429,12.285487597427444,25.584999563189697,0.6473156755427066,0.0,0.290060357925245,3.5072403207917207,133.35125501558088,11.285111369554006,0.0,0.0,0.2603995598254574,0.13687810502061537,0.6030985630273624,2.050832638402254,0.8226047457975008,0.8226047457975008,0.0,0.0,0.0,0.1773952542024993,0.0,0.0,0.0,0.0,0.5,,0.18062386662201893,0.3272167419591192,0.18861606020795307
B000889,42044.22798920464,9.332792006482718,14.033003445459359,12.585867233534055,0.07479033917805268,0.4138805573590938,0.023147398088761536,1.0740392713185352,3.0882890342375977,0.28554280520103037,1.3714978874003256,1.571634708458296,1.981078924536359,1.0347486466491107,2.1511206375386696,0.8380430912393836,0.6696438911536418,0.1683992000857419,0.14695472549347074,0.0,0.01500218326714572,0.0,1.0,1.0,1.0,1.0,0.23971666524858756,,,0.6052750777176602
B000890,16263.875922038274,13.678617259914445,29.662633819110994,3.5021651250875316,0.13021170333499943,0.3912191643881867,0.0170314876146755,0.8269870804505929,8.475395927943193,0.7840791390978809,0.053296374707364834,0.29018491846573646,0.2301026413751316,3.8455582583251413,1.841094351153633,0.9911241471599699,0.9086918068988437,0.08243234026112627,0.0,0.0,0.008875852840030177,0.0,0.0,0.0,0.0,0.5,0.2435720945207157,,,0.18861606020795307
B000891,10718.956204163313,4.277316921054793,14.628649407332817,6.574966826302406,0.01576089761458932,0.447643491531788,0.016368308578369545,0.35271144122585407,1.3473232682506138,1.561946824701216,0.5606026199175823,0.2888826523005907,0.0,0.5185615558847914,2.6082745129277507,0.35392254607222134,0.35392254607222134,0.0,0.3651697672932866,0.0,0.2809076866344922,0.0,,0.0,,0.95,0.7756726136281337,,,0.1888484004682247
B000892,4308.332353263675,1.2419522494274071,10.220427511098432,2.3174396736326224,0.048149637199928715,0.43348461784069026,0.4151923257545996,15.019082351532958,0.3134561495032637,0.3114848770574123,0.04198125454579134,0.15511527691817711,0.18577314719437402,0.23414154420838876,1.9629815122275693,1.0,0.725522117078402,0.2744778829215981,0.0,0.0,0.0,0.0,0.3,0.3,0.3,1.0,0.4944968473338867,,,0.32150759030508125
B000893,2965.430318215416,3.472400841001658,5.044079802416634,3.772078590564397,0.0,0.36577642647041364,2.824460983981529,188.05464534116703,1.130908860558734,0.0,0.0,0.9555713564129388,0.5923388400988457,0.7935817839311383,1.8463589146372068,0.8929391485548998,0.8929391485548998,0.0,0.0,0.0,0.1070608514451002,0.0,0.0,0.0,0.9800000000000001,0.98,,,,0.18690117976449694
B000894,14319.194126530823,4.424967282611503,10.306556471656602,5.273054273370986,0.16604752629688838,0.47371560938437013,0.013950731586087874,0.3856715975390875,2.50446005983085,0.2967049302441847,0.0,0.8428502290967018,0.0,0.7809520634397655,2.9210328143866606,0.43401614071307154,0.43401614071307154,0.0,0.0,0.0,0.5659838592869283,0.0,0.0,0.0,0.0,0.5,0.8066288936952621,,,0.18861606020795307
B000895,23861.97720017144,11.379102146004502,16.837280572633027,17.588298723412993,0.0,0.8090000000000002,0.015368594011122973,0.0617832571492311,5.895172263987071,0.43605596594509555,0.0,3.6545884753478535,0.4416635690880925,0.9516218716363884,2.9298114586218382,0.44360915749796426,0.12244247593943074,0.3211666815585335,0.038320770861364144,0.0,0.5180700716406715,0.0,0.0,0.0,0.0,1.0,0.20591802220671107,0.24755904895903,0.42333331924415196,0.18481989412312194
B000896,833.407741835674,1.9985797166323116,9.916707193937764,3.0038162997765587,0.16019278110347987,0.3070390879083136,0.3858809432385015,13.923078002001725,0.5292962852483222,0.3470843344084957,0.028201100398985896,0.6955461643038574,0.1732381127102415,0.22521371956240857,2.509089977004946,0.6777669019584337,0.15608118182652506,0.5216857201319085,0.0,0.0,0.32223309804156625,0.0,0.30000000000000004,0.30000000000000004,0.30000000000000004,1.0,,,,0.32150759030508125
B000897,28087.540082432868,8.891275746259218,19.93299484473759,11.58723910517134,0.0,0.2161376131222608,0.021712635512907915,0.8124923667207258,1.9063139397561986,1.7753107569211295,2.018023470518992,0.8821281769948128,1.8353331145775975,0.4741662874904858,2.3089725204600793,0.7855972535146905,0.45941777935610584,0.32617947415858417,0.0,0.0,0.2144027464853098,0.0,0.0,0.0,0.0,1.0,0.5617535936138087,0.4988819989830736,,0.1888484004682247
B000898,2178.0180514184517,4.109468021544249,10.613223292124857,5.180954121342263,0.43078305404592404,0.34323978354926826,0.020540392345324267,0.4505664757982727,1.926283275864698,0.0,0.0,0.4907475775719592,0.9537778300834101,0.7386593380241816,3.05334382317384,0.25782815974059936,0.13840939921024076,0.11941876053035862,0.2320927733427163,0.0,0.5100790669166844,0.0,0.0,0.0,0.0,0.95,0.6567586019893988,,,0.1888484004682247
B000899,10074.119682678675,10.671736951990122,13.361997804410903,12.316966435933105,0.05479490945755898,0.2766153646962253,0.02324953890240403,0.5069656935912514,4.514844562453264,0.0,2.2811124771219533,0.9676898245163551,1.9103949222013854,0.9976951656971641,2.6642411592939563,0.5769344219441886,0.5769344219441886,0.0,0.0,0.0,0.4230655780558114,0.0,0.0,0.0,0.0,0.9,0.15940491332188103,,,0.18481989412312194
B000900,4579.253981949053,1.8844666592382935,9.812671548222912,2.7391334797089786,0.016705601051035406,0.29939238698973186,0.3578579106766632,23.804985655025835,0.4737098554707787,0.52580486717175,0.034367497531705204,0.31258379124650887,0.14855872081088645,0.3894419270066648,2.2242577355335227,0.8706422064720265,0.4075105550461879,0.46313165142583873,0.07883329751821361,0.0,0.05052449600976014,0.0,0.30000000000000004,0.30000000000000004,0.30000000000000004,1.0,0.68815836212089,0.38862564529029753,0.545195710621271,0.32150759030508125
B000901,914.8887780531119,0.9422129537107229,7.509488366268515,1.5983049515286238,0.0,0.45852959477398064,0.24526993646155978,16.248528251220712,0.22789912389951258,0.20153288735266037,0.02314480280921942,0.2186158527923998,0.0,0.2710202868569306,2.25596482572453,0.6678196143355377,0.4293621729715337,0.2384574413640041,0.23202382426544202,0.0,0.10015656139902011,0.0,0.30000000000000004,0.30000000000000004,0.30000000000000004,1.0,,,,0.32150759030508125
B000902,6066.711327935741,10.07759356799957,14.770434801446712,13.40095822258242,0.017761841895370997,0.537571656782993,0.016235850259405715,0.8951256864336645,5.156590130981527,0.25858573182976025,0.8118519309741707,1.9139239393411793,0.9610295147267014,0.9756123201462303,1.8222427762075042,0.8877920896663463,0.6025103470887314,0.28528174257761485,0.02565947218300948,0.0,0.08654843815064425,0.0,0.5,0.5,0.5,0.5,0.3321493022216442,,,0.4014480571426785
B000903,958.2092407982493,1.1001254199750279,6.767406583642874,1.0582675879722037,0.0,0.4683028038235406,0.4387877786991459,29.223266061363116,0.4388660701027771,0.18455017160195014,0.03929638730847934,0.0,0.15498438174935256,0.2824284092124687,2.0834566385840976,0.8705601394199453,0.7296813096653609,0.14087882975458435,0.0,0.0,0.1294398605800546,0.0,0.0,0.0,0.0,1.0,1.0059713311169542,,,0.19003346509277597
B000904,509178.64579529257,1391.198485779488,2113.474391499276,2634.0234391496488,3.192827771775634e-05,0.3652917228437604,1.1190442793743547,24.92204945453721,2.540144809748121,1384.3523951116545,0.8071098628994818,1.2488334775765366,1.4529575496759786,0.7970449679330766,2.3316472444188627,0.9996052435232837,0.0025841855527230363,0.9970210579705606,0.0,0.0,0.00039475647671615615,0.0,0.2800000000000001,0.2800000000000001,0.2800000000000001,0.7,,0.36486625220949803,,0.30976336009743166
B000905,3100.017457147738,1.1067538226161149,6.6656519721840715,1.5909586290146276,0.06896765050945229,0.3936117317150699,0.5023771285769112,33.27965717308351,0.27393964301666673,0.0,0.052180982957331985,0.2977420322277255,0.1567070041916523,0.32618416022273855,2.529310645699067,0.7054024221585999,0.3892318266435841,0.31617059551501603,0.0,0.0,0.2945975778414,0.0,0.0,0.0,1.0,1.0,0.7895201503444476,0.3346996148572538,,0.19003346509277597
B000906,58685.692359685345,22.45053265481459,40.269250730983316,9.757980280095342,0.27611444631870985,0.11493175571342673,0.08557168178391208,5.367445925230819,16.003726572530155,0.0,0.11822129429386567,2.193171788685472,0.0,4.1354129993051005,3.2804327004240794,0.2857260819399653,0.18803700603222118,0.09768907590774417,0.0,0.0,0.7142739180600347,0.0,0.0,0.0,0.0,1.0,0.23410273865127124,,,0.18861606020795307
B000907,2149.1184765256226,1.2861271553115634,6.724419137152047,2.242133497100713,0.0,0.16647445223156404,0.5418080594485574,36.04760066777189,0.6756565860048589,0.0,0.050505744282821646,0.15444413737174426,0.17182166339812383,0.23369902425401487,2.973044098008767,0.32013889720574595,0.32013889720574595,0.0,0.13359617102284116,0.0,0.5462649317714129,0.0,0.0,0.0,0.0,1.0,0.8171582355381724,0.30129852252708705,0.9205667673996198,0.19003346509277597
B000908,6306.24403336009,6.589596691076374,11.127239535951974,16.191298075782072,0.18169405881014886,0.5342873344543878,0.019323350710254983,1.0719938500146924,0.9643732594720691,0.3472678605721945,0.8915975662922253,2.479338742372556,0.8892533066174133,1.0177659557499146,1.7247677932413115,0.9473005895728847,0.5710501362287408,0.37625045334414386,0.05269941042711527,0.0,0.0,0.0,1.0,1.0,1.0,1.0,,,,0.6052750777176602
B000909,4140.415818872827,6.843662510533599,13.131493077641004,5.2716834489669715,0.01335927736308381,0.6772967744319428,0.021853172571889908,0.10756082726814396,4.9604010017849784,0.3805085349571372,0.0,0.2904263419193646,0.43722116560814595,0.7751054662639735,3.3139013804412745,0.2327460134653928,0.2327460134653928,0.0,0.04243726827153552,0.0,0.7248167182630718,0.0,0.0,0.0,0.0,1.0,0.17623044697871004,0.2771111751821212,,0.18481989412312194
B000910,2324.516472102583,5.075363476206514,17.46783416554352,6.478947760797163,0.04005850094499588,0.36037758330595326,0.018807365232437714,0.43517403149135,1.317529851529881,0.9859178482291273,1.0488492902348665,0.16039823120298943,1.1774171490899068,0.3852511059197416,2.69503527861305,0.525168380000669,0.26157831663582376,0.2635900633648453,0.20665501006024686,0.0,0.26817660993908393,0.0,0.0,0.0,0.0,1.0,1.0468821955349892,0.4696440326314931,0.5460207580543794,0.1888484004682247
B000911,8253.894924239912,5.3045597199485295,7.7170949652577265,6.540189388887953,0.0,0.09638162620933304,1.8859474268643668,125.49605996741275,1.1458108889628138,2.125920282887014,0.654731950542047,0.0,0.5919719739417871,0.7861246236148675,2.276498126907794,0.7661646263666234,0.36539238604435925,0.40077224032226405,0.0,0.0,0.2338353736333766,0.0,0.0,0.0,0.98,0.98,,,,0.18690117976449694
B000912,5527.083188051361,2.073952415779122,9.850105063415374,3.952627062170019,0.0,0.39662103999289844,0.6823369703993016,15.241019312443047,0.480005132907688,0.6316983182232662,0.08513214768521997,0.6187326212056038,0.08969905071556958,0.16868514504177448,2.077576311888962,0.9475374353115447,0.649202422175207,0.2983350131363377,0.04104826467449995,0.0,0.011414300013955344,0.0,0.0,0.0,0.0,1.0,1.3646959299151293,0.41847423670243933,0.7164659170257974,0.19003346509277597
B000913,3427.4371346448515,5.389052098498194,15.802825097942623,8.63863392369369,0.0,0.4452076808498588,0.011119997290832849,0.25407899099031606,2.0422087480628743,0.34673777799407934,1.0435101101039475,0.7777164540517617,0.9094616756287087,0.26941733265682244,2.516887385939162,0.604029163627151,0.3773847756645166,0.22664438796263425,0.0,0.0,0.395970836372849,0.0,0.0,0.0,0.0,1.0,0.09726193486289259,0.27187359281325957,,0.1888484004682247
B000914,2090.235410503617,0.9967741585615723,5.913434079976131,1.198409820697509,0.0,0.46186439864200546,0.27772884535113357,6.1868505629688375,0.30070382051657035,0.22393396282614003,0.04133605580727278,0.0,0.17841312555595265,0.2523871938556362,2.04678649671027,0.8974679479466741,0.672809271853691,0.2246586760929831,0.0,0.0,0.10253205205332566,0.0,0.3,0.3,0.3,1.0,,0.4742035201966954,,0.32150759030508125
B000915,3824.72844829816,1.352928351007485,10.124073392647745,1.0987027562724534,0.0,0.021,0.3900907003413709,14.12151682251769,0.2144743507242039,0.0,0.05133350010700568,0.23013356312477715,0.0,0.8569869370514983,2.4060061338339658,0.8414739771219288,0.8414739771219288,0.0,0.0,0.0,0.15852602287807135,0.0,0.0,0.0,1.0,1.0,0.5533076766820616,0.41304756196758735,0.468215837965778,0.19003346509277597
B000916,427.6153265245076,1.1342581605424606,5.768583840331611,1.6136278592312716,0.0,0.18290721535850224,1.1843518519094514,42.88440937466208,0.1733197626294099,0.35644671713943077,0.03623130611697633,0.3476807683904052,0.0,0.2205796062662385,1.7864621853720029,0.9438106076447343,0.32302822315381224,0.6207823844909222,0.031942733477578554,0.0,0.024246658877687132,0.0,0.0,0.0,1.0,1.0,0.4113493922184371,0.3475521254210839,,0.19003346509277597
B000917,2774211.594856437,748.1692542762775,1433.896380539339,1109.2649453534154,0.0,0.24013830007679438,0.01734476900741822,0.471403025752289,3.230797655127226,743.6686401150405,0.1163159766790735,0.22869229993278875,0.14001893130061335,0.7847892981974361,2.0040234753161945,0.9970606054594661,0.0026149714814232817,0.9944456339780429,0.0,0.0,0.0029393945405340044,0.0,0.0,0.0,0.0,0.5,,0.1579466831880732,,0.18861606020795307
B000918,1818.4269063821014,5.8282913666092995,10.02321395488602,11.267188832362905,0.24771902131755696,0.4799808246031194,0.018230777306679134,0.38263782874965885,2.999459910609434,0.0,0.12600395714584778,2.096987459407862,0.11526367483734866,0.490576364608807,2.0626723999472207,0.591185346050868,0.591185346050868,0.0,0.35979454826532076,0.0,0.04902010568381098,0.0,0.0,0.0,0.0,0.5,0.27874701647391986,0.1290387235758598,0.799961148753615,0.18861606020795307
B000919,22490.235821930964,5.140625330727078,10.792664496471666,6.879211616825455,0.15825376871781438,0.24574581633762616,1.3755224857935702,91.48227111626885,0.8345030988713579,0.8738586691026579,0.7416843609952094,0.1968408124138062,1.751509060946647,0.7422293283973982,2.484545768153689,0.8376650611194556,0.14438502723800317,0.6932800338814523,0.0,0.0,0.1623349388805443,0.0,0.0,0.0,0.98,0.98,0.24749622569362567,,,0.18690117976449694
B000920,2115963.0556698474,442.57750589204085,682.0674013542175,821.2074213225062,0.2007630749643967,0.24021826465709376,1.4634326742983865,97.37190105725986,2.0434487370864978,0.508607212028403,0.430324535712088,437.8793614234515,0.7143056652024566,1.0014583185599726,1.6785367390721644,0.9953828454680094,0.005025947243539821,0.9903568982244697,0.0,0.0,0.004617154531990521,0.0,0.2,0.2,0.2,0.98,,0.3421959716018378,,0.27509512128729385
B000921,1504.1121716885698,3.7697046909487963,9.294264248542554,1.8470737830312987,0.0,0.4262048233033703,0.016888623151251198,0.5274504472433917,2.459061185170734,0.41925449209353766,0.11082727115919465,0.1608767232528619,0.13270532149822123,0.48697969777424677,2.7805089343516283,0.4319276125836151,0.38925139881038956,0.04267621377322553,0.11121679984646637,0.0,0.4568555875699184,0.0,0.0,0.0,0.0,0.5,0.5809640659572967,0.1279975184148388,,0.18861606020795307
B000922,16319.437048442303,8.055003478994227,10.959379993842864,7.378020068624133,0.0,0.30142017857084996,0.023169031587985372,0.44454730198154885,4.256931775515354,1.0128618014874853,0.0,2.074090737880891,0.0,0.7111191641104969,2.836146513629313,0.4715170779731448,0.2140260982001766,0.2574909797729682,0.0,0.0,0.5284829220268553,0.0,0.0,0.0,0.0,1.0,,,,0.18481989412312194
B000923,10042.743939100537,7.833653618643165,13.656687678742934,11.755970341246266,0.09733629665986925,0.3302168650809468,1.200911708372168,26.89769521875806,2.066140858909693,1.4697347879931593,1.7691898228650362,2.002818346005415,0.0,0.5257698028698586,2.422218292448205,0.7362481213118071,0.2547348514509186,0.48151326986088844,0.0,0.0,0.2637518786881926,0.0,0.28,0.28,0.28,0.7,0.6785888418731042,0.44206332039688756,,0.30976336009743166
B000924,15618.41260289383,17.628005195139764,45.90493316006746,5.501095906812436,0.0,0.2406171762353753,0.0627258133432026,2.9104777391246004,14.695623120623006,1.0956701268423599,0.07164076953103138,0.6861087258150782,0.16589440912129566,0.9130680432069924,2.0456124167410623,0.9905891558752754,0.8854485230202614,0.10514063285501402,0.009410844124724593,0.0,0.0,0.0,0.0,0.0,0.0,1.0,0.20190975997095997,,,0.18861606020795307
B000925,2425.765353412557,6.034242172668052,15.74612093025692,5.5612658510701225,0.0,0.3413237456319173,0.010526654976195466,0.3810649101382759,2.550924008116457,0.7210778234149612,1.2029683519257366,0.27878079469434836,0.737705432930138,0.5427857615864121,1.625202584361609,1.0,0.7582491364114256,0.24175086358857473,0.0,0.0,0.0,0.0,0.0,0.0,0.0,1.0,,0.19547992263347072,1.055148635942616,0.1888484004682247
B000926,39455.56241013773,20.13038898476415,57.75891785647477,3.753016751455937,0.0,0.283101773642403,0.07461796166194423,3.408216456196666,17.823530231915612,0.9326027011824459,0.0,0.8483180499508701,0.0,0.5259380017152184,2.0128136015639773,1.0,0.9578588346905305,0.04214116530946951,0.0,0.0,0.0,0.0,0.0,0.0,0.0,1.0,0.07708358117739204,,,0.18861606020795307
B000927,84358.33203216521,19.055417219824985,33.438813397339466,5.138621838172659,0.07761648502009819,0.39366446350642526,0.08391515909543609,3.8230908166052817,16.267903604321134,0.9502167977529435,0.0,0.5960440391502048,0.13654293926591812,1.1047098393347887,3.4025485167570966,0.1318553299190182,0.1318553299190182,0.0,0.0071655706978622745,0.0,0.8609790993831196,0.0,0.0,0.0,0.0,1.0,,,,0.18861606020795307
B000928,6300.848416125309,4.0005386769049585,11.284890115874255,4.518757941303796,0.13111532323023367,0.31024540744419854,1.0067966695858852,66.99315451034946,1.2559042131116906,0.6444505547580854,0.09117864917672719,1.5867074194401967,0.0,0.4222978404182589,2.478168912294047,0.6413930621772973,0.06088708262463877,0.5805059795526585,0.0,0.0,0.3586069378227029,0.0,0.0,0.0,0.0,1.0,,0.3406146336134871,,0.18861606020795307
B000929,2685.2900651014456,5.009869524442996,11.265582878180137,8.588851323157996,0.12072531166804104,0.17413676527384364,1.201775070302288,80.0382196821324,1.295223029535519,0.7941667103695164,0.0,1.4275326665210097,0.9901934443411625,0.502753673675787,1.9249365798066373,0.7456077595719822,0.5479592101416947,0.19764854943028753,0.2150020027757209,0.0,0.039390237652296524,0.0,0.0,0.0,0.0,1.0,0.9330324357058614,,,0.18861606020795307
B000930,18815.088691937377,8.767515699877622,15.332161466584488,10.89408916790497,0.44873855646547267,0.3738705651114852,0.012348665581803841,0.5720564060359601,4.604743748182134,0.0,0.0,2.067243557155725,1.2872646571940054,0.8082637373457603,1.7277448399910273,0.7549673561361198,0.7549673561361198,0.0,0.23578441464149075,0.0,0.00924822922239004,0.0,0.0,0.0,0.0,1.0,0.2284889317960082,0.32271015927254637,,0.18481989412312194
B000931,3322.0266964101406,10.8918908079021,14.593063639796059,8.992323711472302,0.1102326023475365,0.44461132770726874,0.010604074650498766,0.024495412442652145,7.002690806933146,0.5251026257535725,0.0,0.8797099890596689,1.328570227416307,1.1558171587394057,2.9714572170546387,0.3570729884794041,0.3570729884794041,0.0,0.0,0.0,0.642927011520596,0.0,,,,1.0,,,,0.18481989412312194
B000932,35759.93382452743,14.173576624862237,30.537769600838004,0.2213691002113827,0.0,0.488,0.06526854356310732,3.02846042132818,13.053708712621466,0.0,0.06286882446003268,0.0,0.0,1.0569990877807394,3.595195227762513,0.05360357917811487,0.04916794333798734,0.004435635840127526,0.0,0.0,0.946396420821885,0.0,0.0,0.0,0.0,1.0,0.19145099906630628,,,0.18861606020795307
B000933,9319.309113212295,2.9698244465303683,12.20921378677517,3.6244222950055986,0.0,0.45441955208311674,2.805219323241417,41.944086829045276,1.3287933340689915,0.42607054096133595,0.0,0.6433922862678666,0.15765501420028197,0.41391327103189207,1.86542161350601,0.7833567950389999,0.7833567950389999,0.0,0.21664320496099987,0.0,0.0,0.0,0.0,0.0,0.0,0.6,0.9403985106660862,,,0.19003346509277597
B000934,11911.749348788495,8.359122350027015,12.693476009912882,9.249956342086751,0.018934009347314498,0.43929544170726237,0.012607559699658061,0.6675869846967448,4.456100697086383,0.7379443748761393,0.8632154710189387,1.396176806388549,0.0,0.9056850006570036,2.4572552296187173,0.5912351210726722,0.44221620812181534,0.1490189129508569,0.0,0.0,0.40876487892732766,0.0,0.5,0.5,0.5,0.5,,,,0.4014480571426785
B000935,901.5832966112171,0.9736320697745324,7.576899982328268,0.9391789249335416,0.4856053736185996,0.38102178830929434,0.21904267731760252,14.524937764224717,0.5984376222373815,0.1382432765963072,0.0,0.0,0.10533128143885091,0.13161988950199296,3.0582012451059386,0.3853554737818324,0.24336828900440344,0.141987184777429,0.0,0.0,0.6146445262181677,0.0,0.0,0.0,0.0,0.6,,,,0.19003346509277597
B000936,6133.87311194146,5.315314655061924,9.60790152379819,6.676708271494928,0.06599025658432511,0.38710717711945763,1.106435425302573,24.787605675342018,1.7682947297929321,0.25282173476537495,0.0,1.8199961327083232,0.46051104251809255,1.0136910152772018,2.224671330298562,0.7184970026842521,0.3760909080657352,0.34240609461851707,0.0,0.0,0.28150299731574807,0.0,0.28,0.28,0.28,0.7,,,,0.30976336009743166
B000937,3542.7126512729747,2.1707798108290284,11.159684132354876,1.6096469977401986,0.0,0.24,0.32899084013062363,21.742330166797995,0.8940861324320607,0.8169814452751758,0.0828639346094861,0.18022775559901152,0.0,0.19662054291329434,2.757046365041703,0.5881267515148825,0.46692989456234707,0.12119685695253539,0.0,0.0,0.4118732484851174,0.0,0.0,0.0,0.0,0.6,,,,0.19003346509277597
B000938,9016.139210517218,2.2965204305953177,13.490040425528992,2.8590047480472105,0.0,0.3150529673877041,0.3664442210080293,13.195424520937607,0.43196516882482555,0.33447569136067273,0.029989179261004868,0.2354132245552924,0.9503071040635254,0.3143700625299966,2.335528253183327,0.7513777284135484,0.3245161728773706,0.42686155553617783,0.10250865675698219,0.0,0.14611361482946916,0.0,0.5,0.5,1.0,0.5,0.8036692085222203,0.39781777230609283,0.4503570818452996,0.4064886165245276
B000939,21902.564438100053,7.081333474975769,15.55778084855518,7.900956250984957,0.014097972829724269,0.3042787279195883,0.00875574712174086,0.48190184147009485,2.485266824334176,0.6798995735689102,1.4396275627425996,0.07540672562413817,1.7798122119422417,0.6213205767637046,1.8304227066291614,0.90466726608703,0.8086543363229454,0.09601292976408468,0.010648661850287483,0.0,0.08468407206268247,0.0,0.5,0.5,0.5,0.5,0.21215757172102567,0.24771196979084015,,0.4014480571426785
B000940,11173.956092535242,6.370556495174026,11.229704283651127,6.393511817104764,0.19990649191683518,0.32200879906457713,0.013628598690908275,0.5825067480170408,3.1480371901857818,0.2878257847601582,0.40338504841149275,0.0,1.6766433631593747,0.854665108657217,2.820551423877332,0.4191412665281276,0.3558210450188962,0.0633202215092315,0.0,0.0,0.5808587334718721,0.0,0.5,0.5,0.5,1.0,,,,0.4014480571426785
B000941,3897.454636921692,6.2559464477073705,17.193896892535754,8.589300677881239,0.0,0.25306644653060995,0.019062668200645397,0.6174567430541715,1.6634990306657034,0.6231600681207622,1.6897287107832595,0.7566584381572029,1.1409625979575742,0.3819376020228702,2.3845450363294334,0.73409314728464,0.36438269687763103,0.3697104504070093,0.0,0.0,0.26590685271536,0.0,0.0,0.0,0.0,1.0,,0.4939667529602314,0.4927105546456885,0.1888484004682247
B000942,3126.0155875620676,5.484237872915908,9.254229807224563,4.303208369553733,0.0,0.021,0.018261527272875056,0.4907696490261339,3.5444309580392837,0.0,0.0,0.7955386230442181,0.2534263623119148,0.8908419295204933,3.230523504062513,0.2792901086585894,0.1342310062857671,0.14505910237282232,0.0,0.0,0.7207098913414108,0.0,0.0,0.0,0.0,0.5,0.5387799946479531,0.13896328612954684,0.5890122478790876,0.18861606020795307
B000943,4553.086066560458,3.7137733006202756,8.650994385672298,3.8078737305423624,0.0,0.7843779290872921,0.018503964838752055,0.41263841590417083,2.340735113189054,0.0,0.0,0.5699020055154955,0.22748694930899258,0.5756492326067337,1.455964867970376,0.8465436742139566,0.7852887372820233,0.06125493693193325,0.15345632578604365,0.0,0.0,0.0,0.0,0.0,0.0,1.0,,0.40790115088243556,0.4292521074799566,0.1888484004682247
B000944,2856.791522794007,3.629976521974596,4.931455602800429,1.4416658808560079,0.0,0.365,0.01851677056446235,1.2332169195931924,1.985887083941382,0.7611995850919723,0.0,0.0,0.0,0.8828898529412422,1.8507373768703526,0.9311333735615144,0.9311333735615144,0.0,0.0,0.0,0.0688666264384856,0.0,1.0,1.0,1.0,1.0,0.1294203029420292,,,0.6052750777176602
B000945,1997.0988702085863,1.0985142300377262,8.358613893470384,0.9393955179359419,0.0,0.44240580700930293,0.23272251293849971,15.396022822044726,0.5044953610721051,0.35216885414795585,0.05736048204283866,0.0,0.02096278721924432,0.1635267455555823,1.8276248251063187,0.9107245436862064,0.8394252677001383,0.07129927598606813,0.0,0.0,0.08927545631379351,0.0,0.30000000000000004,0.30000000000000004,0.30000000000000004,1.0,1.3338289427660863,0.3541732781946086,0.6165508308646483,0.32150759030508125
B000946,18016.979155053523,7.544798641144691,20.255853492997915,12.255744455633973,0.0,0.3407044424127544,0.016467089753848606,0.3672161015108239,1.6467089753848605,0.9976415082942284,1.1199229670965591,2.4336912172555265,1.014720610241238,0.33211336287227883,2.3623508621635625,0.774689492145569,0.3036876333321529,0.4710018588134161,0.0,0.0,0.22531050785443102,0.0,0.0,0.0,0.0,1.0,0.8464699916765355,0.4672007522567378,,0.1888484004682247
B000947,19413.29664510814,9.721230167805778,23.4739732703775,7.56891270436184,0.03660868526638526,0.701547126227135,0.0323241291156882,1.295414226843877,7.522489077559368,0.5033264345700513,0.026749677538935878,0.7150076512122853,0.3371670462893238,0.6164902806358136,2.8532230719201825,0.3476411183174147,0.26118153796071514,0.08645958035669951,0.07355114927534656,0.0,0.5788077324072386,0.0,,0.0,,0.5,0.0914509487698106,,,0.18861606020795307
B000948,2836.2065585730834,0.8371329865918192,5.8044558012776,0.7622428644004282,0.0,0.365,0.4030167753496975,26.788159041331195,0.5026666867658507,0.0,0.03525282216739267,0.14579127557757426,0.0,0.15342220208100166,2.938394621017217,0.3945317553990455,0.35242037915174707,0.04211137624729836,0.0,0.0,0.6054682446009546,0.0,0.0,0.0,0.0,0.9,,,,0.19003346509277597
B000949,4557.16954963098,10.452223737685735,18.145313508117525,3.067231230487981,0.03288321570524119,0.41021279689240614,0.08506253043033661,3.878491449875591,8.092848069239208,0.9121597417640005,0.047873862402316086,0.46709144140242354,0.0,0.9322506228777877,1.7501766710959168,0.9836351211029066,0.9389468850753604,0.044688236027546416,0.0,0.0,0.016364878897093343,0.0,0.0,0.0,0.0,1.0,0.10421624993870704,,,0.18861606020795307
B000950,5678.834524427555,14.161682105804378,32.164571863389064,2.8296881891204047,0.0,0.2587606406082929,0.06066598610780962,2.7972010738004336,11.716710595634092,1.4545816210012665,0.07109010021775071,0.28926429270985404,0.0,0.6300354962414105,3.468151461202164,0.1501413768425495,0.021983153803141434,0.12815822303940805,0.0,0.0,0.8498586231574504,0.0,0.0,0.0,0.0,1.0,0.0830921144172574,,,0.18861606020795307
B000951,12383.753918094733,6.136647134833862,11.169248936862937,12.419484735899578,0.0,0.18686717391602659,1.4782271582514988,53.51182312870426,1.8477839478143734,1.0759091073007698,0.0,2.7540574111001304,0.0,0.45889666861858724,2.7277597141627696,0.6848834428512741,0.23609482089074285,0.4487886219605311,0.0,0.0,0.3151165571487258,0.0,0.0,0.0,0.0,1.0,0.9089455872072524,0.31829372765453195,,0.18861606020795307
B000952,1593.4387275185857,3.533123564342762,13.686942384594504,6.500103055894338,0.17360821043247082,0.2493885566581913,0.008039621893895569,0.1792835682338712,0.3215848757558228,0.9979291130728848,0.456913139829848,0.3768998338898103,1.0509626218833297,0.32883397991106744,2.2794346418179208,0.5890236508549396,0.4597009335740782,0.1293227172808613,0.29745991124961735,0.0,0.11351643789544334,0.0,0.0,0.0,0.0,1.0,0.8635156554802162,,,0.1888484004682247
B000953,5647.404613788464,3.9464742234720225,9.741921077660427,1.2782307405435374,0.0,0.3973962336264103,0.010541138451692463,0.3433347454618,2.5963395201212958,0.35337043428450327,0.0,0.0,0.2898690318937549,0.7068952371724696,3.1561875286354564,0.34211162341329276,0.2686614966723827,0.07345012674091013,0.0,0.0,0.6578883765867074,0.0,0.0,0.0,0.0,0.5,0.3830522921054958,0.19549550836642085,,0.18861606020795307
B000954,2039.6636206324158,2.442710922913073,10.738540069957821,5.038089377211846,0.0,0.422814713167276,0.3317272101676114,12.1085119423879,0.39979928412776616,0.4087848623219289,0.0,1.2660244376479801,0.13161928127448258,0.23648305754091506,1.8567706079727415,0.91881318797877,0.3466440844584515,0.5721691035203186,0.0,0.0,0.08118681202122997,0.0,0.5,0.5,1.0,0.5,1.0421162222970857,,,0.4064886165245276
B000955,5115.521604910982,13.714535133809603,33.67003252217609,3.289744624307032,0.0,0.2956603577391374,0.07571111769681829,3.5090293971314708,11.175759538465277,1.1756988593801156,0.10147847555769303,0.12046091056302195,0.5283569863437435,0.6127803634997538,3.389690675890246,0.17633223883903895,0.052080426502873464,0.12425181233616549,0.008783448318715305,0.0,0.8148843128422458,0.0,0.0,0.0,0.0,1.0,,,,0.18861606020795307
B000956,14173.588318889266,4.251226250416696,7.707114206945334,5.4559650717142985,0.0,0.39258785484337266,1.5530809299510095,34.63370473790752,1.941351162438762,0.0,0.08447891052546048,1.63574205021505,0.0,0.5896541272374249,2.7241829486980658,0.543343250139069,0.13870212792829556,0.4046411222107734,0.0,0.0,0.4566567498609313,0.0,0.0,0.0,0.0,1.0,0.28305926615658095,,,0.18861606020795307
B000957,7829.184798566575,2.931181130126011,5.792142861165187,1.3889713131359587,0.0,0.365,1.0811524188698358,71.9293282973639,1.5112829543786337,0.7333768533357862,0.0,0.0,0.0,0.6865213224115916,3.002372236824226,0.4356712202949535,0.4356712202949535,0.0,0.0,0.0,0.5643287797050467,0.0,0.2,0.2,0.2,0.98,0.33007745766619295,0.3197155520784915,,0.27509512128729385
B000958,21242.106065607666,8.548131213524211,12.776081674305843,14.556374921315056,0.011467485171455889,0.44711024863893856,1.3505370048822918,89.92873064196131,2.3301429387777635,0.3672906757638268,0.6327393089894673,1.2759324348826417,2.402951331620342,1.5390745234901726,2.623041474860867,0.6786273966015415,0.5293629079067542,0.14926448869478715,0.0,0.0,0.3213726033984588,0.0,0.28,0.28,0.28,0.62,0.45587847878558935,,,0.30976336009743166
B000959,7790.189136216519,7.246687568573506,10.908945109609675,10.080728957350294,0.020272933501273852,0.4354893350315243,1.7692616096035563,63.910894179372576,2.3082469851716887,0.928031353461989,0.6246064296341025,1.820273718777,0.6066697427623513,0.9588593387663723,2.589097265175118,0.4696959065736973,0.37660730028291173,0.09308860629078548,0.21177966922153962,0.0,0.31852442420476285,0.0,0.0,0.0,0.0,0.98,,0.2839516080208574,0.7265751874017101,0.18690117976449694
B000960,5543.834254470379,3.361937085791619,11.19112415416298,8.879880966296563,0.0,0.4483911940374456,0.011350108089744468,0.35199403752081815,0.3893441265179508,0.7227992617932331,0.8844239956871626,1.0637351597206448,0.0,0.30163454207262796,1.5101065591525948,0.9848594183684842,0.9848594183684842,0.0,0.0,0.0,0.015140581631515755,0.0,0.0,0.0,0.0,1.0,0.7746894590305731,,,0.1888484004682247
B000961,2744.531430973686,3.487333457399855,5.25673005800961,2.064909790584837,0.0,0.3986308241345536,1.6577790122097826,37.032656275846975,1.9311074883574835,0.7410651473809576,0.0,0.20370421286123774,0.0,0.6114566088001766,1.8934797185201608,0.8804156608556294,0.8804156608556294,0.0,0.05841259958349924,0.0,0.06117173956087136,0.0,,0.20408163265306126,,0.98,0.432161355072749,,,0.18690117976449694
B000962,21822.459904842002,6.553291262715316,12.003805169770823,7.944277081928678,0.2554135255253137,0.44103967204013894,0.016519097918720135,0.42503588162706346,3.231864983072724,0.6723127424239703,0.9459147318108345,0.9071783966828865,0.0,0.7960204087249008,2.84451471926766,0.4922631256941123,0.24532957591559965,0.24693354977851273,0.014570180882647256,0.0,0.4931666934232404,0.0,0.0,0.0,0.0,1.0,0.18963105414930875,0.29202884818117986,0.3638581262381807,0.18481989412312194
B000963,10964.574347582351,8.715877859763395,12.884193768782211,10.712894638490923,0.0,0.2833405437191503,0.03683593378387216,0.7623144532605434,4.057480935744075,1.0343884266275807,2.2788493771798795,0.056512298360606304,0.0,1.288646821851255,2.775668092036862,0.47980080747396325,0.35463834621182266,0.12516246126214084,0.0,0.0,0.5201991925260367,0.0,0.0,0.0,0.0,1.0,0.21524968280438297,,,0.18481989412312194
B000964,2186.5815393547596,3.21083926483812,6.184696134790732,3.3119057902772844,0.41124179695342655,0.19919137956589258,1.0810364648082005,71.97013023567415,1.4929038823400547,0.5880739645762899,0.34663735073973173,0.17851314786570022,0.0,0.6047109193163434,2.946006178224358,0.3837827189222671,0.27582423139043855,0.10795848753182856,0.05559703651957809,0.0,0.560620244558155,0.0,0.2,0.2,0.2,0.98,0.21451487044441775,,,0.27509512128729385
B000965,3342.7062839517166,4.68166146211725,12.947246410366544,4.807125979502497,0.010819083291998665,0.3462419102620358,0.017873666534685764,0.4407227130587957,1.517238773114069,1.2757940718706764,1.259595261864871,0.13928369924886005,0.0,0.48974965601877474,2.5156951935420686,0.6391288425422204,0.3666200158801347,0.27250882666208565,0.0,0.0,0.3608711574577798,0.0,0.0,0.0,0.0,1.0,0.7541437573509084,0.33464809040612153,,0.1888484004682247
B000966,2537.477949918127,4.9080811410408645,7.776458703795123,6.173854284682979,0.33110474841119686,0.19342914551843018,1.4379937120793571,32.08214446959974,2.0116437786198538,0.571526215340347,0.5647990401933183,0.5380754035245324,0.45982186247819673,0.7622148408846147,2.8885315473059667,0.3725478093950422,0.257472482813636,0.1150753265814062,0.21013264617704025,0.0,0.41731954442791735,0.0,0.2,0.2,0.2,0.98,0.1365923928535233,0.43198381978727435,,0.27509512128729385
B000967,39482.09638289986,8.382610697006339,12.09384501966262,9.164001322587549,0.14608841667845524,0.36499999999999994,0.01923019530567253,0.6961330700653457,4.013414258377569,0.4058173107564976,0.0,1.6589078936803077,1.5296949543779808,0.7747762798139806,1.6243815233658356,1.0,0.5712051664168948,0.42879483358310466,0.0,0.0,0.0,0.0,0.0,0.0,0.0,1.0,0.21740537824521858,,,0.18481989412312194
B000968,12356.55735113726,6.275549695854373,8.215879900129975,8.279275742943279,0.0,0.15005659323386286,0.02113401134658784,0.590869026406061,1.9914370463675668,0.0,0.0,2.060012090756528,1.4947004460546558,0.7294001126756225,2.5945885047806363,0.3898587598807978,0.06159873636168341,0.32826002351911443,0.23817840962076273,0.0,0.3719628304984394,0.0,1.0,1.0,1.0,1.0,0.1268329318160208,0.2613047412405341,,0.6052750777176602
B000969,3367.7720929394995,1.097351610602639,4.5196038186687275,1.0805396871543993,0.0,0.0,0.2902787099456454,10.496839608281583,0.30986197957675704,0.0,0.0,0.36798859585730226,0.0,0.4195010351685798,2.1954466178227854,0.5427469575394073,0.5427469575394073,0.0,0.3353424666276398,0.0,0.121910575832953,0.0,0.5,0.5,1.0,0.5,1.0040862821108179,,,0.4064886165245276
B000970,936.9621602239279,1.6671924559144624,12.493626556024754,2.037084901070374,0.0735297495790547,0.2901760595513896,0.23581303684968868,5.254769231899492,0.6503700332131952,0.5509751382172056,0.04694454269581914,0.21929575932467268,0.0,0.19960698246356992,1.958686178515422,0.8197818818568489,0.7916240392938738,0.028157842562975037,0.0,0.0,0.18021811814315106,0.0,0.0,0.0,0.0,0.6,0.596229903465541,0.3630871026565313,,0.19003346509277597
B000971,1397.1405766494295,1.5087911194918244,10.017420064173834,1.4365124332718853,0.0,0.3710529936028316,0.25201550317190013,9.091373611339131,0.6856360472969946,0.40597156944221735,0.03576173180555153,0.17347606914505084,0.0,0.20794570180201005,2.5773358350951434,0.5399299429955857,0.42495308045713237,0.11497686253845348,0.0,0.0,0.4600700570044141,0.0,0.0,0.0,0.0,0.6,,0.4126090617777101,,0.19003346509277597
B000972,9079.615549465549,2.4848427885784203,10.606378511084124,7.043387238217007,0.12100530468957302,0.4717090460700745,0.4289385627701903,15.401074191586147,1.1577311979123737,0.6289424228483352,0.02625328229041592,0.013983987571241287,0.18103133032569624,0.4769005676303579,2.8367516060064664,0.5340827181365816,0.5340827181365816,0.0,0.0,0.0,0.4659172818634181,0.0,0.0,0.0,0.0,0.6,0.5630102918136015,,,0.19003346509277597
B000973,41004.803640191254,10.307894328856525,16.933841205574886,17.785330943030598,0.0,0.4053906230828001,1.092536455734775,72.6225571723735,3.44613061619027,1.3134996764035745,0.0,3.858171785531546,1.064883169066395,0.6252090816647352,2.094919263829137,0.6164009274278932,0.48897435178610704,0.12742657564178614,0.3742929120577763,0.0,0.009306160514329982,0.0,,0.9333333333333333,,0.62,,,,0.18690117976449694
B000974,14926.878068670097,18.84706826852285,31.845280960840835,15.409318757828416,0.29523672990955524,0.5219868887061886,0.08249037671008426,5.493859088891612,16.49807534201685,0.07831378502321334,0.19337953670341151,1.0264014926070577,0.2073537739887221,0.8435443381835914,3.533077440495118,0.04853555075052267,0.03753363941691589,0.011001911333606772,0.05861470133661556,0.0,0.8928497479128615,0.0,0.0,0.0,0.0,1.0,0.16978929068974755,0.32813008744054417,,0.18861606020795307
B000975,6559.583274685724,7.488108761056763,11.4235636906276,5.302980395766047,0.0,0.2967632008998032,0.01913258575329812,0.3778906296656437,3.674606904150303,1.2714837340026033,1.942455933597376,0.0,0.0,0.5995621893064809,2.891372517962116,0.49657042013327934,0.0673646259660468,0.4292057941672325,0.0,0.0,0.5034295798667208,0.0,0.0,0.0,0.0,1.0,,0.19174629175430508,,0.18481989412312194
B000976,5465.782471852876,11.458663463003933,22.618839799520668,6.50113683843249,0.049463110678218056,0.36203638343366623,0.037824081763111826,1.4821860164556588,8.46269135047196,0.7090837669307151,0.052799111538856296,1.3893907275902395,0.1323280719791927,0.7123704344929688,3.2858631196993997,0.25508533479535817,0.0719510188870322,0.18313431590832593,0.0,0.0,0.7449146652046417,0.0,0.0,0.0,0.0,0.5,0.1322367569763822,,,0.18861606020795307
B000977,1492.8309440195035,1.163547111472723,6.6951442336658475,1.7748443863680312,0.0,0.3407299432626332,0.4878629901136811,32.44129660760888,0.2677425396532966,0.0,0.0567235619627391,0.3046736639309711,0.19067606802802078,0.3437312778976949,2.4066864875765877,0.721140555103649,0.721140555103649,0.0,0.04875055028149488,0.0,0.2301088946148557,0.0,0.0,0.0,1.0,1.0,0.3630903193413371,,,0.19003346509277597
B000978,5165.202284953355,5.1343959094963765,14.844147338663364,9.01282785728697,0.2588634222984134,0.4353136785623994,0.014774495399253866,0.527744296940117,1.5376995360809762,0.0,0.6744438778228866,1.5770265359785118,0.872616349875018,0.4726096097389852,2.4752601943278116,0.7221825426097485,0.28367517903905715,0.4385073635706915,0.0,0.0,0.2778174573902517,0.0,0.0,0.0,0.0,0.95,0.5127396567474565,,,0.1888484004682247
B000979,4489.540084348453,6.083387648168635,14.032924182605901,10.815035899661352,0.0,0.6216653332692577,0.020117072281498834,0.448610711877424,2.011707228149884,0.6946118646225005,1.1693101431562622,0.0,1.395559073517617,0.8121993387223732,2.6573810789647045,0.5271676388084391,0.29776271605331256,0.2294049227551266,0.11418175279880592,0.0,0.3586506083927551,0.0,0.0,0.0,0.0,,,,,0.1888484004682247
B000980,2221.5209981561156,1.4388089366296086,8.901588520605694,2.222898368266588,0.03337852486222483,0.3665198276016409,0.3204406351635326,7.152439883222518,0.4413719853451455,0.39966067194912197,0.06470150753509252,0.3127365665362337,0.02667985091910996,0.19365835434490528,2.383294271011346,0.6932379455613799,0.4758799916492953,0.21735795391208448,0.0,0.0,0.30676205443862037,0.0,0.3,0.3,0.3,1.0,0.7528092043057942,,,0.32150759030508125
B000981,5818930.654406842,1933.842025392769,2779.322417771047,6592.288239492853,0.21391444097972087,0.33036816928456886,0.019645693169774197,0.9912333895336515,1.7761360122817538,0.5964454753749708,0.34756271891178236,1928.2189832577806,2.0569834169886088,0.8459145114313532,2.0009075310445597,0.9990815506184271,0.0018095290917489527,0.9972720215266782,0.0,0.0,0.0009184493815729418,0.0,1.0,1.0,1.0,1.0,0.37516876561339474,,,0.6052750777176602
B000982,523.3111912035446,1.2371422959894671,9.537787953258533,0.7586583235704599,0.0,0.6231814087666945,0.18555074060388904,6.635827977610053,0.7526738056821668,0.046421408459433544,0.0,0.0,0.18373985647124683,0.25430722537662004,2.494399394290707,0.718176344004719,0.6806532485532732,0.03752309545144576,0.0,0.0,0.281823655995281,0.0,0.0,0.0,0.0,0.6,0.8575702272548552,,,0.19003346509277597
B000983,10368.436751375893,7.27609596587782,22.206828204319734,2.1821680866725677,0.0,0.35769643970201687,0.022610219611725418,1.4098432760028112,5.5196738654302555,0.7245544254650139,0.05761439964900122,0.21949919235900298,0.14779555322138999,0.6069585297531552,3.3296289511518924,0.19791011242424003,0.06024452607539743,0.13766558634884257,0.0,0.0,0.8020898875757599,0.0,0.0,0.0,0.0,0.5,,0.19986616510772995,,0.18861606020795307
B000984,8502.660155778462,5.575514856248171,9.640283126235174,3.6427481291036177,0.03897362629045833,0.44659849397280704,0.017201683014079722,0.4460336502041908,3.5934219453623717,0.557440435120507,0.038564314519026165,0.5617958116434872,0.2124386493564224,0.6118537002463559,3.2416351121996687,0.2397443694798264,0.13976428701339477,0.09998008246643164,0.10076124378252059,0.0,0.6594943867376528,0.0,0.0,0.0,0.0,0.5,0.7367791713225894,,,0.18861606020795307
B000985,5238.323264988724,5.91900933897031,11.172045628263415,8.422574512187925,0.0,0.3984359254524282,2.3510750894281647,85.10852999810042,1.8567971255909443,0.36137335526868314,0.8991269112392973,1.2880495424611962,0.6550703827046399,0.858592021705548,1.961239769716682,0.9704836350818605,0.6421989823828891,0.32828465269897134,0.0,0.0,0.029516364918139568,0.0,0.2,0.2,0.2,0.98,0.25571913003081076,,,0.27509512128729385
B000986,12017.607662933679,4.746290546182338,11.546942833841412,7.708876926813875,0.050789134631429686,0.4015609569140336,0.03198886983231827,0.7220694592410313,1.1893264268246246,1.5236950893852854,0.0,0.3814309066081357,1.3614011642705175,0.29043695909377365,1.5108186419512497,1.0,1.0,0.0,0.0,0.0,0.0,0.0,0.0,0.0,0.0,1.0,0.8097701618829728,,,0.1888484004682247
B000987,5937.231608052596,5.105100264877555,11.837941103785976,10.265907060395168,0.0,0.45771474192539546,0.021469828486677094,0.5309265633515479,1.3669755938561825,0.8708108258429417,1.0700723131917396,0.7161352169876855,0.6516310641049988,0.429475250894006,1.7543469141266639,0.9716293727321416,0.5331312060385793,0.4384981666935621,0.0,0.0,0.028370627267858484,0.0,0.0,0.0,0.0,0.95,,,,0.1888484004682247
B000988,25496.054825918236,12.394776288730304,16.085268088030595,21.6287342890802,0.0,0.3295077331303674,0.019347398011301045,0.7968745058627602,4.308989529467533,0.961019601214706,1.7885494767834638,2.731297796060908,1.6973874346093376,0.9075324505943544,2.596939966744096,0.3446324607212078,0.2670982173570501,0.07753424336415764,0.3077219320413793,0.0,0.3476456072374129,0.0,0.5,0.5,0.5,0.5,0.32260568542908646,,,0.4014480571426785
B000989,3033.7129960845223,9.630834908204832,18.870599079215445,6.267381735850935,0.5058301422736686,0.4302489458878525,0.007479712351995439,0.017278135533109466,7.58000119828219,0.36726803466718716,0.26863618451350224,0.6624241530358774,0.0,0.7525053377060771,1.5406788834027605,0.9006947300373893,0.8728013867214696,0.027893343315919784,0.06878159155978636,0.0,0.03052367840282434,0.0,0.0,0.0,0.0,1.0,0.1274134557094068,,,0.18481989412312194
B000990,9657.665964660828,9.27729679602385,12.540827452274003,10.844213237858488,0.07597063898500807,0.4396351109488898,0.019756644220899636,0.7151905207965668,4.512939035230882,0.5331010207727833,1.438205747507208,0.5535353185843437,1.4985656556838725,0.7409500182447586,2.7886001758000214,0.5135502146309386,0.3964216627209847,0.11712855190995373,0.0,0.0,0.48644978536906125,0.0,0.0,0.0,0.0,1.0,,0.2776120759877435,,0.18481989412312194
B000991,2838.6904612485623,1.249973783024466,9.666874914309695,1.886684368419894,0.1137722112278304,0.36396289328429976,0.3645264667248936,8.124333710556918,0.45380062477377464,0.33078392400010714,0.02986739479534928,0.24990328629420866,0.0,0.18561855316102624,2.4961030507374624,0.6130574687744014,0.41313064655774917,0.19992682221665223,0.02389441698775588,0.0,0.3630481142378426,0.0,0.0,0.0,0.0,1.0,0.6748536776661826,,,0.19003346509277597
B000992,15449.367765349069,5.154944199315672,7.411319771410109,5.842925305671434,0.0,0.3985739358062699,1.8931359329812065,126.00603254361138,2.480963496793607,1.2309299788007073,0.0,0.6109603305197341,0.0,0.8320903932016244,2.9119193336501943,0.49495959713225,0.137654020562681,0.357305576569569,0.0,0.0,0.5050404028677502,0.0,0.0,0.0,0.0,0.98,0.4458610140030546,,,0.18690117976449694
B000993,16001.107386885138,4.330475612147534,9.696942460686044,3.78553327650696,0.0,0.3575256576228848,0.012766174370854476,0.43256358932582484,2.518777803297656,0.7595618822802436,0.0,0.060420118502474744,0.165606713337487,0.8261090947296732,3.0295429288310496,0.4183600073321823,0.40440770187802183,0.013952305454160424,0.0,0.0,0.5816399926678179,0.0,0.0,0.0,0.0,0.9,0.1538371413327351,,,0.18481989412312194
B000994,17544.257305255804,4.767461224254294,11.648953030644066,7.602500283241198,0.0,0.433,0.03547577994161389,1.301734805341859,1.9071684959931459,0.0,1.1697077921411134,1.3676311602425837,0.0,0.3229537758774509,1.6464247923502238,0.9655642752667811,0.6786964653547028,0.286867809912078,0.0,0.0,0.03443572473321892,0.0,0.0,0.0,0.0,0.95,1.1645692038199196,0.3684382702898615,0.7236373983142657,0.1888484004682247
B000995,1621.7430824344276,4.105678689707411,10.256793344394476,4.134297021928836,0.0,0.4152768447433515,0.018397172194366675,0.4378838798737139,1.9550893162487977,0.8134769045971735,0.0,0.0,0.8298371636084192,0.5072753052530208,2.701419381238127,0.5238084945249025,0.3256739189585068,0.19813457556639566,0.0,0.0,0.47619150547509737,0.0,0.0,0.0,0.0,0.95,,0.5447194728247041,0.5617019752370348,0.1888484004682247
B000996,6099.989185151654,1.3936461469389203,6.223577973470518,1.3208473893369492,0.0,0.4668342456613558,0.4563120881159617,10.144934259787755,0.6251925314273865,0.3720130139462682,0.05379415395288241,0.0,0.0,0.3426464476123829,2.7559500367183363,0.5206202599321079,0.25368520273457074,0.2669350571975373,0.0,0.0,0.47937974006789175,0.0,0.30000000000000004,0.30000000000000004,0.30000000000000004,1.0,0.5458389421621186,,,0.32150759030508125
B000997,3665.7899925529023,3.6842110477918615,10.915325792026065,6.354889630588691,0.3844172258649385,0.37365161220493154,0.01448489036841891,0.3230130552157417,1.448489036841891,0.37446886827948406,0.2391608873162428,0.0,1.3206900093950376,0.3014022459592059,2.605381242683061,0.6068387456494803,0.5051972100746052,0.10164153557487501,0.0,0.0,0.3931612543505198,0.0,0.0,0.0,0.0,1.0,,,,0.1888484004682247
B000998,8946.899189371366,11.72594913416955,19.2280288119585,19.363787964742745,0.0,0.46316560959575825,0.03886763641632184,0.9519850787671714,5.564291340213879,0.0,1.1192244981903265,3.051732762257121,1.133576485379927,0.8571240481282957,3.053196883270058,0.5254719872526591,0.07309634711194733,0.4523756401407117,0.0,0.0,0.4745280127473409,0.0,0.0,0.0,0.0,1.0,0.21580920107053603,0.14369805090062293,,0.18481989412312194
B000999,3457.162154181914,8.290556724656868,11.067236761792458,16.23034705489879,0.08265510878185876,0.36499999999999994,0.01931228887469844,1.041423294988748,1.883169463874703,0.0,0.0,3.5321594712434266,2.2066427924973215,0.6685849970414188,2.6894893321980753,0.3468075649235415,0.3468075649235415,0.0,0.42604611349421967,0.0,0.227146321582239,0.0,1.0,1.0,1.0,1.0,,,,0.6052750777176602
B001000,6407.822063501664,2.0703786958002146,10.725720354290802,4.319224032354983,0.0,0.809,0.351243839945766,23.123486535465997,0.918997928472101,0.1047304592232226,0.0,0.7070654578812713,0.0,0.33958485022361995,2.4485321295352964,0.4529258489173571,0.4023406784672991,0.05058517045005798,0.34151503747385015,0.0,0.2055591136087929,0.0,0.0,0.0,0.0,0.6,1.2632596065460753,0.4645150583439347,,0.19003346509277597
B001001,3181.6853674350223,4.425153501300448,11.746511373104207,6.5040660553904734,0.3165692917965477,0.3207332621767157,0.018111166063722664,0.45248546096995035,1.7085668236729383,0.0,1.0943530506054493,0.46520337858708116,0.8007351028504734,0.35629514558450714,2.727503997880376,0.6138965974466583,0.2614666921938317,0.3524299052528265,0.0,0.0,0.38610340255334213,0.0,0.0,0.0,0.0,0.95,0.8118904736232492,,,0.1888484004682247
B001002,13647.974720265667,5.461374437881419,12.139300216063582,5.373160259600584,0.0,0.365,0.012192669498454142,0.13411936448299555,2.7851275504083066,0.0,0.0,1.0596278748344243,1.1941947025971331,0.42242431004155584,2.6855569404996835,0.4871446124434294,0.4871446124434294,0.0,0.0,0.0,0.5128553875565706,0.0,0.0,0.0,0.0,1.0,0.12558903089624587,,,0.1888484004682247
B001003,3630.0422365608115,8.120899858077879,10.23461170036158,15.320417417577834,0.016300295939760002,0.4300564672393149,0.06576074858753017,2.075090244165251,2.116174067001803,0.6569909941336703,1.3701264480389521,1.6275520801355623,0.7890363559249095,1.5610199128429794,2.401163660974952,0.7394163080465965,0.441839872147478,0.2975764358991184,0.0,0.0,0.2605836919534034,0.0,1.0,1.0,1.0,1.0,0.17260279855879004,,,0.6052750777176602
B001004,2193.4247183753932,4.076997617798129,8.547946899758943,5.065566351782867,0.4034195746257264,0.29565927024334215,0.9739341330184813,21.677735657514425,1.657556284007619,0.3177530418500099,0.33086546098744907,0.036638733670295895,0.8244781603682442,0.9097059369145118,2.940706014725922,0.45574883882419154,0.16338115388309885,0.2923676849410928,0.07793800037136626,0.0,0.4663131608044423,0.0,0.28,0.28,0.28,0.7,0.2856936800084429,,,0.30976336009743166
B001005,1870.2234265244567,1.5254677214718244,11.253557272554875,1.4263896487027135,0.0,0.2284672165058503,0.28325992364877683,18.380121388291034,0.3671476851429227,0.9067051115816098,0.05228022431854851,0.0,0.0,0.19933470042874343,2.4581081513299896,0.740688477070605,0.740688477070605,0.0,0.0,0.0,0.2593115229293951,0.0,0.3,0.3,0.3,1.0,0.8940362522756479,,,0.32150759030508125
B001006,25700.533629002453,18.2921947537384,34.96561672809992,4.211220484085295,0.0,0.27358362741193154,0.12743955250931294,5.811757105646355,14.84225176159956,2.066543120421339,0.10322913941290501,0.49416298470504455,0.0,0.7860077475995542,2.049402931256607,0.9991120320506398,0.8591230291124852,0.13998900293815472,0.0,0.0,0.0008879679493601575,0.0,0.0,0.0,0.0,,,,,0.18861606020795307
B001007,10807.00393642479,4.594814598820063,15.553717667613423,8.008347456205524,0.00668993952858891,0.4511240965953642,0.01134596771991834,0.36112882525771445,1.3228985016777417,0.9222374941439305,0.7888089866716754,0.5377011561907161,0.4232458242343734,0.5999226359016265,1.6048349797509136,0.9717683454658668,0.7626310756678952,0.2091372697979714,0.0,0.0,0.028231654534133305,0.0,0.0,0.0,0.0,0.95,0.7161156027139532,,,0.1888484004682247
B001008,4370.9837110134295,2.2848843235825558,4.7359587728341435,0.0,0.0,0.0,0.9798342903714509,21.953887359347554,1.7338177091493168,0.0,0.0,0.0,0.0,0.5510666144332393,3.0058858269224293,0.40077002113505916,0.40077002113505916,0.0,0.0,0.0,0.5992299788649408,0.0,,0.9333333333333333,,0.7,0.4696049904527074,,,0.18690117976449694
B001009,849.1266821078337,1.4199442844612604,7.174160258665489,1.3367508105698427,0.21361346935078226,0.5582568016979372,0.40494973771091647,26.87905735857291,0.5553832836771908,0.260185220473307,0.036685739541452524,0.020093955743827045,0.11318485168921753,0.4344112333362654,2.7350819798342316,0.6088696649897724,0.3200866358305994,0.28878302915917287,0.0,0.0,0.3911303350102277,0.0,0.3,0.3,0.3,1.0,1.0320931455152738,0.44425146663320497,0.488433298314088,0.32150759030508125
B001010,631.3074170382897,1.2805424280695532,7.326341315526495,2.173440223237112,0.0,0.22639592068026443,0.49803835944880437,18.1015320480406,0.26993120871717896,0.0,0.051313204991480066,0.5871894480238751,0.22446092968410888,0.14764763665291078,2.2411841438608406,0.5738482916060574,0.11530085486936419,0.4585474367366933,0.21535728034511492,0.0,0.210794428048828,0.0,0.0,0.0,1.0,1.0,0.4088050530569053,,,0.19003346509277597
B001011,173725.76588993781,245.72244114559805,472.5088284518837,499.8862178247454,0.0,0.4329451793612499,0.03456108515118262,1.4575922046338086,8.437154602910766,0.0,0.0,236.1784681915421,0.21033391337567792,0.8964844377694834,2.3775374875437576,0.9656638825352077,0.004504343787181154,0.9611595387480264,0.0,0.0,0.0343361174647923,0.0,0.0,0.0,0.0,0.5,0.11731835647383325,,,0.18861606020795307
B001012,6527.844296640581,4.144663045486083,13.628732614820015,3.6877542520394595,0.0,0.4271870905454847,0.011064230058985287,0.1113896896061388,2.1050682233011715,0.33386355859839834,0.0,0.4370536699731591,0.7957972276178316,0.4728803659955225,1.7648128258545335,0.9152977988837011,0.8098480517808213,0.10544974710287981,0.08055264202044272,0.0,0.004149559095856178,0.0,0.0,0.0,0.0,1.0,0.13409611557017645,,,0.1888484004682247
B001013,4748.2238304124185,4.840187390838347,10.017900789407621,7.258679674430857,0.0,0.4567646174010157,1.4038115914186566,50.81399818084676,1.8360400532531296,0.2847550292863355,0.0,1.1160640625621177,0.6273010566844597,0.9760271890523041,2.6524171957403357,0.619361569854268,0.38877874889269987,0.230582820961568,0.0,0.0,0.38063843014573195,0.0,0.0,0.0,0.0,0.98,0.23117154297605344,0.38637906269427685,0.6634248752212897,0.18690117976449694
B001014,29948.264370084642,8.52741012815622,21.451682032343957,3.9806225786004084,0.1086784346911427,0.41937208574395407,0.02946802035885349,1.3216860514284632,6.6708461704291135,0.714029641832713,0.04741860850570305,0.4542601944766572,0.07008213324022432,0.5707733796718076,3.342285960500214,0.2121564838599562,0.20393802923106205,0.008218454628894149,0.005560728027978152,0.0,0.7822827881120656,0.0,0.0,0.0,0.0,0.92,0.08546082667645262,,,0.18861606020795307
B001015,3676.381604877712,3.676381604877712,12.526814947831207,6.408867487302317,0.4546017265595243,0.5251480167267333,0.020429584252547785,0.44047897235912253,2.9062300622683077,0.0,0.45411849089825906,0.02315683972808466,0.0,0.29287621198306024,1.9049018620271618,0.9681489623878932,0.8446257431726332,0.12352321921526001,0.0,0.0,0.03185103761210678,0.0,0.0,0.0,0.0,0.95,0.9160165082863421,0.37133397562741577,,0.1888484004682247
B001016,67015.28922204263,16.653898912038425,26.742004958051368,25.790054200114145,0.01500985250104069,0.2707403345471853,0.017989939823097795,0.965972608268659,3.4867875031951945,0.4877482905680311,9.303754273143467,2.4946943553826886,0.0,0.8809144897490419,2.088032428668155,0.9408013755035481,0.34703062906481397,0.5937707464387345,0.0,0.0,0.05919862449645148,0.0,0.5,0.5,0.5,0.5,0.31992433231729767,,,0.4014480571426785
B001017,2000.614034773185,6.51665809372373,10.312488179663879,10.060600902158448,0.1661291220003826,0.4112580161510484,3.373539429840565,122.0910074222506,1.7239490142712823,0.9290307210013432,0.8052524691650566,0.4327774850562892,1.580045651796165,1.0456027524335938,1.9752957200794055,0.8712942820798149,0.4862692682289224,0.3850250138508923,0.0664109546384062,0.0,0.06229476328177914,0.0,0.0,0.0,0.0,0.98,,,,0.18690117976449694
B001018,4845.134869237764,1.7169152619552672,8.15863787890492,2.482830050101639,0.08392710662112171,0.37277417642594607,0.5912879989119402,39.37978072753521,0.7391099986399252,0.3681118170334821,0.0,0.369844759524719,0.0,0.23984868675714088,2.815375243447543,0.531267057476611,0.3168640376011474,0.2144030198754637,0.0,0.0,0.46873294252338893,0.0,0.0,0.0,0.0,1.0,,,,0.19003346509277597
B001019,4556.295166849882,5.894301638874362,19.12584436744546,1.5859370751250106,0.04307701856784107,0.43692326362815925,0.01968544250763168,0.8302212566062647,4.8056686049372095,0.3901261879804921,0.018557404968057484,0.30757641376620676,0.0,0.3723730272223956,3.40855731791629,0.10323107833572846,0.10323107833572846,0.0,0.06618700770376501,0.0,0.8305819139605065,0.0,0.0,0.0,0.0,0.5,,,,0.18861606020795307
B001020,11678.953740071911,2.4613179641879688,7.649484411731642,5.715514642968796,0.3927077255420715,0.433,0.016088813295196618,0.4029999540111563,1.3254235248512538,0.0,0.6396683645186426,0.0,0.0,0.4962260748180722,2.8015650261022964,0.45390981557183047,0.45390981557183047,0.0,0.0,0.0,0.5460901844281695,0.0,0.0,0.0,0.0,1.0,1.082803233738187,0.327115496379054,,0.1888484004682247
B001021,8062.399583313958,7.383149801569559,17.064925204170397,12.865159248114555,0.0,0.447836117181916,0.034000979944083944,0.6973944541315202,1.5747344042679974,1.2517139955197258,1.2211805488272247,1.398595458372353,1.0423145970124987,0.8946107975697581,1.9551939600198336,0.9651535449696084,0.6345480282203819,0.33060551674922634,0.0,0.0,0.03484645503039169,0.0,0.0,0.0,0.0,1.0,,,,0.1888484004682247
B001022,3555.4831151286844,6.658208080765327,11.79174022897068,11.050679824757855,0.0448631960053385,0.4204018103716523,1.5315133665019174,101.66233246132452,1.9074066195270154,0.929903417576614,0.0658749386893341,3.1070668314220167,0.0,0.647956273550346,2.5855019963481563,0.6717343352698782,0.06541951301899392,0.6063148222508843,0.0,0.0,0.3282656647301217,0.0,0.0,0.0,0.0,1.0,0.8856220115760058,0.35883502532679173,,0.18861606020795307
B001023,1915.0802821784832,1.292226911051608,6.894279273584238,1.5386760300604738,0.0,0.4383897838941886,0.2744854098354694,9.958867604877051,0.42203391056936573,0.3495691929220556,0.0,0.20653285402022806,0.0,0.3140909535399588,2.6138923194799246,0.6143655500971311,0.45453846999697095,0.15982708010016025,0.0,0.0,0.3856344499028689,0.0,0.5,0.5,1.0,0.5,0.5348261689116091,,,0.4064886165245276
B001024,7854.400826926363,11.252723247745505,31.50171268481272,2.9467568188901963,0.0,0.44719289654102007,0.048070060875914124,3.2014660543358806,9.614012175182825,0.0,0.11024093653145552,0.9945463055973315,0.0,0.5339238304338926,3.4760903471280877,0.14141971528170671,0.053036993721697706,0.08838272156000902,0.0,0.0,0.8585802847182932,0.0,0.0,0.0,0.0,1.0,,0.2715523739468221,0.46363511099269455,0.18861606020795307
B001025,30143.145198550486,9.895976755925965,19.981927591188697,1.3967592797603683,0.0,0.35616622982099133,0.03713332420616805,1.6544391718377858,8.279467448191312,0.0,0.07543280944374364,0.4138209748888391,0.19660313230234397,0.9306523910997254,3.451657840912332,0.1482620307028771,0.09882236482657997,0.04943966587629716,0.0,0.0,0.8517379692971228,0.0,0.0,0.0,0.0,0.92,,0.23584382657259947,,0.18861606020795307
B001026,6011.904963241661,2.125850411330149,10.512525251940444,2.765640369388899,0.029645029716761626,0.27490591277650295,0.558597726507371,37.148502400742636,0.6966174537773382,0.7912484328216625,0.0,0.37143110057273876,0.0,0.2665534241584098,2.604190851538695,0.672311160717342,0.4975899768592861,0.17472118385805593,0.0,0.0,0.3276888392826583,0.0,0.0,0.0,0.0,0.9,0.5479427735824302,,,0.19003346509277597
B001027,7206.095532215348,7.2568937887365035,20.46747208859482,8.257726101457814,0.27223375983895387,0.30670212415577935,0.01813324093584548,0.6550582560488076,1.5756532231205689,0.33604093702468146,0.0,0.9974309354285843,1.5563005278832533,2.7914681652794147,2.550309202605745,0.7801217148229146,0.5193570515939918,0.26076466322892267,0.0,0.0,0.21987828517708546,0.0,0.0,0.0,0.0,0.95,0.5579430062204627,0.3417977278196247,0.4256643029050135,0.1888484004682247
B001028,4233.945492044641,10.856270492422155,17.368526064706916,14.087482409950605,0.19280721178890392,0.35486214567302377,0.02161330610698025,0.7907329421841723,3.8175908246254515,0.1449140090156795,0.5198444271115517,2.062927445151553,2.4057020227742236,1.9052917637436964,2.574469048841105,0.6350031222594331,0.17550150072933604,0.45950162153009727,0.01334841547259086,0.0,0.35164846226797586,0.0,0.0,0.0,0.0,,,0.28569504496627596,0.460261521665377,0.18481989412312194
B001029,1260.7543821718423,1.562273088193113,6.376574141585198,2.768557302568477,0.11564282862335737,0.36337438568321656,0.6898585055734974,24.957431198083988,0.37865680085622166,0.4553887941044288,0.08263311359317169,0.2951044229418659,0.13530060765962612,0.21518934903779907,2.340547588460588,0.6791010213077402,0.3876098616980459,0.2914911596096943,0.05289287399089946,0.0,0.2680061047013604,0.0,0.0,0.0,1.0,1.0,1.193782185551174,,,0.19003346509277597
B001030,13580.375481176217,3.265298264288583,5.723744522104946,3.6067610473023293,0.13119484843239157,0.809,1.3568881334111664,89.39423670915133,1.8703574535581795,0.0,0.0,0.6406233676541403,0.0,0.7543174430762638,3.205226641844315,0.30526926544077565,0.10907788695005324,0.19619137849072238,0.0,0.0,0.6947307345592244,0.0,0.20000000000000004,0.20000000000000004,0.20000000000000004,0.98,0.3336431802277827,0.44761336020215076,0.6651002451928942,0.27509512128729385
B001031,59528.27620796641,42.85693031531059,183.65282145001225,329.79384504855835,0.00016290561836835375,0.8086465595278998,0.6704646719695533,24.288852403427494,0.3677638492861229,0.0,0.0,0.08935600208456745,42.1696003697167,0.23021009422319566,2.0214163716143285,0.9874259199254475,0.9853409362033948,0.0020849837220526532,0.0,0.0,0.01257408007455248,0.0,0.0,0.0,1.0,1.0,0.9996474285753212,,,0.19003346509277597
B001032,13210.101645069177,5.481369977207128,15.929010481010788,0.7763592081034831,0.0,0.45299999999999996,0.008838282761914684,0.24183928784718742,2.175334358345989,0.0,0.0,0.2148397134020793,0.14539095915793693,2.945804946301122,2.8691735756842687,0.6012873089614222,0.5620927801674465,0.039194528793975815,0.0,0.0,0.39871269103857776,0.0,,0.0,,0.5,,,,0.18861606020795307
B001033,701.036510040642,1.8208740520536157,7.776045023258152,1.5629051396679239,0.0,0.4200161361836302,0.6556835300862728,23.68249313540737,0.8173341766888562,0.3475843747043059,0.07047791050097653,0.0,0.15953369268666928,0.4259438974728077,2.785188641224587,0.5437606935782894,0.5050551552015464,0.03870553837674287,0.0,0.0,0.45623930642171046,0.0,0.0,0.0,0.0,1.0,,0.4324671131317159,,0.19003346509277597
B001034,1083.3825453850825,1.68227103320665,8.310661533690535,2.0350950273950597,0.4800975484534867,0.4160628463011009,0.3534294482864431,23.33866060130219,0.9303080964221188,0.0,0.05583523590406124,0.37999489151314203,0.0,0.3161328093673272,2.321870540821805,0.7404605809071507,0.7072701883949337,0.03319039251221682,0.0,0.0,0.2595394190928491,0.0,0.0,0.0,0.0,0.6,0.8243029242523323,,,0.19003346509277597
B001035,1345.5394300228932,0.40848191561107866,2.589231254691874,0.23660793975119268,0.0,0.809,0.4197585173640935,15.139590585809767,0.22984010442533592,0.0,0.0,0.0,0.030285816288152665,0.14835599489758997,3.0835586452878854,0.43733101603408564,0.43733101603408564,0.0,0.0,0.0,0.5626689839659141,0.0,0.0,0.0,1.0,1.0,1.3638764907575296,,,0.19003346509277597
B001036,22014.967838506935,4.453766505868286,8.866281213764003,2.1005410881010556,0.0,0.40781883413970615,0.01712699466877452,0.5359859037592576,2.9935748660306114,0.2638319800014424,0.1059999912023473,0.0,0.550802309026823,0.5395573596070592,3.1859536279080882,0.28084915849417696,0.15717803467098468,0.12367112382319226,0.023800078217545005,0.0,0.6953507632882776,0.0,0.0,0.0,0.0,0.5,0.3088354853069153,0.12160663406477457,0.5943016659773619,0.18861606020795307
B001037,7529.3894807483375,7.675218634809722,14.06741052677668,6.135143262052069,0.21173601883296264,0.2857832079896343,0.00970104045158781,0.5702476868592317,3.9473879000559604,1.1864647450137842,0.0,0.0,1.737232509023868,0.8041334807161092,1.982959868131619,0.8922047665241366,0.511277864875017,0.3809269016491195,0.0,0.0,0.10779523347586345,0.0,0.5,0.5,0.5,0.5,0.1835191989989395,,,0.4014480571426785
B001038,1793.6935802142973,1.1677692579520165,8.473873514366463,1.0258308921139532,0.02878602327430474,0.3470404558453174,0.3812572672088123,13.803083037249456,0.4754171985033311,0.3146680777994416,0.0,0.07908275133619967,0.1491499584628104,0.14945127185023369,2.518971918767681,0.5928843003307885,0.5251630867454167,0.06772121358537182,0.0,0.0,0.40711569966921146,0.0,0.0,0.0,0.0,1.0,0.35340772133784704,0.3255907994521926,,0.19003346509277597
B001039,4852.206803208168,6.220777952830985,13.334050820083329,10.342800440690404,0.0,0.6632997989996201,0.01599148020101534,0.73964996124272,3.210564873572484,0.0,0.9020166841159355,0.7126725060819382,0.4973304782364485,0.8981934108241781,2.765135525267032,0.44150212002672945,0.36155545065395106,0.07994666937277849,0.0,0.0,0.5584978799732705,0.0,,0.0,,1.0,,0.23837100655813762,0.20503091601327908,0.18481989412312194
B001040,8717.613417702665,5.158351134735305,11.805132442587416,7.366805257800296,0.1299260670093127,0.24003491160247734,0.011504342463112473,0.1265477670942372,2.627895486497773,0.0,0.0,1.4563136557882892,0.6263545694734227,0.4477874229758216,3.0318904240495868,0.4760821819628108,0.07233529252803775,0.40374688943477316,0.0,0.0,0.5239178180371894,0.0,0.0,0.0,0.0,1.0,0.08075708496242438,,,0.1888484004682247
B001041,4427.325687601236,13.021546140003634,20.524742943719943,13.397235310053349,0.03466168114286448,0.17796436858651266,0.012231940223264655,0.22133018273135355,5.87463621104085,0.7238377290882969,1.6631824690079557,0.9087646689037412,3.33302414259565,0.5181009193671388,2.93167785229163,0.4137567737792952,0.15779453191031853,0.2559622418689767,0.12772542147652302,0.0,0.45851780474418163,0.0,0.0,0.0,0.0,1.0,0.15163031798693444,,,0.18481989412312194
B001042,2710.9958135663546,5.115086440691235,8.829140094362991,6.572725644296899,0.0,0.41420977127485453,1.2168099363119451,44.064357241191026,1.7022245073695161,0.3352607191704708,0.0,0.6396615623350725,1.4913734455971408,0.9465662062190348,2.631154071112796,0.5421609982825404,0.25059731448375755,0.29156368379878284,0.12505391057450652,0.0,0.33278509114295307,0.0,0.19999999999999998,0.19999999999999998,0.19999999999999998,0.98,,0.24138083543547473,,0.27509512128729385
B001043,15384.238633175377,5.011152649242794,8.776869100416244,5.189827123185495,0.0,0.38972415913454045,1.2477096565208958,45.28429756313522,1.793309719842853,0.9028408571874338,1.0675031938081525,0.0,0.6765653161013422,0.5709335623030128,2.247211360193729,0.8710972443698718,0.8710972443698718,0.0,0.0,0.0,0.1289027556301281,0.0,0.28,0.28,0.28,0.7,,,,0.30976336009743166
B001044,16351.903835787036,4.577800625920223,16.22996983303448,7.2918738900110345,0.2962672414438475,0.32124268350623325,0.00919779102666164,0.28843473373529366,1.7598322724755364,0.1069589138501058,1.0244468868567536,0.7210815148042762,0.4443994524538236,0.5210815854797268,2.6747058297052337,0.4951307783713551,0.33761375792240855,0.15751702044894658,0.12044176043448729,0.0,0.3844274611941575,0.0,0.0,0.0,0.0,1.0,,,,0.1888484004682247
B001045,5125.171600527978,4.4800451053566235,15.750337996734112,5.77883214010065,0.013422938330945135,0.18227734356138664,0.011572410637348807,0.24647590497005706,1.7895086507011582,0.3155876106355504,1.1767530775453523,0.6812489586811357,0.0,0.5169468077934264,2.6202329968231393,0.5642631534879989,0.41220018477668136,0.15206296871131755,0.0,0.0,0.4357368465120009,0.0,0.0,0.0,0.0,1.0,0.1194829470186891,,,0.1888484004682247
B001046,1661.1120314264024,5.095435679222093,10.486727099634187,4.618523443138538,0.0,0.4462548871154908,0.009201779654103218,0.2051996862865018,2.7997062014102383,0.0,0.5095985437499222,0.0,1.4108557731386095,0.37527516092332247,1.7088072798347493,0.9359976317504043,0.9359976317504043,0.0,0.0,0.0,0.06400236824959567,0.0,0.0,0.0,0.0,1.0,0.2510957048041301,,,0.18481989412312194
B001047,20269.560823378175,5.8095617149263905,13.216755528117721,7.144898864411026,0.051635437453841006,0.43644748960504215,0.01473179719954365,0.33869851194063544,2.534684371928861,0.16348043450668462,1.6214255276096152,0.687191136493661,0.0,0.8027802443875686,2.908986351606389,0.4904095936079337,0.2113135779061435,0.2790960157017902,0.028139891187773703,0.0,0.4814505152042926,0.0,0.0,0.0,0.0,1.0,0.14761281922047856,,,0.1888484004682247
B001048,12447.404741150358,10.038229629959966,17.900525038698305,12.412438953143587,0.0,0.34153768020519604,0.011908599562436393,0.10501689886634467,3.3686114688677686,0.0,1.4636268074263938,1.0774652563480676,3.4741289679309677,0.6543971293867664,2.5842733598321947,0.26679536981861407,0.26679536981861407,0.0,0.453425991640439,0.0,0.27977863854094664,0.0,,0.0,,0.5,0.35593455941208463,,,0.18481989412312194
B001049,27972.00819774326,76.21800598840126,327.1622187315364,158.37255534460803,0.0,0.43299999999999994,0.36469831765206034,23.735777671725646,1.2815206156482237,0.0,73.97119436803875,0.642853067590104,0.1071281398920777,0.2153097972320903,1.3653592448479939,0.9912811729236729,0.9828467740010884,0.008434398922584414,0.0,0.0,0.00871882707632711,0.0,0.0,0.0,0.0,0.6,1.292281398390896,,,0.19003346509277597
B001050,1397.3619556117283,1.22360941822393,7.316497715402771,1.1796851392796854,0.0,0.13634125487925383,0.4424391745897701,29.37683571990824,0.24251623927163168,0.32900655798536266,0.04402919008289691,0.28024018087847913,0.141517571758938,0.1862996782466214,2.68722068687496,0.34163099305989236,0.03676594175150905,0.3048650513083834,0.34468331671522995,0.0,0.31368569022487736,0.0,0.0,0.0,0.0,1.0,0.9749784967256127,,,0.19003346509277597
B001051,3927.0274384281665,1.5339950931360025,6.412243846926964,4.817021264895182,0.2236388769474521,0.06844903872613674,1.712007806593644,113.64259228593212,0.3937449347155085,0.4970770361162263,0.08246026318884182,0.0,0.2535237218272686,0.3071891372881574,1.8756879004422586,0.923910489820317,0.43459943445767296,0.489311055362644,0.053755232697821266,0.0,0.02233427748186173,0.0,0.0,0.0,1.0,1.0,,,,0.19003346509277597
B001052,2171.698640099618,0.6469164849864814,4.033563026893132,1.0198618455235826,0.3467885846658479,0.45801893066041033,0.4448853127516737,16.10484832161059,0.24468692201342054,0.169401921216389,0.0,0.09273727605007887,0.0,0.14009036570659308,2.6769011738139743,0.43841410573106476,0.43841410573106476,0.0,0.14335277922623474,0.0,0.4182331150427007,0.0,0.0,0.0,1.0,1.0,,,,0.19003346509277597
B001053,3646.7787183273235,2.1876297050553832,5.065047676518539,0.10653937742484744,0.0,0.24,0.670812612694317,14.959121263083269,1.712921808790157,0.0,0.07148792225207264,0.0,0.0,0.4032199740131533,1.8941527252867776,0.9133749932125109,0.9133749932125109,0.0,0.032678255413551724,0.0,0.053946751373937334,0.0,0.0,0.0,0.0,1.0,0.6142625961761915,,,0.18861606020795307
B001054,18013.57681460092,4.430294346925952,7.824683829592166,3.908036334140351,0.12183489280493562,0.4724339062973825,1.2863094346967558,85.53102914369289,1.7962985633876045,0.3884204834633358,0.0,0.20664386275111377,0.6982364515601993,1.3406949857636987,2.7530835412951182,0.4916052262153879,0.44496185524061327,0.04664337097477456,0.0,0.0,0.5083947737846121,0.0,0.2,0.2,0.2,0.98,0.3296989561981918,,,0.27509512128729385
B001055,13763.565491835181,3.5777399250936264,8.213145449696745,7.812097779867249,0.0,0.6027490471786393,0.02036506943017065,1.356313624049365,0.922518816365894,0.0,1.423136823603242,0.0,0.7382222034362047,0.49386208168828505,1.709021043174564,0.9378090980364063,0.7314715165206437,0.20633758151576265,0.0,0.0,0.06219090196359364,0.0,1.0,1.0,1.0,1.0,,,,0.6052750777176602
B001056,12875.714945554177,8.682208324716235,13.920535408092697,8.979576835702455,0.0,0.3834027375708305,0.01980492439716161,0.6760069004076368,3.895470346734745,1.4343687500662892,1.3695041721590033,0.3430967876979215,0.9378990239143444,0.7018692441439296,1.8680900935479081,0.8524573744717036,0.6872495498698711,0.16520782460183242,0.1475426255282965,0.0,0.0,0.0,0.0,0.0,0.0,1.0,0.1535855753882359,,,0.18481989412312194
B001057,10917.65830602479,4.121426314090144,8.375110302859857,6.869308368171749,0.0,0.7153696651793503,0.5996634424365205,39.79031459163466,2.1311854868780085,0.29989527460074794,0.0,0.8883588275347011,0.10494153824939018,0.6970451868272953,1.9913986109613204,0.8330786889978308,0.8330786889978308,0.0,0.07276492450574203,0.0,0.09415638649642705,0.0,0.0,0.0,0.0,1.0,0.6433822524673972,0.23087601577099712,,0.18861606020795307
B001058,1326.233517480135,4.250748453461972,9.876334061559618,6.453510032843422,0.2627812254554002,0.26356917006812763,0.014986458959094385,0.04187088643412336,0.5283586893577429,1.9531900458313884,0.23194937189643694,0.3313436536723523,0.5280799858777242,0.6778267068263263,2.5717099397963703,0.7007600113884058,0.10875060435076796,0.5920094070376378,0.12423223619540125,0.0,0.1750077524161929,0.0,0.0,0.0,0.0,1.0,0.9836634410145108,0.5095504384690743,,0.1888484004682247
B001059,5179.809911141729,6.675012772089857,10.873741676059742,5.867044533998051,0.5695300811344629,0.809,0.016464843481298015,0.4507283157661521,4.111967520475137,0.0,0.0,1.0571433724326924,0.0,1.505901879182029,2.5639665383213712,0.5775271538967047,0.570345750932644,0.007181402964060728,0.0,0.0,0.42247284610329544,0.0,0.5,0.5,0.5,0.5,,,,0.4014480571426785
B001060,5290.1798802550375,3.0351003329059307,7.628183303530895,3.008715003511364,0.0,0.43475681213084527,1.1120206646282733,74.06057626424298,1.3900258307853415,0.3392522000539317,0.10073134842046173,0.20111360476045106,0.5281465727459502,0.47583077613979446,2.923230480243013,0.4954952842797354,0.1765173214347918,0.31897796284494345,0.0,0.0,0.5045047157202646,0.0,0.0,0.0,0.0,1.0,,,,0.18861606020795307
B001061,1147.19298270729,1.2523940859249891,10.138919255794153,1.4891110430070376,0.0,0.43299999999999994,0.1784661234831914,11.84208628389996,0.374826273420942,0.0,0.0,0.0,0.7088168564713498,0.1687509560326969,2.0999989767080725,0.9225763273437781,0.35660682586067716,0.5659695014831009,0.0,0.0,0.07742367265622166,0.0,0.5,0.5,1.0,0.5,,,,0.4064886165245276
B001062,3505.40846513127,5.529035433960994,11.285392063066164,8.846214896579315,0.0,0.3925753581086402,0.8155987655023089,18.117100524816923,1.8042464084228658,0.0,1.5296716842759353,1.3073543860251018,0.43475380236952754,0.45300915286756344,1.964984043370032,0.921368960723395,0.40825485534523587,0.5131141053781592,0.07863103927660497,0.0,0.0,0.0,0.0,0.0,0.0,0.98,,,,0.18690117976449694
B001063,1346.7621486466373,2.95991681021239,10.058908165823373,4.561547497609406,0.7022528858016611,0.26033194472797205,0.012951111762824156,0.2888097923109787,1.3763300127611433,0.0,0.0,0.437846127259995,0.42496347802401235,0.7207771921672385,2.85381882084023,0.47567143399706,0.327746287672229,0.14792514632483106,0.0,0.0,0.5243285660029398,0.0,0.0,0.0,0.0,0.95,,0.4049947785623203,,0.1888484004682247
B001064,2020.9325762509047,5.926488493404412,13.650369802235463,11.448085928573184,0.0,0.24,0.007499406493897512,0.43954357255053944,2.5184574046670756,0.8276644265177769,0.0,2.062942010022076,0.0,0.5174246521974846,2.9136633863917827,0.2166640411840185,0.07700892712467554,0.13965511405934297,0.348088419022145,0.0,0.43524753979383657,0.0,0.5,0.5,0.5,0.5,0.197768567778727,,,0.4014480571426785
B001065,5669.241933666595,7.4399500441818835,20.593324393938328,3.852654820095165,0.4198801625159989,0.6767212870471819,0.02645973956450906,1.4802548875075252,5.9222569112332595,0.03124066486820094,0.0,0.9491800952963073,0.0,0.537272372784116,3.4380854399315557,0.17506659883800296,0.0474877724131434,0.12757882642485965,0.004199042289622826,0.0,0.8207343588723741,0.0,0.0,0.0,0.0,0.5,0.08141004151652043,,,0.18861606020795307
B001066,2873.4348332061045,7.060036445223844,16.179825564143414,7.831684731486062,0.04105135218115816,0.391978037429523,0.006951109035442062,0.2472488107958751,3.0714544693353636,0.5032983885164657,0.619764885878614,0.21764887156375706,2.181975529078424,0.46589430085121664,2.4657478026658834,0.6671586003582733,0.6671586003582733,0.0,0.03082829292064035,0.0,0.30201310672108606,0.0,0.5,0.5,0.5,0.5,0.2284373873057171,0.37328345877098923,,0.4014480571426785
B001067,4549.7945230087125,5.327628247082801,8.487583852617563,10.896054587989711,0.1323169578017541,0.41255023922291156,1.7720495376381848,64.19371625112038,1.0744028466836797,0.9920590768020588,0.5822335415999591,1.3675781667672786,0.4531091862826443,0.85824542894718,2.613356971748828,0.5592164358681855,0.30252094148640135,0.2566954943817843,0.1862102667064413,0.0,0.254573297425373,0.0,0.0,0.0,0.98,0.98,,,,0.18690117976449694
B001068,1071.5728435999781,1.41930177960262,6.890158436061256,2.0256296024713056,0.578171555478486,0.488,0.8340701043885574,30.168457647629953,0.6942457218600655,0.0,0.0,0.3806422523212421,0.0,0.3444138054213121,2.220705413832009,0.7610421056013701,0.7610421056013701,0.0,0.23895789439862977,0.0,0.0,0.0,0.0,0.0,0.0,1.0,0.8558108154167353,,,0.19003346509277597
B001069,6474.718199728629,6.507254472089074,15.531660406848673,8.875770113715879,0.026626729550500335,0.2714137361515671,0.019698004049932983,0.4392654903135055,1.969800404993298,2.4283788920337774,0.0,1.1262447677787586,0.5734509512877689,0.40937945599547215,2.2163506875692525,0.5686828786695632,0.5686828786695632,0.0,0.08812486952022786,0.0,0.34319225181020885,0.0,0.0,0.0,0.0,1.0,0.5726111603811694,,,0.1888484004682247
B001070,1897.8662262694374,2.993479852159996,8.828294254409622,4.7792435621110165,0.0,0.7558432796175658,0.01566732403180322,0.5833024401399823,1.6649851132102744,0.0,0.0,0.6319356895486367,0.3659948051495362,0.3305642442515482,3.003662886467819,0.37828299814370203,0.16717895844466996,0.21110403969903213,0.0,0.0,0.6217170018562979,0.0,0.0,0.0,0.0,0.95,0.5752353099921118,,,0.1888484004682247
B001071,12872.241381499984,3.243195107457794,5.09554042018344,2.9663204180772054,0.0,0.41509670342393684,1.7868209905579346,118.82193116245162,1.056493582017961,1.040220119713476,0.0,0.4123595689617489,0.0,0.7341218367646084,2.795261792679339,0.3695810864681927,0.2424349989529766,0.12714608751521597,0.3207392972817048,0.0,0.30967961625010276,0.0,0.0,0.0,0.98,0.98,0.21095656523087433,,,0.18690117976449694
B001072,25888.494843810295,17.55152192800698,34.27781984377326,14.727935023428605,0.14322755739537263,0.29025433370956866,0.06500262796721282,4.085361122217295,12.268785860850233,0.6444477334954082,0.17971037940303586,2.9650238088089944,0.756644316480672,0.7369098289686314,1.8897705926661805,0.9870818621060438,0.7648003687577507,0.22228149334829297,0.0,0.0,0.012918137893956292,0.0,0.0,0.0,0.0,1.0,0.14514737955851537,,,0.18861606020795307
B001073,1783.5646460316452,1.8181087115511165,7.601396794971085,2.3212885485176127,0.021027807064373887,0.44829093253465235,0.47822733873744594,31.723575251969233,0.6560444532847611,0.3851345389496988,0.07646736728089056,0.20129214436570936,0.18578743058357633,0.3133827770864804,2.671812964080392,0.44713868691413916,0.34495149128430685,0.10218719562983232,0.11071513110675175,0.0,0.44214618197910915,0.0,0.3,0.3,0.3,1.0,1.2489442333320668,0.3539027744766508,0.3583922898655803,0.32150759030508125
B001074,576.7715607168897,1.413655786070808,6.660101786470142,2.917713662866396,0.0,0.48661403164440337,0.586956145342745,21.30557961169404,0.6388986934099657,0.3499386840800307,0.03165939504973123,0.0,0.0,0.39315901353108024,1.9192909235248277,0.9607870578801209,0.9383916520382736,0.022395405841847172,0.0,0.0,0.039212942119879204,0.0,0.5,0.5,1.0,0.5,0.5376521738493587,0.3254467728548761,0.35823993945296195,0.4064886165245276
B001075,15035.945601553698,3.7826278242902385,12.736716646310134,6.861586055897238,0.0,0.669058083748478,0.013588152982707867,0.30301581151438545,1.3588152982707868,0.43218543645894,0.8205127678562006,0.538091701404993,0.0,0.6330226202993176,2.8375543577089033,0.3396602985972328,0.3396602985972328,0.0,0.2565087507772439,0.0,0.4038309506255232,0.0,0.0,0.0,0.0,1.0,0.7154173650048801,,,0.1888484004682247
B001076,4662.65915997266,2.2298704734446004,9.7606549559234,3.6172058000818943,0.0,0.36332256289327725,0.4498529912677692,10.03832262773172,0.6100615267381823,0.5754641969952088,0.0667581802968789,0.5324648117995598,0.18295632970594863,0.2621654279088221,2.719121709556342,0.3972057097496784,0.13913502634076344,0.2580706834089149,0.35077343330804006,0.0,0.2520208569422815,0.0,0.30000000000000004,0.30000000000000004,0.30000000000000004,1.0,1.002312086086297,0.30523240024492154,0.709454360654115,0.32150759030508125
B001077,1109.2275839167007,1.6857562065603355,10.813937041298896,0.93859752231008,0.0,0.17336463935101845,0.2969791627402348,19.72587227995085,0.7377612078725851,0.43816935146703595,0.0,0.0,0.19876928741893785,0.31105635980177654,2.2902931850390287,0.7130488215303936,0.453124314201372,0.25992450732902184,0.0,0.0,0.2869511784696062,0.0,0.0,0.0,0.0,0.6,0.6811065563330938,,,0.19003346509277597
B001078,3454.5500499202944,6.773627548863322,12.782118860717503,19.518772131883672,0.0,0.365,1.0803761888084502,39.05685759420197,1.8640221915245132,0.7265158767961779,0.0,3.664118896880689,0.0,0.5189705836619412,2.6645778233277313,0.18381355804927615,0.18381355804927615,0.0,0.5409389386187261,0.0,0.2752475033319975,0.0,0.28,0.28,0.28,0.7,0.6403566989406204,0.38564876863880365,,0.30976336009743166
B001079,2272650.916269636,1000.72695564493,2082.582898276684,1891.361783608414,0.0002476581166540959,0.3650442911651351,1.0260287984553786,67.54534672639787,1.7442518492928352,0.2243568682536692,0.0,0.0,998.1363980427147,0.6219488846686448,2.3354331191463196,0.9982570152233297,0.9982570152233297,0.0,0.0,0.0,0.0017429847766704078,0.0,,0.9333333333333333,,0.7,0.27408152404008745,,,0.18690117976449694
B001080,13531.66538344209,3.1839212666922565,7.1774301363484705,2.3988447727393716,0.07383589594643528,0.3952500250220465,1.259803324605934,83.79069833892098,1.567878967042086,0.8208055869329547,0.0,0.07158926185437117,0.20693396257396354,0.5167134882888814,3.011579777271807,0.5075635244363503,0.1622884000601214,0.345275124376229,0.0,0.0,0.49243647556364967,0.0,0.0,0.0,0.0,1.0,0.5070317691562064,0.31646204619514195,0.3377056785103958,0.18861606020795307
B001081,8833.155833081557,5.466061777897003,9.401681727526222,3.985762149435361,0.04783769735749767,0.20857139598979382,2.5491872001302047,92.3202877265608,2.275901720080838,0.32790735650576397,1.308125883882605,0.5106295811964364,0.0,1.0434972362313577,2.018082009567237,0.8860008379357532,0.7925826509585664,0.09341818697718682,0.0,0.0,0.11399916206424641,0.0,0.28,0.28,0.28,0.7,0.6203751987375876,0.3769793652579562,0.4643054899958518,0.30976336009743166
B001082,4874.110986425972,5.1742154845286334,11.602188713714776,7.083220041796033,0.07010608866751844,0.12017252514818784,0.01531022410610514,0.38922859532351256,3.094644769776209,0.5504948128834479,0.10772190424780695,0.5703812006767828,0.3887840000363905,0.4621887969079956,2.114865225939224,0.7302339860981724,0.6342762692677089,0.09595771683046338,0.10639193797194504,0.0,0.16337407592988265,0.0,0.0,0.0,0.0,0.5,,0.12375567325942506,,0.18861606020795307
B001083,5528.697388633878,2.577481300062414,11.143042809286765,3.4379753981709333,0.07117614323174977,0.33821805438428343,0.5780469860387163,38.314614888501914,0.9219493775266221,0.6466812837309045,0.07041047395830986,0.37937194235981153,0.18036140674011666,0.37870681574664994,1.8053130430254098,0.8573812048907901,0.8573812048907901,0.0,0.0972933850935617,0.0,0.04532541001564837,0.0,0.3,0.3,0.3,1.0,0.6776426119605693,0.2954323956179743,,0.32150759030508125
B001084,4102.497787925938,4.889747065465957,9.08045735361491,6.238411095667579,0.0,0.3970217609940872,1.2218868159314853,81.1033591737748,1.70362407992065,0.0,0.0,1.7970660206043179,0.6405442027246564,0.7485127622163325,2.753998838555986,0.6354653091479525,0.13695072532730934,0.4985145838206435,0.0,0.0,0.3645346908520471,0.0,0.19999999999999998,0.19999999999999998,0.19999999999999998,0.98,0.22823315765089247,0.41323404834882005,,0.27509512128729385
B001085,10764.95884152812,3.4109502032725345,9.676851859675121,4.089870288107483,0.0,0.7209514535057722,0.024726351375216823,0.6786151237297915,1.761060659019021,0.44249511360908034,0.0,0.4246606099475203,0.0,0.7827338206969129,3.147256680499063,0.29226162910906295,0.16776241785112891,0.12449921125793402,0.129727814022187,0.0,0.5780105568687501,0.0,0.0,0.0,0.0,0.95,,0.5567655081083531,0.6895567023487761,0.1888484004682247
B001086,14701.531450292076,3.0475811464121216,10.343905939324705,1.8058669098683888,0.0,0.29631828871702676,0.016919425361471393,0.5118227631379427,1.5395001754849305,0.0,0.8913473203539676,0.22155092480152427,0.0,0.39518272577169894,2.869125781201389,0.5637188502812108,0.1985445721604484,0.36517427812076236,0.0,0.0,0.4362811497187891,0.0,0.0,0.0,0.0,0.95,,,,0.1888484004682247
B001087,1526.1911224790067,3.6165666409455137,11.841337560247249,3.816803590222148,0.03840665490836302,0.3600758779995386,0.00970997617969568,0.18223552870367685,1.8885068650041081,0.42161568560366386,0.0167627989388665,0.6471901230687372,0.1964962969178193,0.44599487141231886,3.01715085005884,0.4403825899685913,0.1448520731044052,0.29553051686418613,0.0,0.0,0.5596174100314087,0.0,0.0,0.0,0.0,0.5,0.37546479858273546,,,0.18861606020795307
B001088,5070.168647922542,1.263750909252877,9.668401803188713,2.2568497326153003,0.0,0.33760556625841026,0.24095853559528377,16.04367001867414,0.33189407200891924,0.2200597778931524,0.049403774878423304,0.3694991756144649,0.1259438445488793,0.16695026430903795,2.438745741592384,0.5540566525283689,0.3799244115290324,0.17413224099933636,0.13875172563157026,0.0,0.3071916218400611,0.0,0.3,0.3,0.3,1.0,0.706996838382205,,,0.32150759030508125
B001089,1113.0478196643335,3.1004117539396474,6.083802359007253,2.049859404990895,0.0,0.36500000000000005,1.6217640315185806,107.99675018097383,1.5744967678394044,0.0,0.5921855848041233,0.31614041676503973,0.0,0.6175889845310791,2.007538041012353,0.7584221556330963,0.7584221556330963,0.0,0.1910022383483877,0.0,0.05057560601851548,0.0,0.0,0.0,0.0,0.92,0.4484732227946906,,,0.18690117976449694
B001090,15261.13177636018,3.734980855692653,5.430432686139682,5.090393584481456,0.7501644334841033,0.24,1.0174670108151456,22.70712992625521,1.9751501315313398,0.4685264080337182,0.0,0.562446821632406,0.0,0.7288574944951898,2.0196147688355195,0.9179167415510989,0.7924739545232575,0.12544278702784137,0.0,0.0,0.08208325844890114,0.0,0.2,0.2,0.2,0.98,0.38690619088654454,0.22472371470293453,,0.27509512128729385
B001091,2448.5156805615434,6.1831204054584425,10.125363846611027,11.482212977335191,0.0,0.24,1.749027861511486,39.08602296608834,2.2806134859331775,2.655463835769526,0.0,0.5446528778936924,0.0,0.7023902058620465,2.8326909731777703,0.6254817701166717,0.10792485648481606,0.5175569136318555,0.0,0.0,0.3745182298833284,0.0,0.0,0.0,0.0,0.98,,,,0.18690117976449694
B001092,27437.046227522907,9.44801867338943,21.099437804833244,4.05412895539061,0.2963468067500822,0.2483174952478077,0.009690616066577925,0.31358203156924874,4.159308118648517,0.2684838245098471,1.4646683778472889,0.14243411770562714,0.0,3.4131242346781514,2.97403555447455,0.5152709046692623,0.3318300942442575,0.1834408104250048,0.015075554211889549,0.0,0.4696535411188483,0.0,0.0,0.0,0.0,1.0,0.38932709800730714,0.24002408365666164,,0.18481989412312194
B001093,3585.494347410405,2.6837532540497047,5.548802267393457,5.733072928451239,0.0,0.6657299068116408,1.2498313149077878,45.16668898757964,0.7554856350783559,0.7745092378388281,0.0,0.22168516741890784,0.4849189906649565,0.4471542230486564,2.5956239527412612,0.6549584877809796,0.39166894839518857,0.26328953938579097,0.0,0.0,0.34504151221902046,0.0,0.0,0.0,0.98,,0.21604150411238182,0.26821711688970984,,0.18690117976449694
B001094,11201.847460064808,3.2792293501360676,14.398473839348032,7.131331919280575,0.0,0.433,0.5904437482660922,39.229608720539595,0.7578638570594415,0.6177031158589812,0.0,1.1833457590217265,0.6225008975063916,0.097815720689528,2.11117836242191,1.0,0.4493076074556402,0.55069239254436,0.0,0.0,0.0,0.0,0.0,0.0,0.0,1.0,0.9455769661864285,,,0.19003346509277597
B001095,1019.4814433345842,1.0731383614048255,8.274802832996754,1.648774520551093,0.44932671718298856,0.365,0.31333223914211705,20.86234819575825,0.4826323352917103,0.10107225080824582,0.0,0.3188038224514382,0.0,0.1706299528534309,1.7863543180246517,0.9316442123667846,0.8374604104980917,0.09418380186869288,0.0,0.0,0.06835578763321522,0.0,0.3,0.3,0.3,1.0,0.9001068396211114,,,0.32150759030508125
B001096,7504.165801918802,5.012802806892987,13.449520105771038,5.2620333820918885,0.03841195439505191,0.285131130246882,0.011029693161737441,0.24042986904927885,2.1365273864513714,0.12443925793184507,1.4952129781277288,0.41885149673296934,0.0,0.8377716876490717,2.5199080541908367,0.5550743568378818,0.5550743568378818,0.0,0.0,0.0,0.44492564316211813,0.0,0.0,0.0,0.0,1.0,,0.21645817199807327,0.25237424905869443,0.1888484004682247
B001097,4220.623025005624,5.517154281053103,9.99643774976188,4.459410183030077,0.0,0.4434841944548125,0.014531017592587476,0.308981824616581,3.1030472802271714,0.3891898281594265,0.0,0.0,1.5212040581486577,0.5037131145178481,2.8261555214217564,0.42359141774589326,0.42359141774589326,0.0,0.0,0.0,0.5764085822541067,0.0,0.0,0.0,0.0,1.0,,0.19263096521464346,,0.18481989412312194
B001098,8377.298032311586,6.963672512312208,13.585924805637303,11.507463759600736,0.2431335065854674,0.4037213299301478,0.0158518927386087,0.1550276886978595,2.603793362075222,0.0,0.27522913888672274,1.8333762857039844,1.762935603888959,0.4883381217573188,1.925241704535612,0.9801226156973583,0.4241600798896303,0.5559625358077278,0.0,0.0,0.019877384302641653,0.0,0.0,0.0,0.0,1.0,0.2793190409399018,,,0.18481989412312194
B001099,2060.521554132851,3.947359299105079,15.546128129388919,6.494312625618494,0.0,0.43124771843926646,0.010678901963484342,0.3802338478060577,1.188252491601336,0.0,1.2114085096650171,0.4590245613205633,0.8540692976198921,0.23460443889826968,2.5891920659865186,0.341870479655333,0.341870479655333,0.0,0.38546888702924864,0.0,0.2726606333154182,0.0,0.0,0.0,0.0,0.95,0.6037025003145076,,,0.1888484004682247
B001100,1192.5282591725552,2.8258963487501307,10.786963007543036,1.7325528289530612,0.03399050087703725,0.37910120664936026,0.016556678732357853,0.39524643441236146,1.6582289333610056,0.229050343288967,0.0,0.14298579720083293,0.49603735732153775,0.2995939175777877,3.0391670932293118,0.4098341427525038,0.1837030057046056,0.22613113704789808,0.0,0.0,0.5901658572474964,0.0,0.0,0.0,0.0,1.0,0.17471218988908985,,,0.1888484004682247
B001101,1831.6226326891035,2.1701689960771366,11.774898935798944,3.779716795733326,0.05261906608339911,0.37897598648565883,0.25147655901021004,16.711457664061143,0.38493460329295737,0.6098617909615461,0.02751132198834522,0.7548262133346154,0.13563026720395024,0.2574047992957223,1.9181512261957852,0.9367293894899714,0.5910924142773487,0.3456369752126229,0.0,0.0,0.06327061051002852,0.0,0.5,0.5,1.0,0.5,0.6435776898637944,,,0.4064886165245276
B001102,13560.529501991761,5.251947909369388,10.328347404583614,9.040371123496412,0.21326393030960722,0.49680402579267186,1.9923024401903366,72.22343048153938,1.9323015559180425,0.41073290121798084,0.21017059454232265,1.555325868964666,0.18731410921465896,0.9561028795117185,2.158748240887249,0.9010042550617026,0.569195941603284,0.33180831345841877,0.0,0.0,0.09899574493829741,0.0,0.2800000000000001,0.2800000000000001,0.2800000000000001,0.7,0.45649372302072827,,,0.30976336009743166
B001103,489.8634294916367,1.580204611263344,9.69907343857079,2.3297318684926305,0.0,0.4597648281297074,0.45761775924615905,10.192910377824296,0.5674897546012398,0.0,0.0,0.3084981158712141,0.41235893892620923,0.2918578018646808,2.781754592163945,0.6408757761138651,0.3799228995135773,0.2609528766002878,0.0,0.0,0.3591242238861348,0.0,0.0,0.0,0.0,1.0,0.8292301646875228,,,0.19003346509277597
B001104,6152.124286979366,1.532666738161277,8.00238802803106,2.777233480097638,0.0,0.4097886741837678,0.5034560245714987,18.225108089488256,0.2769008135143244,0.5811029585185913,0.034472543651912144,0.0943384358960895,0.18422309028649855,0.36162889629386114,2.6810544041478033,0.3786371268997987,0.3561452551878384,0.022491871711960335,0.4406968440021085,0.0,0.18066602909809287,0.0,0.0,0.0,1.0,1.0,,0.22406118328181054,0.286529680516233,0.19003346509277597
B001105,10603.204596729924,12.65298877891399,31.65517246324118,4.459976902503642,0.0,0.4350138493383465,0.055651573288512134,2.543280583995471,10.764564267171986,0.4675498997950898,0.12931577762059612,0.7806112876844187,0.0,0.5109475466419021,3.4410839567361866,0.14652968378251344,0.03766394548393467,0.10886573829857879,0.0,0.0,0.8534703162174868,0.0,0.0,0.0,0.0,1.0,0.08806841041911967,,,0.18861606020795307
B001106,4797.5090268156455,3.856518510301966,13.865543299301208,3.6161233976881526,0.0,0.4349836424101501,0.014500652116505947,0.21441765377927588,1.7481365370456692,0.30765172132183016,0.0,0.1664158209821703,1.2429033375563663,0.3914110933959284,2.582129336240248,0.5425889447321041,0.49943711736822094,0.04315182736388316,0.0,0.0,0.4574110552678955,0.0,0.0,0.0,0.0,1.0,,0.38064224849684836,0.4377414674971785,0.1888484004682247
B001107,4110.026038064148,6.313404052325881,12.523090569913764,5.322889710212946,0.0,0.6871375148690283,0.008636032818633042,0.16396028321177422,4.522394361295456,0.704836584032462,0.0,0.06654355108222999,0.49432863803096816,0.5253009178847649,3.24128563944243,0.27461661203193627,0.07413700346334354,0.20047960856859282,0.0,0.0,0.7253833879680637,0.0,0.0,0.0,0.0,1.0,0.21940380429181594,,,0.18481989412312194
B001108,1650.57682986011,5.078697938031107,8.685051021990489,6.928155222805899,0.0,0.31907077097977765,0.01892853855561306,0.3852767774337114,1.2229177426916005,0.4250983208377811,1.7677407496728568,0.9922143776449335,0.0,0.6707267471839348,1.975053376923233,0.916297774345961,0.37286023169349125,0.5434375426524698,0.08370222565403876,0.0,0.0,0.0,1.0,1.0,1.0,1.0,0.2427056845463016,,,0.6052750777176602
B001109,852.8409711142293,2.8239767255438055,5.5447746212234765,2.175949096874063,0.0,0.809,0.6251419195868118,14.67027118866605,1.651155226588857,0.27852148439988006,0.0,0.0,0.0,0.8943000145550687,2.3711949193679955,0.6928863472712533,0.6928863472712533,0.0,0.09862740081409344,0.0,0.20848625191465334,0.0,,0.0,,0.7,0.2543453870722767,0.3517587821296074,0.7652636952486087,0.18690117976449694
B001110,15550.449746070644,9.278311304338093,27.426862790839166,4.2458593611833795,0.0,0.373905269492633,0.027216431475871355,1.0297950585300044,7.089364019647384,0.0,0.06115256940551319,0.8144253548728707,0.8745157319313839,0.4388536284809443,2.64926508231601,0.5211085338208432,0.3324865315183868,0.18862200230245646,0.0,0.0,0.478891466179157,0.0,0.0,0.0,0.0,0.5,,0.2154872873055277,0.6054643300465342,0.18861606020795307
B001111,4287.902354879143,9.4239612195146,19.601224812327757,10.3260392035041,0.1837396984985777,0.2869612024099104,0.00858299658662482,0.026365479695057644,4.609671648499923,0.3730751966557506,1.5307128784625135,0.20220436547377948,2.011320171391642,0.6969769590309914,2.605265410324843,0.5079651576173,0.46837721917341013,0.03958793844389001,0.0,0.0,0.4920348423827,0.0,0.0,0.0,0.0,1.0,0.2312156435744438,,,0.18481989412312194
B001112,9466.765383947635,7.740609471747862,12.026112189167682,8.513348854441153,0.0,0.3476318321371443,1.39938937620165,92.76986885124806,2.1971062225750995,0.0,0.0,2.526746088229736,2.2599082454779915,0.7568489154650354,2.384978927933143,0.7614143883932434,0.1430322892603077,0.6183820991329356,0.0,0.0,0.23858561160675665,0.0,0.28,0.28,0.28,0.7,,,,0.30976336009743166
B001113,2643.6913622993316,1.0408233709839887,5.965663901910651,1.6761013312071598,0.0,0.4616340508629321,1.2805033253950486,46.317562658148745,0.5591710432145549,0.0,0.026112337181197508,0.13027893292533088,0.0,0.3252610576629056,2.0110438430547664,0.87922072127945,0.854132567122697,0.025088154156752883,0.0,0.0,0.12077927872055012,0.0,0.0,0.0,1.0,1.0,1.2295199627625528,0.4758068970144458,0.3943337503023514,0.19003346509277597
B001114,11599.566507396947,5.765192101091921,8.051742714081485,6.500421443723002,0.0,0.488,0.025056485179102805,1.668761912928247,2.480149472286883,0.49290426514827185,0.0,1.6227149475119977,0.0,1.169423416144768,1.479790540225942,0.9347402049038702,0.6532725765824031,0.2814676283214669,0.0,0.0,0.06525979509612978,0.0,1.0,1.0,1.0,1.0,0.1335901180405967,0.27356250456193504,,0.6052750777176602
B001115,45579.842760226034,10.893843871946949,18.441138894850567,6.220434288067803,0.5214452910551608,0.6577963502526766,0.042720553006042494,1.7599846151873593,9.985670777069144,0.0,0.1338138349069025,0.03676637583381614,0.0,0.7375928841370873,3.5562318891742812,0.07108227996226184,0.07108227996226184,0.0,0.012283436083703234,0.0,0.916634283954035,0.0,0.0,0.0,0.0,0.5,0.15800546592451678,0.23910278366610804,0.3517194892710694,0.18861606020795307
B001116,3333.8178674835785,6.243104620755765,11.229343308868373,4.819925274807634,0.010656447376487101,0.3997075658589442,0.01428420106453933,0.42558249418912075,3.141491811344172,0.3862581804114099,1.5878720541165368,0.2118148789142173,0.0,0.9156676959694291,2.7099816007600483,0.5525815678544251,0.5525815678544251,0.0,0.0,0.0,0.44741843214557486,0.0,0.5,0.5,0.5,0.5,0.2865855889640943,0.23472361350483045,0.5208785154115632,0.4014480571426785
B001117,21373.717024845944,6.982592951599459,11.13556411257934,10.099331560193836,0.0,0.41710750984335304,0.007875443336550337,0.5245045262142525,2.322838336679774,0.8570778504502669,0.823956585722606,2.2325507148742583,0.0,0.7461694638725542,1.7680867280383596,0.9709404901347019,0.5284646667921992,0.4424758233425024,0.0,0.0,0.029059509865298226,0.0,1.0,1.0,1.0,1.0,0.1682287885893661,0.23760426637134038,,0.6052750777176602
B001118,3412.3236338998863,8.446345628465066,14.507950399200332,10.525453602034151,0.17007218434976848,0.7002227561542615,0.017863898781392242,0.4283286690520919,4.324136951708884,0.0,0.0,2.9215022115600062,0.21223743188689834,0.9884690333092756,2.0647146960273512,0.9089716525618474,0.5379544362066612,0.37101721635518625,0.0,0.0,0.09102834743815257,0.0,0.5,0.5,0.5,0.5,,,,0.4014480571426785
B001119,9466.10512391729,3.99076944515906,6.3876118234747,8.216499292629502,0.0,0.7346072424321592,1.7270595227283891,114.8429007746247,1.0484696726877,0.47806631539443617,0.0,1.4362089410116405,0.0,1.0280245160652834,2.51938809467377,0.6155376473726215,0.2556549328365035,0.35988271453611814,0.1197930178538244,0.0,0.2646693347735541,0.0,0.0,0.0,0.98,0.98,,0.34755236100071674,0.7088150040715703,0.18690117976449694
B001120,25771.914712986465,9.916088769906297,15.040401298024706,7.527388114879561,0.1195175139621112,0.25732373654464663,2.070781683828958,137.89513038847338,5.039425071750364,1.7612721643186273,1.639891377758061,0.0,0.4941155433289018,0.9813846127503437,1.8187645831518653,0.9884191040361738,0.810801476240848,0.17761762779532586,0.0,0.0,0.011580895963826157,0.0,0.2,0.2,0.2,0.98,0.6170382973191395,0.35757379660308936,0.5946838608031414,0.27509512128729385
B001121,1792.2722472875303,4.277499396867614,8.942537503394956,5.984750140535138,0.35596990651952765,0.3339279788839804,1.0842581704809402,24.19018037110427,1.5167946735398243,1.0227868659731116,0.27902327411587874,0.026830901426811913,0.5749720801658016,0.8570916016461867,2.6224575572215394,0.645023820613386,0.34068476190018154,0.30433905871320466,0.0,0.0,0.35497617938661385,0.0,0.2,0.2,0.2,0.98,0.17678747292796929,0.3617177711390226,,0.27509512128729385
B001122,3749.5542131280968,5.877044221203914,14.065359855832034,7.098664194793115,0.017468842596439424,0.3996380167805613,0.013611671371816493,0.17769174142572508,2.6322525711263185,0.3838675171628564,0.0,0.6713953515445461,1.5956885795292852,0.5938402018409069,1.758415174050348,0.934683575158769,0.8204432655279167,0.11424030963085227,0.065316424841231,0.0,0.0,0.0,0.0,0.0,0.0,1.0,0.09128437534268302,,,0.1888484004682247
B001123,2764752.3063353836,884.7207380273228,1652.49865885078,1265.7320089069974,0.0,0.021,0.009616705125988853,0.21445252430955142,3.229490527384316,0.0,0.0,0.0,880.9494781992702,0.5417693006682153,2.670126970675372,0.9963391080879148,0.0006017637101412603,0.9957373443777735,0.0,0.0,0.003660891912085223,0.0,0.5,0.5,0.5,0.5,,,,0.4014480571426785
B001124,37152.532166537356,16.68277151618202,32.40584127605173,6.567775688426908,0.0,0.43779507607259194,0.07171524886678803,3.2057431072255977,13.733979839874145,0.62560192776557,0.13959469905492794,1.2919208027347968,0.1958172399255081,0.6958570068270734,3.3055264517426473,0.16838910576267696,0.15665141339330246,0.01173769236937451,0.00836759641043596,0.0,0.8232432978268873,0.0,0.0,0.0,0.0,0.9,0.12254970855855424,,,0.18861606020795307
B001125,7844.875006800302,5.815326172572499,7.7640881001472115,5.568648823309177,0.0,0.4018852346191375,0.016072635999578526,0.7457703103804435,1.9842760493306821,1.345368859681762,0.0,0.0,1.4378064285153984,1.047874835044658,2.541042227855727,0.6587850809315985,0.4274362589124518,0.23134882201914692,0.0,0.0,0.34121491906840146,0.0,0.0,1.0,0.0,1.0,0.25355947453558964,0.21918235306450284,,0.18481989412312194
B001126,2669.132196856863,3.616710293843988,5.177318838192303,5.87648501334117,0.5570816075167487,0.18338982283521038,2.0128504096876316,133.96824148792962,1.221822410819273,0.0,0.5307351614071274,0.6189208857556505,0.42484819435666954,0.8203836415052679,2.7652961895819197,0.4910448592722349,0.344299580196249,0.14674527907598603,0.17112813453958903,0.0,0.33782700618817607,0.0,0.0,0.0,0.98,0.98,0.19303711626038833,,,0.18690117976449694
B001127,7323.041214149636,4.954696355987576,10.940958368399471,9.867749623066281,0.44876680732057034,0.23432187911686997,0.011052041985180141,0.2464605362695172,2.5245781184421645,0.23936039792061706,0.8136502594948425,0.17393730758834816,0.7784588802155579,0.424711392326045,2.8986600562838567,0.2899962141013612,0.254890670776158,0.03510554332520319,0.15711535567155752,0.0,0.5528884302270812,0.0,0.0,0.0,0.0,1.0,0.2498200157367536,0.19753845761058067,,0.18481989412312194
B001128,6520.089640172396,4.643938490151279,9.67122207382923,4.773879593871253,0.0,0.364418769215346,1.0483525238843625,23.391208008063142,1.4505442053620468,0.8685044916617398,1.1382612389067714,0.0,0.596392225245085,0.5902363289756368,2.2343013446956768,0.6973586566447569,0.5103397085032955,0.18701894814146164,0.0,0.0,0.3026413433552432,0.0,0.19999999999999998,0.19999999999999998,0.19999999999999998,0.98,0.23462211361505472,0.2779197589190053,,0.27509512128729385
B001129,12454.783266576362,6.696120035793743,12.141117868344493,7.035177879847895,0.0,0.40433449835870067,0.013857506556560175,0.5038604464839938,3.4291364865922764,0.679497774282156,0.0,0.9508428268824903,0.4826413288168994,1.1540016192199214,2.5692582725298823,0.5980581108022139,0.2825049369214118,0.3155531738808021,0.0,0.0,0.40194188919778623,0.0,0.0,0.0,0.0,0.5,0.5351758828811771,,,0.18861606020795307
B001130,2076.4159484626816,3.940068213401673,7.235337123444879,6.209909387281663,0.0,0.453,0.01728973977561985,0.292377882278388,3.3861074731906298,0.0,0.09322540535938621,0.0,0.0,0.46073533485165635,1.580959967542268,0.9720172350115336,0.9720172350115336,0.0,0.023660860754210065,0.0,0.004321904234256233,0.0,0.0,0.0,0.0,0.5,0.7067265370067166,,,0.18861606020795307
B001131,5504.61876349614,1.4432665871778028,7.083639927732579,1.7375854189208475,0.0,0.4836745335393082,0.2906419431599594,10.592230974156932,0.44687532179142647,0.6666140738614396,0.0,0.0,0.0952475931535164,0.23452959837142054,2.441731032905962,0.6877623826572468,0.15988924142093652,0.5278731412363105,0.0,0.0,0.31223761734275324,0.0,0.5,0.5,1.0,0.5,,0.39844040507774603,,0.4064886165245276
B001132,3514.9871441187424,3.4326046329284594,8.818822925588567,6.1632713559140875,0.0,0.4432722977319904,0.011955876868880194,0.027618075567113248,0.47823507475520777,0.5660948467867876,0.0,0.7714461381109212,1.0678844063584623,0.5489441669170813,1.8838132384761705,0.8094281975926818,0.6445112009318009,0.16491699666088105,0.05125046310492069,0.0,0.13932133930239757,0.0,0.0,0.0,0.0,1.0,0.6980134449085152,,,0.1888484004682247
B001133,2518.1218476811314,2.7917093655001457,5.53383118435213,3.5812140691953904,0.0,0.14381214237771694,1.528735353138605,55.310667219989575,0.9287349461071674,0.0,0.0,0.2658509441887127,1.0039465433446,0.5931769318596654,2.6045931613635696,0.5453250086498858,0.5453250086498858,0.0,0.09522873242970421,0.0,0.35944625892041,0.0,0.0,0.0,0.98,0.98,0.3393639638871414,,,0.18690117976449694
B001134,974.0653271233891,1.6481646821038733,8.31376396312777,2.7350699359633195,0.26969717920857766,0.44761059667945857,0.5649174507835079,37.52637021532108,0.7041302878428513,0.1917218813435385,0.03488440146613748,0.18936628468255948,0.07378748586618454,0.45427434090260244,2.824935056230859,0.45788392250653803,0.39194883209214876,0.06593509041438926,0.11489524483732684,0.0,0.4272208326561353,0.0,0.0,0.0,0.0,1.0,0.8337844770146932,,,0.19003346509277597
B001135,4405.658020865528,9.294637174821789,17.16802313222883,9.148446158079027,0.0,0.360397837467948,0.01239078636197151,0.2600325688806627,4.924339508931616,0.5033289254442094,1.4625424211442601,0.2203922181870407,1.5679485344447932,0.6160855666698658,2.7716809827946363,0.4616732314616172,0.4616732314616172,0.0,0.0,0.0,0.5383267685383823,0.0,0.0,0.0,0.0,1.0,0.1457109525857129,0.24927287907265286,,0.18481989412312194
B001136,5968.448888138064,3.032748418769341,4.481021878123244,5.479255452424694,0.49094800665685223,0.36499999999999994,1.9498530321909588,70.26139288740623,1.1787476261240573,0.7947350576284001,0.3704077300787682,0.0,0.0,0.6888580049381153,2.5488009918000123,0.6113269340678177,0.48919094422231785,0.1221359898454999,0.0,0.0,0.38867306593218215,0.0,0.0,0.0,0.9800000000000001,0.98,,,,0.18690117976449694
B001137,1542.6230113418223,5.0412516710517075,8.929689857129286,10.015056951432232,0.0,0.3814167926794558,1.5843379166441993,57.34853915321144,0.9633395208324249,0.9836628604574961,0.6129505125809547,1.6600200690115627,0.28627232591552504,0.5350063822537439,2.1820708468238785,0.7924521275771119,0.21125613765873189,0.58119598991838,0.0,0.0,0.2075478724228882,0.0,0.0,0.0,0.98,0.98,0.4137510050877952,,,0.18690117976449694
B001138,2891.8571960914364,5.0032131420267065,9.691017627435796,4.21663698566776,0.0,0.5379259495752998,0.02169104369679286,0.7794464783865922,3.461711663244755,0.40794660399854904,0.14218928556285929,0.06447201693964949,0.0,0.9268935722808934,1.475720740578804,0.9854977518868435,0.8910747066302046,0.09442304525663896,0.0,0.0,0.014502248113156502,0.0,0.0,0.0,0.0,0.5,0.7488973308162459,,,0.18861606020795307
B001139,1928.2190871305393,3.474268625460431,12.63784220932601,5.168754305604096,0.0,0.41707641149174063,0.009459923513471642,0.34646305658454424,1.6215646638441277,0.2685659058907625,0.420213445707409,0.8552742747870903,0.0,0.3086503352310408,2.685130858105981,0.533264454003113,0.533264454003113,0.0,0.0,0.0,0.46673554599688677,0.0,0.0,0.0,0.0,1.0,,0.3034953537872215,,0.1888484004682247
B001140,3252.9563329051466,5.341471811010093,17.729614597209537,6.929472776454674,0.0,0.4363806552422389,0.016065475250388466,0.4156101401134786,2.150302917600481,0.39712757202047383,0.0,0.7434112813905146,1.5373327402744907,0.513297299724133,1.66546752977974,0.9915692577841917,0.6294105905218157,0.3621586672623759,0.0,0.0,0.00843074221580834,0.0,,,,1.0,0.99175346665481,0.3835428562004455,0.20557759182345842,0.1888484004682247
B001141,3128.018393080351,4.654789275417189,12.231937325729122,4.7301429957806596,0.0,0.3854607875807251,0.024546429336721316,0.6488002339129035,2.305322158357917,1.210813908839113,0.07915316508890646,0.6068836040103178,0.11679441093608328,0.3358220281848513,3.0302215106184183,0.47835651676363516,0.08785602247723835,0.3905004942863967,0.025091234860597528,0.0,0.4965522483757674,0.0,0.0,0.0,0.0,0.5,0.7186869706050909,0.1867955298174081,,0.18861606020795307
B001142,5004.663913805148,2.672004225202962,11.056884908002655,6.937112710191345,0.0,0.3942533198487033,0.34226937446384337,12.500596023275556,0.4284355265425834,0.6968361941706136,0.03710440843157023,1.1034220579925076,0.15741144100883298,0.24879459705685403,2.1434394087134763,0.47773975174753225,0.47773975174753225,0.0,0.41295670402942314,0.0,0.10930354422304454,0.0,0.5,0.5,1.0,0.5,1.2366413755048595,,,0.4064886165245276
B001143,508.5497360025996,1.6247595399444077,9.794436469626937,3.296665016192845,0.10183505198683251,0.5686191433269324,0.24523931133019708,16.245835334936505,0.3829516816728403,0.13636330245967607,0.0,0.5480801289613335,0.2664992962454506,0.29086513060510705,2.1369185767087098,0.8341782283666792,0.4287167315460402,0.405461496820639,0.08392829776173638,0.0,0.08189347387158438,0.0,0.5,0.5,1.0,0.5,,0.4382661569517419,0.642604245713253,0.4064886165245276
B001144,8095.540535945443,6.425032171385272,17.39507363817501,6.9825176020825666,0.0,0.31908481354402773,0.012986281858089239,0.3469452275384087,3.170485322133173,0.41786065258109734,0.11858001750815568,1.2002848123325423,1.15553682309629,0.3622845437340139,1.9778477124866698,0.8809780556402933,0.6459132546810655,0.23506480095922783,0.0,0.0,0.11902194435970659,0.0,0.0,0.0,0.0,0.5,0.6111217633007335,,,0.18861606020795307
B001145,542.3648313762897,1.0233298705213012,7.751167507240191,1.5645080091411265,0.0,0.4271899105756333,0.38140392526884886,13.80682209473233,0.2097721588978669,0.4159533636442239,0.04310567943391513,0.1783128285415697,0.0,0.17618584000372556,2.823479392097088,0.28397569726590177,0.06760508759857078,0.216370609667331,0.4064704604316205,0.0,0.30955384230247773,0.0,0.0,0.0,1.0,1.0,0.5694770420528493,,,0.19003346509277597
B001146,4577.873271419246,5.424020463766879,7.868482596374595,8.318348856117657,0.18642261603477378,0.38581161135224284,1.9288831170512608,69.77180476143697,1.198909133924752,1.1795770491626547,0.9672455320582699,0.4417206665622545,0.7668869951719898,0.8696810868869589,2.4405883225357217,0.6818710311531901,0.28607190104998276,0.3957991301032071,0.08143786873832845,0.0,0.23669110010848185,0.0,0.0,0.0,0.98,0.98,0.4772688607888838,,,0.18690117976449694
B001147,2609.770255578489,1.5534346759395767,7.042437462167756,2.246336434961586,0.43247303168217066,0.47,0.6321161508109939,22.88260465935798,0.7901451885137423,0.0,0.0,0.5271458088495338,0.0,0.23614367857630114,3.0115253000351903,0.4913560249736078,0.15201390971491763,0.3393421152586901,0.0,0.0,0.5086439750263926,0.0,0.0,0.0,0.0,1.0,0.48580948790329637,,,0.19003346509277597
B001148,34930.77149311688,7.605219136319809,16.627437488278883,10.310186347022412,0.1660877205589037,0.3442990475053222,0.013485218281728993,0.47973331377876666,3.0507122872939885,0.0,0.2438620597734846,0.6880906654260046,3.0686888425786614,0.5538652812476699,1.8897126777414537,1.0,0.8774587939552178,0.12254120604478261,0.0,0.0,0.0,0.0,0.0,0.0,0.0,1.0,0.2146967758609813,0.2679815744624835,,0.18481989412312194
B001149,999.3668328756988,2.039524148725916,11.225874880776477,2.466115327709259,0.0,0.4396678172531811,0.3112545133603851,20.589392741440065,0.8480806565384211,0.39862432194514147,0.05925258103313676,0.11181361247730304,0.41498033238809706,0.2067726443438169,2.6159006007301655,0.5551250333866525,0.29683245803544317,0.2582925753512095,0.02905215957857212,0.0,0.4158228070347754,0.0,0.0,0.0,0.0,0.6,0.8696759491453221,,,0.19003346509277597
B001150,12222.225701962314,7.99883881018476,11.146263708840713,10.178619982528275,0.0,0.31168672666311903,0.01503782077756591,1.0015188637858896,1.8565210836501123,0.0,2.240151492555892,1.2318385856582093,1.9390584923946124,0.7312691559259337,2.421967602037558,0.6717897290470447,0.14931264404450653,0.5224770850025382,0.053905424290476456,0.0,0.27430484666247873,0.0,1.0,1.0,1.0,1.0,0.19389816743247984,,,0.6052750777176602
B001151,14170.345339817384,3.5828938912306914,8.006800117614986,0.43368089149823036,0.0,0.423349956117727,0.01108991805523003,0.18942618010958753,2.7315069101551805,0.0,0.07422876556485412,0.10173419831417287,0.0,0.675424017196485,3.410201149188985,0.1833313137610349,0.1342193475066881,0.049111966254346794,0.0,0.0,0.8166686862389655,0.0,0.0,0.0,0.0,0.5,,,,0.18861606020795307
B001152,7043.210007435708,10.06172858205101,15.244730612620687,18.52356902515277,0.3943147832355751,0.24,0.023141984023760758,0.8955583338838257,4.668471466495092,1.2540616260488024,0.2983013712389948,2.9696030981443666,0.0,0.8712910201237557,2.0146005228247885,0.5859954081981396,0.4317114812735912,0.15428392692454831,0.2951384619380216,0.0,0.11886612986383897,0.0,,1.0,,0.5,,,,0.18481989412312194
B001153,2716.2318840162143,0.8620221783612232,3.854694156149967,0.2526930919583316,0.0,0.43299999999999994,0.3100089868753315,11.187701863095223,0.47665304003250064,0.0,0.0,0.0,0.12028191177216585,0.2650872265565566,2.99145731416092,0.4017560714063292,0.4017560714063292,0.0,0.0,0.0,0.5982439285936706,0.0,0.5,0.5,1.0,0.5,0.8027179456037478,,,0.4064886165245276
B001154,3994.9683295902455,5.215363354556456,9.18811834218502,6.618061486455589,0.0,0.349955369450579,1.5696440264498965,104.48979767150973,1.9610399943388828,0.9950157955699673,0.0,0.9382352751625196,0.17301496046935477,1.148057329015731,2.6328393192446327,0.6239878487803538,0.44408949628247446,0.17989835249787928,0.0,0.0,0.37601215121964604,0.0,0.0,0.0,0.0,1.0,,0.38661786171439927,,0.18861606020795307
B001155,12663.912137390125,4.844648866637385,16.670963936706602,7.014152240858347,0.0,0.15229497685334342,0.01870516894373049,0.38589356419204,0.3509921673292612,0.0,0.8497085302128211,0.3766228537913041,2.8305436319905217,0.43678168331347667,1.8606690267413641,0.9613590878607754,0.9004626090973925,0.060896478763382875,0.0,0.0,0.0386409121392247,0.0,0.0,0.0,0.0,1.0,1.2353502243551548,,,0.1888484004682247
B001156,2221.039177784048,3.720333631129059,8.584658607009931,2.2581097632551406,0.0,0.365,0.02400495314719691,0.8753890660319449,2.0234504851069404,0.0,1.1922819549987143,0.0,0.0,0.5046011910234044,2.8669396673606977,0.43955666966198903,0.1190795100270139,0.3204771596349752,0.0,0.0,0.5604433303380109,0.0,0.0,0.0,0.0,1.0,,0.5417084476021236,,0.1888484004682247
B001157,4583.625514660289,8.379571324790291,19.235806935070524,10.536084760514285,0.0,0.15904871357130812,0.013580827799320048,0.3111399640106198,2.4261178731945336,0.13179412917952393,1.682291396311174,0.8774977103007364,2.3824476277262043,0.8794225880781206,2.4036432532733483,0.6947442890298365,0.5900256016066828,0.1047186874231537,0.015728027612775555,0.0,0.28952768335738827,0.0,0.0,0.0,0.0,1.0,0.14580333981807989,,,0.1888484004682247
B001158,2995.543864328547,2.1458050604072687,11.226635721436555,2.48679911571016,0.0,0.31057401188685924,0.31920971246919505,20.92378395573501,0.8620827809402035,0.5234325330370597,0.0,0.45513931002346786,0.07571715291729485,0.22943328348924238,2.9216663329455153,0.37320574088887454,0.12927280275994987,0.2439329381289247,0.2121065507866234,0.0,0.41468770832450197,0.0,0.0,0.0,0.0,0.6,0.8064820049223773,,,0.19003346509277597
B001159,1224.6774157260493,4.041839655861549,6.872632591509133,4.311005065887763,0.0,0.809,1.6745991460051664,59.88674561489924,2.0624814270348133,0.0,0.0,1.4269650881742464,0.015481624454588736,0.5369115161979017,2.878839346944233,0.4133886965295788,0.060340280542854584,0.35304841598672426,0.0,0.0,0.5866113034704215,0.0,0.0,0.0,0.0,1.0,,0.3478377451584746,,0.18861606020795307
B001160,1294.486949085555,2.902437105572993,8.301832506143777,0.9051488841920018,0.0,0.36499999999999994,0.009222826416808983,0.33386631628848523,2.1067369987634734,0.477918610853377,0.0,0.0,0.0,0.3177814959561431,3.3085570661157244,0.1862516289882958,0.021590486138474335,0.16466114284982147,0.0,0.0,0.8137483710117044,0.0,0.0,0.0,0.0,1.0,,,,0.1888484004682247
B001161,3929.3940888750544,3.913739132345672,8.047696201708101,5.552693323921985,0.0,0.6228650905356603,1.420126030286669,94.57081634626101,1.8510380521997858,0.5902143117498788,0.4881059426232203,0.0,0.3648132651597527,0.6195675606130343,2.705382228566424,0.48615432257506197,0.39294083725492407,0.09321348532013794,0.0,0.0,0.513845677424938,0.0,0.0,0.0,0.0,0.98,0.28701254533849274,,,0.18690117976449694
B001162,22991.97456430289,16.648786795295358,47.848459151098126,2.1216564407080365,0.0,0.46427332741509075,0.04677718234425833,2.1704612607735863,15.406392313818934,0.4925891775762317,0.0925166257446912,0.0,0.09858209334932806,0.5587065848061729,1.9974976893031147,1.0,0.9648559495346374,0.03514405046536262,0.0,0.0,0.0,0.0,0.0,0.0,0.0,1.0,,,,0.18861606020795307
B001163,2853.4415377153073,8.176050251333258,13.211709093910649,3.2555348916807856,0.13889014293570007,0.47547428563062805,1.7641500423383396,117.41886964211729,2.305743062071174,0.0,0.46705231173197326,0.3196500356275662,0.0,5.083604841902544,2.632170273445615,0.7179881493884923,0.7179881493884923,0.0,0.0,0.0,0.2820118506115076,0.0,0.0,0.0,0.0,0.98,0.4215272595815485,0.5055850545062772,0.46945647002762897,0.18690117976449694
B001164,2641.2148343098793,3.2209937003779014,5.190053362544319,3.816789290499942,0.0,0.7331206443089154,2.483273944129761,89.86371627681902,1.5100641616744015,0.2502872165920153,0.0,0.24576792198213668,0.0,1.2148744001293486,2.1689186307459414,0.7890056467249317,0.7890056467249317,0.0,0.15400686394262508,0.0,0.05698748933244323,0.0,0.0,0.0,0.98,0.98,0.5448692494982984,0.37381068733447614,,0.18690117976449694
B001165,32470.489293931532,7.860200748954619,12.230245029603816,2.869515651192368,0.0,0.47,1.7578067759150677,39.22308295273858,2.3031611050212177,0.5730107768445577,0.0,0.3322455785659582,0.0,4.651783288522886,2.701522984585633,0.6781642458774967,0.6781642458774967,0.0,0.042269350259297865,0.0,0.27956640386320536,0.0,0.0,0.0,0.0,0.98,0.36274719816694495,0.32245921795546556,,0.18690117976449694
B001166,6747.116338838081,6.569733533435327,9.720603828222352,5.880021877924382,0.0,0.3427973861018372,1.6328280754918147,59.11000147826467,2.263773887975875,0.48373907243369213,1.8254343845248486,0.0,0.768898285855602,1.2278879026453102,2.620533241985708,0.6670945362607619,0.2722029235070452,0.39489161275371676,0.0,0.0,0.3329054637392381,0.0,0.2,0.2,0.2,0.98,0.21291496921091527,,,0.27509512128729385
B001167,3525.459248938411,10.368997790995326,17.60439113448909,12.646867015064684,0.0,0.21307879820029635,0.028704210953143426,1.1314720795163447,9.35621655271068,0.0,0.17424203125998308,0.0,0.10407896578397648,0.7344602412406853,2.454223606232448,0.7365706046276432,0.7197664703446464,0.016804134282996843,0.010037514510260675,0.0,0.2533918808620961,0.0,0.0,0.0,0.0,0.5,0.08156706807220629,0.21355786438850943,,0.18861606020795307
B001168,3078.7078246423566,4.404446101062026,7.566006971896367,5.830558920764749,0.08205129936042646,0.4201385422006671,1.3358678382939884,88.8545273526233,1.8399472481713608,0.0,0.0,1.4266381534504526,0.34916915974061813,0.7886915396995954,2.6249964308320934,0.5820169371650805,0.17883177552514642,0.4031851616399341,0.0,0.0,0.4179830628349194,0.0,0.2,0.2,0.2,0.98,,0.37927279608295683,,0.27509512128729385
B001169,3615.244922986377,1.7888396452183952,8.975885351925307,2.913459461713901,0.16493692198224963,0.3274209733511308,0.5639101822467676,37.537690070506265,0.7037401746755885,0.3181252591988238,0.029699528163015135,0.34301855983212426,0.1310576703915336,0.2631984529573099,2.6361642447932634,0.606594041809896,0.5333299732602897,0.07326406854960613,0.0,0.0,0.393405958190104,0.0,0.0,0.0,0.0,1.0,0.4261750800021601,,,0.19003346509277597
B001170,2719.0542917370076,1.922952115797035,10.062531504241349,2.97895633218238,0.0,0.31142276192842044,0.5516552932433431,12.283484905141265,0.6880752665067336,0.5574054559076919,0.04778356530486721,0.47460976159610474,0.0,0.15507806648163713,2.5692833419969996,0.37795536025759674,0.3531062935999688,0.02484906665762794,0.24681309414685348,0.0,0.37523154559554944,0.0,0.0,0.0,0.0,1.0,1.0562103770834557,,,0.19003346509277597
B001171,1915.309405961197,5.839357945003649,13.406338067997584,13.305404301929705,0.0,0.5373607167014087,0.023163858496074084,0.5264312731684246,1.9636276815369558,0.6516221875878395,0.0,2.547602990629749,0.08894524017360506,0.587559845075499,2.83679375074952,0.6439734618116315,0.19246008386238728,0.45151337794924407,0.0,0.0,0.35602653818836844,0.0,0.0,0.0,0.0,1.0,0.5189059962723841,,,0.1888484004682247
B001172,19080.764324680833,10.460945353443439,20.6910140718294,4.857431733197804,0.2642427064639776,0.5316448036790582,0.039653328154101775,1.610966148607002,8.793194568567595,0.286833603856094,0.0,0.4443615644919232,0.295017614665994,0.641538001861832,3.426582624903259,0.15505928992371287,0.09943800533966143,0.05562128458405143,0.0,0.0,0.844940710076287,0.0,0.0,0.0,0.0,0.5,0.1526809741520025,,,0.18861606020795307
B001173,9231.61809014461,4.88703975126766,8.75543252909033,5.667778088180562,0.20850233576414062,0.448308275505796,1.1814900484942408,42.82947859089712,2.1320595657838135,1.0475143055821767,0.0,0.6969728523513198,0.0,1.010493027550348,2.4896163642553484,0.6765440682936514,0.32974730608253977,0.34679676221111155,0.0,0.0,0.32345593170634823,0.0,0.28,0.28,0.28,0.62,,,,0.30976336009743166
B001174,7369.755739351656,7.45926694266362,10.84047041078222,9.572337602397784,0.02272848964402171,0.44565817594257146,1.3841524485862,92.16781776400266,3.6562208691646294,0.0,0.9647035130659645,1.4558523514483621,0.6156794182251587,0.7668107907595038,1.956920235450997,0.8677975446597258,0.6726238952061115,0.19517364945361423,0.0,0.0,0.13220245534027428,0.0,,0.9333333333333332,,0.7,0.3701160240088345,,,0.18690117976449694
B001175,780.8152253329412,1.8860271143307759,13.030993233545491,2.2586875565019615,0.0,0.26188213778870856,0.185475915334882,6.764871131897174,0.6868430864760318,0.45056759677606895,0.053833698655089586,0.23966155166183675,0.17063652991265413,0.28448465084909424,1.9197898161593032,0.9641079593014604,0.7252102290660467,0.23889773023541344,0.0,0.0,0.03589204069853958,0.0,0.5,0.5,1.0,0.5,0.687515804054027,,,0.4064886165245276
B001176,757.2032091971029,1.16135461533298,6.686678776065767,1.1653644443021671,0.0,0.30488845027890854,0.5179497696459548,18.612718095429596,0.2823519800867969,0.3002169681599967,0.0,0.10894887773733854,0.22850651374308492,0.24133027560576295,2.5754681159010953,0.6656930115580555,0.11661665604920103,0.5490763555088545,0.0,0.0,0.3343069884419447,0.0,0.0,0.0,1.0,,0.39277319815014605,,,0.19003346509277597
B001177,5331.597840292011,1.7584425594630644,8.511960423345718,2.871133435821505,0.0,0.3865298247909947,0.24524655244227944,5.477959418561114,0.37887140768091876,0.49142286512004174,0.0,0.5581589573713301,0.13987918385524195,0.1901101454355319,1.9872764036771982,0.910661696286282,0.5932450400710445,0.3174166562152377,0.0,0.0,0.08933830371371794,0.0,0.29999999999999993,0.29999999999999993,0.29999999999999993,1.0,0.9671428676833658,,,0.32150759030508125
B001178,3805.090105763451,3.91470175490067,8.946291779543111,5.438084134024777,0.0,0.08479906187895825,0.017146481719540117,0.2219995891056514,0.5196335077121002,0.21902977871419557,0.0,0.8400119693217867,1.747918163536356,0.5881083356162314,2.0469482752068813,0.6373589859469491,0.5814084199964267,0.05595056595052237,0.2145787909053881,0.0,0.14806222314766287,0.0,0.0,0.0,0.0,1.0,,,,0.1888484004682247
B001179,1176.4834620946117,1.7638432715061645,8.063652277432675,2.932658152263179,0.0,0.4607102480008819,0.30063121632588363,10.889086179554623,0.4530271361486796,0.2776204505282892,0.08110221677431345,0.5110964424473942,0.0,0.4409970256074884,2.3405442016883953,0.6971786770675529,0.4074157198344173,0.2897629572331353,0.045980398646790994,0.0,0.2568409242856566,0.0,,0.0,,0.5,0.6752262258390217,0.3501926289919121,,0.19003346509277597
B001180,14874.338089127694,10.49706287164975,15.222360398027051,13.128132301185017,0.0,0.5583202436073406,0.021714695233564233,0.26078322817095834,6.006149139510352,0.23783590165650284,1.4308453376879822,1.4026044092814365,0.0,1.4196280835134745,2.981412281590039,0.40139802276325337,0.26508890894891385,0.13630911381433944,0.022657376121738314,0.0,0.5759446011150082,0.0,0.0,0.0,0.0,1.0,0.17929804114165732,,,0.18481989412312194
B001181,2796.790904532353,7.080483302613552,10.938851222087392,4.213754369245042,0.0,0.4260215794057328,0.024712120669761146,1.2007495087681785,4.661608781165386,0.5941612257667088,0.7542478440614766,0.3377047770892852,0.0,0.7327606745306945,1.8379086546620307,0.9057374319539809,0.9057374319539809,0.0,0.04769515902461509,0.0,0.046567409021404084,0.0,1.0,1.0,1.0,1.0,0.1768585111720325,0.18264052643884304,,0.6052750777176602
B001182,4987.003830675691,5.167879617280509,10.530752990482442,1.931920846471609,0.0,0.35930503337399794,0.01338500860575838,0.2183138866673056,3.299832256548497,0.5313643413282719,0.08364445397188502,0.28016947490427113,0.15418030683812092,0.8186887836894624,2.041410641701746,0.8186023332552734,0.7887679875939372,0.029834345661336283,0.0,0.0,0.18139766674472663,0.0,0.0,0.0,0.0,0.5,0.40991522496289884,0.177867888098237,1.017982034735457,0.18861606020795307
B001183,6952.272403644796,6.419457436421788,14.52962251974564,13.502998221127113,0.22872423660457902,0.32890688780185784,0.035813037453268,0.8436543121563868,1.973318854308576,0.8717787784392798,1.1334155063606344,1.2185354891091258,0.4960900055489266,0.7263188026552467,2.367985957330472,0.6434491604772219,0.45363008290291246,0.18981907757430957,0.0,0.0,0.3565508395227783,0.0,0.0,0.0,0.0,1.0,0.7874263128453113,0.41241882969424676,0.48915057871775064,0.1888484004682247
B001184,6835.185565746054,1.8453524745534702,10.809346545178515,2.4715193172320684,0.30462979940668333,0.3298245595971558,0.2895030908905727,6.458287277897045,0.7936927684516013,0.13288582049972655,0.012965623857922109,0.5764142147946948,0.16520432121544665,0.16418972573407867,2.802902616210972,0.23750239261080153,0.23750239261080153,0.0,0.3193860505133212,0.0,0.4431115568758772,0.0,,0.0,,0.6,1.018837919440587,,,0.19003346509277597
B001185,1041.5080785127711,2.822515117920789,6.0799758638078645,2.750988227141029,0.0,0.41335880284856363,1.262203696623702,45.670342231772935,0.7671051350809297,0.5534452393849932,0.0,0.28457379253991777,0.5147907901112773,0.7026001608036704,2.5640763318348876,0.604263953071309,0.4218766961022482,0.18238725696906058,0.10082276999442596,0.0,0.29491327693426495,0.0,0.0,0.0,0.98,0.98,0.3799389903838393,,,0.18690117976449694
B001186,6530.262591158571,1.5993785430219376,8.130463044461532,1.9006124882423077,0.022027253372000268,0.394087008966488,0.24743608921396917,8.947439619584134,0.4864455164530287,0.6324036764452884,0.0,0.06963042510505132,0.18773587233901132,0.22316305267955788,2.01918881632248,0.8266842723190957,0.6657678347646797,0.16091643755441612,0.0,0.0,0.17331572768090434,0.0,0.5,0.5,1.0,0.5,0.5527896817371261,,,0.4064886165245276
B001187,1337.600155217028,1.719280405163275,7.105878527336035,3.3283810241943437,0.0,0.6349308163483297,0.7036444624292189,25.475738112379307,0.3857722691343815,0.12410009565741231,0.0846956956693526,0.6086449650578621,0.0,0.5160673796442664,2.3799084825018824,0.7278789041688192,0.6556974872895716,0.07218141687924774,0.0,0.0,0.2721210958311806,0.0,0.0,0.0,1.0,1.0,0.4797442108680593,,,0.19003346509277597
B001188,28956.24682477487,9.313685051391081,19.85880600991603,5.7742454709642805,0.08550131827629193,0.4200604408319213,0.005341283392014791,0.012338364635554168,6.092434400101266,0.31947269045926063,0.0,0.0,2.225527507721128,0.6762504531094287,1.7499301039010156,0.7505839728736944,0.7162825455979734,0.03430142727572096,0.23895241200889927,0.0,0.010463615117406429,0.0,0.0,0.0,0.0,1.0,0.1383443436284439,,,0.18481989412312194
B001189,8377.892009139028,4.972042735394082,17.004695268190797,6.904302205416051,0.0,0.4131824906660433,0.009917761576852606,0.194396413804954,1.8811354094570554,0.28351817792796574,1.35347061127709,0.8857297428141397,0.2502605242086712,0.31792826970916027,2.564977606841339,0.6216574334596991,0.4778279490807411,0.14382948437895787,0.0,0.0,0.3783425665403009,0.0,0.0,0.0,0.0,1.0,0.243067929689545,,,0.1888484004682247
B001190,1163.3305729684866,2.5455811224693363,14.824844931761156,2.9955516283966563,0.103519137369443,0.3284349971503754,0.3525911960270689,12.730636097629361,0.4827206850959693,0.3341660865794179,0.07485090940020638,0.008761470604119193,0.1874643647801664,1.457617606009457,2.5778760494237023,0.7367261078578301,0.6054531016158367,0.13127300624199345,0.07364305271022631,0.0,0.18963083943194353,0.0,0.3,0.3,0.3,1.0,0.9767835857725239,,,0.32150759030508125
B001191,53336.756476719136,12.023615075906028,15.251835108755577,15.001909564715321,0.0,0.2741404538944333,0.024706243317891504,0.47332678893538616,4.536061957140743,0.5793541758812218,2.347261595033222,1.8775231823798328,1.888877658204861,0.7945365072661463,2.735485073202809,0.4665842927413171,0.4665842927413171,0.0,0.15615296818193874,0.0,0.3772627390767442,0.0,0.0,0.0,0.0,1.0,,,,0.18481989412312194
B001192,1987.4679770925713,2.8929664877621124,9.103269619862623,3.8980458181857705,0.0,0.5193206144850572,0.009126882132365456,0.20040387621958558,1.8545083797569957,0.0,0.6412808227247833,0.04537518347335707,0.0,0.35180210180697646,3.0744188169290982,0.2818553441870251,0.26617068843131414,0.015684655755711006,0.0,0.0,0.7181446558129749,0.0,0.0,0.0,0.0,1.0,,,,0.1888484004682247
B001193,5589.187185321078,1.4157009081360379,6.204398817028516,1.8414526801972184,0.0,0.39529937822783634,0.3362852639015076,12.162704023980549,0.5150862973761705,0.0,0.04042540127708582,0.5768385221790742,0.0,0.283350687303708,2.7899792929468115,0.5627898156599129,0.12677686976947644,0.4360129458904363,0.0,0.0,0.4372101843400875,0.0,0.5,0.5,1.0,0.5,,,,0.4064886165245276
B001194,2196.0469151904717,4.198942476463617,16.619038020779705,6.268577106205905,0.03008806836154456,0.22822907939013065,0.01922473268000246,0.42157163169149636,0.735050124418288,1.266625602703999,1.370774895979934,0.3690725970740369,0.0,0.4574192562873596,1.5456909793965776,0.9048462400957741,0.9048462400957741,0.0,0.0,0.0,0.095153759904226,0.0,0.0,0.0,0.0,0.95,0.9408674090881016,,,0.1888484004682247
B001195,10956.890432069345,3.5830249941364767,5.9053138905566085,3.7497629835314643,0.4055547597853062,0.21272226192175384,0.016441752841861036,0.9190384227587635,1.6660447586819969,0.4371976522654499,0.47996188149453406,0.0,0.0,0.9998207016944964,2.896691338132168,0.3855013535200214,0.3855013535200214,0.0,0.0,0.0,0.6144986464799789,0.0,1.0,1.0,1.0,1.0,0.10619058992958538,,,0.6052750777176602
B001196,2346839.4100799286,725.4526769953411,1368.5038905210354,1370.8053821304384,0.0,0.36514185043555336,1.0870577101411154,39.444283757113055,2.451197208258769,721.1119765068802,0.5690468016602298,0.7878361659353253,0.0,0.5326203126068892,1.672047197977634,0.998004172092891,0.002901616730135964,0.9951025553627553,0.0,0.0,0.0019958279071090714,0.0,0.28,0.28,0.28,0.62,0.3920389233247109,,,0.30976336009743166
B001197,949.9491077830896,1.2273244286603224,2.841215692197376,0.0,0.0,0.0,0.013389708561857882,0.2985905009294308,0.5355883424743153,0.0,0.0,0.0,0.0,0.6917360861860071,2.9686236524520595,0.5235322606609556,0.5235322606609556,0.0,0.0,0.0,0.4764677393390444,0.0,0.0,0.0,0.0,1.0,0.524025532921492,,,0.1888484004682247
B001198,3527.469162666215,7.333615722798784,16.363179866907274,9.075039806582259,0.0,0.3055241288545345,0.012042553909591483,0.311388698127514,2.5905812502287895,0.40322973712670834,0.0,1.2959599330325433,2.5162764958971726,0.5275683065135715,2.633746774256777,0.6172404401635722,0.38554168004490386,0.23169876011866858,0.0,0.0,0.38275955983642773,0.0,,0.0,,0.5,0.23094749973201828,,,0.18481989412312194
B001199,1546.540877714389,1.563742040156106,4.565426751141978,0.0,0.0,0.0,0.9621062774068877,63.84380652379999,1.1977669820671593,0.0,0.0,0.0,0.0,0.3659750580889465,3.35461600128334,0.23403799903749584,0.23403799903749584,0.0,0.0,0.0,0.765962000962504,0.0,0.0,0.0,0.0,1.0,0.4145483190554841,,,0.18861606020795307
B001200,3429.587126626065,2.104041181979181,13.082675934248558,5.1153105078917696,0.0,0.340286458457001,0.2206070194327119,14.692427494218613,0.33919341347158366,0.5748014402465795,0.022524747816564293,0.8115405322242802,0.13939802190609418,0.2165830263140797,2.476904675401562,0.43554715826741075,0.42484168918748694,0.010705469079923728,0.385705631227664,0.0,0.17874721050492554,0.0,0.5,0.5,1.0,0.5,,,,0.4064886165245276
B001201,2383.304943159423,5.125386974536394,10.176111590195555,5.354548850971859,0.04560628314745128,0.3467102183770368,1.1792655851259082,78.51164595452322,1.6511738709845376,0.7288358073635641,1.1085289786441233,0.7949833634070442,0.0,0.8418649541371253,2.1765252578927705,0.6954678858564641,0.6954678858564641,0.0,0.0,0.0,0.30453211414353604,0.0,0.2,0.2,0.2,0.98,0.24319053370186441,,,0.27509512128729385
B001202,2935.95022299836,3.3553716834266973,6.9230592553286545,4.142061664250803,0.0,0.4206519896894421,1.4522481426396008,52.554619343808284,0.882499965449868,1.1696649084558854,0.0,0.6054035318822084,0.0,0.6978032776387352,2.359931329499105,0.7369889095122216,0.2079660149382016,0.5290228945740201,0.0,0.0,0.26301109048777827,0.0,0.0,0.0,0.98,0.98,,0.4463253244126282,,0.18690117976449694
B001203,20683.13078269602,6.908193314193727,11.080797316967947,9.608248390535563,0.0,0.4425668047134341,1.9183237882790523,127.62689715474973,2.6415390803360324,0.5312665635246796,1.0626247352092222,1.8048117951977702,0.0,0.8679511399260211,1.8589348895569886,0.9413782993654205,0.6801215983565527,0.26125670100886783,0.0,0.0,0.05862170063457936,0.0,0.2,0.2,0.2,0.98,,0.38285116781751116,0.18980683717539468,0.27509512128729385
B001204,14763.500370542144,7.219315584617186,10.358822185160127,11.445228095343836,0.0,0.2219584356624,1.3426400159749723,48.64750236962597,2.3658729000836414,1.8015757541771318,1.7350290046181858,0.4794857233564487,0.0,0.8373522023817779,2.517870442315531,0.675660727130213,0.3596942825556007,0.31596644457461226,0.0,0.0,0.32433927286978703,0.0,0.28,0.28,0.28,0.7,0.3423571222386927,0.2573678815042374,,0.30976336009743166
B001205,63454.67009581192,16.09299266949326,31.35731919330178,7.0883547754965495,0.013233343830755577,0.500264559589325,0.07197528767881636,3.2351924555695155,13.626962736295892,0.6517777430123324,0.16927518028677216,0.8813655915437086,0.0,0.7636114183545523,3.4543142557798663,0.08200292994873729,0.07148436551742059,0.010518564431316699,0.05476704113675964,0.0,0.8632300289145031,0.0,0.0,0.0,0.0,1.0,0.12556574186458466,0.3284337685806287,0.6327925139881799,0.18861606020795307
B001206,10051.540915492058,9.341580776479608,14.298004456631364,15.247395386764948,0.005727157824084441,0.32814145221433433,0.01807171315757489,0.9620934571989583,1.7367518468116632,1.5173054545986202,1.4401824856080876,2.7621167114578467,1.2106417136847516,0.6745825643186403,2.4498967940586946,0.5184039333474655,0.2263819261993987,0.29202200714806686,0.295679797407774,0.0,0.18591626924476065,0.0,1.0,1.0,1.0,1.0,0.3016733632357893,,,0.6052750777176602
B001207,15961.486673965199,6.862204073071883,21.07036385127317,3.2207023704091102,0.0,0.0515481726523023,0.023010434010917773,1.0184958728121134,5.175905347392328,0.6947952123894349,0.10858128606477246,0.41616145977247604,0.0,0.46676076745287165,3.2408468736483322,0.23340700139612017,0.11633433933310255,0.11707266206301759,0.0,0.0,0.76659299860388,0.0,0.0,0.0,0.0,0.5,,,,0.18861606020795307
B001208,12631.286444176672,6.853655151479475,11.423224073303583,7.9412117057827984,0.04691952097892274,0.5407370745487656,0.01474786876076,0.4216728071980453,3.6324799903349754,0.6311600867399085,0.103692745636588,1.231402976900584,0.0,1.2549193518674178,3.0202995760108995,0.3627731880019216,0.18310220227472676,0.17967098572719484,0.10722057298401809,0.0,0.5300062390140602,0.0,0.0,0.0,0.0,0.5,,,,0.18861606020795307
B001209,2498.8511567792793,2.852569813674976,9.744295564180009,1.4761753594127855,0.0,0.365,0.007791552842870831,0.17375162839601954,1.779796334665926,0.0,0.7794205897699509,0.0,0.0,0.29335288923909947,3.2563146501058347,0.10283811033573684,0.10283811033573684,0.0,0.27323453611318294,0.0,0.6239273535510802,0.0,0.0,0.0,0.0,1.0,0.16448407189334632,0.3152787152519814,,0.1888484004682247
B001210,8560.18862797425,7.977808600162396,15.000250612054032,12.595153297807549,0.0,0.3649981538712649,0.010873663388375077,0.24248269356076424,1.342427578811738,1.6338697266388864,1.2525669984746952,1.5262458097819378,1.695608027203874,0.527090459251263,2.4481980873821843,0.8317297836921765,0.22307597824416744,0.6086538054480093,0.0,0.0,0.16827021630782313,0.0,1.0,1.0,1.0,1.0,0.13389413392190402,,,0.6052750777176602
B001211,4698.388705110827,6.868989334957349,11.098340619243924,2.4332247967984086,0.6265523963759468,0.6762608049847144,0.013227130207034725,0.049050670848258024,5.7411866033772,0.06481991353540048,0.0,0.18665624725572036,0.0,0.8763265707890295,3.5547527158187884,0.07685801217756445,0.04968425514378979,0.027173757033774653,0.009436601277792342,0.0,0.9137053865446433,0.0,0.0,0.0,0.0,1.0,0.2093386589514044,,,0.18481989412312194
B001212,7626.925711101495,6.246458403850528,15.053310213205679,9.86430399253521,0.011411899124119069,0.37270053428569155,0.01913495237342975,0.4320673785825523,1.7221402139476587,1.0976307949375526,1.2052894712664124,0.5446873630922008,1.0148306810517898,0.6618798795549143,2.32316294294071,0.7018332850032581,0.4585264351351581,0.24330684986810003,0.0,0.0,0.298166714996742,0.0,0.0,0.0,0.0,1.0,1.0451014556803677,0.29458277258969856,,0.1888484004682247
B001213,1220.6675984770025,3.162351291391198,6.712824817807406,2.409588688885509,0.512135615122856,0.4879854521599326,0.9875885074893979,22.186203581221008,1.734446277331661,0.0,0.0,0.036776167266109425,0.46899003188060656,0.9221388149128213,2.558297767774075,0.6010602008120545,0.5894308263759428,0.01162937443611164,0.0,0.0,0.39893979918794575,0.0,0.28,0.28,0.28,0.7,0.4859034891594226,,,0.30976336009743166
B001214,6900.374689661836,3.2457077561908916,11.899308503846317,5.62213411728951,0.3368940585745807,0.33221325276054675,0.009214582826125299,0.19988118935793178,1.6098149185705661,0.26554120281646193,0.0,0.02042327836635463,0.8622883989646396,0.4876399574728694,1.9227803747627554,0.927426698231062,0.6617563225418451,0.265670375689217,0.0,0.0,0.07257330176893786,0.0,0.0,0.0,0.0,0.9,0.11399781405921472,,,0.1888484004682247
B001215,8790.918491057271,5.829521545793947,12.379371550717819,7.705218632330178,0.0,0.28640118551104604,0.015575913891822755,0.601701245739322,2.9089793450740453,1.231761476795509,0.0,0.409130949352617,0.368436935417033,0.9112128391547427,2.9627318800673628,0.49635013157555596,0.15166843758389226,0.3446816939916636,0.0,0.0,0.5036498684244441,0.0,0.0,0.0,0.0,0.5,0.3385518604306218,0.18304569509149948,0.3980474769216609,0.18861606020795307
B001216,990.9099024565891,2.0949469396545224,10.278488945613208,3.6873080270972745,0.0,0.42364443278943154,0.2130468817619934,7.730874328130014,0.35841941808041405,0.424702158916365,0.06074616119616563,0.8331799164790827,0.19740222318493458,0.22049706179756032,2.3443304843683004,0.824663006340071,0.12999896925454302,0.6946640370855279,0.0,0.0,0.17533699365992902,0.0,0.5,0.5,1.0,0.5,,0.28339992835711514,,0.4064886165245276
B001217,14519.009517235421,7.2558768202076065,17.21569978045737,9.642832980773067,0.13426767301746179,0.33862717883467974,0.021941556574316904,0.44153589007536725,2.102646542314319,2.616209702038684,0.9530405314254842,0.0,0.9681246045739702,0.6158554398551473,2.4200176722648297,0.5881165421133603,0.4567691453698998,0.13134739674346008,0.13342627342814647,0.0,0.27845718445849327,0.0,0.0,0.0,0.0,0.95,,0.4298517515576833,,0.1888484004682247
B001218,3406.802476879225,2.8604554801672757,9.825328027831638,1.8042952779827395,0.0,0.433,0.01523388847181805,0.35264095675653434,1.4091931785179097,0.0,0.0,0.0,0.8588445523197838,0.5924177493295814,2.6848851566975585,0.486858433264477,0.486858433264477,0.0,0.0,0.0,0.5131415667355229,0.0,0.0,0.0,0.0,0.95,,0.4927289599544266,,0.1888484004682247
B001219,25607.205383578952,14.39415704529452,31.06698107530009,5.868186796263624,0.0,0.7176305889185145,0.06606153172426356,2.913065422529381,12.451548286984936,0.18267959400141892,0.13028295279309635,0.9613960662837207,0.0,0.6682501452313507,3.5077004034074015,0.11922469744444922,0.030691648300399048,0.08853304914405018,0.0,0.0,0.8807753025555509,0.0,0.0,0.0,0.0,1.0,0.15074377716212553,,,0.18861606020795307
B001220,14249.977978341598,3.815255148150361,10.090128054860118,5.409153130276505,0.3197528567511638,0.5028510084758762,0.012253406217174708,0.26813787667794925,2.3359851793331976,0.0,0.7583921329596847,0.07661943185402426,0.0,0.6442584040034549,2.0338139196009077,0.9732173981594658,0.7543561340003642,0.21886126415910173,0.0,0.0,0.02678260184053423,0.0,0.0,0.0,0.0,1.0,0.1500791808638666,0.2811021587352006,0.4200374042975137,0.1888484004682247
B001221,927.6476443526329,0.9456143163635402,6.8045063864539665,0.7115079407845152,0.0,0.26051459202417404,0.18917429439626413,12.599008006791191,0.29086415664538184,0.4314400722555145,0.031796624126759154,0.0,0.0,0.1915134633358847,2.298411778691045,0.6587818361158415,0.6587818361158415,0.0,0.03362536245119092,0.0,0.30759280143296763,0.0,0.5,0.5,0.5,0.5,0.9523829678508634,,,0.4064886165245276
B001222,40981.43420155698,9.444903019487665,12.738494427884923,14.939145697288444,0.33148715167368265,0.41172061026392204,0.021747675786952945,0.7487618137803249,4.175370109640679,0.04047734306337839,0.42555323682896007,1.7054209605244761,1.8360898151861293,1.2619915542440403,2.7788976287363005,0.507941133920169,0.2823195269056134,0.22562160701455566,0.004285628235659118,0.0,0.48777323784417154,0.0,0.0,0.0,0.0,1.0,0.15496847990539397,,,0.18481989412312194
B001223,806.8443854408363,1.4007715025014518,10.150045816483699,2.8250746836513234,0.0,0.45567145949148313,0.5764050086380315,20.86834854693242,0.18739642578174573,0.24907698661263972,0.0,0.6195224858363622,0.0852349416375726,0.25954066263313164,1.7349684954072873,0.8639803561998975,0.7794559407307532,0.08452441546914433,0.0,0.0,0.13601964380010248,0.0,0.30000000000000004,0.30000000000000004,0.30000000000000004,1.0,0.4901048150870131,0.4127264497856567,,0.32150759030508125
B001224,10606.512416761603,2.3244603148721463,12.036838440679437,2.5320040882269974,0.05760200089782087,0.21878215803408974,0.24211984723084137,15.9570449643065,0.963737015040943,0.5552322255699088,0.025050960716507493,0.5502646895450086,0.0,0.23017542399977778,1.5295028109920492,0.9869313568087482,0.7502034221460839,0.23672793466266392,0.0,0.0,0.013068643191251858,0.0,0.0,0.0,0.0,0.6,1.0464514850583158,0.2551837461813207,,0.19003346509277597
B001225,36349.58386675732,9.85617783805784,22.396454526655937,5.3999760645406685,0.0,0.33881179250073123,0.035695681057458836,1.8737121634083667,7.1811227460288665,0.44984045303171205,0.08192328021679317,1.424512379561205,0.10931053295877659,0.6094684462604831,3.158045680439561,0.2714089717110958,0.12855814269247368,0.14285082901862212,0.0,0.0,0.7285910282889037,0.0,0.0,0.0,0.0,0.5,0.165321043511664,0.15652012204906235,,0.18861606020795307
B001226,21210.85902707421,5.466716244091291,9.921949729695479,1.9655306135055453,0.0,0.4506582117362643,0.0188762221683024,0.4898062336298856,3.795295065454039,0.8052199333394584,0.10954798524074694,0.0,0.0,0.7566532600570472,1.759421281466663,0.9560200712761637,0.8087250778310986,0.14729499344506525,0.0,0.0,0.04397992872383635,0.0,0.0,0.0,0.0,0.5,0.6781118264960665,0.15649287931867795,0.5955235973319747,0.18861606020795307
B001227,13072.140905144755,3.139322983944466,6.995240677996414,2.9196392018967736,0.0,0.3873321562795773,1.3176234341477766,87.75372071424192,1.1081113507069156,1.0352963962691706,0.0,0.0,0.45641287255717267,0.5395023644112066,1.8781592383797014,1.0,0.5248309025686629,0.47516909743133695,0.0,0.0,0.0,0.0,0.0,0.0,0.0,1.0,0.6900593139830753,,,0.18861606020795307
B001228,3882.331070788103,2.4918684664878707,11.17918915980138,2.985770332514958,0.10662673191591816,0.28214788659558315,0.6600502451027073,43.9593463238403,0.825062806378384,0.9764234353399014,0.06656102024361972,0.21166434739195739,0.11964758458486748,0.29250927254914105,2.7018111995286267,0.6371295175247894,0.24528562669691298,0.3918438908278766,0.02671128959604887,0.0,0.3361591928791617,0.0,0.0,0.0,0.0,1.0,0.5940487574288218,,,0.19003346509277597
B001229,38060.6556582816,16.09330048975966,20.556760236844884,9.145393347333387,0.0,0.3048772557823276,0.01460743389775888,0.05598750642571492,11.010021154398128,1.4306630221082184,0.0,2.5037117227741286,0.0,1.1489045904791837,1.5043447753554844,0.9931335986206519,0.7486607667496611,0.2444728318709908,0.0,0.0,0.006866401379347979,0.0,0.0,0.0,0.0,1.0,0.18785721970219776,,,0.18481989412312194
B001230,12451.093847891705,13.345223845543092,29.833820698760455,1.6773387921214828,0.2879820104746835,0.44878603807261025,0.06127596433545496,2.84320474516511,12.255192867090992,0.23136536379099315,0.15880448928935242,0.0,0.1682241550621454,0.531636970309609,3.5462424005698074,0.06523930749489444,0.06523930749489444,0.0,0.011899724660099155,0.0,0.9228609678450065,0.0,0.0,0.0,0.0,1.0,0.05737151760499264,,,0.18861606020795307
B001231,4044.212666173515,3.0707765119009225,11.103214626781627,6.233843590354798,0.27555619208990223,0.3839451317397708,0.014824161411285805,0.2756310186001364,1.2083563396129353,0.19751802833799637,0.5338281633244649,0.8213674823562545,0.0,0.3097064982692713,2.724095814498104,0.5926275333843346,0.2608269263569206,0.3318006070274139,0.0,0.0,0.4073724666156654,0.0,0.0,0.0,0.0,0.95,,0.3974761898084171,0.3702485156051785,0.1888484004682247
B001232,42852.391217423974,9.82402366286657,19.772024469535616,12.88413740241444,0.0,0.3309902484818286,0.018656919197093644,0.46470168279627905,4.4976829494584285,0.9065859686445635,1.2828204164316395,0.5770264927346116,1.8636898465464609,0.6962179890508645,2.7668249841549986,0.4115951300341876,0.26057631001780035,0.1510188200163872,0.13057993959038602,0.0,0.45782493037542643,0.0,0.0,0.0,0.0,1.0,,,,0.18481989412312194
B001233,2164.004151733716,4.986184681414092,14.183162567173065,8.476133657325544,0.011806859988348562,0.4222390514385143,0.013476800509702545,0.23863821052281764,1.1002040825063437,0.7297945767608336,1.2555168000569037,1.2749302150466573,0.0,0.6257390070433536,1.9241096084367149,0.7063863857379835,0.7063863857379835,0.0,0.25569253778323436,0.0,0.037921076478782165,0.0,0.0,0.0,0.0,0.95,0.9167143893744361,,,0.1888484004682247
B001234,3062.695548925802,3.8719286332816716,15.86050515454233,3.0234483286151,0.0,0.33680847508479045,0.3586942617599009,12.869102951747577,0.9337639703767969,0.8443022333986512,0.09935003915248454,0.4364776203346922,0.0,1.5580347700190476,2.0757969740629556,0.9302252432554523,0.9045661858290039,0.02565905742644847,0.0,0.0,0.0697747567445477,0.0,0.5,0.5,1.0,0.5,1.2059074107115064,0.35361984142891373,0.31508180895733534,0.4064886165245276
B001235,1837.3733756171735,1.3285418478793733,7.865807384402523,2.4637908815104135,0.0,0.3956514483321552,0.7482369619101118,27.060571457081526,0.24165808027755267,0.2609592184866378,0.07267592934050959,0.38234125393558455,0.0,0.37090736583908857,1.8006145044298576,0.9452964696170351,0.748871179060187,0.19642529055684807,0.054703530382964875,0.0,0.0,0.0,,,,1.0,0.6565588694210331,,,0.19003346509277597
B001236,35418.86377044362,17.647665057520488,32.18578867018806,5.281972836042411,0.0,0.3874230285725397,0.07740352122514339,3.5915233848466537,15.48070424502868,1.1543123080507833,0.11476783644785957,0.0,0.03322928463977162,0.8646513833533961,3.488989521763881,0.11202819723873739,0.11202819723873739,0.0,0.0065032873229284045,0.0,0.8814685154383343,0.0,0.0,0.0,0.0,0.9,0.1609949577798757,0.3866453057947855,,0.18861606020795307
B001237,5672.927133090258,7.162786784204871,11.142077444071385,12.878907496531957,0.0,0.44117703593434004,1.249391244636736,45.26416343741432,2.155631556881913,0.6350606936479779,3.077005504154534,0.0,0.5754141835909563,0.719674845929491,2.165574874155867,0.6990512740606161,0.610390154753199,0.088661119307417,0.0,0.0,0.30094872593938393,0.0,0.28,0.28,0.28,0.7,0.41477731584683697,,,0.30976336009743166
B001238,3367.4742258395413,4.230495258592389,7.030598287470642,11.281965405794379,0.0,0.40994028641705255,1.2237294433759356,27.448716659665767,2.0937099939865873,0.0,0.7966401455612716,0.6133677008324797,0.0,0.7267774182120497,2.81568167309861,0.4970070281666837,0.35201981902451684,0.1449872091421668,0.0,0.0,0.5029929718333163,0.0,0.28,0.28,0.28,0.7,,,,0.30976336009743166
B001239,52315.685552071176,134.14278346684918,275.92906224723083,636.7096068495975,0.5552730649846978,0.4535864577409643,1.4295408020973812,95.11053586438373,1.784914676527601,0.061787249395971154,0.09189169021890163,130.65128990669797,0.8519370698967365,0.7009628741119779,2.3484851840274965,0.9862333114149228,0.005910527155020742,0.9803227842599019,0.00046060807595542917,0.0,0.013306080509121897,0.0,0.0,0.0,0.0,0.9,,,,0.18861606020795307
B001240,5756.853342188795,1.7460883658443418,7.376319613299299,2.437534405347881,0.0,0.36044665012776544,0.6466909467280442,43.050281269887485,0.3551587128469861,0.7484609372564159,0.11443332332963824,0.24046683257072357,0.0,0.28756855984057844,2.20529258827472,0.5933431075786418,0.5933431075786418,0.0,0.203254407304149,0.0,0.20340248511720932,0.0,0.0,0.0,1.0,1.0,,,,0.19003346509277597
B001241,2295.6091101918814,6.998808262780126,8.757956517600274,7.497914771540198,0.0,0.35880311980009977,0.01581041518576552,1.0529736513719834,1.9519031093537675,0.0,1.9341553585470643,0.0,2.19693895037623,0.9158108445030657,2.8424806253389328,0.3827131339697941,0.10635817667899923,0.2763549572907949,0.3139018627013427,0.0,0.3033850033288633,0.0,1.0,1.0,1.0,1.0,0.21910239234297751,,,0.6052750777176602
B001242,8573.479681398592,3.93640022102782,10.659369248677187,10.470484308432562,0.0,0.4114760415223794,0.011756247469512496,0.2621643185701287,2.8011236987770416,0.44066044807868154,0.0,0.3276469424293062,0.0,0.36696913174279044,1.6679163645138704,1.0,0.8048197979453985,0.19518020205460146,0.0,0.0,0.0,0.0,0.0,0.0,0.0,0.5,0.8136393277124823,0.14159599495381384,,0.18861606020795307
B001243,4124.721966434388,6.920674440326155,13.442727494980137,6.009079326758478,0.0,0.021,0.013312016301939934,0.4585205915981619,3.101607054150383,0.0,0.0,0.6115344097279602,2.0748328320880893,1.1327001443597229,3.003101742212145,0.2507312542427853,0.16236784183248562,0.08836341241029973,0.29980211466070744,0.0,0.4494666310965072,0.0,0.5,0.5,0.5,0.5,,,,0.4014480571426785
B001244,1329.9294068785305,3.3754553474074376,8.542575073056359,3.9687860077029633,0.0,0.46775287790651326,1.097012765880849,24.405034634019827,1.3667102074195256,0.0,0.06939796157951396,1.1541796892050231,0.15560835375054263,0.6295591354528333,2.897553626263457,0.24642673576287946,0.17976719144306624,0.06665954431981322,0.34193303433609507,0.0,0.4116402299010257,0.0,0.0,0.0,0.0,1.0,,,,0.18861606020795307
B001245,1142.3603732105253,1.9329278734526654,6.3299346896485265,1.5151719415930751,0.0,0.36703881285207035,0.7653386895718879,50.83815580900538,0.9539084615237566,0.0,0.08151829402424171,0.43601943263945486,0.11479055525114194,0.34669113001407037,3.0478622948659786,0.17821214163199306,0.17821214163199306,0.0,0.2849614801750052,0.0,0.5368263781930018,0.0,0.0,0.0,0.0,1.0,0.9402538333932322,,,0.18861606020795307
B001246,7842.939008665784,4.288102246400101,9.304581334867997,8.301361463661735,0.0,0.6047074873091731,2.6264715867505006,95.07470717462401,1.3736989846901186,1.0810997507886184,0.0,0.8070116780804348,0.3558377244019846,0.6704541084389455,2.199061424007664,0.5426434387450542,0.45966087350871604,0.08298256523633817,0.44031399448418923,0.0,0.01704256677075691,0.0,0.0,0.0,0.9800000000000001,0.98,0.37045632534563666,,,0.18690117976449694
B001247,994.5043335254384,2.017250169422796,9.209515083094136,4.056276396651261,0.018561208960500196,0.49862872047243095,0.3013289118102817,10.829718051520679,0.4312324356312973,0.38418631915026746,0.03547977906144653,0.4407659618326366,0.18565127677513346,0.5399343969720146,2.0525129279564367,0.9130966579818235,0.6770100544891325,0.2360866034926909,0.0,0.0,0.08690334201817658,0.0,0.5,0.5,1.0,0.5,,,,0.4064886165245276
B001248,606.245086886705,0.8159422434545156,4.740473838068538,0.25231377135645705,0.0,0.365,0.2424626022752631,16.142053839106126,0.46392034376783026,0.0,0.0,0.03741944591742591,0.09580222535878344,0.21880022841047592,2.0779727708451627,0.8999399139842669,0.7825269155431295,0.11741299844113771,0.04586041011800101,0.0,0.054199675897731905,0.0,0.3,0.3,0.3,1.0,0.5807712564413642,,,0.32150759030508125
B001249,3593.1778021592204,3.9572442755057495,7.690052282824776,3.567032227739328,0.03095155200049014,0.4333200065218991,1.5076892508275144,100.32594816992825,1.9439792863297698,0.4972213807049899,0.6579318433582609,0.18362617363324055,0.0,0.6744855914794884,2.050229903483779,0.833739896364074,0.7873373594345658,0.04640253692950823,0.16626010363592605,0.0,0.0,0.0,0.0,0.0,0.0,0.98,,,,0.18690117976449694
B001250,3760.4976404112604,4.2830269252975635,8.448499906793772,3.1700224736852913,0.0,0.31845851007609843,0.01567491496051408,1.0439493363702377,1.9110160837293948,0.3330621477368417,1.4014854008447113,0.0,0.0,0.6374632929866151,2.133095528034633,0.8687641406875681,0.5415456979159661,0.32721844277160206,0.07776326265184573,0.0,0.05347259666058611,0.0,1.0,1.0,1.0,1.0,0.20866582418291524,,,0.6052750777176602
B001251,456.6785749098609,0.8731903917970572,5.379574691725694,0.7581493761511962,0.0,0.375569379338928,0.45398693715017185,30.23553001420144,0.24969281543259453,0.0,0.0,0.04225125131114433,0.3522238604951501,0.2290224645581682,2.698477071134769,0.7140453928739209,0.2622823919155039,0.4517630009584169,0.0,0.0,0.28595460712607906,0.0,0.0,0.0,1.0,0.9,0.4833320559285409,0.3836281029235656,,0.19003346509277597
B001252,5805.512819443253,1.2211848589489382,8.75333725547928,1.7764844744244424,0.0,0.4030983039880961,0.19658658488869551,7.0654307096687505,0.28657994909794726,0.1623797456981663,0.03947845364436546,0.29143092869825743,0.20055936568061297,0.24075641612958848,2.0001767701304707,0.623389631033491,0.623389631033491,0.0,0.23864603836399442,0.0,0.1379643306025143,0.0,0.5,0.5,1.0,0.5,0.8464009216593408,0.4147851609950661,,0.4064886165245276
B001253,11320.085597876183,10.375880474680278,17.880196011189646,8.439915742502796,0.0,0.1516965302412369,0.014081495998082935,0.151410752544871,5.806527636447862,0.26281564664790413,2.930892494896541,0.046571323905552034,0.0,1.3290733727824178,1.8306057802322755,0.9394572941400426,0.6524971825555035,0.2869601115845391,0.0,0.0,0.06054270585995737,0.0,0.0,0.0,0.0,1.0,0.17653804425757372,,,0.18481989412312194
B001254,8720.374391313671,3.174508333204831,6.362394476222977,1.8633253820721611,0.0,0.3567647881094183,1.3386881845082383,48.46961133147508,1.6666697510199737,0.9190190313915358,0.08237131231034335,0.0,0.0,0.5064482384829778,3.0947459175288117,0.3371048470022904,0.3371048470022904,0.0,0.025947738567498175,0.0,0.6369474144302113,0.0,0.0,0.0,0.0,1.0,,0.25970096240112395,0.4968408823586711,0.18861606020795307
B001255,51223.606481098774,13.777193781898541,25.756007252327976,8.152868073677235,0.0,0.34315209968671323,0.049657492336725166,2.0316285703196484,10.19574880294841,0.6428257961149907,0.0,1.4945412795834323,0.7223346780107943,0.7217432252409138,2.2663578381588345,0.8176467045140896,0.7652169652329416,0.05242973928114803,0.0,0.0,0.18235329548591042,0.0,0.0,0.0,0.0,0.5,0.15317369694818583,,,0.18861606020795307
B001256,688.3419163249969,1.1491517801752869,7.616146596875485,1.5323012060008558,0.13355960026663505,0.4415276659508318,0.40675799881669306,27.024784554491674,0.506480686270864,0.16027956235076,0.0,0.17490158100108266,0.14064383659692145,0.16684611395565888,2.705562068910445,0.5592569275804389,0.4197805197500376,0.1394764078304013,0.0,0.0,0.440743072419561,0.0,0.0,0.0,0.0,1.0,0.5416610951476437,0.35550449259034383,0.5240433497468802,0.19003346509277597
B001257,7857.623795387362,7.584578953076605,13.67435704781298,12.922749203817927,0.1332293321100999,0.43493453471934185,1.5895067430299583,105.84678157942584,2.078910063828205,1.6801516782930475,0.7687017122567272,2.0833478263332847,0.42420987415870237,0.5492577982066383,2.822605001578295,0.5038380124848826,0.07187475743567051,0.43196325504921196,0.2215220763983888,0.0,0.2746399111167288,0.0,0.0,0.0,0.0,0.98,0.287919206077799,0.4318276239041982,0.2617915901451196,0.18690117976449694
B001258,1629.8761973266169,4.924097272890081,17.230340191351214,7.639672435120763,0.17634102689017012,0.34222775421867085,0.014882957899604556,0.3266066804874557,1.411490046617649,1.1874923260015073,0.19915253924755782,0.29556345018027275,1.4484039511317277,0.38199495971136466,2.7568226049772333,0.3864222082383161,0.1452628118674687,0.2411593963708473,0.2941460882801817,0.0,0.3194317034815019,0.0,0.0,0.0,0.0,0.95,0.3406384498697726,0.5769359042063017,,0.1888484004682247
B001259,12323.391023273687,4.308877980165625,17.183075521888057,6.108229224965643,0.3308587689491677,0.40106943146789714,0.021486978867488852,0.47262899251014806,0.4676469942022669,0.0,0.655114500029293,0.3291645773008217,0.8144198241057214,2.0425320845275206,2.2098497547969274,0.7539671499957422,0.7539671499957422,0.0,0.22843048279874495,0.0,0.017602367205512805,0.0,,,,1.0,0.5864057262175671,0.3525866230928835,,0.1888484004682247
B001260,2909.1985208103624,4.361616972729179,14.651151041352263,5.833936730117537,0.0,0.24,0.012999945448046467,0.3079305022925151,1.3765562259700594,1.7247672576651596,0.0,0.9093398910226923,0.0,0.3509535980712679,2.418620492191777,0.7073834451224962,0.3119412803360897,0.39544216478640654,0.0,0.0,0.2926165548775039,0.0,0.0,0.0,0.0,0.95,1.0660401037511362,0.38844413535744976,0.4883459476306019,0.1888484004682247
B001261,21863.09457972549,5.055050769878726,8.453648362845087,5.262874330320884,0.0,0.23466459964135258,1.2017202516311078,27.075440330118166,1.340686257453806,0.8898278216409127,1.0024227052855332,0.12414365383448886,1.1380718669650398,0.5598984646989449,1.626758432244679,0.9388704669243259,0.9388704669243259,0.0,0.024558339665788787,0.0,0.036571193409885364,0.0,0.0,0.0,0.0,0.98,0.24952255875159593,,,0.18690117976449694
B001262,2562806.395456498,1291.086345318135,2844.2179532335317,4400.328544013354,0.0,0.38058505255581443,0.8050420877284447,53.41311103807624,1.5128747968352922,0.0,0.053673077019222894,1288.0993962226262,0.5150391347302379,0.9053620869247632,1.9997949849084642,0.9998799039706959,0.001886698074258042,0.9979932058964384,0.0,0.0,0.00012009602930418904,0.0,0.0,0.0,0.0,1.0,0.5895905488290026,,,0.18861606020795307
B001263,74408.26489768313,17.192297804455436,31.427781606595463,6.174937761997218,0.0,0.4472030671258412,0.07443597952325448,3.3865882828873173,14.396384466755347,0.7699917807912098,0.07165866439475212,0.817161834447197,0.251948717605981,0.8851523404609458,3.429156376285443,0.1381873731022197,0.11936456153384,0.018822811568379724,0.0,0.0,0.86181262689778,0.0,0.0,0.0,0.0,1.0,0.16508948699003773,0.28966936080772565,,0.18861606020795307
B001264,11594.077697679671,4.699666679237808,10.957747268814089,8.175733840223076,0.5823357890230371,0.7607127067897443,0.030454962104742675,1.050893726312944,2.480129415906273,0.16664708240422113,0.0,1.017265318458696,0.0,1.0356248624686186,1.541605747895317,1.0,0.7835452197168,0.21645478028320003,0.0,0.0,0.0,0.0,0.0,0.0,0.0,1.0,1.3789693895198896,0.40963675252488163,0.6706251625545625,0.1888484004682247
B001265,5776.120402192233,3.688454918385845,8.40962948378875,2.417665235782348,0.5040641936559256,0.3200534056892542,0.013230744999643438,0.3642128735138546,2.5608532679535947,0.23790824766253274,0.0958796935647861,0.06226514230952419,0.21929278605121963,0.5122557808441883,2.8539725014775867,0.41084148992625996,0.2700057775433071,0.1408357123829528,0.025994541260855458,0.0,0.563163968812885,0.0,0.0,0.0,0.0,0.5,,,,0.18861606020795307
B001266,1438.1402934212858,2.381026975863056,13.380418757741364,3.9226990471390755,0.0,0.4076282729219586,0.48862397630514554,17.68818794224627,0.610779970381432,0.22027160314414654,0.04788359929049619,1.0219825281279455,0.1668450420683687,0.31326423285066723,2.320920560171993,0.7392022950866277,0.23991035835189295,0.499291936734735,0.0,0.0,0.2607977049133722,0.0,0.0,0.0,0.0,1.0,0.6986606434774331,,,0.19003346509277597
B001267,705.1655035433918,1.0002347567991372,6.272487789202931,0.33471998691811605,0.0,0.43300000000000005,0.4630950167564136,30.842128115977143,0.578868770945517,0.0,0.05636592106917111,0.0,0.10296079270385212,0.2620392720805972,3.082936729932128,0.31833046290922784,0.31833046290922784,0.0,0.10293662763063556,0.0,0.5787329094601368,0.0,0.0,0.0,0.0,1.0,0.45376851808096635,,,0.19003346509277597
B001268,1031.9419316590167,1.3870187253481407,7.538700312521945,2.0608339494219114,0.0,0.433,0.45071029921748096,30.00002785468469,0.6296985109557233,0.0,0.0,0.432382681338277,0.12147206053213797,0.20346547252200242,2.0096172747937984,0.8933728930880384,0.5816376054265475,0.31173528766149083,0.08757780865694409,0.0,0.01904929825501753,0.0,0.0,0.0,0.0,1.0,0.39939050726012765,0.37048271097472674,,0.19003346509277597
B001269,3558.7023301737895,2.49733496854301,9.635153568636277,2.7177607719217445,0.0,0.453,0.014403999465997975,0.28757375690148673,1.2289893168683828,0.0,0.0,0.9757020189349955,0.0,0.2926436327396317,2.754186012854971,0.50787966678519,0.11718237097779687,0.3906972958073932,0.0,0.0,0.49212033321480986,0.0,0.0,0.0,0.0,1.0,0.35055631211065663,,,0.1888484004682247
B001270,1796.2022698891246,4.424143521894396,11.170615722644452,5.471666765786935,0.040805032985259435,0.1434267640678299,0.02229577337841695,0.2645692046990947,0.33760400935988477,0.0,2.294544652829854,0.27908979845955256,0.7194990825774336,0.7934059786676709,1.76715588179849,1.0,0.7742865085422466,0.2257134914577535,0.0,0.0,0.0,0.0,0.0,0.0,0.0,1.0,,0.4770348707354754,0.6503552737131804,0.1888484004682247
B001271,574.7753335730449,0.9563649477088934,6.813467834021482,0.34168619147533635,0.0,0.4407128119440683,0.23845133365604457,15.811945067346473,0.6514632257053243,0.0,0.021937602495408805,0.0,0.12873905964935559,0.1542250598588046,3.204357674565613,0.3188131504965797,0.29587462420704613,0.022938526289533523,0.0,0.0,0.6811868495034202,0.0,0.0,0.0,0.0,0.6,,,,0.19003346509277597
B001272,11331.315850272793,3.18653426610596,6.4685060974946,1.7226593635678118,0.0,0.36500000000000005,1.1439302763170118,76.1211868705424,1.5990481275297044,0.0,0.0,0.22122865335571976,0.617962221030681,0.7482952641898547,2.9539543767866436,0.42395095076333783,0.42395095076333783,0.0,0.06942610211628693,0.0,0.5066229471203753,0.0,0.2,0.2,0.2,0.98,0.25948091265012824,,,0.27509512128729385
B001273,4092.1462407380886,1.8971470749828876,6.130510761402444,2.53571527641172,0.0,0.31873523514745244,1.569494588078422,56.73647147421414,0.6671701194201314,0.39430714607230655,0.10626053962018628,0.32169711880416346,0.15395506417850294,0.25375708688759724,2.2106954210731877,0.6461367950807885,0.5901260930000629,0.05601070208072548,0.25071971975971175,0.0,0.10314348515949995,0.0,0.0,0.0,0.0,1.0,0.8786394088072351,,,0.18861606020795307
B001274,662.1185388077637,0.8610124041713442,5.939632904645485,1.5032010524493973,0.0,0.365,0.8987715960580482,32.53553177730135,0.26822746401359965,0.0,0.0,0.2554357000615334,0.19694114843473515,0.1404080916614759,2.237247298084352,0.6937999329476314,0.46506786418693186,0.22873206876069957,0.2966690129248136,0.0,0.009531054127554898,0.0,0.0,0.0,1.0,1.0,,,,0.19003346509277597
B001275,833.954086057599,1.325841154304609,8.95949953560217,2.032339172239038,0.3551151504877503,0.3212172419708652,0.43182884577592395,9.59313863107917,0.5368155133058378,0.0,0.07162870831645567,0.33891270911371996,0.10596030797854397,0.2725239155900516,2.7009887058435593,0.5951132520189477,0.3777415629541221,0.21737168906482562,0.0,0.0,0.4048867479810523,0.0,0.0,0.0,0.0,1.0,0.6715435829368264,0.3932298576940254,,0.19003346509277597
B001276,64443.55122231193,14.19774206263757,32.00351913189229,4.07890298180752,0.010688599465452432,0.39663140339582864,0.06140166555512643,2.774546448294507,11.732606394382936,0.8883258699631609,0.08976859828348208,0.3259909308118018,0.23840750607691483,0.9226427631192744,3.4000435937892273,0.144345215606673,0.08177710681556756,0.06256810879110541,0.029283496436337333,0.0,0.8263712879569897,0.0,0.0,0.0,0.0,1.0,0.1023963976098366,,,0.18861606020795307
B001277,4114.133077089081,4.43811550926546,12.243424088172345,4.824462693507058,0.0,0.3820906035936655,0.018994682744860856,0.687607515363963,1.9567079180761981,0.0,0.0,0.8044825075715697,1.2763332006785304,0.40059188293916165,1.4954631713072182,0.9878228768996979,0.8065561870417953,0.18126668985790265,0.0,0.0,0.012177123100301968,0.0,0.0,0.0,0.0,1.0,1.7323732173493336,,,0.1888484004682247
B001278,2303.0676953847924,5.4317634325113024,12.10072445215758,4.398967006552948,0.20420601583724995,0.3403063531217331,0.012400859271157473,0.13640945198273222,3.04056660419284,0.1474467981695504,0.7626818194149065,0.0,0.6293720778628101,0.8516961328711969,1.9928510492271692,0.8208393311541566,0.704970500399164,0.11586883075499266,0.16755674817076324,0.0,0.011603920675080396,0.0,0.0,0.0,0.0,1.0,0.2511817795094024,,,0.18481989412312194
B001279,5926.268845776745,6.584743161974162,9.611019045170579,3.7707418346510226,0.0,0.36500000000000005,0.012505934797941723,0.7434373212392276,3.7137292814095,0.6992207067221394,1.2917309819736007,0.0,0.0,0.8800621918689215,1.6793055734402573,0.9542597152209688,0.9542597152209688,0.0,0.0,0.0,0.04574028477903135,0.0,0.5,0.5,0.5,0.5,,0.3504736348828795,,0.4014480571426785
B001280,5743.373072436023,10.538299215478942,32.06063123030718,4.133072099906492,0.013826856594673309,0.4649606856241568,2.895717820153024,56.809048450026616,8.906369875651178,0.4807401193875203,0.0,0.5518354300423062,0.15812677353605037,0.44122701686188665,3.4411673694333587,0.08301383262266693,0.03739545440453887,0.04561837821812804,0.06736971394165243,0.0,0.8496164534356806,0.0,,,,1.0,0.148136743868361,0.29267488149656656,0.26371502908009886,0.18861606020795307
B001281,19256.511029669815,8.84137329185942,18.42642845843938,12.793576634053027,0.0,0.43576891768683007,0.016435192124492834,0.48158815012906014,2.888442930308694,0.2483370977146893,1.1818599311166573,1.5531180520195758,2.109991850628055,0.8596234300717464,2.315194829025515,0.6581879079696871,0.5049051747848607,0.15328273318482624,0.0,0.0,0.3418120920303127,0.0,0.0,0.0,0.0,1.0,,0.3353021188239929,0.30891702005263155,0.18481989412312194
B001282,9111.294691230529,5.88204951015528,10.337071578275683,4.974744342649906,0.0,0.45770712932908963,0.012572001373988674,0.3391214832779804,3.4189870271491087,0.0,0.710429942095822,0.9659952163863852,0.0,0.7866373245239632,2.9967159345374093,0.25451456401975503,0.25451456401975503,0.0,0.16422765818591076,0.0,0.581257777794334,0.0,0.5,0.5,0.5,0.5,0.24154957822240777,0.22206861070952985,,0.4014480571426785
B001283,2570.7566006688135,5.021008985681276,12.520543113811199,7.925697975847761,0.23264669925684164,0.4582635206213938,0.009595228134653092,0.3419830312756015,2.5883063019955186,0.0,0.7741269660170834,0.5031252664641771,0.762337460673388,0.39311299053110854,1.4775371133508217,0.9797346743399731,0.9797346743399731,0.0,0.0,0.0,0.020265325660026944,0.0,0.0,0.0,0.0,1.0,0.2376819240405871,,,0.1888484004682247
B001284,10323.004846139158,4.281627891389116,8.835053415574478,4.685645738050981,0.0,0.020999999999999998,1.3465961016539951,48.77614303269997,1.6795746079643263,0.9233479002397401,0.12406283262207368,1.0832346056779132,0.0,0.4714079448850625,2.6769732504982,0.3762951723185171,0.12329920135699746,0.25299597096151966,0.2156534672470504,0.0,0.4080513604344326,0.0,0.0,0.0,0.0,1.0,0.9458718449425544,,,0.18861606020795307
B001285,7489.883814467857,3.8647491302723718,7.305613251715451,6.815285531952988,0.0,0.3864835276290952,1.4581747499208697,52.799055404904536,0.8758301165279228,0.8734474909584784,0.7702240508396974,0.0,0.6843635788222739,0.6608838931239995,2.5346273838631737,0.7848313312410118,0.5588276602350954,0.2260036710059163,0.0,0.0,0.2151686687589882,0.0,0.0,0.0,0.9800000000000001,0.98,0.4268948923846345,0.34688801904438593,,0.18690117976449694
B001286,2957.693751589224,1.8850820596489637,9.671681272872425,2.9549696542962978,0.0,0.21862270507739945,0.5552661716223691,36.92049630607446,0.30484711735389436,0.5988033637655807,0.0,0.4783293514651891,0.27033215537542404,0.2327700716888754,2.3450352603509446,0.8009507750892882,0.08614641752348746,0.7148043575658006,0.0,0.0,0.1990492249107118,0.0,0.0,0.0,1.0,1.0,1.1726872674455846,,,0.19003346509277597
B001287,438.80681827250567,1.2609391329669704,6.177197842269797,2.3991118407108614,0.0,0.20358060454627294,0.5667869338228633,20.181125999840614,0.3055232009725557,0.0,0.060345597727572024,0.5034922426177613,0.205271620747389,0.18630647090169228,2.6834587359647735,0.2799436639728945,0.2799436639728945,0.0,0.4471570638137239,0.0,0.27289927221338156,0.0,0.0,0.0,1.0,1.0,0.6848501566495524,,,0.19003346509277597
B001288,3568.796522346194,10.314440816029462,14.866406390528141,10.938420312224356,0.08458639661705936,0.13803346801537267,0.023400896259312163,0.504707906688549,4.082989082919591,0.0,0.0,0.8805113016473198,4.063318457460452,1.2876219740020982,2.8895684232885452,0.5628419361679551,0.08353046913964382,0.47931146702831123,0.0,0.0,0.4371580638320449,0.0,0.0,0.0,0.0,1.0,0.15349937512009287,0.2559315651971757,,0.18481989412312194
B001289,14907.770981396478,16.274859149996153,31.481659452490874,2.1069762482172276,0.0,0.24,0.08983859496114277,3.392102120567572,14.086645832371259,1.174620077509372,0.0,0.0,0.23916098504438799,0.774432255071138,3.4837910156641594,0.13348295860745854,0.13348295860745854,0.0,0.0,0.0,0.8665170413925415,0.0,0.0,0.0,0.0,1.0,,,,0.18861606020795307
B001290,7796.116713064054,3.4496091650725904,8.562521734905447,0.8262369442771055,0.0,0.23999999999999996,0.02451808779639539,0.8221279663827541,2.4662374068447788,0.0,0.14242416330757401,0.4119808263023638,0.0,0.4289667686178745,2.073606028646556,0.7863541051745611,0.6256388000254136,0.16071530514914764,0.0,0.0,0.21364589482543891,0.0,0.0,0.0,0.0,0.5,,,,0.18861606020795307
B001291,2098.6286168136953,1.7301142760211832,12.756837985660809,3.103947943539726,0.0,0.3097538897642008,0.6842648050248951,45.54400757825042,0.30084304697199354,0.7658651085780209,0.01979883735605019,0.33148627943770137,0.1528571395810892,0.15926386409632765,2.2754527384431658,0.7931018917271037,0.6933073409681771,0.09979455075892653,0.19159791005252805,0.0,0.015300198220368282,0.0,0.0,0.0,0.0,1.0,0.9058458927129434,,,0.19003346509277597
B001292,2417.028571755247,4.739271709324013,11.03075969634496,6.964652426606364,0.3084550715775893,0.1460193159733507,0.008641199582550043,0.13832314899742898,2.7363371725677954,0.0,0.0,0.018775621676045982,1.1523545410631186,0.8318043740170533,2.4081807774684107,0.6209715162388038,0.3778213843744537,0.24315013186435028,0.0,0.0,0.3790284837611961,0.0,0.0,0.0,0.0,0.5,,,,0.18861606020795307
B001293,123273.21216899261,169.5642533273626,379.030685835674,306.78607907757294,0.0005078013288054758,0.3646957465188163,0.033817638986997516,1.9023889653987613,7.610719342588001,0.5384929357029501,0.0,0.6996045703040642,159.74116062635125,0.974275852416284,2.077601481620593,0.9546938631939307,0.9515181175686819,0.0031757456252487944,0.0,0.0,0.04530613680606928,0.0,0.0,0.0,0.0,0.5,0.07173210607361237,,,0.18861606020795307
B001294,2835.9739208304527,5.485442786906098,8.938105431846155,6.156961120210526,0.0,0.48799999999999993,1.7583764204823857,39.2117941767572,2.2997740982028345,0.3729600527811714,0.0,1.6495777932708835,0.0,1.1631308426512088,2.6238635502278003,0.5807495971533131,0.2800304287375071,0.30071916841580604,0.0,0.0,0.4192504028466869,0.0,0.0,0.0,0.0,0.98,,,,0.18690117976449694
B001295,29273.326995541625,7.629222568553981,13.53777760064628,6.890750830926452,0.0,0.39568744243127996,0.011643312368353516,0.5026872574159695,4.874785483543079,0.78914637790884,0.0,1.3523444900749997,0.0,0.6129462170270626,1.6106778288242931,0.8965626745297048,0.8965626745297048,0.0,0.10343732547029524,0.0,0.0,0.0,0.0,0.0,0.0,1.0,0.147125731814285,,,0.18481989412312194
B001296,2437.040564738622,1.1251341480787729,8.41975976874475,1.3462740076889343,0.0,0.38153855381139096,0.19152108053848987,6.948759446883167,0.29447244800581224,0.20232931837691315,0.05857731724859481,0.0,0.3508692157981926,0.21888584864926003,2.1606993489985173,0.7216735480546866,0.7216735480546866,0.0,0.0,0.0,0.27832645194531325,0.0,0.5,0.5,1.0,0.5,1.1877433684256584,,,0.4064886165245276
B001297,11230.828120232896,9.064429475571345,12.651582428220616,12.745672340892748,0.05489250732098109,0.753378744836443,0.017016488753482644,0.8723592052716725,4.907018297624877,0.0,0.0,2.540598223876859,0.5217394266721437,1.0950735273974657,1.7774795098282088,0.8772535090007009,0.8196945166693873,0.05755899233131357,0.0,0.0,0.12274649099929914,0.0,0.5,0.5,0.5,1.0,0.2719422004745355,0.23524457140731153,0.47909156638813094,0.4014480571426785
B001298,5466.567025247359,17.465070368202426,52.75752014191045,136.10815310181945,0.15961680712051735,0.809,0.013754209835353585,0.34620706147203006,2.1537352521043043,0.0,0.0,14.595764619250948,0.31954181667720627,0.39602868016996534,2.755823488340067,0.03880010614916087,0.02050405523493288,0.018296050914227997,0.8357117556093306,0.0,0.12548813824150837,0.0,0.0,0.0,0.0,0.5,0.6683439028697608,0.2529700645829176,0.26970699861495734,0.18861606020795307
B001299,43208.87296293706,20.743577994688938,37.183939033351464,2.3322563962067644,0.0,0.5163495319462161,0.08120536714673364,3.693600168834637,15.694537644245232,0.8640614381977615,0.0,0.06617616306464764,0.0,4.118802749181291,3.345796108721359,0.22062326501929386,0.17577865810044016,0.04484460691885371,0.0,0.0,0.7793767349807058,0.0,0.0,0.0,0.0,1.0,0.16231105825938033,,,0.18861606020795307
B001300,1281.697350642646,2.469551735342285,7.6312444431831095,3.5493076355693245,0.0,0.4999229471758764,0.014940207283048831,0.3276951857147977,1.3175227703309715,0.7832190319655892,0.0,0.032801502746150867,0.0,0.33600843029957295,2.970968090562792,0.4458069540956212,0.11537429984768835,0.33043265424793294,0.0,0.0,0.5541930459043786,0.0,0.0,0.0,0.0,1.0,0.9447837645577407,,,0.1888484004682247
B001301,4287.22627482467,2.732457791475252,8.841351741673643,4.627150724330294,0.22429701606113175,0.3857272976475053,0.01397224011275304,0.3794128859055242,0.3849615753020924,0.0,0.5883259626517189,0.22807155219955558,1.0630845559004982,0.4680141454213872,2.666990663606286,0.4700572738139933,0.25474709976951804,0.21531017404447522,0.3890579972423068,0.0,0.14088472894370013,0.0,0.0,0.0,0.0,1.0,,0.5528694404176691,,0.1888484004682247
B001302,7092.630375176522,15.155193109351542,22.049496508997617,19.000907434830406,0.0,0.2692838733208673,0.012488989669276099,0.5794891206544109,4.194063694906153,1.5233614193792013,2.4710109895575174,1.957419734454318,3.8567220207343658,1.1526152503199871,2.6954923140231624,0.6960911770070566,0.04888634805155889,0.6472048289554977,0.0,0.0,0.3039088229929435,0.0,0.5,0.5,0.5,0.5,0.2781183027502343,,,0.4014480571426785
B001303,6653.16175372727,2.4433205118352075,10.896752610574334,3.2990299251849318,0.0,0.021,0.6457463319892741,43.006705710485654,0.8071829149865926,0.0,0.06609431193213783,0.9040277440954393,0.3824755773941969,0.2835399634268411,2.65898496496967,0.6038382835571079,0.07729937257185686,0.5265389109852511,0.027051019959102134,0.0,0.36911069648379025,0.0,0.0,0.0,0.0,1.0,0.9305212967619989,0.37255820951579055,,0.19003346509277597
B001304,10804.658777935752,2.461758664373605,3.5848685320102858,5.05499614998376,0.7520885830577986,0.365,3.4472185603752483,124.76794663973926,0.7278869382472789,0.0,0.2513437143658678,0.633111365716773,0.0,0.8494166460436853,1.9358264751721808,0.955364658830275,0.5960869225995018,0.35927773623077325,0.0,0.0,0.04463534116972493,0.0,0.0,0.0,0.98,0.98,0.2324667122398728,,,0.18690117976449694
B001305,18345.05097215925,4.296264864674297,15.524332146225133,6.145453793189943,0.0,0.2702285363829648,0.024505315306607274,0.5543275604045925,1.3436395846530043,0.0,1.045230877067583,0.6634132076519716,0.9695470225894194,0.2744341727123196,1.9441987464035815,1.0,0.37662337130790263,0.6233766286920976,0.0,0.0,0.0,0.0,0.0,0.0,0.0,0.95,0.9321266784080425,0.48202870575311935,0.336595866945372,0.1888484004682247
B001306,2406.0430465720965,1.9673287379984437,9.308551540121947,2.4460922367409035,0.05464262904988141,0.39513409607947525,0.6027296331085762,40.10358998045783,0.7510711354682363,0.5541518079303436,0.03325071465922471,0.39643952858344605,0.0,0.23241555135719272,2.6570379941903464,0.4106459178555578,0.4106459178555578,0.0,0.20151158315655107,0.0,0.38784249898789097,0.0,0.0,0.0,0.0,1.0,0.2938052054116548,,,0.19003346509277597
B001307,15825.169981036752,13.857416796004161,24.785441049066065,3.4099643576900545,0.0,0.2578395865979855,0.10091167785173227,4.426605806897063,12.076857124015008,0.0,0.14302644759494404,0.5910575422788978,0.13226118150072544,0.9142145006145848,1.7774750390457097,0.9235873616200366,0.9235873616200366,0.0,0.05219722654139947,0.0,0.024215411838563825,0.0,0.0,0.0,0.0,1.0,,0.34763092400981954,,0.18861606020795307
B001308,3595.826327152653,10.273789506150438,33.134408677766565,2.141056954161279,0.0,0.24726425312201827,0.0459903096716569,2.0716358359110862,8.887343745082843,0.0,0.0667378502987425,0.5684898788013637,0.15161813849459807,0.5995998934728904,3.438418614176164,0.11374526735841153,0.11374526735841153,0.0,0.010148309527098309,0.0,0.8761064231144902,0.0,0.0,0.0,0.0,1.0,0.07881520823793566,0.34016291212576105,,0.18861606020795307
B001309,2711.977513377719,8.023602110584967,14.788918011207816,11.569049636642923,0.2776669842403433,0.09975782085308972,0.017472564829489477,0.29101742576515016,3.1060472514589237,0.0,0.2676170228475379,1.3536823140999954,2.1689266536547818,1.1273288685237286,2.9362768637064884,0.28619861274233843,0.08413234442518594,0.20206626831715252,0.2703183213426637,0.0,0.44348306591499786,0.0,0.5,0.5,0.5,0.5,0.33888951705721965,,,0.4014480571426785
B001310,34148.4856490523,6.952053267315208,14.06601003215252,11.221883310384074,0.1930262373283241,0.21934119367627844,0.019704560734639442,0.5786611904609289,3.497069826298124,0.16680263532701448,0.15961779905963905,2.4995468280526367,0.0,0.6290161785777946,1.7954550835915835,0.7595940452291301,0.7595940452291301,0.0,0.08595199636340056,0.0,0.15445395840746973,0.0,0.0,0.0,0.0,0.5,0.7130259813879154,0.2028547738706211,,0.18861606020795307
B001311,5191.45877284938,4.883780595342785,10.173128196625903,8.054522543112196,0.0,0.3139081144739611,1.302543691970502,47.200195886690125,0.7526149009195168,0.7463899240519035,1.3291879538334554,1.5715356141392967,0.0,0.4840522023986131,2.129465895470632,0.8406352104993317,0.09385442851609213,0.7467807819832396,0.0,0.0,0.15936478950066854,0.0,0.0,0.0,0.98,0.98,0.3084260591540891,0.29781964131294775,,0.18690117976449694
B001312,7293.721443296234,1.6907096530589323,11.73470888952447,2.6900149729724516,0.1303399248726882,0.29018882871714186,0.2007900737151966,7.289635634024025,0.3072909706127562,0.5676806128647751,0.054721978879798606,0.4702844380790966,0.09371366242876035,0.19701799019374594,2.3017106298727747,0.8182473436188247,0.5400893303678626,0.27815801325096245,0.0,0.0,0.18175265638117527,0.0,0.5,0.5,1.0,0.5,,0.2947959885423043,,0.4064886165245276
B001313,9212.39083603409,6.719468151738942,17.70870839334702,2.3943446695481345,0.0,0.24000000000000002,0.03154903625175778,1.4638752820815606,5.643168325699356,0.0,0.0,0.6453408391095424,0.0,0.4309589869300427,2.210980504157187,0.7465778135784645,0.7465778135784645,0.0,0.0,0.0,0.2534221864215351,0.0,0.0,0.0,0.0,0.5,,0.17197869216296613,,0.18861606020795307
B001314,29623.935027718973,10.64460475304311,16.340528491090325,13.575546829647838,0.0,0.5538184669160571,0.014465561626321925,0.2365745898518565,5.869372543862,0.706404952110752,1.9833166233024964,0.987768897077826,0.4824792036195022,0.6152625330705334,2.9163608450628073,0.4416464908415197,0.2553251882365074,0.1863213026050122,0.0,0.0,0.5583535091584805,0.0,0.0,0.0,0.0,1.0,0.2666689829499933,,,0.18481989412312194
B001315,4297.314007766987,6.3288866093770055,14.270009118141576,10.652658116732216,0.20933807546329605,0.2754340411079656,0.023661778743706854,1.172640878516217,1.1866454343774568,0.2555764787350796,0.2611380564799357,1.8665703116678056,2.092858739881747,0.6660975882349807,2.298610801472078,0.8125032872892208,0.206256584035838,0.6062467032533829,0.0,0.0,0.18749671271077903,0.0,1.0,1.0,1.0,1.0,0.13941133150327303,,,0.6052750777176602
B001316,10150.68250183641,4.277573747086562,11.71016194906579,6.516284189469731,0.018147822123905425,0.22810964917503773,0.011065449209264396,0.24675951736659602,0.4426179683705758,0.0,1.8800051967782037,0.44179620429151134,0.7055823569061149,0.8075720207401559,2.332522123945337,0.896525929290631,0.6282947709198135,0.2682311583708174,0.0,0.0,0.1034740707093691,0.0,0.0,0.0,0.0,1.0,0.6695813191580957,,,0.1888484004682247
B001317,547.7909507566167,1.7901665057405773,7.456470433452649,1.1290488386294804,0.0,0.47000000000000003,0.41576194451392856,27.607289792692516,1.1358863603139089,0.34774704229787995,0.0,0.0,0.0,0.30653310312878845,3.103587337882738,0.32518248600464345,0.13092846483803702,0.19425402116660642,0.0,0.0,0.6748175139953567,0.0,0.0,0.0,0.0,0.6,1.0172337970241396,,,0.19003346509277597
B001318,1314.6112348767701,2.7105386286118973,4.085398150212794,3.4580924372711754,0.44943079234862304,0.0969421654459858,3.8519638352334247,139.4360707327049,0.644160194677063,0.0,0.4905156285919519,0.0,0.8046332593021363,0.7712295460407462,2.0791013178442324,0.9620259371658109,0.781059828284658,0.18096610888115308,0.0,0.0,0.03797406283418901,0.0,0.0,0.0,0.98,0.98,0.4910655611994305,,,0.18690117976449694
B001319,13986.978981605129,9.374650791960542,21.846846773013706,6.254881765635702,0.04959182882391616,0.680790228054721,0.031553154804638814,1.2847155097080516,7.218076313997143,0.18585976632751547,0.03107881117611034,0.9909248296745025,0.0,0.9487110707852713,3.300757490506124,0.21021739959913152,0.21021739959913152,0.0,0.019825780229265073,0.0,0.7699568201716035,0.0,0.0,0.0,0.0,0.5,0.1622502357609725,0.16098144387009689,,0.18861606020795307
B001320,4477.554220397266,3.9003085543530194,10.46935085196586,4.610605400552815,0.14291831470880523,0.4406476699699608,0.022699216980827115,0.6386428819186818,2.1052689810434058,0.46402816634119837,0.060395148636003926,0.6809743006265451,0.0,0.5896419577058668,2.538334562148513,0.5685005780661168,0.4340436991630595,0.13445687890305727,0.0,0.0,0.43149942193388324,0.0,0.0,0.0,0.0,0.5,0.4883878216233246,0.1628394168600372,0.3057428147934919,0.18861606020795307
B001321,3680.925137381811,6.6442692010502,9.715454946286828,6.818482654176375,0.0,0.4052252093362391,1.7844680320202013,118.8455709325454,2.3655566890657727,0.7694770270810096,1.9545094886865662,0.0,0.6766996768231788,0.8780263193936716,2.47032929822,0.6295525851761159,0.3353878802936536,0.2941647048824624,0.0,0.0,0.3704474148238839,0.0,0.0,0.0,0.0,0.98,0.3857550989110129,,,0.18690117976449694
B001322,50482.8406855582,25.4193558336144,54.092499350169206,2.0997491418272687,0.25865802580116226,0.28847276321316523,0.09235645439597207,4.284425010188645,23.89128761952405,0.0,0.051725751036140424,0.1900521595728738,0.5805901982129308,0.7057001052684058,2.010098672884826,0.9974974057713142,0.9671802583648202,0.030317147406493748,0.0,0.0,0.0025025942286858553,0.0,0.0,0.0,0.0,1.0,0.17684473251718194,,,0.18861606020795307
B001323,3338.44994831709,6.251778929432753,9.664138067339167,8.667646367266455,0.10630525508152987,0.3535926106827187,1.3269065066362213,30.002904321445683,2.444342356404594,0.8358406409289985,0.0,1.6959870756650963,0.40956138040264,0.8660474760314238,2.3403652470981324,0.6611654066481115,0.5676754780567891,0.0934899285913225,0.06551117450338267,0.0,0.27332341884850564,0.0,0.28,0.28,0.28,0.7,0.28806490557815073,0.3752390882601784,,0.30976336009743166
B001324,973.1586637395874,1.4902889184373467,6.406047479617874,1.5010776362165896,0.0,0.47,0.6438851000710422,23.308640622571726,0.8048563750888027,0.4623319119547096,0.0,0.0,0.0,0.22310063139383435,3.086928036546756,0.4348039725899324,0.4348039725899324,0.0,0.0,0.0,0.5651960274100676,0.0,0.0,0.0,0.0,1.0,0.45103190981563523,0.32712096880636726,,0.19003346509277597
B001325,1451.6883067350432,1.62563080261483,9.019996648514171,1.6250665436225877,0.0,0.2859760620820095,0.2539487968756657,9.237951857527475,0.42944026938775465,0.8133457260122067,0.07943556853315913,0.0,0.12179104944299188,0.18161818923871761,1.8065407396934121,0.8995284873422759,0.850664029062212,0.04886445828006389,0.0,0.0,0.10047151265772422,0.0,0.5,0.5,1.0,0.5,0.5996577696941903,,,0.4064886165245276
B001326,8049.108131702313,9.230628591401734,14.000179106058907,4.114655077651324,0.0,0.36499999999999994,0.009593772175195662,0.21394111950686326,6.335509927016004,0.0,0.0,0.0,2.1725378809998994,0.7225807833858326,3.1755949951574842,0.30946328953219354,0.30946328953219354,0.0,0.0,0.0,0.6905367104678065,0.0,0.0,0.0,0.0,1.0,0.17079531598080352,,,0.18481989412312194
B001327,200.13873656864803,0.5528694380349393,3.8140324694718104,0.8015045333681928,0.4412100843763576,0.4309883605000685,0.8697517211410823,31.487679350385264,0.18733112520780443,0.1693805766048657,0.0,0.05557779228031578,0.0,0.14057994394195336,1.7540505595764813,0.9850071564193034,0.9850071564193034,0.0,0.0,0.0,0.014992843580696679,0.0,0.0,0.0,1.0,1.0,0.8398497167712217,,,0.19003346509277597
B001328,6557.520139299315,7.502883454575875,13.820634274626848,6.909319499689445,0.0,0.3659110923697883,0.017341981322390742,0.6588554232541266,3.2515152907688627,0.0,1.6625332480252575,0.12200470531588231,1.9209006042477161,0.5459296062181581,2.8665963426702743,0.5238515486817741,0.3022656399987187,0.22158590868305544,0.016261042311869287,0.0,0.4598874090063568,0.0,0.0,0.0,0.0,1.0,,0.4548634404791056,0.28489665148974863,0.18481989412312194
B001329,4702.437660392525,2.0807246284922676,13.45661228718581,1.2636588150337091,0.0,0.22081947194377816,0.1944464864309726,12.84645589100767,0.3743953973988849,0.5948796855709464,0.08955689526263322,0.0,0.14441065595321154,0.8774819943065921,2.3336052797846305,0.8368707586830343,0.7674667376147327,0.06940402106830168,0.04304120498997882,0.0,0.120088036326987,0.0,0.5,0.5,1.0,0.5,0.9792428456819723,0.31385321297545177,,0.4064886165245276
B001330,1447.2724366418672,1.4966622922873498,7.495415482022054,0.55645179681647,0.0,0.4560791592180388,0.3513782210951251,23.29558574312795,1.0479882008392767,0.0,0.031042843135588975,0.08699125324337466,0.12443653887260606,0.2062034561965032,2.4765560911822475,0.6500036398585205,0.5461195620612668,0.10388407779725366,0.0581235016687872,0.0,0.2918728584726923,0.0,0.0,0.0,0.0,0.6,,0.3494520928695278,,0.19003346509277597
B001331,5263.996712580584,4.785451556891441,6.917772050735734,4.821356614821616,0.09193033385832515,0.4690361978133112,1.5000703598372336,54.28437393990317,2.1496536667377812,0.5468776347351061,0.0,0.3999563953594353,0.42034867611898374,1.2686151839401343,2.677780972855377,0.5763320000532932,0.4884931260992466,0.0878388739540467,0.0,0.0,0.4236679999467069,0.0,0.2,0.2,0.2,0.98,0.3073037180388199,,,0.27509512128729385
B001332,7243.791097766476,7.2510421399063825,12.68788784844661,9.063933234093826,0.026817499486213058,0.38302138221652704,0.012296885361302308,0.2555652655631082,3.299989844326262,0.5573122302985678,1.2253998466729434,1.5716614358032168,0.0,0.5966787828053908,2.6858184341935116,0.5336354835067176,0.3168857521607199,0.21674973134599773,0.0,0.0,0.4663645164932822,0.0,0.5,0.5,0.5,0.5,0.173622604093417,,,0.4014480571426785
B001333,2205.805811325496,0.8044514264498527,4.754646703587624,1.0661315966175413,0.2252099127655355,0.32270092069753603,0.4858580589699708,17.598007902137503,0.26667489322513305,0.0,0.04596149842716716,0.1963461773730834,0.1162976919833102,0.17917116544115902,2.729857387949616,0.32038798181348227,0.32038798181348227,0.0,0.3361147553719594,0.0,0.3434972628145585,0.0,0.0,0.0,1.0,1.0,,,,0.19003346509277597
B001334,1762.60552511606,4.0519667244047355,9.841239850644266,3.825635501718669,0.0,0.5509405616645132,0.020143133873502403,0.5088749067151541,1.875254589439699,0.2050712256326547,1.1740167391727565,0.0,0.0,0.7976241701596267,2.956367967956424,0.3878540363176148,0.04750376727437391,0.3403502690432409,0.0,0.0,0.6121459636823854,0.0,0.0,0.0,0.0,0.95,,,,0.1888484004682247
B001335,3544.890316106559,9.183653668669843,12.671135665887663,6.748713114270802,0.0,0.2086045884419227,0.01905303298050457,0.34350495538495357,4.050307047230516,0.0,2.1746100185874013,0.853922588273685,1.3158478412956596,0.7889661732825783,2.023049383093386,0.9889500496336184,0.5158942697779755,0.4730557798556426,0.0,0.0,0.011049950366381563,0.0,0.0,0.0,0.0,1.0,,0.24369616073619277,,0.18481989412312194
B001336,29620.95370917072,8.180324139511384,17.75211096590657,9.268876361227544,0.0,0.021,0.006449489033571604,0.14382360544864678,4.259096531603889,0.0,1.6517011922758718,1.8218489970847809,0.0,0.44767741854684245,3.0852009103915075,0.23186647310358463,0.23186647310358463,0.0,0.2227111011757049,0.0,0.5454224257207105,0.0,0.0,0.0,0.0,1.0,0.21638015446490305,0.29827044675806574,0.3262467166396452,0.18481989412312194
B001337,5381.613134720802,3.9982266974151575,7.872667129943402,4.7907676592963195,0.08768677002976503,0.21312950526148,1.373286853153501,91.29024888641493,1.7114683395259656,0.0,0.13145229921640275,1.0920598770446694,0.20225448939804894,0.8609916922300707,2.870351772322138,0.5719431465373324,0.21534339030518188,0.35659975623215046,0.0,0.0,0.42805685346266764,0.0,0.0,0.0,0.0,1.0,0.973601283211832,,,0.18861606020795307
B001338,10678.061144763067,3.252531570138004,5.378189988836679,2.5747092575797406,0.0,0.19257529130485881,1.8091925096043893,65.38219426744917,1.097916163733995,0.8982112547213882,0.0,0.678044846489326,0.0,0.5783593051932949,2.7062934516737256,0.3568116249529056,0.3568116249529056,0.0,0.2761575822869807,0.0,0.3670307927601137,0.0,0.0,0.0,0.98,0.98,,0.3615388940110556,,0.18690117976449694
B001339,8108.059217212901,4.4944895882554885,9.7024048481957,5.879207525420058,0.25563612037542643,0.3578328491507644,1.2792142444734302,84.84272635679802,1.6656752942589632,0.9046162186631258,0.1926306469979699,0.359022246726458,0.8072651088492916,0.5652800727596802,2.7724178872151506,0.30368317479358115,0.2608238816045767,0.04285929318900445,0.2594927260758073,0.0,0.43682409913061154,0.0,0.0,0.0,0.0,0.98,0.3875531621788576,0.37473275833009223,0.6134624200240714,0.18690117976449694
B001340,2189.119512529985,6.457579682979307,9.424927330686323,4.806279905919429,0.0,0.2794342966127212,1.9407866028460774,129.23884503448934,2.538347709496706,0.8005842975558419,2.2076046053947214,0.0,0.0,0.9110430705320398,2.7415989738190074,0.6008188394631294,0.2589562974935028,0.34186254196962657,0.0,0.0,0.399181160536871,0.0,0.0,0.0,0.0,0.98,,,,0.18690117976449694
B001341,8570.663672018462,10.083133731786425,21.649351974243555,6.4208845706619915,0.01968037713534206,0.4901929261727778,0.06254913454051703,2.8283860124081044,7.080562281498425,1.0295570460053465,0.0,0.5800370175512359,0.5305703987361621,0.8624069879952571,1.8538119457985238,0.9398538101106075,0.7851273643209116,0.1547264457896961,0.05752547104703242,0.0,0.00262071884236003,0.0,0.0,0.0,0.0,1.0,0.145156880411364,,,0.18861606020795307
B001342,8808.063994107553,4.753407444202673,7.85650907386683,13.631385758432861,0.24511887702978452,0.6216763994476959,3.873098377422793,140.43337451040819,0.8686451245424027,0.30854828068685225,0.24592470051683663,2.031160355358112,0.5635332532249848,0.7355957298734844,1.6302479192902415,0.9378021981300672,0.3402059805862936,0.5975962175437736,0.0,0.0,0.06219780186993272,0.0,0.0,0.0,0.98,0.98,0.270985672536816,,,0.18690117976449694
B001343,2699.503991319964,3.510408311209316,6.096884673706694,5.621513089928958,0.2482573266282028,0.41072816706816356,1.5782514910009762,57.157760151955806,0.9578435624710012,0.22962698932495196,0.44046228490669165,0.0,0.8347927537045562,1.0476827208021149,2.7818302668632047,0.6949956084550617,0.26630415876504643,0.4286914496900153,0.0,0.0,0.3050043915449383,0.0,0.0,0.0,0.98,0.92,0.3950853177471124,0.34108356818255153,,0.18690117976449694
B001344,5294.794392004305,6.363935567312867,9.99198400967566,6.617057290669204,0.0,0.24578600990598043,1.1823116458054586,78.72730623180269,2.428029809068882,0.4895910418325529,0.0,1.5197482628111685,1.0851768538839415,0.8413895997163221,2.0177557769153665,0.8897353782273761,0.611180589105165,0.27855478912221104,0.07693211797228798,0.0,0.033332503800335915,0.0,0.2,0.2,0.2,0.98,0.29159634793066674,,,0.27509512128729385
B001345,755.1138633612059,2.002954544724684,8.36217249674452,2.2577157582333083,0.0,0.453,0.7222323666814696,26.14682894926091,0.9013071676226374,0.329637784486796,0.0,0.5269449116307818,0.0,0.2450646809844687,2.6764748373384544,0.50418707271296,0.07652749432980736,0.42765957838315266,0.0,0.0,0.49581292728703996,0.0,0.0,0.0,0.0,1.0,0.353509256814925,0.5029158252857457,,0.19003346509277597
B001346,1890.7965741314474,5.266842824878684,12.46767161684682,4.504322990803803,0.0,0.2411059751506929,0.013279604652863656,0.42543934286038515,2.6112140705915166,0.6848037924215478,0.9888815947108629,0.5474998739329782,0.0,0.4344434932217785,2.9510375136467917,0.40026424756708917,0.2702425599657849,0.1300216876013044,0.10395219529749102,0.0,0.4957835571354198,0.0,0.0,0.0,0.0,1.0,0.20178157281444722,,,0.1888484004682247
B001347,31139.11096524092,11.880622268310157,23.186042223651057,19.004121361395438,0.18570010035457213,0.18389063356912871,0.012634945553788484,0.2965470862593185,4.856143193578408,1.432335112945291,1.7116825031205365,2.9179828665978174,0.30913789896033095,0.6533406931077753,2.9688694477530846,0.5652348020257846,0.05499212737791245,0.5102426746478722,0.026020345734323328,0.0,0.40874485223989215,0.0,0.0,0.0,0.0,1.0,,0.3648257222301604,,0.18481989412312194
B001348,725.7289819639778,1.1743187410420353,9.619380801832017,0.7053841178159543,0.0,0.24,0.20794076852047766,13.78875915137602,0.5681065471053219,0.47331274305450544,0.0,0.0,0.0,0.13289945088220803,2.978367232279952,0.5162245757900358,0.5162245757900358,0.0,0.0,0.0,0.48377542420996433,0.0,0.0,0.0,0.0,0.6,0.610380579899221,,,0.19003346509277597
B001349,5995.243197682696,5.983276644393908,8.672417142520692,3.7539402699654083,0.0,0.47742305626347875,3.4648156715809857,230.73859489889358,3.319825239830546,1.467850875167582,0.0,0.0,0.20049703410631664,0.9951034952894634,1.8363116138320448,0.9740470964907139,0.6952119350182663,0.27883516147244747,0.0,0.0,0.025952903509286255,0.0,0.0,0.0,0.0,0.98,0.34623504402588673,,,0.18690117976449694
B001350,1228.2922684430432,1.4570489542622103,7.406620126274658,2.566008700959685,0.0,0.6930290367832682,0.6962510130735848,25.1855572391665,0.5080648964867079,0.2627505516312714,0.0,0.1147908849592152,0.18504960393407938,0.3863930172509361,1.908282848191465,0.6805058252470322,0.6805058252470322,0.0,0.2591137624347414,0.0,0.0603804123182264,0.0,0.0,0.0,1.0,1.0,,,,0.19003346509277597
B001351,4613.637741747855,4.09373357741602,6.758479596120319,4.491165539662674,0.13492506842022717,0.4723578632401102,1.1873417685205172,78.65513850840378,1.9890174977769046,0.4590919885302044,0.5500722427634336,0.2239843050758745,0.0,0.8715675432696043,2.5734776863796873,0.6171092446012042,0.5623953017321486,0.05471394286905554,0.0,0.0,0.3828907553987962,0.0,0.28,0.28,0.28,0.7,0.23564803357952355,,,0.30976336009743166
B001352,15735.145931229496,7.971198546722135,13.45516603832573,13.413173776431131,0.0,0.45578561538489876,1.1293829654422525,75.20041029403619,1.9857641228474459,2.5754495304319236,0.5598522907122396,1.8540572549699375,0.28692502069305104,0.7091503270675366,2.3242629910940105,0.7670549412817537,0.3790685277455535,0.3879864135362,0.0,0.0,0.23294505871824636,0.0,0.28,0.28,0.28,0.7,0.4484800783360922,,,0.30976336009743166
B001353,31129.49143953472,13.768019212531941,23.058509068581195,9.702512033890772,0.18605433864867515,0.3647452944906356,0.02823099313804109,1.0982144147203654,9.152466672575475,0.5174370244230704,0.15685962976528062,1.9535647372476237,1.1157302304872176,0.871960918033277,2.1342754033571074,0.8084968208341486,0.5479849827265151,0.26051183810763373,0.0,0.0,0.19150317916585127,0.0,0.0,0.0,0.0,0.5,0.12495796093325734,,,0.18861606020795307
B001354,6516.60468112982,4.89602154855734,11.514797399500054,7.627644884604622,0.0,0.3963748159468394,1.1094567719151467,73.88982100954877,1.3868209648939334,0.0,0.0,1.1141232982246567,1.319912526560366,1.0751647588783837,2.813689436947922,0.48918846898140833,0.21959967868098768,0.2695887903004207,0.22755686166310762,0.0,0.2832546693554838,0.0,0.0,0.0,0.0,1.0,0.40380082706715453,,,0.18861606020795307
B001355,7029.680609951602,3.3347630977000007,5.716757576334401,2.192383059172246,0.09276774543805334,0.41666235661589657,1.5941886318079097,35.80676889238863,1.9793277142853976,0.5186606948441146,0.0,0.0,0.20468004889153438,0.6320946396789549,3.0414965330152164,0.34507858603711605,0.1895470896013312,0.15553149643578487,0.06137768797810646,0.0,0.5935437259847777,0.0,0.0,0.0,0.0,1.0,0.9715775044356202,,,0.18861606020795307
B001356,1926.8386699150776,1.186477013494506,8.613051237374874,1.632184776508429,0.0,0.40313087152145743,0.3119897243798875,20.70138013611338,0.326976284193844,0.4460298815410825,0.04454403476622555,0.20658023649554544,0.0,0.16234657649780856,2.4752539131427262,0.33031492984855326,0.33031492984855326,0.0,0.5875833622343343,0.0,0.08210170791711244,0.0,0.3,0.3,0.3,1.0,0.2917070386298847,0.41960727237684675,0.6133846975061923,0.32150759030508125
B001357,31543.285079132518,7.615472013310603,10.40279943252757,14.597657911597313,0.04224006776117011,0.5156787465349877,0.01947697617968374,0.7929242628067801,1.905297447025273,0.5254560673121951,2.5962829864315706,0.968991824329418,0.5112653972154456,1.1081782909967004,2.526336493816642,0.6745012996748987,0.26644407377799717,0.4080572258969015,0.0,0.0,0.3254987003251013,0.0,1.0,1.0,1.0,1.0,0.21916296952552988,0.2772926505602363,,0.6052750777176602
B001358,36875.790000342466,11.680643015629542,25.556837658373894,10.288660120699912,0.0,0.09249930483680857,0.009635313496281182,0.14183384826439055,4.14418861751675,0.5461470757028082,1.4423554959202562,0.6959718814472143,4.177429055117973,0.6745508899245377,2.7441163478265382,0.5461268486177298,0.49937025525450274,0.04675659336322701,0.05958335346058892,0.0,0.3942897979216812,0.0,0.0,0.0,0.0,1.0,0.15161348009599557,,,0.18481989412312194
B001359,705.9822348301831,1.8776123266760187,12.332925466307444,3.066253779222722,0.0,0.2751161306893566,0.1910360894782594,4.154266115520859,0.35772504420262224,0.2592631464958262,0.019739795028943238,0.7000011807223321,0.2760582480845558,0.26482491214173987,2.0785679935897776,0.9802171012681568,0.3117817951613188,0.6684353061068382,0.0,0.0,0.019782898731843277,0.0,0.3,0.3,0.3,1.0,,0.3543838425481413,,0.32150759030508125
B001360,2332.3690507880206,5.54006900424708,13.485338073885421,8.438396729210107,0.20444470334479553,0.33363602171606044,0.017783362605656508,0.42066826711871197,2.0247227127672947,0.0,1.4601582713114947,0.6604467826973774,0.9449646198794411,0.4497766175914713,2.6414879928757204,0.4025650762571069,0.4025650762571069,0.0,0.2635631921176651,0.0,0.3338717316252279,0.0,0.0,0.0,0.0,0.95,,,,0.1888484004682247
B001361,5637.366280813227,1.986386991125168,11.660413727874824,2.9222210704803158,0.0,0.32408374826306946,0.6496187217311906,43.20733500713945,0.639196421313611,0.5193614540468727,0.04616784581175284,0.41556284446933217,0.18724564246625564,0.17885278301734306,1.8033761377249544,0.8948780071921026,0.8948780071921026,0.0,0.023242120502209668,0.0,0.08187987230568755,0.0,0.0,0.0,0.0,1.0,0.6754968820475092,,,0.19003346509277597
B001362,4142.702904844067,11.10644210413959,13.91579677530705,11.536082769145514,0.0,0.2238427504646752,0.02100288904106384,0.46836442561572367,4.797614247958745,0.7095833925626129,1.8246563540838834,2.6467236823516744,0.0,1.127864427182674,2.6538095362058973,0.5364277789278422,0.13383440163296684,0.40259337729487515,0.0,0.0,0.46357222107215795,0.0,,,,1.0,0.12587866577510382,,,0.18481989412312194
B001363,2019.9815698330212,1.8984789190159974,7.363187150617626,3.470330386417722,0.17649694182413297,0.453370872476525,0.008706430358104816,0.020111854127222127,0.35333493626311296,0.5884769348097989,0.450861624784559,0.0,0.0,0.5058054231585267,1.9784458789743995,1.0,0.76251428432071,0.23748571567929,0.0,0.0,0.0,0.0,0.0,0.0,0.0,1.0,1.2498537282372717,,,0.1888484004682247
B001364,18965.96343089288,9.549830529150494,15.65321400732744,10.939168429518672,0.0,0.06175422226895869,0.008498674450527138,0.3943384945044591,5.6123321843103735,0.0,0.0,0.5748296916474631,2.607789626839068,0.7548790263535875,3.1544968059399596,0.38412739554502984,0.050862914173165984,0.3332644813718639,0.0,0.0,0.61587260445497,0.0,0.0,0.0,0.0,1.0,,0.29267822657119924,,0.18481989412312194
B001365,408.68478891502474,1.2127145071662455,7.145634447732602,1.9082851043654376,0.24102453024426426,0.24,0.2553558186759581,16.858632220927582,0.3895199342582392,0.0,0.0,0.665420768162003,0.0,0.15777380474600355,2.0651731892193395,0.6620837536717993,0.6620837536717993,0.0,0.0,0.0,0.33791624632820083,0.0,0.5,0.5,1.0,0.5,0.712328323443793,0.431628043080381,0.6195680064154042,0.4064886165245276
B001366,10751.012302462548,5.573360447103447,11.460560571362144,5.831134523008907,0.0,0.338436218873632,0.015431064190946501,0.36871326463048026,2.911453240147451,0.9166735090616754,0.10111682246225584,1.1005521157180278,0.0,0.5435647597140372,2.8961412831235362,0.46555361384156785,0.10361297785989837,0.3619406359816695,0.0,0.0,0.5344463861584323,0.0,0.0,0.0,0.0,0.5,,,,0.18861606020795307
B001367,13862.233333123853,4.41051012826085,6.610052084354873,9.306440001171872,0.20358656973699682,0.5377223353382719,0.01998105112885407,0.9782484063612717,1.7440388468506207,0.3137358022630243,0.5979792765960915,0.0,0.697331795005661,1.0574244075454526,2.675035354346543,0.5096344159412545,0.35152758141945456,0.15810683452179997,0.0,0.0,0.49036558405874536,0.0,1.0,1.0,1.0,1.0,0.22103351938423305,,,0.6052750777176602
B001368,7677.276515762752,2.4813434116880257,11.988765367973372,2.4465316532284014,0.0,0.44718382554326874,0.587252412560004,21.26184985392304,0.32191712950330204,0.3281911582253947,0.0670154557162541,0.331844987710663,0.0,1.4323746805324118,2.3270400853826425,0.8432572519436273,0.7109937544045541,0.13226349753907318,0.027007731134911454,0.0,0.12973501692146108,0.0,0.0,0.0,1.0,1.0,1.0173185785303611,0.35132161842361115,0.3578783020501145,0.19003346509277597
B001369,9838.57257081933,5.420701140947289,10.040361354718529,5.833247957019305,0.24773093258958095,0.2661900627264683,1.5903751048119437,105.374150641858,2.0685404778300467,1.8381710249939347,0.2862062261414425,0.0,0.645313700669631,0.5824697113122335,2.528735731098998,0.5682131627265803,0.17631233737243923,0.3919008253541411,0.0,0.0,0.4317868372734195,0.0,0.0,0.0,0.0,0.98,0.3468534319175718,0.49029384735580966,,0.18690117976449694
B001370,57887.78613508283,13.234519006649025,21.229041130994137,18.96882638814079,0.0,0.39422189219674997,0.019139219709876944,0.3764688508206177,3.6537259859945177,0.2945025060553816,1.6791801854803636,1.6900469671843488,4.747320863149485,1.1697424987849296,2.4359702030361716,0.7001633148548977,0.31920323865780653,0.38096007619709144,0.0,0.0,0.29983668514510226,0.0,0.0,0.0,0.0,1.0,0.1983788098416151,0.2593206606215127,,0.18481989412312194
B001371,718531.9726266325,297.036780746851,2089.7078359693137,1210.1871906964748,0.1149264826417488,0.31191489706442066,0.7488923893671849,27.109904495092096,0.1718007417655924,0.3406605076624263,0.035727208333415326,296.35963167198025,0.0,0.1289606171093304,2.332279257304939,0.9999279344731058,0.0009404735873485572,0.9989874608857575,0.0,0.0,7.206552689415383e-05,0.0,0.0,0.0,1.0,1.0,1.1871975399788868,,,0.19003346509277597
B001372,9537.849196148845,3.6141906768279064,13.134573495988155,4.112822652727043,0.0,0.40705493417871713,0.012396816309764157,0.4615397746784399,1.317424377325784,0.0,0.828551999152185,0.0,1.2107514016442087,0.25746289870572897,2.7643363532082037,0.6194353190345355,0.28443600386092155,0.33499931517361387,0.0,0.0,0.3805646809654647,0.0,0.0,0.0,0.0,0.95,0.6753882835202564,,,0.1888484004682247
B001373,2644.5890192084817,7.225653057946671,17.466050386497958,11.30134115795484,0.0,0.14522933656509332,0.022831559081655087,0.4401564859807815,1.8931942389007153,0.0,1.6984712591069573,3.1392962966697824,0.0,0.49469126326921825,2.3830902883348903,0.7475926675136985,0.3131272605125653,0.43446540700113306,0.0,0.0,0.2524073324863019,0.0,0.0,0.0,0.0,0.95,1.2104313560650295,0.42148980745924713,,0.1888484004682247
B001374,1378.8532746478993,2.141076513428415,10.523283374256657,2.897889185261025,0.0,0.44020780587384756,0.5819209308676889,38.703209678161606,0.7263065713734653,0.6065508874341511,0.0,0.5472446052694052,0.028957381163484404,0.23201706818790913,2.3986473906339167,0.6233053334202217,0.36771212979709417,0.2555932036231277,0.0,0.0,0.37669466657977835,0.0,0.0,0.0,0.0,1.0,,,,0.19003346509277597
B001375,5768.273213909788,10.883534365867524,31.491671259072508,5.355100097093463,0.11297841360628086,0.7462745503925684,0.050256335651181594,3.226583777965439,9.545014288205834,0.0,0.0,0.6589333478361189,0.24374587123514696,0.4358408585904236,3.5228669656695546,0.06244173142475313,0.04004589354330419,0.022395837881448912,0.060544059097441504,0.0,0.8770142094778054,0.0,0.0,0.0,0.0,1.0,0.16313186909692703,,,0.18861606020795307
B001376,13812.814263156486,2.9762581907253796,6.280300630558461,4.1250400077557385,0.055863780519303664,0.4455548947294765,1.304891976000801,47.237089531229,1.6311149700010015,0.8174776699088454,0.029205499218282718,0.0,0.0,0.4984600515972505,3.0089793843656234,0.4196924875232374,0.1450262396633339,0.2746662478599036,0.0,0.0,0.5803075124767627,0.0,0.0,0.0,0.0,1.0,,0.3549559678439232,,0.18861606020795307
B001377,1761.1677537430671,4.550821069103533,8.138235838217204,3.4176906204583193,0.0,0.27199405923979103,1.1055595921405985,73.5423922683485,1.89316003553127,1.3166540180372832,0.0,0.6431232844262078,0.0,0.6978837311087703,2.907474787780108,0.459258095669919,0.16993579579389867,0.2893222998760202,0.14132027488237345,0.0,0.39942162944770737,0.0,0.28,0.28,0.28,0.7,0.31129013175287035,,,0.30976336009743166
B001378,1061.9032128742995,1.8059578450243188,11.412096468762805,1.4192102860447124,0.0,0.23333029843434538,0.27376857450627523,18.120140590684947,0.893284553245996,0.4682928774773973,0.06156280812639871,0.21052728682031768,0.0,0.17229031935420966,2.2926620199055616,0.7419694494358883,0.3320025310695607,0.40996691836632754,0.0,0.0,0.25803055056411217,0.0,0.0,0.0,0.0,0.6,0.4446876284150439,,,0.19003346509277597
B001379,3410.294458245118,2.281133416886367,6.445233781620247,1.8096070692857475,0.0,0.4176430455310629,0.9638962757134746,21.619546658447806,1.1983504853302678,0.47643458937868155,0.0,0.279438800202446,0.0,0.3269095419749713,2.8008950399604196,0.4530243778433368,0.24416566495446473,0.20885871288887214,0.0,0.0,0.5469756221566631,0.0,0.0,0.0,0.0,1.0,0.6334035047548542,,,0.18861606020795307
B001380,731.0414294147556,1.0960141370536065,6.639430473190682,1.312293325419993,0.0,0.021,0.23506197003927898,8.488056982296612,0.3577775612875258,0.0,0.0,0.21169868086708934,0.18379444978101492,0.34274344511797694,2.9853267916673594,0.336946469316014,0.14379323003737224,0.19315323927864175,0.16769350281840886,0.0,0.49536002786557753,0.0,0.5,0.5,1.0,0.5,0.8643074170689286,,,0.4064886165245276
B001381,21899.701464972157,4.564339613374772,9.518390200450707,6.70532963059129,0.09634491873185931,0.1406625094314518,1.3830737374435738,49.8090949421845,1.7975744195060996,0.24889904241362745,0.0,1.135160823940531,0.9794751041301417,0.4032302233843732,2.6625007406178964,0.5512813110396274,0.30257921608284605,0.2487020949567813,0.05453122762475533,0.0,0.39418746133561744,0.0,0.0,0.0,0.0,0.98,0.3414256734843072,,,0.18690117976449694
B001382,27042.646136572985,5.91613347988908,8.6514075759307,7.961710264711745,0.07182160357015237,0.44164970529326614,1.43263395470522,32.205339843381736,2.253426175295027,0.8913793359912748,0.0,0.9149768033470251,0.6729926109549241,1.183358554300831,2.503818356106128,0.565025555546566,0.41435631540494783,0.15066924014161814,0.11375548121803733,0.0,0.3212189632353971,0.0,0.28,0.28,0.28,0.7,0.4790242530904922,,,0.30976336009743166
B001383,28920.56407264101,5.855550531006481,8.801338656874934,7.119861559469902,0.19362257664506338,0.23134465949293143,1.964614469894584,43.7909160456428,2.5664303698801794,1.3233788288428479,0.0,0.8417347209123337,0.5560597275200688,0.5679468838510527,2.7902327183797917,0.5617098074228305,0.0969929096920339,0.46471689773079655,0.0,0.0,0.43829019257716983,0.0,0.0,0.0,0.0,0.98,0.22285008491118366,,,0.18690117976449694
B001384,12700.413318327994,5.855423383277083,16.216823403729702,11.59553410304892,0.24984219537587776,0.5574643716931614,0.013361780328887246,0.2979677013341856,1.9437068344796802,0.12389344848614064,0.5047622250066616,1.0054411208944123,1.4480660407130288,0.8295537136971604,1.7825382660195264,0.9745856315111072,0.8028745433315705,0.17171108817953668,0.0,0.0,0.02541436848889265,0.0,0.0,0.0,0.0,0.95,1.0195472445186367,,,0.1888484004682247
B001385,26453.99111545774,5.618944586970633,12.699078370980697,5.7177890669853175,0.0,0.3408764393424439,0.01970147444282541,0.4393428800750066,1.9701474442825408,1.8313192331991013,0.0,0.39963259424409736,1.0229173339765736,0.39492798126832035,2.4358444119733034,0.6331656631755151,0.5620433041526522,0.07112235902286289,0.0,0.0,0.36683433682448496,0.0,0.0,0.0,0.0,1.0,0.49847977917983743,0.47295288241226363,0.5930612926338964,0.1888484004682247
B001386,21001.70002622476,7.877606911562175,13.625232544717054,1.1875957537666038,0.07339302189023719,0.613964755935532,0.023908027215263753,0.5957569365596403,3.138320288931546,0.0,0.0885103305508442,0.07388205739896359,0.1582618829211535,4.418632351759666,2.675024029776425,0.6715666966470005,0.6509522651612837,0.020614431485716827,0.0,0.0,0.3284333033529993,0.0,0.0,0.0,0.0,0.5,0.5888871870718726,0.23519093671048227,,0.18861606020795307
B001387,1934.5152924940132,3.756340373774783,11.692642026453681,5.318724309869702,0.0,0.41992360497094655,0.011740457501137147,0.4400962403847639,1.4507257699871379,1.3457049113879476,0.0,0.04165750701771773,0.4862602284569909,0.431991956924988,1.4779791062923657,0.9623344864734494,0.8217940447284967,0.1405404417449527,0.0,0.0,0.0376655135265506,0.0,0.0,0.0,0.0,0.95,1.506590301571758,,,0.1888484004682247
B001388,1825.2480933456952,3.0573669905288026,6.173911919826695,3.380347436276701,0.5198467540887132,0.2962407689470751,1.352552707136128,30.115522165898525,1.6870451262805364,0.39269646464016483,0.0,0.3183821365496675,0.1856848029976152,0.4735584600608189,3.222065037895462,0.37641251799945763,0.14383376530387623,0.2325787526955814,0.0,0.0,0.6235874820005424,0.0,0.0,0.0,0.0,1.0,,,,0.18861606020795307
B001389,23275.776770675224,8.2188477297582,24.762883844494894,4.137866584096363,0.129193745914721,0.4140089270315673,0.03362652296464762,1.3283470093530196,6.378860580277045,0.48515241129810316,0.0,0.581822834754727,0.037974227599836985,0.7350376758284881,2.1730018308252035,0.8005585138500927,0.6707379743857096,0.12982053946438313,0.004620383397826278,0.0,0.19482110275208106,0.0,0.0,0.0,0.0,0.5,0.13921386041582354,,,0.18861606020795307
B001390,5168.665675620051,3.748125943161748,6.280104309429605,3.43190628064693,0.03644789536075753,0.415813296172218,1.0139874994776334,67.39893501642649,1.6322765363788698,0.0,0.512044029415215,0.3349902753390105,0.5450673876700808,0.7237477143585727,1.8020341904738328,0.9724442049226782,0.8830687996084087,0.08937540531426966,0.0,0.0,0.0275557950773218,0.0,,0.0,,0.7,0.4644395646568968,,,0.18690117976449694
B001391,12236.271636366544,5.9226871424813865,10.435249509800567,6.504901761384622,0.0,0.3200191959152494,1.5625181252929679,34.84415419403319,2.043611749260952,0.18382095188207306,1.4030004389728155,0.6648511861696751,0.5260685908758929,1.1013342253199772,2.6287870604970363,0.40956571474747216,0.40956571474747216,0.0,0.23211435888063398,0.0,0.3583199263718937,0.0,0.0,0.0,0.0,0.98,0.46888857975519965,0.45802349320258107,,0.18690117976449694
B001392,890.698584145218,1.7430500668203874,6.182021813130147,1.7611032381862817,0.0,0.365,0.00891590046257286,0.020595730068543303,0.3566360185029144,0.0,0.9298625097623568,0.0,0.0,0.45655153855511627,2.4957522162646093,0.7448186833716968,0.7448186833716968,0.0,0.0,0.0,0.2551813166283032,0.0,0.0,0.0,0.0,1.0,0.5246998737855817,0.5435909713537911,,0.1888484004682247
B001393,14930.572914484013,4.422563067086497,7.485858927274421,5.447007148981604,0.7042500079452455,0.2933492971052321,1.2030498721214598,26.956235665785428,2.3857282016107386,0.0,0.28861925466500876,0.6942464746338135,0.0,1.0539691361769363,2.3951811725873458,0.6250132970852472,0.5597526664765027,0.06526063060874468,0.0,0.0,0.3749867029147528,0.0,0.28,0.28,0.28,0.7,0.33171750831626623,,,0.30976336009743166
B001394,1558.837715850766,5.044782251944227,9.268703584447772,1.7183422855682788,0.0,0.29407087226915146,0.013501390296823169,0.2306163830389831,3.3254655903505346,0.7678863859842534,0.13868016818741064,0.0,0.1481785213713269,0.6645715860507004,3.1925250744796667,0.2969353322764792,0.14472135204208658,0.15221398023439264,0.0,0.0,0.7030646677235206,0.0,0.0,0.0,0.0,0.5,0.6601501049026256,0.21207172253802153,,0.18861606020795307
B001395,9934.7343626883,7.737332058168457,16.746997286713903,9.332860239792534,0.0,0.4427261007803128,0.009570949553843628,0.060801815059076135,3.648675977356286,0.3437495360011724,1.086046229427109,0.05798434501324528,1.7857097154647936,0.8151662549058488,1.7242439245069272,0.9087230730839376,0.9012289724588998,0.007494100625037805,0.04442739867138946,0.0,0.04684952824467274,0.0,0.0,0.0,0.0,1.0,0.2610106565179009,,,0.18481989412312194
B001396,2083.1615121730256,4.6603165820425625,8.652738083877416,6.034165523221164,0.0,0.2588596486705421,1.7306558177153857,115.20258084697099,1.5972107112721337,1.2746380735718212,0.0,1.0580021932081147,0.1782179182734614,0.552247685717031,1.9535003530716502,1.0,0.49946742335741334,0.5005325766425865,0.0,0.0,0.0,0.0,0.0,0.0,0.0,1.0,0.8604577079383222,0.373071310127089,,0.18861606020795307
B001397,14537.271416090698,10.450949975622356,32.325855920398894,1.9129512690752892,0.0,0.39150356207862225,0.04817550070279877,2.180225196934735,9.229820466477932,0.0,0.06709844747524321,0.28936944124579134,0.17716344930238542,0.6874981711210052,3.5143888996797585,0.08170474636509449,0.06475284728265386,0.01695189908244062,0.03410865897861183,0.0,0.8841865946562937,0.0,0.0,0.0,0.0,1.0,0.11375642425932862,0.3377009945597482,,0.18861606020795307
B001398,5858.437821280465,4.434850735261517,8.393263956626996,4.8069738679771215,0.0,0.40426278140606753,1.5045477501015565,54.398987942602886,1.9645147861527574,0.9218871682090076,1.0573866282246218,0.0,0.0,0.49106215267513004,2.845396081806892,0.504377943533021,0.0580779630857841,0.4462999804472369,0.0,0.0,0.49562205646697877,0.0,0.0,0.0,0.0,0.98,0.3918299094617677,,,0.18690117976449694
B001399,1673.2596324190706,2.311132088976617,9.501417462269641,1.9017129759665008,0.0,0.36928482092952336,0.4579865275015302,30.309966761715767,1.0283720833658343,0.8540071879469073,0.10120626599520012,0.04296481586902862,0.0,0.28458173579964635,2.352259001765295,0.667058326608072,0.2975393397789518,0.3695189868291201,0.06238115188304471,0.0,0.27056052150888327,0.0,0.0,0.0,0.0,0.6,1.0232400118460454,,,0.19003346509277597
B001400,3746.964575738696,4.891598662844251,7.951818591454481,5.11278595794803,0.28789170988510043,0.31839156666818025,0.01707138608831388,1.1369543134817044,2.2001661072927123,1.0114360110412335,0.2915245763604929,0.0,0.6815402375765489,0.7069317305732634,1.662587475645517,0.9538118569401747,0.5481160994259279,0.4056957575142468,0.0,0.0,0.04618814305982539,0.0,1.0,1.0,1.0,1.0,0.252248653403647,,,0.6052750777176602
B001401,7412.313717864473,9.128465169783833,18.515685116368505,13.804785133046485,0.011304323291019764,0.4082191417129274,0.014839543167220392,0.7347276965037023,3.145622487224326,0.0,1.0364645118400013,2.421614909542782,1.8460053922578825,0.6787578689188418,1.6296521186455184,0.9241406449231221,0.9241406449231221,0.0,0.0,0.0,0.07585935507687792,0.0,0.5,0.5,0.5,0.5,0.28974560966716423,,,0.4014480571426785
B001402,2264.8545417460628,1.2702493223477638,8.155672049526274,1.6103166304850343,0.0,0.44611562135897137,0.2981549855623158,19.85096828296746,0.41067593643681816,0.0,0.05046998679487064,0.5372348867089882,0.0,0.27186851240708654,2.758581612701559,0.6697112596784321,0.24677469340179517,0.422936566276637,0.0,0.0,0.3302887403215677,0.0,0.3,0.3,0.3,1.0,0.728206754073516,,,0.32150759030508125
B001403,1663.4034719411338,2.563025380494813,13.377861233051846,0.5732159319834184,0.0,0.24,0.33146330027075,7.464149011132928,0.898097879750369,0.38462789036087375,0.0,0.0,0.0,1.2802996103835713,2.7004952246102616,0.6495946210345434,0.4995267000190216,0.15006792101552197,0.0,0.0,0.3504053789654567,0.0,0.0,0.0,0.0,0.6,0.5218193697315389,,,0.19003346509277597
B001404,11585.464960458523,6.545460429637584,16.09326678181984,13.780614238995273,0.2103583489317968,0.30921654648218033,0.015852763614117853,0.28340284171543295,0.45783452475479536,2.458450429972598,0.3262627273712392,1.4076160879361752,1.3315248188090203,0.563771840793755,2.243468930258712,0.5322534533027282,0.27898058365495476,0.2532728696477735,0.37559625581736505,0.0,0.09215029087990663,0.0,0.0,0.0,0.0,1.0,0.42029429423266146,0.3230148942072544,,0.1888484004682247
B001405,11554.925128079482,7.713568176288039,15.729687508536411,8.251758955328974,0.0,0.4391735954830315,0.010911596705333985,0.09982891639214095,4.253139644485079,0.0,0.0,1.0040131905118024,1.6460194043304883,0.8103959369606698,2.960449892046928,0.41525793824728374,0.41525793824728374,0.0,0.0,0.0,0.5847420617527164,0.0,0.0,0.0,0.0,1.0,0.18379580568395,0.23329473466322834,0.6537527052320595,0.18481989412312194
B001406,820.5214664318718,1.7876284671718339,6.844250530073404,3.0438130755390795,0.0,0.143940618615585,0.007691297045995322,0.1715159241256957,0.3076518818398129,0.5549851364038639,0.0,0.6347699257054659,0.0,0.29022152322269124,2.563709576405951,0.4074630073664133,0.0970041247766247,0.3104588825897885,0.35509052208690817,0.0,0.23744647054667864,0.0,0.0,0.0,0.0,1.0,0.799311594879936,,,0.1888484004682247
B001407,9114.821758496415,4.065486957402505,7.899761438513629,3.6827432033489806,0.0,0.33770847175979846,2.001608239210127,72.40531511020721,1.5759554116555288,0.4818662815963835,1.4213405759693307,0.0,0.0,0.586324688181261,2.075986711143987,0.9437634616061569,0.4756259721720006,0.46813748943415606,0.0,0.0,0.056236538393843204,0.0,0.0,0.0,0.98,0.98,0.3214554109910755,0.5255968046813754,,0.18690117976449694
B001408,16131.584899776664,5.079214389098446,11.322970745010691,8.267544789169248,0.330470325384923,0.4050771346238106,0.019938559471020245,0.721775852850933,1.9938559471020247,0.0,0.27833829266839893,1.246353995850372,1.1695184379768422,0.3911477155008081,2.6901382666166134,0.36206474176264697,0.3072652646494543,0.05479947711319262,0.2453832227529971,0.0,0.392552035484356,0.0,0.0,0.0,0.0,1.0,0.9190132483097194,,,0.1888484004682247
B001409,3242.786260548168,3.528603112674829,7.07352581157015,3.8435538143745664,0.0,0.6992289745457764,1.300864470905682,46.980307425355946,1.6738356355578117,0.28952487276097777,0.0,0.33870119471456367,0.25479830311844476,0.9717431065230314,2.918255407277004,0.38200541237660857,0.3097960153483048,0.07220939702830363,0.0820508466143436,0.0,0.535943741009048,0.0,0.0,0.0,0.0,0.98,0.2561744173439666,,,0.18690117976449694
B001410,2305.3678988307656,6.403799718974349,10.456885888967827,12.675056334350948,0.16500132230137934,0.4050606224491179,1.6259073441092287,108.27073258730448,2.1265182770332904,0.7583836038438956,0.0,2.691449840830479,0.0,0.8274479972666834,2.6577582232125274,0.6678609871951026,0.24757147800640011,0.42028950918870234,0.0,0.0,0.33213901280489744,0.0,0.0,0.0,0.0,0.98,,,,0.18690117976449694
B001411,2055.1643626889418,2.9485858862108203,17.63080431104973,9.64476075655117,0.0,0.45136832788693343,0.3284818750318125,11.898474584743406,0.44873312701376317,1.8557683011140105,0.048930571927103726,0.15735673692849042,0.1930243434111557,0.24477280581629762,2.136109807997543,0.8044180125033341,0.12167546548886198,0.6827425470144725,0.0,0.0,0.19558198749666586,0.0,0.3,0.3,0.3,1.0,1.2628458208453404,0.2760754018218743,0.38487198505363834,0.32150759030508125
B001412,14680.26929947994,8.569917863093952,15.463040595309497,5.422093320510878,0.021668986293784984,0.36499999999999994,0.00771109790214068,0.3577949426593276,5.092234463677808,0.0,0.0,1.062266930076013,1.333773326059217,1.0816431432809153,3.136449992183773,0.2818482636504649,0.12621394516964665,0.1556343184808182,0.12395298847035956,0.0,0.5941987478791757,0.0,0.0,0.0,0.0,1.0,,0.2269776591513565,,0.18481989412312194
B001413,25330.373903557895,27.236961186621393,63.37917256240619,8.556481037354583,0.0,0.5392374064205917,0.06910924574779619,4.436768074092953,24.794941536224556,0.30458988469787757,0.055902436067993375,1.6274317144729453,0.03845159272796859,0.4156440224300544,1.7527148736894462,0.9870036637865105,0.9252003613179598,0.06180330246855075,0.011182961366758126,0.0,0.0018133748467313855,0.0,0.0,0.0,0.0,1.0,0.10463936740690842,,,0.18861606020795307
B001414,14579.637906854126,4.106940255451867,7.5875423846784855,2.384698654311076,0.0,0.021,1.2189803640069456,81.12774750056299,1.7033758450923235,0.0,1.6597502634005086,0.0,0.0,0.7438141469590338,2.5303247474169375,0.5491566570876694,0.5491566570876694,0.0,0.0,0.0,0.4508433429123304,0.0,0.19999999999999998,0.19999999999999998,0.19999999999999998,0.98,0.2745922674773057,,,0.27509512128729385
B001415,7656.031062100293,6.204239110291971,9.387364414248374,7.348499102431957,0.0,0.23717757343965168,1.8715320876007704,67.76107033986104,1.1379648278005092,1.5168431145257875,1.900450229206914,0.0,0.9214435480220062,0.7275373907367542,2.109626993624219,0.8158011816888794,0.5713162275210821,0.2444849541677972,0.0,0.0,0.18419881831112056,0.0,0.0,0.0,0.98,0.98,0.19250791835389833,,,0.18690117976449694
B001416,24626.553125781746,8.370684271169866,14.160032354418945,13.097443030264298,0.0,0.32910793342264694,0.035863168516849675,0.44224686266853785,1.6534458167149202,0.0,1.0310468078105803,1.5178547887989577,3.5515697907637747,0.6167670670816331,2.473530666843796,0.802471845412963,0.1968553372115084,0.6056165082014546,0.0,0.0,0.19752815458703699,0.0,1.0,1.0,1.0,1.0,0.2705786267319402,,,0.6052750777176602
B001417,8165.257831044566,4.313395578998715,7.330242576545428,7.663718458434094,0.225515876692126,0.43514453210297777,1.6100071132488822,58.27769126845791,0.978947397976264,0.9341362136460685,1.022789681789932,0.6460986508421318,0.0,0.7314236347443174,2.6261031308954,0.6190776831695115,0.16539198252012427,0.45368570064938707,0.1497888702784161,0.0,0.2311334465520724,0.0,0.0,0.0,0.9800000000000001,0.98,0.19850007624259497,0.3447155431129956,0.5435347776171292,0.18690117976449694
B001418,7993.254299104484,4.838531658053562,10.561405915784906,8.425939401568463,0.038573410594692804,0.3994330606267598,1.218860870143494,44.096471374108106,0.786781145583507,0.8129443578865257,0.49434137159385294,1.0379324853918652,0.9217027078307979,0.7848295897670122,2.4279935064619247,0.6936980467052318,0.4791841076129322,0.21451393909229965,0.16801468200242303,0.0,0.13828727129234503,0.0,0.0,0.0,0.98,0.98,0.24813595170111918,0.22361788425925935,,0.18690117976449694
B001419,350.4929598341129,0.9985554411228288,7.558957628890057,1.6169574961476425,0.045505324562531486,0.15176426437264828,0.3758840171423993,13.618667859776941,0.2060945552711048,0.32865157104155507,0.0,0.3153341380528292,0.0,0.14847517675733954,2.3476750904863097,0.46448028392758745,0.4139840461368747,0.05049623779071265,0.3291270143919118,0.0,0.2063927016805007,0.0,0.0,0.0,1.0,,,,,0.19003346509277597
B001420,659.4594060444377,0.7207206623436478,5.5223857664136276,1.1285114061488306,0.0,0.7195340854610807,0.35204488793997135,12.74996163165389,0.26697618293276454,0.11436192155742807,0.02125361158654693,0.0,0.09735251756504802,0.22077642870186018,2.3933443303485324,0.6313129477935083,0.6313129477935083,0.0,0.32324319654088285,0.0,0.04544385566560878,0.0,0.3,0.3,0.3,1.0,,,,0.32150759030508125
B001421,5775.477573986238,2.6541716792216166,8.492922854696697,2.4705384105090644,0.3392293771058588,0.3482038573399622,0.016488107559384402,0.32059569726561804,1.3528390318111356,0.6593013989867512,0.1659867674940065,0.0,0.0,0.47604448092972323,2.945479804899465,0.38542014170181366,0.07448013245463934,0.3109400092471743,0.0,0.0,0.6145798582981863,0.0,0.0,0.0,0.0,1.0,,,,0.1888484004682247
B001422,17492.88284959057,5.417430427250099,8.224391194848971,6.488214155391773,0.0,0.3152508372834085,1.4620952260525772,32.61985683573795,2.01014889869837,0.6617034010443867,0.0,1.3657889080625587,0.7875902475593664,0.5921989718854166,2.4162771011423523,0.642176270700827,0.2446853966528173,0.3974908740480098,0.0,0.0,0.35782372929917283,0.0,0.19999999999999998,0.19999999999999998,0.19999999999999998,0.98,0.20174283467720586,,,0.27509512128729385
B001423,3829.123035857107,7.0002249284407805,12.27510176160193,7.477403073206596,0.6358204604639855,0.3739220177455094,0.009364249785645994,0.375510989476692,4.767397404530498,0.5916496159197103,0.0,0.8755761742614188,0.0,0.7656017337291541,1.5388685661765222,0.9831187164625421,0.8986000585668601,0.08451865789568185,0.0,0.0,0.016881283537457922,0.0,0.0,0.0,0.0,1.0,0.16985954407440082,,,0.18481989412312194
B001424,4843.269338154576,1.2586458778987983,8.622488819194661,1.1918562099998944,0.0,0.3721114015444339,0.207498532951152,7.502416538031045,0.31770376440056824,0.4859404031290955,0.019570066164880662,0.10697589076825378,0.0,0.3284557534359997,2.5128645728472923,0.7475828825412371,0.6470415315900131,0.10054135095122395,0.0,0.0,0.2524171174587625,0.0,0.5,0.5,1.0,0.5,0.575960861177258,,,0.4064886165245276
B001425,1306.1887253582179,2.9026416119071508,7.93785169072813,5.04527447058798,0.08093399975543542,0.4421454129736385,1.0043910758642076,22.423965599654036,1.254126679146044,0.2859276536959881,0.10658956540770516,0.7820600419716427,0.08959229822907823,0.38434537345669323,2.7314226969993833,0.3481662724354216,0.3114446995858986,0.03672157284952295,0.15713217666127005,0.0,0.4947015509033086,0.0,0.0,0.0,0.0,1.0,1.1514306947207547,,,0.18861606020795307
B001426,13739.400583002334,10.869778942248683,17.859139482439303,15.028654264549335,0.0,0.6222096340222844,0.00901182701292955,0.4181487733999311,5.951206517972344,0.0,1.9165046072919054,1.3505483147974195,0.7477404459255375,0.9037790562614746,2.893600399118463,0.45249976567221795,0.08314603830153933,0.36935372737067856,0.0,0.0,0.547500234327782,0.0,0.0,0.0,0.0,1.0,0.25706288480647976,,,0.18481989412312194
B001427,2078.135744921631,1.0613563559354602,7.6421921986932,1.8652815721240525,0.0,0.4699999999999999,0.25021439258412,16.54139689022737,0.6827199804679235,0.19099414283685145,0.0,0.0,0.0,0.18764223263068522,3.1171282563231357,0.32217736310324485,0.14222447379443898,0.17995288930880587,0.0,0.0,0.677822636896755,0.0,,0.0,,0.6,0.8362498961429244,,,0.19003346509277597
B001428,10713.533313249574,11.683242435386667,18.312981659771562,15.516453611962362,0.0,0.3785419521333877,0.012939765056077015,0.2885567607505174,3.8640664734581636,1.6094808774795824,1.433985832222559,2.2503206764797015,1.904057665445464,0.6213309103012015,2.5198087954205017,0.7288578121678609,0.39848706318224,0.3303707489856209,0.0,0.0,0.27114218783213934,0.0,0.5,0.5,0.5,0.5,0.32162784784888865,,,0.4014480571426785
B001429,4505.388835539081,7.584829689459732,15.311998343379926,11.716603701192552,0.0,0.4271096927746246,0.009059579122978209,0.2623782570733397,3.0423959741344735,0.29316832111605096,1.4811437869396507,0.0,1.996016474828645,0.7721051324409143,2.7467101113095325,0.5463694254129655,0.5463694254129655,0.0,0.0,0.0,0.4536305745870348,0.0,0.5,0.5,0.5,0.5,,0.32603423365314943,,0.4014480571426785
B001430,1738.6214899524625,5.010436570468192,11.606414996975465,5.961966230535841,0.051562544218083914,0.07736143957575535,0.02881482800052651,0.6425706644117412,1.6659898639609179,0.0,1.492118186216121,1.4459164019298536,0.0,0.40641211836129937,1.4455400068431339,0.9878944884609191,0.40151153623218044,0.5863829522287387,0.0,0.0,0.012105511539080996,0.0,0.0,0.0,0.0,1.0,,,,0.1888484004682247
B001431,6641.656386961265,5.164585059845463,7.479767828077705,12.745929553055904,0.0,0.44074770716686595,1.0712833960069956,71.33022796756597,2.4388142276821965,0.6375686844406667,0.5387692373635007,0.0,0.7787637441569901,0.7706691662021082,2.1781420617929133,0.7236492685911844,0.5728600502642639,0.1507892183269207,0.12345012756160209,0.0,0.15290060384721352,0.0,0.28,0.28,0.28,0.7,0.35593590561305843,,,0.30976336009743166
B001432,775.5512012210881,1.7911113192172936,8.421317444579515,1.7690946712309896,0.0,0.43599991886664896,0.612696744863329,40.805603207897704,0.6707744326354333,0.6492843324150935,0.02740414357520702,0.0,0.14687384256339778,0.29677456802816204,2.1771661600229533,0.6374963825817217,0.6221963041995571,0.015300078382164706,0.36250361741827825,0.0,0.0,0.0,0.0,0.0,0.0,1.0,,0.21915374955060898,0.6459180539793645,0.19003346509277597
B001433,6445.578768363308,9.221142730133488,20.11508835225408,18.06389441249395,0.0,0.264347630983975,1.262717487394566,45.71037304368329,1.5783968592432076,2.1168991816172467,0.0,5.127687428414679,0.0,0.3981592608583553,2.2068095430711985,0.8219752155723739,0.03632566843353978,0.7856495471388341,0.0,0.0,0.17802478442762634,0.0,0.0,0.0,0.0,1.0,,,,0.18861606020795307
B001434,6457.897019219171,2.3080403928588886,9.805809704983046,3.6232251913349875,0.0,0.32123235361158914,0.3404520521112994,12.29946200628248,0.5123248929786237,0.0,0.0392927317605552,1.2806650581994092,0.0,0.47575770992030053,2.214834782464221,0.7780260282429352,0.30573122974865957,0.4722947984942756,0.0,0.0,0.22197397175706476,0.0,0.5,0.5,1.0,0.5,0.45244886376198534,0.4043824367862944,0.29013377219422215,0.4064886165245276
B001435,25356.607419989363,9.336011568479147,13.09452911802887,11.32017996637682,0.0,0.42249338344038295,0.038227757280380116,1.3359799544076487,3.742097989955848,1.1383580586181705,2.4592149828038004,0.5685069143002387,0.5432977487138387,0.8845358740872512,1.7683377885893186,0.8320992980867808,0.7739055239329274,0.05819377415385346,0.0608939813463459,0.0,0.10700672056687327,0.0,0.5,0.5,0.5,0.5,0.25032375633023424,0.25352730973104914,0.24721264321152145,0.4014480571426785
B001436,16704.498949035235,8.285961780275414,11.463174834034753,12.691926960342489,0.0,0.3373909818203561,0.019001061737745396,1.0127695962055623,1.8276624647096669,0.0,2.0627675390778895,2.2089716336152527,1.4905776556892436,0.6959824871833622,2.358675201698986,0.7794266358963441,0.263887307334397,0.5155393285619471,0.0,0.0,0.22057336410365605,0.0,1.0,1.0,1.0,1.0,0.26293863449332266,,,0.6052750777176602
B001437,13313.388343018727,7.555839014199051,12.026903842468714,16.848465105056174,0.03627052862996323,0.5795673667686452,0.018187940087397134,0.9591849398001288,1.5887286818828565,0.19728412762264497,1.1773005488970445,1.3782125618932768,1.6851851251104366,1.5291279687927894,2.412028452434937,0.6594479586685739,0.25401347531776003,0.40543448335081367,0.026110154974438384,0.0,0.31444188635698767,0.0,1.0,1.0,1.0,1.0,0.28781605210789907,,,0.6052750777176602
B001438,4583.797652576247,4.489517779212779,8.117657869455673,7.348226387571066,0.0,0.5793964657700957,1.204027696243517,26.9550875554541,1.678175626898331,0.6582174918314452,0.6859596524248052,0.44655890839451606,0.4107453555481828,0.6098607441154983,2.4381791486138407,0.6262013629462465,0.43524449272019206,0.1909568702260545,0.0,0.0,0.37379863705375355,0.0,,0.0,,0.98,,,,0.18690117976449694
B001439,16036.616682073298,3.5788030979855607,8.225994019239131,2.3470760939984614,0.0,0.7171498185419358,0.011374187824213839,0.2536443884799686,2.5981647314194047,0.19586561787590012,0.0,0.0,0.21902704169376666,0.5657457069964895,3.319559198391737,0.21928357811358487,0.21928357811358487,0.0,0.054729364123482824,0.0,0.7259870577629324,0.0,0.0,0.0,0.0,1.0,0.12525361877417515,,,0.1888484004682247
B001440,14618.861156092187,5.215433876593717,13.08822589929067,10.936480025114259,0.07333958887183704,0.3472406200594541,0.01227259576731533,0.27367888561113185,0.4909038306926132,0.9901592252731412,1.4108950399400542,1.2476413271114868,0.5938200236187001,0.4820144299577214,2.3063625213440018,0.6021648191349338,0.36294381535406706,0.2392210037808669,0.30370996668188294,0.0,0.09412521418318323,0.0,0.0,0.0,0.0,0.9,0.48714915952204974,,,0.1888484004682247
B001441,18804.51373299742,9.550286304214028,12.957801063105086,11.345405689577044,0.0,0.4355801776145,0.026368322228195674,0.2596975976828691,4.551109841937258,1.3707941110838213,1.639695278027144,1.1665946668604235,0.0,0.8220924063053788,2.9783359684731825,0.3511725027498306,0.03594746203219282,0.3152250407176378,0.12215284753774008,0.0,0.526674649712429,0.0,0.0,0.0,0.0,1.0,0.09768319635814526,0.2954678643000741,0.30249167081620276,0.18481989412312194
B001442,3642.3875082169398,9.739004032665614,13.238027262225428,21.760958004753206,0.16456636263570418,0.4726727888415433,0.03204620313912454,0.6601748760168362,1.919080298296665,0.2603192900865183,1.1367839563138493,2.1300570093458235,2.6362181607392055,1.6565453178835525,2.7135386251340408,0.5799917109822527,0.43653728363892874,0.14345442734332386,0.21871404942449912,0.0,0.2012942395932482,0.0,1.0,1.0,1.0,1.0,0.2841057784833115,,,0.6052750777176602
B001443,907.1062954606558,1.3620214646556394,9.141186322375633,2.3289450693121974,0.0,0.4146276296472735,0.3032164249544507,20.176835442365817,0.22045980575299226,0.34440897826149003,0.03886378371209296,0.2276556606826236,0.25567546965964455,0.274957766586796,2.0540148524801043,0.6907698280036145,0.4745182776316048,0.21625155037200974,0.25286604300951093,0.0,0.05636412898687454,0.0,0.0,0.0,1.0,1.0,,,,0.19003346509277597
B001444,31525.279904186278,9.541549607804564,17.842497548912405,0.8575965546999288,0.0,0.43300000000000005,0.034840274564351736,1.1107379487032438,8.405844446517674,0.40821596003716604,0.0,0.0,0.0,0.7274892012497244,2.2369697739522487,0.7343883680716873,0.7343883680716873,0.0,0.0,0.0,0.26561163192831283,0.0,0.0,0.0,0.0,0.5,,,,0.18861606020795307
B001445,6497.371452122741,2.0190713027106093,8.631195027839837,3.9345769196147633,0.3978493655977397,0.43033781303857205,0.8438941538807375,30.631979681933608,0.5132922365181489,0.0,0.07748924911437675,1.0856311685628457,0.12346928058411552,0.2191893679311226,2.311292109586734,0.7441368533477418,0.20644847795189392,0.5376883753958479,0.03837865904505066,0.0,0.21748448760720757,0.0,0.5,0.5,1.0,0.5,0.7005112597887935,,,0.4064886165245276
B001446,2301.9233626504565,1.5064943472843302,6.7744634137699675,2.2243942776572947,0.0605164992061406,0.679647876986986,0.5981348650785805,21.652482115844617,0.7476685813482256,0.296500932340152,0.07104149166268696,0.009472659304128911,0.16267416142504634,0.21913652120409013,2.9421723246282534,0.4762917437442359,0.17149465333833655,0.3047970904058994,0.0,0.0,0.5237082562557639,0.0,0.0,0.0,0.0,1.0,0.764152928997497,0.3105533811649673,0.41045945153437974,0.19003346509277597
B001447,11553.122827563453,4.686865244447648,8.179091419657617,3.5185878958656187,0.025102768125861295,0.28517317623412064,1.3492145668938802,89.81456167524163,1.88298414659084,1.261855567754174,0.0,0.18662895899542958,0.6713870216705261,0.6840095494366774,2.7227563628032887,0.5958067655604685,0.18332582390870247,0.41248094165176596,0.0,0.0,0.4041932344395313,0.0,0.2,0.2,0.2,0.98,0.27842879199840154,,,0.27509512128729385
B001448,7138.006634229763,3.343328634299655,6.838552719746254,2.26087341870936,0.0,0.453,1.3637704294541424,30.412080576827375,1.704713036817678,1.0490452662811431,0.0,0.0,0.0,0.5895703312008341,2.908589065180566,0.4901150250894278,0.1763423209888353,0.3137727041005924,0.0,0.0,0.5098849749105724,0.0,0.0,0.0,0.0,1.0,,,,0.18861606020795307
B001449,3080.5289931721722,2.7431246599930295,6.545458303664906,2.2758048868719842,0.0,0.4095679483182031,0.9312185071031746,20.646600496418504,0.9793564262513118,0.7099956820629719,0.41406674470275806,0.0,0.0,0.639705806975988,1.8506385996853196,0.9786227155386753,0.5688482553547964,0.40977446018387886,0.0,0.0,0.02137728446132475,0.0,0.0,0.0,0.0,1.0,0.7837926031515183,,,0.18861606020795307
B001450,5610.145024738893,11.087243131895045,30.675549528348984,1.9320028426792024,0.0,0.27204212728840493,0.046580971670860026,2.161357085527905,9.316194334172005,0.93400036345527,0.08559054696726462,0.0,0.19352283119400698,0.5579350561064975,3.4369004432601917,0.1597375268725012,0.1597375268725012,0.0,0.0,0.0,0.8402624731274987,0.0,0.0,0.0,0.0,1.0,0.10258363976434208,0.21191296638275375,,0.18861606020795307
B001451,1548.2435309978507,3.1151781307803836,5.790241692300619,2.8773844881888135,0.5322427654402885,0.09888281721404803,1.1345093364256504,41.065267823942676,1.607510639181729,0.0,0.3902836989457895,0.4664146758718335,0.0,0.6509691167810313,3.0395328963137263,0.3576220309374072,0.23233747815710773,0.12528455278029943,0.14972327625932322,0.0,0.49265469280326946,0.0,0.19999999999999996,0.19999999999999996,0.19999999999999996,0.98,,0.21506294745723228,,0.27509512128729385
B001452,3478.26950604529,8.525170357954142,19.361652999860432,8.933077422031015,0.04595850600261407,0.29980327465242457,0.014977229780065387,0.34270496323829164,3.62648474480461,0.0,1.3150885056991308,0.5187761921037789,2.550201516792432,0.5146193985541928,1.9304355768789778,0.9843776859412351,0.5309802920832727,0.45339739385796257,0.0,0.0,0.015622314058764904,0.0,0.0,0.0,0.0,1.0,0.11006789078010408,,,0.1888484004682247
B001453,14099.700077641073,3.0812281638201644,6.682636856322473,4.765865663331275,0.0,0.433,1.7530361870718871,63.471377043253405,1.2889400296017197,0.0,0.0,0.9678596645091262,0.2167233618118864,0.6077051078974324,2.0820620164245485,0.9444001559511345,0.8740634751572044,0.07033668079393014,0.0,0.0,0.05559984404886549,0.0,0.0,0.0,0.0,1.0,1.2218603642831032,0.279859673743407,,0.18861606020795307
B001454,14565.659476807406,6.644917644528927,16.519253718734454,6.637157740548217,0.061932147979189126,0.18652242733591193,0.01192093167097187,0.39469875065178384,2.441711610272727,0.2143525701684796,1.5019981201735564,0.6559908760104287,1.3653214806950043,0.4655429872087312,2.669506604534384,0.5303927001063587,0.30435556909537886,0.22603713101097983,0.09872069318278713,0.0,0.3708866067108543,0.0,0.0,0.0,0.0,1.0,0.17836338605182006,,,0.1888484004682247
B001455,714.8048852051382,1.9266978037874347,11.351263940263097,3.9685967644097446,0.0,0.2699184734362724,0.23827447091826998,15.819588093871642,0.3740778788530078,0.5115642631704842,0.07773559680162648,0.6070949066490987,0.15270365217159904,0.20352150614161854,2.330865951590831,0.6152001125405239,0.2704299498111699,0.3447701627293542,0.2644220700184259,0.0,0.12037781744105006,0.0,0.5,0.5,1.0,0.5,,,,0.4064886165245276
B001456,11058.152510359214,4.897321749494781,12.10001447346082,6.692834121995589,0.0,0.2999829226535152,0.02163087024148012,0.4249282907429943,1.5531994073121136,0.7245035206658597,0.0,1.679237805170101,0.5099839250247311,0.43039709132197435,1.9107158281712322,0.8520612780361835,0.4050369977914398,0.44702428024474344,0.1479387219638165,0.0,0.0,0.0,0.0,0.0,0.0,1.0,1.1726534722395143,,,0.1888484004682247
B001457,165712.46812060062,270.7720067330076,727.4932778031277,598.5087911959521,0.3568697650231528,0.023476508934513644,0.025028205423136198,0.6836905384176987,2.8747399216009226,0.14606679873052372,0.0,265.87570069459474,1.189438462467161,0.6860608556140531,2.317815867555955,0.9999230791007323,0.013073628968045951,0.9868494501326859,0.0,0.0,7.69208992676006e-05,0.0,0.0,0.0,0.0,1.0,0.5284116411240783,0.45245451942979825,0.5009522099046249,0.1888484004682247
B001458,646.3922572439958,0.35850929408984794,2.6647838834435222,0.18592822536921816,0.0,0.47000000000000003,0.2652196436798162,9.600951101209347,0.11619633362440299,0.0,0.0,0.057265893413719196,0.0,0.18504706705172566,1.8629093173705582,0.9488416500790305,0.7891082920942651,0.15973335798476535,0.0,0.0,0.05115834992096927,0.0,0.0,0.0,1.0,1.0,0.42783441932746646,,,0.19003346509277597
B001459,1424.154797254898,1.4975339613616174,6.913781118613342,2.6013891716905744,0.09699430582089205,0.6518614706757463,0.45786331490092147,30.37094241026828,0.6273325990177866,0.0,0.10121888084418211,0.36214023916444316,0.0779592636840037,0.32888297865120203,2.676201488492506,0.484758595316191,0.43270016746383017,0.052058427852360714,0.06759037421238172,0.0,0.44765103047142757,0.0,0.3,0.3,0.3,1.0,0.7651445711350247,,,0.32150759030508125
B001460,21704.088546105908,4.769081201077984,12.039142378646867,6.785151324950855,0.4624791158668632,0.1626107195517925,0.021556430898767832,0.41086725855151457,1.7166666568723326,0.0,0.29851551024572176,1.9253263779992116,0.0,0.8285726559607185,2.3828284183699258,0.6400424768434844,0.5122231154602671,0.12781936138321726,0.0,0.0,0.35995752315651575,0.0,0.0,0.0,0.0,1.0,0.5447601049584988,,,0.1888484004682247
B001461,2956.8013719241976,1.255541983831931,7.112663696270352,0.866427631734524,0.3981573698752815,0.38333232585940613,0.29332804459503453,19.398185412828656,0.7971539855916289,0.20793522448755672,0.0,0.039312002468576364,0.0,0.2111407712841693,3.063979987727608,0.3457249640973077,0.18011104822255883,0.16561391587474886,0.0,0.0,0.6542750359026925,0.0,0.0,0.0,0.0,0.6,0.8583525243973104,,,0.19003346509277597
B001462,3835.102470073015,10.623552548678711,14.080127493581154,19.287508542018173,0.05596543193041989,0.4405244118656545,0.018574560315918035,0.41421269504497227,3.7173963873647424,0.2817102854311899,0.0,2.9880715135181335,2.202516363402674,1.4338579989619706,2.081647166116181,0.9420853731948883,0.6608167956803195,0.28126857751456885,0.026517521717932976,0.0,0.03139710508717874,0.0,0.0,0.0,0.0,0.9,0.14198139475533486,0.28701428698541337,0.3092927585064492,0.18481989412312194
B001463,1774.5557932507368,1.912236846175363,10.904847581956275,5.34401076261445,0.0,0.34013513253661537,0.2575508170374445,9.3321396437985,0.3911716292654787,0.22242919778969963,0.04690737265355498,0.0,0.7908251341239926,0.4609035123426369,2.5347893939498407,0.7555362878098408,0.3419760451517672,0.4135602426580737,0.0,0.0,0.24446371219015908,0.0,0.5,0.5,1.0,0.5,0.707674248798276,0.32375829740837725,0.805672171815398,0.4064886165245276
B001464,6668.735564532194,3.6441177948263355,7.646459735668727,4.513809906997585,0.0,0.365,0.9950806669148047,65.92389615538929,1.700762848716488,0.0,0.0,0.0,0.9675750182051918,0.9757799279046565,2.939417806327916,0.5349677705205512,0.5349677705205512,0.0,0.0,0.0,0.465032229479449,0.0,0.28,0.28,0.28,0.7,0.6513518179335083,,,0.30976336009743166
B001465,2365.393919283217,7.391855997760054,12.788156764674772,8.586403863113953,0.0,0.47,0.012426574693940734,0.4970024501581758,3.869002287924623,0.0,0.7217430639636878,2.1261440831822385,0.0,0.6749665626895056,2.286583787496192,0.6408744469363334,0.6408744469363334,0.0,0.0,0.0,0.3591255530636667,0.0,0.5,0.5,0.5,0.5,,,,0.4014480571426785
B001466,2865.2985335054805,8.898442650638138,17.214628747075373,10.034283489298803,0.03375210018467375,0.15095895295912148,0.01825741441626548,0.6679234502498338,3.2292177536525997,0.6086797810934399,2.285836377200914,1.9886639228731815,0.0,0.7860448158180046,2.2993121214925285,0.5687000877090769,0.5687000877090769,0.0,0.06840295599924885,0.0,0.3628969562916744,0.0,0.0,0.0,0.0,1.0,0.2249492802695795,0.31526584230430654,,0.18481989412312194
B001467,2707.4357292167747,2.7626895196089536,9.03839960443724,4.463926199627893,0.029646455523570755,0.4355363867201279,0.00873181718463717,0.19471952321740887,0.3492726873854868,0.9815832078114248,0.0,0.05348943033504558,0.9975865353464026,0.38075765873059364,1.9658103904373103,0.827172881675431,0.8078115202356494,0.01936136143978161,0.0,0.0,0.17282711832456893,0.0,0.0,0.0,0.0,1.0,0.6682228440373933,0.4055073972750835,,0.1888484004682247
B001468,27133.026831971845,26.291692666639385,48.5731154304985,8.273432958616892,0.0,0.4961116811020284,0.08696169256543741,5.57790178063782,22.369366190085152,1.059923979122518,0.0,1.6131860841310193,0.17849776272181303,1.0707186505788857,1.710541614255147,1.0,0.9448582706843397,0.05514172931566031,0.0,0.0,0.0,0.0,0.0,0.0,0.0,1.0,0.19028357247800043,,,0.18861606020795307
B001469,5054.811401848553,11.56707414610653,14.926549946134957,16.672734924130815,0.22367339178369453,0.2026553913083189,0.0383179274142042,1.2917576382153177,4.573599255451274,0.534921070755158,0.3952277969435926,2.2154224301212393,3.02281557336061,0.8250880194746545,2.352830724146333,0.5951453739459113,0.541806480415691,0.053338893530220165,0.0,0.0,0.40485462605408884,0.0,0.0,0.0,0.0,1.0,0.23245736836604972,0.2806597805662485,,0.18481989412312194
B001470,10617.343997290931,3.0641685417867044,14.22014528345454,5.1317200498777416,0.0,0.43555245117382996,0.6125940931473064,22.094720564202728,0.7623383222488861,0.7224297315786606,0.05785933319404135,1.218993700540746,0.0,0.30254745422436974,2.604258841956837,0.5154417801829578,0.11761976617913433,0.3978220140038236,0.23576696964502308,0.0,0.2487912501720188,0.0,0.0,0.0,0.0,1.0,1.6071642701680846,0.4480863243043889,0.18162050787293996,0.19003346509277597
B001471,5012.3428657892455,8.98269330786603,20.943166918541564,5.491590187579143,0.18987464572014418,0.5021064144670951,0.032216984286412155,1.3654083527801135,7.325015028365773,0.7193251853812783,0.10077300523012342,0.02980109188512236,0.0,0.8077789970037347,3.4554909464229815,0.14747965098241067,0.06740064118794573,0.08007900979446492,0.0,0.0,0.8525203490175896,0.0,0.0,0.0,0.0,0.5,,,,0.18861606020795307
B001472,30674.5774435362,6.2793403159746575,10.001424363667672,6.753104847151299,0.0,0.021,1.4029114690348323,93.37540390885762,1.9689227235582756,0.0,1.6492320684337942,1.212566599201443,0.5728153479712583,0.8758035768098862,2.3800822642520076,0.5503072847818544,0.35720314673781955,0.19310413804403476,0.09122221748581053,0.0,0.3584704977323352,0.0,0.2,0.2,0.2,0.98,,,,0.27509512128729385
B001473,2315.003891376757,2.4785908901250076,6.932331650317781,2.952347701378026,0.0,0.45299999999999996,0.9675266786018992,64.31385636944748,1.2068460574070203,0.6284579924998894,0.0,0.18375810663143877,0.0,0.4595287335866597,2.9495563086972867,0.45590959769809714,0.3817714624521587,0.07413813524593844,0.0,0.0,0.5440904023019031,0.0,0.0,0.0,0.0,1.0,0.9071289247085748,,,0.18861606020795307
B001474,3625.104971949134,6.55534352974527,16.58358206373412,8.12857624509315,0.0,0.13308860715194137,0.014162207069516947,0.3241538607479983,2.554911441913471,0.6615966723555656,1.8043851365600434,0.9837297444335096,0.0,0.5507205344826797,2.7650182192035495,0.6005427427268585,0.45047741968623123,0.15006532304062725,0.0,0.0,0.3994572572731415,0.0,0.0,0.0,0.0,1.0,0.20026146234971684,0.3675144674701664,0.7316429047096346,0.1888484004682247
B001475,3591.995406307107,5.377238632196268,16.18859123091282,12.618129104372871,0.007507250081255437,0.5609285673742611,0.009797422860862506,0.2184825297972339,0.39189691443450025,0.5718211349337177,1.0409010881457992,1.1288113233867925,1.6251942888748945,0.6186138824205648,1.997514861483408,0.9271193002133076,0.5236199281487285,0.40349937206457936,0.0,0.0,0.07288069978669233,0.0,0.0,0.0,0.0,1.0,0.3930098603202311,0.43944029642002336,0.6105166907821877,0.1888484004682247
B001476,12909.65781001429,5.8309204200606555,12.705705656281877,7.882550353450038,0.09301786924307211,0.47672031847928426,0.014714238629689652,0.32046306517668866,2.8305859168840737,0.293605509944247,0.939132682536314,0.703049412532936,0.0,1.064546898163083,2.8093690133938822,0.393983269389183,0.393983269389183,0.0,0.12057263037138528,0.0,0.4854441002394317,0.0,0.0,0.0,0.0,1.0,0.16788374684144977,0.24896391055200376,0.5133016574792618,0.18481989412312194
B001477,2943.7518268318368,7.359379567079592,16.36204746584217,6.013735325081825,0.0,0.27284898408978164,0.00785863761510481,0.1451597336367679,3.940806630063784,0.5026415336992616,1.297568208824172,1.1947442388000977,0.0,0.42361895569227603,2.88106075157585,0.46451917663113435,0.12586121981463497,0.3386579568164996,0.0,0.0,0.5354808233688654,0.0,0.0,0.0,0.0,1.0,,,,0.18481989412312194
B001478,11584.186023917708,11.106602132231743,15.765304918653834,8.063402549221562,0.0,0.4454860110961523,0.010183797408996912,0.22709868222063115,6.7251492323564515,0.37118779891649695,2.1183145211608085,0.4657526121441324,0.0,1.4261979676538559,2.953319141541669,0.3249662644352152,0.3249662644352152,0.0,0.041934752555194375,0.0,0.6330989830095906,0.0,0.0,0.0,0.0,1.0,0.2639569343104998,0.3246613383907606,0.6654393962961955,0.18481989412312194
B001479,3248.7817292845048,3.010919118892034,10.764329518793982,4.904177387558795,0.22038177568666806,0.377911833255032,0.014809479458604863,0.32165476065862714,1.2791195964182849,0.9897122570330895,0.12700530258440815,0.0,0.0,0.6150819628562519,2.6548039305017324,0.5734524228391343,0.5312708505120957,0.04218157232703876,0.0,0.0,0.42654757716086567,0.0,0.0,0.0,0.0,0.95,0.8303058337902348,,,0.1888484004682247
B001480,7123.950011444825,10.047884360288892,16.022012899545444,15.65433891972481,0.23077622901358485,0.33893584060756005,0.020392101274639376,0.637796068901879,3.2971995326629213,0.6333828098378869,0.3555089001339254,3.382467627743474,1.5280828626965224,0.8512426272141597,1.7833792775284272,0.9009082315189696,0.528891954873651,0.37201627664531833,0.0,0.0,0.09909176848103027,0.0,0.5,0.5,0.5,0.5,0.2214169826694787,,,0.4014480571426785
B001481,1475.06541922054,2.8043068806474145,7.7979103287123595,3.6031084031578646,0.2987073238355342,0.4514689533467011,0.9637172573568972,63.944300469825684,1.1996791894061438,0.0,0.09364769422162021,0.9441758466883403,0.11137660770257236,0.45542754262873836,2.824480018940077,0.5313603026406898,0.16127828769717398,0.3700820149435158,0.0,0.0,0.46863969735931055,0.0,0.0,0.0,0.0,1.0,0.785920954481339,,,0.18861606020795307
B001482,4716.131071640267,6.955945533392724,20.445335458258203,4.293732215061675,0.21401859703645357,0.419987499453152,0.02268239742233246,1.4143438692172252,5.53729412660919,0.21000267918325602,0.0,0.8055011486907142,0.0,0.4031475789095636,3.39526653470564,0.08144509069469286,0.05125470490528196,0.030190385789410912,0.11580038182067759,0.0,0.8027545274846295,0.0,0.0,0.0,0.0,,0.2249173893868117,,,0.18861606020795307
B001483,2074.5643777930663,3.5281707105324256,8.535412115453061,5.921346405561885,0.0,0.4259890242860755,2.410350740670763,87.19723261946358,1.117642432420442,0.5191568465609206,0.1127118031507372,1.1321009159270876,0.11714030903600509,0.529418403437233,2.3201342111978196,0.8126727546723536,0.4266503255285261,0.38602242914382723,0.1471461811672305,0.0,0.04018106416041612,0.0,0.0,0.0,0.0,1.0,0.5320095231949447,0.27695562340979846,,0.18861606020795307
B001484,4312.358739434763,1.3429955588398514,6.980031027944297,2.2112849577782536,0.060682026431196946,0.2633235105286893,0.5235737622848394,34.78263091417395,0.286807499143457,0.0,0.03876801721193168,0.40781210626664205,0.21617506408747547,0.39343287213034517,2.280749169946288,0.671289698441851,0.5934058082125567,0.07788389022929441,0.0,0.0,0.3287103015581489,0.0,0.0,0.0,1.0,1.0,0.7844288061145545,,,0.19003346509277597
B001485,5192.276418600944,1.3496949359503365,7.087416542880484,1.4290948519634916,0.0,0.365,0.26808650564068087,9.674790169334909,0.4121953017984875,0.7545620818367237,0.0,0.0,0.0,0.18293755231512546,2.554178084133162,0.694601134805136,0.694601134805136,0.0,0.0,0.0,0.3053988651948641,0.0,0.5,0.5,1.0,0.5,0.6732740202208973,,,0.4064886165245276
B001486,1693.4059144476144,1.276115986772882,5.89043640075425,1.8651398705389344,0.03750102581066768,0.5404766720895858,0.31871470217500575,11.615321944222337,0.49003847670990863,0.0,0.05613974660811366,0.3485802874165522,0.0,0.38135747603830755,2.7159857289764213,0.612755336506725,0.33959812271923634,0.2731572137874887,0.0,0.0,0.387244663493275,0.0,0.5,0.5,1.0,0.5,,0.444930063950043,,0.4064886165245276
B001487,3367.846798753856,1.8184917919837236,7.331016517512413,2.469369803288085,0.0,0.365,0.35472037789199135,12.92156209059206,0.6027081943272122,0.0,0.0,0.5603245573444403,0.43510701219124004,0.22035202812083085,2.0389076166003393,0.5671074040092051,0.32783933906149454,0.2392680649477105,0.3081259755003918,0.0,0.12476662049040321,0.0,0.5,0.5,1.0,0.5,0.7219320463153103,,,0.4064886165245276
B001488,24368.71679688288,13.53065896550965,21.97708978721239,14.23143075053306,0.007256421821632352,0.22314491768039493,0.008614265984310856,0.3997019416720237,5.688666216054339,0.0,3.0701192661220955,2.099608401401978,1.8406236960281415,0.8316413859030974,2.7964144366178285,0.4343877267828106,0.20748678471132784,0.22690094207148287,0.1356162375465801,0.0,0.4299960356706094,0.0,0.0,0.0,0.0,1.0,0.20614054075601745,,,0.18481989412312194
B001489,2803.7646223762526,3.3699094018945344,6.249140081398842,7.461302851538125,0.0,0.6798922939371889,1.4418191353940002,95.93402101913566,0.8755183867081491,0.8760994554375218,0.0,0.32099687316815273,0.5471893979974346,0.750105288583276,2.338977316201285,0.7401952746219407,0.31784301416212085,0.4223522604598199,0.0,0.0,0.25980472537805915,0.0,0.0,0.0,0.9799999999999999,0.98,0.17534488878933507,,,0.18690117976449694
B001490,3414.1418604808982,1.5365174889653008,6.16189185317792,2.016868545161133,0.025314574661751677,0.4023644605782936,0.3097790697724021,20.298015751591358,0.34558415426688704,0.6375793603505568,0.0785858786969034,0.08491674689359684,0.09478076649981144,0.29507058225754523,1.922061578569332,0.9948367073825081,0.8884255361692186,0.10641117121328947,0.0,0.0,0.0051632926174919064,0.0,0.5,0.5,1.0,0.5,,,,0.4064886165245276
B001491,569.6239326927673,1.2383128971581898,4.997205294333365,1.9284796638441062,0.0,0.24,0.6966532411596169,25.153782786139654,0.38193876766128304,0.0,0.0,0.30073261436631815,0.33139234036780424,0.2242491747627845,2.555443136245589,0.6327056501888451,0.6327056501888451,0.0,0.0,0.0,0.36729434981115494,0.0,0.0,0.0,1.0,1.0,,0.33127875861732525,,0.19003346509277597
B001492,331.07443163854697,0.6008610374565281,3.478112397886205,2.099814768944414,0.49014694077333065,0.36499999999999994,0.25710596010953723,9.351462259343537,0.30997115066311187,0.0,0.0,0.0,0.08989781565041077,0.20099207114300544,2.4183359627652465,0.7180394341923634,0.7180394341923634,0.0,0.0,0.0,0.2819605658076367,0.0,0.5,0.5,1.0,0.5,0.7970588961715053,,,0.4064886165245276
B001493,5755.8593442758765,13.292977700406182,31.66451521484708,4.258082557077152,0.0,0.433,0.06586513865626135,2.880684627711498,11.525536595674533,0.0,0.0,0.866075996092103,0.3302840406821839,0.5710810679573622,3.5102497469720957,0.08716710086120108,0.022014204677102377,0.0651528961840987,0.024846505284673106,0.0,0.887986393854126,0.0,0.0,0.0,0.0,1.0,0.12378023736148974,,,0.18861606020795307
B001494,6756.33343467087,5.630277862225725,17.651014671006408,9.559973352304253,0.11305483755494289,0.36499999999999994,0.014845317085198574,0.5304055663660779,1.5776294597321199,0.2551608009932627,0.0,2.0679187150496334,1.3782288979824586,0.3513399884682515,2.490345284246682,0.7065627971332903,0.2939580247065613,0.4126047724267291,0.0,0.0,0.2934372028667099,0.0,0.0,0.0,0.0,,,,,0.1888484004682247
B001495,5938.724963913059,5.555402211331206,16.689786580803688,4.379397064233657,0.0,0.12814279744548376,0.009250466969137198,0.20628541341175952,3.24343434093192,0.15460507378133942,0.11236177427519767,1.0660992033211463,0.5308581787077552,0.4480436403138457,1.9060629814761105,0.8560401656043187,0.7124276968010717,0.14361246880324702,0.0,0.0,0.1439598343956812,0.0,0.0,0.0,0.0,0.5,0.5500278080090866,,,0.18861606020795307
B001496,17484.80490957005,7.35273545398236,14.075709839122453,7.624830624593151,0.03995322798637051,0.3541513989090871,0.012296959658813176,0.4881820791403616,2.8765978163585144,0.3269563154445153,1.4393956800535377,0.12312897487672417,1.9608484398812929,0.6258082273677783,2.5905251228765867,0.5602625010901826,0.5435164919827781,0.016746009107404446,0.04446730301814823,0.0,0.39527019589166956,0.0,0.5,0.5,0.5,0.5,,,,0.4014480571426785
B001497,51556.09629131827,10.634508310915484,19.45460720548091,7.664755378340753,0.2199439893913051,0.37757494047436707,0.04404048837746865,1.9781072962488448,8.87380623556552,0.33468643764642614,0.0,0.5936956743645199,0.04040938742077215,0.7919105759182501,3.431425777215197,0.1597448401100038,0.07244582403250122,0.08729901607750261,0.0,0.0,0.8402551598899964,0.0,0.0,0.0,0.0,0.5,,,,0.18861606020795307
B001498,6011.05569286795,4.0919371632865555,15.88038498277858,5.777387200762896,0.03475231858275942,0.23358828018880382,0.015709302075637033,0.3620794512557009,1.1508582443853093,0.6979313738694999,0.982772997606034,0.4109162420991111,0.5990898051838022,0.25036850014279904,2.2648888153313402,0.7187497758492055,0.5723423943872121,0.14640738146199347,0.0,0.0,0.28125022415079437,0.0,0.0,0.0,0.0,1.0,0.8887797452663023,0.39413690039871374,0.5580846865132074,0.1888484004682247
B001499,2784.487526779683,3.467605886400601,14.91673726689073,6.016264345257051,0.01862997753795389,0.36569365766734524,0.44839119020245793,29.795448934182225,0.6147455363056791,0.566329739016012,0.040729102816855677,0.7786183196407066,1.1768928541007204,0.29029033452062725,2.18121957148067,0.819853792316255,0.4687118238206723,0.35114196849558243,0.0,0.0,0.18014620768374512,0.0,0.3,0.3,0.3,1.0,,,,0.32150759030508125
B001500,3413.809032597689,2.576459647243539,9.005748722865304,1.209511235946006,0.0,0.365,0.01707463786788303,0.49242077387551103,1.3898885718580467,0.0,0.0,0.0,0.6386219325794912,0.5479491428060002,3.048539745907547,0.33966118421633235,0.09179317151031939,0.24786801270601297,0.0,0.0,0.6603388157836673,0.0,0.0,0.0,0.0,0.95,,,,0.1888484004682247
B001501,1526.6095149179214,4.288228974488543,8.406967115305259,6.18686348434078,0.31908003798219325,0.4286536994861817,1.4762531546095041,98.30511628659728,1.93078610917097,0.8755430051608284,0.848771238747408,0.027863929290411184,0.0,0.6052646921189261,2.8521958050475105,0.5023322640692897,0.30440177952732533,0.1979304845419643,0.0,0.0,0.49766773593071045,0.0,0.0,0.0,0.0,0.98,0.4122147460905687,0.48175674743702407,,0.18690117976449694
B001502,6815.08978165225,8.990883616955475,14.05258360274022,10.403031008677823,0.06697686609736231,0.1791987054720863,0.01584667959633977,0.739816113022638,3.7085086378804437,0.28260945169670987,0.0,1.172023656525482,2.384078900166241,1.4436629706866,2.642699801310109,0.40595855772306166,0.40595855772306166,0.0,0.26516625080878825,0.0,0.3288751914681502,0.0,0.5,0.5,0.5,0.5,0.16012128450948107,0.237499499208922,,0.4014480571426785
B001503,21979.155744869608,6.606298690973732,17.567716433245813,11.188921079990301,0.0,0.4351756334567995,0.017658928899317514,0.3937941144547806,1.9731159225889086,1.113559424188916,0.0,1.2577817162426872,1.6228225808222827,0.6390190471309383,1.771911956099924,0.9779068039224902,0.8212585912512481,0.156648212671242,0.0,0.0,0.02209319607750991,0.0,,,,1.0,0.8489970569860971,0.43732033522170133,,0.1888484004682247
B001504,439.11776516114105,0.9629775551779409,7.847806370874921,0.7387620657713508,0.0,0.6162048307159309,0.20455663203168112,13.564353695382893,0.5588608849426663,0.045029869043914386,0.04927954650227138,0.0,0.08904089176225256,0.22076636292683618,3.0678153103719294,0.36452584341602917,0.3177647649238169,0.04676107849221229,0.051174138210485505,0.0,0.5843000183734851,0.0,0.0,0.0,0.0,0.6,0.6915966364341668,0.3538831008876756,,0.19003346509277597
B001505,18014.921005019893,3.951507129857401,11.387309559627125,3.623850697319459,0.05057282563150751,0.41702503197095164,0.010704247217916017,0.3377976796455924,2.282001194959743,0.30464037323264487,0.0,0.7445584717195399,0.1781280854182067,0.44217900452726766,1.968324630846047,0.8392163961041581,0.6507924739774102,0.18842392212674786,0.0,0.0,0.1607836038958423,0.0,0.0,0.0,0.0,0.5,,,,0.18861606020795307
B001506,2477.7121595548806,4.228177746680684,6.651049141192654,1.6535143244649517,0.0,0.24,1.7805973111800701,118.57168615599743,2.3288367199886246,1.1095081117159826,0.0,0.0,0.0,0.7898329149760775,2.9809165650663374,0.4487105498552697,0.4487105498552697,0.0,0.0,0.0,0.5512894501447305,0.0,0.0,0.0,0.0,0.98,0.42945390388825744,,,0.18690117976449694
B001507,10711.624279248119,3.7322732680307036,9.714519875654686,1.5113384508997385,0.0,0.26182846807728033,0.011152125348966925,0.17148531780241405,2.313071756934576,0.6690688848852545,0.06330129907835601,0.22348459290410197,0.0,0.4633467342284145,3.2327819398201463,0.26778394420796403,0.08851816251500609,0.17926578169295787,0.07683946790256804,0.0,0.6553765878894678,0.0,0.0,0.0,0.0,0.5,0.5670060069895726,0.14330774840053026,0.6568812884737614,0.18861606020795307
B001508,7286.83401562522,4.012573797150451,11.12106261848522,6.451972912234485,0.0,0.30529622771713233,0.012882496589910789,0.041568792130231506,0.411928091101573,2.00580157006496,0.0,0.40547418245569233,0.727539814945553,0.4618301385826724,2.364024408269596,0.8973406815859422,0.7160256823547209,0.18131499923122135,0.0,0.0,0.10265931841405776,0.0,0.0,0.0,0.0,1.0,0.6994296603737655,,,0.1888484004682247
B001509,328.5444640813812,0.9001218194010444,4.979224768130295,0.42645599184435085,0.0,0.3434957776228019,0.3572554743347706,23.741030769979645,0.47765449185125664,0.0,0.08362615724710683,0.0943414678557197,0.0,0.24449970244696131,2.871036287935404,0.42945553988650653,0.42945553988650653,0.0,0.0,0.0,0.5705444601134937,0.0,0.3,0.3,0.3,1.0,0.526932419147248,0.3360202423477728,,0.32150759030508125
B001510,26459.067074768223,8.746799032981231,13.601545837293429,8.228196824252697,0.0,0.3731174330978982,4.5170459066614805,29.130902332145208,3.833126848046135,0.7234363849242248,2.042641533769482,0.35217514179619563,1.1776589810884608,0.6177601433567323,2.608530322615661,0.55755204665374,0.14911969978221165,0.40843234687152835,0.0,0.0,0.4424479533462601,0.0,0.0,0.0,0.0,1.0,0.2858107211810257,,,0.18481989412312194
B001511,20870.816773163475,7.297488382224992,9.318806994599374,5.104499972392915,0.0,0.6092933152453776,0.019305910316085688,0.4305218000487109,4.409979513826681,0.2999880071454528,0.0,0.8022893636512165,0.3651253672542821,1.4201061303473586,3.17081680121186,0.3410561056960905,0.23111562732473614,0.10994047837135439,0.0,0.0,0.6589438943039094,0.0,0.0,0.0,0.0,1.0,0.21653359410768475,0.20775690441833916,0.34512703957205526,0.18481989412312194
B001512,3079.7119314382226,1.4492762030297517,3.2932578870579405,6.530985640119803,0.4983427232552615,0.021,0.014170365426103986,0.3853782830868469,0.4413074921780977,0.0,0.0,0.0,0.5566619259420138,0.45130678490964027,2.10380050031553,1.0,0.6159034939107557,0.38409650608924417,0.0,0.0,0.0,0.0,0.0,0.0,0.0,1.0,0.9641891105902327,,,0.1888484004682247
B001513,1777.1576108364095,1.232425527625804,5.945162738702913,0.5775465710451828,0.22616252105846502,0.3735064993362598,0.41775646961320434,9.318140554847623,0.5608753612733316,0.0,0.03023385541492721,0.009191660988562089,0.19276100211263353,0.4393636478363496,3.023395288817777,0.3272448352299918,0.3027128414200527,0.024531993809939145,0.1564078297566396,0.0,0.5163473350133685,0.0,0.3,0.3,0.3,1.0,1.0264718173277207,,,0.32150759030508125
B001514,7390.653850316088,3.6623656344480118,5.707308895725929,7.889817595196194,0.0,0.433,0.01626176375654767,1.0830334661860748,1.407832417587186,0.0,1.2668455369190328,0.0,0.0,0.9876876799417925,1.803125863521717,0.9460211871804567,0.9460211871804567,0.0,0.0,0.0,0.053978812819543275,0.0,1.0,1.0,1.0,1.0,,,,0.6052750777176602
B001515,1450.9403190322287,1.6014793808302745,6.750889997914932,4.78279160105149,0.18050959869072283,0.3991762119867031,0.3552765369153429,12.749152290909878,0.7240281637617969,0.47790520845399437,0.0,0.012560906971393698,0.0,0.38698510164308914,1.92771671777763,0.8165824408798977,0.5181676038395178,0.29841483704037963,0.0,0.0,0.18341755912010227,0.0,0.5,0.5,1.0,0.5,1.4819130769031523,0.43934214038962766,,0.4064886165245276
B001516,10685.79583032347,5.647883631249191,10.715744445864821,8.445188979087717,0.2963686728958206,0.3504387444318516,1.67396293183363,111.39995611421146,2.2865881559609873,0.6627835680003945,0.26091845980795,1.181452091394633,0.5729798295813983,0.6831615265038312,1.928268953411102,0.8582300462567419,0.485496778957224,0.372733267299518,0.10145036034580396,0.0,0.04031959339745441,0.0,0.2,0.2,0.2,0.98,0.17454778829425333,0.35680032077944684,0.5487599018861623,0.27509512128729385
B001517,3370.654533814481,1.1802011673019892,7.454773650470078,1.411447937962761,0.0,0.398042775858303,0.7897476210166232,52.5971915597071,0.28398349832890907,0.3281054298222214,0.07209319259082635,0.1015978795968119,0.21512607020412877,0.17929509675909192,2.080337061912242,0.9401027930297214,0.3937303630673951,0.5463724299623266,0.0,0.0,0.059897206970278574,0.0,0.0,0.0,1.0,1.0,0.8425469280181618,,,0.19003346509277597
B001518,22335.632490873813,5.876251641903134,8.816988620018252,8.86249471003399,0.0,0.37149962536738274,1.4210124180899806,31.706125680401684,1.9878882405255687,0.0,0.7597593244493558,1.8812867686944184,0.4711341169622044,0.7761831912715862,2.593335699381684,0.5678586579041409,0.24770784011425995,0.3201508177898808,0.08017596006314304,0.0,0.3519653820327161,0.0,0.2,0.2,0.2,0.98,0.33170014215837684,,,0.27509512128729385
B001519,8707.62730098166,5.76282415683763,9.203020807137756,12.008847076207777,0.23797624490459604,0.46150226773692604,1.23030694797895,81.74695727078014,2.1227045515959264,1.252897657421039,0.48838490612362895,0.8159031400731734,0.4287569632881415,0.6541769383357203,2.6901387194623534,0.6282880788764806,0.327559657824682,0.3007284210517987,0.0,0.0,0.37171192112351925,0.0,0.28,0.28,0.28,0.7,,0.39130033074718945,,0.30976336009743166
B001520,3866.440951297345,3.949377886922722,8.642332566560109,6.377481540041275,0.30527922470443164,0.24319777279749566,1.026893453241252,37.186609975158234,1.4185131322628766,0.6973735111353697,0.27288818972605944,1.0490348736052997,0.0,0.5115681801931157,2.3895599635012497,0.638479751620405,0.37285946821351973,0.26562028340688537,0.0,0.0,0.36152024837959473,0.0,,0.0,,0.98,0.46142057437895584,0.38671725526110057,,0.18690117976449694
B001521,9502.15412939133,5.748429600357731,13.7326640246448,8.726187520079016,0.0,0.2716129238731286,0.014252443052975888,0.5178716783024915,2.8868029938652926,0.3692234474460246,1.1965234335889736,0.41709379162099564,0.4848491837599432,0.3939367500765033,1.669415664377256,1.0,0.8430974999981199,0.1569025000018805,0.0,0.0,0.0,0.0,0.0,0.0,0.0,1.0,0.3083310458237888,0.38597673007911,,0.1888484004682247
B001522,14702.152786622859,9.534470030235317,21.68162297215049,4.848093457603389,0.0,0.2740853657632457,0.031695870854826676,1.393234265243038,7.047604774566051,0.6573202501041779,0.0,0.7616088446564339,0.2154756304426373,0.8524605304660163,3.2941770698437556,0.23766747561658877,0.2150678314036089,0.022599644212979837,0.0,0.0,0.7623325243834113,0.0,0.0,0.0,0.0,0.5,0.14439255102107051,,,0.18861606020795307
B001523,4216.829441152856,3.6924951323580175,15.392978247339876,6.165126119251063,0.0,0.318989783666654,0.7762869294733115,28.03882701749177,0.5607916378676299,0.7696260817817069,0.057765579819816185,1.2130551738599062,0.6872396079939583,0.40401705103500063,2.134481513459635,0.9793393730198882,0.2562725122842949,0.7230668607355935,0.0,0.0,0.02066062698011189,0.0,0.5,0.5,1.0,1.0,,0.4052504313963895,,0.4064886165245276
B001524,1149979.1376190337,2090.871159307334,3230.5754577985613,3952.3793459155327,3.632055158990898e-05,0.36507937231058457,0.021924854086538537,0.6184386949541082,3.7703694269648804,1.1454578941462943,2085.0677490107023,0.23875703515213392,0.0,0.6488259403684372,2.0032914718947707,0.9981967471261051,0.9975347192803734,0.0006620278457315335,0.0,0.0,0.0018032528738948853,0.0,0.0,0.0,0.0,1.0,,,,0.18481989412312194
B001525,2294.7303443240876,6.201973903578615,10.574745007715707,6.355376391398035,0.0,0.809,0.038682685124431286,0.4733651324650179,3.279801834918603,0.15252893768468798,0.0,1.7585646790271914,0.0,1.0110784519481337,2.329145132217624,0.8051915205513513,0.5216423301859294,0.28354919036542187,0.0,0.0,0.1948084794486489,0.0,0.0,0.0,0.0,0.5,0.4882066492253765,,,0.18861606020795307
B001526,14197.683970491831,10.912900822822314,16.64962441280696,18.804299173411458,0.0,0.5380872040160212,0.023818578845710724,0.6971236579294264,3.8545251605480555,1.1061593922431494,2.048898964613179,2.3185840514101725,0.8905380533514657,0.6941952006562909,2.322460496626531,0.6467918820917873,0.3329666673980823,0.3138252146937049,0.0,0.0,0.3532081179082127,0.0,0.0,0.0,0.0,1.0,0.1896363126376541,0.3037105011583328,,0.18481989412312194
B001527,4380.128332670294,13.15353853654743,29.113849090188815,1.8566749130012468,0.0,0.3340703129937957,0.057449293727151324,2.6656472289398216,11.489858745430265,0.6244162315243893,0.11618824493097248,0.26776531604091075,0.0,0.6553099986208901,3.4824057497253254,0.12648153852247346,0.058653284924679076,0.06782825359779436,0.0,0.0,0.8735184614775263,0.0,0.0,0.0,0.0,1.0,0.12920031334435184,,,0.18861606020795307
B001528,12236.006543853924,8.352222896828618,15.718922479284672,9.800199925538882,0.0,0.44052465705092303,0.016951613186201232,0.2580746419652741,4.851001941676827,0.46930862658589584,0.7621503129515157,1.5114935709363424,0.0,0.7582684446780366,3.044165978835957,0.3729568605768467,0.19198784315392042,0.18096901742292634,0.0,0.0,0.6270431394231534,0.0,0.0,0.0,0.0,1.0,0.18893641687428575,,,0.18481989412312194
B001529,6176.552191479461,2.2716264036334906,8.851663948657093,4.237631699084172,0.0,0.4061808458808334,0.008587139667454877,0.07629386526591632,0.2920318864164949,0.43018570202552336,0.7104646123594074,0.4167841944810047,0.0,0.42216000835106005,2.426039462907016,0.6278402926677215,0.4384668546158319,0.1893734380518895,0.18347391710818026,0.0,0.18868579022409818,0.0,0.0,0.0,0.0,1.0,0.41705323416937873,0.37602930924477235,0.4917675119856762,0.1888484004682247
B001530,2881.82156812041,4.968657876069672,7.507122836685455,3.4036282706257635,0.0,0.3022342308875873,1.7860196107806359,64.64884448022642,2.335928525832254,1.1467730662866036,0.0,0.0,0.8947369206320923,0.5912193633187233,2.995451175463621,0.5034116184022841,0.32333544029765454,0.18007617810462948,0.0,0.0,0.49658838159771607,0.0,0.0,0.0,0.0,0.98,0.2910287748676198,0.24133547072005648,,0.18690117976449694
B001531,30472.936450001685,8.264967846488117,18.392305403732376,18.12838756263539,0.1732616473847619,0.3763203400208879,0.019854069816088716,0.071622858002323,0.541614197279254,1.696928064626947,0.8329938198232353,3.5750880854127427,0.8804547617324157,0.7378889176135215,2.1244944836788897,0.8336825934916883,0.19580761950980738,0.637874973981881,0.10078609321840064,0.0,0.06553131328991102,0.0,0.0,0.0,0.0,1.0,0.5655453954485032,0.5276208106697083,,0.1888484004682247
B001532,1488.3967449832985,3.845986421145474,9.29142813380477,5.43895103140112,0.0,0.11064716554178125,0.016214581714702025,0.2900286060083652,0.46867989654662295,0.0,0.0,0.9980623295393998,1.5651430173419603,0.8141011777174918,2.1125420060713362,0.8781379221804343,0.6186304200083023,0.25950750217213214,0.0,0.0,0.12186207781956575,0.0,0.0,0.0,0.0,1.0,,0.377295178416873,,0.1888484004682247
B001533,2452.7508843532414,2.4165033343381688,4.950005094049099,4.138409868258019,0.7520885830577986,0.365,0.012230657367819182,0.2794022505077905,1.2163690222429868,0.0,0.22272205492469552,0.49215766707395575,0.0,0.48525459009653077,2.974944059833757,0.3939175785905414,0.3017504990918928,0.09216707949864864,0.0,0.0,0.6060824214094586,0.0,1.0,1.0,1.0,1.0,0.2641659279480896,,,0.6052750777176602
B001534,1886.3743534975363,1.2946975658871216,8.44831859112803,2.6083392710562627,0.07832564419660445,0.38401666008780755,0.4265874471932926,15.453735073247948,0.2340032742895193,0.496331100693457,0.04008553689691838,0.3743857751197036,0.0,0.14989187888752342,2.5212726358129007,0.7632063260624004,0.443076495793794,0.32012983026860625,0.0,0.0,0.23679367393759976,0.0,0.0,0.0,1.0,1.0,1.1751695394739656,,,0.19003346509277597
B001535,4614.335028725534,1.0475221404598263,8.009234728608252,0.6075687725994058,0.06099695227819119,0.39767936575459023,0.2001599774262419,13.285293074244597,0.634384341473315,0.0,0.01759062411586062,0.09794533796109213,0.15905347387271862,0.13854836303683982,1.7783055843238178,0.8462991417959354,0.8462991417959354,0.0,0.15183781586029257,0.0,0.0018630423437720391,0.0,0.0,0.0,0.0,0.6,,,,0.19003346509277597
B001536,4524.881642064397,7.125797861518736,20.433939158116157,3.131410952807966,0.0,0.7330751018287255,0.026387100980975374,1.120292835575296,6.072164165229109,0.12234773843770441,0.06962954286470247,0.16281292677623763,0.1939304593185025,0.5049130288924802,2.879618315827722,0.36213025927683085,0.3251435235729595,0.03698673570387133,0.040018068257856136,0.0,0.5978516724653131,0.0,0.0,0.0,0.0,0.5,,,,0.18861606020795307
B001537,43133.66946028162,10.092107969181475,20.729180296282593,11.854839100305636,0.0,0.3369927735147051,0.014750887900271625,0.6844411985726034,3.974270298017457,0.5319800080556137,0.7820341853160612,1.5445895007788135,2.5315414299636485,0.7276925470498798,1.7665555884555928,1.0,0.7942382785463948,0.20576172145360513,0.0,0.0,0.0,0.0,0.5,0.5,0.5,0.5,,,,0.4014480571426785
B001538,11503.93111986386,7.741541803407713,14.676423990463062,17.816858155193206,0.3933961166670265,0.4627000755796129,0.006299933206486346,0.13381409522536605,3.091142788667479,0.7847802804222159,0.9189405700435334,1.7405276507911844,0.5407196199017709,0.6654308935815292,2.567341324658653,0.46459610611369995,0.17467446939534617,0.28992163671835375,0.22482958756678545,0.0,0.3105743063195147,0.0,0.5,0.5,0.5,0.5,0.20093804206527824,0.2960004539936135,0.30826537462893694,0.4014480571426785
B001539,4197.86554491649,10.736229015131688,16.592109037413376,7.42758847726339,0.0,0.38668497697765075,0.012300814065251308,0.04005498214271585,6.191807345548596,0.9391639711325775,0.0,0.5432252499224587,2.110034755343307,0.9519976931847476,3.122401866268118,0.16646257749813495,0.07898642830190265,0.08747614919623228,0.2471314650168369,0.0,0.5864059574850281,0.0,0.0,0.0,0.0,1.0,0.24235082230829158,,,0.18481989412312194
B001540,1872.2784348603172,1.3306882976974537,8.343757482189934,0.8389354922988657,0.0,0.433,0.2690655724476122,17.849845675390213,0.7307266746084723,0.0,0.0,0.0,0.39933329433426007,0.20062832875472125,2.3807547187689666,0.7406274796146266,0.4405321868062028,0.30009529280842356,0.0,0.0,0.25937252038537356,0.0,0.0,0.0,0.0,,0.8258461314084614,,,0.19003346509277597
B001541,13757.799726904213,8.904724742332824,24.11135656498601,8.860724422361196,0.052179259505315594,0.43871803581572,0.024997808581820186,1.1021592568916483,6.102539165543807,0.3850804589453809,0.02121054281832612,1.952412451352285,0.0,0.44348212367302525,3.333694983083296,0.29254061119759056,0.07328482195678807,0.2192557892408025,0.0,0.0,0.7074593888024096,0.0,0.0,0.0,0.0,0.5,0.10213675362001022,,,0.18861606020795307
B001542,11025.724217039882,10.441026720681707,17.957774508200693,0.2821729935202904,0.0,0.365,0.039099376121842354,2.363103366140954,9.545055653614316,0.0,0.14898734057871335,0.0,0.0,0.7469837264886736,3.55700641263287,0.07154312947107391,0.07154312947107391,0.0,0.014269414739031126,0.0,0.9141874557898947,0.0,0.0,0.0,0.0,0.5,0.10913286634255928,0.18069516500082686,,0.18861606020795307
B001543,16800.42344535971,9.145576181469629,15.442303592268287,12.286845800415353,0.17998168638071238,0.317843114433303,0.04310121915334684,0.43665873208398487,3.714807020681819,0.6023319452915917,0.1081220228927627,3.4022382795170976,0.5561855858792915,0.7618913272070682,2.4189260471675134,0.5651381253786344,0.41770040391372937,0.14743772146490497,0.0,0.0,0.43486187462136583,0.0,0.0,0.0,0.0,0.5,,,,0.18861606020795307
B001544,4346.198801126438,3.44117086391642,7.890266181303141,0.8456984404080222,0.0,0.5784030633858632,0.013109406835274005,0.2847633568852718,2.6269462615613315,0.0,0.0,0.04186115538245901,0.24688128605569915,0.5254821609169308,3.4080663528185497,0.1310190879242166,0.1310190879242166,0.0,0.07174339659923828,0.0,0.7972375154765452,0.0,0.0,0.0,0.0,0.5,0.49347863083547044,,,0.18861606020795307
B001545,19925.496809903103,11.611594877565912,20.72861118873045,14.542135229608386,0.007141792451063976,0.8041977137554488,0.040386619732688554,1.582917444294685,9.025390077271437,1.841260553792165,0.02821116751301856,0.0,0.0,0.7167330789892914,3.3772281869449157,0.21525668326363878,0.05668582601218937,0.1585708572514494,0.0,0.0,0.7847433167363613,0.0,,0.0,,0.5,,,,0.18861606020795307
B001546,2570.637169653309,1.9578348588372496,8.051998637527005,2.348769054823915,0.0,0.44635524731005793,0.5158814207615413,34.204880894995696,0.7072775229682194,0.0,0.06600205878802116,0.7870764845307201,0.0,0.39747879255028906,2.9226428828368376,0.5492462420536448,0.14723251705634757,0.40201372499729715,0.0,0.0,0.45075375794635536,0.0,0.3,0.3,0.3,1.0,0.4418382318894333,,,0.32150759030508125
B001547,732.5951385070131,1.8784490730949053,10.42690403103211,3.8905738088337927,0.0,0.33838027154621503,0.5202324949656043,18.79272954549729,0.28539564396064726,0.5078154784130202,0.06541463082401247,0.5511004843643409,0.20033308554673215,0.26838974998615184,2.628774563131253,0.24952650686484845,0.24952650686484845,0.0,0.5985419619329593,0.0,0.151931531202192,0.0,0.0,0.0,1.0,1.0,0.6642653912413778,0.47043667267218325,0.35033579519953517,0.19003346509277597
B001548,1138.1922425825076,0.9098259333193506,3.868744100673053,1.2793929935291408,0.0,0.0,0.6824662515160713,24.688315974909937,0.37451596252442326,0.0,0.0,0.2583862089731453,0.0,0.2769237618217823,2.7875145840999096,0.5883652588819237,0.304370046709343,0.2839952121725807,0.0,0.0,0.4116347411180766,0.0,0.0,0.0,1.0,1.0,0.6822932467420598,,,0.19003346509277597
B001549,1543.0020292384743,1.6208004508807503,7.0489918042731485,2.117522047906933,0.26254974547322485,0.4654139175450997,0.6913483646334492,45.95539027936025,0.8615224797307435,0.0,0.0,0.3302751665571845,0.12398148681624326,0.30502131777657915,2.865950454259412,0.4684586376672168,0.4684586376672168,0.0,0.0,0.0,0.5315413623327833,0.0,0.0,0.0,0.0,1.0,,,,0.19003346509277597
B001550,22218.75471567502,5.3028054214021525,10.117259547470768,9.435144451822163,0.0,0.3553209410859742,0.016727350011423767,0.3702173013259667,3.12035511345695,0.39953587596996626,0.10147830635793742,0.8042410100440933,0.1576889318287548,0.7195061837444517,3.0891889547432503,0.2599019176413017,0.1845576716771867,0.075344245964115,0.1516633076518652,0.0,0.5884347747068334,0.0,0.0,0.0,0.0,0.5,0.45777503220763566,,,0.18861606020795307
B001551,4800.670410372209,5.229488464457743,12.451407857253875,8.269329029072633,0.0,0.4273305534440441,1.032187564102585,37.365189820513585,1.404212744627459,0.851099325968871,0.06230229759682489,2.004457274515953,0.19861384346566494,0.7088029782829708,1.9217595991332603,0.9685262877883536,0.3725841105126137,0.59594217727574,0.0,0.0,0.031473712211646354,0.0,0.0,0.0,0.0,1.0,0.6390721946971024,,,0.18861606020795307
B001552,650.8159158551265,1.3966006778007005,8.706719405384542,1.9077934122234401,0.0,0.453,0.11782760613291536,7.751385878869071,0.7003106137400366,0.0,0.0,0.3604924542842872,0.14025106574192867,0.19554654403444793,2.339643327013402,0.6854081155951307,0.6854081155951307,0.0,0.0,0.0,0.31459188440486907,0.0,0.0,0.0,0.0,0.6,0.43408119581085725,,,0.19003346509277597
B001553,1452.1374472521948,3.4907150174331605,5.107444257971683,2.595350508682858,0.7501644334841033,0.24000000000000002,1.9107745486992038,69.17742221892478,2.489261606490612,0.4350836901761927,0.0,0.0,0.0,0.5663697207663564,3.3403944931100398,0.2758641996663637,0.15122392167079013,0.12464027799557362,0.0,0.0,0.7241358003336363,0.0,0.0,0.0,0.0,0.98,0.335309314732887,0.3695563756942029,,0.18690117976449694
B001554,25665.499573786026,7.950898257058868,18.370774419138073,10.161806630711546,0.0,0.25471533046082445,0.010131367161812949,0.22592948770842874,2.4471380951265425,0.0,1.5533944796841246,1.0898255305308537,2.4973447242120352,0.36319542750531175,2.0630212896925233,0.8629305148555639,0.6675570577364253,0.1953734571191386,0.13706948514443615,0.0,0.0,0.0,0.0,0.0,0.0,1.0,0.15982958241728695,,,0.18481989412312194
B001555,1570.7551087696922,2.8200271252597706,16.161855924863694,4.289974629347577,0.0,0.20955765797136802,0.5525446385170603,19.966817205694603,0.4775058611713518,1.103817277603003,0.0,0.5736853997648894,0.5035223213681749,0.16149626535235156,2.335977731536765,0.7802053981912214,0.21023229950228037,0.5699730986889411,0.20343258212881327,0.0,0.01636201967996535,0.0,0.3,0.3,0.3,1.0,,,,0.32150759030508125
B001556,3060.9544681608,2.8237587344656827,7.832847681067103,6.563716535829461,0.15676560013450078,0.21244436381583967,0.014918372811862016,0.3196198230201639,0.4282201939666214,0.0,0.0,0.02844690531614679,1.3587259860069265,1.0083656491759883,2.4392946736686176,0.7926793059339738,0.3115029329588844,0.48117637297508964,0.0,0.0,0.20732069406602602,0.0,0.0,0.0,0.0,0.9,0.3804765486819512,,,0.1888484004682247
B001557,9891.43700397427,2.481544657294097,11.209289385066244,4.528842731174393,0.11178652581837344,0.06684567051381192,0.623609436977956,13.867391855596926,0.7763423256475833,0.5385650978107827,0.0,0.8045279596118657,0.17106547970016028,0.19104379452370432,2.2757422039580053,0.6820612686949595,0.5534029496034064,0.12865831909155293,0.0,0.0,0.31793873130504036,0.0,0.0,0.0,0.0,1.0,1.129127356998283,,,0.19003346509277597
B001558,109755.43450624366,295.0414906081819,680.2246567119549,1024.8396283922016,0.0,0.4860751203166273,0.012320628941089647,0.6236752342740659,1.1180474507935585,289.4679752939301,1.425978436988442,0.2619294108043419,2.0636133262216685,0.703946689443775,1.6868834182194146,0.9888150643881565,0.9830941474950328,0.0057209168931238305,0.006994315687491451,0.0,0.004190619924352106,0.0,1.0,1.0,1.0,1.0,0.2607263411187974,0.22532054714792202,,0.6052750777176602
B001559,7969.029520491037,7.677292408950903,15.011768543360647,8.593623455485615,0.0,0.3825019363361568,0.018150156720289197,0.646197444543885,2.9261104120254124,0.2597811573512711,1.323003558916073,0.909211682385444,1.416410095231848,0.842775503040853,1.7626663791959012,0.877728373156214,0.6932349320075525,0.18449344114866134,0.11842868995394787,0.0,0.0038429368898382937,0.0,0.5,0.5,0.5,1.0,0.2053879153398364,0.24146139675892264,,0.4014480571426785
B001560,1553.1796445201144,0.8765122147404709,4.946863237935118,0.5848119260324992,0.0,0.3044667063813778,0.3654401865288278,13.289129716652544,0.3210152220060204,0.0,0.0,0.1900303780180989,0.15924859620960638,0.20621801850674515,2.4556178313926886,0.6741502301277095,0.4573473438446408,0.2168028862830686,0.0,0.0,0.32584976987229064,0.0,0.5,0.5,1.0,0.5,0.6767140670972724,,,0.4064886165245276
B001561,8423.853413549095,2.5319667609104584,11.749857876356712,5.815455463116259,0.00725594535221479,0.35618246649292423,0.6199531072326568,22.354209809350163,0.33932172023786544,0.7469580661192321,0.004566033825297469,1.0138052071491617,0.13019359282939336,0.29712214074950843,2.649595818556882,0.17057165760300141,0.1191517121126516,0.05141994549034981,0.6954132654708504,0.0,0.13401507692614822,0.0,0.0,0.0,1.0,1.0,0.6400033243858605,,,0.19003346509277597
B001562,7579.486849251452,5.564968318099451,13.465204304646441,11.017965287667808,0.24589169829250446,0.3027650412626669,0.01684596200487377,0.3615719358921578,1.0966815356948958,1.0532250340860316,1.66604043177977,0.5372650494372742,0.5098956238647241,0.7018606432367559,1.7109290689051548,0.9040718069633266,0.7148119632620548,0.18925984370127183,0.09162597066480042,0.0,0.004302222371873,0.0,0.0,0.0,0.0,1.0,,,,0.1888484004682247
B001563,14964.702522675496,5.469555015597769,9.26554786005621,6.00661094625389,0.0,0.14149493518954337,1.6690799704987975,60.4342431936989,1.0137189730346463,1.029403435647642,1.6522495528151613,0.6508872110018327,0.5492069185890616,0.5740889245094237,2.084086865775871,0.7346155907941004,0.7346155907941004,0.0,0.0,0.0,0.2653844092058995,0.0,0.0,0.0,0.9799999999999999,0.98,,0.4288258333019914,0.2952774954300756,0.18690117976449694
B001564,15766.250194622406,16.68386263981207,22.790653057059636,15.423276255980632,0.04270043543523548,0.3428547253095146,0.015072633282371602,0.3644027147718281,4.941527121200542,0.0,0.0,4.128881529132514,1.95012811232612,5.663325877152892,1.8053753038224787,0.9446846550639385,0.9446846550639385,0.0,0.0,0.0,0.05531534493606129,0.0,0.5,0.5,0.5,0.5,0.19627447737460887,0.20155401094132672,,0.4014480571426785
B001565,2576.1828289554,2.065904433805453,9.850318421220436,3.4667004640298633,0.16272468628600764,0.3374533111971163,0.3385382385452715,22.475864007604464,0.6253366678129724,0.5373807638791144,0.0,0.42196918189281474,0.056438528454681156,0.42477929176587026,1.9696226696396615,0.7684269889162996,0.5083081009921161,0.2601188879241835,0.23157301108370035,0.0,0.0,0.0,0.0,0.0,0.0,1.0,0.6562527212895435,,,0.19003346509277597
B001566,29427.54953541336,6.777418133443888,10.687128862881591,8.048178003326193,0.0,0.33460556208317216,0.014080920259978761,0.25734470705026863,1.58697613593293,0.0,1.446986512310492,0.91316050893824,1.9516348615821142,0.8786601146801112,1.7565483786302403,0.8652642509347103,0.8652642509347103,0.0,0.13473574906528973,0.0,0.0,0.0,1.0,1.0,1.0,1.0,0.2331873584891113,0.14971566743089987,,0.6052750777176602
B001567,3680.8721817140868,6.5612694861213665,15.072679548152895,9.41617827544357,0.03335359045519942,0.2236561421069865,0.011602481126621579,0.7285145635937675,1.1648507355594926,0.5236561678399673,1.1823220688090512,0.6614708681392193,2.2933894546810794,0.735580191092557,2.028775368118077,0.7712621606640927,0.6704476963994581,0.1008144642646345,0.0,0.0,0.22873783933590722,0.0,1.0,1.0,1.0,1.0,,,,0.6052750777176602
B001568,1586.0418215056375,3.935587646415974,11.796808398368302,6.468063787025019,0.021935057408731237,0.4958651329242791,0.02371828608432444,0.5017562529927558,1.495650328184726,0.0,0.0,0.7475709574338355,1.207879056452459,0.4844873043449538,2.64039933051413,0.5723554178709557,0.38240387197802483,0.18995154589293084,0.0,0.0,0.42764458212904455,0.0,0.0,0.0,0.0,0.9,0.6436099260996815,,,0.1888484004682247
B001569,3642.7747062072312,1.417973805452406,7.945323512216265,1.1144737028906855,0.0,0.4094861399225961,0.5245099723697236,34.88059692763127,0.6545627429868115,0.0,0.04922435356635908,0.2614146108215661,0.2417459630388305,0.211026135038839,2.9926595568150507,0.34987965436079643,0.14467817920917672,0.2052014751516197,0.1843578561299032,0.0,0.4657624895093003,0.0,0.0,0.0,0.0,1.0,0.40543966452607727,,,0.19003346509277597
B001570,33652.76184006991,7.5454622959797994,20.782458132220146,9.278996800839556,0.0,0.21447116498706778,0.010988352975161965,0.22032438873314406,1.9007661692561273,0.4513063490255188,1.6100054063477742,1.0099145493861963,2.167266218869356,0.40620360309482845,1.891995052136515,0.9717214692883435,0.4908381284207706,0.4808833408675727,0.0,0.0,0.028278530711656938,0.0,0.0,0.0,0.0,1.0,,0.17829402054985002,,0.1888484004682247
B001571,5311.7846869693285,2.0855063553079423,10.225644170579468,3.1817192415449203,0.0,0.4344843735439839,0.40759307704660563,14.73226299601604,0.5594057787268376,0.9943382371257855,0.07770517862063367,0.0,0.0,0.454057160834685,2.919632986563851,0.1747417613354631,0.1747417613354631,0.0,0.5140446649888647,0.0,0.31121357367567215,0.0,0.3,0.3,0.3,1.0,0.910089693997705,,,0.32150759030508125
B001572,4089.8070338667812,8.795283943799529,11.257745738607687,12.90350153464756,0.09803062391353522,0.3650397021565477,0.025685612035716673,1.4718739198107467,2.3005455276940436,1.4929132976968866,2.3378533311044585,1.1826721930864568,0.0,1.4812995942176843,1.776339562097823,0.9704594481190717,0.5349116416719647,0.43554780644710694,0.0,0.0,0.02954055188092835,0.0,1.0,1.0,1.0,,0.1789213993839501,,,0.6052750777176602
B001573,18807.137667766983,7.239083012997299,13.482442156233839,7.920302163154534,0.01923105433675012,0.35384987002346197,0.7878272893684426,17.58020171380076,2.8928253630856258,0.6156827219683667,1.6338142053795526,0.6777243002069648,0.719863702187611,0.6991727201691764,1.9836904580594428,0.9874732213637197,0.6681595042207745,0.31931371714294493,0.0,0.0,0.012526778636280355,0.0,0.0,0.0,0.0,0.98,0.2294127564157719,,,0.18690117976449694
B001574,2352.35822585152,4.148779939773403,8.605769646730531,7.115312760978742,0.15518501579066477,0.3992816119057238,0.9983292942997409,22.262743262884225,1.1791057440553614,0.5225995745845871,0.0,1.674444589187901,0.16293780044452366,0.6096922315010302,1.7167239402265049,0.9448541392782499,0.9448541392782499,0.0,0.05514586072175013,0.0,0.0,0.0,0.0,0.0,0.0,1.0,,0.2364245936976345,0.48233204657277623,0.18861606020795307
B001575,30501.633165343697,8.217034796698194,12.248578297586686,11.066995397597946,0.01101189917714232,0.39005920864745935,1.5475931615726835,103.05059260635133,2.1949245926122973,1.2139103689956976,1.1313474989414762,1.05738281186322,1.8675341834686425,0.7519353408168622,2.3294846089022547,0.6888574300537386,0.3138505536434625,0.37500687641027636,0.05077322793415147,0.0,0.26036934201210993,0.0,0.2,0.2,0.2,0.98,0.5481766887307721,0.34757025630486166,,0.27509512128729385
B001576,3575.106811097218,4.792368379486887,11.429819277884514,9.349778351967732,0.21559601085112529,0.25523288814740336,3.8184296759872733,144.56931263510904,0.5926924560409346,1.9884336700619003,0.3765242237518513,1.404057412037583,0.0,0.4306606175946179,1.642857364420704,0.9580163068795444,0.5864710718740337,0.3715452350055108,0.0,0.0,0.04198369312045547,0.0,0.0,0.0,0.0,1.0,,,,0.1888484004682247
B001577,5641.177921683612,6.567145426872656,21.99880142388159,5.380067454219855,0.0,0.22931665866168308,0.014586568475549951,0.33146574500529047,1.315376306255771,0.6432622793542067,0.0,0.21144444180943106,1.981750413413571,2.415311986039678,2.5003016695402778,0.7993318973680125,0.7671345836090994,0.03219731375891323,0.0,0.0,0.2006681026319875,0.0,0.0,0.0,0.0,0.95,0.5312480741847017,,,0.1888484004682247
B001578,5447.34982823409,1.9262198826853216,10.995995124615838,3.3744182143171733,0.0,0.39545746105518637,0.46766010431227273,16.901589562273077,0.16388187907028964,1.0168937054170462,0.0,0.34869991274178347,0.1490730021036625,0.2476713833525404,2.3184764595245464,0.2910499832163137,0.2910499832163137,0.0,0.7089500167836866,0.0,0.0,0.0,0.0,0.0,1.0,1.0,,,,0.19003346509277597
B001579,3167.09302912923,4.460694407224268,17.658507060150985,5.114712976732598,0.0,0.30631600541114307,0.01866341839183929,0.3932749886246719,1.1270114677857284,1.3514912154673269,0.0,0.04703047544839861,1.3279820090231627,0.607179239499653,2.8281695250823247,0.40427536053470237,0.09602459082389789,0.30825076971080445,0.30297776356939726,0.0,0.29274687589590076,0.0,0.0,0.0,0.0,1.0,0.6050600157923961,,,0.1888484004682247
B001580,1307.8789535719368,1.1462567515967894,8.235641978504153,1.7021662436419605,0.0,0.4388636561383833,0.37059180173081596,13.465855547289342,0.2882786604710202,0.23568862738640697,0.0,0.4364158299454384,0.0,0.18587363379392358,2.3651128876764282,0.8213230716703658,0.23497585374072455,0.5863472179296413,0.0,0.0,0.1786769283296339,0.0,0.5,0.5,1.0,0.5,,0.42833180506954915,0.3104100197250016,0.4064886165245276
B001581,2725.435757425479,1.3744002811021074,10.07122527998236,1.251487180511455,0.0,0.38873508812017266,0.09597810848537636,2.156232911325001,0.43767862974159427,0.43014117699162635,0.04980310029923063,0.0,0.15812600927571036,0.298651364793946,1.7427937435173786,0.9680192292391364,0.9680192292391364,0.0,0.0,0.0,0.031980770760863614,0.0,0.0,0.0,0.0,0.6,0.7644007954641804,,,0.19003346509277597
B001582,5364.322484940877,3.9472571633119036,9.254243988208001,7.692708333836108,0.0,0.365,0.008922206516969036,0.1989652053284095,0.5500492547995733,1.5927351257246902,0.0,1.3691248619072813,0.0,0.43534792088035945,1.974387389890853,0.5670904592852813,0.5670904592852813,0.0,0.346854741219478,0.0,0.08605479949524088,0.0,0.0,0.0,0.0,1.0,,,,0.1888484004682247
B001583,11862.168151196507,5.11300351344677,8.086060701980728,6.8434136446426805,0.25443090988520844,0.27372040441124673,0.019466094452426277,1.1135422317596246,1.7190545060290363,0.0,0.5495359252280615,0.36767171600775495,1.7213714741526673,0.75536989202925,1.5602412094204468,1.0,0.8206127496639425,0.17938725033605735,0.0,0.0,0.0,0.0,1.0,1.0,1.0,1.0,0.11998116941576999,,,0.6052750777176602
B001584,1849.7684049073105,3.444633901130932,10.420522183809304,4.535324604519594,0.0,0.3978580681484969,0.8485987947681747,18.887199704198572,1.0578766032078828,0.5269919107681843,0.0,1.1563076097395444,0.138235018349719,0.5652227590656017,2.581462815232779,0.6928914266155937,0.31707714119494484,0.3758142854206489,0.0,0.0,0.3071085733844064,0.0,0.0,0.0,0.0,1.0,,,,0.18861606020795307
B001585,860.6144803505616,2.8403118163384873,5.888535626921789,3.953583223619748,0.1373526472165001,0.5125800613278522,1.385878511833371,50.16584096182144,0.9051832234448112,0.2600998566997256,0.9264271595410167,0.0,0.14021007011890388,0.6083915065340292,2.374750397404917,0.7122372902569775,0.3860663557096236,0.32617093454735396,0.0,0.0,0.28776270974302226,0.0,0.0,0.0,0.98,0.98,,,,0.18690117976449694
B001586,23064.029066906878,5.392571678023586,11.449707357151114,11.436856661066242,0.0,0.5706973985344889,0.010082665582120405,0.6715055277692189,1.2447735286568402,0.0,1.4428622039481793,1.845373357100733,0.38060364799944474,0.4789589403183888,2.34866283747579,0.7691688487461964,0.15939752675348193,0.6097713219927144,0.0,0.0,0.23083115125380363,0.0,1.0,1.0,1.0,1.0,,,,0.6052750777176602
B001587,6597.355630620456,15.414382314533777,29.27898604560659,3.5088937358872165,0.5197721138606196,0.7299458923406541,0.07961377560610727,3.3850373234174174,14.377932003471091,0.06231623333388969,0.0,0.19430544131626426,0.0,0.7798286364125292,3.5741601930598774,0.06319643939350789,0.050590975395572696,0.012605463997935178,0.004042733082799789,0.0,0.9327608275236923,0.0,0.0,0.0,0.0,1.0,0.1516058009022163,,,0.18861606020795307
B001588,5262.96119181775,4.374863833597464,11.9454365974427,9.79491996962468,0.5126064883152521,0.5954946606818098,0.015784979520082294,0.3520050432978352,1.5784979520082296,0.08754601953500535,0.7088448808178315,1.2708664503042675,0.0,0.7291085309321297,2.9392119623347814,0.5710893545503003,0.11856982333230201,0.4525195312179982,0.020011141572608894,0.0,0.40889950387709073,0.0,0.0,0.0,0.0,1.0,,0.4294086751137919,,0.1888484004682247
B001589,1935.3245924869145,4.596970528472481,6.493699053093606,10.796727907328586,0.0,0.4382963891876428,0.015395279829943808,0.343314740207747,1.9006518308572604,0.0,1.4788591925239096,0.5151011871611978,0.0,0.7023583179301117,2.6545466360331456,0.5178127758135209,0.40576046136625826,0.1120523144472627,0.0,0.0,0.48218722418647875,0.0,1.0,1.0,1.0,1.0,0.24643230666722624,,,0.6052750777176602
B001590,16901.83300900986,7.651350388868203,11.808137800933634,6.527560528622719,0.10249803531271491,0.25197577771588753,2.4109025033621467,87.2692915022145,3.289804342485957,0.8107940012240203,2.3066197835848623,0.0,0.468764466059005,0.7753677955143577,2.209087538854499,0.9739806326541355,0.5052818973190829,0.46869873533505235,0.0,0.0,0.02601936734586463,0.0,0.0,0.0,0.0,0.98,0.5452921217641469,0.3592929416053808,,0.18690117976449694
B001591,18203.20265683966,4.641306133819394,8.197086157470217,0.4612019211664376,0.2667119542244554,0.2904905780116461,0.013507418065244305,0.23071934296536975,3.3269502623754446,0.0,0.03341329039056443,0.0,0.18446535382244722,1.0964772272309382,3.34596334751797,0.22699186343219088,0.22699186343219088,0.0,0.0,0.0,0.7730081365678093,0.0,0.0,0.0,0.0,0.5,0.5110263306550422,0.1514311513132333,,0.18861606020795307
B001592,22275.062360368745,6.0480755797905905,9.529593104003027,9.278801608452975,0.29634564631150034,0.1920673260228387,1.841670422110823,66.60798260298951,1.1186804417033216,2.0492936964250763,1.1136954595434188,0.0,0.8665097760088634,0.8998962061099111,2.4806316333553107,0.8150353071907123,0.14879050273724742,0.666244804453465,0.0,0.0,0.18496469280928776,0.0,0.0,0.0,0.98,0.98,0.22390009573974687,,,0.18690117976449694
B001593,1908.8905219214516,1.54816749547563,12.758779344450527,3.998138315060718,0.5004423677993999,0.37229744254954444,0.3416111546013168,7.617928747609365,0.427013943251646,0.2687631380735001,0.04395791916636743,0.6591830247010135,0.0,0.149249470283103,2.7149600769272513,0.6900250207683923,0.2358487472564873,0.45417627351190526,0.0,0.0,0.3099749792316076,0.0,0.0,0.0,0.0,1.0,1.1720226101825737,0.3028653781742853,0.7152143809601319,0.19003346509277597
B001594,959.752693570686,1.2711956206234252,7.175108583575756,1.8905043331198643,0.07960672693430486,0.3555881416241246,0.35354836876786006,12.867401082374975,0.3190505446073331,0.0,0.04997443124035482,0.5608231193306754,0.13832828841192168,0.20301923703313984,2.1933711745958013,0.7453205914344907,0.30414292355074324,0.44117766788374724,0.0,0.0,0.25467940856550925,0.0,0.5,0.5,1.0,0.5,0.5415824873217251,0.45357353962871416,,0.4064886165245276
B001595,18481.37221730954,4.044949051720188,7.096875600736462,3.4254473712722167,0.0,0.4740674916899195,1.247036548700754,27.811939503515273,1.7075600072956858,0.13497837659026873,0.5014171838446281,0.2670302048618461,0.0,1.4339632791277588,2.7311596986321,0.5924514762832434,0.5924514762832434,0.0,0.0,0.0,0.4075485237167562,0.0,,0.20408163265306123,,0.98,0.48838262304538,,,0.18690117976449694
B001596,35374.99390137251,88.88189422455405,278.8344771952606,290.47793447092454,0.00017743409383421093,0.4878606286587898,0.03703276734513577,1.7183204048142995,6.005037520181441,0.0,0.024165840901391678,0.8674856617502376,81.46590392141847,0.5193012803025231,1.6899196974218131,1.0,1.0,0.0,0.0,0.0,0.0,0.0,0.0,0.0,0.0,1.0,0.10575629422499479,,,0.18861606020795307
B001597,418.6337196523877,1.0873603107854226,8.655822730646584,1.3696629371440172,0.0,0.3534637280691874,0.20842485233070848,13.820859230239082,0.5694290928662931,0.0,0.0,0.2759026256916256,0.09949195047173995,0.1425366417557639,2.902399728598649,0.29639983470868475,0.29639983470868475,0.0,0.16299579870933237,0.0,0.5406043665819829,0.0,0.0,0.0,0.0,0.6,0.9087584670715798,,,0.19003346509277597
B001598,9701.456241161977,5.333400902233082,13.817992525841444,7.620005460723296,0.234867586156605,0.27164575169828054,0.017169110470080327,0.621521799016908,1.7169110470080329,0.0,0.6049943947005209,1.4166164257540064,1.1918923072252832,0.4029867275452385,2.4244336846673837,0.5421283485550772,0.31865137221785106,0.22347697633722616,0.11343501187904535,0.0,0.3444366395658772,0.0,0.0,0.0,0.0,1.0,0.5684595798455413,,,0.1888484004682247
B001599,16973.364850989492,5.751733260247201,8.707453376692971,9.419371615545312,0.16116634261939586,0.3838806092805901,1.8480866832721385,66.89787332244076,1.1148484827679013,1.150261265743043,0.8610848613403108,0.8369184450984916,0.8325848044664725,0.9560354008309832,2.404321600111776,0.787478527553549,0.43778461163699145,0.3496939159165578,0.0,0.0,0.21252147244645098,0.0,0.0,0.0,0.9800000000000001,0.98,0.19038607703720908,0.3832247025285371,0.6021858564510914,0.18690117976449694
B001600,641.0179268300485,1.7466428523979523,13.620735167161303,2.9121260698538274,0.09155092536334275,0.2881761079748322,0.40478918505534495,14.619261081370796,0.5697334918226925,0.3708893033653722,0.02043164753144841,0.4168499927063937,0.2314105436171159,0.13732787335492916,1.9590438149370784,0.9879198142558423,0.8146858471862606,0.17323396706958166,0.0,0.0,0.012080185744157722,0.0,0.0,0.0,0.0,1.0,,,,0.19003346509277597
B001601,1363.6270893104909,4.5153214877830825,11.46647944399159,8.179141771265126,0.009916807108136182,0.40135275895505196,0.02256529079513425,0.2880492402861923,0.44498442506453045,1.519112283283519,0.8014761455164122,0.217222059294975,0.8259157186147111,0.7066108560089346,2.0544517105676707,1.0,0.43795574801011306,0.5620442519898871,0.0,0.0,0.0,0.0,0.0,0.0,0.0,1.0,0.7094307971166659,,,0.1888484004682247
B001602,29983.023745656672,9.352159621227907,17.484610528195756,0.19805507952798135,0.6603012995883515,0.365,0.03559672342576252,1.5694679039685338,8.689977689833526,0.0,0.035523340050306745,0.0,0.0,0.6266585913440763,3.575064972876468,0.06680206515961926,0.06680206515961926,0.0,0.0,0.0,0.9331979348403808,0.0,0.0,0.0,0.0,0.5,,0.14129294780742813,,0.18861606020795307
B001603,40854.480470799674,14.053828851324278,29.889309908993624,2.179263859791024,0.0,0.38123219216929827,0.06629552486374157,3.0438005795601417,12.498827934690265,0.4121605276867508,0.0,0.5643649003164986,0.0,0.5784754886307643,3.4851868594602777,0.10599182282340823,0.10599182282340823,0.0,0.0,0.0,0.894008177176592,0.0,0.0,0.0,0.0,1.0,,0.21993167439479344,0.6824839581744837,0.18861606020795307
B001604,12746.112568703616,14.617101569614238,19.69100443422561,10.782479634973066,0.0,0.09654254692650532,0.05087381371468363,1.2153667590689263,5.090696698482169,0.0,3.097536991982896,1.5526408507224976,0.0,4.876227028426677,1.7910001074573743,1.0,0.9674602344191531,0.03253976558084679,0.0,0.0,0.0,0.0,0.0,0.0,0.0,1.0,0.23584804754993197,,,0.18481989412312194
B001605,5050.331591432651,6.619045336084733,15.038044975157728,9.444485274418259,0.0,0.4405393393602995,0.014353911755476659,0.14220533178841474,2.517987657851848,0.9934347233899073,0.0,1.0490465099156012,1.6843645176107587,0.3742119273166187,2.600041400819706,0.6195844672456533,0.31100805938051745,0.30857640786513596,0.0,0.0,0.38041553275434675,0.0,0.0,0.0,0.0,1.0,0.24587711773714072,,,0.18481989412312194
B001606,1557.4645344842932,1.373425515418248,5.5596145792936245,0.3515947981372645,0.0,0.4045569732810008,0.7252559105281063,48.30204364117187,0.9065698881601328,0.0,0.11570455106575511,0.04079687637125366,0.0,0.3103541998211065,3.251422431871153,0.2259709000138931,0.2259709000138931,0.0,0.11394970144365604,0.0,0.6600793985424509,0.0,0.0,0.0,0.0,1.0,0.39956864478146725,,,0.19003346509277597
B001607,957.8383285956567,3.1404535363792023,6.579032207038876,3.9286218140000484,0.4493267171829886,0.365,1.296508486989559,86.12973750009944,1.6111526935189524,0.3193572206495736,0.0,0.6354820157847357,0.0,0.57446160642594,2.83613537977104,0.39486470538828455,0.39486470538828455,0.0,0.0,0.0,0.6051352946117153,0.0,0.0,0.0,0.0,1.0,,,,0.18861606020795307
B001608,26324.29231121459,5.500270019058627,12.560772777291525,5.195174576130739,0.0,0.42214735160032063,0.014608919955029767,0.40365580615459823,2.5927475542233855,0.4377850119153171,0.0,0.0,2.0782332768903324,0.39150417602959237,2.5205400242536204,0.5165184219198755,0.5165184219198755,0.0,0.0,0.0,0.48348157808012443,0.0,0.0,0.0,0.0,1.0,0.1894294872896852,,,0.18481989412312194
B001609,4381.000831587046,11.20460570738375,18.99445458482419,3.8977825648707136,0.0,0.4367697293920994,0.0389261536014184,1.6416862432881167,9.502768058212448,0.6303943067928242,0.0,0.17259905912360898,0.13193564117196047,0.766908642082915,3.493826477005939,0.0806387346490475,0.06523443898428641,0.0154042956647611,0.0562620696574266,0.0,0.8630991956935266,0.0,0.0,0.0,0.0,0.5,,0.14103025669867572,,0.18861606020795307
B001610,8478.06259155579,4.931973584383822,9.047611736260654,5.352854846390655,0.0764622238644472,0.36998772220332427,1.525168631634289,55.171648457205876,1.8291187685379215,0.9518435762748402,0.0,0.27708061854519916,1.4281165909591635,0.4458140300666969,2.240418900185864,0.7924335719330887,0.3098762089395592,0.48255736299352964,0.056180474977101144,0.0,0.15138595308980982,0.0,0.28,0.28,0.28,0.7,,,,0.30976336009743166
B001611,1699.009577486174,1.1597334999905624,5.818953592246548,3.075855070339905,0.39356167843713025,0.8090000000000002,0.3294706897655719,21.940373426417807,0.35641595743405113,0.028600829201892976,0.0,0.39034670072499544,0.060128407857168734,0.3242416047724542,1.9145039475582573,0.6387553434213139,0.5869085977183933,0.051846745702920576,0.36124465657868615,0.0,0.0,0.0,0.0,0.0,1.0,1.0,0.6290460229990008,0.4266611669672766,,0.19003346509277597
B001612,19249.097924108177,4.580937154713988,6.774265097276848,3.0952304489973312,0.14767747506757423,0.380706875062789,1.3121933703874369,29.265745148734712,2.5923761452594936,0.8520649909083775,0.0,0.28451745367591075,0.0,0.8519785648702052,1.7348514749776625,0.9998937570100088,0.9998937570100088,0.0,0.0,0.0,0.00010624298999116682,0.0,0.0,0.0,0.0,0.98,0.3171135569092621,,,0.18690117976449694
B001613,4114.413700939477,3.845246449476147,7.725411337032876,4.8974872241701295,0.0,0.488,1.0554391458432537,70.26764255028225,1.4986293874982826,0.3404039612969993,0.0,1.2596911608263859,0.0,0.7465219398544791,2.489491800295057,0.5643389913464798,0.2367420018224408,0.32759698952403915,0.0,0.0,0.43566100865352014,0.0,0.19999999999999998,0.19999999999999998,0.19999999999999998,0.98,0.3159821269197321,0.31583126019707863,0.5718952048354149,0.27509512128729385
B001614,52336.799214939536,16.525670734114158,23.52814083181795,22.52414978104084,0.25881850910604953,0.24000000000000002,0.020814255651947795,0.21531082006979646,7.8828573984325,0.0,1.8729211238860413,3.35722267989387,2.059585055358924,1.3530844765428214,1.999857201765065,0.849667910649209,0.5331818879074354,0.3164860227417733,0.12462943795118075,0.0,0.02570265139961035,0.0,0.0,0.0,0.0,1.0,,,,0.18481989412312194
B001615,2958.3265763154436,4.695756470341974,8.733990189163517,4.106859512934825,0.0,0.3984035858733403,0.9683480517273264,21.617351788140454,1.7420529481176652,0.6728239365460492,0.0,0.24828817727829208,0.7729766939818525,1.2596147144181153,1.8609258931609955,0.9806884228888055,0.672793275502125,0.3078951473866807,0.0,0.0,0.01931157711119448,0.0,0.2,0.2,0.2,0.98,0.3453427064379444,,,0.27509512128729385
B001616,7327.418308272632,7.36423950580164,13.1294515754668,9.341546077617982,0.4742889155245665,0.23999999999999996,0.016652607731632945,0.8129028849711486,3.580829607982374,0.3248675364939215,0.0,1.0510729635377332,1.7040459578558032,0.7034234399318076,2.7049122302068804,0.4981517083048356,0.2226428125456305,0.2755088957592052,0.14272661321100227,0.0,0.35912167848416193,0.0,0.5,0.5,0.5,0.5,0.3843254015717111,0.2710938580016954,0.6386520112431218,0.4014480571426785
B001617,3481.0923479568723,4.024384217291182,13.397094075601087,4.445414726164707,0.0,0.48519079776873386,0.010297502688398137,0.2250445905923184,0.35267792225902095,1.3428122019644746,0.0,0.03682559911672859,0.0,2.292068493950958,2.3420075453811777,0.9123647486878356,0.5695451453424474,0.34281960334538814,0.0,0.0,0.08763525131216444,0.0,0.0,0.0,0.0,1.0,0.8832905626838479,,,0.1888484004682247
B001618,8330.348195891795,5.302576827429532,8.7368054837484,6.3392295213642305,0.5421635255037359,0.17927704805180456,1.171658347833371,77.80404160572219,2.7976326455073646,0.48546960800389877,0.0,0.5271190181480658,0.7732669275008655,0.7190886282693366,1.9488653262928362,0.9819226475130277,0.7445406016757121,0.2373820458373155,0.0,0.0,0.01807735248697228,0.0,0.0,0.0,0.0,0.98,0.26024446038685284,0.3421518942658934,0.34833086408062947,0.18690117976449694
B001619,4544.922028323304,6.753227382352607,11.283250945084472,6.799831938059091,0.10878164591790024,0.33365546396995127,0.020101336936675786,0.5201818337158176,3.8294264109321454,1.0271170587853538,0.1872539326368573,0.9924236656883136,0.20428497324533365,0.5127213410646048,2.159548106259558,0.8315681323098333,0.5047918323029248,0.3267763000069085,0.0,0.0,0.1684318676901669,0.0,0.0,0.0,0.0,0.5,0.8437016676350597,,,0.18861606020795307
B001620,1023.4957898558322,2.7964365843055523,14.08605296001763,1.2410100025388577,0.0,0.11460116441225687,0.5790313664449701,20.966748938361143,0.72306252392456,0.0,0.038398131647111026,0.15753988373381136,0.32946050931033466,1.5479755356897353,2.730691733041023,0.731434801201941,0.5435533639328278,0.1878814372691133,0.0,0.0,0.268565198798059,0.0,0.0,0.0,0.0,1.0,,,,0.19003346509277597
B001621,3051.254750586733,4.493747791733038,13.936141751106579,5.843093446869616,0.0,0.4275970472556655,0.014958996296781645,0.5344671897223001,1.5897102844206936,0.605022709170753,0.8094803504309589,0.0,1.1165185839514697,0.3730158637591631,2.744969013574871,0.646239540335304,0.646239540335304,0.0,0.0,0.0,0.3537604596646963,0.0,0.0,0.0,0.0,0.95,,0.5772646367924625,,0.1888484004682247
B001622,48292.7696334449,9.685673813366407,19.42781756406532,21.26818313438721,0.1313497708498257,0.4406602726230873,0.02879028944665348,0.5364448273457113,2.8182674277966053,0.35741358079871716,0.8736465323029042,3.421863485335404,1.6510959738955642,0.5633868132372122,2.2249200785301886,0.9984149401544969,0.4476784032863351,0.5507365368681618,0.0,0.0,0.0015850598455030538,0.0,0.0,0.0,0.0,1.0,0.21080033782764113,,,0.18481989412312194
B001623,16504.61991897304,8.047108687943949,20.80207940553795,2.238008286553212,0.0,0.365,0.02587746131139953,1.0913657866416344,6.317282598623755,1.181668375300096,0.0,0.0,0.0,0.5481577140200974,3.4083355399711643,0.19374834502162627,0.046904500713862304,0.14684384430776398,0.0,0.0,0.8062516549783737,0.0,0.0,0.0,0.0,0.5,,,,0.18861606020795307
B001624,6924.622179455608,5.210400436008734,12.468552801330466,9.357020894249965,0.0,0.2372212233357444,0.014912488479610212,0.1080615108552126,0.4672960947485805,0.0,1.9016677034396479,0.7849894545441181,1.270378003410965,0.7860691798654214,2.398445830978745,0.8525471288597828,0.7018889473658793,0.15065818149390356,0.0,0.0,0.14745287114021705,0.0,0.0,0.0,0.0,1.0,0.7904345764163411,,,0.1888484004682247
B001625,29386.629269702687,6.6485586583037755,11.909256362215572,8.646998994545816,0.1749071681604001,0.3061941273092813,1.280647564699487,28.513177744803656,1.7537320031184431,1.1768766697320585,0.2995445476192273,0.40213141669094604,2.3177140195381,0.6985600016050002,2.522726955759676,0.7295611521586176,0.09840681191084559,0.6311543402477721,0.0,0.0,0.27043884784138233,0.0,,0.9090909090909091,,0.98,0.2808966707787387,,,0.18690117976449694
B001626,4350.695295267736,5.613800380990627,10.164434155911223,6.318759049569587,0.0577151121303798,0.320047824112895,1.564851639655519,56.657335841929616,2.0466637441730007,0.8992405116546621,0.0,0.7312625095393698,1.14414770592282,0.7924859097007748,2.67255485945945,0.6354227786396922,0.371466465964991,0.2639563126747011,0.0,0.0,0.36457722136030796,0.0,0.0,0.0,0.0,0.98,0.3005735125882802,,,0.18690117976449694
B001627,18040.739513121578,22.300048841930256,34.69955131593227,28.850527880061858,0.06530786764694753,0.057635143230929005,0.017619227199543463,0.18449163501248667,3.572700180770068,0.5623874839695941,0.3476435165705215,0.5778354804096356,16.301784334990657,0.9376978452197825,2.3153062932149324,0.7846223480035766,0.7690329867858174,0.015589361217759109,0.05113096264772727,0.0,0.16424668934869618,0.0,0.0,0.0,0.0,1.0,0.17491183616035424,0.21287944808597112,0.4663729021436788,0.18481989412312194
B001628,5632.717400462079,5.941685021584472,10.477380264709856,12.286266376108623,0.0,0.42148797289154755,1.514032717289101,54.80369033306189,0.9205912053706431,0.8879188587751329,0.5238856839810974,2.2469807159717683,0.8808613546856343,0.481447202800196,2.077723477112263,0.8450622673490107,0.3174510655840748,0.5276112017649357,0.0,0.0,0.1549377326509894,0.0,0.0,0.0,0.98,0.98,,,,0.18690117976449694
B001629,29568.901503512297,5.980764867215271,8.682543352498396,4.711910723212008,0.09490697028240268,0.261614299789082,0.027953785501229927,1.2504246479784027,1.858915367908497,0.7904928320199295,0.0,0.043264458619455035,1.6909796440376181,1.597112564629771,2.709827130229979,0.4064479893858463,0.3992140553356017,0.007233934050244578,0.2827363525536764,0.0,0.31081565806047723,0.0,1.0,1.0,1.0,1.0,0.34405541705046944,,,0.6052750777176602
B001630,18225.68502834235,4.2713112323277125,9.039501150666794,0.8792018060231177,0.0,0.15988449509375388,0.01517934903180912,0.5129556406494817,2.881386931784244,0.0,0.0,0.37412845557986296,0.22385678920731403,0.7919390557562911,3.15118124419013,0.32540927713806733,0.2378182693116541,0.08759100782641313,0.0,0.0,0.6745907228619327,0.0,0.0,0.0,0.0,0.5,0.2939052181938616,,,0.18861606020795307
B001631,8664.94045639796,6.999144148948272,19.685968922893476,2.3063174816976373,0.0,0.43299999999999994,0.022664889988319798,0.955877595316979,5.533020159897237,0.0,0.0688317690260342,0.17555384485428654,0.8534215074077546,0.3683168677629568,3.336892405541207,0.2094718951132532,0.06245744157943645,0.14701445353381676,0.0,0.0,0.7905281048867465,0.0,0.0,0.0,0.0,0.5,0.16405838169630832,,,0.18861606020795307
B001632,18112.52794384927,6.468759979946167,10.076710616401327,9.850283429422962,0.07064048328647515,0.4118211604058849,1.5257675906238768,101.53417944956541,2.1031430912458875,0.3976363438388841,1.086453403372854,1.1570535259075085,0.7383632293216057,0.9861103862594286,2.5862869191016054,0.6797212157527869,0.5008533137909743,0.1788679019618127,0.0,0.0,0.32027878424721323,0.0,0.19999999999999996,0.19999999999999996,0.19999999999999996,0.98,,,,0.27509512128729385
B001633,18372.38551341616,12.015948668028882,24.070352736314458,2.8711924409901157,0.0,0.383904050310505,0.04852677793468842,1.6017281646749042,9.812203666440354,1.190326610709069,0.0,0.28618869532962593,0.0,0.7272296955498331,2.72938107303956,0.4553935330669791,0.332513904763698,0.12287962830328111,0.0,0.0,0.5446064669330208,0.0,0.0,0.0,0.0,0.5,0.14590446185547978,,,0.18861606020795307
B001634,6407.587449669153,2.6100152544477204,5.346573184914176,2.1903115166666134,0.12032457953039716,0.47000000000000003,0.01254593058422829,0.7882691536805644,1.2626916042678373,0.0,0.48692128356647535,0.10652178338352447,0.0,0.7538805832298829,3.0701163699967573,0.40077302540327503,0.3599603201127595,0.04081270529051544,0.0,0.0,0.5992269745967249,0.0,1.0,1.0,1.0,1.0,0.29557048720988155,,,0.6052750777176602
B001635,11340.312329865157,5.2380195519007655,9.776033737535103,5.895596662100654,0.0,0.4076981116812165,1.4597127000467651,97.19008881593082,1.949950236529056,0.772922171511061,0.5644259475056234,0.7543505216767551,0.6259592526421934,0.5704114220360744,2.4443646128891654,0.6481953341860758,0.5006353329580192,0.14756000122805651,0.0,0.0,0.35180466581392383,0.0,0.0,0.0,0.0,0.98,0.4919190427577022,,,0.18690117976449694
B001636,25261.579078959927,7.119949007598627,11.702915493475514,3.162658549497007,0.0,0.0,0.010833448407363508,0.4230381468341489,5.234879457580555,0.0,0.0,0.6387305206564156,0.0,1.2463390293616563,3.2849127682292245,0.21903293486909378,0.21903293486909378,0.0,0.0,0.0,0.7809670651309063,0.0,0.0,0.0,0.0,1.0,,,,0.18481989412312194
B001637,3891.9503088589618,6.618963110304357,14.156616788981811,9.057638458162929,0.0,0.36013419692018606,0.012746358133271235,0.2842437863719485,2.9116046497320083,0.9315097797061354,0.0,1.235815664097748,1.0894686685556543,0.45056434821281033,2.880146175260791,0.5487408467033335,0.05670092170520453,0.4920399249981289,0.0,0.0,0.4512591532966665,0.0,0.0,0.0,0.0,1.0,0.1670126215181182,,,0.18481989412312194
B001638,1004.3510817673146,0.7230749328778363,5.098543221689312,0.4472636870622624,0.0,0.4431143635038277,0.2212855104793034,8.059949322404984,0.2571833141231597,0.0,0.023359193703542436,0.0,0.1737461903835869,0.26878623466754714,2.4259900389713973,0.711215469626937,0.6789101128216984,0.03230535680523858,0.0,0.0,0.2887845303730629,0.0,0.5,0.5,1.0,0.5,,,,0.4064886165245276
B001639,14424.942881737312,6.650503864332555,13.831682479109183,7.891880673503852,0.0,0.4142177430778639,0.00816746565656805,0.23654138614909692,2.742805630937032,1.157072768334285,0.5363508868053449,0.33356343344607053,1.1158266937972794,0.7648844510125434,2.611525306033556,0.5875792741589062,0.413596551655758,0.17398272250314809,0.0,0.0,0.41242072584109385,0.0,0.5,0.5,0.5,0.5,0.28701681765180426,0.2184545105536974,,0.4014480571426785
B001640,5490.849848544639,2.4425488650109606,13.804691999490107,3.365006567874964,0.028307962196154703,0.3797774915260524,0.3254850428454278,21.37882358942044,0.8759405317412394,0.4159940717459635,0.0,0.8153129500071359,0.15282544252791042,0.18247586898871165,2.8453386344805094,0.26856854203029545,0.09825707858119191,0.17031146344910353,0.33379596276919415,0.0,0.39763549520051067,0.0,,0.0,,0.6,0.7939844467677238,,,0.19003346509277597
B001641,13795.467634762988,6.120438169814991,9.018587155544676,6.726651292206466,0.0,0.30645013308760044,0.8918730608326599,20.177922242972635,2.3847296452681173,1.6650338668782494,0.0,0.8198310033031161,0.620214144391974,0.6306295099735345,2.022556367370466,0.7484463896357472,0.4764015097299381,0.2720448799058091,0.10133492524289678,0.0,0.15021868512135608,0.0,0.28,0.28,0.28,0.7,0.3735514709963512,,,0.30976336009743166
B001642,40448.66506115467,11.106168330904632,20.839201507993355,10.64983669876113,0.07389086122418463,0.14217925514661953,0.007884750404111728,0.018213773433498094,5.206910644224727,0.0,1.467780109774337,0.8792627701229595,2.8507820624787437,0.7014327443038643,2.730636454512076,0.3900614572139363,0.3900614572139363,0.0,0.13215900084010176,0.0,0.4777795419459617,0.0,0.0,0.0,0.0,1.0,0.14381605050341967,,,0.18481989412312194
B001643,7069.391823268766,3.150352862419236,5.118138106994735,2.1878917184616853,0.6880108582042467,0.021,1.1996764739368109,26.90387929750022,2.1459344091341017,0.0,0.4750885278710884,0.0,0.0,0.5293299254140454,2.823188601650422,0.4945685251340021,0.3437636633871006,0.15080486174690155,0.0,0.0,0.5054314748659977,0.0,0.2800000000000001,0.2800000000000001,0.2800000000000001,0.7,0.18532299405817051,0.29331788978108825,,0.30976336009743166
B001644,4158.796729323293,5.07170332844304,11.566385510930939,5.822790758999013,0.2058890537155574,0.38172618741701253,0.01825304347498821,0.6147538266034075,2.706832692975366,0.3572030205608838,0.0,0.9484062740928534,0.41875762752985646,0.6405037132840828,2.086519929482372,0.8364314418588774,0.4964338492329391,0.33999759262593854,0.0,0.0,0.16356855814112284,0.0,0.0,0.0,0.0,0.5,0.5208609412910656,,,0.18861606020795307
B001645,11150.348873194955,4.333598473841802,10.342049912279942,4.358110005499549,0.03783962971696752,0.27562623452237506,0.021834139310026576,0.5879575957266162,1.8709937914238388,1.3131028229080701,0.6437665494318868,0.06665354547224883,0.0,0.4390817646057577,2.7303111168364844,0.5522391542019081,0.23385331926387232,0.3183858349380357,0.0,0.0,0.44776084579809233,0.0,0.0,0.0,0.0,0.95,,0.3734016539458528,,0.1888484004682247
B001646,5604.844278431874,1.1834552952770003,4.949936429909196,1.918701138992489,0.0,0.0,0.6966475605338597,25.23697967257943,0.3821475693246689,0.0,0.0,0.5346268853688672,0.0,0.2666808405834644,2.547056546295662,0.613832186491357,0.1620813789175635,0.45175080757379343,0.0,0.0,0.386167813508643,0.0,0.0,0.0,1.0,1.0,0.8817566010468206,,,0.19003346509277597
B001647,30393.715420576278,10.7779132697079,21.1992945546775,15.636702775146029,0.0,0.4577296402197179,0.021039983971787284,0.10642032501410026,4.536075840717339,0.6205513195096332,0.9471419716580021,3.97736249842619,0.0,0.6967816393967367,2.5041262694929043,0.4877286793173577,0.34984659209678465,0.13788208722057305,0.05757620273803254,0.0,0.4546951179446099,0.0,0.0,0.0,0.0,1.0,0.08404956171425797,0.25256559908247156,0.6874489130534874,0.18481989412312194
B001648,6083.069930671563,1.392644214897336,7.267616747023073,3.2965018356792406,0.08998570397842831,0.532765573143267,0.40481953943280674,26.812478605516873,0.5373378197193018,0.35372562690897175,0.0,0.00916505940518649,0.0,0.4924157088638756,2.632580993458033,0.561043698548931,0.561043698548931,0.0,0.0,0.0,0.43895630145106873,0.0,0.3,0.3,0.3,1.0,0.5216770109387646,0.4468640432592497,,0.32150759030508125
B001649,34220.112016604224,8.97223702585323,14.10387047904547,5.581204835266562,0.20476249075067265,0.36499999999999994,0.008722170073640121,0.40470869141690163,5.759923633535929,0.34641011273502054,0.0,0.0,1.9970563392594363,0.868846940322843,3.2052027488311294,0.3267933819022272,0.06560250550854431,0.26119087639368294,0.0,0.0,0.6732066180977725,0.0,0.0,0.0,0.0,1.0,0.13569166475984432,0.22858113843552502,,0.18481989412312194
B001650,42695.12922313374,12.852236370600163,32.67199555055653,7.23708892665294,0.3576564272817304,0.021,0.056114114566932397,2.4806469917739755,10.60011074672814,0.0,0.0,1.6886739782931266,0.0,0.5634516455788988,3.436792707732727,0.15355336129581895,0.047298054716042676,0.10625530657977628,0.0,0.0,0.846446638704181,0.0,0.0,0.0,0.0,1.0,0.17835011733725287,,,0.18861606020795307
B001651,4681.978171226501,0.9715663355937957,4.662256525235138,2.0258791468586366,0.0,0.7932315203154877,0.578944885841368,20.957804867457526,0.3184196872127525,0.24657432402586102,0.028262896275473688,0.0,0.0,0.3783094280797084,2.982122484175295,0.3230652480256677,0.29397521552860706,0.029090032497060693,0.2537905184571482,0.0,0.42314423351718405,0.0,0.0,0.0,1.0,1.0,1.1369167157551963,,,0.19003346509277597
B001652,4269.617695604362,6.449573558314746,12.488248975673878,3.84062351073945,0.0,0.14085845020083268,0.019175043454936074,0.5948345101170172,3.045779459600178,0.4944297878615272,0.0,0.0,1.9314292816823662,0.9779350291706755,2.8975282342108555,0.4828220621016831,0.4828220621016831,0.0,0.0,0.0,0.5171779378983169,0.0,0.0,0.0,0.0,1.0,0.34002654505480606,,,0.18481989412312194
B001653,40022.98268905544,8.38002150105851,12.32578939589967,8.69186147070405,0.01394167533829494,0.31263546833759,1.7757341037408452,117.89624548711397,3.6482090671525707,1.4890399386651134,0.0,1.8777572628961323,0.5401835059606425,0.8248317263840508,1.9839055849847391,0.6859583701525389,0.6859583701525389,0.0,0.22407547076805787,0.0,0.08996615907940342,0.0,0.28,0.28,0.28,0.7,0.4412156901386523,,,0.30976336009743166
B001654,9097.850572914274,2.773734930766547,9.071593716625928,4.565449732072656,0.030288002236937325,0.4386003369345508,0.8374110445460993,30.314279812568795,1.046763805682624,0.39110718017028906,0.016502449947165775,0.9422265294781245,0.10007967584057366,0.27705528964777104,2.5458334987959965,0.590880408571357,0.1101806506893252,0.48069975788203184,0.0,0.0,0.4091195914286433,0.0,0.0,0.0,0.0,0.9,1.1240003549950441,,,0.18861606020795307
B001655,334922.10292324825,159.18350899393928,803.4200783048419,295.85137620579,0.20060748822318342,0.2399301668651333,0.36851169220376917,24.536503648373778,0.5075846174373925,0.0,0.06536652937318223,158.05752715723827,0.31300570134608297,0.2400249885443666,1.6737619929516632,0.9968113241086003,0.0019184871589253394,0.9948928369496749,0.0,0.0,0.0031886758913997693,0.0,0.3,0.3,0.3,1.0,0.7910647458563242,,,0.32150759030508125
B001656,11796.534710720298,4.186137228786479,7.795287532451862,3.9780622730863806,0.4247388146428374,0.5631809173523642,1.0858750950428642,72.2434447726882,2.423056999892646,0.06972199266491202,0.5625257172518167,0.29728335737537914,0.0,0.833549161601727,2.0395918934273105,0.828066369954426,0.828066369954426,0.0,0.15103367982516216,0.0,0.020899950220412137,0.0,0.0,0.0,0.0,0.98,,,,0.18690117976449694
B001657,6007.922260595937,5.4223125095631195,9.287079366091703,7.6496946390136475,0.0,0.37697511624586955,1.637606379425198,58.66230665312693,1.008131681797534,1.5421620165809262,0.0,0.8604603523003888,1.1482923789005746,0.8632660799836964,2.303884704946672,0.8015607364264905,0.23669565996056655,0.5648650764659241,0.0,0.0,0.1984392635735093,0.0,0.0,0.0,0.98,0.98,0.2763373425142091,,,0.18690117976449694
B001658,7023.51301905198,3.62972249046614,12.8636395432886,3.7338607169855904,0.0,0.24183432304898497,0.014288358347903055,0.4651552941207626,1.254702507898537,0.5775731235328426,1.4378781635939768,0.0,0.10331892487885998,0.25624977056192366,2.731703364336756,0.6543254997608909,0.07059762040624085,0.5837278793546502,0.0,0.0,0.345674500239109,0.0,0.0,0.0,0.0,1.0,0.841689529143727,0.4900305646133902,,0.1888484004682247
B001659,7833.091546974708,13.839384358612557,40.86671932759399,9.421465842800107,0.10814103908475814,0.2967302616064968,0.049864091551822254,2.267241579560271,9.740615018965894,0.44251069582850777,0.0824734757397472,2.520709254338305,0.5339663695998248,0.519109544140279,3.2583003654105696,0.2675683200048942,0.014870206480049374,0.2526981135248448,0.005959331253663903,0.0,0.7264723487414418,0.0,0.0,0.0,0.0,1.0,0.14526563667748654,,,0.18861606020795307
B001660,7113.77114626906,2.0163750414594843,10.522370222373345,2.4597652971014417,0.0,0.4512175001341554,0.318004354440363,7.082808566352181,0.78457710148207,0.20357145553012346,0.0665862089534312,0.3092087501550572,0.3327053373416798,0.3197261879971225,1.967435467151718,0.9552898723456685,0.603916600071209,0.35137327227445964,0.0,0.0,0.04471012765433157,0.0,0.3,0.3,0.3,1.0,,,,0.32150759030508125
B001661,8433.94400059395,1.9277586287071886,11.880565462623291,2.4589749690157734,0.0,0.17720678133353923,0.24412566908962618,8.90614519907866,0.37390989764226146,0.7467676708652651,0.06716216779551472,0.30605383570343175,0.24421379872268958,0.18965125797802587,2.1183833023258534,0.7571503681221825,0.4717061085391521,0.2854442595830303,0.0,0.0,0.24284963187781744,0.0,0.5,0.5,1.0,0.5,,0.40551805172945654,,0.4064886165245276
B001662,4577.309700655614,1.6506706457467053,8.261074199336665,1.0049138560966753,0.0,0.05845976214204292,0.5838543671917606,38.88470085497126,0.7298179589897008,0.6232569377975106,0.057778908034726136,0.0,0.0,0.2398168409247673,3.096111891866541,0.12723092707230624,0.09222763420852059,0.03500329286378567,0.37757801012785996,0.0,0.49519106279983355,0.0,0.0,0.0,0.0,1.0,,0.3914007978810663,0.4541712021172727,0.19003346509277597
B001663,2905.1185976483985,6.803556434773767,10.711700990130772,10.803034227065766,0.036682095365744766,0.5134613887556473,0.015858209666421322,0.3843820850971515,1.714498743749736,0.20376797627573343,1.4415113072166936,2.245515747737007,0.0,1.1982626597945987,2.104982365262191,0.6753642573400894,0.6753642573400894,0.0,0.02995021474860584,0.0,0.2946855279113051,0.0,1.0,1.0,1.0,1.0,0.22798021804214938,0.29166220918904956,0.4021015110280595,0.6052750777176602
B001664,29194.38015637573,16.94392348019485,32.48364607416591,4.089904974046653,0.11616113920050124,0.32154063557796186,0.07688591129811813,3.4514663339243046,14.798573681671112,0.0,0.0,1.2543694638684368,0.17115333985115286,0.7198269948041486,3.463069023149337,0.1266147006052855,0.052584062699335056,0.07403063790595045,0.0,0.0,0.8733852993947143,0.0,0.0,0.0,0.0,1.0,0.072544570778933,,,0.18861606020795307
B001665,3512.2849873900736,0.8410644126891939,5.653692208874416,1.1170069815823152,0.0,0.43299999999999994,0.5343985660498926,19.347810684312407,0.31175965632124786,0.0,0.0,0.26771766668398445,0.09645340982970714,0.16513367985425412,2.2670396353549678,0.8027539809408727,0.48444581970504996,0.3183081612358227,0.11468017000185507,0.0,0.08256584905727199,0.0,0.3,0.3,0.3,1.0,0.7710642746563533,,,0.32150759030508125
B001666,10362.723578971892,2.252765995428672,10.221089473778134,2.5439156852628937,0.05669911587157334,0.5258710923886757,0.37461830794663187,8.387959102479961,1.0234794981487276,0.1156632482424799,0.0,0.07446288063003974,0.661198219975738,0.3779621484316869,2.911074675958726,0.493317727884304,0.44197495705183204,0.05134277083247196,0.0,0.0,0.5066822721156959,0.0,0.0,0.0,0.0,0.6,,,,0.19003346509277597
B001667,23644.33702434541,11.090214364139497,15.886563827037078,15.88219876152309,0.14637155329729215,0.10913148342070689,0.044112026734284965,1.055419727745534,4.225247367342004,0.0,1.739732718299109,2.1680465743123256,2.0232656049203763,0.933922099265681,2.7738205290125677,0.5784160957127726,0.043616253005493585,0.5347998427072791,0.0,0.0,0.4215839042872272,0.0,0.0,0.0,0.0,1.0,0.2178207100624073,,,0.18481989412312194
B001668,3220.3242004281688,3.8200761570915405,7.06330277038015,5.896848784534479,0.5968515296787349,0.2870056514295968,1.2639256540342798,45.768033555139965,1.7681358111778551,0.4291273179256411,0.0,1.1150491411653747,0.0,0.5077638868226709,2.713696192837386,0.5371464498435432,0.13291983351694822,0.40422661632659507,0.0,0.0,0.46285355015645707,0.0,0.19999999999999998,0.19999999999999998,0.19999999999999998,0.98,0.507145225466076,,,0.27509512128729385
B001669,36110.333011205825,19.362108853193472,33.12748087381674,6.90134839887882,0.6041802628443912,0.26432536190127265,0.08791451622885926,3.898238810836793,16.680411387470794,0.4552192345223411,0.0,1.3799043604842303,0.0,0.8465738707161057,3.460079689761567,0.11949003863141357,0.04822175009182936,0.07126828853958421,0.0,0.0,0.8805099613685865,0.0,0.0,0.0,0.0,1.0,0.15364622013758988,,,0.18861606020795307
B001670,701.0366336892456,2.3290253610938394,12.1468333268683,7.183766999027183,0.6146110303498203,0.365,0.36997516992029017,24.63274851416579,0.5093641128432433,0.8824928873931813,0.08140686824167465,0.6817814940576512,0.0,0.17397999855808896,1.9657361543979814,0.7760333501371334,0.36216934859523725,0.4138640015418962,0.0,0.0,0.22396664986286674,0.0,,1.0,,1.0,0.9574424263389949,0.2979369088242084,0.6330611071838019,0.19003346509277597
B001671,322.30507919275345,0.6511213721065726,5.402492867079611,2.5006820488632466,0.0,0.7546052562374751,0.3188431998792191,11.51142143446482,0.17479729496746516,0.133952543923647,0.044118457813135926,0.0683821862525477,0.03812688993993812,0.19174399920983867,2.7151719411230832,0.4151027927168961,0.4151027927168961,0.0,0.31074810142014114,0.0,0.2741491058629626,0.0,0.0,0.0,1.0,1.0,0.6736287392851813,,,0.19003346509277597
B001672,11407.497653511062,4.783017884071724,10.257918074914214,4.062698528254272,0.3336353454700167,0.2763669113836281,0.015039209946091776,0.32488919080214324,2.66274143224685,0.9351624239790841,0.0,0.0582419386560989,0.33483349028417875,0.7920385989055118,3.126221608812968,0.3436976927419855,0.14818045934561117,0.19551723339637442,0.0821814675310512,0.0,0.574120839726963,0.0,0.0,0.0,0.0,1.0,0.25856365162199774,,,0.18481989412312194
B001673,2048.2486514289244,5.278991369662176,15.76429026340422,8.936498388372396,0.18398677302139482,0.26542729246673147,0.014562683661204556,0.32474784564486164,1.4562683661204558,0.5419768217701637,1.1862320852983053,0.6889520781143547,1.0950599270729073,0.3105020912859891,2.4429190823789493,0.516701560101881,0.38619328117691604,0.13050827892496508,0.2074373398990771,0.0,0.27586109999904174,0.0,0.0,0.0,0.0,1.0,1.0358506082202992,,,0.1888484004682247
B001674,13294.04598153927,10.50912725813381,20.008777753709303,1.695016134667833,0.0,0.36500000000000005,0.03943689686084942,1.7435832681928556,9.071898958671744,0.749771304747125,0.14519721435749094,0.0,0.0,0.5422597803574485,3.400272843849096,0.13592456482472445,0.13592456482472445,0.0,0.0,0.0,0.8640754351752754,0.0,0.0,0.0,0.0,0.5,0.1368374635653726,0.1986660598296418,,0.18861606020795307
B001675,9331.06861437036,4.4904083803514725,14.17503978593026,8.916724881649655,0.0,0.4699999999999999,0.015841017944490776,0.3212929039746564,1.4712877438051275,1.4795898402473158,0.6413097355545672,0.594560872570901,0.0,0.30366018817356016,2.793603987878091,0.3388658259891468,0.0636412799248678,0.275224546064279,0.329500062114953,0.0,0.3316341118959,0.0,0.0,0.0,0.0,0.95,0.5981559030294793,,,0.1888484004682247
B001676,2815.123560957559,4.504197697532095,8.474144579382928,6.106670760157214,0.4097007573333668,0.3389840061587057,1.406173942335214,93.39738299524747,1.7524483371475974,0.0,0.0,1.8489566159118287,0.22410612348653158,0.6786866209861373,2.766141132150505,0.5457084325673937,0.1352121044588618,0.4104963281085319,0.049754948280649865,0.0,0.40453661915195643,0.0,0.0,0.0,0.0,1.0,,,,0.18861606020795307
B001677,20613.679637893187,6.013325448626951,11.069072699928496,8.55694276371167,0.0,0.3985199509653224,0.021193911876924907,0.28015459120950786,2.9342241627173977,0.47427645043695943,0.08495523434321958,1.7952357578578566,0.0,0.7246338432715174,1.846113106832187,0.8318821016707453,0.8318821016707453,0.0,0.0,0.0,0.16811789832925472,0.0,0.0,0.0,0.0,0.5,0.474761015229629,,,0.18861606020795307
B001678,4306.927197962229,2.7070566926223942,7.271209499175437,3.440362974023961,0.0988743192151062,0.4360665569861339,1.1221836974731818,74.73743425171389,0.9849393357821039,0.516920978770918,0.06001787076419375,0.3515359107850298,0.18239097402212365,0.6112516224980247,2.07521489043412,0.957079602039936,0.6765794464182769,0.28050015562165914,0.0,0.0,0.042920397960064006,0.0,0.0,0.0,0.0,1.0,0.7259167658766305,0.33741917599748317,,0.18861606020795307
B001679,4300.916969781862,6.870474392622782,15.865880089034977,9.901223651105013,0.015794124021776018,0.2821314337430695,0.02145772788980557,0.5578222456964919,1.927664979954992,1.5356299954420647,1.842656310564092,1.0864367812108813,0.0,0.4780863254507521,2.118744002555546,0.7194276741610689,0.5612964128936591,0.1581312612674097,0.0,0.0,0.2805723258389312,0.0,0.0,0.0,0.0,0.95,0.4109490749300449,,,0.1888484004682247
B001680,3572.4807514720587,4.847328020993295,10.104297812192572,14.572866129817374,0.4539865983300909,0.3844061977179055,1.3621932336119813,49.30463519896459,0.8274341769968765,0.5976025723912652,0.0,2.939594059645451,0.0,0.48269721195970305,2.7242365748217456,0.7967890879282108,0.06706817432024587,0.729720913607965,0.0,0.0,0.20321091207178923,0.0,0.0,0.0,0.98,0.98,0.2763865415829783,0.40516463106603673,0.8983207721934594,0.18690117976449694
B001681,16451.74410873921,6.189519980714526,9.038926541946614,10.980957980214793,0.5467054533497342,0.2768383820559944,0.021385713347303516,0.5261684574865588,4.163657922338606,0.41258728582677656,0.39508061518432136,0.5451268563051939,0.0,0.6730673010596269,3.143266679494374,0.3273051972831745,0.10874305328309597,0.21856214400007856,0.0,0.0,0.6726948027168251,0.0,0.0,0.0,0.0,1.0,0.2194475222453203,,,0.18481989412312194
B001682,6145.976218482983,8.571793889097606,14.435318548611779,11.492829780333196,0.0,0.11538671906621065,0.020740609151590945,0.20338084962879685,3.5105498659456735,0.0,2.3292242313464997,2.063783105646425,0.0,0.6682366861590067,2.6076643489493985,0.5904533040148441,0.34968886983131403,0.24076443418353,0.0,0.0,0.4095466959851558,0.0,0.0,0.0,0.0,1.0,,0.26655540983578774,0.8055883539534896,0.18481989412312194
B001683,9021.3037168212,10.01254574563951,20.170530949657508,15.332064380833923,0.1214986243964023,0.22870610378415593,0.7700818741042665,27.98619413083626,2.577599808399787,5.278960229751239,0.23931578811685306,1.4449008546637578,0.0,0.4717690647078739,2.1493947636024084,0.8066894210637328,0.782787828582013,0.023901592481719813,0.14430903901667722,0.0,0.04900153991959008,0.0,0.28,0.28,0.28,0.7,,,,0.30976336009743166
B001684,3537.3904509577633,3.8660004928500147,7.1477520688795355,5.579743028300152,0.24202249954540545,0.42159123213218413,1.5319803885687877,55.45334513099299,0.9315040926208913,0.0,0.9940430751576333,0.24032680100136508,0.7184559698926407,0.9816705541774844,2.7066058543924445,0.7067847148319467,0.3874961171088197,0.31928859772312684,0.0,0.0,0.2932152851680535,0.0,0.0,0.0,0.98,0.98,0.28805701532904593,,,0.18690117976449694
B001685,14495.357345368317,8.466914337247848,14.899896458411233,6.5104718494191145,0.0,0.3917892572470999,0.010791005884583975,0.18779256980031916,4.94631892510578,0.7970381262827289,0.511604735177334,0.0,1.7634543213351337,0.44849822934687156,3.0119274637059457,0.4137746040948498,0.11136308253809042,0.3024115215567594,0.0,0.0,0.5862253959051502,0.0,0.0,0.0,0.0,0.9,0.16519660416157386,,,0.18481989412312194
B001686,15679.058074100454,6.04435546418676,8.015631900888009,6.733994220063597,0.0,0.2531849864379894,0.01800222124232458,0.3696549672770206,1.977321239524672,0.0,2.1997809264385513,1.2493101672764766,0.0,0.61794313094706,2.8044573287833208,0.4484089097170855,0.08446920771371862,0.36393970200336684,0.2066903865397608,0.0,0.3449007037431538,0.0,1.0,1.0,1.0,1.0,0.16867967753385904,,,0.6052750777176602
B001687,14411.895514182534,5.381589064295196,11.405831866431262,3.408541493336008,0.0,0.5964934033629409,1.0496995801574973,69.84727700190041,3.5391476119712593,0.2271280571138177,0.0,0.38213838874932976,0.506748529800042,0.7264264766607454,1.9408396524919624,0.8529938233272181,0.8529938233272181,0.0,0.04220464520799745,0.0,0.10480153146478441,0.0,,0.28571428571428575,,0.7,0.43368746843050887,,,0.18690117976449694
B001688,5959.746241258391,4.525243918950943,13.708314429336745,4.6248852650723995,0.06393303339574401,0.18215589745640168,0.009632473032294175,0.326072882125971,1.8963341283268225,0.35048472004047404,1.4787318688403377,0.3191119982007944,0.0,0.4805812035425136,2.709442069301398,0.5809432237707006,0.10620006615111338,0.4747431576195873,0.0,0.0,0.4190567762292993,0.0,0.0,0.0,0.0,1.0,0.180715484029182,,,0.1888484004682247
B001689,2558.978256229325,2.9583563655830347,7.062430224842109,0.0,0.0,0.0,0.012343115968176029,0.25472288110082414,2.5247558930430594,0.0,0.0,0.0,0.0,0.4336004725399754,3.481938004589696,0.13854649655772724,0.13854649655772724,0.0,0.0,0.0,0.8614535034422728,0.0,0.0,0.0,0.0,1.0,0.21054541935570123,,,0.1888484004682247
B001690,763.109301244356,1.3294587129692612,5.784828179647277,1.1650839575709573,0.14951293672306615,0.38937377991688454,0.3321294921476627,12.093067506093318,0.454643290003189,0.5765408620348508,0.0,0.016852801483014684,0.0,0.2814217594482066,2.4176632773190785,0.8334289297531348,0.38708662688269924,0.44634230287043564,0.0,0.0,0.16657107024686504,0.0,0.5,0.5,1.0,0.5,,,,0.4064886165245276
B001691,2592.615216005992,2.5745930645541133,5.995384933424072,1.6271372840887974,0.031150328437105947,0.7414161628115611,1.1969264898027046,26.740874064519346,1.4935737324459,0.16675166320330614,0.0,0.0843008487864132,0.0,0.829966820118494,3.1033117373436756,0.3979586708106211,0.3331905078340826,0.06476816297653837,0.0,0.0,0.602041329189379,0.0,0.0,0.0,0.0,1.0,,,,0.18861606020795307
B001692,6798.3422033474435,6.0537330394901545,18.37560087819359,8.638258483671203,0.0,0.2801634489179313,0.014833103769436114,0.3307782140584254,1.4833103769436113,1.4880469520709967,1.2549286559273163,1.3495666225993193,0.0,0.47788043194891,2.4698041727917173,0.49760707607659294,0.49760707607659294,0.0,0.24580650358449238,0.0,0.2565864203389145,0.0,0.0,0.0,0.0,1.0,,0.3553841315809003,0.35576722539483757,0.1888484004682247
B001693,17031.091080022718,7.287587111691364,12.29434798618319,8.839233617960762,0.0,0.43300000000000005,0.01436118525061379,0.3554977632019074,3.485711958447668,0.9867872490485253,0.0,1.9810478664127649,0.0,0.8340400377824038,2.65974402666364,0.48360969988671876,0.34820311963940515,0.13540658024731364,0.0,0.0,0.516390300113281,0.0,,1.0,,0.5,0.331469094277678,,,0.18481989412312194
B001694,2139.22447905584,5.471162350526446,10.331322626739144,7.685657028249382,0.019749605900731913,0.46094863683922577,1.4221994854070537,94.38024708112947,1.7688295612160878,0.4528323116345131,0.0,0.6707685238512273,1.3221523860894318,1.2565795677351865,2.55181542357959,0.554098758405045,0.3124403499386591,0.2416584084663859,0.12260073470250517,0.0,0.32330050689245,0.0,0.0,0.0,0.0,1.0,0.9819909097192059,,,0.18861606020795307
B001695,4387.600338550354,3.7183053716528423,7.4214120191795745,4.607832432497641,0.0,0.021,1.080177360560777,71.87246675090653,1.501283119698191,0.0,1.489450804004588,0.0,0.0,0.7275714479500625,2.5727666874720754,0.615360063605025,0.21478758363614495,0.40057247996888024,0.0,0.0,0.3846399363949747,0.0,0.2,0.2,0.2,0.98,0.40434835923319634,0.35518333770130206,,0.27509512128729385
B001696,7077.332258978053,4.5601367648054465,8.779385511261028,8.232893118791619,0.0,0.365,1.4524912652767872,96.41961188049086,0.8801094525989592,0.0,0.0,1.3728771499146597,1.745477704695918,0.5616724575959093,2.5906675604970246,0.8069993296272315,0.12317009040843371,0.6838292392187977,0.0,0.0,0.19300067037276858,0.0,0.0,0.0,0.9799999999999999,0.98,0.37633137886346235,,,0.18690117976449694
B001697,548.6737897498783,1.2441582534010847,6.597627018370731,1.9699188620514183,0.0,0.47,0.6582366161170847,23.83613984801297,0.4468741478560708,0.37128364560062554,0.0,0.2184577803026778,0.0,0.20754267964171094,1.897761900326617,0.803403720984282,0.803403720984282,0.0,0.1755868111677049,0.0,0.02100946784801348,0.0,0.0,0.0,1.0,1.0,,0.33618118074156156,,0.19003346509277597
B001698,6410.673009375074,1.4086295340309984,11.52844243721357,2.2259354221950014,0.20995407513826772,0.3240498348723487,0.2136141298829316,14.08735966959585,0.5791250244900151,0.11359220325224123,0.03401195846570433,0.3337936306083268,0.12885642189797264,0.2192502953167381,2.746675488791894,0.4996379081599124,0.32752123781266224,0.1721166703472501,0.024145424786298608,0.0,0.47621666705378873,0.0,0.0,0.0,0.0,0.6,,0.42805370544686405,0.676935527643248,0.19003346509277597
B001699,806.3351932324485,2.496393787097364,5.382295523907297,0.9891951287817408,0.0,0.48800000000000004,1.2120049854974044,80.71953203412713,1.5150062318717556,0.2809314165740144,0.0,0.0,0.0,0.7004561386515934,3.1639759020738913,0.2926169010335983,0.2926169010335983,0.0,0.0,0.0,0.7073830989664015,0.0,0.0,0.0,0.0,1.0,1.0328029481792151,0.29099712873766553,,0.18861606020795307
B001700,411.2117982081267,1.3137757131250054,7.842936582629825,1.4411527666683726,0.0,0.3042601511421487,0.49477763081304904,17.894876260462066,0.27183212067724477,0.47099333705118934,0.07057158933933017,0.06182340161222974,0.19750427780958493,0.2410509866354266,2.340176522152125,0.716910890062168,0.716910890062168,0.0,0.04705780522093367,0.0,0.23603130471689832,0.0,0.0,0.0,1.0,1.0,0.4264347751110622,0.4906192481378445,,0.19003346509277597
B001701,1135.3614700866913,0.9134042398123019,5.323112026604854,1.4475792981973072,0.0,0.5666777695738879,0.44067148380110516,15.954792996651731,0.3434966563467869,0.3187033582047609,0.0,0.0,0.05284200130493911,0.1983622239558149,2.7261412293842366,0.35111898981338424,0.29326727531313423,0.05785171450024993,0.34891819450088407,0.0,0.2999628156857317,0.0,0.5,0.5,1.0,0.5,1.027902328581888,,,0.4064886165245276
B001702,5838.610806666465,6.298393534699531,14.37155121010606,8.399775860147338,0.4413774310749644,0.11738710713096144,0.012173868835983901,0.13391255719582293,2.7808329828389624,0.9533101182196111,0.0,1.571662776972824,0.520836834605022,0.4717508220631103,2.6657460217862794,0.45362819463443105,0.3022705328802756,0.15135766175415546,0.0826935998418633,0.0,0.4636782055237055,0.0,0.0,0.0,0.0,1.0,0.10992950665696662,,,0.1888484004682247
B001703,284335.9391604926,494.4972854965089,845.9547656234033,714.3899500829071,0.001199395763953964,0.24033008460959507,0.09445842885562244,4.326508731407838,17.565512418346987,0.2873318412029915,0.08429283343929085,474.51008916899957,1.1218896670522676,0.9281695674677517,2.059394926523447,0.9636098013202988,0.0017602769928092103,0.9618495243274895,0.00017046167069381405,0.0,0.036219737009007436,0.0,0.0,0.0,0.0,1.0,0.09351227408004383,,,0.18861606020795307
B001704,1176.9103058435578,3.513165092070322,7.5486506200328725,5.387413883451051,0.14823184006881687,0.5346919140487245,0.7829494464261426,17.475386453343095,1.4678729288641157,0.9547488449484648,0.0,0.04254138883532031,0.32253134273758555,0.725470586684836,2.078185662978824,0.7063132777977315,0.7063132777977315,0.0,0.27176315940957607,0.0,0.0219235627926926,0.0,0.19999999999999998,0.19999999999999998,0.19999999999999998,0.98,0.32340749716378214,0.36507553498315864,0.2113811270779881,0.27509512128729385
B001705,3010.0356865374274,6.794662949294419,11.080108359623862,7.614219241866587,0.0,0.39625663477303574,1.7942656142034537,119.44277860892814,2.3449313643144425,0.6960146117185089,1.3326907127114158,0.8072271239715259,0.6131823304043524,1.0006168061741738,2.4856613189927477,0.6249836111153638,0.534738909504664,0.09024470161069983,0.0,0.0,0.3750163888846361,0.0,0.0,0.0,0.0,0.98,0.3325912516148523,,,0.18690117976449694
B001706,3291.165931834972,6.280851014952237,8.131124599321463,9.171860820797923,0.19049494498137753,0.24000000000000002,0.01953692660733678,1.1324286699647859,2.063156075898036,1.3071615175735756,0.0,0.9370474282017478,1.154571421687568,0.8189145715913099,2.640663839477865,0.52232531913948,0.3385012769931231,0.1838240421463568,0.1491911567351313,0.0,0.3284835241253889,0.0,1.0,1.0,1.0,1.0,0.15197055281378044,,,0.6052750777176602
B001707,1948.9791649156175,1.8146919598841875,7.799183706840346,0.973334064388724,0.0,0.365,0.36779300795709974,24.377148418577455,1.0749447200138085,0.5139203859972463,0.0,0.0,0.0,0.22582685387313262,2.275008997945091,0.7317206993214382,0.4485209070933157,0.28319979222812247,0.0,0.0,0.2682793006785617,0.0,0.0,0.0,0.0,0.6,1.1695861922405952,,,0.19003346509277597
B001708,2766.1106461521654,3.2851670381854694,8.563094134649829,4.300986940810868,0.0,0.25660645162819495,0.9910185248979068,35.87487060130423,1.2387731561223836,0.0,0.09652842836354636,1.381190506835492,0.20560849652632834,0.36306645033771967,2.2962940882775,0.5935361675784162,0.519980684735735,0.07355548284268129,0.029383111190858326,0.0,0.3770807212307256,0.0,0.0,0.0,0.0,1.0,,0.21514824948393527,,0.18861606020795307
B001709,3052.7240730280723,4.915819763330229,8.565614458201686,4.053403914579397,0.059203128394994406,0.38094532191250197,1.7324931803536714,38.6301173285212,2.264145699427283,0.0,1.3638144272287194,0.27863109500050703,0.0,1.009228541673721,2.705933556715904,0.5393225748019397,0.261888801211998,0.27743377358994165,0.0,0.0,0.46067742519806054,0.0,0.0,0.0,0.0,0.98,0.31347873210921606,,,0.18690117976449694
B001710,9725.840522881732,4.012310446733387,14.282440095004864,4.7614921584936125,0.006112773134302714,0.37898577777542397,0.00923486528275681,0.20114300558744577,1.75620050291989,0.0,0.6987784898391612,0.3778305599505222,0.8554945648294789,0.32400632919433503,2.846851838467062,0.4681291262973362,0.08075305575073932,0.38737607054659684,0.09416782798004378,0.0,0.43770304572262003,0.0,0.0,0.0,0.0,1.0,0.21835619852072746,0.400917006347473,,0.1888484004682247
B001711,541.4159080528088,1.4593420702232045,7.344256821462422,0.9655347742666291,0.0,0.365,0.5764945114868084,38.341106495778895,0.719510778032807,0.0,0.0,0.21526186897880778,0.19392467759061166,0.330644745620978,2.9981297110721736,0.3594561096503971,0.22657110513534798,0.13288500451504912,0.1475061079722616,0.0,0.49303778237734136,0.0,0.0,0.0,0.0,1.0,,,,0.19003346509277597
B001712,16176.655077494146,3.705991999425921,8.147362278168515,3.7451638955543727,0.0,0.4294302051165684,1.041394008239636,23.23594705276698,1.456830972326009,0.0,1.3547971939139276,0.26677097001464883,0.13268292611828017,0.4949099370530554,2.8946252286676972,0.5131191272287856,0.1117474782175016,0.401371649011284,0.07198368751361933,0.0,0.41489718525759495,0.0,0.2,0.2,0.2,0.98,0.3610931258243411,,,0.27509512128729385
B001713,8312.024421517277,4.589742916354101,13.37821833379974,4.610527755021917,0.0,0.1130688614358991,0.01455119945041788,0.3244917477443187,1.568296926991428,0.6590191607295665,1.4513833916857684,0.5146502285580672,0.0,0.3963932083892701,2.4611640945581006,0.5813345490750487,0.4377493477380936,0.143585201336955,0.11213051317629871,0.0,0.30653493774865254,0.0,0.0,0.0,0.0,0.92,0.9115665034441564,,,0.1888484004682247
B001714,7222.21196891545,6.650287264194705,9.935987283378322,11.447922129753351,0.0,0.48516540791182466,3.96759050880309,143.62128637443675,1.302515304536026,0.6729299918512793,0.0,0.9466766171403569,2.4812271745370755,1.2469381761299687,2.1985056053044776,0.739534219296395,0.36643346801064886,0.37310075128574643,0.2435393456928747,0.0,0.01692643501073026,0.0,0.0,0.0,0.98,0.92,0.5928720952807328,0.3238151310875359,0.48760704465831173,0.18690117976449694
B001715,9815.896357617148,5.77066217379021,11.34290664510776,3.436089266970213,0.0,0.13621807173818565,0.013195701929413304,0.4776844098447616,3.0142466336223284,0.6076598199441517,1.59051200352125,0.0,0.0,0.5582437167024809,2.6997480184791005,0.465822925966343,0.3605213502296652,0.10530157573667782,0.0,0.0,0.5341770740336571,0.0,0.0,0.0,0.0,1.0,0.2789567725869618,0.3043319277532908,,0.18481989412312194
B001716,4732.541801335498,3.9536690069636578,12.828925331348598,4.202149677598131,0.0,0.41122135022181466,0.007789825637866137,0.21306631313525656,1.9186762654842704,0.4287722642012974,0.0,0.9850997528500277,0.2172731480290113,0.4038475763990523,2.720847122440382,0.5147099410434017,0.15709982887643711,0.3576101121669646,0.0,0.0,0.4852900589565987,0.0,0.0,0.0,0.0,0.5,,,,0.18861606020795307
B001717,475.25225567586943,1.0537744028289788,6.088330394851574,1.7932898388908451,0.2864359698886569,0.33015026824151367,0.48017188700376295,31.979447674450615,0.26409453785206966,0.0,0.0456439585667173,0.42673529085100936,0.1018388006719422,0.21546181488724034,2.46527202998824,0.6432460229773104,0.2382871535026019,0.40495886947470855,0.04331473458093197,0.0,0.3134392424417577,0.0,0.0,0.0,1.0,1.0,0.7901851792140228,,,0.19003346509277597
B001718,5939.713869456788,5.169463768021574,13.386085801955756,6.744692446048997,0.0,0.4340597017373856,0.017743082700317773,0.39567074421708637,1.8855784496778385,0.5449935042520562,0.8758035065790326,0.9904881234046526,0.0,0.8726001841079919,2.6752114633219186,0.6352468003853564,0.4436431509832974,0.191603649402059,0.0,0.0,0.36475319961464314,0.0,0.0,0.0,0.0,0.95,0.9597393562637356,,,0.1888484004682247
B001719,7619.827571578492,5.0529360554234035,9.875302383990725,5.586061220808264,0.04777047810660244,0.38517935834716394,1.3995449017088464,93.1970400071359,1.8304596653649674,1.0651706660852707,0.0,0.8255661502230761,0.6903725855191092,0.64136698823098,2.5788192015702402,0.5880864710848134,0.37728414657449144,0.21080232451032202,0.0,0.0,0.4119135289151866,0.0,0.0,0.0,0.0,0.98,0.26330177655686277,,,0.18690117976449694
B001720,10604.010202614636,6.6441166683049095,9.33615406837532,2.940780579953827,0.0,0.433,0.012410159656201545,0.3965019687745798,4.086752796452646,0.0,1.3998115560580215,0.0,0.0,1.1575523157942418,2.942773590736062,0.38490652701086825,0.38490652701086825,0.0,0.0,0.0,0.6150934729891316,0.0,0.5,0.5,0.5,0.5,0.2534366286844781,,,0.4014480571426785
B001721,814.0415532977311,1.7173872432441584,8.021532422870042,2.301298342193748,0.0,0.569586812456692,0.37016171274794646,13.345991957208044,1.0080246721757233,0.25909634146299204,0.0,0.0,0.03979466079825705,0.41047156880718594,3.0201505002304527,0.36594428179605715,0.36594428179605715,0.0,0.0,0.0,0.6340557182039429,0.0,0.0,0.0,0.0,0.6,0.9565378211040739,0.36521542369335064,0.46565486347286156,0.19003346509277597
B001722,1099.4738766537494,1.0501183158106489,8.19482695810281,1.1533381404253136,0.0,0.39859016489212856,0.2589451563286218,9.376076640764296,0.3566686780718243,0.2725843958241978,0.023180803939299395,0.0,0.12994411815400397,0.26774031982132346,2.9139673434014988,0.2770365199620802,0.2549620512186179,0.022074468743462257,0.38331729664905995,0.0,0.3396461833888598,0.0,0.3,0.3,0.3,1.0,0.8109222426522188,,,0.32150759030508125
B001723,20244.82737489542,5.065005597922297,9.627890577003914,2.314325006102072,0.0,0.4003664656970201,0.015119320884345117,0.37242883464650417,3.3486506670306535,0.690734055762414,0.11902997764360705,0.3138630094798683,0.02998875266711645,0.5627391353386353,2.5903379961906694,0.5564973860517872,0.3581566249567993,0.19834076109498783,0.0,0.0,0.4435026139482124,0.0,0.0,0.0,0.0,0.5,0.5441328563154862,,,0.18861606020795307
B001724,1090.5281335569873,3.0980912885141687,7.4835768772045945,2.254190451452375,0.04683986431214603,0.4155202601653901,1.1660257209857212,77.55113133433157,1.4543339077587343,0.6691932605486135,0.13699060426990733,0.25636284640654233,0.0,0.5812106695303707,2.794833945543185,0.49187319915452615,0.36490681435664624,0.12696638479787997,0.0,0.0,0.5081268008454737,0.0,0.0,0.0,0.0,1.0,0.7400830779785607,,,0.18861606020795307
B001725,1066.5477239053182,0.7138873653984728,5.261692125207182,0.6493414212061238,0.0,0.488,0.13743190089774973,3.0690950317551167,0.299435293327811,0.18441296362253914,0.0,0.0,0.0,0.23003910844812256,1.8861620461592696,0.9546100942765411,0.9546100942765411,0.0,0.0,0.0,0.04538990572345884,0.0,0.30000000000000004,0.30000000000000004,0.30000000000000004,1.0,1.1039718749389944,,,0.32150759030508125
B001726,20037.075876186915,12.44538874297324,31.122623442727026,2.901703894012664,0.0,0.37871899041257606,0.05650384100515009,3.712665305483726,10.948917988770303,0.0,0.10441163565233388,0.799783232926444,0.1892872381276356,0.40298864749652585,3.4263465864490823,0.1202429900028521,0.040770143354127195,0.07947284664872492,0.0,0.0,0.8797570099971481,0.0,0.0,0.0,0.0,1.0,,,,0.18861606020795307
B001727,7472.723738828185,7.916020909775619,15.162492875249846,11.375159415862612,0.008814659478816158,0.23084528167175683,0.015949863062679533,0.6174093261230799,1.584046093335849,0.4221968026012627,1.6473227400617467,0.7703213417140758,2.354047332885896,1.1380865991767886,2.233531666581181,0.7026223958076152,0.3972108627493541,0.3054115330582611,0.2973776041923848,0.0,0.0,0.0,1.0,1.0,1.0,1.0,,0.272734916949391,,0.6052750777176602
B001728,1680.4237834508897,3.8018637634635515,7.617987025402857,3.223755873574932,0.0,0.24,1.1484221215250519,76.43554433623241,1.5935113629607682,1.2569165627653889,0.0,0.2727584560243647,0.0,0.6786773817130298,2.968632159497696,0.4422970093395465,0.11169164287572551,0.33060536646382094,0.07174335352192576,0.0,0.4859596371385279,0.0,0.2,0.2,0.2,0.98,0.20524747004090485,0.3542176593149871,,0.27509512128729385
B001729,460.7399553566078,1.276287964976753,5.892238825895409,1.3276598296601847,0.0,0.365,0.4954569250596548,17.860792642064865,0.4226577073793994,0.43020896792459057,0.0690652134546011,0.07366591616914905,0.12806429251223678,0.1526258675367763,2.2534601246227552,0.6939845939463932,0.35690630148405944,0.3370782924623336,0.05771888334815635,0.0,0.24829652270545058,0.0,0.5,0.5,1.0,0.5,1.33673455734811,0.3437483375971435,,0.4064886165245276
B001730,7096.7043896435025,2.069010026135132,11.01519270778179,1.4527466771427142,0.0,0.2869789616301083,0.3459386428797938,22.796694248523103,0.9373320948753079,0.7375144509279449,0.0,0.1683228003740277,0.0,0.2258406799578516,2.9558867425355744,0.5330849430983197,0.09527302345573689,0.4378119196425828,0.0,0.0,0.4669150569016804,0.0,0.0,0.0,0.0,0.92,0.9657423477695398,,,0.19003346509277597
B001731,1350.327049862416,3.13300939643252,5.698946033360572,2.592652097808089,0.1453753282091761,0.33901881111147364,0.011535140303382681,0.7682403442052864,1.6579611333361945,0.0,0.565589617891634,0.0,0.2640725058764569,0.6453861393282341,1.5160421384362768,0.9724423667787568,0.8881551935014759,0.08428717327728086,0.0,0.0,0.027557633221243206,0.0,1.0,1.0,1.0,1.0,,0.32067728092880854,,0.6052750777176602
B001732,98999.75314234222,195.65168605205972,335.86167948262664,278.29187387085847,7.430663812607974e-05,0.24222371855938207,0.04336433961444307,1.7636329258042671,9.893093941669397,0.5583387010086506,183.79884130248226,0.07491721728303574,0.0913410020971299,1.2351538875192265,1.7758593985667788,0.9481417162669927,0.944905066836212,0.0032366494307807156,0.00046685517482750215,0.0,0.05139142855817978,0.0,0.0,0.0,0.0,0.5,0.16946904726450335,0.22816403117762593,,0.18861606020795307
B001733,2777.7060186754397,6.979160850943316,18.835356882523378,13.382820827425395,0.0,0.33149135941090774,0.02506675279746556,0.7562893488669528,1.7865770742906488,0.0,1.175618738636205,1.9160716996966107,1.2888393659325235,0.812053972387328,2.6829872740242293,0.46947077835484996,0.11635409897130675,0.35311667938354335,0.27454184544802845,0.0,0.2559873761971214,0.0,0.0,0.0,0.0,0.95,,0.3779831843627721,,0.1888484004682247
B001734,15571.904377931562,4.718758902403503,7.7711845510183375,9.151036380712332,0.11110683973542129,0.38816697216002705,1.6502801378333327,109.67114546165357,1.0011904596891994,0.7920170462128027,0.0,1.734664177056267,0.5215633840829932,0.6693238353622416,2.418640153645966,0.6772978074814171,0.14184319419695737,0.5354546132844598,0.11052978015412793,0.0,0.21217241236445503,0.0,0.0,0.0,0.98,0.98,,,,0.18690117976449694
B001735,1970.3042220244831,2.351198355637808,6.702562435049138,1.7428912881791985,0.5433203202588921,0.2991327153644419,1.0052305641203065,66.94835557041242,1.2565382051503833,0.21161505521039017,0.05324644804383413,0.0,0.13950745167728104,0.6902911955559196,3.161426419688178,0.38659729713025315,0.2739477188336678,0.11264957829658549,0.0,0.0,0.6134027028697469,0.0,0.0,0.0,0.0,1.0,,0.3036238928669043,0.4095867927815503,0.18861606020795307
B001736,7857.421127479083,3.6837417381524067,8.16295666444107,4.780040693883538,0.20138683604359656,0.3881757462660498,0.6762322317635492,15.202332632448094,1.2633271786833093,0.7507315295737383,0.19065626232004892,0.265797267158143,0.6551244419427493,0.558105058474417,2.0236988994286045,0.8882086737429018,0.5605024595560737,0.3277062141868279,0.0,0.0,0.1117913262570982,0.0,0.28,0.28,0.28,0.7,0.4713620688485045,,,0.30976336009743166
B001737,10312.426892182564,3.1440325890800502,4.601149231460626,4.0082302897174245,0.3500152902265515,0.3649999999999999,1.8906910150320768,68.3899334187828,1.160446238385711,0.8744614296556626,0.24417496628046867,0.2569558800913107,0.0,0.6079940746668969,2.7067814435397137,0.49046328530330446,0.13466659292123007,0.35579669238207434,0.08172812234318999,0.0,0.4278085923535056,0.0,0.0,0.0,0.98,0.98,,,,0.18690117976449694
B001738,18468.372414705977,11.199740700246196,23.279648272064463,15.165413959132891,0.0,0.06908444907192379,0.013873465604366426,0.5529669301019929,2.7879393890535384,0.2378144756096626,2.2809206624400757,2.395077455441489,2.79659210219202,0.7013966155094112,2.4145363418156984,0.47622683469047694,0.26237568228041797,0.21385115241005892,0.24970150444023625,0.0,0.274071660869287,0.0,0.5,0.5,0.5,0.5,,,,0.4014480571426785
B001739,1424.0116577351262,4.2130522418198995,10.379552673331672,6.8269292515145255,0.3647519439878094,0.6473477726428787,0.01708965494051482,0.6105930951628008,1.8161379063903043,0.15831377227563598,1.1789198644014416,0.25946491159799423,0.0,0.8002157871545235,3.024283847571,0.19754570394488347,0.19754570394488347,0.0,0.31740257654612813,0.0,0.48505171950898834,0.0,0.0,0.0,0.0,0.95,,,,0.1888484004682247
B001740,4327.870752755846,2.6518815886984353,5.695714670557144,4.87413478925677,0.0,0.809,1.3129843743958565,87.35581501453075,0.7960475945526965,0.1531328831486529,0.0,0.9011159587624246,0.0,0.8015851522346614,2.7101261729468646,0.6740966257173387,0.3342941388330359,0.339802486884303,0.0,0.0,0.3259033742826612,0.0,0.0,0.0,0.9799999999999999,0.98,0.3147008418308793,0.33802278213785075,,0.18690117976449694
B001741,2686.3619624734365,1.3239832244817331,7.252633194701859,1.3788305407334895,0.3768181594710033,0.24198805903973483,0.2863498300071128,6.385601209158617,0.7415390667673567,0.0,0.04339274865749904,0.2563056487975679,0.037113263108212016,0.24563249715109722,2.518440857815081,0.6424251510335636,0.41606397672761075,0.22636117430595273,0.028031520658231772,0.0,0.3295433283082046,0.0,0.0,0.0,0.0,0.6,0.8409925009877249,,,0.19003346509277597
B001742,11917.949006880654,10.824658498529203,20.66898914179117,2.0181555287351,0.0,0.2570778495790162,0.03782624834218375,1.5895099140951623,8.903655984424493,0.4717768072477026,0.15338408147811716,0.36464041715144907,0.24542367414453123,0.6857775340829089,3.398514136282743,0.17746541513210087,0.14377932543227392,0.03368608969982697,0.0,0.0,0.822534584867899,0.0,0.0,0.0,0.0,0.5,0.15454067921350867,,,0.18861606020795307
B001743,765.5497220611954,2.271660896324022,12.62543788353197,4.622182395115979,0.012117248542887211,0.5934694745976362,0.35818340917387065,8.01380338940643,0.4916857364376543,0.19515201392120776,0.05789836659606524,0.5778877129122637,0.6792251668304934,0.2698118996263374,2.3460626190878084,0.6529123407311784,0.09952302026657739,0.5533893204646011,0.11139443432193444,0.0,0.23569322494688702,0.0,0.3,0.3,0.3,1.0,0.8803890433432879,0.37490328699811176,,0.32150759030508125
B001744,3202.5973055896866,9.28289074083967,18.88403821799171,13.555118263257357,0.0,0.42682532531100614,0.008455280973959152,0.2448769258370888,2.8394600285683724,0.3193525685708289,1.0085611079290502,2.347903285930368,1.8741144920954798,0.8934992577455717,2.2657468549541098,0.6827229635048426,0.42979493155021986,0.25292803195462277,0.0,0.0,0.3172770364951573,0.0,0.5,0.5,0.5,0.5,,,,0.4014480571426785
B001745,4357.666893060131,2.185389615376194,11.851191992444727,3.022342558777327,0.0,0.41124042595986005,0.518013313741589,18.704845117798705,0.6455425181529633,0.46854216293704537,0.034548738920982376,0.3663412938345132,0.35119544810614983,0.3192194534245396,2.4457233254085207,0.5369778437364402,0.37627631681640183,0.1607015269200384,0.16763202829233315,0.0,0.29539012797122643,0.0,0.0,0.0,0.0,1.0,0.5491723459120539,,,0.19003346509277597
B001746,5835.835504319649,5.009300862076952,8.671207213841424,5.6920510784862,0.07636287265319704,0.3932010760722473,1.3541489220119476,30.19326081290846,1.9763425330318054,0.8899158253127653,0.0,0.6778989891807733,0.8095244991950072,0.6556190153566014,2.6087828315641977,0.4192315900217146,0.4192315900217146,0.0,0.2039242407546353,0.0,0.37684416922365016,0.0,0.19999999999999998,0.19999999999999998,0.19999999999999998,0.98,0.3570859332899808,,,0.27509512128729385
B001747,2479.472164324555,5.974631721263988,12.38123115444191,10.17656878864046,0.02717527704878726,0.27324622025674605,0.010537404414152109,0.7017911339825303,1.300914125203964,0.5499029050512599,1.0544306795310274,0.6635394047381672,1.874683145686494,0.5311614610530776,2.4796624636251874,0.7348797704193927,0.421105929093841,0.31377384132555164,0.0,0.0,0.265120229580608,0.0,1.0,1.0,1.0,1.0,0.2109570751789712,,,0.6052750777176602
B001748,5807.466579316658,6.126019598435293,11.596998792969597,8.415612546889351,0.0,0.3680697458472218,1.0825278304106538,71.87391016412333,1.8637760926003666,0.22354385502770607,1.7109340839996627,0.8580851807850467,0.6093745592873211,0.8603058267351905,2.3649452133927635,0.5597966242869705,0.5597966242869705,0.0,0.13596404662625813,0.0,0.3042393290867714,0.0,0.28,0.28,0.28,0.7,0.33421240715979617,,,0.30976336009743166
B001749,5869.047179974555,7.045674885923835,18.499559746640635,10.676390675849632,0.014705208456323511,0.3214117091451394,0.018631127257115333,0.40724165924795913,1.7148382811738752,1.676995353089038,1.1071229732633507,0.7464067699194034,1.312824156769016,0.48748735170915036,2.7558767032224645,0.46389087443648763,0.06873805069285663,0.395152823743631,0.29226879752888446,0.0,0.2438403280346277,0.0,0.0,0.0,0.0,0.95,0.9988542966708956,,,0.1888484004682247
B001750,1607.7984060146657,2.923269829117574,11.498166776495578,6.0447711947555645,0.18698394707629984,0.2548233792586972,0.010519821532806437,0.2421885666441764,0.31227076898950185,1.1255513941183815,0.5146857876097293,0.6282658844600842,0.0,0.34249599393987695,2.162426089752279,0.8436052652069952,0.45262128532073626,0.39098397988625905,0.0,0.0,0.15639473479300467,0.0,0.0,0.0,0.0,1.0,0.9365458978779683,,,0.1888484004682247
B001751,17376.24107007231,5.505779806740275,14.84136548077354,11.375522070890352,0.0,0.3944193405387633,0.014763409649701856,0.27934851066848704,0.46592545651933126,0.922162512093528,1.1459715692889239,1.3402421680835321,1.2382220538924986,0.39325604686245935,2.1909551413621906,0.6294829617513088,0.42134322323761014,0.20813973851369877,0.24342458564049066,0.0,0.12709245260820015,0.0,0.0,0.0,0.0,1.0,,,,0.1888484004682247
B001752,4225.543472324655,4.0052544761371145,7.100812021108989,2.107539255787881,0.0,0.24,1.1254506349487365,25.159326307314817,1.939024915844084,1.4141588406336683,0.0,0.0,0.0,0.6520707196593626,3.0005100354959007,0.4996174733780753,0.14654157044629448,0.3530759029317808,0.0,0.0,0.500382526621925,0.0,0.28,0.28,0.28,0.62,,0.3114195444507294,,0.30976336009743166
B001753,5199.245701621101,8.827242277794738,12.135599265503313,14.837929962735345,0.1550848767886555,0.312561244912482,0.010079605795498428,0.6713017459801952,2.4432710040749464,0.5816099884306994,0.3061680506575807,1.3705158330533813,3.234900008258618,0.8907773933195123,2.096372155764072,0.8447402042537153,0.377699885476281,0.46704031877743407,0.15525979574628485,0.0,0.0,0.0,1.0,1.0,1.0,1.0,0.25952322752246826,,,0.6052750777176602
B001754,2472.9545649660627,1.9626623531476688,5.872488434639043,1.214029063374326,0.0,0.6752770619919304,0.917032418883826,60.94537274581673,1.1406726511376186,0.11887555799021819,0.0,0.19144553737232592,0.0,0.511668606647505,3.1384009604378065,0.34742738137102913,0.28685885933280464,0.06056852203822453,0.0,0.0,0.6525726186289703,0.0,0.0,0.0,0.0,1.0,,,,0.18861606020795307
B001755,1033.7318755111985,1.6781361615441535,6.813874828683624,3.194308275796956,0.12478244860857866,0.6550994474903263,0.7083718418441586,25.60170314924189,0.3882820340006732,0.12873531543915775,0.0,0.3753373148632295,0.11151384827901131,0.6742676489620817,2.471187432234239,0.7603165461725456,0.6836032743956589,0.0767132717768865,0.0,0.0,0.23968345382745454,0.0,0.0,0.0,1.0,1.0,1.1242715964781758,0.36933879614569404,,0.19003346509277597
B001756,7221.108510889606,11.14368597359507,22.196655031744516,9.52272507497615,0.0,0.365,0.006795731926358605,0.015698140749888376,5.708990369352098,0.0,1.0503519032300295,0.5165224980713902,2.627261320484462,1.2405598824570925,1.7267708109687974,0.9536488645412939,0.9536488645412939,0.0,0.04635113545870627,0.0,0.0,0.0,0.0,0.0,0.0,1.0,,0.2636451272421871,,0.18481989412312194
B001757,3086.365043191034,5.067922895223373,10.21471052879465,4.521523341118524,0.0,0.26330537262407844,1.1530302128475811,76.73527672721278,1.610838214899497,0.0,0.0,0.14111192251441987,2.726519759269829,0.5894529985396261,2.8297980918342476,0.6067683308732094,0.068772821541441,0.5379955093317684,0.02784413366813866,0.0,0.36538753545865166,0.0,0.2,0.2,0.2,0.98,0.40168373929574025,,,0.27509512128729385
B001758,4021.065205020617,4.781290374578617,13.207030265156563,4.768493156963156,0.0,0.3489518802794146,0.01605979479977961,0.5946112471919341,1.794288133053023,1.3933954144648104,0.0,0.0,1.2813434024979946,0.3122634245627899,2.347457329691368,0.6674657016633049,0.39947457330375175,0.26799112835955324,0.0,0.0,0.3325342983366951,0.0,0.0,0.0,0.0,0.95,0.6576810417670117,,,0.1888484004682247
B001759,12323.934717891938,10.488455079056969,15.292970899062018,16.27430819808745,0.04047427683860569,0.4164942242122216,0.012101539398174559,0.4982429545217238,4.063949797894441,0.7975243697831013,0.0,2.4679776807085045,2.2433449111273958,0.9156583195435257,2.753232967889161,0.5745747764995149,0.3392705622843548,0.23530421421516007,0.0,0.0,0.42542522350048506,0.0,0.5,0.5,0.5,0.5,0.300115388482069,,,0.4014480571426785
B001760,1622.450303252371,0.8181796788968083,6.284173948837846,1.5372517555367033,0.0,0.34825850519128226,0.3452018650604951,22.990444213028972,0.1898610257832723,0.16103495661326767,0.031647613392548825,0.26784128046779676,0.0,0.16779480263992266,2.2684833675859526,0.6756947618817442,0.4788737447301095,0.19682101715163466,0.038680517505911234,0.0,0.2856247206123444,0.0,0.0,0.0,1.0,1.0,,0.2377437350576543,,0.19003346509277597
B001761,370.8264153612432,1.1069445234663977,8.300182781338222,1.1404579384025477,0.15170633908715261,0.2963360145949476,0.37116443202598526,8.32722646087931,0.45992832635461,0.3864341410854859,0.022790271422963596,0.07109573457268746,0.038705335303299865,0.12799071472735074,2.8395596130425305,0.4798645009366853,0.3950490436076703,0.08481545732901495,0.03496592149179625,0.0,0.48516957757151824,0.0,0.0,0.0,0.0,1.0,1.0008565963023421,0.36307463184962396,,0.19003346509277597
B001762,19659.41812925754,5.618581917478577,12.088217540460226,6.754286216961106,0.0,0.06465500905942118,1.2826113685823946,46.403316887629366,0.7793970104257575,0.0,1.2553443510082163,0.27660772080186213,2.4356143205160263,0.8716185147267155,2.4274042806044633,0.861282255581045,0.15513140638125061,0.7061508491997941,0.0,0.0,0.13871774441895537,0.0,0.0,0.0,0.9800000000000001,0.98,0.22792354134565565,,,0.18690117976449694
B001763,9182.935902707135,13.231896113410857,23.707306625170897,7.560541053386008,0.0,0.37141080938131465,0.08466256490504799,3.8994133383176317,9.76713710213723,0.9626903559858581,0.0,1.666674510292511,0.0,0.8353941449952575,1.7391274143963487,0.9772218781334508,0.9044665944058113,0.07275528372763955,0.0,0.0,0.022778121866549154,0.0,0.0,0.0,0.0,1.0,,,,0.18861606020795307
B001764,3488.186633970134,3.6602168247325646,12.817625491615614,8.5219043410906,0.11448125763286841,0.44279438305306645,0.014582446623458499,0.30000913285662195,0.34057862943464173,0.0,0.8303884135064514,0.9870984542575535,1.1083449651278297,0.39380636240608835,2.1513337910959085,0.8906460380259694,0.6209629832988286,0.2696830547271407,0.0,0.0,0.10935396197403065,0.0,0.0,0.0,0.0,1.0,0.8574282417856419,,,0.1888484004682247
B001765,3211.131336218091,2.556633229473002,7.562034956673383,1.525712984437888,0.019633157125206246,0.3912241981944726,0.9217276210214127,33.2839617293361,1.1460876033621301,0.531988836937379,0.0,0.019736801319251575,0.2241207408445926,0.6346992470096491,3.02794979541422,0.3472912610408034,0.1392094639317837,0.20808179710901964,0.0077198407232311195,0.0,0.6449888982359655,0.0,0.0,0.0,0.0,1.0,0.7008368844477622,,,0.18861606020795307
B001766,1437.2645780254666,4.422352547770666,9.061911326049776,5.179860514374065,0.0,0.08880555734771294,0.5298466318671534,35.15530495243337,1.4837097428467148,1.1901711227511287,0.12820445440980932,0.809088357311793,0.2169531421354645,0.5942257283157563,1.862307312188891,1.0,0.5189293681379614,0.48107063186203874,0.0,0.0,0.0,0.0,0.0,0.0,0.0,1.0,1.0895066642185764,0.2218704882639395,,0.18861606020795307
B001767,17732.77896553796,8.428126884761388,11.191556552369946,7.68521406964702,0.0,0.4560468410992776,0.013108958890734327,0.5397202945443881,4.402262314052573,0.3440657938721117,0.9197333458928594,0.0,1.6600821626176976,1.101983268326145,2.723069863228734,0.4747896661942717,0.4747896661942717,0.0,0.0,0.0,0.5252103338057281,0.0,0.5,0.5,0.5,0.5,,,,0.4014480571426785
B001768,6286.273025099623,1.53323732319503,7.731562354714657,3.572585223849967,0.016029350047801177,0.809,0.3670377412494718,13.286766233230884,0.8026535348246634,0.0,0.0,0.3756169730077148,0.20632459141649753,0.14864222394615423,2.545325251193775,0.6685351153687977,0.28898424244096166,0.37955087292783607,0.0,0.0,0.3314648846312023,0.0,0.0,0.0,0.0,0.6,0.929181507615491,0.39574223895519045,0.2737863918397111,0.19003346509277597
B001769,8529.516121043514,9.1813951787336,11.828903425060561,20.22412087285162,0.02805066739929115,0.42793151323913364,0.031094175561582362,1.920653221752254,1.0719045444157849,0.4046229998230433,1.8677370641191382,2.6210140906320865,2.031863225727509,1.1842532540160384,1.9920240049226876,1.0,0.7145298683251312,0.28547013167486884,0.0,0.0,0.0,0.0,1.0,1.0,1.0,1.0,,0.1563170580507805,,0.6052750777176602
B001770,3228.8978205888493,1.877266174760959,13.594618543452254,3.12135638987395,0.01957199465676468,0.46659939711623394,0.23764189433647007,8.546118979297313,0.6448924348682173,0.25480755558183077,0.032668771774312495,0.3796395342228391,0.21838757414726614,0.34687030416649295,2.5134359275261766,0.6564725644458305,0.4542425667358999,0.2022299977099307,0.0,0.0,0.34352743555416937,0.0,0.0,0.0,0.0,0.6,0.8554271170645744,,,0.19003346509277597
B001771,20219.841903017794,6.130940540636081,9.847704974711172,6.272951164483999,0.39547915897887453,0.33250134779792373,2.4408069771105216,88.35413288017926,3.424818793150812,0.8500045596321091,0.23171149997187637,0.5807915657007812,0.4780702227286038,0.5655438994518979,1.9850726564970425,0.9550947168089182,0.778659135280385,0.176435581528533,0.0,0.0,0.04490528319108188,0.0,0.0,0.0,0.0,0.98,,,,0.18690117976449694
B001772,789.1841664278331,1.1146669017342277,5.973901189264662,2.55553830450512,0.12595863283637387,0.3510723096574497,0.5962009349618542,21.554264406411345,0.3784735925878881,0.3727126932068925,0.0,0.006117603335166042,0.0,0.3573630126042811,2.432435869624091,0.811407178052533,0.4770358132734979,0.3343713647790353,0.0,0.0,0.18859282194746696,0.0,0.3,0.3,0.3,1.0,,0.3901836269272218,,0.32150759030508125
B001773,1732.2584832610328,3.9280237715669677,11.474596954135134,3.4287014549123596,0.12243009483180672,0.42320467761953073,0.008860148085087274,0.28858331588073177,2.182302484011644,0.538770942652195,0.0,0.3866524811782318,0.2133564442324882,0.6069414194924079,3.1001019153642204,0.40152758766014496,0.24877674899315683,0.1527508386669881,0.0,0.0,0.5984724123398548,0.0,0.0,0.0,0.0,0.5,0.37135972250826726,0.1933759597803077,,0.18861606020795307
B001774,6283.879087153023,3.8527768774696645,7.829308517106972,4.640060516996714,0.5106711157684519,0.1672773833098007,1.0132422449545806,67.41287051008975,1.7440411131001718,0.2926237512694386,0.3345782815411538,0.17866536119990153,0.7296664954866556,0.5732018748723439,2.9292945595011943,0.5463803393533584,0.33721499714964565,0.2091653422037127,0.0,0.0,0.45361966064664194,0.0,0.28,0.28,0.28,0.7,0.1604179081017219,,,0.30976336009743166
B001775,216.09068183646193,0.552661590374583,4.535454757380866,0.057928646027121965,0.0,0.36499999999999994,0.3899484545379589,8.695850536196483,0.3970636836828866,0.0,0.030586325102320396,0.0,0.0,0.125011581589376,1.8969530192367188,0.9680566492202193,0.9127129712172128,0.055343678003006505,0.0,0.0,0.031943350779780735,0.0,0.0,0.0,0.0,1.0,0.7577224930258557,,,0.19003346509277597
B001776,1789.3619011361573,3.2832328461213893,5.157508477873513,2.8950748586724755,0.0,0.4605735821004954,1.8049690387549704,65.34902133958124,1.096624988784597,0.6388676391272005,0.0,0.0,0.3408456047482153,1.2068946134613767,2.6998032584091276,0.6278550903417123,0.5240410690026928,0.1038140213390194,0.0,0.0,0.3721449096582879,0.0,0.0,0.0,0.98,0.98,,0.3216531586086214,0.7962295905694304,0.18690117976449694
B001777,2527.0997463083404,5.863340478673644,10.816260574869418,12.593046244531129,0.0,0.273010175884955,0.6549123194297748,43.43462828106076,2.347181004025542,0.0,1.6119705302759497,0.6401721082070785,0.6359388323506947,0.628078003814379,2.200070713498242,0.8643544715211839,0.4802487477150014,0.38410572380618246,0.0,0.0,0.13564552847881606,0.0,0.28,0.28,0.28,0.7,0.3815416171930984,,,0.30976336009743166
B001778,7912.902337940605,6.959456761601236,12.061460623366035,10.637298748409357,0.014460238487769618,0.30271492972363906,1.1130050439288197,73.64379721051694,1.8940626905041558,1.3690450989174914,1.2343702515155854,1.3211063454612142,0.0,1.1408723752027878,2.4366270592201533,0.7385931162864426,0.35204693365598183,0.38654618263046064,0.0,0.0,0.26140688371355736,0.0,0.28,0.28,0.28,0.7,0.40986218367300353,0.35799619633376706,,0.30976336009743166
B001779,1321.0501810517499,1.0434835553331359,5.552751897839543,1.2734974830786658,0.0,0.4817494614902001,0.2725858497366948,9.925362433991111,0.3396968001394135,0.23608146313472722,0.035423822538147645,0.10078139293495468,0.0,0.33150007658589264,2.1725846741451735,0.7612802701235057,0.7612802701235057,0.0,0.09658167818732885,0.0,0.14213805168916532,0.0,0.5,0.5,1.0,0.5,0.7751341668718396,0.47821620431617634,0.32824425458500783,0.4064886165245276
B001780,3505.1313632361357,5.746116988911698,9.95311927057126,7.931663694284946,0.01636638473279021,0.4815238811205482,0.6589256012358928,14.799360541168792,2.018933394342752,0.598760073544645,0.0,0.8040580748388167,0.8470695468245499,1.4772958993609353,1.8682445714611957,0.9840722526752597,0.6967255758064188,0.2873466768688409,0.0,0.0,0.01592774732474036,0.0,0.2800000000000001,0.2800000000000001,0.2800000000000001,0.7,,0.3651094640683743,,0.30976336009743166
B001781,4154.706366231442,7.366500649346529,12.518778960118054,13.255464170338064,0.04406759774387321,0.3435907811618474,1.767676744546928,117.52332903451787,2.306012868652039,0.0,0.6413277471441644,2.7611427990224247,0.7055946916652793,0.9524225428626237,2.9381690379811736,0.574784254019228,0.10417579883701975,0.47060845518220823,0.08706002723301948,0.0,0.3381557187477528,0.0,0.0,0.0,0.0,0.98,0.3754120686792028,0.6105916377490594,,0.18690117976449694
B001782,56720.25021290023,13.750363687975813,27.806751193091426,3.5319229700315216,0.0,0.453,0.030673558656971245,1.8400291795809893,12.169409877530965,0.0,0.0,0.9092370342927153,0.0,0.6717167761521315,1.734220775323031,0.9241966028760336,0.9241966028760336,0.0,0.06612458076929337,0.0,0.009678816354673103,0.0,0.0,0.0,0.0,,0.08481881625702954,,,0.18861606020795307
B001783,200793.08396061865,637.4383617797417,1371.5244628589069,3092.8771534252924,0.0,0.41263407824673937,0.09469471020837335,4.111838149126495,11.810117056244557,0.0,0.08775352288843291,624.7104308386124,0.0,0.830060361996334,2.0005308195612943,1.0,0.01996731245605091,0.9800326875439491,0.0,0.0,0.0,0.0,0.0,0.0,0.0,1.0,0.1575432273511955,,,0.18861606020795307
B001784,1173.6934760422969,1.3840724953328973,8.92231425646264,2.957084983994584,0.0,0.3716021402814471,0.3077522967120327,20.490545750576576,0.4216286036611748,0.0,0.023969868117620658,0.5753019468295407,0.14578280819494688,0.2173892685296143,2.678140963502012,0.2892976497590451,0.2892976497590451,0.0,0.43297718650425493,0.0,0.2777251637367001,0.0,0.3,0.3,0.3,1.0,0.616706361923999,,,0.32150759030508125
B001785,14119.433417521435,8.114616906621514,23.183408352340034,5.372827231535495,0.09373109931491815,0.4665873342559929,0.024141967822707153,1.1201873069736117,5.8936087813118725,0.14304857748167168,0.0585716976255522,0.6660101809728366,0.6338419661484168,0.7195357030811633,3.238553704603003,0.24348238307178827,0.08329587493724207,0.16018650813454618,0.0072180484056810846,0.0,0.7492995685225305,0.0,0.0,0.0,0.0,0.5,0.14193157469652026,,,0.18861606020795307
B001786,10150.093427963317,10.573013987461788,15.050180387600742,16.42539559165749,0.0,0.3030950520725878,0.01512475717644792,0.33728208503478857,1.8672539724009778,0.3409922649705652,1.459632811157349,1.2580639183838942,4.180994156683364,1.466076863865637,2.5429315628022713,0.6651115677098519,0.2696714253207965,0.39544014238905545,0.1189882014604155,0.0,0.21590023082973253,0.0,1.0,1.0,1.0,1.0,,,,0.6052750777176602
B001787,2102.4908632599395,1.2703872285558546,6.100340254326511,1.8378653463192418,0.0,0.2478843960081956,1.2706498500873105,45.99752457316064,0.4372644514958619,0.0,0.0,0.3974295736297894,0.13645378371446856,0.2992394197157349,2.0919525173431666,0.791620965995576,0.7015865034070481,0.09003446258852783,0.1074111740477633,0.0,0.10096785995666102,0.0,0.0,0.0,0.0,1.0,1.0042073031255767,0.4368920817715581,0.25904710645848533,0.19003346509277597
B001788,15368.08754477615,8.96098399112312,14.275844678891001,14.337727676806734,0.0,0.021,0.022722977101327257,0.5264807650871446,3.578622565314777,0.0,1.8941688083005965,2.6680135860697742,0.0,0.8201790314379712,2.865686059689707,0.5694798467068806,0.2717431708337012,0.2977366758731795,0.0,0.0,0.4305201532931194,0.0,0.0,0.0,0.0,1.0,0.2122847452280029,0.2157919064086139,,0.18481989412312194
B001789,7321.16236267288,2.3087866170523115,7.929673740176909,3.5323199811327104,0.0,0.09840108082450234,0.008653679826102198,0.026289072723138806,0.27046875061119513,0.0,0.9416661746334846,0.6619955382091832,0.0,0.4346561535984483,2.0031108205957886,1.0,0.7132712337641794,0.2867287662358206,0.0,0.0,0.0,0.0,0.0,0.0,0.0,1.0,0.9679147229796683,,,0.1888484004682247
B001790,2153.7371728356784,2.8227223759314266,4.736834762373596,3.55242322894731,0.6880108582042467,0.021,1.7416923492975007,63.02784700691792,1.0584346277778747,0.0,0.48185592371689445,0.2692866174121134,0.0,1.013145207024544,2.763970913568047,0.6242987281499582,0.4535926297303805,0.17070609841957776,0.0,0.0,0.3757012718500417,0.0,0.0,0.0,0.98,0.98,0.28134540883740106,,,0.18690117976449694
B001791,526.7681845718527,1.266269674451569,7.90335175416941,1.8103509488164065,0.0,0.11721325404338329,0.45474559895517347,16.468825657730388,0.24972315576992457,0.0,0.0,0.28400239022917695,0.5669006225145782,0.16564350593788932,2.6142926349078124,0.5785056242223744,0.13081218738783332,0.4476934368345409,0.22428270688246604,0.0,0.1972116688951598,0.0,0.0,0.0,1.0,1.0,0.9817033197215631,,,0.19003346509277597
B001792,10791.288747909432,6.774192559892926,10.134538747925331,9.576362431604892,0.03036505952087143,0.4160566854415728,1.8140739139029716,120.8009253032801,2.372620646422781,0.6282268553645749,0.0,2.0829320346419395,0.7209603924367582,0.969452631026872,2.588877256674649,0.5433284466734383,0.3597554195405802,0.18357302713285817,0.10642750203253062,0.0,0.35024405129403097,0.0,0.0,0.0,0.0,0.98,0.28891029117864575,0.3373521883403747,0.7647020655069208,0.18690117976449694
B001793,2885.789647432672,7.073013841746746,14.399777662809095,7.378586505756713,0.0,0.2856551370155488,1.358192387175966,30.403338510433265,1.770046161454436,0.0,3.4410484753477983,0.515585799317013,0.31247239244154124,1.0338610131859574,2.603671593482857,0.7497465435445398,0.14616979922813725,0.6035767443164027,0.0,0.0,0.25025345645546015,0.0,0.0,0.0,0.0,0.98,0.25507829294854395,,,0.18690117976449694
B001794,34129.720853290004,11.900181608539054,37.06983955529598,0.7635147907864269,0.0,0.4129368373044434,0.07357858823430108,3.9555386540600197,11.07539118317883,0.1190482305811753,0.07291929835461253,0.1111566628845078,0.0,0.5216662335399261,1.7018973397921278,0.9906592465105956,0.9906592465105956,0.0,0.009340753489404448,0.0,0.0,0.0,0.0,0.0,0.0,1.0,0.1711797812200171,0.27360687237576364,0.6288604495681364,0.18861606020795307
B001795,17935.514081089255,7.2320621294714735,9.874258825436993,11.228961378851091,0.0473264437410318,0.7004370798769934,0.02603129481078714,0.5949849576048263,4.135189943670244,0.0,0.0,1.866665653865837,0.41952631804978147,0.8106802138856112,1.6339967673438063,0.9843015166461526,0.9843015166461526,0.0,0.0,0.0,0.015698483353847208,0.0,0.0,0.0,0.0,1.0,0.19480173488340566,0.298759129523403,,0.18481989412312194
B001796,8194.714697728876,4.555149915357908,17.173665161282752,7.576921549234085,0.0,0.12608306253007534,0.011731589035679783,0.26161443549565916,1.1731589035679784,0.0,0.5946729267908563,0.1272320493266164,2.3759809882324103,0.2841050474400461,2.083676242744255,0.7424543812240697,0.7424543812240697,0.0,0.0,0.0,0.2575456187759302,0.0,0.0,0.0,0.0,1.0,,0.4698128747243273,0.40614557581488886,0.1888484004682247
B001797,19970.37957394545,6.843858661393232,14.189222328541845,12.134321093842464,0.1409221593161152,0.2945400323604305,0.013049152824843318,0.8123116244336681,1.2674943350635854,1.348007954134141,0.38150687995722266,0.991023475894052,2.253347864139097,0.6024781522051333,2.2424400880026627,0.7627653341261893,0.36525006611923944,0.39751526800694986,0.0,0.0,0.2372346658738106,0.0,1.0,1.0,1.0,1.0,,0.3194177334159112,,0.6052750777176602
B001798,1023.3007579890337,2.4021144553733187,10.817936961537301,3.9342232145161318,0.0,0.5477390321990312,0.6338006923684069,22.943585063736332,0.7922508654605086,0.6877304178408302,0.0,0.516845878101008,0.08121904924742475,0.32406824472354745,2.634769253659122,0.6223191382948582,0.37334477072856076,0.24897436756629732,0.0,0.0,0.37768086170514203,0.0,0.0,0.0,0.0,1.0,0.6039607429462691,,,0.19003346509277597
B001799,253.18973435045223,0.8439657811681741,4.059548168595595,0.5444750564938841,0.0,0.44817388063848757,0.5765138816064643,38.228374865359804,0.31555303336724755,0.0,0.028480150172463296,0.06371363747637979,0.14607438672369974,0.29014457342838373,2.68394099641716,0.5506136868266557,0.516868064897479,0.03374562192917648,0.07549315256382864,0.0,0.3738931606095158,0.0,0.0,0.0,1.0,1.0,0.7727136419575076,0.3415098490869577,,0.19003346509277597
B001800,12020.812383897879,4.291614560477643,7.984467814211547,5.195261692036338,0.38627431051574246,0.3961067055427943,1.012197568071831,67.32489968435317,2.4724439096747335,0.235115970247186,0.44655176541191144,0.25228787660432583,0.0,0.8852150385394875,1.9924630006285504,0.9784899720918335,0.8196528430689445,0.1588371290228892,0.0,0.0,0.021510027908166564,0.0,0.0,0.0,0.0,0.98,,0.37184355374766226,,0.18690117976449694
B001801,4724.212919294358,1.0094472049774268,5.555074658689314,1.4651854491511185,0.24241973968361943,0.2688953525776151,0.3717220946678195,24.68542159672362,0.4207121462648975,0.0,0.07803157013684138,0.2672209436952806,0.0,0.2434825448804076,2.183556289157358,0.7355029618875296,0.6582016728730276,0.07730128901450206,0.0,0.0,0.2644970381124708,0.0,0.5,0.5,1.0,0.5,1.1153865487123202,0.2849344392299293,0.18479700128019944,0.4064886165245276
B001802,6488.909618215173,7.697401682343029,19.36948598074307,2.3121878354825753,0.025837672624236745,0.4744558111142469,0.02531151358461982,1.0674972943423955,6.179121761163969,0.6366040099271013,0.0,0.24636568503030828,0.10714949080632095,0.5281607354153275,3.3720623686386757,0.15211653507672152,0.055492566180891545,0.09662396889583,0.03200634385437405,0.0,0.8158771210689041,0.0,0.0,0.0,0.0,0.5,0.22698898126509592,0.10650023709201223,,0.18861606020795307
B001803,862.0098394509039,1.6935360303554103,9.564477124673994,2.148705228302191,0.0,0.4072903307004345,0.34370185655804764,7.670719734681562,0.465552709849394,0.379141375125769,0.04980039611719239,0.0,0.636086182778567,0.1629553664844883,2.322454989155474,0.722949787078345,0.3473533005689464,0.375596486509399,0.0,0.0,0.27705021292165477,0.0,0.0,0.3,0.0,1.0,,,,0.19003346509277597
B001804,9852.83013346967,2.5765769177483446,9.748723530464122,4.712998765268156,0.43498292948855677,0.45588946357818294,0.021302071001381796,0.8166724852392571,1.0484425795655747,0.43471878068628017,0.0,0.7921915902730526,0.0,0.30122396722343614,1.4705059558647473,0.9694623289667428,0.6620033958310126,0.30745893313572964,0.0,0.0,0.030537671033257243,0.0,0.0,0.0,0.0,1.0,0.8286884840707534,,,0.1888484004682247
B001805,28425.890439265484,6.6868714277265315,12.1852998072768,13.876130137800125,0.0,0.5501623425314849,1.1157746732440588,40.42518427144957,1.9649085026499638,0.20363297157588534,0.4696729802328824,2.611023976938891,0.469133056828526,0.9684999395003818,2.6655201026943183,0.7242290250982635,0.3033061796485893,0.42092284544967407,0.0,0.0,0.27577097490173647,0.0,0.28,0.28,0.28,0.7,0.4268663631051173,0.3520356506971959,,0.30976336009743166
B001806,21754.927695200775,4.628708020255484,11.90670015455779,9.696357766346265,0.004721420474663385,0.48023625960684313,0.01996499001072045,0.4176615304097213,0.44301577037275713,0.9996259496014975,0.0,0.5090340596317331,1.6503555341326392,1.0266767065168572,2.015325508866711,0.7895116572760325,0.7895116572760325,0.0,0.10997324899392481,0.0,0.10051509373004287,0.0,0.0,0.0,0.0,1.0,1.1246484907646237,,,0.1888484004682247
B001807,888.1358855222569,2.515965681366167,11.936164526141921,3.7721576425285415,0.0,0.3974102138644093,0.41003437327295333,14.845456601848555,0.5647775766605766,0.6240731173764866,0.0,0.4990114195947994,0.5707895086831819,0.257314059051122,2.4963911493306914,0.5677140630932684,0.3408470939169465,0.22686696917632188,0.19833792777484816,0.0,0.2339480091318833,0.0,0.3,0.3,0.3,1.0,,0.4494505572237975,,0.32150759030508125
B001808,3375.6987742073284,2.0520965192749716,12.331980585879382,2.1472690816852817,0.0,0.25095454069751866,0.28080493790334166,18.561493453901324,0.7100295343769325,0.8125440280789258,0.06728335478729403,0.27441014931579266,0.0,0.18782945271602697,1.901036265219136,0.8304464204406742,0.7980402831501567,0.032406137290517535,0.0,0.0,0.1695535795593258,0.0,0.0,0.0,0.0,0.6,1.143277255084071,,,0.19003346509277597
B001809,16018.428374202625,9.863564269829203,12.957361581493705,14.382083895671336,0.06826077296360065,0.47269046428113476,0.02109304043262493,0.9572555508841062,4.7179528655733955,0.0,1.6920763701429244,1.74907466134955,0.0,1.704460372763331,2.6402152861229133,0.5081822818450205,0.5081822818450205,0.0,0.0,0.0,0.4918177181549795,0.0,0.5,0.5,0.5,0.5,0.20519159148927296,0.3763098665519343,,0.4014480571426785
B001810,1227.8591116328173,0.8839878413483206,6.6233084561545885,1.0683686052708443,0.21899598671076503,0.24458520484382426,0.18818179837785207,12.427064068869377,0.2874100407126706,0.0,0.038788924360055384,0.2414727820183511,0.14785711759650758,0.16845897666073587,2.822274599748352,0.4174382268873476,0.144275214090656,0.2731630127966916,0.21114096057235046,0.0,0.3714208125403018,0.0,0.5,0.5,1.0,0.5,0.9619901505521812,,,0.4064886165245276
B001811,6842.001500423757,1.6736794276966136,9.25623521828452,2.7896149867423974,0.6040352717838765,0.809,0.32353330547102715,7.1849913613904315,0.8785400543264791,0.03193906727079717,0.0,0.40118667099900096,0.0,0.3620136351003368,3.1463784625056777,0.1379487322659489,0.1379487322659489,0.0,0.25878655798851724,0.0,0.603264709745534,0.0,0.0,0.0,0.0,,0.9059853605144063,,,0.19003346509277597
B001812,5618.2638270498755,2.999606955178791,6.273919870023712,1.4481348881569558,0.22433169167326295,0.12223211246554505,1.3011925609791737,86.56441195502435,1.62235252151192,0.0,0.0,0.3591731817974516,0.40924235485047344,0.608838897018946,2.913405694196033,0.4368596920604458,0.18068761747538614,0.2561720745850597,0.0,0.0,0.5631403079395543,0.0,0.0,0.0,0.0,1.0,1.085519262213042,,,0.18861606020795307
B001813,1303.1655234895986,1.7283362380498655,7.56573804185828,1.5729374015051156,0.04606731415242308,0.3886234203629253,0.4666176608999668,31.02779273935963,0.6408267939574807,0.0,0.0,0.19405670654343518,0.5765650789385908,0.3168876586103583,2.641650786964971,0.6292233074505538,0.18334838536274187,0.44587492208781204,0.0,0.0,0.37077669254944573,0.0,0.3,0.3,0.3,1.0,0.808817934535365,,,0.32150759030508125
B001814,2285.2900657688674,2.999068327780666,6.758996572146442,6.059092144878881,0.0,0.4786150448224198,0.013755631866373267,0.03177550961132225,0.5502252746549308,0.8235897509339042,0.9730114958070526,0.0,0.0,0.6522418063847794,2.1592602545154707,0.6812649671400935,0.6812649671400935,0.0,0.0,0.0,0.3187350328599068,0.0,0.0,0.0,0.0,1.0,0.7885328389216643,,,0.1888484004682247
B001815,7558.393547446552,5.765365024749467,9.546768277911385,8.67502291310265,0.0,0.47000000000000003,1.7613663503219903,39.35402425438674,2.29868205763094,0.5951244015627982,0.7352534534763302,1.4833480035715447,0.0,0.6529571085078553,2.3769010086644937,0.60129461920222,0.3440085675465395,0.2572860516556804,0.0,0.0,0.3987053807977802,0.0,0.0,0.0,0.0,0.98,,,,0.18690117976449694
B001816,4628.552371113609,3.4748891675027096,6.578102056052809,3.647868522232485,0.0,0.3305036810483256,1.4983257887892847,99.38668263294632,1.8645652890421611,0.4692822804007457,0.1881158283038396,0.20996367773179514,0.1637711963150204,0.5791908957091473,3.128965540351386,0.2515354577621287,0.13697655045697238,0.11455890730515632,0.18217947284077585,0.0,0.5662850693970954,0.0,0.0,0.0,0.0,1.0,0.8521470739548491,,,0.18861606020795307
B001817,16356.81530608669,3.736992302053162,9.731467760253024,1.4610098557311957,0.0,0.25287856591525254,0.009672509606750253,0.27655753822413703,2.3823915287562203,0.7265250375322235,0.09154174046300413,0.0,0.11744570920495878,0.41908828609675525,3.1290255251347956,0.33105635872256706,0.11214587888406984,0.21891047983849712,0.03142787025288553,0.0,0.6375157710245475,0.0,0.0,0.0,0.0,0.92,,0.19177752028643721,,0.18861606020795307
B001818,4341.8140754871365,3.4818075986264128,5.5258773817017515,2.601094362940618,0.0,0.47,1.2210491401403774,81.16329778997195,1.9800464871380385,0.578488089700927,0.0,0.22264897408478326,0.0,0.7006240477026632,2.9361786476457894,0.3389890821027808,0.2750427071874584,0.06394637491532248,0.16614590936303975,0.0,0.49486500853417925,0.0,0.28,0.28,0.28,0.7,0.4457218472737427,,,0.30976336009743166
B001819,5691.300576240761,1.5774114679159537,8.414537911829855,2.551378624875867,0.0,0.3897280133012608,3.1840488628994947,144.52175739275629,0.4018139967805307,0.0,0.06335321163595677,0.7165111064397793,0.1588194630548824,0.23691369000480425,2.1389416506050694,0.7111152100837045,0.25688299419496086,0.4542322158887435,0.0,0.0,0.28888478991629535,0.0,,1.0,,0.5,0.808735825319259,,,0.19003346509277597
B001820,20384.92477971226,4.86513717892894,10.639058040011442,6.83602596808601,0.0574634082146625,0.26295667203944373,1.060731696420444,23.9349432667818,1.4682158413962925,0.054831013581418585,1.3044098596580886,0.7044567324179218,0.8292324001380321,0.503991331737188,2.5064284175861267,0.6668647844834273,0.253954209057831,0.4129105754255962,0.011270188602059035,0.0,0.3218650269145141,0.0,0.2,0.2,0.2,0.98,0.3071169920458488,,,0.27509512128729385
B001821,3283.8838367556846,8.230285305152092,13.405016766602076,5.510087681826124,0.014049275258098832,0.30093255731742996,0.01725693696782036,0.6506043356543677,3.9545854528202216,1.1579502776692705,2.1433887762096204,0.06561875802177675,0.0,0.9087420404312044,2.198936889285376,0.6597323952525224,0.6517595540217694,0.007972841230752953,0.0,0.0,0.3402676047474778,0.0,0.5,0.5,0.5,0.5,0.19642781665740827,0.22790536024867725,,0.4014480571426785
B001822,7232.2355458343945,4.711554101520778,11.201102227185766,7.480070501111641,0.0,0.47,0.021186493195610046,0.6807107008275263,1.4157584492022643,0.0,1.1332026797637949,1.2944144182340416,0.0,0.868178554320678,1.3258597055806438,1.0,1.0,0.0,0.0,0.0,0.0,0.0,0.0,0.0,0.0,1.0,0.45055012554741003,0.44063035565773506,,0.1888484004682247
B001823,15777.069004387418,7.588777779888128,19.915718807420042,13.00922604579453,0.0,0.365,0.009792946738062212,0.2884483794354285,2.4955560141595003,0.4034915990728201,0.08819567984171778,3.981969763420811,0.20358754082960784,0.4159771825636713,1.5305931953750538,0.885459426500669,0.873837570860693,0.01162185563997605,0.0,0.0,0.11454057349933093,0.0,0.0,0.0,0.0,0.5,0.6415687424015778,,,0.18861606020795307
B001824,5767.0315723238145,6.102678912511973,9.480251612727074,8.402107128941669,0.1633041809306305,0.5331800849137392,1.924969360694247,128.09018808522183,2.3785399087951604,0.08723307830303745,2.0469010894617363,0.0,0.4361663540141186,1.1538384819379208,2.0639114488085024,0.9690575190120176,0.8975862257870255,0.071471293224992,0.014294227101509219,0.0,0.01664825388647321,0.0,0.0,0.0,0.0,0.98,,,,0.18690117976449694
B001825,2129.456096241619,0.8824932019235885,5.696175920477626,1.2099638308026426,0.0,0.4657040954298448,0.38057668494108604,25.270589961347756,0.2978668797898535,0.2784953388081547,0.0,0.0,0.1418717979892321,0.16425918533634817,2.2882739887493333,0.7377102815025556,0.42213239580200534,0.3155778857005501,0.0,0.0,0.26228971849744454,0.0,0.5,0.5,1.0,0.5,0.9060489975415774,,,0.4064886165245276
B001826,4337.409047527783,3.778230877637441,5.839083732747988,2.4694067646259374,0.08465080809034242,0.37282320567521304,1.3971647844771333,93.02085441629104,1.9545272157942988,0.0,0.43922744764718,0.5598195573507152,0.0,0.8246566568452468,2.9472438744992258,0.4073561417839646,0.25918638311088554,0.14816975867307902,0.0,0.0,0.5926438582160353,0.0,0.2,0.2,0.2,0.98,0.28273409634050484,0.33604881417593,,0.27509512128729385
B001827,33042.092941768715,8.281226301195167,15.990041460716037,14.347452452349936,0.344035610552273,0.3097730602486895,0.012364795154361818,0.5971582172661131,3.022324736989535,0.18151832609298546,0.40459402389809007,2.001919416984098,1.7158854069228073,0.9549843903076523,2.487547316828921,0.6009736890001153,0.3257126734893048,0.27526101551081056,0.02191925682151547,0.0,0.3771070541783693,0.0,0.5,0.5,0.5,0.5,,,,0.4014480571426785
B001828,677.8337283332557,1.8933903026068597,7.062768255290781,2.067439870327153,0.43247303168217066,0.47,0.011831034773905619,0.26383207545809534,1.183103477390562,0.0,0.0,0.47845785064253166,0.0,0.23182897457376586,3.2924300368355603,0.2806774723733287,0.027978464681263977,0.25269900769206477,0.0,0.0,0.7193225276266711,0.0,0.0,0.0,0.0,1.0,,,,0.1888484004682247
B001829,2473.646254274354,1.4516703370154658,7.307006945389535,1.4889004204860743,0.1457779725582729,0.3456362830539153,0.39613609667784233,26.313295649251216,0.5438627402251505,0.0,0.055099981334290934,0.22545135448741166,0.15507450552356594,0.47218175544504726,2.5811397580783324,0.6175479322372867,0.5795916690766211,0.03795626316066546,0.0,0.0,0.38245206776271373,0.0,0.3,0.3,0.3,1.0,0.5081111161848961,,,0.32150759030508125
B001830,15707.70106408346,6.641734065151568,13.066259562844493,7.585122012060021,0.0,0.18386996175789472,0.010171061026869052,0.6773926643894789,1.2556865465270435,0.36300288036696576,1.321200676360472,0.3181312337365335,2.5998516807381993,0.7838610474223537,2.7325657965220853,0.36769225386295856,0.12086937688292476,0.24682287698003383,0.39144170110322973,0.0,0.24086604503381154,0.0,1.0,1.0,1.0,1.0,,,,0.6052750777176602
B001831,1154.493937494211,1.0466853467762565,5.332276993931498,1.5987311809995453,0.0,0.464295335874827,0.47269554062623614,31.48152300570732,0.17753980749619386,0.39611855751525743,0.057963055687880086,0.05143795921658586,0.09261508725205135,0.2710108796082878,1.956558880780546,0.920285930788004,0.453351291574236,0.46693463921376777,0.055377727285858803,0.0,0.024336341926137272,0.0,0.0,0.0,1.0,1.0,0.6273791054203498,0.3322590204327661,,0.19003346509277597
B001832,1992.7288164437932,2.1898118862019706,9.283656926266904,3.2655235700719247,0.0,0.24,0.5108865954920357,18.516310982654595,0.6892318355694879,0.0,0.0,1.2535440203071306,0.0,0.2470360303253517,2.3360567291809953,0.6789466832605952,0.23765866011925837,0.4412880231413366,0.0,0.0,0.3210533167394048,0.0,0.3,0.3,0.3,1.0,,,,0.32150759030508125
B001833,1223.2469027471097,3.089007330169469,11.852310504145267,6.289518290414724,0.07433946891954096,0.4677294914662664,0.010357284475439583,0.19453380032275938,0.8702696714757159,0.5161363217087291,0.46258656280180116,0.9937299720964257,0.0,0.24628480208679765,1.8232959512300055,0.9450140493395589,0.45622715684541926,0.48878689249414004,0.0,0.0,0.054985950660440965,0.0,0.0,0.0,0.0,0.92,0.8688691175400745,0.48881377761978523,,0.1888484004682247
B001834,42450.6759000686,11.136063982179591,16.511063555333074,7.174014180593939,0.0,0.35158586168261036,1.5657020771465724,56.59194926190391,2.1725719684101388,1.151873973849651,1.5010097004861525,1.0705492292164636,0.0,5.240059110217185,2.4414714882795,0.7102328128683557,0.6067964483060715,0.10343636456228425,0.09613353792952362,0.0,0.19363364920212062,0.0,0.2,0.2,0.2,0.98,,0.3773397842653324,,0.27509512128729385
B001835,153727.87909760058,83.77541095237089,228.1947529491722,271.2518740662256,0.0,0.4879531284736638,0.026034048479677267,1.5489861236567526,6.221807972689071,0.21558836572212955,0.0,76.63603543654878,0.0,0.7019791774109209,2.015866247160458,0.9803205110590838,0.9803205110590838,0.0,0.0,0.0,0.01967948894091607,0.0,0.0,0.0,0.0,0.5,,0.19802586207004444,0.7404286326376094,0.18861606020795307
B001836,5061.163808823494,7.786405859728452,11.86802339402116,7.844653552396339,0.0,0.3824063102696667,0.02444789325598014,1.1096329935940987,2.9775755747197348,0.3936568891958723,1.6449107373077774,0.0,1.9073824303446403,0.8628802281604283,2.013096186763808,0.949815900562008,0.4935985864832499,0.4562173140787581,0.0,0.0,0.05018409943799209,0.0,1.0,1.0,1.0,1.0,0.108790301476812,,,0.6052750777176602
B001837,1082.0048764610185,3.2887686214620624,6.491234689281195,3.5247411162040905,0.40066420756886223,0.08717023590897785,1.405711262099049,93.40920980728416,1.7527192800578264,0.0,0.15595688950968437,0.7367422917665971,0.0,0.6433501601279541,3.1439410695793986,0.3920441978154508,0.3446231392186463,0.04742105859680449,0.0,0.0,0.6079558021845491,0.0,0.0,0.0,0.0,0.9,,,,0.18861606020795307
B001838,905.6094176580575,1.906546142438016,8.743826974011503,1.8174803713384062,0.0,0.24737177714601,1.9376528053949638,70.1430315552977,0.5159383280068728,1.1476085416668698,0.056593406558321936,0.0,0.0,0.18640586620595137,1.9698628010750086,0.98681317331625,0.9571294403613515,0.029683732954898498,0.0,0.0,0.013186826683750045,0.0,0.0,0.0,1.0,1.0,,0.3655443761090241,0.3852046276659934,0.19003346509277597
B001839,4099.146057281429,6.136446193535074,9.140155147508533,8.604333769329633,0.0,0.5947011201908748,1.3426761907204339,89.02995528458631,2.310828711388831,0.927527079610946,0.9727116098345794,0.38524082724753994,0.5086568326901001,1.0314811327630788,2.588155731774644,0.5886717931168737,0.2918510141018943,0.29682077901497944,0.0,0.0,0.4113282068831264,0.0,0.28,0.28,0.28,0.7,,0.3498274327221391,0.49608036477739875,0.30976336009743166
B001840,2076.06302103068,3.8374547523672455,6.53530827622468,3.063843987567606,0.0,0.4496505043322082,1.1433922374487708,76.14992301408812,1.9183408443482948,0.4246616393828907,0.0,0.0,0.8020944772177131,0.692357791418347,2.971931558693013,0.22913609734554638,0.22913609734554638,0.0,0.3196796303184666,0.0,0.451184272335987,0.0,0.28,0.28,0.28,0.7,0.6352137613679649,,,0.30976336009743166
B001841,3562.1996381662675,1.5447526618240535,11.329278205183844,1.8747962251021888,0.0,0.43444636135200354,0.43812245342519845,9.756319726628487,0.5168379349880822,0.6150248349242616,0.04549470192385255,0.0726789525232317,0.15579958022728546,0.1389166572373397,1.934149439268891,0.9573385752425516,0.45834321229470393,0.49899536294784747,0.0,0.0,0.042661424757448295,0.0,0.0,0.0,0.0,1.0,,0.4263334396117666,,0.19003346509277597
B001842,34099.241441736645,10.249245999920843,15.561410979661733,11.736841672515975,0.0,0.17811249188531889,0.020989054544283865,0.6347878034288075,3.8364887127931233,0.7863567953798304,0.0,1.8116173304105252,2.8794928233145103,0.9352903380228547,2.9642164550858507,0.2680107071734443,0.09125455063036618,0.17675615654307805,0.35767017580831334,0.0,0.37431911701824244,0.0,0.0,0.0,0.0,1.0,,,,0.18481989412312194
B001843,6576.407078031679,2.989275944559854,8.797042671542739,2.9352818795249136,0.31097517688600057,0.365,0.02168505712972042,0.4041624622159332,1.624944927355906,0.27668634946180487,0.7911841876321087,0.0,0.0,0.29646048011003473,3.0014456851860443,0.38646736136250737,0.29390770658545573,0.09255965477705158,0.0,0.0,0.6135326386374927,0.0,0.0,0.0,0.0,0.95,,0.49413369399242857,,0.1888484004682247
B001844,6386.953548033232,6.744407125695071,14.939780649518065,7.17130125068121,0.16898836185708574,0.2497270709265136,8.487183479596979,391.89304998031434,3.197780348743332,0.019530233865410973,0.16388094662469738,1.8231757436817542,0.7752256472343125,0.7648142055455647,2.499509772245317,0.4208633899461305,0.30591990673307956,0.11494348321305094,0.2975186531262473,0.0,0.2816179569276223,0.0,0.0,0.0,0.0,0.5,0.795756292706708,,,0.18861606020795307
B001845,1544.2556360182602,3.6080739159305146,12.645676737810966,5.448859329241878,0.0,0.453,0.021897847332106136,0.3451967504899194,1.344157936991291,0.5572359474508658,0.0,1.4466715627703495,0.0,0.2600084687180075,2.5932997360935746,0.6584327493703306,0.1030373897094652,0.5553953596608654,0.0,0.0,0.34156725062966914,0.0,0.0,0.0,0.0,0.95,0.5034708023440083,0.5459775573423423,,0.1888484004682247
B001846,7025.779200598739,2.705344320600208,8.113403724143579,2.9758289509508766,0.0,0.0,0.02028697436036656,0.7860674592413193,1.5119075620761588,0.0,0.0,0.8291849788929522,0.0,0.3642517796310962,2.912264724513403,0.4125520213066554,0.10605315069007186,0.30649887061658354,0.0,0.0,0.5874479786933444,0.0,0.0,0.0,0.0,1.0,,0.401704961306103,,0.1888484004682247
B001847,9803.530120468004,2.9644784156238293,13.182379107585863,4.668894542056734,0.0,0.23874945877547693,0.7173051347762776,26.046038789110916,0.48587058783679077,1.1971505851147772,0.0,0.8639978334159728,0.14506607809533056,0.2723933311609582,1.9593683002695925,0.8406052604140524,0.5491550582933674,0.2914502021206849,0.04893477292018118,0.0,0.11045996666576635,0.0,0.5,0.5,1.0,0.5,,,,0.4064886165245276
B001848,3524.6797711674117,4.547973898280532,17.54170508837825,6.711575460381082,0.0,0.33827929096916837,0.015434048696853404,0.39624487024493443,1.209651124139805,0.7235688092019311,0.9924874213666228,1.3636302876952469,0.0,0.25863625587692624,2.4518260481550938,0.7340241718192045,0.05686845651746369,0.677155715301741,0.0,0.0,0.2659758281807954,0.0,0.0,0.0,0.0,1.0,,0.510828158656976,,0.1888484004682247
B001849,448.64874994696635,0.657842741857722,3.7466221435925084,0.20770894062544745,0.0,0.365,0.502474006422737,18.18955903250308,0.27636070353250536,0.0,0.0,0.10967032065023626,0.0,0.27181171767498014,2.9502758476128177,0.49561509853067265,0.32890303549182,0.16671206303885272,0.0,0.0,0.5043849014693271,0.0,,,,1.0,,0.37831843592576286,,0.19003346509277597
B001850,9257.92115966685,2.719718319526102,10.90879996755177,4.425572662181133,0.02983922121819455,0.35630398050801865,0.36839840816380365,13.430341938622842,0.56185187540782,0.8390647789195611,0.07107863204333859,0.955340638180839,0.0,0.2923823949745433,1.8559924761119706,0.7672808603350352,0.7672808603350352,0.0,0.026134556484409644,0.0,0.2065845831805553,0.0,0.5,0.5,1.0,0.5,1.4054908105221333,0.4510239158667005,0.7729655439691703,0.4064886165245276
B001851,56713.189359508615,13.852757537740258,18.982580775909362,22.58158235878552,0.0,0.3356782257912315,0.012596882610714722,0.181313323863909,4.230296399120616,1.0573306292254192,3.429150975149264,2.231190277419534,2.1043341128159154,0.8004551440095109,2.2800109972874947,0.5220947163166229,0.5220947163166229,0.0,0.16106470291860014,0.0,0.3168405807647772,0.0,0.5,0.5,0.5,0.5,0.38862828752798867,,,0.4014480571426785
B001852,6509.592928700865,6.635670671458578,11.89257588018737,2.3703796566283586,0.0,0.433,0.011754953884359919,0.1916313070779251,4.743292039710141,0.0,1.128300716555099,0.0,0.0,0.764077915193337,3.206390026201075,0.2176807269411129,0.2176807269411129,0.0,0.0,0.0,0.782319273058887,0.0,0.0,0.0,0.0,1.0,,0.2150608780041212,0.30164871582472025,0.18481989412312194
B001853,2419.7607169585945,2.810407336769564,11.785945520240249,1.6412284799112742,0.09108530280653963,0.38760306719817,1.0503542776029449,38.02282484922661,0.3465749054661371,0.4783180046904027,0.09536452514789381,0.040140819274761326,0.14019428593148553,1.7098147962588832,2.2180189010783145,0.9107087945434135,0.6906295617113358,0.2200792328320777,0.03393263456873516,0.0,0.05535857088785124,0.0,0.0,0.0,1.0,1.0,0.6166367413930226,,,0.19003346509277597
B001854,6086.5989218424465,13.708556130275781,18.714437967876346,13.475035411655842,0.014871349714923317,0.3995791028167351,0.008588182405210386,0.01983870135603599,7.108258917438407,0.9561834409367095,0.0,1.9567767536970928,2.686056131973202,1.001280886230372,1.740228744707653,0.8888594639808515,0.8191086140846361,0.0697508498962154,0.10056885860085928,0.0,0.01057167741828918,0.0,0.0,0.0,0.0,1.0,,,,0.18481989412312194
B001855,16064.374245312381,5.865050838011092,12.545614025372887,9.500276598282435,0.037252362142463066,0.43574348552761116,1.3795350551683314,30.97994662118498,1.7924513097050836,0.8745178359193329,0.9038485216042318,0.7136507117315475,0.8672629002969552,0.7133195587539415,2.4813736256431445,0.6646781260451524,0.24102244048329513,0.4236556855618572,0.0,0.0,0.33532187395484764,0.0,0.0,0.0,0.0,0.98,0.4268013530939835,0.4733752892123076,,0.18690117976449694
B001856,8798.299348370609,6.067792654048696,9.006663644713017,7.730595876250285,0.0,0.38246140594597067,1.8399260631995487,122.51930683694569,2.386185982643553,1.1843659711969337,1.098536166806861,0.5555259235112933,0.0,0.8431786098900556,2.624326027718273,0.42733827620705495,0.42733827620705495,0.0,0.18104378798670218,0.0,0.391617935806243,0.0,0.0,0.0,0.0,0.98,0.27824620030868596,,,0.18690117976449694
B001857,20109.12861803776,4.720452727238911,12.303562080931389,6.411263227120862,0.026836536733468717,0.4393548998544749,0.016476176356166716,0.36741873274251774,1.7102626445014348,0.0,0.0,1.1075504901728856,1.1437625952625454,0.7588769973020459,2.3884772043337423,0.6607074575795272,0.4260794347668266,0.23462802281270054,0.0,0.0,0.339292542420473,0.0,0.0,0.0,0.0,0.95,1.0673223818620476,,,0.1888484004682247
B001858,717.7360308806924,1.0633126383417666,6.659040852320512,1.0465122166861047,0.0,0.38562532005721134,0.23824921067149352,8.649130292215359,0.3645957376712509,0.42305055393266777,0.0,0.11380996963182641,0.0,0.1618563771060207,2.7210600049938716,0.6364981146776247,0.5294647121504877,0.10703340252713706,0.0,0.0,0.36350188532237454,0.0,0.5,0.5,1.0,0.5,0.8861002759101322,,,0.4064886165245276
B001859,2039.2700727633976,1.0555228119893363,6.99025633704176,1.2008756726149346,0.4795017027158657,0.16098380649300653,0.31094623222170703,20.65738258229877,0.4261210316747343,0.12867924840676362,0.060816815676917026,0.0,0.24074703212914275,0.19915868410177864,2.832611575973642,0.6330601548932386,0.28306650592638116,0.34999364896685775,0.0,0.0,0.3669398451067612,0.0,0.3,0.3,0.3,1.0,0.6311738389121885,,,0.32150759030508125
B001860,13797.66594473641,4.08940899369781,6.662721223824682,4.545580000772168,0.029858367475082376,0.5864563609796191,1.3906009432125819,92.51167202578678,1.9532401876417265,0.8527956655442972,0.0,0.22573582322140578,0.2639109862161924,0.7937263310741884,2.8190055176290723,0.4807561025184299,0.42555599326809873,0.05520010925033113,0.0,0.0,0.5192438974815701,0.0,0.19999999999999998,0.19999999999999998,0.19999999999999998,0.98,,0.3947436115925714,,0.27509512128729385
B001861,16628.96370332058,3.6603486029761347,10.52423727519623,3.558272371995994,0.0,0.28006886093197136,0.01833637365041058,0.4732727976625442,1.6624000138039017,0.0,1.1048843585407444,0.5428609301018806,0.0,0.35020330052960774,2.9486292979599114,0.3975270710246718,0.0956748491782631,0.3018522218464087,0.14830853259727625,0.0,0.4541643963780519,0.0,0.0,0.0,0.0,0.95,0.5951693827219627,,,0.1888484004682247
B001862,24016.69639974668,12.185031151571122,25.61654803953057,5.389659250837415,0.03338193876172586,0.21339749782182438,0.03527388762965852,2.025559923215707,7.915859162097589,0.7909196385632793,0.029236673672151214,0.1755081778587324,2.4486642210669984,0.824843278312372,3.190603282210701,0.3396205622566888,0.0593511074634877,0.28026945479320114,0.0,0.0,0.6603794377433112,0.0,,0.0,,0.5,0.1392615469960972,,,0.18861606020795307
B001863,6485.273400650757,1.713867177761828,8.848307782905481,2.01420469005607,0.0,0.45300000000000007,0.33937868244008296,22.394858319656993,0.9222019733584195,0.0,0.0,0.5959918228720197,0.0,0.1956733815313885,3.0764019351877576,0.45538871903519657,0.10764192126389165,0.347746797771305,0.0,0.0,0.5446112809648032,0.0,0.0,0.0,0.0,0.6,0.5837554117154862,0.35963976965765687,0.5989801252909559,0.19003346509277597
B001864,2395.767004898724,1.38403639797731,11.07835859606112,2.868482185802515,0.046397833340409214,0.5048728450809212,0.39889443465539376,14.452047317529608,0.2520765234801658,0.4068901379217411,0.026017940651263467,0.4629130458012685,0.05559550509500925,0.18054324502786204,2.2498194017269006,0.6519229152487698,0.5929552133403907,0.05896770190837906,0.3344659479171136,0.0,0.013611136834116756,0.0,0.5,0.5,1.0,0.5,,0.37634319259640786,,0.4064886165245276
B001865,8311.089408885447,6.39806728936524,10.525593614394268,10.883333366479665,0.0,0.3592478122605158,1.6038260555991404,58.053954511980294,0.9751890727780939,1.0195069072366587,1.9610058001793016,1.5610189465827984,0.21018119356289525,0.6711653690254922,2.475641716180613,0.6879371257984226,0.2190331639764777,0.4689039618219449,0.15934607454524052,0.0,0.15271679965633678,0.0,0.0,0.0,0.98,0.98,,,,0.18690117976449694
B001866,1723.3079687152988,4.708491717801363,8.945810616080733,7.880241850022097,0.0,0.4807163400966569,1.4931515386055796,54.00143078924281,0.8967892034738235,1.041534126266538,0.5124571048278507,1.495075176401229,0.13077411744067513,0.6318619893912454,2.2786307333883014,0.8128259016106546,0.27409514562830334,0.538730755982351,0.0,0.0,0.18717409838934537,0.0,0.0,0.0,0.9800000000000001,0.98,,0.41490659368642285,,0.18690117976449694
B001867,4318.948156138208,11.963845307862073,17.9875420633699,15.554503932001811,0.0,0.4363606042143247,0.009201476907605234,0.02125541165656809,6.076447014456287,0.6588528811225275,0.0,2.6025589342363435,1.783142976403642,0.842843501643272,2.7377391610039763,0.4105969854765199,0.3704118925086194,0.04018509296790054,0.055070327655403616,0.0,0.5343326868680763,0.0,0.0,0.0,0.0,1.0,0.203010243800993,,,0.18481989412312194
B001868,8887.742570957005,9.75602916680242,21.83540460925239,4.981297435264556,0.02349468830291467,0.365,0.0394369203528142,1.6218412661521528,7.263760220231066,0.471036895466305,0.0,1.3060440677217238,0.11999345438907086,0.5951945289942568,3.208413930468043,0.25545935789654955,0.1215889024692638,0.13387045542728582,0.0,0.0,0.7445406421034505,0.0,0.0,0.0,0.0,,0.12851534946432822,,,0.18861606020795307
B001869,5873.197692230234,2.334339305337931,9.585014704691888,5.494382506725339,0.4672987269006917,0.7253289384618979,0.6493403521093386,23.50612074635806,0.8116754401366733,0.06476007359846359,0.106779135360272,0.8688218627916817,0.030481463424862142,0.45182133002597774,2.839394565250388,0.5996473085593944,0.18171277953824988,0.4179345290211445,0.0,0.0,0.4003526914406055,0.0,0.0,0.0,0.0,1.0,0.6542685932970258,0.3037504576989271,,0.19003346509277597
B001870,6313.639773297349,1.8657327935275854,11.899552234280742,0.2626772475014052,0.1135030320528366,0.365,0.44675974206730573,9.937227388549463,0.5564575742462609,0.0,0.0,0.12295144406619483,0.0,1.1863237752151294,2.7678392405728713,0.6246957090707379,0.6246957090707379,0.0,0.06589981399947825,0.0,0.30940447692978357,0.0,0.0,0.0,0.0,1.0,,,,0.19003346509277597
B001871,11841.907415851543,11.655420684893251,21.60448453646774,14.862601813128173,0.0,0.2240962675796683,0.013110468397656392,0.33595572820721725,3.3765715321672647,1.781495086787751,0.9303226655375452,1.6216118015997196,3.265036158403377,0.6803834403975944,2.5352367064421806,0.5080375579228573,0.2160612337393566,0.2919763241835006,0.2801302712852943,0.0,0.21183217079184857,0.0,0.5,0.5,0.5,0.5,,,,0.4014480571426785
B001872,6595.823602481468,2.1604400925258656,9.186778082253406,4.915665934069403,0.0,0.4770301998123752,0.2620334534739159,17.442089842424924,0.6576588326649526,0.2509924755258615,0.058628566886530606,0.8538370759243655,0.0,0.3393231415241554,1.6651227991601751,0.881360592171972,0.881360592171972,0.0,0.0866243117796315,0.0,0.03201509604839652,0.0,0.30000000000000004,0.30000000000000004,0.30000000000000004,1.0,0.9532127994321927,,,0.32150759030508125
B001873,13281.65679040304,6.680913878472354,14.556937118104063,4.712896354138521,0.08874462614378344,0.3918540781809369,1.3177295992136726,87.74888038715616,1.7234537300468558,0.5248335726823924,0.8131534495362315,0.30740615176660313,0.3614013725522794,2.950665601887991,2.5365737394928702,0.6419260451666309,0.6419260451666309,0.0,0.10010719139397302,0.0,0.25796676343939606,0.0,0.0,0.0,0.0,0.98,0.18726761472331863,0.32745070010589283,,0.18690117976449694
B001874,4208.3603055965505,8.316917599993182,11.296714559411466,7.707303314783453,0.0,0.4551322191420384,0.018576493239298976,0.20434142563228874,4.243361399839868,0.8510151786591776,2.276631319233717,0.2977392456278477,0.0,0.6481704566325734,3.1024385552393636,0.16543957516732524,0.06311618811586822,0.10232338705145705,0.30953421552038396,0.0,0.5250262093122909,0.0,0.0,0.0,0.0,1.0,,0.2626442262856056,,0.18481989412312194
B001875,11374.25442528199,2.562346119685062,9.8568519776826,3.4739136068758585,0.0,0.6141110581532349,0.011390050216073632,0.25399811981844195,1.2104341500810452,0.4677115029748137,0.0,0.397634318517516,0.1990878815456166,0.2874782665660709,2.8601357969683336,0.47291407772807864,0.09253677020091043,0.3803773075271683,0.0,0.0,0.5270859222719214,0.0,0.0,0.0,0.0,0.95,0.4342149335142129,0.38564432458913744,0.664953154568332,0.1888484004682247
B001876,62553.02881119165,15.127697415040302,19.856848870762942,10.336617922980572,0.0,0.26051590729246077,0.0135032362610658,0.6265501625134531,8.08250481640117,0.801658732688486,3.2055222863618162,0.0,1.8575171259999543,1.1804944535888777,1.4303989303736775,0.985727279574544,0.985727279574544,0.0,0.0,0.0,0.014272720425456027,0.0,0.0,0.0,0.0,1.0,,,,0.18481989412312194
B001877,16973.56486922533,6.154301983040367,8.64327595130065,6.216574926578361,0.0,0.433,0.02832124442776874,0.784933514583027,1.863610525422918,0.0,1.3578807880867527,0.0,1.6012088769645472,1.3316017925661485,2.3523003884727607,0.6251623670826779,0.6251623670826779,0.0,0.0,0.0,0.3748376329173221,0.0,1.0,1.0,1.0,1.0,0.1973252137271228,,,0.6052750777176602
B001878,3856.306391486479,1.568879736162115,6.278920354280784,0.830800498466866,0.0,0.09084572116201525,0.49679789818529746,33.02123101057164,0.6816310947785001,0.0,0.0890660176086949,0.0,0.4608319419032954,0.3373506818716241,3.0224749927155994,0.5423844218645429,0.19188084479802875,0.3505035770665142,0.0,0.0,0.45761557813545684,0.0,0.3,0.3,0.3,1.0,1.1343916463997283,,,0.32150759030508125
B001879,10652.48815090909,2.458455608333508,13.040214388320866,3.4078801808531547,0.0,0.4057958148216221,0.5499055292899752,36.469532365618655,1.1910157427709196,0.2941202664126436,0.0,0.611082791037325,0.147803187605365,0.21443362050725503,1.9105396166151811,0.9699584946663177,0.6017586156928794,0.3681998789734384,0.0,0.0,0.030041505333682335,0.0,0.0,0.0,0.0,1.0,0.854927881833137,,,0.19003346509277597
B001880,1660866.7296373164,1223.0241013529576,1870.181256346029,2726.0446856463777,0.33390912621130453,0.23999999999999996,0.018766917568374276,0.6991822122493165,3.9318753553367944,1.0914480490232703,0.0,0.0,1217.305981492607,0.6947964559903278,2.005274717261472,0.9967666018936161,0.0005495787018482486,0.9962170231917677,0.0,0.0,0.0032333981063838333,0.0,0.5,0.5,0.5,0.5,0.24476269883344093,0.29204394423409713,,0.4014480571426785
B001881,277.92248866214396,0.7806811479273706,3.8127891848051223,0.6208250931240109,0.2668315097453837,0.20827045242308362,0.5881475773944917,21.23635469717686,0.3224571845356929,0.0,0.0,0.19686610068292837,0.09098274414381016,0.17037511856493928,2.951579038019462,0.2889151686516746,0.2889151686516746,0.0,0.25217222319968646,0.0,0.45891260814863893,0.0,0.0,0.0,1.0,1.0,,0.32462836531960904,,0.19003346509277597
B001882,1704.450634827483,2.614188090226201,8.479274243770078,5.066318831977587,0.0,0.453,0.016639995261232592,0.33286924651112876,1.0368701394739013,0.0,0.0,1.2313888037328014,0.0,0.3459291470194982,1.929205258148085,0.9165403115891664,0.44549968205808643,0.47104062953107995,0.0,0.0,0.0834596884108336,0.0,0.0,0.0,0.0,0.95,0.954637380510425,,,0.1888484004682247
B001883,11224.677906235354,7.876966951744109,18.731244802639015,11.303564040219374,0.0,0.27657276965360916,0.01847566835419064,0.41023553921778727,1.9026898400472374,0.0,2.3274583377557905,0.6291699176804476,2.2477065944440864,0.7699422618165455,2.0479483031389423,0.7584489243507684,0.6785742820506457,0.07987464230012259,0.0,0.0,0.24155107564923148,0.0,0.0,0.0,0.0,0.92,0.42692030273574055,,,0.1888484004682247
B001884,17250.476012889867,4.794462482737595,10.96978984863888,5.28807934443868,0.0,0.24,0.020815839550643197,0.5111658306225068,1.89213455229778,1.314539853421432,0.0,1.1337254513465036,0.0,0.454062625671879,2.2879792588895302,0.5919158733253167,0.5919158733253167,0.0,0.0,0.0,0.4080841266746831,0.0,0.0,0.0,0.0,0.95,0.3862555616568711,,,0.1888484004682247
B001885,10233.97705055769,9.746644810054944,12.290125278807599,14.30254124908196,0.026540357396744676,0.31234432620052577,0.024631022185013552,0.6770470952755895,2.029666393925483,0.9199595623295778,1.7867818232732953,2.4023319988850496,1.538464888509209,1.069440143132331,2.2396185196003655,0.7805005765913857,0.2817898361826115,0.49871074040877417,0.0,0.0,0.2194994234086146,0.0,1.0,1.0,1.0,1.0,0.30574300269311494,0.2130792831579113,,0.6052750777176602
B001886,10790.999025625713,3.8594417115971793,7.280209537491239,2.0733258245114743,0.10516765389631857,0.43736536451230623,1.069695612453571,24.010545839277437,1.8402132456262335,0.0,0.9162936818848629,0.015343911839416195,0.0,1.0875908722466674,2.8872951905873263,0.5221928154272966,0.5221928154272966,0.0,0.0,0.0,0.4778071845727034,0.0,0.28,0.28,0.28,0.62,0.31255679066830516,0.31790835855667327,,0.30976336009743166
B001887,16763.85065624691,5.148602781402613,9.008660214520859,1.9657491818597712,0.0,0.3878341648605663,0.014822181150158353,0.25317672702213584,3.650783534521762,0.6312848417527948,0.10496139085767468,0.1890222579081346,0.0,0.572550756362246,3.21606784612173,0.23381792094419152,0.11120507459428988,0.12261284634990163,0.057099695052746036,0.0,0.7090823840030623,0.0,0.0,0.0,0.0,0.5,0.7147803389953391,,,0.18861606020795307
B001888,940.9657467025548,1.4128614815353677,8.318642489437751,1.7254852447783438,0.0,0.2397145529457767,0.3386019644151396,22.49081292106774,0.46517232121023405,0.0,0.046877312777618675,0.4934731071079004,0.18697884659677697,0.22035989384283747,2.8756752679570248,0.4874403072442204,0.13816819985288625,0.34927210739133413,0.16551952362680475,0.0,0.3470401691289748,0.0,0.3,0.3,0.3,0.92,,0.3444117633204327,0.6749861146796948,0.32150759030508125
B001889,27657.707079534277,6.552406320666733,18.777584122905807,2.0286679492405306,0.5512852553666008,0.2853258984630122,0.024647849702238028,1.0211718089195079,5.593718985715721,0.23964274056199797,0.08993466956656879,0.18972403216539596,0.0,0.4393858926570494,3.529590448410665,0.07994024521567092,0.04336700344246943,0.03657324177320148,0.04268030522617352,0.0,0.8773794495581555,0.0,0.0,0.0,0.0,0.5,0.12326693500145143,,,0.18861606020795307
B001890,6843.10749434897,7.438160319944533,13.928559805277649,10.24608636308638,0.0,0.3404030268279619,2.2549077478281663,81.7515905281521,2.2697262855859655,1.574907838174651,0.45044241847963973,1.5533998817672168,0.9901029453705605,0.5995809505664983,1.80803427386978,0.9231295842287249,0.5811763702978984,0.3419532139308264,0.0,0.0,0.07687041577127503,0.0,0.28,0.28,0.28,0.7,0.3715101889475817,,,0.30976336009743166
B001891,3382.0749723709164,5.2844921443295565,15.296368998579396,7.456003338292591,0.022039797543708894,0.4269228745111395,0.011886817302969293,0.20409520381526872,2.0924806556577353,0.0,0.4041158305293018,1.3057927383698877,1.1898771352983353,0.292225784474296,2.26800168385622,0.6040337276491101,0.6040337276491101,0.0,0.0,0.0,0.3959662723508898,0.0,0.0,0.0,0.0,1.0,0.14303986325982201,0.28178626252497285,,0.1888484004682247
B001892,6729.929844488891,1.7260656179761198,10.786911455946845,2.472800647439201,0.06272109027223781,0.3062250584462043,0.3119661504392122,6.958224049237944,0.4273278899238133,0.5568263177808901,0.0,0.2515970459665795,0.18625167674941834,0.30406268755541865,2.123132385831647,0.7524266253418151,0.644521297288409,0.10790532805340611,0.0,0.0,0.24757337465818488,0.0,,0.0,,1.0,0.6076631584574292,,,0.19003346509277597
B001893,16412.51841938314,3.957684692400082,5.802727717288712,3.6814716533751093,0.047120951397128484,0.6751772528358355,2.7885410814968368,185.68323576716813,2.2145414521328606,0.0,0.0,0.46457927942570193,0.360400471397406,0.9181634894441137,1.8904791393324343,0.9699568865561887,0.7615067913762187,0.20845009517997012,0.0,0.0,0.030043113443811095,0.0,0.2,0.2,0.2,0.98,,,,0.27509512128729385
B001894,1507.9172841737675,3.616108595140929,9.43633021115543,3.556646641689136,0.0,0.397532284261785,1.0499902037236883,23.41478154303825,1.3124877546546103,0.46811166996848874,0.0,0.14324271531201804,1.1131005666480636,0.5791658885577492,2.805656814012616,0.5513222080009329,0.24350496818026798,0.30781723982066506,0.039612393141206396,0.0,0.4090653988578608,0.0,0.0,0.0,0.0,1.0,,,,0.18861606020795307
B001895,3739.7589976836884,6.630778364687391,10.540185595606312,4.170741624380814,0.0,0.1340165159197918,0.012769374647440879,0.5695144683946526,3.121670190690916,0.2866531116953426,0.0,0.0,2.2003341785269397,1.0221208837741917,2.326218332063056,0.5484834602197708,0.5484834602197708,0.0,0.33183648397071325,0.0,0.11968005580951585,0.0,0.5,0.5,0.5,0.5,0.22465025273605038,0.21813926319139895,0.5415786865171516,0.4014480571426785
B001896,9010.220607300498,2.867670466995703,5.928846515495934,1.4391171384150983,0.0,0.48800000000000004,1.2972030197778688,28.927627341046477,1.621503774722336,0.4087092673098879,0.0,0.0,0.0,0.8374574249634787,2.9517630312714314,0.4292854061036417,0.4292854061036417,0.0,0.0,0.0,0.5707145938963583,0.0,0.0,0.0,0.0,1.0,,,,0.18861606020795307
B001897,40824.97107416272,8.72514876558297,13.519246272089498,9.925768209575294,0.0,0.6940218589387919,0.011662831088279648,0.40971583614825563,5.537828519262679,0.3505227783535164,0.0,1.5161157129360523,0.4765603069262189,0.8441214481045025,2.9696075256513725,0.3568262533967865,0.21502799940779252,0.1417982539889939,0.0,0.0,0.6431737466032135,0.0,0.0,0.0,0.0,1.0,0.15307663880717237,,,0.18481989412312194
B001898,5012.0673043517,3.55465766266078,6.7522343378621,3.3459095352842625,0.0,0.38265687600794307,1.1430962390239021,76.06821895058282,1.598233314234095,0.0,0.37381246766736753,0.4257608394230721,0.5349168413613692,0.6219341999748763,2.648441731778213,0.5004551532896035,0.5004551532896035,0.0,0.03175502468277829,0.0,0.46778982202761804,0.0,0.2,0.2,0.2,0.98,,,,0.27509512128729385
B001899,4715.575648212805,3.2747053112588924,12.814401307042038,5.702229600844365,0.0,0.39954529251282833,0.014558235039221035,0.4485776186740038,1.510828133236139,0.0,0.0,0.34281770310317766,1.1597768374621458,0.2612826374574302,2.725743460835856,0.5386369185521208,0.5386369185521208,0.0,0.0,0.0,0.4613630814478792,0.0,0.0,0.0,0.0,1.0,0.2558364004438066,,,0.1888484004682247
B001900,2801.0029947752237,3.9786974357602607,10.140128387338374,8.605900470173907,0.21821291032064577,0.4325353765662313,0.011773692068587327,0.2625533331294974,0.47094768274349313,0.5399598496621372,0.0,1.378476714401496,1.2060163645923447,0.38329682436078943,2.383351265810508,0.5351683743220861,0.5351683743220861,0.0,0.3464643232259486,0.0,0.11836730245196518,0.0,0.0,0.0,0.0,1.0,,0.49170507205911346,0.2994873541160323,0.1888484004682247
B001901,4710.6028766751915,4.274594261955709,7.975300247060652,3.096153544038807,0.0,0.26756460899429085,1.484751027630367,98.88441844018244,1.94190044625804,1.1957086232409317,0.0,0.5033503951150794,0.0,0.6336347973416586,2.895276795023796,0.4902269348942782,0.4902269348942782,0.0,0.05548423036387599,0.0,0.45428883474184595,0.0,0.0,0.0,0.0,0.98,0.37492396640190784,0.3901385643921901,0.42261586274647495,0.18690117976449694
B001902,3935.0887631312953,5.397926972745261,14.69342528039699,4.75648164303348,0.061024234707814,0.42671552356065584,0.007878597519729032,0.17569272468995736,3.1491626787002014,0.38593373611279963,0.020550925409933727,1.1976491177707738,0.14966043636882304,0.49497007838272883,1.723914011582177,0.8671710812571637,0.8671710812571637,0.0,0.09922219681479533,0.0,0.03360672192804082,0.0,0.0,0.0,0.0,0.5,0.617259333222447,0.16138936922009553,0.513487429924728,0.18861606020795307
B001903,10582.701492656874,18.21463251748171,31.93035859280608,9.102005909523847,0.6749382470335205,0.25253494952120004,0.08226594548592535,3.615314928991173,15.43180781400813,0.3469568308610975,0.0,1.4258206685608557,0.12179727926075547,0.8882499247908696,3.4670809901173927,0.1527796237888812,0.055452516161510264,0.09732710762737096,0.0,0.0,0.8472203762111187,0.0,0.0,0.0,0.0,0.9,0.15951158244374714,,,0.18861606020795307
B001904,8603.656513140813,12.186482313230615,16.273094388059867,15.086932050403734,0.0,0.3219520828036891,0.024099718516537402,0.5000229175093226,4.567339708700233,1.5299503646154209,2.291904913943175,2.8832143966660255,0.0,0.9140729293057608,2.710040576668013,0.6113044088914348,0.24916834305641006,0.3621360658350247,0.0,0.0,0.38869559110856533,0.0,0.5,0.5,0.5,0.5,0.2318266647456519,,,0.4014480571426785
B001905,27190.95291427474,14.907320676685714,25.71643201215212,9.291885191083832,0.0,0.22017160076591585,0.04094107287327835,1.7266642065315247,9.994656126388024,1.4681239708971983,0.0,2.0354495122912333,0.5890153712176995,0.8200756958915576,3.1709135005635556,0.31249594244084417,0.06857225636000916,0.24392368608083506,0.0,0.0,0.6875040575591558,0.0,0.0,0.0,0.0,0.5,0.1996794077647928,,,0.18861606020795307
B001906,1926.5595602406645,2.575614385348482,12.120766510851796,2.2651260942937537,0.0,0.34913862270669144,0.9727743502776387,35.19610596980527,1.4444361955195972,0.5336963387146976,0.0783436692449199,0.026231551439051152,0.1317956942819826,0.3611109361482335,2.166251077135314,0.9648416639855426,0.6962752247038562,0.26856643928168644,0.03041746842640031,0.0,0.004740867588057088,0.0,0.0,0.0,0.0,1.0,0.4746010636739763,0.2610892543436441,,0.19003346509277597
B001907,5010.201042737988,7.282268957468006,15.529904158651753,9.96238861972103,0.0,0.23543900350830785,0.01566975139499149,0.33747162398950775,2.751246941716854,0.7086709376889954,1.355217564448145,1.15457001705936,0.5890564848359833,0.7235070117186694,2.6095628716884325,0.6221992132142504,0.25789723501657424,0.36430197819767624,0.0,0.0,0.3778007867857497,0.0,0.0,0.0,0.0,1.0,,,,0.18481989412312194
B001908,3790.005690252068,1.2434401870905734,7.865058576265002,2.2705738952493877,0.35566827242820365,0.3332559620105834,0.6542892308789839,43.55828836460507,0.2488650673449897,0.20533688561999192,0.0,0.3627759774323137,0.23253538213444286,0.19392687455883512,1.4225791637822904,1.0,0.7082481480020811,0.29175185199791903,0.0,0.0,0.0,0.0,0.0,0.0,1.0,1.0,0.9375066942075286,,,0.19003346509277597
B001909,11213.724345998844,4.525312488296548,8.170110831160423,4.732172367256285,0.09083937969624577,0.38133695049788097,1.2655721833824063,83.93585265051901,1.738433945788127,0.7708047109747787,0.36575432627979615,0.2910103744673153,0.673489758857547,0.6858193719289829,2.414620362357526,0.5878805911911149,0.5878805911911149,0.0,0.06430724402346405,0.0,0.3478121647854209,0.0,0.19999999999999998,0.19999999999999998,0.19999999999999998,0.98,,,,0.27509512128729385
B001910,3687.552740015805,7.287653636394872,16.912007716267773,8.70494152172277,0.0449572346004931,0.3675288413814132,0.012225828922612324,0.4704594663078201,3.3233212493404833,1.0522791166421899,0.4372351157955831,0.8422779192292962,0.7564653929867011,0.8760748424006157,1.9711746551957359,0.9151302711452078,0.666937286149881,0.2481929849953268,0.0,0.0,0.08486972885479199,0.0,0.5,0.5,0.5,0.5,0.243062317869732,,,0.4014480571426785
B001911,1610.0400791614418,1.539235257324514,8.738384221047976,2.624673149885037,0.0,0.2673869231561526,0.334669106048241,7.496845624455188,0.4593590526152221,0.41198792969551107,0.03862753350303283,0.4108258488780626,0.0,0.2184348926326854,2.758324296944912,0.4030605894499087,0.13540304474707685,0.2676575447028319,0.29199784778990284,0.0,0.30494156276018836,0.0,0.30000000000000004,0.30000000000000004,0.30000000000000004,1.0,,,,0.32150759030508125
B001912,1375.6130663699926,2.630235308546831,14.288243301162632,2.914392784911783,0.025321667264582202,0.28919827307687673,0.3202084986155109,11.517912670497,0.7597718205442603,1.0493947187581822,0.015059851469448278,0.35481819615136906,0.1409581476913653,0.31023257393220566,2.5097532799269624,0.6547389229887703,0.6547389229887703,0.0,0.13489979204461416,0.0,0.21036128496661555,0.0,0.0,0.0,0.0,0.6,,,,0.19003346509277597
B001913,1560.4999545270164,2.9332705912161963,6.1436759476671945,6.178112441337446,0.3418299987195731,0.5224250424700879,0.724462749088519,48.14896855750613,0.9854081687781515,0.0,0.8532823797794212,0.375812439705112,0.13086815844549954,0.5878994445080113,2.9955055168799922,0.4800048847724326,0.14449184305988083,0.3355130417125517,0.12812061758996882,0.0,0.39187449763759846,0.0,,0.0,,,0.2704021823684966,,,0.18690117976449694
B001914,5310.963148405477,12.52585648208839,17.428639241395565,15.152851608290417,0.0,0.33051871096185487,0.015374239392567443,0.06272449307420261,6.2208810046370875,0.0,1.945200395096725,2.191450105060058,1.1771046109641254,0.9912203663303965,3.059490802877672,0.17310792123438137,0.07913393928373783,0.09397398195064352,0.33024891400217404,0.0,0.49664316476344483,0.0,0.0,0.0,0.0,1.0,0.24704408203101014,,,0.18481989412312194
B001915,3868.242130892137,3.6321522355794715,6.644187145184756,2.4095377529770556,0.5382326279781292,0.3152794858408536,0.01831900174316341,0.4905986240501485,2.4578326696130746,0.36725405489902363,0.0,0.08137986533705305,0.1830204808470419,0.5426651648832783,2.4768187268318846,0.6019291566010481,0.4504282006786223,0.1515009559224257,0.022405411463726755,0.0,0.3756654319352252,0.0,0.0,0.0,0.0,0.5,,,,0.18861606020795307
B001916,13560.506820433375,8.407009808080208,12.08996492279149,12.54172998715938,0.010941465787181585,0.3678254549541177,1.4201976540918653,94.21011430854139,1.774824970025512,1.1827359230886578,2.3593196315199796,1.0087660968778256,0.6597602036102077,1.4216029829580223,2.112807129497969,0.9491224562389949,0.4078096999350182,0.5413127563039768,0.0,0.0,0.050877543761004895,0.0,0.28,0.28,0.28,0.7,0.3594969569204871,0.522359042517656,0.3331834542462591,0.30976336009743166
B001917,17834.14171369299,5.980597489501338,15.70397847508802,11.326899035177744,0.007200645952927835,0.46266023608380386,0.018585588663002882,0.6539732460038385,1.688963698760956,0.772458274627294,1.0207304271670223,0.5550800653499787,1.4647642200141637,0.47860080358192364,2.4776764937538256,0.686167700572899,0.59335422059462,0.0928134799782791,0.0,0.0,0.3138322994271011,0.0,0.0,0.0,0.0,1.0,0.51311242807352,,,0.1888484004682247
B001918,550.5816470282132,1.8051857279613548,7.039468478553222,3.1365423385201097,0.0,0.47923284924139786,0.009584265975476543,0.18364791340481626,0.3077421843407194,0.32092955156676467,0.0,0.6290971902138813,0.0,0.5474168018399898,2.636827809413458,0.6633109963822048,0.31481655591023316,0.34849444047197176,0.0,0.0,0.33668900361779536,0.0,0.0,0.0,0.0,1.0,0.5127968342786918,0.4807122819443455,,0.1888484004682247
B001919,6969.353659817885,7.616779956085121,19.98567831217882,3.5202815164568504,0.042771004521710884,0.4529862516036133,0.027405038022096248,1.5422799987153768,6.015126675941123,0.5140948011192231,0.08669734282823086,0.45202412997912655,0.0,0.5488370062174175,3.3881315331762027,0.1509337484859887,0.07205630323860757,0.07887744524738112,0.05934583020453414,0.0,0.7897204213094773,0.0,0.0,0.0,0.0,0.92,,,,0.18861606020795307
B001920,2260.2779826298615,3.299675887050893,7.5477606786186,0.8633362007171899,0.14556560334347754,0.29277685680095417,0.012853925847370226,0.4312223904669042,2.4415605334503123,0.0,0.0,0.33656042023042454,0.11237588297043279,0.40917905039972297,2.290691588514809,0.7257265453011161,0.6237285213281533,0.10199802397296288,0.0,0.0,0.2742734546988837,0.0,0.0,0.0,0.0,0.5,,,,0.18861606020795307
B001921,2234.784642378299,4.273010788486231,24.365066898842972,6.849304402835073,0.20212666204031293,0.2616054765287684,0.36972729693854156,24.616207007346187,0.5092589802250822,0.5343087222432127,0.028776498005925355,2.925223722095765,0.0,0.2754428659162451,1.6926351153815904,0.8749892202265616,0.8682547420259765,0.006734478200585072,0.0,0.0,0.1250107797734381,0.0,0.3,0.3,0.3,1.0,1.0420573468835461,0.44457340931025513,0.9249132727223766,0.32150759030508125
B001922,2193.7382752236394,4.918695684357936,8.24970355390034,1.6470878359244017,0.0,0.44892169215109945,0.014395411179079274,0.4473849291703232,3.43541220760609,0.4054641017159871,0.0,0.17458106014067756,0.0,0.903238314895178,3.2126051014482058,0.2521012081527056,0.2521012081527056,0.0,0.0354933647747038,0.0,0.7124054270725899,0.0,0.5,0.5,0.5,0.5,0.23499600342800314,,,0.4014480571426785
B001923,801.3739433338781,2.142711078432829,10.302539288424912,2.3155650092986217,0.3881358000587869,0.2764505508567197,0.3812629536297867,8.53673724561522,1.0416330653527637,0.17344032748361005,0.0895596983482734,0.20719640291010122,0.43672749607449524,0.19415408826358568,2.735038682370422,0.5138714333270681,0.2291070384911671,0.284764394835901,0.0,0.0,0.486128566672932,0.0,0.0,0.0,0.0,0.6,0.8763667741460608,,,0.19003346509277597
B001924,30202.795350309363,6.127570572186927,16.40949045965406,12.90697650810057,0.009812582291620554,0.3202733222383918,0.010811315865462818,0.20267236715736484,0.3701792886840422,1.0739724942256197,1.5256566872807065,1.2971514153393329,1.4785208506801617,0.38208983597706403,2.3442774809165203,0.6110434733293548,0.36206116144776374,0.2489823118815913,0.38695986959782974,0.0,0.001996657072815272,0.0,0.0,0.0,0.0,1.0,0.4422779973391839,,,0.1888484004682247
B001925,4927.074993033517,5.074227593237402,11.022504719309183,3.7409148244813055,0.1727686810574418,0.1709054911625057,0.013830411004536117,0.26917370080517566,2.798954935647714,0.5023159030994566,0.02804193102506068,0.19304876162896184,1.1651617288813076,0.3867043329549007,2.8663568401269965,0.4483978331247936,0.18072941156632755,0.26766842155846604,0.0,0.0,0.5516021668752064,0.0,0.0,0.0,0.0,0.5,0.6504138585128246,,,0.18861606020795307
B001926,8334.083131285779,5.526580325786326,13.10496988094126,5.8606009908057475,0.2202436815347836,0.21726709835037245,0.023606706093925383,0.5103170855546997,1.9898368231054757,1.52369886129876,0.40737937628020343,0.1464214298229992,0.6326331649751902,0.8266106703036978,2.536059235803944,0.6349486202336619,0.24477388302541472,0.39017473720824747,0.0,0.0,0.36505137976633806,0.0,0.0,0.0,0.0,0.95,1.028635529266954,,,0.1888484004682247
B001927,1656.3602395845128,2.151117194265601,10.271104573294474,4.587720369901686,0.0,0.7512281453339203,0.43350727895807567,9.649612278434146,0.6189593309333309,0.2841893905554885,0.06329730050683803,0.6628361599573988,0.133725174748365,0.38810983756417905,2.6897996320144775,0.2601062353153141,0.2601062353153141,0.0,0.4402482361432684,0.0,0.29964552854141724,0.0,0.3,0.3,0.3,1.0,0.5460276996585154,0.4710688820224642,,0.32150759030508125
B001928,932.8465024119591,2.5280393019294287,11.733867205203879,3.3596587905084645,0.0,0.2564110725352909,0.41414822313600114,9.206771559655406,0.5835474816831093,1.1325924369899514,0.07481222760024916,0.37719952496028264,0.14358718228490383,0.21630044841093185,2.4596623808218627,0.6176608983536973,0.6176608983536973,0.0,0.17879933757974065,0.0,0.2035397640665621,0.0,0.30000000000000004,0.30000000000000004,0.30000000000000004,1.0,0.9742281389064299,,,0.32150759030508125
B001929,4522.740401795082,4.745792656658009,8.71594125789092,6.269596951252933,0.0,0.4378223016860092,1.5511107677346292,34.52088438075384,1.933476317954868,0.7426991885496723,0.09780959299458003,1.1082538008083953,0.13662256159426958,0.7269311947562216,3.0199150352622124,0.16989454416142985,0.16989454416142985,0.0,0.390019776098164,0.0,0.44008567974040574,0.0,0.0,0.0,0.0,1.0,0.7336202721399893,,,0.18861606020795307
B001930,795.2417349414939,2.227567884990179,13.903210700034041,3.4418848078661965,0.04825240000328497,0.4352002447523503,0.2546262767975525,9.183468256576218,0.7431719365929339,0.729667553634158,0.032273644566037075,0.3612654776965881,0.0,0.36118927250046223,2.547708200614741,0.36865672460197124,0.3541684368225039,0.014488287779467321,0.48974176665128033,0.0,0.14160150874674873,0.0,0.0,0.0,0.0,0.6,0.6656232014381844,0.27578150693641623,0.31979018951575827,0.19003346509277597
B001931,1064.2045269061778,1.0706282966862954,8.291043723892585,0.8525247834669268,0.0,0.36902475328153955,0.3725269689871174,24.76268490061116,0.46467190900518557,0.42954587415142353,0.01809179194103939,0.0,0.0,0.1583187215886471,2.6813479692907345,0.5257107249165036,0.12450156999232295,0.40120915492418063,0.016898294204473526,0.0,0.457390980879023,0.0,0.0,0.0,0.0,1.0,0.9095461065374539,0.3894560171060294,,0.19003346509277597
B001932,5764.3159431059485,10.576726501111832,29.471627933440395,3.6623513582034453,0.0,0.809,0.05371366456678338,2.3961176776892312,9.114771109865346,0.0,0.0,0.4948223410335998,0.16663975391615443,0.8004932962967296,1.7588158706188721,1.0,0.9842446759024508,0.015755324097549196,0.0,0.0,0.0,0.0,,,,1.0,0.1255275306153903,,,0.18861606020795307
B001933,606.142729132135,1.9552991262326933,8.875845705726821,4.6001012178332035,0.02225642015561538,0.6554946357731474,0.9576984793933733,34.71326224102645,0.30433881205510216,0.16884023857202715,0.0,0.8079443643697016,0.24332209463684118,0.43085361659902066,1.9118992488727231,0.9290345770961613,0.4666021959565899,0.4624323811395714,0.0,0.0,0.07096542290383841,0.0,0.0,0.0,1.0,1.0,0.3966489291142093,0.3791841789943624,0.39548129955531364,0.19003346509277597
B001934,18497.043355898484,5.888902692103943,8.414437210322918,7.791258937834616,0.3363832987676514,0.31441016811500416,2.173437291635066,144.59500797071937,2.389889465305029,0.0,0.5653627281198856,0.5286321785540428,0.9958872301734405,1.4091310899515455,1.9556406977870708,0.9933257056165723,0.8795102879096178,0.11381541770695446,0.0,0.0,0.006674294383427755,0.0,0.0,0.0,0.0,0.98,0.5127554205938625,,,0.18690117976449694
B001935,2249.3694731095006,2.576597334604239,7.86179600030349,3.275704364348436,0.0,0.17588614548455175,0.00910043403341404,0.1613556973184045,0.2591498498206595,0.0,1.2533686939015298,0.20887284327136751,0.5698676381448256,0.2853383094658564,1.8276721283055715,0.9438578665761664,0.6416218629299831,0.3022360036461833,0.0,0.0,0.05614213342383361,0.0,0.0,0.0,0.0,1.0,,,,0.1888484004682247
B001936,2363.377706783438,2.227500194894852,10.034648503647771,1.6121969822566482,0.0,0.4205613175124534,0.788266456663889,28.500478647801135,1.1458070440396055,0.5724724433125606,0.0697200511608776,0.0,0.14547468484282924,0.2940259715389785,2.4066931611602684,0.7122034898274628,0.7122034898274628,0.0,0.03129968352894743,0.0,0.2564968266435895,0.0,0.0,0.0,0.0,,0.43284739423615864,,,0.19003346509277597
B001937,14071.149801539515,4.1803772434757915,9.01498287670221,3.877847911941623,0.18462422895768688,0.26127491926732965,0.9668643672481597,64.07421613655434,1.6633430998753882,0.8717677722821303,0.0,0.30892983820604286,0.857270959788972,0.4790655733232573,2.681617795842099,0.52782506918023,0.11421676749655547,0.41360830168367435,0.07389999041071756,0.0,0.3982749404090523,0.0,0.28,0.28,0.28,0.7,,,,0.30976336009743166
B001938,1832.95652811367,4.055213557773606,10.553644103470582,6.427758345882063,0.2816567445421519,0.595363255186397,0.014067303834471198,0.26949219618290443,2.4998751129488057,0.21453842035984302,0.0,0.60976733906852,0.27248012574929653,0.45855255964714053,2.067937589467382,0.8083538402911554,0.6882569479399366,0.12009689235121876,0.0,0.0,0.19164615970884458,0.0,0.0,0.0,0.0,0.5,0.4025906417049047,,,0.18861606020795307
B001939,3618.559376269724,2.050175284005509,9.255496107117528,2.7880782021990376,0.29803860694244705,0.26173136791888035,0.35972423970571893,23.696653328411184,0.9737206849005284,0.0,0.0,0.483420868869862,0.19159727657576295,0.4014364536593562,2.991053362752316,0.28313675787198733,0.28313675787198733,0.0,0.2357948964858182,0.0,0.48106834564219453,0.0,0.0,0.0,0.0,0.6,0.547477484891517,,,0.19003346509277597
B001940,18622.666894649454,5.519462624377431,8.038959746717026,6.158266565925755,0.04555676024877979,0.20012413937162457,0.6835175633185304,15.178655993350873,1.7572340604907766,1.0155499796044782,1.5395994889491142,0.5941020914628372,0.0,0.6129770038702236,1.9306465214649522,0.9742112865039617,0.7902169289519837,0.18399435755197768,0.025788713496038212,0.0,0.0,0.0,0.0,0.0,0.0,0.98,0.292186826956669,,,0.18690117976449694
B001941,2112.14928670051,1.8302853437612738,10.126212758485892,4.502021077970705,0.0,0.42584446928549036,0.23575976406715718,15.610108376453557,1.118180946104064,0.23062176229322073,0.0,0.18223618055681257,0.0,0.29924645480717654,2.319561654135472,0.7392373984742211,0.6396703112011985,0.09956708727302241,0.0,0.0,0.260762601525779,0.0,0.0,0.0,0.0,0.6,,,,0.19003346509277597
B001942,12050.65303776773,11.065797096205445,21.75716960866442,6.85861826886686,0.0,0.24,0.03521751377621123,2.27730582030071,8.59740390558502,0.0,0.13376725509148674,1.63162603079375,0.0,0.7029999047351888,3.2531509966851195,0.19048473348538308,0.19048473348538308,0.0,0.012088352418585068,0.0,0.797426914096032,0.0,0.0,0.0,0.0,0.5,0.1917761673329704,,,0.18861606020795307
B001943,18108.35357525439,3.989502880646484,13.993714415120788,6.902229744851006,0.0,0.3607806833185784,0.00961224184655415,0.19135995683119045,0.32704298717392843,1.0334568014979026,0.4889185640763365,0.3602230263430022,1.487186103555196,0.2926753980001187,1.9636227823262533,0.8135947797650805,0.8135947797650805,0.0,0.09029270992395659,0.0,0.09611251031096311,0.0,0.0,0.0,0.0,1.0,,,,0.1888484004682247
B001944,3880.00194306884,1.7987955229804542,9.041135250293834,4.1830264134440505,0.0,0.7507236380843046,0.238517974861311,5.325411201080145,0.3588932205792758,0.21704434927202884,0.048632774233053774,0.8083891037547142,0.0,0.3658360751413818,1.7197081737764948,0.8464350567589536,0.8078324440492015,0.038602612709752154,0.12066093477506795,0.0,0.0329040084659784,0.0,0.3,0.3,0.3,1.0,,0.33162262250776603,0.35234335687881924,0.32150759030508125
B001945,3131.7660343831753,1.413251820570025,11.139449443752424,1.8878113526659572,0.0,0.30191777182882445,0.347158318451868,23.096232767565432,0.43244598376771626,0.3467744305726045,0.02835836619565328,0.4430772480285014,0.0,0.16259579200554952,2.4882597243182056,0.6479094685071493,0.06895387624282083,0.5789555922643285,0.0,0.0,0.3520905314928508,0.0,0.0,0.0,0.0,1.0,0.8868221807306488,0.3316782036753191,0.506935584467197,0.19003346509277597
B001946,1948.0619681815394,5.181015872823243,8.774174118278582,6.686809671383776,0.0,0.20183981705267257,1.6410353344362967,59.4212973811077,0.9974706716296304,0.0,2.0338434424975436,0.5312945754871772,1.024889699201743,0.5935174840071489,2.4122394736079826,0.7518698721333723,0.16149662935993928,0.590373242773433,0.05560597891317389,0.0,0.1925241489534538,0.0,0.0,0.0,0.9799999999999999,0.98,,0.3377039232151949,0.7597963139130155,0.18690117976449694
B001947,4839.675901459059,5.046585924357726,17.399806686858813,7.0284541124074185,0.0,0.49072250617767754,0.007422474878118264,0.1655211897820373,1.6954891853569638,0.14448251696314107,1.04175239731792,0.6811357024922544,0.9170722798993178,0.566653842328128,2.4592051815923206,0.6557250000659365,0.10397715738415213,0.5517478426817843,0.0,0.0,0.34427499993406346,0.0,0.0,0.0,0.0,1.0,0.09430168664772261,,,0.1888484004682247
B001948,3619.8007406013503,3.598211471770726,11.38668235325552,7.314554007043527,0.0,0.47000000000000003,0.03015795698640163,0.6173477977753804,1.4244832359351693,0.0,0.7718534492787966,1.0867676753855744,0.0,0.3151071111711861,2.684594132793438,0.5756716697759138,0.27364170741498495,0.30202996236092877,0.0,0.0,0.4243283302240864,0.0,0.0,0.0,0.0,1.0,1.5332310983116861,,,0.1888484004682247
B001949,942.1262141172194,0.7115756904208606,4.404107044969557,0.4850700492719054,0.03545808529379262,0.37971004472476577,0.4651448628053606,16.822319624750445,0.2550406272598867,0.0,0.040133522932991696,0.041760778970098035,0.16057916427285085,0.2140615969850334,2.9436628322267624,0.5422528758299286,0.20149718470657113,0.34075569112335746,0.0,0.0,0.45774712417007163,0.0,0.0,0.0,1.0,1.0,0.4459188765021925,,,0.19003346509277597
B001950,2708.198407965451,7.319455156663381,11.627510031147938,12.35929554422892,0.0,0.5726164258050502,0.01919150921850954,0.497697884928832,3.5144323578448744,0.2878566029794641,0.0,2.518010832736542,0.0,0.9991553631025017,2.1678383608090015,0.4959218454945478,0.4959218454945478,0.0,0.3440161567824117,0.0,0.1600619977230405,0.0,,0.0,,0.5,,,,0.18481989412312194
B001951,2041.8532989458874,5.784286965852372,8.27139530469953,10.028467401550538,0.0,0.40372111881653633,1.0336459804824079,23.076359854425593,1.645109389975464,0.9773660441366123,0.8036532343908275,0.6523457159534816,0.9414048597060319,0.764407721689955,2.014492412865653,0.7884049217375917,0.5066568394396139,0.2817480822979777,0.16275210155782902,0.0,0.048842976704579336,0.0,0.19999999999999998,0.19999999999999998,0.19999999999999998,0.98,0.3585331002761235,,,0.27509512128729385
B001952,2132.2752058564233,5.552800015251102,8.879325571521148,6.340549439621039,0.1227010551161856,0.46065652504792653,1.2980732771846764,28.932412674863926,2.2181978290474413,0.0,1.0624925669452354,0.4726192720817182,0.6981402776332827,1.1013500695434262,2.7426628120282297,0.5591688049403934,0.3483275092878507,0.21084129565254264,0.0,0.0,0.440831195059607,0.0,0.28,0.28,0.28,0.7,,,,0.30976336009743166
B001953,2261.318128918203,5.739386114005591,17.421566996368302,7.839406227761947,0.20505260876164452,0.3626680480785581,0.0358397981089065,1.3162872744954215,2.178075862801334,0.9929013894319876,0.4568448836335024,1.0537093631507608,0.5588402987826884,0.49901431620531694,1.7245659698769622,0.788589799962967,0.6116222354463273,0.17696756451663972,0.18359269479699866,0.0,0.027817505240034093,0.0,0.0,0.0,0.0,0.95,0.7083189458764156,,,0.1888484004682247
B001954,324.88417533959483,1.072225001120775,5.292384577003295,0.9678256938221782,0.0,0.4676939322267379,0.3714703253643489,13.465213396985993,0.4757893675515062,0.2576540509949511,0.06091696718785002,0.0,0.0,0.27786461538646745,1.9739368147680767,0.8849178249489994,0.6446193328175618,0.24029849213143747,0.05681360453652429,0.0,0.05826857051447619,0.0,0.5,0.5,1.0,0.5,0.8463321037903676,,,0.4064886165245276
B001955,3737.694822572524,5.932848924718292,8.145449765188571,10.56756685372679,0.4339753941103127,0.2936420686433638,0.015152021873096834,0.3378900877700594,1.8706199843329425,0.5482713841844296,0.4223795625477255,0.0,2.394442603073445,0.697135390579749,2.3334830302290537,0.6847012273413375,0.5210950140281874,0.16360621331315026,0.0,0.0,0.3152987726586624,0.0,1.0,1.0,1.0,1.0,,,,0.6052750777176602
B001956,511.6683086579781,1.4745484399365363,7.2375474415120635,2.609051109540593,0.0,0.453,0.5771253706538403,38.35856369739894,0.31670657562541943,0.3620674286974782,0.0,0.5596072886609786,0.0,0.2361671469526602,2.6193901082720066,0.7453124388216451,0.12025686764073144,0.6250555711809137,0.0,0.0,0.25468756117835495,0.0,0.0,0.0,1.0,1.0,1.0321112392448242,,,0.19003346509277597
B001957,5203.92619509939,1.2175774906643402,6.149573827313876,0.3979345851335628,0.556602608118845,0.453,0.486090658745391,17.52441661398406,0.9392735448621881,0.0,0.0,0.08186962493501447,0.0,0.19643432086713755,2.8065000060002046,0.5570639854020041,0.4898242199145981,0.06723976548740597,0.0,0.0,0.4429360145979959,0.0,0.0,0.0,0.0,0.6,,,,0.19003346509277597
B001958,9405.635458160312,4.0983161037735565,14.11306840031505,6.064196789637291,0.2720022758199251,0.3572882404068826,0.011926334190437173,0.4261137707362977,1.267425684305781,0.6479261990615839,0.7479047236481071,0.11781168072196962,0.9059380060080533,0.4113098100280621,2.645426322371646,0.5224596553211023,0.3112225563640547,0.21123709895704765,0.15809571117879387,0.0,0.31944463350010394,0.0,0.0,0.0,0.0,0.95,0.6906637420913004,,,0.1888484004682247
B001959,6522.215781468927,4.729670617453899,13.666204668116977,11.636077088643649,0.0,0.14800577953083258,0.017227005030109165,0.12089077450283113,0.30468102357981547,0.0,1.2574323378670615,2.4559396781355916,0.0,0.7116175778714312,2.2862344196308317,1.0,0.4807376925842492,0.519262307415751,0.0,0.0,0.0,0.0,0.0,0.0,0.0,1.0,0.8661454451504936,,,0.1888484004682247
B001960,24007.93890477952,8.531605865237925,12.977825867010981,9.610040280070985,0.0,0.20468137993880964,1.8590840326263371,123.12540402100804,2.4168725490186906,1.8104879965662746,1.632139677986031,1.1895512489445137,0.6866182909364221,0.7959361017859907,2.6412568841196555,0.7140803029990512,0.09065755018475263,0.6234227528142985,0.0,0.0,0.2859196970009487,0.0,0.0,0.0,0.0,0.98,0.340414998793121,0.3632843115814942,,0.18690117976449694
B001961,16293.736263426765,9.56205179778566,12.78578572107516,7.918073895188379,0.0,0.3465038565955474,0.011127916526175943,0.6308767029659449,4.2717541645423065,0.4782526159384513,1.8980408692810513,0.0,1.798056951998593,1.1159471960252603,1.7473868852703245,0.9986090176021921,0.8001117798314669,0.19849723777072528,0.0,0.0,0.0013909823978078813,0.0,0.5,0.5,0.5,0.5,,0.30098582169434457,0.4151071899095742,0.4014480571426785
B001962,15082.879183979148,3.3091003036373734,9.703377103561278,1.3720641746472673,0.0,0.2675864784628652,0.008362114961732973,0.14283275015646188,2.059634227027826,0.7174740130507216,0.0,0.0,0.15988016902630425,0.3721118945325223,3.1506441850811866,0.35078038729379635,0.13396193296587172,0.21681845432792468,0.0,0.0,0.6492196127062039,0.0,0.0,0.0,0.0,0.5,,,,0.18861606020795307
B001963,23163.66380866305,5.300609567199782,41.94999459051904,13.308853522599325,0.0,0.2576099539326253,0.13773467153926994,3.065099514209626,0.43125030863242897,0.3724833696676273,0.04806317772390146,4.312411830206318,0.0,0.13640088096950656,2.1260997261494987,0.939391175105875,0.04648285624280807,0.892908318863067,0.0,0.0,0.06060882489412493,0.0,,0.0,,0.6,0.9055933282432872,0.4275766143505045,,0.19003346509277597
B001964,14039.568602785192,2.8740160906417995,5.227114718239589,1.7629997663896841,0.49014694077333065,0.365,1.2530051256280417,27.957489725923203,1.7916136826052287,0.0,0.0,0.0,0.47460379523551305,0.6077986128010581,2.9798449197102714,0.4212319991223467,0.4212319991223467,0.0,0.0,0.0,0.5787680008776533,0.0,0.2,0.2,0.2,0.98,,,,0.27509512128729385
B001965,8504.096641455544,2.646777666185977,11.18003924648489,4.491784024436068,0.1416511288548218,0.349358047905709,0.48538139396152014,32.20132632325811,0.6658899326065273,0.30462938889904617,0.02266011637139849,0.8660070647118954,0.4092519291612921,0.3783392344358177,2.5694598539708466,0.6584529333247527,0.17663724847697948,0.48181568484777326,0.0,0.0,0.34154706667524726,0.0,0.3,0.3,0.3,1.0,0.8322637188524175,,,0.32150759030508125
B001966,4535.736504940358,4.749462308838071,7.90396059790308,7.607245432868305,0.0,0.4486915459864189,1.6714296330719827,60.386401107321326,1.0139567320193046,0.8332461549076536,0.5600354478568338,1.0107989979090484,0.4450667439374502,0.8863582322077788,2.398848583739958,0.6029283414307891,0.5259449210179843,0.07698342041280487,0.17544010263163928,0.0,0.2216315559375712,0.0,0.0,0.0,0.9800000000000001,0.98,0.1678222966420366,0.3774942297013866,0.4170518157392877,0.18690117976449694
B001967,30345.80668165329,9.04225467272148,14.906483557130649,11.839666019927645,0.023924880766675677,0.5116493753241761,0.016441517086154288,0.7217173712227339,3.805852573107754,0.22262032885717067,0.0,2.254193473942397,1.8674922437826609,0.8920960530314976,1.9042838240239137,0.6759301643628881,0.6303647390034599,0.04556542535942812,0.23114949183473538,0.0,0.09292034380237661,0.0,0.5,0.5,0.5,0.5,0.25266114365829906,0.24849382361032157,0.5804117289757129,0.4014480571426785
B001968,260.6364467017594,0.8069239835967783,5.726720756662212,1.0847997675379815,0.08059692883551706,0.7523490692624387,0.29309740391619565,19.463707521652864,0.40221861895246075,0.0,0.0,0.15095491725976656,0.04110223171457712,0.2126482156699738,2.869917807231969,0.45725575424893716,0.40631882270382647,0.0509369315451107,0.0,0.0,0.5427442457510627,0.0,0.3,0.3,0.3,1.0,1.077807488733108,,,0.32150759030508125
B001969,5646.537023239522,8.56834146166847,15.368746278719941,15.374655486253653,0.0,0.6378287423810034,0.017200952170424486,0.6417323169808182,3.3135911968339666,0.6745372367598572,0.0,3.3381538590385604,0.5463027297533515,0.6957564392827333,2.5276675328025666,0.6060762675393249,0.07400202120507335,0.5320742463342514,0.0,0.0,0.3939237324606752,0.0,0.5,0.5,0.5,0.5,,0.2521275884352391,0.21010921018790488,0.4014480571426785
B001970,13087.357160539214,4.714465835929111,12.558652488361211,3.55757491837328,0.0,0.24,0.01150159166387982,0.25648549410452,1.922023162339315,0.9205123218900064,1.4666204483384644,0.0,0.0,0.4053099033613249,2.0773357847699994,0.9881550083242736,0.4818128577382947,0.5063421505859789,0.0,0.0,0.011844991675726292,0.0,0.0,0.0,0.0,1.0,0.10779242066991471,0.2454167309049651,,0.1888484004682247
B001971,5022.974422724423,3.6530723074359437,10.004981576311486,2.4140504763465236,0.0,0.433,0.009169893439139163,0.10086882783053079,1.8662659653176812,0.0,0.0,0.0,1.1490880267409453,0.6377183153773174,1.9438667573261283,0.9580236021008728,0.9580236021008728,0.0,0.0,0.0,0.041976397899127056,0.0,0.0,0.0,0.0,1.0,0.223931389091937,0.18740713881196233,,0.1888484004682247
B001972,2816.760921706108,6.3440561299687115,9.078940523791005,6.269281775969137,0.0,0.3977275066247152,0.019952276684101343,0.6863049554316127,4.282017214594162,0.804633005840213,0.0,0.41868342132691494,0.0,0.838722488207421,3.199252537427346,0.3023534088897941,0.23635723660671887,0.06599617228307528,0.0,0.0,0.6976465911102057,0.0,0.0,0.0,0.0,1.0,0.17160589078817173,0.26737784936773806,,0.18481989412312194
B001973,791.1406639666965,2.0233776572038273,9.13308002794206,2.214748376382959,0.29701272543359103,0.2504930177175232,0.44484381441365023,16.11033421221131,0.6101972585650466,0.0,0.026612854365809485,0.2039837847394701,0.7778453511103548,0.40473840842314684,2.518606592947409,0.6893276425290682,0.29174580573648856,0.3975818367925797,0.0,0.0,0.3106723574709321,0.0,0.3,0.3,0.3,1.0,1.0240042091746868,,,0.32150759030508125
B001974,26615.418267790363,13.768969616032262,23.241167580671195,5.429451651457715,0.09389018121921779,0.4404063259638468,0.044514765267798906,1.8147669074204011,11.744110590704997,0.0,0.0773846002390051,1.129173327583442,0.1356355366978695,0.6826655608069483,2.7390301778773263,0.4436475449627778,0.3560187708809787,0.08762877408179909,0.0,0.0,0.5563524550372222,0.0,0.0,0.0,0.0,0.5,,,,0.18861606020795307
B001975,6898.401014701183,10.144707374560564,13.058748122479646,6.812388833169465,0.0,0.020999999999999998,0.061521173087425184,0.9715608703626709,4.58812745898321,0.0,2.9772634454991254,0.0,1.7641591823868226,0.8151572876914065,2.731776820848795,0.3506331757738239,0.3506331757738239,0.0,0.17389946474067128,0.0,0.47546735948550484,0.0,0.5,0.5,0.5,0.5,0.357197352529428,0.2929235045045996,,0.4014480571426785
B001976,53130.18605939526,12.031292133015231,27.823236757561503,3.270791866790154,0.0,0.0,0.05290700322173965,2.2208294189046534,10.807630359738543,0.0,0.0,0.6856495574514864,0.0,0.5380122158251986,3.270559146145921,0.2128683643453299,0.1558795097924605,0.05698885455286937,0.0,0.0,0.78713163565467,0.0,,0.0,,0.92,0.24165056662201206,,,0.18861606020795307
B001977,1198.0570072617963,1.3802500083661249,5.720580257023084,8.529205470430774,0.5597639494600097,0.7384400795691816,1.091302203816821,24.32798626624767,0.5408675182995905,0.05104591395273525,0.0,0.007031254386607614,0.13533434995797147,0.6459709717692199,2.547420227807243,0.5874332201711795,0.5874332201711795,0.0,0.036983092659539994,0.0,0.3755836871692806,0.0,0.0,0.0,0.0,1.0,,,,0.19003346509277597
B001978,1153.8232190596439,1.6003095964766212,6.660480175738451,2.8786038687215885,0.0,0.365,0.31992513191469374,11.685625426722236,0.48777187089382507,0.0,0.07097789898418154,0.7646372089257493,0.0,0.2769226176728654,2.4211940545030584,0.6952015585185859,0.17304315257657768,0.5221584059420081,0.0,0.0,0.3047984414814142,0.0,0.5,0.5,1.0,0.5,,0.26850661042127594,0.8913736075767112,0.4064886165245276
B001979,1246.1158515026257,1.4096333161794408,10.836221077341577,2.383678030882716,0.0,0.42219345626167454,0.26670881343203573,5.935109832161864,0.36589177586359806,0.34912844302272966,0.0399548386613167,0.3589457647626177,0.1740372944506774,0.12167519941850068,2.236215146509434,0.7404347842350357,0.36233428597365075,0.37810049826138503,0.0,0.0,0.25956521576496383,0.0,0.30000000000000004,0.30000000000000004,0.30000000000000004,1.0,0.5891543316364236,,,0.32150759030508125
B001980,2291.03161647139,1.8110921869339052,8.955716176546517,2.450507460704736,0.0,0.30931176004907823,0.5448372025089729,36.25124567420424,0.679994936482802,0.47789722471191276,0.04064547679512937,0.4148585870507486,0.0,0.19769596189331243,2.5522509445412274,0.6020962276371243,0.2600739947775331,0.34202223285959116,0.022442522301385593,0.0,0.3754612500614901,0.0,0.0,0.0,0.0,1.0,0.452367481791783,0.25961196899979433,,0.19003346509277597
B001981,34079.48577030509,8.937709354918722,15.22368290125511,4.7030343654026225,0.01626046617227657,0.4200299578585305,0.0181961040517805,0.2135763498051888,5.3091699672854205,0.0,0.0,0.06482264074378473,2.175430727387872,1.3882860195016449,3.0442257400573505,0.4059809111644915,0.3987281981739856,0.007252712990505856,0.0,0.0,0.5940190888355086,0.0,0.0,0.0,0.0,1.0,,0.21717205672868897,0.4870512917475569,0.18481989412312194
B001982,46048.21457269297,10.038852097818392,20.216699730153675,6.4403471219073145,0.1536969728367682,0.47236651377625644,0.03223475907146532,1.3594808535463199,7.8692449812799605,0.2438918155431639,0.0,1.248486247287398,0.1440147907146197,0.5332142629932486,3.350440093279278,0.2153624009323472,0.09099696202337923,0.12436543890896795,0.0,0.0,0.7846375990676526,0.0,0.0,0.0,0.0,0.5,,0.13975038555803745,,0.18861606020795307
B001983,1265.656859676458,1.993160408939304,12.771186204741424,3.3007114519087657,0.0,0.28601327285297734,0.30762523435718625,6.850389527805365,0.4224251384935924,0.20347797565538894,0.0,0.7675537805290692,0.44389167478522307,0.1558118394760304,2.419493119206378,0.7880626483453014,0.0781732562904701,0.7098893920548311,0.0,0.0,0.21193735165469874,0.0,0.3,0.3,0.3,1.0,0.35523883362435155,,,0.32150759030508125
B001984,449.93454927292584,1.3759466338621584,9.011751046710756,2.51863663671231,0.35134258950881725,0.3459901647470806,0.21447696021394913,7.816454419900779,0.3297681661855184,0.0,0.03259548142472181,0.7100417945610835,0.11499779291601595,0.1885433987748189,1.9101583190209699,0.7603336073726285,0.7603336073726285,0.0,0.0,0.0,0.23966639262737163,0.0,0.5,0.5,1.0,0.5,,,,0.4064886165245276
B001985,1530.4448548103178,2.971737582155957,6.892703244349972,2.080042659496712,0.24405046393358662,0.07089731269993939,1.1366397779662247,25.39561200315276,1.416909902385189,0.0,0.0,0.24135457947928804,0.8440485433199901,0.46942455697148977,2.78397066125373,0.4590968837898424,0.17507162247869945,0.2840252613111431,0.0,0.0,0.5409031162101575,0.0,0.0,0.0,0.0,1.0,0.4980619535410273,,,0.18861606020795307
B001986,3345.3061035784167,2.9762509818313316,6.6105125736913966,3.4364110000042305,0.3111673132384583,0.18831211077682775,2.2475347145123954,149.6742558456214,1.0848373721809497,0.0,0.0,0.9320548676275017,0.3784329755957634,0.5809257664271169,1.9253684204286203,0.6618563925586652,0.5347054977228716,0.1271508948357937,0.3131640689300989,0.0,0.024979538511235924,0.0,0.0,0.0,0.9799999999999999,0.98,0.21131366477261906,0.38329398531282605,0.7640865966186249,0.18690117976449694
B001987,3274.8176524151313,4.297660961174713,6.945561655452829,8.573141611959205,0.3074763166716246,0.40308701107863243,1.7951798142018822,64.98008166180473,1.1087440555585824,1.0905392093484998,0.2249579587467693,0.5071283198077456,0.40732493763526684,0.9589664800778498,2.7384639731413647,0.3497880098915266,0.2974437322067462,0.05234427768478037,0.371752807769076,0.0,0.2784591823393976,0.0,0.0,0.0,0.98,0.98,,,,0.18690117976449694
B001988,9655.152084541043,9.635880323893257,20.769639179009623,2.3256223032752996,0.2361720397033265,0.06407936128910006,0.030161321507846423,1.399485317964074,7.36307125417589,0.0,0.0,0.24546242768938947,0.9817494132165601,1.0455972288114155,3.283923790797814,0.22337787697830178,0.09601931713162763,0.12735855984667419,0.0,0.0,0.776622123021698,0.0,0.0,0.0,0.0,0.5,0.13850528871300538,0.1344295823987664,0.2659732354317085,0.18861606020795307
B001989,8816.201721036983,4.7170688716088724,8.511365075903981,4.8625990963077905,0.147680163773943,0.3051994617234339,1.4884324427801334,53.88125442864083,1.8605405534751667,0.0,0.089265506162613,1.721691062930566,0.0,1.0455717490405265,2.6045933470859297,0.5478715612810258,0.16395590976425914,0.3839156515167665,0.0,0.0,0.4521284387189742,0.0,0.0,0.0,0.0,1.0,,,,0.18861606020795307
B001990,12764.502414331962,7.451548402995892,11.108270479430773,7.6598960848547755,0.19258702005381967,0.15250990300879677,1.9345879628027993,128.70669943575226,2.526477627721782,0.0,2.872408213867241,0.34992935626628835,0.45860400859359934,1.2441291965469816,2.7081196036348625,0.6609459549768191,0.2754679229596894,0.38547803201712955,0.0,0.0,0.33905404502318104,0.0,0.0,0.0,0.0,0.98,0.34451208334909933,0.3579532533936185,,0.18690117976449694
B001991,6319.6334405127,1.947498749002373,7.82335368714284,3.4233065808288736,0.02987110068208053,0.4579244975324692,0.3346320897906709,12.16470820559288,0.605990502280141,0.3215192096964418,0.06069004881204011,0.5587256611842781,0.11284149186321313,0.2877318351662586,2.1734411812418184,0.6955851251167204,0.37752807357118257,0.31805705154553787,0.16509341012986195,0.0,0.13932146475341753,0.0,0.5,0.5,1.0,0.5,,0.3131294261896881,,0.4064886165245276
B001992,2271.2724638753207,6.0245953948947495,13.950979292116665,8.118568798185462,0.04414641111053353,0.365,0.015208132316308865,0.17130689784628522,2.59207727877566,0.3879246712540483,0.0,2.5742786173748557,0.0,0.4703148274901838,2.6544741244027574,0.26265662324891426,0.26265662324891426,0.0,0.42729485527879646,0.0,0.3100485214722889,0.0,0.0,0.0,0.0,0.5,0.4965127074664281,,,0.18861606020795307
B001993,3474.3073782064666,5.71432134573432,9.1427252888417,5.5463747888488015,0.24363300665922094,0.6253170579187475,0.01382361128386105,0.40296582130063535,3.4840397425213716,0.3085820184855704,0.0,0.7814130035875092,0.0,1.1402865811398697,2.922020115918902,0.3840060456361242,0.24725962269110982,0.1367464229450144,0.0,0.0,0.6159939543638758,0.0,0.5,0.5,0.5,0.5,0.37452509890099117,0.2520955473593824,0.726668578780754,0.4014480571426785
B001994,16133.971924120126,4.400974338276084,7.6214469738766395,5.763515498841308,0.07806633101707938,0.33948406050224444,1.2687014764719249,45.94097094341264,1.7748168233504253,0.0,0.6347129811591624,0.5802906445322307,0.7884166289111646,0.6227372603231017,2.682616544952968,0.4175759149584954,0.3896361695147771,0.027939745443718248,0.1791459273129952,0.0,0.40327815772850945,0.0,0.19999999999999998,0.19999999999999998,0.19999999999999998,0.98,,,,0.27509512128729385
B001995,9662.418023371969,4.547020246292691,9.7851370495256,6.73234509494156,0.0,0.42791951440490233,1.0888542915901727,39.39582048435112,1.530538977535873,1.1549031219487804,0.2978786272674898,0.05699026247903586,0.6104411328472026,0.8962681242143096,2.6315812056178496,0.6643399276576569,0.26356438267062565,0.40077554498703133,0.0,0.0,0.33566007234234296,0.0,0.2,0.2,0.2,0.98,0.45875928587119097,0.3458210179360536,0.5031847723617224,0.27509512128729385
B001996,5971.313413393376,5.596357463348994,19.78997759170613,10.147254181844,0.0,0.2897042836281686,0.01177152589340569,0.2625050274229469,1.2509740229093842,1.1697316161282054,0.6159075072701382,0.336788959425712,1.7813568861877118,0.4415984714278414,2.0997417208103695,0.7494142414503095,0.6892342115591935,0.060180029891115906,0.0,0.0,0.2505857585496904,0.0,0.0,0.0,0.0,0.95,,,,0.1888484004682247
B001997,10038.909086866617,5.716918614388734,10.1944873657364,8.004094566229156,0.07387017258656021,0.3192012881081917,1.202846511111018,43.54365798879931,1.7017813631222876,0.7855087369576366,1.5939294850978627,0.9587168115170323,0.0,0.6769822176939152,2.606543261662473,0.6724931724905828,0.2259858022106878,0.44650737027989496,0.0,0.0,0.3275068275094172,0.0,0.19999999999999998,0.19999999999999998,0.19999999999999998,0.98,0.44165228771079396,,,0.27509512128729385
B001998,1468.0485775655752,4.602033158512775,13.280269531285407,8.464762215094547,0.1924488949026187,0.43435836816692447,0.019931873169881716,0.37074232926233236,1.5297150201558027,0.0,0.609727524232631,1.0759776390552716,0.9056057824356238,0.4810071926334462,2.5784475838488827,0.6676001742129656,0.23701148585782178,0.43058868835514374,0.0,0.0,0.3323998257870346,0.0,0.0,0.0,0.0,1.0,0.7822587627786778,,,0.1888484004682247
B001999,11510.43056576914,5.338789687276967,9.125730921079775,4.099933430129829,0.0,0.25018308658967786,1.987697474636253,44.10662110334565,2.483190986818295,1.4078836159266686,0.0,0.6307159386387573,0.17788958616849504,0.63910955972475,2.0809964814994815,0.8187451861177292,0.5550367993120381,0.26370838680569103,0.11813837509685683,0.0,0.06311643878541388,0.0,0.0,0.0,0.0,1.0,,0.31047906175679696,,0.18861606020795307
B002000,3009.930105928814,4.854725977304539,17.342947400665796,7.317807869008344,0.007765081742185779,0.4042088309733485,0.005318742624620668,0.1186079605290409,1.4407797525439832,0.6076862024550536,0.4552074974211049,0.7674431252032038,1.3164559383102419,0.2671534613709499,1.6884779324869919,0.9913459897179678,0.7724059908704319,0.2189399988475359,0.0,0.0,0.008654010282032124,0.0,0.0,0.0,0.0,1.0,,,,0.1888484004682247
