batch_id,gwp_total,gwp_per_unit,gwp_per_kg,energy_per_unit,renewable_elec_share,renewable_elec_share_location,water_per_unit,aware_per_unit,gwp_fibre,gwp_spinning,gwp_fabric,gwp_wet,gwp_garment,gwp_transport,dq_score_gwp,primary_share_gwp,gwp_share_measured,gwp_share_calculated,gwp_share_estimated,gwp_share_imputed,gwp_share_default,gwp_share_zero,recycled_content,recycled_content_declared,certified_material_ratio,mono_material_share,chem_intensity,waste_ratio,waste_recovery_rate,mci
B000001,5987.6457010204485,4.389769575528188,13.862808055116059,3.85359125813582,0.02758405404564041,0.0862503710568808,0.0179915710070013,0.6082753149703458,1.411593537789308,0.0,0.0,0.23991049260165806,2.257322844282772,0.48094270085445007,2.5906779956262795,0.6784356186578513,0.6237834351038224,0.0546521835540289,0.0,0.0,0.32156438134214865,0.0,0.0,0.0,0.0,1.0,0.7456956547549037,,,0.18696941873279815
B000002,2896.1159437759566,1.5115427681502904,10.944623521339134,2.607205997546319,0.039783323845442996,0.3033735753116112,0.28254734118616176,10.194605515659067,0.3875992676228714,0.4121096340622492,0.043611771713255594,0.23288739311205248,0.3083694363440016,0.12696526529586047,2.307744860741993,0.7406846939217896,0.3537498261211076,0.3869348678006821,0.0,0.0,0.2593153060782104,0.0,0.3,0.3,0.3,1.0,0.6966241855337563,0.37476176449715976,0.26467552691956153,0.32025669999791706
B000003,7552.948593956989,4.131809952930519,8.128458987432799,4.864244107198622,0.0869489484399817,0.4454288104168193,1.1911097367640406,55.98339444091718,1.6956699909809825,0.0,0.4503749422843482,0.43264935741952587,0.529355349213824,1.0237603130318391,2.472442714049691,0.6061357996334068,0.5014239754332969,0.10471182420011015,0.0,0.0,0.3938642003665932,0.0,0.19999999999999998,0.19999999999999998,0.19999999999999998,0.98,0.45243183255285013,,,0.27637726888891634
B000004,7870.346807543822,9.862589984390755,13.972102793670949,9.64347900105144,0.0,0.32969368975431806,0.01915265091191451,0.6477512046718722,3.7663699709948792,0.5154431869527797,1.883911694006808,0.4707000689874909,2.244356259503528,0.9818088039452676,2.1357933047411266,0.750891099197375,0.47560272841565715,0.27528837078171786,0.19101591944797688,0.0,0.058092981354648014,0.0,0.0,0.0,0.0,1.0,,,,0.1858426376147888
B000005,44063.67012784618,15.901721446353728,30.887664113540406,2.1700591064887913,0.0,0.38592125477166206,0.07381865695325042,3.396906894466763,14.098348139731101,0.6743073737737599,0.0,0.36931020730755554,0.09421946248392003,0.665536263057393,3.4711282921366418,0.10460030377705921,0.10460030377705921,0.0,0.0059251108631087615,0.0,0.8894745853598321,0.0,0.0,0.0,0.0,1.0,,,,0.18699916418064566
B000006,3159.369064747611,2.5769731360094705,9.657586228821351,5.930661805859805,0.09974554409571323,0.3792451061597595,0.009426997358357675,0.29653822501320903,0.27222125368546435,1.197416002702479,0.0,0.8392643100184509,0.0,0.26807156960307604,1.6246790944599843,0.9959401474354351,0.9959401474354351,0.0,0.0,0.0,0.004059852564564985,0.0,0.0,0.0,0.0,1.0,0.8333058499355984,,,0.18696941873279815
B000007,1687.9541591479697,2.407923194219643,10.32581260980136,4.467708869940386,0.0,0.14136805002775205,1.692869210188652,61.19417341153658,0.47773839900589743,0.7242190191247464,0.06151155470195634,0.6092614888331936,0.20673559806149913,0.32845713449234987,2.2194955562032765,0.9516540557661506,0.5650326637628446,0.3866213920033061,0.0,0.0,0.04834594423384938,0.0,0.0,0.0,1.0,1.0,0.8483366908485391,,,0.18877684261687888
B000008,5129.085821890815,1.5523867499669537,9.905819068939229,2.3044623930470336,0.0,0.2676850282992323,0.4324450125134044,20.324915588130008,0.5405562656417554,0.4498819826188635,0.0,0.2914803071709504,0.10071063026148946,0.16975756427389482,2.6497612288562364,0.5732010355436905,0.09563815386771929,0.4775628816759712,0.06487470359021895,0.0,0.3619242608660904,0.0,0.0,0.0,0.0,1.0,0.43530085847977257,,,0.18877684261687888
B000009,65093.56048781818,14.8007186193311,28.916130101649873,0.2635103350005655,0.0,0.021,0.06706468037600065,4.466507713041643,13.412936075200129,0.0,0.0,0.0,0.18340319316039355,1.2043793509705771,3.549773377569058,0.07837633734425398,0.07837633734425398,0.0,0.0,0.0,0.921623662655746,0.0,0.0,0.0,0.0,1.0,0.14052046524623676,,,0.18699916418064566
B000010,3854.7026054435028,7.8347613931778515,19.54627176421353,16.085644474368117,0.06898035584073749,0.44284082300218464,0.011002733044239764,0.1210300634866374,2.513314654775581,0.0,0.7018340327303885,2.8522085613557944,1.3783219551410628,0.3890821891750237,2.6705140409680013,0.6762699729622602,0.3122246092018058,0.36404536376045427,0.0,0.0,0.32373002703773984,0.0,0.0,0.0,0.0,1.0,,0.29456056973431005,,0.18696941873279815
B000011,16460.38759400128,11.782668284897122,36.161024454583234,4.99897336573861,0.0,0.30106427578239703,0.048825794195479916,3.173649019575058,9.220567383737771,0.5644870426673689,0.07301745980624584,1.1783857706087566,0.2201654351243455,0.5260451929526377,3.34186926983462,0.15611255560031867,0.13742702276506516,0.018685532835253524,0.04790825210541838,0.0,0.7959791922942633,0.0,0.0,0.0,0.0,1.0,,0.3940064939212921,0.31320514014059164,0.18699916418064566
B000012,10075.101046335367,2.7580347786299937,13.153020878746444,4.246491600127965,0.0,0.44013323503993756,0.6295625188417678,22.735587080148893,0.9529977536620152,0.5301110378130339,0.01620048843406808,0.6591005911272002,0.20860871550420945,0.39101619208946764,2.2743631373424633,0.7642070527112503,0.44959560786847397,0.31461144484277653,0.0,0.0,0.23579294728874986,0.0,0.0,0.0,0.0,0.6,,0.3714758363506885,,0.18877684261687888
B000013,7718.711838549657,10.810520782282433,21.871322495735907,14.919635694502087,0.0,0.0731120387934112,0.00893826630096419,0.32567289460126164,2.959238934693092,0.0,2.101818014810341,2.7381620772597657,2.4220807409677163,0.5892210145515181,2.621154080944781,0.7060968912474819,0.03433824249304341,0.6717586487544385,0.0,0.0,0.293903108752518,0.0,0.5,0.5,0.5,0.5,0.3020513993051179,,,0.4023874260919753
B000014,14337.495988847895,6.681032613629029,10.35159335201681,9.791486772463294,0.05810756249350198,0.20489711113400821,1.8293278811581226,65.86795256241616,1.0771374729857925,1.930380274521239,1.536116949209759,0.9854722201033816,0.6298995017865662,0.5220261950222904,2.301879202718291,0.557920881240796,0.4104179012234467,0.14750298001734932,0.2889344186979934,0.0,0.1531447000612106,0.0,0.0,0.0,0.98,0.98,0.40586599242319965,,,0.18816800894164298
B000015,2983.198958410367,5.0222204687043215,7.547386767588738,6.561363594149034,0.2552525863102806,0.40154200139308854,1.4237922199156359,51.380740911338805,1.984358395515891,0.17953022447917022,0.9619805533198592,0.0,1.2642173400619432,0.6321339553274584,2.6421744921068138,0.5349688997533814,0.2832441202579687,0.2517247794954126,0.035747181072177635,0.0,0.4292839191744411,0.0,0.2,0.2,0.2,0.98,0.43868479463337917,,,0.27637726888891634
B000016,20133.25980615549,4.20494147998235,6.4067227886703595,4.622208383214363,0.16560036283865312,0.16983340715575865,1.8231894377154059,65.99301285405805,1.0819797574422452,0.3837335935363279,0.0,1.209394425849474,0.8993164063414212,0.6305172968128795,2.3446745256960266,0.7316475754230855,0.7316475754230855,0.0,0.0,0.0,0.2683524245769139,0.0,0.0,0.0,0.9799999999999999,0.98,,0.3748793431095123,,0.18816800894164298
B000017,3248.2065407078485,2.1625875770358514,11.098681284720657,4.24381469599541,0.3992177550170058,0.41755262931158266,0.5469667856854354,19.743011606620023,0.6813185608767398,0.22363136390424518,0.08274858128741738,0.9537398049020416,0.0,0.22114926606540702,2.7356075759093366,0.644587201144511,0.24070908294235477,0.403878118202156,0.0,0.0,0.3554127988554891,0.0,0.0,0.0,0.0,1.0,1.0861104275400166,,,0.18877684261687888
B000018,754.5073436903061,1.8768839395281247,10.611729701834854,1.4621600904831926,0.024797886158718533,0.16782327838250985,0.30108156914802536,14.103153063086971,0.8148914998592072,0.6337090431629268,0.016436582063069406,0.10624318239792331,0.13133616208747237,0.174267469957525,2.9658779149774004,0.4752991753768763,0.07229673516521037,0.4030024402116661,0.06997564384321608,0.0,0.454725180779907,0.0,,0.0,,0.6,0.7276404092584984,,,0.18877684261687888
B000019,1528353.4444096282,556.3718399743823,1130.9132705514587,1050.3869078891637,0.0,0.36493833921089325,1.0640121606734068,23.772031073572343,1.4862361040190244,0.0,0.0,0.9452256195083595,553.4038265423783,0.5365517084767246,2.3361430770526392,0.9971991993309578,0.002533785337576449,0.9946654139933813,0.0,0.0,0.002800800669042377,0.0,0.2,0.2,0.2,0.98,0.1695829676131503,0.32086623802146663,,0.27637726888891634
B000020,17180.34325127936,6.341950258870195,12.912799152022272,8.297952018494817,0.025817159124836175,0.3777280078642504,2.9766728136851257,107.74492922685793,2.1458605887729236,0.1622027580412434,1.366952884122775,0.701057776886727,0.823026616398356,1.1428496346481705,1.8834624303653773,0.982361888233034,0.7668204808858414,0.2155414073471927,0.0,0.0,0.017638111766965957,0.0,0.0,0.0,0.0,0.98,0.2818600648665112,,,0.18816800894164298
B000021,2282.8460118218845,2.7603942101836574,14.083495355567472,4.674031574089432,0.05199426467376998,0.43188967431779934,0.31634058588664327,14.842490415473954,0.852170502481184,0.567119300186274,0.09547793019222074,0.4793268101878276,0.5768574867078761,0.189442180428275,2.836726932496696,0.3121936693495075,0.1032171816508553,0.20897648769865232,0.37909299567197635,0.0,0.30871333497851616,0.0,0.0,0.0,0.0,0.6,0.9458166725335636,,,0.18877684261687888
B000022,10323.18444435485,14.199703499800345,32.08787461252119,2.412999051386129,0.0,0.27763980695063883,0.06468273993693917,4.1259829786671505,12.327413690224411,0.9505099141280815,0.14295711261702504,0.28354534034252216,0.0,0.4952774424883048,3.4642886739461725,0.11076342735833439,0.09079502869800257,0.019968398660331812,0.010067612511700338,0.0,0.8791689601299654,0.0,0.0,0.0,0.0,1.0,0.13983525103941297,,,0.18699916418064566
B000023,2016.7909762926465,3.4475059423805923,12.139143063822836,4.094321472706581,0.20561172498583022,0.2881043123870988,0.009612175594813038,0.22031605389334813,1.7090825038808217,0.0,0.6403462355082598,0.6810320989727382,0.0,0.4170451040187731,2.8642768848209035,0.4686956577260863,0.08541036204692871,0.38328529567915753,0.0,0.0,0.5313043422739139,0.0,0.0,0.0,0.0,1.0,0.20621745524994378,0.18988544361385018,1.1073846224814534,0.18696941873279815
B000024,18166.23654132861,14.697602379715704,18.602169173332314,19.93484181319337,0.0,0.31375459770445996,0.020030539714835514,0.22033593686319064,4.57550399577461,0.732468741043597,2.7358244254746467,3.402015583840392,2.365905094895153,0.8858845386873053,2.3195214664452624,0.620785430094725,0.4346445647485253,0.1861408653461998,0.049835933924466745,0.0,0.3293786359808082,0.0,0.0,0.0,0.0,1.0,0.253950507978201,,,0.1858426376147888
B000025,3121.9876079002133,9.128618736550331,15.385611586678346,13.105225655327686,0.0,0.40861074592222557,0.031779726139798244,1.189478517676103,3.5685580670740684,0.4733993771553661,0.0,4.228669163732463,0.0,0.8579921285884329,2.4577946866547444,0.7030202270510433,0.7030202270510433,0.0,0.0,0.0,0.29697977294895667,0.0,0.0,0.0,0.0,0.5,0.3345746763559892,0.1466430542526049,0.6340398433284826,0.18699916418064566
B000026,2931.783856533203,4.878176133998674,11.139577878124685,8.733712691155697,0.17261080993557065,0.33344148077019553,0.01318294881533983,0.2939797585820782,0.5273179526135932,1.2157972092946079,1.4443916454165748,0.03988443832453056,1.1811024405444113,0.46968244780495605,2.2140834013761084,0.8788172265317679,0.6295853054412085,0.24923192109055944,0.0,0.0,0.121182773468232,0.0,0.0,0.0,0.0,1.0,,,,0.18696941873279815
B000027,35634.27250775458,61.757837968378816,253.3207708940249,92.97672516141068,0.0,0.23790262015091385,0.34602593650147273,12.435431409309238,0.5293444632953396,0.7578199809551764,59.447174543695915,0.794220635802819,0.0,0.2292783446295621,2.658277803027378,0.016351269547248196,0.0034910292614811515,0.012860240285767047,0.9748559293069357,0.0,0.00879280114581599,0.0,0.5,0.5,0.5,0.5,0.7168995274426643,0.3059893077172711,,0.4052417822251656
B000028,10766.507543625206,11.110946897446034,18.08665549988308,24.454023996276938,0.20938269766720238,0.20615519756120493,0.019317722710101796,0.45598965378478346,3.5350543693942793,1.1610982441894402,1.541732240032071,4.048741516599268,0.0,0.8243205272309744,1.842413692598308,0.9960017884914508,0.7527434497406116,0.24325833875083905,0.0,0.0,0.003998211508549241,0.0,0.0,0.5,0.0,1.0,0.3208474391639192,0.1952813489247875,,0.1858426376147888
B000029,8362.280624691251,4.517709683787818,8.748363823390104,1.7282677687228847,0.0,0.37406069049116825,0.012462188973582174,0.4843187253713521,3.0695046732961018,0.6815485905340392,0.08256721469264368,0.0,0.13702099532208406,0.5470682099429498,3.0667316578181065,0.3049196272048758,0.2866432835546977,0.018276343650178117,0.0,0.0,0.6950803727951242,0.0,0.0,0.0,0.0,0.5,,,,0.18699916418064566
B000030,12815.098196825318,21.683753294120674,38.57639019533855,11.827735183858309,0.05196552819193902,0.03833567455918003,0.13106122153717692,8.728677354375982,15.84372574106101,0.0,0.049676909334168004,3.1008571582270528,1.7449069496483836,0.9445865358500576,1.4201918924655046,0.9893634486912894,0.9066017683382329,0.08276168035305652,0.0,0.0,0.010636551308710532,0.0,0.0,0.0,0.0,1.0,0.14354595110193918,,,0.18699916418064566
B000031,2112.2035093941654,2.9960333466583906,13.278998978081331,4.7739647093578155,0.056727599730594915,0.22361310535840415,0.6155428721505027,28.84031373442457,0.7666589618213554,0.744012269642721,0.0,1.0032941907372583,0.24897801107160894,0.23308991338544666,2.4042130135558812,0.7398152727406032,0.40494109924174104,0.3348741734988621,0.0,0.0,0.2601847272593968,0.0,0.0,0.0,0.0,1.0,0.5072309788575198,0.3074547932616637,0.6063607953072524,0.18877684261687888
B000032,32516.19580067792,9.072599274742723,16.85675346250598,15.023410426054685,0.1160192030777036,0.3120470492689319,0.022335224276550342,0.30946890621745987,3.6712919757790865,0.0,1.1990490539469227,1.8608869319843466,1.7679174869488572,0.5734538260835099,2.4181851277666904,0.7207163427737916,0.5885547628740858,0.13216157989970576,0.0,0.0,0.27928365722620846,0.0,0.5,0.5,0.5,0.5,0.3080591525063392,,,0.4023874260919753
B000033,1467.65725156654,1.803018736568231,10.798082490541102,3.289447388480805,0.2543190604758295,0.2816420581227204,0.3518705243859933,12.737712982772962,0.4944535587067651,0.38904544174550565,0.03879657450567388,0.7402788914042623,0.0,0.14044427020602407,2.4305488572738763,0.7338802643658717,0.32330278317270944,0.4105774811931624,0.0,0.0,0.26611973563412805,0.0,0.3,0.3,0.3,1.0,,0.4888120687365292,,0.32025669999791706
B000034,3961.3198656002114,3.263031190774474,11.352964548964282,4.593332975651188,0.0,0.24018708859419477,0.008314917923033684,0.18542266968365115,0.33259671692134735,1.5453198279967848,0.0,0.17814869489962953,0.9817985556123806,0.22516739534433117,2.5936436308547517,0.40863211399967014,0.10774668011592213,0.300885433883748,0.47358414236610663,0.0,0.11778374363422309,0.0,0.0,0.0,0.0,1.0,,,,0.18696941873279815
B000035,4585.96959728194,1.8551656946933415,12.029759751103304,2.6902152524817966,0.030097158044912913,0.32833220943882097,0.2178721057969526,4.857348627751501,0.6973548208952592,0.6006913190536634,0.02779720727306186,0.3902092852815586,0.0,0.1391130621897984,2.336563805984093,0.7407165453038659,0.530379923406564,0.21033662189730182,0.014983679006449466,0.0,0.24429977568968483,0.0,0.0,0.0,0.0,0.6,,,,0.18877684261687888
B000036,4444.402920316817,5.57641520742386,9.238993883566195,7.396643279364073,0.0,0.40271231832439786,1.1923165020484516,43.11687935036566,2.0525804527052305,0.5345250688764617,0.8110775930507089,1.6035328190461253,0.0,0.5746992737453327,2.5753874387108886,0.5490823105770384,0.5490823105770384,0.0,0.09585460353899948,0.0,0.35506308588396207,0.0,0.0,0.28,0.0,0.62,0.34293649492500144,0.35411057715670313,0.5166895915794033,0.18816800894164298
B000037,7224.051562211981,1.9545594053603845,11.72660260623164,2.683256918324927,0.0,0.3292190083199965,0.48936543674505967,17.674098407420328,0.6099962307879432,0.32087174684503805,0.0,0.6335605418169602,0.21493633748527405,0.17519454842516868,2.435954662858257,0.6504865020727897,0.3763540900003516,0.2741324120724379,0.0,0.0,0.3495134979272103,0.0,0.0,0.0,0.0,1.0,,,,0.18877684261687888
B000038,4452.999100596527,2.0876695267681793,11.137048453744484,4.072368330331918,0.17703970928261215,0.314838404743567,0.2603219302953267,9.348440394231552,0.39787619421273535,0.4160623805802495,0.020382755762682486,0.8364199055121417,0.2627242537432149,0.1542040369571552,2.152322051837448,0.8043256372912522,0.06877373316614846,0.7355519041251037,0.0,0.0,0.19567436270874766,0.0,0.0,0.5,0.5,0.5,0.6839928399435531,,,0.18877684261687888
B000039,15899.626291556542,10.995592179499683,15.837706166348504,5.920307796550447,0.0,0.11975517960661691,0.009007988479723129,0.4179706654591532,5.9486716375530095,1.7913587721866973,2.2624333241011363,0.0,0.0,0.9931284456588428,2.9317820611405048,0.4589948826363547,0.2960788029070129,0.16291607972934177,0.0,0.0,0.5410051173636455,0.0,0.0,0.0,0.0,1.0,0.1894921996270857,,,0.1858426376147888
B000040,1652.1570737817049,2.1318155790731677,17.08070495211511,3.8563139042557832,0.0,0.4590458110076368,0.16933267950152237,6.053363301577333,0.257376358424539,0.18918087984444704,0.0,1.3087448473566048,0.1715005498243343,0.20501294362324263,1.7407879376412214,0.8792689381994119,0.8792689381994119,0.0,0.0,0.0,0.12073106180058804,0.0,0.5,0.5,1.0,0.5,1.0180664706073062,,,0.4052417822251656
B000041,6524.287943018351,7.217132680330034,13.041890833975009,9.774829753025715,0.2392641982088981,0.3904457983238992,0.01729842358908644,0.5892038758727695,3.1900146203875677,0.0,1.2031224823151725,2.322751225376952,0.0,0.5012443522503421,2.611637807466222,0.557994183883884,0.557994183883884,0.0,0.0,0.0,0.44200581611611583,0.0,0.0,0.0,0.0,1.0,0.20368854639528117,,,0.1858426376147888
B000042,11155.582798019595,5.697437588365473,15.327436537744108,10.651724428055955,0.09284900321340935,0.4278658582029651,0.020181731271799317,0.37610088600930136,1.5385899796324387,0.32586164145837165,1.1817261991499737,0.937320814744166,1.186508664192556,0.5274302891879666,2.4168408547998577,0.719479635763553,0.37262197845021466,0.34685765731333834,0.0,0.0,0.28052036423644705,0.0,0.0,0.0,0.0,1.0,,,,0.18696941873279815
B000043,1588.5494382795823,4.902930365060439,11.40359680671391,4.779226100723204,0.0,0.36499999999999994,0.019864664781035074,0.44298202461708214,1.9864664781035073,1.6420348597917458,0.8813965213901066,0.0,0.0,0.39303250577508053,2.4705034525908705,0.5948409766821114,0.5948409766821114,0.0,0.0,0.0,0.4051590233178887,0.0,0.0,0.0,0.0,1.0,0.39534860306421316,0.3174653803983592,,0.18696941873279815
B000044,7758.5371034876935,4.970235171997241,10.812590154773202,7.093210358445155,0.0,0.23264120716116338,1.3311718006666708,48.10990149921742,0.8077950310462447,0.7162209377517397,1.0065847135966248,0.7647052548454603,1.0277226181512993,0.647206616605873,2.3919907606956583,0.832262055819382,0.475882547175265,0.356379508644117,0.0,0.0,0.16773794418061813,0.0,,0.0,,0.98,0.3276144100514039,0.4517225162546306,,0.18816800894164298
B000045,5115.3130999976975,8.655352115055326,12.178748472974362,19.621548107089254,0.10658888223380632,0.7612994372001614,0.02156351817364785,0.7347357213421255,1.8419618558709576,0.0,0.7044050584386178,4.598978596016733,0.0,1.5100066047290166,2.184580267027518,0.787188108422879,0.787188108422879,0.0,0.0,0.0,0.21281189157712085,0.0,1.0,1.0,1.0,1.0,0.17582319480858732,0.22040389557757067,0.20880526163871718,0.6061389938239665
B000046,1897.6568044212022,2.0559662019731335,14.420330153048925,3.728728385813848,0.0,0.10309853786333183,0.20712420500745513,7.385442122853043,0.3922076134111587,0.0,0.040754040345787376,1.1855100791686606,0.1675637697840414,0.26993069926348523,1.9908729066783473,0.9363040758190335,0.9164817459058885,0.019822329913145104,0.0,0.0,0.0636959241809664,0.0,0.0,0.5,0.5,0.5,,0.29414440458795543,,0.18877684261687888
B000047,900.4584890743552,2.5727385402124434,8.194796489757255,4.654047633375855,0.0,0.021,0.8642063776564848,30.871648955931725,1.0626666557663331,0.0,0.0,1.056234164319173,0.0,0.4538377201269367,2.8960766203740116,0.18331535242041672,0.18331535242041672,0.0,0.34686297762456464,0.0,0.4698216699550185,0.0,,,,1.0,0.8740038706201769,,,0.18699916418064566
B000048,3332.813922568472,7.714847042982575,15.000972675047612,9.557887058716343,0.0,0.3976414614219437,0.0137176515476271,0.4965789860241011,3.1334737037726885,0.2695977423818868,0.9269662421245222,2.4973390494724885,0.0,0.8874703052309897,2.7666121857772965,0.5915652671406251,0.4714117194474546,0.12015354769317049,0.0,0.0,0.40843473285937504,0.0,0.0,0.0,0.0,1.0,,,,0.1858426376147888
B000049,1292.2961638100678,2.388717493179423,10.947510569558997,2.0091032768537653,0.0,0.4446353706338376,0.37710506991653553,13.622783711854074,1.0257592567215434,0.287325255943475,0.03866166786537312,0.08209567318392068,0.33533412083713,0.6195415186279806,2.807649685633277,0.5232488804763957,0.36668127054747585,0.15656760992891983,0.0,0.0,0.4767511195236042,0.0,0.0,0.0,0.0,0.6,,,,0.18877684261687888
B000050,16460.313770592158,4.631489524646077,12.757138468119686,1.7863175966957512,0.0,0.24286431322121663,0.009631753396824583,0.2147881007491882,3.1998126907794213,0.5011468530262682,0.08818453764242705,0.3130779195963689,0.2192948300298998,0.3099726935716925,1.7865037844554348,0.9709390320247558,0.9033413579006212,0.06759767412413466,0.019040210967370335,0.0,0.010020757007874076,0.0,0.0,0.0,0.0,0.5,0.4798553636592216,,,0.18699916418064566
B000051,9964.36095236024,6.346726721248561,14.357955430010074,4.91621712766939,0.36577869798816426,0.453,0.017438882720162547,0.672933013138547,4.815406807739557,0.2788494465061522,0.0,0.8015081154292494,0.0,0.45096235157360176,2.098285324359502,0.5659761521592003,0.5220402055282264,0.04393594663097381,0.1262868484231148,0.0,0.3077369994176849,0.0,0.0,0.0,0.0,0.5,0.18968431018187162,,,0.18699916418064566
B000052,2319.403781039994,2.1636229300746215,8.955379927605541,1.194864658230675,0.0,0.25904093221393176,1.1990665523973947,43.18306816166483,1.1488751274199323,0.6796250088597303,0.09610164732830373,0.0,0.0,0.2390211464666549,1.5809216594106807,1.0,0.6858856506774538,0.31411434932254606,0.0,0.0,0.0,0.0,0.0,0.0,0.0,1.0,0.8097387419620169,,,0.18877684261687888
B000053,6226.206898005865,3.576224524989009,7.573928217314668,3.3752691669324726,0.0,0.4235550332713218,1.335191117233497,29.74919457580462,1.7819212753073812,0.5825172650092436,0.5797410618835667,0.2057830347592737,0.0,0.4262618880295437,2.6731801490391796,0.4687364823281588,0.4687364823281588,0.0,0.0,0.0,0.5312635176718411,0.0,,0.0,,0.98,0.33025504571397923,,,0.18816800894164298
B000054,15503.01320436619,10.008401035743184,15.725469991809303,15.969467799895174,0.0,0.6158206638496618,0.011204067646579493,0.24985070851872268,3.7625600305677405,1.144472181140185,0.6279142041906907,3.4162118936323616,0.0,1.0572427262122048,2.5436649875892474,0.6204389771474165,0.2292515191310666,0.3911874580163498,0.0,0.0,0.3795610228525836,0.0,0.5,0.5,0.5,0.5,,,,0.4023874260919753
B000055,2102.133064946211,5.888327913014597,12.603241524229883,9.99245371660324,0.17926632718654312,0.4095390748251913,0.025736858687084155,0.7481759491506963,2.7179896537509385,0.0,0.07764342793768325,2.2731273345809595,0.2308029658510536,0.5887645308939624,1.9829628992649002,0.6139604709247237,0.5615777914365454,0.052382679488178194,0.38603952907527633,0.0,0.0,0.0,0.0,0.0,0.0,0.5,0.6530619351962949,0.1748631265843875,,0.18699916418064566
B000056,8422.273301071702,15.713196457223324,33.1258482121629,22.78422202606761,0.0,0.08540418072547448,0.013832458315408,0.2939990948684118,2.721490411758846,0.0,0.599004665796158,1.4561583625459202,10.316488374112046,0.6200546430103495,2.0476768499733873,0.8226737274537524,0.6918815596133686,0.1307921678403839,0.0,0.0,0.17732627254624736,0.0,0.0,0.5,0.0,0.5,,,,0.1858426376147888
B000057,5204.973727979461,4.783983205863475,16.51833529372424,9.029762728274738,0.08619656490442694,0.34024673225754914,0.012664290991806736,0.30143159050498647,1.345849229129292,0.5746200390162413,0.0,0.9502752239883281,1.634359381436629,0.27887933229298667,2.166176139675833,0.7097692022663401,0.5896558962012269,0.12011330606511327,0.0,0.0,0.2902307977336604,0.0,0.0,0.0,0.0,0.95,0.40280218205601986,,,0.18696941873279815
B000058,1971.5582650533465,1.776178617165177,7.842201520373768,1.1001906512406354,0.11990782722520393,0.365,0.38713438647572385,8.533570522594923,1.0454275549573762,0.37551630102660244,0.0,0.0,0.1357298263919149,0.21950493478928362,2.9817226478839927,0.3360402506547514,0.3360402506547514,0.0,0.0,0.0,0.6639597493452485,0.0,0.0,0.0,0.0,0.6,,,,0.18877684261687888
B000059,4008.1771445914374,3.3098077164256297,9.306950793926626,4.730060091448392,0.0,0.24,2.2741687273763977,82.22702491269243,1.252705633729645,1.164792050034403,0.0,0.6276588075437175,0.0,0.2646512251178643,1.5691381256512322,0.9307224786242895,0.7410864449571897,0.18963603366709986,0.0,0.0,0.06927752137571058,0.0,0.0,0.0,0.0,1.0,0.9549287570174132,0.30514506402962366,0.47874406669896863,0.18699916418064566
B000060,452.641812359129,1.2300049248889375,7.901554898795961,1.3874761239284183,0.2526860060445894,0.4428602344479686,0.46671103145676185,21.840659493218144,0.5804792159590736,0.17576229924181636,0.04431965271553133,0.0,0.27470289992235136,0.1547408570501648,2.8044676817540672,0.5280675676875947,0.30473277092069917,0.22333479676689544,0.0,0.0,0.4719324323124053,0.0,0.0,0.0,0.0,1.0,0.8519764067153258,0.41123798437262943,,0.18877684261687888
B000061,17145.24049944398,10.085435587908222,16.95501800626185,14.821747350576748,0.0,0.3172829733204686,0.00979589535847265,0.21844846649394012,3.357291358102406,0.7254218863613447,1.9029064303612668,3.274153136040003,0.0,0.8256627770432017,2.737946813103759,0.3724646308064541,0.1837859749591322,0.18867865584732177,0.3246417180003111,0.0,0.3028936511932348,0.0,0.5,0.5,0.5,0.5,0.3227072142700767,0.2699492978188014,,0.4023874260919753
B000062,5811.95281852606,3.776447575390552,8.93932615681955,5.780429279138585,0.0,0.433,1.1140881663407138,52.30385921052118,1.3846040805230941,0.0,0.0,1.8445551953553023,0.17335339668578773,0.3739349028263677,2.178385069071542,0.6162986462972198,0.6162986462972198,0.0,0.0,0.0,0.3837013537027802,0.0,0.0,0.0,0.0,0.9,1.0914355567471932,,,0.18699916418064566
B000063,5222.835832524835,4.589486671814441,16.116896027307863,6.746319234315116,0.3339611528487482,0.39274167150391626,0.019828528357530958,0.7177927265426207,1.8024264692286283,0.6258577668590074,0.44133582188814807,0.0,1.2189492438891416,0.5009173699495169,1.8927681969586065,0.7344040126807401,0.7344040126807401,0.0,0.2655959873192601,0.0,0.0,0.0,0.0,0.0,0.0,1.0,0.6586526665681107,,,0.18696941873279815
B000064,2212.6715594360617,1.0617425909002216,8.09165692532539,0.3740231887126839,0.0,0.453,0.462648086094997,21.726908986387667,0.7085696598243908,0.0,0.0,0.0,0.17354675956268534,0.17962617151314536,1.74142744388722,0.9068660578915502,0.9068660578915502,0.0,0.0,0.0,0.09313394210844983,0.0,0.0,0.0,0.0,,0.9636389799210306,0.3352037627026547,0.5865189202009379,0.18877684261687888
B000065,14295.099692023457,3.9598614105328136,10.978495619915671,4.776513530817082,0.0,0.5787756548056496,0.0150691252021493,0.561718452537729,1.6298114524360026,0.2943718364651438,0.0,0.0,1.307715318852701,0.7279628027789673,2.579005526992852,0.6329240170817213,0.6329240170817213,0.0,0.0,0.0,0.3670759829182789,0.0,0.0,0.0,0.0,0.92,0.7640748304238066,0.3883070458274218,,0.18696941873279815
B000066,10691.550453980659,6.165830711638211,14.401134222393283,12.894468007669623,0.20371818847472598,0.40229648217844516,0.034536342697064217,0.6675638168609334,1.2805685981191708,0.6688757306950399,0.0,2.132178067281006,1.7180465776926632,0.36616173785033185,2.2039905006514355,0.9355360180969517,0.5897305351055929,0.3458054829913589,0.0,0.0,0.06446398190304825,0.0,0.0,0.0,0.0,0.95,0.7345572111316115,,,0.18696941873279815
B000067,5343.044205773792,7.002679168772991,22.4510451068317,2.407994974983328,0.0,0.5491067302916719,0.024946614462162533,1.4716434909117457,5.766737217905108,0.0,0.0176043127648003,0.38342925817926193,0.17257119942884716,0.6623371804949754,1.9563800340062039,0.7517012373257815,0.7270576408865226,0.02464359643925899,0.05475465160378701,0.0,0.19354411107043154,0.0,0.0,0.0,0.0,0.5,,,,0.18699916418064566
B000068,1079.2142806423362,1.702230726565199,8.6471608967803,2.35344846352026,0.11027817693690263,0.3882833743145549,0.7932883542600072,37.25958276102948,0.6357416815127555,0.0,0.01880983304145009,0.44261970824584546,0.22351150567935843,0.38154799808578976,2.0918344045600237,0.9155719431439141,0.6444985016379094,0.2710734415060048,0.0,0.0,0.08442805685608588,0.0,,,,1.0,0.48125682003113307,0.31902515905537576,,0.18877684261687888
B000069,3255.8036745158115,0.9929257927770087,7.735389746019275,0.7936167027901767,0.0,0.05368636583728685,0.19650121532483567,7.091079272402135,0.3001231544603901,0.0,0.01779433704153712,0.0,0.5121466453338142,0.16286165594126717,2.3745637780596636,0.6977385856590476,0.18194309614774606,0.5157954895113014,0.0,0.0,0.3022614143409525,0.0,0.5,0.5,1.0,0.5,0.686529131637514,,,0.4052417822251656
B000070,1171.649935663552,1.794257175595026,8.144016579965523,3.3245554361390734,0.223454373956702,0.5481094707421642,0.31496513140190857,11.287086478451233,0.4801725921455858,0.0,0.044214665331589485,1.0283637821957938,0.02761496013975504,0.21389117578230193,2.5237599587087227,0.7323836300187307,0.7077413067592869,0.02464232325944393,0.0,0.0,0.2676163699812693,0.0,0.5,0.5,1.0,0.5,0.9789815203681733,,,0.4052417822251656
B000071,9804.676967219426,2.292419211414409,9.282426655827543,1.0208477475828475,0.0,0.021,0.6589405854510513,14.640548721502254,1.241214008264434,0.7105100323176619,0.0,0.0,0.0,0.340695170832313,1.9723714283774445,1.0,0.6900610373618002,0.3099389626381998,0.0,0.0,0.0,0.0,0.0,0.0,0.0,1.0,,0.35946469207940784,,0.18877684261687888
B000072,615.8050192223915,1.715334315382706,11.947804445201198,3.9868598691904307,0.16286365360871613,0.7132273581170678,0.40670257626923334,14.706841970119717,0.22290396560081788,0.09762720794374294,0.0,1.0539849911263004,0.0,0.3408181507118445,1.9008431433953095,0.8700521737355402,0.8700521737355402,0.0,0.0,0.0,0.12994782626445972,0.0,0.0,0.0,1.0,1.0,0.5805058954209346,,,0.18877684261687888
B000073,1293.091721024641,1.2943861071317728,9.366218397286156,1.1674648636599159,0.2028470036006721,0.19005563919544316,0.2304933289703037,8.090152120356917,0.6060809330303327,0.28136854341305617,0.01478877343771658,0.11184380491530384,0.1496526135147279,0.13065143882063593,2.720773580900558,0.5251598804973713,0.20995167521914448,0.3152082052782267,0.0,0.0,0.4748401195026291,0.0,0.0,0.0,0.0,0.6,0.6335663859402074,,,0.18877684261687888
B000074,8641.123562690564,9.271591805461979,16.83271166527937,16.078587597539766,0.20613880784534902,0.3811081708434425,1.1048741960450306,51.612212216081566,2.6908588434190657,1.3101328226999298,0.8177055493136908,3.3388116995933528,0.5681895056410889,0.5458933847948486,1.9804908582433614,0.6852945039411205,0.6240116608691937,0.061282843071926815,0.14130613708943904,0.0,0.17339935896944023,0.0,0.0,0.28,0.0,0.7,0.3403451366840848,0.3808840249920703,0.12145023623838724,0.18816800894164298
B000075,1698.2209889822907,5.2904080653653915,10.64294211834703,0.2182506238904474,0.0,0.24,0.013192689447431509,0.39085531496732606,4.620423957621532,0.1464461686304902,0.0,0.0,0.0,0.5235379391133697,3.498382466517411,0.11237242489556075,0.0846909744627999,0.02768145043276083,0.0,0.0,0.8876275751044392,0.0,0.0,0.0,0.0,1.0,0.19968486663934304,,,0.1858426376147888
B000076,15641.576115309097,4.236613249000297,10.83352868543619,3.862415658595629,0.0,0.16041168751927187,0.015388053481810738,0.3431535926443794,2.1535143863990553,0.0,0.0,1.1537440380359747,0.5285894761276032,0.40076534843766326,2.677624717840056,0.5995033661762194,0.2024094103943093,0.3970939557819099,0.0,0.0,0.4004966338237806,0.0,,0.0,,0.5,,0.16038017008208966,,0.18699916418064566
B000077,5264.16513649911,7.047075149262531,18.764743155816483,10.058881893839573,0.13406879836267252,0.22681515423971416,0.022691855645238658,0.4216268734892245,1.742005630734999,1.635287833452324,0.8217600562579432,0.9391652862148916,1.5241320851843694,0.3847242574180013,2.2805487721017332,0.7279655199331209,0.14636462622326757,0.5816008937098532,0.0,0.0,0.2720344800668789,0.0,0.0,0.0,0.0,1.0,0.5787526005171172,,,0.18696941873279815
B000078,22607.37152443749,6.660981592350469,17.600237704202137,11.316521134363267,0.03294846203087477,0.4877894991158822,0.02046249943901562,0.652209397587239,1.7502516754123394,1.6176663179098927,0.308660941853155,1.2881128966497801,1.0211564696506503,0.6751332908746508,2.4025598107855224,0.7075755051476489,0.31141425609225587,0.39616124905539307,0.029662670465635373,0.0,0.26276182438671564,0.0,0.0,0.0,0.0,1.0,1.2512647229428873,0.506861102325396,,0.18696941873279815
B000079,5625.285264900933,7.520434846124242,9.50585440316569,3.780592506739409,0.0,0.365,0.028577913636031398,0.8299040045986806,4.687000030237804,0.0,0.0,0.0,1.9961528435584084,0.8372819723280305,3.083869179175035,0.3707404885532112,0.1053099802911586,0.26543050826205256,0.0,0.0,0.629259511446789,0.0,0.0,0.0,0.0,1.0,0.2298894947847861,,,0.1858426376147888
B000080,4831.252419468447,6.016503635701678,11.814487879971496,8.037804270466308,0.0,0.29215592259847556,1.3978650037472313,65.69006071523879,1.8037330122746598,0.9553602756066244,0.8435843689924051,1.1772037563402797,0.721107667555425,0.5155145549322849,2.6773530620312,0.7096576665093995,0.3552052866766409,0.35445237983275857,0.0,0.0,0.2903423334906007,0.0,0.0,0.0,0.0,0.98,0.2759609184500054,,,0.18816800894164298
B000081,11493.707002148907,5.912400721270014,17.414450348660655,8.040590487619419,0.0,0.333509633786673,0.0142892086710059,0.3186493533634316,1.3888853733597788,1.3485223951687342,0.8624282194128848,0.0,1.6246036180866117,0.6879611152420044,1.6152255650707719,0.9898919500749054,0.9898919500749054,0.0,0.0,0.0,0.01010804992509462,0.0,0.0,0.0,0.0,1.0,,,,0.18696941873279815
B000082,1089070.739396067,1282.7688332109153,2887.8865988039242,3002.2712230448233,0.10441857161724627,0.4328857541757355,0.021993761549341254,0.4516807290563295,1.9571515859523616,1.0032458052425508,1.2684688959995254,0.42265589279229265,1277.4973036582574,0.6200073726715442,2.3350350736252623,0.9974262649730261,0.0004241767986487725,0.9970020881743775,0.0009888522882368482,0.0,0.0015848827387372315,0.0,0.0,0.0,0.0,1.0,,0.43434956092774873,,0.18696941873279815
B000083,17821.992474992232,6.25772207689334,11.753664879758944,7.797243614310003,0.0,0.3922914457348848,0.00921518862118637,0.20549870625245606,3.094652895174528,0.3200545540923653,0.9986272387053152,1.3309268265183536,0.0,0.5134605624027806,2.8297979791390016,0.5054665488258832,0.13319784839485016,0.37226870043103305,0.0,0.0,0.49453345117411723,0.0,0.0,0.5,0.0,0.5,,,,0.1858426376147888
B000084,9413.487075540505,5.318354279966386,8.787657596245417,8.44495896745512,0.0,0.0,1.8165205694311044,80.10555154244284,2.3590470870884666,0.0,0.0,2.4725826461632496,0.0,0.4867245467146702,2.3196878059625226,0.6876619559348615,0.22274696231039073,0.4649149936244708,0.0,0.0,0.3123380440651384,0.0,0.19999999999999998,0.19999999999999998,0.19999999999999998,0.98,0.3303512708972226,,,0.27637726888891634
B000085,10096.838064526866,9.427486521500342,21.736113896955455,14.515235832203258,0.0,0.2606158588956019,0.026955177484363275,0.7157061980436864,1.9608655680364215,2.1451714413001954,0.6657307920838663,2.6456594142457233,1.507052701349847,0.5030066044842909,2.4198946580473715,0.7828211072989546,0.3248034877684072,0.45801761953054754,0.0,0.0,0.21717889270104557,0.0,0.0,0.0,0.0,1.0,0.6488228208489519,0.4471347160354785,,0.18696941873279815
B000086,8483.545027236116,5.7321250184027805,11.341101183510636,6.511260192352633,0.04361863121842412,0.33494396901713364,1.355084561083029,30.21838571215155,1.6938557013537865,2.0663081533868275,0.022579138134667522,0.3502544236853535,1.1594310498681757,0.43969655197397156,2.484391228618387,0.7044977742258374,0.07670742535488001,0.6277903488709572,0.0,0.0,0.2955022257741629,0.0,0.0,0.0,0.0,1.0,,,,0.18699916418064566
B000087,681.2856877977289,1.2686884316531264,8.990676097505645,0.9423009787975791,0.0,0.2599570245738578,0.3946199788811728,14.291777245985717,0.4924582222905582,0.22057580175321914,0.0,0.05587967942979302,0.23880890853226142,0.2609658196472944,2.6395503920161274,0.5526632802865379,0.3788019946864127,0.1738612856001252,0.04404523446074202,0.0,0.4032914852527199,0.0,0.0,0.0,0.0,1.0,0.7101859216776002,,,0.18877684261687888
B000088,2754.436912971674,3.0913994533913285,13.174695694722685,4.054795201653913,0.18606931246400127,0.453,1.0042737690037498,47.12216189192099,1.4187641349765088,0.5225573463685373,0.0,0.9128882411447222,0.0,0.2371897309015606,1.7653112770840897,0.9670179726722411,0.9670179726722411,0.0,0.0,0.0,0.032982027327758894,0.0,0.0,0.0,0.0,1.0,0.4599729605428617,,,0.18877684261687888
B000089,3964.9304714644813,8.950181651161357,20.163940811782982,7.622095683049887,0.05298762839601622,0.3549105897928992,0.019303109870250895,1.1578884373950047,6.3868147064078595,0.23961215285265122,0.03807307924945242,1.5130248673818296,0.36670598655837305,0.4059508587111925,2.033689158323012,0.7770333112618352,0.731807517911004,0.04522579335083128,0.0,0.0,0.2229666887381649,0.0,0.0,0.0,0.0,0.5,,0.21995496963994246,,0.18699916418064566
B000090,18672.011702045806,18.50546253919307,31.07347663661131,8.047595029764976,0.23840731164472936,0.488,0.08053897563081608,3.737008469269866,16.107795126163218,0.17139564357451978,0.0,1.465253953275802,0.0,0.7610178161795258,3.4054713860486814,0.12956538686627167,0.05038585000397961,0.07917953686229204,0.0,0.0,0.8704346131337282,0.0,,,,1.0,0.12986135990133815,,,0.18699916418064566
B000091,4987.9161997935025,5.323283030729458,7.641122559438711,7.112530235576651,0.0,0.021,1.3692051761100859,49.35909963772594,2.7440364146949467,0.0,0.0,1.8919666322600805,0.0,0.6872799837744296,1.680288753143689,0.8689415725730256,0.5135280765521646,0.35541349602086086,0.0,0.0,0.13105842742697418,0.0,0.2800000000000001,0.2800000000000001,0.2800000000000001,0.7,,,,0.3110513158581213
B000092,1629.3567150136207,1.772967045716671,14.681706965062343,3.352440513880292,0.0,0.31703092921927994,0.23402141891579586,10.955594590911781,0.32094305458701644,0.24435280974412504,0.04976770763703971,0.6531607495305412,0.39560938330442363,0.10913334091352518,2.1998774114791244,0.7832722641708774,0.05391694665205569,0.7293553175188217,0.028070294796101264,0.0,0.18865744103302146,0.0,0.3,0.3,0.3,1.0,,,,0.32025669999791706
B000093,5210.140880894616,4.239333507644114,14.139588276019293,5.494777760796161,0.0,0.3828826588993473,0.005769686303404992,0.06346654933745491,1.5911626428068375,0.14772141337481487,0.0,0.6596023786482194,1.3419437060044328,0.49890336680980896,1.7943568421916094,0.9549386299991485,0.7993475736553003,0.1555910563438483,0.0,0.0,0.04506137000085142,0.0,0.0,0.0,0.0,1.0,0.20380696925179131,,,0.18696941873279815
B000094,4461.8068131581895,1.0585544040707449,5.28265801497887,1.892464925646158,0.0,0.44070029556238643,0.5659479784244912,20.47028286966278,0.3104273636184169,0.0,0.019853442322934615,0.4363972821097593,0.0,0.29187631601963393,2.3911685435086873,0.6609362414701795,0.2486784676310993,0.4122577738390801,0.018755240398213656,0.0,0.3203085181316069,0.0,0.0,0.0,1.0,1.0,,0.40271826188391463,0.2450289885838966,0.18877684261687888
B000095,1657.7724564270495,5.180538926334529,9.083223741280776,3.7649945038808377,0.0,0.2549913724882428,1.6723543217428027,78.41629300375698,2.1816132217601147,0.8097988772313425,0.0,0.27636790185477944,1.0720573621180138,0.8407015633702801,2.6693974638209665,0.5780487862514975,0.5780487862514975,0.0,0.0,0.0,0.42195121374850275,0.0,0.0,0.0,0.0,0.98,0.22001747977063235,,,0.18816800894164298
B000096,10915.101949308015,5.153494782487259,12.039976858887199,3.6119166435372403,0.0,0.433,0.015269917783739049,0.44058546837446827,2.6140365251981392,0.0,1.7192723223237263,0.0,0.0,0.8201859349653928,2.756432170775469,0.43246619942107556,0.43246619942107556,0.0,0.0,0.0,0.5675338005789243,0.0,0.0,0.0,0.0,1.0,0.07439690217191415,0.24807078600158997,,0.18696941873279815
B000097,7200.483327777721,4.514409609891988,13.720777487416214,6.702188036283572,0.17060772028659899,0.3014029700441263,0.017209026057599646,0.6700226338279368,1.4811557653101262,0.3888258737759969,0.9309472044405883,0.6133774700789052,0.6962428830384875,0.40386041324788385,2.704319132360678,0.5082139909934001,0.35398720538828404,0.1542267856051161,0.13587102701865392,0.0,0.35591498198794597,0.0,,0.0,,0.95,1.060117885302936,0.3727539471959148,,0.18696941873279815
B000098,4457.364918872388,1.3265967020453537,9.142252497782483,1.6725401496943195,0.36807722773141877,0.25613627577035425,0.5724938213499078,20.750688954920374,0.4772321469593092,0.4018464935544158,0.036303471988722934,0.016368767516359385,0.18487255200056207,0.20997327002598434,1.9612527200507648,1.0,0.5303602695656326,0.4696397304343674,0.0,0.0,0.0,0.0,0.0,0.0,1.0,1.0,,,,0.18877684261687888
B000099,6834.355269047118,2.3518084201813894,14.90108651477204,1.8245121173172938,0.05906518111094319,0.3161053645642225,0.35375814634353325,16.580965862821014,0.7376813877200364,0.0,0.05128897884098195,0.37628491769380257,0.22325864073445775,0.9632944951921104,2.365677648616143,0.7959739247708875,0.6141674932326388,0.18180643153824866,0.0,0.0,0.20402607522911223,0.0,0.0,0.0,0.0,0.6,0.48348214616293966,,,0.18877684261687888
B000100,3363.952267317718,1.8544389566249824,9.078394388164645,3.155535498210974,0.1808350209066906,0.4643308441574341,0.43439057001229775,20.37213087808523,0.4642227300186533,0.2647723263780943,0.06816389828111377,0.655196054630436,0.0,0.40208394731668523,1.806857506930526,0.9328812715825818,0.8626894706200788,0.07019180096250321,0.0,0.0,0.06711872841741805,0.0,0.0,0.0,0.0,1.0,0.5789339372964429,0.3576516280891411,0.3905798765396617,0.18877684261687888
B000101,7765.159048851189,5.820958807234774,8.962419210989491,3.0850888733379156,0.23536437497131943,0.2824621156996985,0.018337609609260105,0.29954341392078093,3.8637200753885477,0.8796633214753835,0.0,0.5533414684872179,0.0,0.5242339418836244,3.21834677146003,0.33623992140497644,0.09005972370600915,0.24618019769896726,0.0,0.0,0.6637600785950234,0.0,0.5,0.5,0.5,0.5,0.2819218603354377,,,0.4023874260919753
B000102,4467.069480495142,7.809562028837661,24.336837141940645,4.550504133099417,0.0,0.3374696262034825,0.023443263092014416,1.302344323735297,5.703658563489381,0.0,0.06076711350952188,1.5064082007624156,0.21000870822626277,0.3287194428500794,1.8975476884642444,0.817748419638482,0.809967302940115,0.007781116698367038,0.0,0.0,0.18225158036151792,0.0,0.0,0.0,0.0,0.5,,,,0.18699916418064566
B000103,22413.92785648633,5.044773319038112,9.265541666710892,4.797652983277601,0.0,0.30626481693369306,1.1844274410557694,55.55254451488099,1.6532228460066156,1.5126542289713212,0.7655521405264232,0.5773233397158977,0.0,0.5360207638178535,2.4109781019309744,0.6494198776239813,0.23513415326843878,0.41428572435554256,0.0,0.0,0.3505801223760185,0.0,0.0,0.2,0.0,0.98,0.40918584043601,,,0.18816800894164298
B000104,19665.940291681913,4.402493909040052,8.027888984388866,7.109388809908522,0.22363977296368062,0.2734089495934476,4.225166043677864,152.9466105041914,1.0850094042717129,0.38429404487057855,1.271918886752915,1.0784404095181566,0.0,0.5828311636266884,1.643795604398989,0.9440855919612342,0.9440855919612342,0.0,0.0,0.0,0.05591440803876573,0.0,0.0,0.0,0.0,0.98,,,,0.18816800894164298
B000105,7384.9789591819435,5.926949405442972,13.43145546827708,9.854550123113674,0.0,0.3239826984824279,0.01751821001808394,0.3867186029541893,1.9402462373537384,0.6565704217008425,0.0,2.580387210339623,0.16942322430246018,0.5803223117463079,2.285296367434262,0.7245307842454821,0.7245307842454821,0.0,0.11077712610434731,0.0,0.16469208965017054,0.0,0.0,0.0,0.0,0.92,0.6601317806313319,,,0.18699916418064566
B000106,2548.0443667299023,4.289636981026772,6.838628301470531,4.923864433805593,0.0,0.48800000000000004,1.4006015552790765,30.889001035539096,1.9271991084559479,0.3839178242060666,0.5702464656271047,0.31589190057705613,0.0,1.0923816821605963,2.7628610325568426,0.45976218981376354,0.45976218981376354,0.0,0.0,0.0,0.5402378101862364,0.0,0.2,0.2,0.2,0.98,,0.2836281402669748,0.5754289377634216,0.27637726888891634
B000107,16914.112843348703,3.495373598542819,6.515649659356395,4.800555540553463,0.0,0.09467669786879142,0.013146026684683572,0.3193309211962167,1.415823758731329,1.0484998935264997,0.0,0.5124795813286471,0.0,0.518570364956345,2.8657839584281404,0.5273537614216519,0.08076931748527243,0.44658444393637947,0.0,0.0,0.4726462385783484,0.0,1.0,1.0,1.0,1.0,0.18363835490248243,0.274746365860713,,0.6061389938239665
B000108,46021.987714091905,10.9160312414829,35.33430931044645,4.445045876049685,0.0,0.43749327990552406,0.047282939150207294,2.1672782495377887,8.829526017527824,0.0,0.08266419704348625,1.2112250519644665,0.3396090942076114,0.4530068807395133,3.3462212425931277,0.17329075516367654,0.13460698063888565,0.03868377452479089,0.0,0.0,0.8267092448363236,0.0,0.0,0.0,0.0,1.0,0.10235644608010797,0.4169310178112942,0.5219970358892934,0.18699916418064566
B000109,5844.467226939015,4.495744020722319,17.419988594319555,6.69874608958489,0.06363547073607509,0.5201810646719601,0.008871425936385801,0.08884472364145944,1.5933515045178077,0.48010372469185936,0.3118704551548171,0.05084785026806368,1.5897497129908438,0.469820773098928,2.823875065120848,0.2586340594886549,0.1518433430957935,0.10679071639286135,0.3536121508838537,0.0,0.3877537896274916,0.0,0.0,0.0,0.0,1.0,,,,0.18696941873279815
B000110,2030.1322560718174,6.404202700542011,17.457283363733467,11.176585638413455,0.0,0.3516730170295909,0.015532409029161353,0.2042997937357642,0.4320073149417826,1.181206940256824,1.2797052708425707,1.7315194547596449,1.2122751948443704,0.567488524896818,2.343310602051608,0.8953256943751928,0.6955029637901249,0.19982273058506794,0.0,0.0,0.10467430562480723,0.0,0.0,0.0,0.0,1.0,1.003736366739893,,,0.18696941873279815
B000111,2945.1555686303045,4.201363150685171,12.981346482919742,5.356140646481092,0.1474685830600511,0.40406760244546286,0.015518135271437406,0.45517297155304726,1.94695951631829,0.0,0.9549658520471005,0.8487242406696118,0.0,0.45071354165016697,3.094318741638703,0.3092895652469039,0.10727792992059333,0.20201163532631056,0.2272990498075278,0.0,0.463411384945568,0.0,0.0,0.0,0.0,1.0,0.08782253324716899,0.25748863340651335,,0.18696941873279815
B000112,5453.803116001755,9.618700380955477,18.88182413344388,10.01164188432455,0.031145683737435485,0.3357636592701721,1.1116206466904708,52.18552251825304,1.5595153764412484,1.3622104104130046,0.706536116130738,0.728005394982765,1.1356027671540245,4.126830315833699,2.4410764876931346,0.8470647161319297,0.5139272685779743,0.3331374475539555,0.0,0.0,0.15293528386807043,0.0,0.2,0.2,0.2,0.98,0.43938779662903843,,,0.27637726888891634
B000113,1955.6119984444204,3.430898242884948,8.65326532604391,1.801114341139013,0.0,0.36499999999999994,0.009726454318761693,0.21689993130838575,2.1361714891088797,0.4372978044245143,0.0,0.3873514342535548,0.12633913344332973,0.3437383816546695,2.8453916913487025,0.46036357262492605,0.34746269162186794,0.11290088100305813,0.03682392321175187,0.0,0.5028125041633221,0.0,0.0,0.0,0.0,0.5,,,,0.18699916418064566
B000114,10421.563101186854,16.728030660011,33.942309329173135,5.917807226606177,0.0,0.30241605102167946,0.06969800658315299,3.1417024977491765,13.479441716984013,0.9610251222733843,0.0,1.3363848910525293,0.16907595581409382,0.7821029738869824,3.426064682615845,0.10617227525378654,0.10617227525378654,0.0,0.07988895514444558,0.0,0.8139387696017679,0.0,0.0,0.0,0.0,1.0,0.21664794610647675,,,0.18699916418064566
B000115,587740.6904343253,814.0452776098688,2713.664023568206,1751.3974249866737,0.0,0.4525611936607112,0.012429479170150585,0.21220101151204718,1.1122482079091418,0.5401425886076554,1.2966528238417037,1.4215547457812685,809.0478480831479,0.6268311605809089,1.6662247114799502,0.9998438859326119,0.0042366081549415424,0.9956072777776701,0.0,0.0,0.00015611406738814653,0.0,0.0,0.0,0.0,0.95,1.2001168080930598,0.3649264661488003,0.37180523297519213,0.18696941873279815
B000116,5256.973741281537,4.4816485432920175,10.221976357381125,6.330824896059816,0.06323703401536974,0.42032060961145873,1.184543099260789,26.415311113515596,1.5024489941329575,0.7602382697042004,0.0,1.487438049503953,0.12773091775489218,0.6037923121960143,1.876615718850145,1.0,1.0,0.0,0.0,0.0,0.0,0.0,0.0,0.0,0.0,0.9,0.3745819420596393,,,0.18699916418064566
B000117,5102.164044636586,3.995429948814868,6.892227328121644,5.362247067461236,0.0,0.24000000000000005,3.831598365315903,138.72664311840484,0.6948178822409767,1.079114298911317,1.1873230691973375,0.48624554032085865,0.0,0.5479291581443788,2.339946293401581,0.6030862201462267,0.3059159319899986,0.297170288156228,0.3917875821340568,0.0,0.005126197719716676,0.0,0.0,0.0,0.0,0.98,,,,0.18816800894164298
B000118,1526.1623478257206,0.7333793117855457,5.451193188716521,1.2670049918029829,0.0,0.0,0.3780445481689558,13.624704215372503,0.20681184232913322,0.0,0.0,0.3709638575400117,0.0,0.15560361191640068,2.7372349194361596,0.6970738104228802,0.19124571904021964,0.5058280913826605,0.0,0.0,0.30292618957711964,0.0,0.0,0.0,1.0,1.0,0.9127697230389968,,,0.18877684261687888
B000119,7630.943224403738,4.997343303473306,16.600033172680696,5.6819483850686705,0.0,0.24139379567352143,0.014961723766670529,0.558897199351583,1.3233443866859556,0.6619623849886247,1.2403389038017112,0.0998312626229957,1.3670942512649462,0.3047721141090732,2.6120762495543492,0.7083818127955056,0.3077424270599312,0.40063938573557445,0.0,0.0,0.29161818720449456,0.0,0.0,0.0,0.0,1.0,0.6984055875435738,0.42006191903947926,,0.18696941873279815
B000120,60202.080335776525,21.393774106530394,36.32366627633116,16.37826562799695,0.07378838608319754,0.3887964645516375,0.09795507253460559,5.544181192429485,16.310282295349626,0.3606147610169913,0.0,3.1005516228414343,0.7313768707731098,0.8909485565492298,3.2016405048070697,0.23673868223168038,0.1653245599194399,0.07141412231224048,0.0,0.0,0.7632613177683195,0.0,0.0,0.0,0.0,1.0,0.23723177165646916,,,0.18699916418064566
B000121,39187.74222928359,13.541030486967378,33.36210421450225,5.19909164725542,0.0,0.4623652078725699,0.056048502350293454,3.7328302565295437,11.209700470058689,0.0,0.0,0.792923089691786,0.6935805744949584,0.8448263527219431,3.4214083073432797,0.17216784344090247,0.06239010786771729,0.10977773557318522,0.0,0.0,0.8278321565590974,0.0,0.0,0.0,0.0,1.0,0.1995952174771044,0.35872640275177053,,0.18699916418064566
B000122,1365.0557589419802,1.7323042626167262,10.285798915963724,1.3864390917966645,0.0,0.3965262856664911,0.2894665870312975,13.49011915021671,0.8196940783457318,0.24851621702039708,0.0723356730908984,0.0,0.27080164193886613,0.3209566522208326,2.34470280600275,0.6376192817385916,0.6376192817385916,0.0,0.15632452553675974,0.0,0.20605619272464853,0.0,0.0,0.0,0.0,0.92,,,,0.18877684261687888
B000123,973.3300538861829,2.207097627859825,13.018082525063404,3.8560527461716925,0.0,0.3752029665398305,0.28634409808681344,13.412031544845917,0.7823091066053618,0.0,0.03216306747472128,1.0723631891344687,0.16066604336914553,0.15959622127612808,2.3637286021605743,0.550918165151009,0.5363456029459066,0.014572562205102413,0.07279516834284304,0.0,0.3762866665061479,0.0,0.0,0.0,0.0,0.6,0.9077660441103828,,,0.18877684261687888
B000124,9202.342910104155,5.645609147303162,9.578937781865218,6.734144111217178,0.0,0.36499999999999994,2.186427816374886,79.145322625293,2.0306672588885246,1.1621803142438827,0.9800065306762161,0.9116696035426587,0.0,0.5610854399518809,1.6992714929338184,0.7761740326397515,0.7761740326397515,0.0,0.2058556098944685,0.0,0.01797035746578026,0.0,,0.0,,0.98,0.29433021050653435,,,0.18816800894164298
B000125,2658.314302118055,7.263153830923647,13.825851042804771,16.54749195730264,0.3336859115478491,0.25468796876956,2.9455260723911842,106.62804382056088,2.519279808549695,0.5833025139115747,0.02838131552219588,3.7008572050215958,0.0,0.4313329879185855,1.546564956316667,0.9855187448225743,0.39567033755176756,0.5898484072708066,0.003907574613298072,0.0,0.010573680564127833,0.0,0.0,0.0,0.0,1.0,,,,0.18699916418064566
B000126,5102.218219728584,8.812121277596864,13.022674314843602,12.278334723120604,0.11593838689541693,0.15079381934526237,0.01951700022095023,0.34763602826249584,2.238932145433507,0.0,1.3677904329693922,2.3005775984933585,2.1640419194487635,0.7407791812518423,1.8573280982996097,0.989101859683785,0.8338849272470131,0.15521693243677187,0.0,0.0,0.010898140316215174,0.0,1.0,1.0,1.0,1.0,0.18788673863498648,,,0.6061389938239665
B000127,9889.437584485133,15.428139757387102,19.598399270431923,15.485233218532167,0.26334803859842676,0.4548331172372784,0.01207071013975934,0.5600809504848333,9.1840499155121,0.23709525900734477,1.6834277888538252,3.11888537435289,0.0,1.20468141966094,1.91348963353549,0.9922959132411742,0.9922959132411742,0.0,0.0,0.0,0.007704086758825893,0.0,0.0,0.0,0.0,1.0,0.20031654196235193,,,0.1858426376147888
B000128,25866.093586306724,6.721957792699253,12.382308585272094,2.785478711719798,0.0,0.46568556941819916,1.573442475808952,35.14476372560818,1.9638221054793623,0.0,0.08611093941080492,0.6713840440484679,0.0,4.0006407037606175,2.6477406657668063,0.707849682184515,0.5951600452037545,0.11268963698076048,0.0,0.0,0.29215031781548495,0.0,0.0,0.0,0.0,1.0,0.5861288758250932,0.34728079381328986,0.48143982522879825,0.18699916418064566
B000129,3249.2410570148877,4.171041151495363,9.822544790677298,9.94560539334575,0.274541918735622,0.365,0.018514971936017904,0.05437301478606687,0.41072423372540745,1.4327479536776175,0.5430437021717036,1.2299762756550263,0.0,0.5545489862656084,2.10410163244426,0.9964502232299765,0.9964502232299765,0.0,0.0,0.0,0.0035497767700236314,0.0,0.0,0.0,0.0,1.0,,,,0.18696941873279815
B000130,10263.599705892131,5.85487718533493,8.85383220230417,6.510102148577615,0.13193049385763453,0.126496870692434,0.018593596830919427,0.8627428929546614,1.0892107516788312,2.3483388507713503,1.5279817974343068,0.0,0.0,0.8893457854504406,1.9483342586815937,1.0,0.598908947799387,0.40109105220061303,0.0,0.0,0.0,0.0,1.0,1.0,1.0,1.0,0.21240455363417585,,,0.6061389938239665
B000131,1471.5747169209876,1.801193043966937,14.824292955846749,3.738113038025761,0.0,0.39540025353740765,0.2587394458957078,9.346987169451307,0.29362714124460854,0.27202817988946626,0.0,1.1311590537630543,0.0,0.10437866906980779,1.6017985632576561,0.9044323313526739,0.7534056655543468,0.1510266657983272,0.0,0.0,0.09556766864732606,0.0,0.5,0.5,1.0,0.5,0.7099710072781275,,,0.4052417822251656
B000132,1407.9297510617428,1.523733496820068,8.438235536476954,0.9941815666793555,0.0,0.09490939744264518,0.4906531120288247,22.791279162449026,0.6050439415311878,0.5432828269869364,0.0,0.11278227432005826,0.0,0.2626244539818857,2.5543124534496355,0.5668553016771969,0.49283824124279185,0.07401706043440502,0.0,0.0,0.43314469832280317,0.0,0.0,0.0,0.0,1.0,1.1496651785126586,0.3169502228135113,0.474371662550844,0.18877684261687888
B000133,9095.563899789835,6.238384019060243,14.525551271924313,9.382750597493102,0.0,0.1534076455958838,0.01588690200135475,0.385310770233138,2.674606859236186,0.5357971997868453,0.0,2.530722025222899,0.10434848843549539,0.39290944637881897,2.524246857185593,0.4756022261124692,0.4756022261124692,0.0,0.08588717817784458,0.0,0.4385105957096864,0.0,0.0,0.0,0.0,0.5,0.660710822967654,,,0.18699916418064566
B000134,5210.368640413878,6.173422559732083,10.643175703016016,7.995641190432122,0.013801435472582628,0.13983288472903466,1.564477907431643,34.94502075376021,1.951016982203451,1.061116648566009,0.08284665111029611,2.3767061354053727,0.18742129884027256,0.5143148436066823,2.669111961595472,0.6705452099488208,0.49866054819126565,0.1718846617575551,0.013419889908506689,0.0,0.3160349001426726,0.0,0.0,0.0,0.0,1.0,2.638750925070329,,,0.18699916418064566
B000135,14588.011095121714,4.645863406089718,10.140138345084795,5.265655660543197,0.0,0.345219289964913,1.0549861936640497,38.15073159585769,1.473903316391608,0.5158436640716462,0.5639442456937606,0.27058074267641413,0.8658602041849991,0.9557312330712902,2.6419671652780536,0.5709644091948772,0.4495780927236371,0.12138631647124022,0.0582412178373005,0.0,0.37079437296782236,0.0,0.2,0.2,0.2,0.98,0.3539823294878337,0.3286853554022504,0.7580654727518475,0.27637726888891634
B000136,2218.055247506764,5.3318635757374135,8.495489569388106,3.839852670922747,0.10023057909342982,0.2590474156247476,1.7854664121113781,64.6449590376174,2.335204999313188,0.0,0.8728595630573484,0.0,1.1283854316168698,0.9954135817500076,2.81071172498268,0.3604635525124993,0.3604635525124993,0.0,0.16370628217670202,0.0,0.47583016531079864,0.0,0.0,0.0,0.0,0.98,0.23661435085884377,0.43022552248001145,,0.18816800894164298
B000137,5910.463540963416,8.821587374572262,29.12789438738699,1.2455244886451344,0.0,0.8089999999999999,0.04107154391654825,1.9057196377278387,8.214308783309649,0.1146650698244195,0.012024082767000815,0.0,0.0327379819551569,0.4478514567160372,3.5728601841225083,0.06747702915819911,0.06747702915819911,0.0,0.001363029379685063,0.0,0.931159941462116,0.0,0.0,0.0,0.0,1.0,,0.3238201270482669,0.46236965268752306,0.18699916418064566
B000138,21470.751027016864,7.08138226484725,10.703550499248447,14.688172748425885,0.27982176990889085,0.5671484787026286,0.017543049862852447,0.6659594832693818,1.709015322236585,0.0,1.404917855285468,2.6918790070710052,0.35735680686737037,0.9182132733868235,2.4600263356873873,0.7022968381921542,0.5039008467400852,0.198395991452069,0.0,0.0,0.2977031618078461,0.0,1.0,1.0,1.0,1.0,0.1170641289816362,0.23229273583694832,,0.6061389938239665
B000139,5818.499865313924,1.6113264650550883,8.884425667336243,2.013307977114838,0.0,0.2300614683505654,0.5527502236461306,25.327779490477784,0.6709340636128599,0.0,0.07350265720398572,0.6803551640813957,0.0,0.1865345801568465,2.5251907703556755,0.518623634317731,0.09639066115165339,0.42223297316607755,0.0456162415240122,0.0,0.43576012415825655,0.0,0.0,0.0,0.0,1.0,0.9855502643034555,,,0.18877684261687888
B000140,14051.741085891314,8.459807998730472,11.536018455620495,13.483112232442545,0.0,0.4039082513004682,0.01878264450331416,0.46866271410904436,1.9246558449395552,0.9702282252651564,2.224413319873453,2.66369051787463,0.0,0.6768200907776767,2.333288397504267,0.6449389825835414,0.6449389825835414,0.0,0.1146867902215694,0.0,0.24037422719488916,0.0,1.0,1.0,1.0,1.0,0.18287354921497392,0.26042865173251684,,0.6061389938239665
B000141,40977.91927497353,9.108228334068356,12.66673924845811,12.943882046317103,0.0,0.39524415907187244,0.01735867956759623,0.47264985680315824,3.9555732315048178,0.557889683241336,0.9584249330241844,2.1946562464196844,0.0,1.4416842398783287,2.6333450753105927,0.5611866529075284,0.21500723537469116,0.3461794175328374,0.0,0.0,0.4388133470924711,0.0,0.5,0.5,0.5,0.5,,,,0.4023874260919753
B000142,1255.1274964499846,1.0866904731168698,7.250126519537169,1.4066266711606872,0.4572741579056897,0.3781635236510295,0.3725771763720299,17.388007137787508,0.5582330543052411,0.24401732066501935,0.047967574969329206,0.0,0.09763068003014277,0.13884184314713738,2.839311616796083,0.32066335751128944,0.2765223843860283,0.04414097312526127,0.3143931129857426,0.0,0.36494352950296793,0.0,0.0,0.0,0.0,0.6,,0.3897488230700537,,0.18877684261687888
B000143,897.6253773319538,1.862293313966709,10.13145198811384,1.8543822584618705,0.0,0.365,0.31721455393910997,7.102649947187666,0.8666490280483683,0.0,0.0,0.658781466470644,0.0,0.33686281944769675,2.6000746501826617,0.5346334427832988,0.2221089212228319,0.312524521560467,0.0,0.0,0.465366557216701,0.0,0.0,0.0,0.0,0.6,,,,0.18877684261687888
B000144,12016.78010282447,3.265429375767519,9.4926484155976,4.572425362764981,0.0,0.47543848791787674,0.008491302568017271,0.18935604726678518,0.9971133223902628,0.8325120113489645,0.0,0.0,0.7614448990767556,0.6743591429515369,1.5935190150421152,1.0,0.7668163014862992,0.23318369851370088,0.0,0.0,0.0,0.0,0.0,0.0,0.0,1.0,0.5588977778180979,,,0.18696941873279815
B000145,27764.017190538583,5.729264793755382,15.252435004757391,10.830449539089056,0.14305093635328842,0.3148347120917671,0.03485975949668682,0.6850619805469442,1.0021931920975593,0.7941528591838376,1.0665487156406366,2.509788852061027,0.0,0.35658117477232193,1.9067617892543494,1.0,0.8613866023351852,0.13861339766481473,0.0,0.0,0.0,0.0,0.0,0.0,0.0,1.0,,,,0.18696941873279815
B000146,8220.052875869722,4.252484674531672,11.101090303019518,10.571257325950844,0.2215567256502177,0.365,0.008391770551298599,0.031271589253801295,0.3115397208155851,0.0,0.8649783160514007,1.1953330033929215,1.3941586240131558,0.4864750102586084,1.9511628639400023,0.9949113212590528,0.7138208306684984,0.28109049059055435,0.0,0.0,0.005088678740947262,0.0,0.0,0.0,0.0,1.0,1.4577312103313456,,,0.18696941873279815
B000147,18775.620287344376,4.5155411946475175,7.956603632376208,4.280133685223429,0.0,0.2746402401283096,2.7839111847108162,100.79839055967362,1.1984210136046656,0.0,1.0630523504629832,0.507059054682012,0.8986430060804793,0.8483657698173782,2.1251709813181447,0.6515037086640215,0.5392117301780202,0.11229197848600136,0.23542080664064566,0.0,0.113075484695333,0.0,0.0,0.0,0.98,0.98,,,,0.18816800894164298
B000148,1296.4125298236502,0.9567620146300001,7.272232336399157,1.3287001008021035,0.0,0.453,0.3601731196934635,16.897078121541245,0.4492487243908966,0.0,0.0,0.18955655625161763,0.19694387893987034,0.12101285504761548,2.828715907756167,0.5255409861944353,0.12157382478809975,0.40396716140633543,0.0,0.0,0.4744590138055647,0.0,0.0,0.0,0.0,1.0,0.9606342885488984,,,0.18877684261687888
B000149,2332.457770631762,5.436964500307137,7.809834632320714,6.105813175436549,0.0,0.28875566092811455,1.8017977620504293,84.28553336466736,1.628100173982031,1.4367949401539868,0.7175119243149162,0.9038665465551051,0.0,0.7506909153010991,2.4345170264456235,0.5977949334545709,0.29958101817547933,0.2982139152790916,0.2642641753634443,0.0,0.13794089118198494,0.0,0.28,0.28,0.28,0.7,,,,0.3110513158581213
B000150,1525.3600563464086,4.679018577749719,6.968021233185965,7.786735953378749,0.0,0.453,1.4629256753964752,53.01167272515364,2.052850500789967,0.7644747049931727,0.0,1.2398649874969125,0.0,0.6218283844696666,2.4855001999750845,0.6052093516294983,0.3402253668697709,0.2649839847597273,0.0,0.0,0.3947906483705016,0.0,0.2,0.2,0.2,0.98,0.367116083890653,,,0.27637726888891634
B000151,39358.202684108466,15.59358267991619,32.677618861339276,2.415219969319249,0.0,0.09337663473906063,0.0687636564408193,3.099659012663495,13.299105528051568,1.3273168675427163,0.0,0.268306106354365,0.0,0.6988541779675452,3.4532706149823413,0.14714239818792932,0.06202296830526108,0.08511942988266824,0.0,0.0,0.8528576018120709,0.0,0.0,0.0,0.0,0.9,,0.32881351658262564,,0.18699916418064566
B000152,460.61001942497967,1.3708631530505346,5.708191295716983,0.2660159146301266,0.6483047990479864,0.021,0.24480705588336887,11.296043756857598,1.063294976930253,0.0,0.0,0.06511533830438412,0.0,0.24245283781589744,2.8143134089574917,0.5204586007987821,0.5204586007987821,0.0,0.0,0.0,0.4795413992012179,0.0,0.0,0.0,0.0,0.6,,,,0.18877684261687888
B000153,10284.722192629208,4.992583588654955,12.841442655258794,3.802171143422915,0.0,0.29012410968348423,0.017786098259134735,0.3966299911787046,1.8901497641487255,1.5282210169136141,0.8050117930411766,0.0,0.0,0.7692010145514392,2.7370257617419553,0.6207061203272847,0.15336636155854186,0.4673397587687427,0.0,0.0,0.37929387967271544,0.0,0.0,0.0,0.0,0.95,,0.48999352773458565,,0.18696941873279815
B000154,6134.459795213343,4.3322456180885185,12.591116933649243,4.735041669167907,0.0,0.2612453099851857,0.018432628880698104,0.38600645150685087,1.638913368656606,0.0,0.0,0.9240778279634695,1.2680379578410241,0.5012164636274188,2.4834794428603373,0.5810649075115336,0.28836729301189457,0.2926976144996391,0.0,0.0,0.4189350924884661,0.0,0.0,0.0,0.0,0.95,0.5168347259849524,,,0.18696941873279815
B000155,81700.95888873053,20.491838196320675,34.710865135751234,9.760756090236713,0.0,0.4173160546160834,0.08858096142016278,3.9286080289436667,16.79742416180641,0.7894682916807357,0.0895800694089155,1.3276944484572932,0.6822862074758949,0.8053850174914262,3.393017279677568,0.1417611106921152,0.10409410056398533,0.03766701012812992,0.038525986986491303,0.0,0.8197129023213936,0.0,0.0,0.0,0.0,1.0,0.14032609439886293,,,0.18699916418064566
B000156,737516.5228257399,328.3688881681834,536.484714608737,1129.4233598571586,0.0,0.4876002950264121,0.017337782813812985,0.31003779342113047,5.611644395994518,319.6387742857836,1.4887495577866507,0.5054393953621825,0.0,1.1242805332564074,1.344827296498807,0.9997380196637348,0.9981987770205545,0.001539242643180335,0.0,0.0,0.00026198033626523303,0.0,0.0,0.0,0.0,1.0,0.1675920637268405,,,0.1858426376147888
B000157,3152.185264446197,5.6088705773064005,9.701392746110434,6.824871866696414,0.0,0.3092891259797842,4.039016067513618,146.24837348216323,0.9738948215506003,0.8240764506771138,1.1734084026636369,0.0,2.041018688099423,0.5964722143156266,2.0560948342411027,0.8370074504983248,0.47311624281786513,0.3638912076804597,0.1469237771346237,0.0,0.016068772367051558,0.0,,0.0,,0.98,0.40440890636133187,0.37251043771782544,,0.18816800894164298
B000158,4876.941166210592,5.394846422799327,8.555914955454108,3.5144879937265796,0.0,0.47349032043438544,2.724271221917485,127.87937849642317,3.272112997013907,0.0,0.7347996288759311,0.0,0.44133070985560097,0.9466030870538884,1.8826506605674427,0.9715208085573764,0.7535108326364585,0.21800997592091798,0.0,0.0,0.028479191442623484,0.0,0.0,0.0,0.0,0.98,0.1771496380751717,0.29708379438719623,,0.18816800894164298
B000159,1963.4987624113478,2.8090111050233872,12.667858532679698,5.925327830758389,0.0,0.3356715416221372,0.619718035943749,22.309837947721856,0.33851970747734905,0.39114430322977767,0.026609969251194913,0.808005855846315,1.0033959443901324,0.24133532482861839,2.476996208344919,0.8700148689068624,0.512808753702922,0.3572061152039405,0.00947307371039153,0.0,0.12051205738274595,0.0,0.0,0.0,1.0,1.0,0.6792980550183455,0.24979512277846758,,0.18877684261687888
B000160,2374959.7855271436,1149.5449107101372,1486.1686322507664,4018.5713845401133,0.00028285170326572997,0.4875169497815157,0.019603792799580376,0.45268246321575817,4.7222098145440325,1.597399379537567,1135.268313140194,5.389720382717183,1.1711948949427067,1.39607309820158,1.6770473147913239,0.994464340128896,0.00117628519550234,0.9932880549333938,0.0013895928420497858,0.0,0.004146067029054082,0.0,0.5,0.5,0.5,0.5,0.20353344525087805,0.2555988002453181,,0.4023874260919753
B000161,14556.823221742041,8.289762654750593,19.853315159580525,11.164977689776636,0.06364720732038771,0.1347891062824765,0.01468787950508331,0.14487411447486329,2.4296087632386962,1.4399617491527745,0.846108442049068,1.0726143341457026,2.171679714299843,0.3297896518645088,2.5463256164244736,0.5683784491853388,0.29260816643885135,0.27577028274648735,0.12939023453596976,0.0,0.3022313162786916,0.0,0.0,0.0,0.0,1.0,,0.21218284306141608,,0.18696941873279815
B000162,1640.0357664824592,4.02957190781931,15.519820699302787,6.468761660735881,0.02256188192092608,0.11877792092216435,0.01775947524215234,0.10440773101633892,0.42101392363466983,0.6989883511401119,1.1151778254128821,1.2862328900809232,0.0,0.508158917550722,1.8577083802476293,0.7195750512553231,0.5461103837595678,0.17346466749575504,0.2767484613561307,0.0,0.0036764873885462832,0.0,,,,1.0,1.1839220760824631,,,0.18696941873279815
B000163,294.659514556839,0.715192996497182,4.158805443844816,0.7581754459554871,0.0,0.809,0.5009461099679446,18.134249180839596,0.27552036048236955,0.09704645708230236,0.0,0.0,0.0,0.34262617893251024,3.03489946191887,0.37205589076051676,0.37205589076051676,0.0,0.0,0.0,0.6279441092394833,0.0,0.0,0.0,1.0,1.0,,,,0.18877684261687888
B000164,1043.6664864888494,3.2112814968887675,9.348362245392588,1.6447600020386342,0.0,0.44335292153176337,0.016466117562333505,0.3671944216400372,2.2680970489629875,0.0,0.37802380404306035,0.22039247414543825,0.0,0.3447681697372812,1.9036103475618853,0.9842206713529283,0.7978725487208045,0.18634812263212394,0.0,0.0,0.015779328647071458,0.0,0.0,0.0,0.0,0.95,0.8041067158035343,,,0.18696941873279815
B000165,3639.31801647442,1.0837754664902977,6.681696987562835,0.062071103538174445,0.0,0.433,0.28308762041615343,10.201232130522383,0.7734122159265046,0.0,0.029545845284171035,0.0,0.0,0.280817405279622,3.2787633695455467,0.2841119824100008,0.25685002068664453,0.027261961723356223,0.0,0.0,0.7158880175899991,0.0,0.0,0.0,0.0,0.6,0.936163947219966,,,0.18877684261687888
B000166,3142.402954718754,2.217644992744357,9.528233505207586,1.3132489342522957,0.0,0.020999999999999998,0.6101500355963663,13.579343749107512,0.8959962778580317,0.5690162381202357,0.1323156110600999,0.0,0.2126894090592622,0.40762745664672734,2.07830562297201,0.924230800022024,0.6676449894067401,0.2565858106152837,0.05966491999080433,0.0,0.016104279987171857,0.0,0.0,0.0,0.0,0.6,0.6090026921872599,,,0.18877684261687888
B000167,23535.02944492743,9.745353807423367,20.050474305024835,13.3602090307225,0.0,0.11806137561661849,0.011078609462036409,0.37289683673302065,1.9412931372994737,0.0,1.74703491905219,2.2563985049158686,3.040444727907575,0.7601825182482576,1.942316532116254,0.9856261677748047,0.8063576718766452,0.17926849589815963,0.0,0.0,0.014373832225194921,0.0,1.0,1.0,1.0,1.0,,,,0.6061389938239665
B000168,1755.6166162080528,4.008257114630258,8.11978421848101,3.4275015126324906,0.0,0.2731274548132407,1.112022009638148,24.77697556277166,1.5530981990501533,0.0,0.9281796203595669,0.0,0.9932716222528629,0.533707672967675,2.4477819701818078,0.6125253059786763,0.6125253059786763,0.0,0.0,0.0,0.38747469402132384,0.0,0.2,0.2,0.2,0.98,0.3495583239867803,0.3637443442037121,,0.27637726888891634
B000169,2053.457683578669,1.3772352002539696,10.307754713179987,1.9163581681297974,0.03143350243259209,0.24000000000000002,0.37758137949187315,13.66844593760581,0.20766975872053023,0.70116850420258,0.01597397435257231,0.11492635305785563,0.22347061246358932,0.11402599745684235,2.5155542587800985,0.2972188725094755,0.2856202912724968,0.01159858123697871,0.5091131159538188,0.0,0.1936680115367059,0.0,0.0,0.0,1.0,1.0,,,,0.18877684261687888
B000170,17137.730606777426,4.547023244037524,16.79861404140798,7.677852924951142,0.1744145710953238,0.17093048297622387,0.014474141108288218,0.29794254135208637,1.2555911449071109,0.8929412952652842,0.0,0.974565235185942,1.1363866125247204,0.2875389561544666,2.3581297795347105,0.7109490856894128,0.050320586172739316,0.6606284995166735,0.0,0.0,0.28905091431058727,0.0,0.0,0.0,0.0,0.95,1.3963091219466528,,,0.18696941873279815
B000171,6528.788889786073,10.122153317497787,17.945385427946505,4.241733756795882,0.0,0.29073971198845633,0.015091834582767005,0.3365479111957042,3.447373381850331,0.5308123844359125,2.0979363130863034,0.0,0.0,4.046031238125242,2.7349954432129566,0.659422923787275,0.45216106484470414,0.20726185894257096,0.0,0.0,0.340577076212725,0.0,0.0,0.0,0.0,1.0,0.27857893196616246,0.34399218141008936,0.23627800912473562,0.1858426376147888
B000172,4188.080614802396,3.6866906820443623,8.18164918491229,5.8146706778022805,0.0,0.3689566128087657,1.299684341903039,47.04499297586331,0.7787978648369636,0.4663528356545914,0.0,0.3747275952227937,1.6617229379318361,0.4050894483981775,2.569893500023852,0.6725383453518536,0.12015933968345104,0.5523790056684026,0.12649632851649684,0.0,0.20096532613164952,0.0,0.0,0.0,0.98,0.98,0.49265722317351435,,,0.18816800894164298
B000173,3919.8316058263563,1.7390557257437251,13.992581757127258,4.747480024866934,0.31221488510881024,0.41674541170631246,0.17104238880676048,6.11563043112119,0.2583653897930815,0.19866189890593172,0.0,1.0067971601001602,0.13473696251862527,0.1404943144259267,2.0312309846441248,0.8514335187950409,0.19502320041343976,0.6564103183816015,0.0,0.0,0.14856648120495902,0.0,0.5,0.5,1.0,0.5,0.8250862037017814,,,0.4052417822251656
B000174,4830.987082053111,5.508537151713924,8.96409068380879,7.80750945859017,0.2023569168661238,0.3361255839971075,1.3616328762361083,49.27486619723645,1.900395848158681,0.7273562759982166,1.1351534571406554,0.9020419339130348,0.0,0.8435896365033381,2.4855562187236044,0.672983575418701,0.4669119041425139,0.20607167127618703,0.0,0.0,0.3270164245812995,0.0,0.2,0.2,0.2,0.98,,0.3540157165456274,,0.27637726888891634
B000175,7542.01947585064,8.759604501568688,18.223659934575732,11.31356898451957,0.0,0.1169263381350963,0.0064788823863675205,0.1444790772159957,4.278507236280438,0.590153551597547,2.011792262192413,1.47538804185685,0.0,0.40376340964143986,2.777453080087728,0.5084349443763343,0.5084349443763343,0.0,0.0,0.0,0.49156505562366565,0.0,0.0,0.0,0.0,1.0,0.30129666173199454,,,0.1858426376147888
B000176,3961.7823482428807,7.939443583653068,11.998696929473473,13.370296900620636,0.0,0.166980247130326,0.020281832192941458,0.35824382205861494,1.7787578563167554,1.909512025324664,0.0,2.6646821818617497,0.9907301539333544,0.5957613662165447,2.2479639172157113,0.7759593808337989,0.07503817615672573,0.7009212046770732,0.0,0.0,0.22404061916620105,0.0,1.0,1.0,1.0,1.0,0.2156405044749067,0.3104516681982579,,0.6061389938239665
B000177,15160.118681740138,10.229499785249756,13.746311362002821,14.204846433774922,0.21944215189389393,0.3448545812756846,0.022253757028137526,0.5235492362432843,4.200167730100063,0.3787792429443908,1.5754948196285599,1.6474287290806076,1.0027419770958252,1.424887286400309,2.678275797939647,0.589406342609595,0.1763201101920413,0.4130862324175534,0.0,0.0,0.41059365739040526,0.0,0.5,0.5,0.5,1.0,0.1850425393573784,0.2198402654106342,,0.4023874260919753
B000178,32587.39253847083,13.62349186390921,32.317314568664614,10.621538301302508,0.04103028528345721,0.4454539643912509,0.06536844663295067,2.9318041993616215,9.981303095639396,1.0516268493772674,0.017230904538445342,1.7934286027409128,0.042510275809808665,0.7373921358033801,1.3428997367442588,0.9215430401696582,0.7899006814663078,0.13164235870335045,0.07845695983034176,0.0,0.0,0.0,0.0,0.0,0.0,1.0,0.1677855022832115,0.3153155860027665,,0.18699916418064566
B000179,3992.1922179255735,8.334430517589924,14.404589151289262,8.547715730492165,0.023568508886341637,0.285742277460365,0.009907791633428418,0.3717813936117673,2.804566041772245,1.2072654018721973,1.7350056523294641,0.28282526037005423,1.5814270578270309,0.7233411034189321,1.9920240916129734,0.8966245185257766,0.5280909140297281,0.36853360449604855,0.0,0.0,0.10337548147422342,0.0,0.5,0.5,0.5,0.5,0.26722583930822436,,,0.4023874260919753
B000180,9344.053606920774,13.967195227086359,20.925422059323406,17.57617380469619,0.12691432637572816,0.2571821417790306,0.014915178024226726,0.4278346476087465,5.818542553012369,0.2549720101292121,2.1591064756812117,1.3623521786256239,3.453966124341395,0.918255885296544,2.7486996230617162,0.40688980015344833,0.30935037606179994,0.09753942409164842,0.15458411231297828,0.0,0.4385260875335732,0.0,0.0,0.0,0.0,1.0,0.20777641720401469,,,0.1858426376147888
B000181,33752.96609510679,10.449834704367428,14.455917032390827,16.158553115507143,0.20215638812464806,0.4706107997650691,0.01785280493761289,0.3981175501087674,4.078051889302437,0.0,0.8029403581044346,4.319309073906494,0.0,1.2495333830540618,2.4468519857392326,0.5718068739092753,0.4949692606053202,0.07683761330395512,0.0,0.0,0.42819312609072463,0.0,0.0,0.0,0.0,1.0,0.22891807620915258,,,0.1858426376147888
B000182,7568.3051058663,3.0690612756959856,4.535034625674678,2.6732462196432665,0.4216229383528338,0.365,6.203869184917964,224.5748603749838,1.5710278421084942,0.42759078746069884,0.0,0.38877339954778184,0.0,0.6816692465790112,2.0366350555050348,0.696850495360755,0.5701754750128416,0.12667502034791334,0.13932298805722998,0.0,0.16382651658201505,0.0,0.0,0.0,0.98,0.98,0.30137241704628975,,,0.18816800894164298
B000183,17391.83592743872,5.197799141493938,8.93454839940521,4.739184454992169,0.12762030005933542,0.30675212997455215,1.2619389151299636,45.456706473275716,2.2133820332976377,1.1185325938311161,1.0759908126597326,0.21773258012465754,0.0,0.572161121580794,2.1692854246740385,0.6574774890077328,0.6574774890077328,0.0,0.04188937936953012,0.0,0.30063313162273686,0.0,0.28,0.28,0.28,0.7,,0.4851887976013805,,0.3110513158581213
B000184,11472.268399621576,6.650590376592218,12.885318479310563,8.614590603122364,0.0,0.12666598136902743,1.4473130841227677,32.22719148513376,1.9380825469974927,0.6755822810049791,1.5027415487275284,1.3006962049252349,0.6751599468007451,0.5583278481362388,2.6251938962389443,0.6688243540574338,0.27014720171572504,0.3986771523417089,0.0,0.0,0.3311756459425662,0.0,0.0,0.0,0.0,0.98,0.3599412552255448,0.40129984289468884,0.2692237719277815,0.18816800894164298
B000185,3091.3692476241963,5.979437616294383,11.739115973363614,7.529525388331592,0.0,0.2038572293916288,1.422154966321032,66.84697087624782,1.8600312862921473,1.037403457394865,0.9381993812425912,0.5559143956359238,0.880039954633608,0.7078491410952473,2.4343337865405883,0.688928724463412,0.5154335692388023,0.17349515522460981,0.0,0.0,0.3110712755365877,0.0,0.0,0.0,0.0,0.98,,,,0.18816800894164298
B000186,23166.063019414465,4.8987234128598995,9.233258065987961,6.536020078757903,0.0,0.365,1.0337131224594627,23.057355196705668,1.774090834237006,0.6748049741573294,0.0,1.8793744536273354,0.0,0.5704531508382287,2.404658708264852,0.6370874872676962,0.115690541059312,0.5213969462083841,0.0,0.0,0.36291251273230385,0.0,0.28,0.28,0.28,0.7,,0.3210874059273192,,0.3110513158581213
B000187,2347.431534313606,6.502580427461512,17.874897013773317,11.723033487709426,0.07705450088657242,0.3032634076217509,0.019247403319995138,0.6492477029745691,1.4967376544386588,0.4493698965477079,0.6632289721067557,1.03494756459601,2.005331268754326,0.8529650710180534,2.186623376248693,0.7698240458329928,0.6106645281397939,0.159159517693199,0.0,0.0,0.23017595416700717,0.0,0.0,0.0,0.0,1.0,0.4680815277359613,,,0.18696941873279815
B000188,3573.8697044974624,1.4498457219056642,6.821570240024739,2.8906895790782308,0.46869691325078255,0.37305020940862865,0.2983419312545985,10.810872965767546,0.3199065613910412,0.2441477913233787,0.03704751692382505,0.47551976720137384,0.13291628115313006,0.24030780391291554,2.0226997019372575,0.7188332738212262,0.3908537101912733,0.32797956362995295,0.16839570420118424,0.0,0.11277102197758947,0.0,0.5,0.5,1.0,0.5,1.2496786626400767,0.3223710236367374,0.6357321355778462,0.4052417822251656
B000189,22456.301154751218,19.6640115190466,33.46245449590289,11.144920488031666,0.12490411425219963,0.47076222740861656,0.08766500576479729,5.486292589946362,16.353507536117068,0.18712551474618197,0.14861799843004372,2.175198561850877,0.0,0.7995619079024349,3.342265596657954,0.15954942157842228,0.04137330283326862,0.11817611874515367,0.0,0.0,0.8404505784215779,0.0,0.0,0.0,0.0,1.0,0.11305262576223599,0.31177581380007563,0.4768502456357766,0.18699916418064566
B000190,9129.183938959444,3.906368822832454,6.8947377151209475,0.9284574574189246,0.10750513589805946,0.2649755228048791,0.013244439069849121,0.2953509912576354,2.8086677142297054,0.0,0.04524734970287318,0.4985179564948516,0.0,0.5539358024050233,2.2184567832502133,0.7164645845026887,0.7048816153169821,0.011582969185706577,0.0,0.0,0.2835354154973112,0.0,0.0,0.0,0.0,,,,,0.18699916418064566
B000191,937.0756639660625,1.299688854321862,7.50056182345964,1.809403481274762,0.0,0.29137645828242825,0.3470968473432348,16.313373471056895,0.4780880069743385,0.0,0.04928669018595293,0.5702071710407308,0.0,0.20210698612083952,2.836438034523995,0.5942300378997559,0.1555041311993806,0.43872590670037526,0.03792191494299551,0.0,0.36784804715724845,0.0,0.0,0.3,0.0,1.0,1.0996027891868458,,,0.18877684261687888
B000192,5428.4719650845045,1.2897296186943465,6.381027481190741,1.2082185108201382,0.05317115421918614,0.07622269486727087,0.5766017043977564,20.7911205182409,0.3155953422780144,0.5175036717466266,0.04185492357298353,0.21592133497728638,0.0,0.1988543461194357,2.6704159470792495,0.7228486803204057,0.3215989422004736,0.40124973811993225,0.032452479160209734,0.0,0.24469884051938443,0.0,0.0,0.0,1.0,1.0,0.6646354646468137,,,0.18877684261687888
B000193,5755.848463146191,10.54184700209925,17.309515865699577,15.454220530467964,0.0,0.39371828714726415,0.020046791303477425,0.603152421201274,3.64335216743429,0.0,1.3366206939797227,2.044891919201481,2.4332234026228803,1.0837588188608738,2.5831748514603805,0.6204928111147661,0.1956986245806026,0.42479418653416345,0.0,0.0,0.3795071888852337,0.0,0.0,0.0,0.0,1.0,0.19768798255754255,,,0.1858426376147888
B000194,2605.676888503795,5.417207668407058,8.629603838474816,7.296016381163462,0.18854128601238404,0.3962964841237955,1.3327499230960436,29.729816097714604,1.8644157263910834,0.7100681697744686,1.1344693607191372,0.13510782867926965,0.9518882966057918,0.6212582862373118,2.7219098742722525,0.6521684294137092,0.2420926815409264,0.41007574787278284,0.0,0.0,0.3478315705862915,0.0,0.2,0.2,0.2,0.98,0.23062686586919642,,,0.27637726888891634
B000195,3662.9711699497575,4.903575863386556,17.077390187039587,6.843129070637817,0.0,0.4057443126379206,0.015129828381631797,0.2928298682984743,1.3120492103114838,0.5524442691039168,0.7189510468911462,0.17683248527854234,1.9517301319299718,0.19156871987149496,2.305346008858598,0.7270256276869266,0.6909636822403609,0.036061945446565706,0.0,0.0,0.27297437231307337,0.0,0.0,0.0,0.0,0.95,0.7731196558640092,,,0.18696941873279815
B000196,3962.041457556622,6.636585356041243,10.610465964659083,7.129817617779979,0.0,0.29442853371449024,1.6471452941645337,59.57935546825276,2.1572126668541434,0.8394621465178366,1.076539698324516,0.6495626968459148,0.9883225835940497,0.925485563904782,2.5901379675025216,0.6052620827767746,0.6052620827767746,0.0,0.0,0.0,0.3947379172232254,0.0,0.0,0.0,0.0,0.98,,0.3022749435270946,,0.18816800894164298
B000197,1280.3910443041825,1.2855331770122314,9.460533822877876,0.7303582910405424,0.0,0.509611826203037,0.18697066047144412,8.72260284562481,0.745060423570347,0.2849958837838591,0.0,0.014866307105917957,0.0,0.24061056255210772,2.4810583917057167,0.6466244798744661,0.6350601675939621,0.011564312280504068,0.0,0.0,0.35337552012553414,0.0,0.0,0.0,0.0,0.6,0.9700139689682247,0.3632372150013195,,0.18877684261687888
B000198,3025.1332248972117,1.3285609244168695,9.80667834404533,1.4654716731368034,0.09950236305887047,0.297217473810553,0.2731401808616624,12.83653586206204,0.3762207743812507,0.13229162723580984,0.3650854218662285,0.0,0.215583669793218,0.2393794311403627,2.2336548825676616,0.6722778307345713,0.6722778307345713,0.0,0.0,0.0,0.32772216926542896,0.0,0.3,0.3,0.3,1.0,0.5831996418244014,,,0.32025669999791706
B000199,2297.613911494561,6.640502634377343,10.877826079485486,12.245814503293747,0.16102518549701786,0.4072916172845609,1.3681974127605647,30.410767620034576,1.902684170311219,0.251039655857598,0.916374460567716,2.9088176607540235,0.0,0.6615866868867847,2.574471276815782,0.6623199916438076,0.30357745005066333,0.35874254159314445,0.037804315377873064,0.0,0.29987569297831873,0.0,0.2,0.2,0.2,0.98,0.36021783019207176,0.3669824296983794,0.6679665456723262,0.27637726888891634
B000200,24420.51237154967,9.09177675783681,18.82690687758361,1.4167815176915486,0.0,0.2515667119220253,0.03530409082468744,2.077413798589815,7.750393785790051,0.3774063696065865,0.0,0.4342420513423425,0.0,0.5297345510978316,3.457895734437644,0.10156411158487444,0.05380204450947682,0.04776206707539759,0.0,0.0,0.8984358884151256,0.0,0.0,0.0,0.0,0.5,,0.13726972720875483,,0.18699916418064566
B000201,60715.396942120824,17.10292871609037,31.713925091498545,5.78971492772322,0.0,0.4821534764900319,0.0765467240400655,3.408775060871922,14.596340895836002,0.0,0.09040495131013809,1.3536534358105743,0.27592129939851,0.7866081337351479,3.441348246814751,0.14655898190677608,0.12514006256321303,0.021418919343563055,0.0,0.0,0.8534410180932239,0.0,0.0,0.0,0.0,1.0,,0.33579415291022563,0.22977795176542853,0.18699916418064566
B000202,3942.6294001109263,10.513678400295804,14.689340243757112,15.857368893864487,0.05158815113975543,0.4457471747958225,0.01932077683297604,0.3192838464634758,4.148073129798792,1.0205057688554589,0.8182743199537632,3.2778289854395632,0.0,1.248996196248227,2.7149639442531424,0.5943269405212903,0.24740014421387152,0.3469267963074189,0.0,0.0,0.4056730594787096,0.0,0.5,0.5,0.5,0.5,,0.21651898961039823,0.16602868313134259,0.4023874260919753
B000203,17167.919412615636,7.111814172583114,20.893549566111492,11.567364450270212,0.17228606123682536,0.1840042538530114,0.014993934530846334,0.33436474003787325,1.4993934530846336,0.978779329561374,0.3331567027033382,1.890486493178602,2.105786388979237,0.304211805075929,2.3157927885339755,0.7723940662857457,0.6347668299984586,0.1376272362872872,0.0,0.0,0.2276059337142544,0.0,0.0,0.0,0.0,1.0,0.4631324245621578,,,0.18696941873279815
B000204,19176.82187748715,11.47625486384629,21.20972474000829,11.590501770818907,0.0,0.20352200691862737,0.013307881392123917,0.37927607051340206,5.295406626370713,1.7759442883306575,1.419996953485866,2.4473067097166408,0.0,0.5376002859424105,2.9043275755917204,0.5310459660625177,0.37629650211279114,0.15474946394972675,0.0,0.0,0.46895403393748203,0.0,0.0,0.0,0.0,1.0,,,,0.1858426376147888
B000205,7235.073881171044,4.707269929193913,8.349211607082237,7.184881760424629,0.0,0.253402690493924,1.4378120809088393,67.47886554691343,1.7942023439139025,1.2790373119694154,0.0,1.0198551537105647,0.1208739962007476,0.4933011233992827,2.615091536588894,0.5931662367102465,0.32145092588071855,0.2717153108295282,0.02567815273373253,0.0,0.38115561055602076,0.0,0.0,0.0,0.0,1.0,0.7762625056039459,,,0.18699916418064566
B000206,4428.284128765063,8.786278033264013,16.74819440830281,9.038090183698467,0.11891051686151048,0.16379594729752875,0.02072696124714899,0.5981906686938345,4.122187992143154,0.2141261284483412,0.0,1.0759839437727627,2.115671627293236,1.2583083416065188,1.9398901482242477,0.9404745345903257,0.6758630836280698,0.26461145096225575,0.024370515892813773,0.0,0.03515494951686038,0.0,0.0,0.0,0.0,1.0,0.12935929398412754,0.3316354962554807,,0.1858426376147888
B000207,3014.2906821398406,1.727387210395324,8.938647705577178,3.9445193980425044,0.5238359455754801,0.31732684468968686,0.3882510788080975,18.198864717000426,0.5206679006947412,0.18116326971644828,0.05486046873168579,0.5045793067188336,0.23269517071710702,0.23342109381650802,2.499853688471078,0.6023139843000948,0.143739935933521,0.4585740483665738,0.10487704703740852,0.0,0.29280896866249656,0.0,0.3,0.3,0.3,1.0,0.5059564970212166,,,0.32025669999791706
B000208,19027.363868672397,4.437351648477705,9.548988128696761,9.37962122596093,0.1989005679915181,0.3671398952263066,0.013719726425029893,0.3059498992781666,1.4536852896771801,0.2900736977160934,0.5233725818559389,1.2747663255455473,0.0,0.8954537536829444,1.6485185832932758,0.9416529929289814,0.8237059327640539,0.11794706016492724,0.0,0.0,0.05834700707101846,0.0,1.0,1.0,1.0,1.0,,0.24375807727636237,,0.6061389938239665
B000209,2347.2865589420308,5.972739335730358,9.03979368341237,6.498725376842105,0.09633232748769115,0.3746970350485188,1.741385227199941,38.890465817086486,2.275261150998214,0.3819035680258165,1.307679244395325,0.7234418547183397,0.0,1.284453517592662,2.6646533199040605,0.44850524146801674,0.44850524146801674,0.0,0.12112396239871663,0.0,0.4303707961332663,0.0,0.0,0.0,0.0,0.98,0.25751317370222,,,0.18816800894164298
B000210,1176.1484311006734,1.8580543935239706,11.61660939599708,2.895387676907727,0.0,0.3883579121022776,0.3138232013946514,14.749529208979244,0.43225719290014075,0.5040647699555674,0.07703976804074844,0.640773383900729,0.0,0.203919278726785,2.445255018921032,0.6832117731707671,0.3383492190205392,0.3448625541502278,0.041462601046159606,0.0,0.2753256257830734,0.0,0.3,0.3,0.3,1.0,0.7467405117396069,,,0.32025669999791706
B000211,6065.8046086931945,5.220141659804814,13.00752807409558,4.97351894923684,0.0,0.34845913600706446,0.012477077579631216,0.32213957989724595,1.514878572431333,1.63792035001786,0.0,0.0,1.1750823268597734,0.8922604104958481,1.8813990879781153,0.9845179674864537,0.7594125195044709,0.22510544798198268,0.0,0.0,0.015482032513546354,0.0,,0.0,,0.95,0.9222487605484404,,,0.18696941873279815
B000212,8222.722211577046,17.238411345025252,30.461388428934892,2.8585335612998626,0.0,0.47,0.09341499614299466,4.331234348289681,15.461526483326999,0.0,0.0,0.7349270994093386,0.0,1.0419577622889131,3.500808505031081,0.1030770658695898,0.06044395515539235,0.04263311071419743,0.0,0.0,0.8969229341304101,0.0,0.0,0.0,0.0,1.0,0.14714248043520672,,,0.18699916418064566
B000213,2430.570583323391,4.301894837740515,7.115039204183395,3.174019372153491,0.0,0.4404349158459766,1.3924799389101639,30.666489867422534,1.9116706401143089,0.0,0.552834594486659,0.0,0.6480770669162126,1.1893125362233337,2.777733333724341,0.45733092397982095,0.45733092397982095,0.0,0.0,0.0,0.5426690760201789,0.0,0.2,0.2,0.2,0.98,0.484579733734965,0.3431734048601726,0.8955118157804135,0.27637726888891634
B000214,16693.27748616296,5.545939364173741,13.759777928881856,14.545628314695968,0.12461145953325159,0.5985170496605554,0.01903692630222667,0.0684374487348987,0.5156263086040911,1.3037422625112904,0.0,2.798883229108868,0.2556433714190306,0.6720441925304593,1.884941245545973,0.8961235205110262,0.39145099430394253,0.5046725262070835,0.0,0.0,0.10387647948897372,0.0,0.0,0.0,0.0,1.0,,0.4859415187685941,0.6485794568117004,0.18696941873279815
B000215,20752.673379464486,6.899160033066651,13.691867432327298,11.32475217555876,0.25061616063102504,0.34564474645523463,1.8642176247107172,67.3779255948598,3.00796331215424,0.7927233073064512,0.0,1.7391043048486097,0.699882349326362,0.6594867594309872,1.7954323075053005,0.8128083046625802,0.7113637308344721,0.10144457382810801,0.11490142329023331,0.0,0.0722902720471863,0.0,0.28,0.28,0.28,0.7,0.2525164173799368,,,0.3110513158581213
B000216,8660.693331371012,3.8924464410656237,14.595683960458372,6.122401401183723,0.0,0.44470011055909237,0.013608166125480768,0.313255118449442,1.2479465447171763,0.43879120737128124,0.320203883278455,0.4814884889385912,0.7553342760275468,0.6486820407325724,1.8331928108385014,0.9714858242268494,0.5714734741999261,0.4000123500269231,0.0,0.0,0.0285141757731507,0.0,0.0,0.0,0.0,,1.1966240286632877,,,0.18696941873279815
B000217,1273.6793351917559,2.084581563325296,14.78989966679051,3.3275101977286528,0.0,0.33482366870497543,0.4126645912987728,19.32921692764935,0.5137738203986102,0.17794688972821301,0.009290913486352427,0.29908936150576815,0.8016732028050049,0.28280737540134737,2.6065284348799174,0.6056023377280372,0.13566625570179988,0.4699360820262371,0.14793389734302195,0.0,0.24646376492894106,0.0,0.0,0.0,0.0,1.0,,,,0.18877684261687888
B000218,9204.173978951516,2.0871142809413867,10.600180174012328,3.1475247148683914,0.02701211455140939,0.3880079763925915,0.41622289588366,19.44878244829731,0.5748418239944292,0.0,0.02197307973870025,1.1147885125165011,0.0,0.3755108646917559,2.503082783235638,0.7526205624241306,0.7420925908897739,0.010527971534356688,0.0,0.0,0.24737943757586914,0.0,0.3,0.3,0.3,1.0,,,,0.32025669999791706
B000219,13292.195268885325,12.830304313595875,17.52977132101715,9.552854616718072,0.0,0.2475939239339642,0.009996149399532856,0.2229141316095827,6.6012307355405655,0.4524199845934072,2.79688638405854,0.4446298303202134,1.8256416960081256,0.7094956830750241,2.939201342431179,0.45599129456408566,0.3136999153897391,0.14229137917434662,0.0,0.0,0.5440087054359143,0.0,0.0,0.0,0.0,1.0,0.1748885190697317,,,0.1858426376147888
B000220,8854.172756006326,8.244108711365294,17.221836701620948,8.239388835643654,0.0,0.22742443375823468,0.011575248284412193,0.3371851729417499,2.8841562802733267,0.0,2.2907802678271474,0.5706193672698732,1.9650148525678424,0.5335379434271046,2.7668207353546386,0.6501554769289688,0.06471748033739189,0.5854379965915768,0.0,0.0,0.3498445230710314,0.0,0.5,0.5,0.5,0.5,0.2758804144061349,,,0.4023874260919753
B000221,44970.789644704,15.38514869815395,20.05987890965502,29.620083414138673,0.0,0.34319354307204936,0.059122998430503004,0.5849657873357006,4.469545957448538,1.096723769410735,0.947945613994145,7.496487987806574,0.0,1.374445369493959,2.399184455981007,0.6607734970783059,0.10223409483980826,0.5585394022384977,0.0,0.0,0.33922650292169404,0.0,0.5,0.5,0.5,0.5,0.3047791200429096,,,0.4023874260919753
B000222,460.8462366818011,1.4050190142737837,6.129746393198686,0.9620256094154613,0.11457148792415774,0.16520675444673955,0.46245410053917335,16.668721884473737,0.6335446914263516,0.0,0.0,0.15473879295791207,0.3888823496862963,0.22785318020322387,2.780389101246001,0.5263177516813228,0.13940402516126466,0.38691372652005807,0.0,0.0,0.4736822483186773,0.0,0.29999999999999993,0.29999999999999993,0.29999999999999993,1.0,0.9947259095050569,0.40526222928352085,,0.32025669999791706
B000223,4542.944488188359,4.688281205560743,14.923294742790185,9.645470254122213,0.20625234014800753,0.17667925280019983,0.014387289070562179,0.25527414172220103,0.4054204744921744,0.868850568912074,0.36166009109422514,1.1345252356641464,1.583249980943621,0.33457485445450097,1.9011871984844824,0.8844316745016981,0.6991077720272613,0.1853239024744368,0.0,0.0,0.11556832549830183,0.0,,,,1.0,1.1150393580360047,,,0.18696941873279815
B000224,500.775513991089,1.4027325321879243,11.115147415693915,1.5653826009249021,0.26345753137934147,0.270872905766819,0.22206354000804018,10.350097828603252,0.6031966193525529,0.14948800874005985,0.020692261493817376,0.04510969623833385,0.4333711401220409,0.15087480624111924,3.0038674796129285,0.5552331848515311,0.139716230986505,0.4155169538650259,0.014751394880350027,0.0,0.4300154202681189,0.0,0.0,0.0,0.0,0.6,0.6144928034634242,0.3648748656696015,,0.18877684261687888
B000225,3292.8179932622756,2.853395141475109,8.428923953780426,3.4742461310847337,0.0,0.021,0.018378824984691216,0.3705166409882257,1.5828166348479251,0.0,0.0,0.9576645753026762,0.0,0.3129139313245074,2.8913348625014494,0.4452865599155458,0.4452865599155458,0.0,0.0,0.0,0.5547134400844541,0.0,0.0,0.0,0.0,1.0,,,,0.18696941873279815
B000226,14212.929106257468,3.522411178750302,14.689728556996101,7.056690645644597,0.0,0.10093692103737346,0.4680355452010268,21.81118064076014,0.6384185522275814,0.0,0.060635296588742824,1.8161984122295962,0.7243528756816618,0.28280604202272003,2.099895408273656,0.8015410997348872,0.08028762903343253,0.7212534707014548,0.017214144945524305,0.0,0.18124475531958836,0.0,0.3,0.3,0.3,1.0,,,,0.32025669999791706
B000227,25209.16563869147,8.592080994782368,15.042536533648494,15.210583057684316,0.0,0.3182950107097934,1.2165228126555756,43.77685022741581,2.0788461629893358,0.5754114773450258,0.7066134404745287,3.386420240796577,1.2058832872820806,0.6389063858948206,1.9620118993329958,0.7685740512315797,0.6863339698236384,0.08224008140794146,0.0,0.0,0.2314259487684203,0.0,0.28,0.28,0.28,0.7,,,,0.3110513158581213
B000228,3125.0941227399016,3.9063676534248772,15.474690559823062,7.7032965676112575,0.19161136758819888,0.42806918864727483,0.014446642519209362,0.3952132647678963,1.1390025925505283,0.8006245428541916,0.33611708343062346,0.8593004414980804,0.27963279736986657,0.49169019572158695,2.569386306163253,0.46124258137799123,0.3036153595109875,0.1576272218670038,0.2199742875570597,0.0,0.3187831310649491,0.0,0.0,0.0,0.0,1.0,0.7909454805513276,0.4950616989095044,0.22987203197685377,0.18696941873279815
B000229,18678.14833020173,3.746870276870959,14.80695822603938,4.778697250672557,0.0,0.38486136387434144,0.0071590599315536395,0.24393599902753252,1.6785023522536604,0.0,0.0,0.5818095373864142,1.087122055467507,0.3994363317633767,1.7579677323008436,0.9586243691361971,0.8033455645888755,0.15527880454732154,0.0,0.0,0.04137563086380293,0.0,0.0,0.0,0.0,1.0,0.2453106019561705,,,0.18696941873279815
B000230,12371.5484843973,9.516575757228694,28.97941949020703,5.031919645906208,0.0,0.5337563370599483,0.02876477014806973,1.2210219526699773,7.242524598145138,0.4389217994299905,0.0,1.2969974421038124,0.035525354741406986,0.502606562808345,1.2553171389677906,1.0,1.0,0.0,0.0,0.0,0.0,0.0,0.0,0.0,0.0,1.0,0.1801502496221805,,,0.18699916418064566
B000231,26307.989000117974,7.783428698259756,12.981394225192977,9.41132583803547,0.0,0.453,0.0325905978209273,0.7033338544312142,3.7551401795462755,0.43856456753122997,0.0,2.8832298577495585,0.0,0.7064940934326893,2.426349220837974,0.5175467875249036,0.5175467875249036,0.0,0.0,0.0,0.48245321247509626,0.0,0.0,0.0,0.0,0.5,,,,0.18699916418064566
B000232,7178.8199670963,4.670670115222056,11.536444498571147,10.305303251546247,0.0,0.4486058232485664,0.014550088606949821,0.09585244900534287,0.36817153430510635,0.4233592667142392,1.9789280067125363,0.8886211642688204,0.0,1.0115901432213534,2.372317552261076,0.950618529211224,0.33667040180316654,0.6139481274080574,0.0,0.0,0.04938147078877608,0.0,0.0,0.0,0.0,1.0,,0.5085818274196625,0.4485983661673598,0.18696941873279815
B000233,8543.294674849589,4.465914623549184,6.698036275629848,3.005325545395943,0.0,0.41004223187748234,0.019403502127098547,0.35883022717321217,1.8258819626141247,0.39707527224359934,0.0,0.9061114212657447,0.0,1.336845967425715,2.6183625360191054,0.5673725885278453,0.5673725885278453,0.0,0.0,0.0,0.43262741147215455,0.0,0.0,1.0,0.0,1.0,0.21985063361666643,0.33282312331503705,,0.1858426376147888
B000234,5365.7461991928,2.99929916109156,12.181383678759921,4.057043938519979,0.038572884318448526,0.3172219620306375,0.6224920801207383,29.158967493152982,0.5064653487909553,1.3867476232700342,0.0,0.5673157905624899,0.029732852206176684,0.5090375462619029,2.1377198454761293,0.5238838171044257,0.5238838171044257,0.0,0.46235722039989624,0.0,0.013758962495677842,0.0,0.3,0.3,0.3,1.0,,0.29478256441256806,0.7179226611219977,0.32025669999791706
B000235,623.6329973798801,0.9978127958078081,5.82212912461398,0.3382357614761522,0.0,0.021,0.252666078911593,5.634453559728524,0.5989419153795579,0.0,0.0,0.0,0.2354120899874019,0.16345879044084846,1.6972353569322642,1.0,1.0,0.0,0.0,0.0,0.0,0.0,0.0,0.0,0.0,1.0,,0.3889171713759925,0.4242634188533004,0.18877684261687888
B000236,11126.438191524629,3.6031211760118618,10.321650634057933,8.89333358119366,0.3410784275826243,0.42821964903274407,0.005714799369537448,0.1274400259406851,0.7310067363473379,0.3870599896212512,0.6828779496293899,1.4959741954185284,0.0,0.30620230499535395,1.8603038528599734,0.8685675390873641,0.6790435357938535,0.1895240032935106,0.10742352830044731,0.0,0.024008932612188578,0.0,0.0,0.0,0.0,1.0,0.9380581060361218,,,0.18696941873279815
B000237,9911.265270934951,7.00442775331092,18.965367732263015,3.0923844915765426,0.054618705192789274,0.556813513790061,0.03363651228431444,1.5517000613469967,5.585558524226107,0.08977862326580921,0.03249130161188152,0.7202055728298349,0.0,0.5763937313772871,1.7086057409734612,1.0,0.8925398475148915,0.10746015248510836,0.0,0.0,0.0,0.0,0.0,0.0,0.0,0.5,0.17849749008647592,,,0.18699916418064566
B000238,6703.869841247414,8.507449037116007,14.900529576356002,5.18977148744029,0.0,0.36500000000000005,1.2379322330249798,44.64793768059567,2.120217424665388,0.0,0.7786550218481573,1.415723664398785,0.0,4.1928529262036776,2.498385101940293,0.7611994019093787,0.5032632477610104,0.25793615414836835,0.0,0.0,0.23880059809062137,0.0,0.28,0.28,0.28,0.7,0.34835352494956634,0.4698484530990702,,0.3110513158581213
B000239,21322.152780797638,7.502516812384813,15.654686121287167,13.071447454797585,0.03521372666035346,0.3722743124635313,0.010160503417881182,0.47144735858968684,1.2543831380100225,0.9902525533770982,3.7485040315567275,0.7935898804188829,0.0,0.7157872090220819,2.4921521543687626,0.8049249065471623,0.06752616373859403,0.7373987428085684,0.0,0.0,0.1950750934528377,0.0,1.0,1.0,1.0,,0.25971046486802774,,,0.6061389938239665
B000240,1505.8804401121101,3.7182233089187906,9.273584054911412,2.766504350881163,0.0,0.365,0.02016597131275912,0.43517652235478405,1.871141966860411,0.0,0.0,0.0,1.4607142972652543,0.3863670447931254,3.177495458247282,0.07223883468872708,0.07223883468872708,0.0,0.392852762167749,0.0,0.534908403143524,0.0,0.0,0.0,0.0,0.95,0.8408591771495872,0.47641730931036735,0.3191829913856393,0.18696941873279815
B000241,1885.0684437203354,1.8319421221771968,11.414266415252495,2.678982598837758,0.0,0.05165587394182608,0.2830341752509694,6.265292263612625,0.7687256493505241,0.0,0.07172831154332307,0.5533611195562931,0.290562700406647,0.1475643413204095,2.6210719104076294,0.5803766723607394,0.4217675673627476,0.15860910499799186,0.0,0.0,0.4196233276392606,0.0,0.0,0.0,0.0,0.6,0.5779262824073537,0.4828019690644482,,0.18877684261687888
B000242,9687.560482190473,6.49300300414911,11.475723967204907,9.56470216251238,0.0,0.44468104615747744,1.5347055213070284,72.13499218407347,2.2359076685615547,0.7775413200016997,1.099481743216192,0.8101654670475228,0.7273740424810009,0.8425327628411401,2.1397683202669087,0.6698598806409073,0.5450847239792181,0.12477515666168904,0.2890839665434392,0.0,0.04105615281565357,0.0,0.0,0.0,0.0,0.98,0.13478766220355343,,,0.18816800894164298
B000243,3089.2834301629373,2.405983979877677,12.815747382669334,5.089200871824495,0.5015743826558027,0.5140471197019973,0.2741839547817546,9.921538469277609,0.4179414795610329,0.0,0.016878083254799198,1.6072148847579268,0.0,0.3639495323039184,1.9412035766332159,0.7963893324022564,0.7963893324022564,0.0,0.007015043905511499,0.0,0.19659562369223194,0.0,0.5,0.5,1.0,0.5,0.6839539424174257,0.39491537331204213,0.5528560178872205,0.4052417822251656
B000244,3642.509777401992,8.949655472732166,13.769621816760978,7.974178321105655,0.0,0.41825326777564575,0.008499097003925172,0.18952986318753132,4.314406826868789,0.0,0.9804951152242536,0.0,2.3874738266479905,1.2672797039911328,1.8646556746044376,0.9890004986263797,0.8794437544353179,0.10955674419106172,0.0,0.0,0.010999501373620348,0.0,0.0,0.0,0.0,1.0,,0.3221062054200332,0.20649492226499097,0.1858426376147888
B000245,4635.753506042175,11.947818314541689,30.103746933530108,6.743332798317664,0.018516446740182317,0.12775412063106625,0.03129982964895177,1.4523120957113618,7.859701278595415,0.8631417173180791,0.030878230102091998,1.2503712866013654,1.3625778163531272,0.5811479855716124,2.0067778054458576,0.7785004588413709,0.6618719656913499,0.11662849315002088,0.07224262158954571,0.0,0.14925691956908357,0.0,0.0,0.0,0.0,0.5,,0.1299098024812203,,0.18699916418064566
B000246,495.8511026870267,1.4167174362486477,10.582884037816978,1.601952567085822,0.0,0.3697881901782293,0.36744599259213406,17.2699616518303,0.4593074907401676,0.41394304327710146,0.030375089854517805,0.2066070480012558,0.1649316550686398,0.1415531093069651,2.405959156609996,0.6757945663770636,0.6543540948494817,0.021440471527581793,0.0,0.0,0.3242054336229364,0.0,0.0,0.0,0.0,1.0,0.7197002373921119,,,0.18877684261687888
B000247,924.5808853332422,1.2770454217309977,8.472642218997231,0.9372807226627659,0.0,0.45299999999999996,0.2509796841152681,11.737100625161633,0.685691424297434,0.4348982553155234,0.0,0.0,0.0,0.15645574211804006,3.0048066684066486,0.4112574131567416,0.4112574131567416,0.0,0.0,0.0,0.5887425868432584,0.0,0.0,0.0,0.0,0.6,0.8534098663843738,,,0.18877684261687888
B000248,5247.187637691056,11.45674156701104,17.87941907353984,8.930665706291883,0.0,0.3429764887213934,0.01858148921851914,0.5732990533142615,5.963349807909719,1.0316058204520315,0.7121014690774262,0.7043690502388095,2.3432306622961767,0.702084757036878,2.0410306636744275,0.9759803979964509,0.8859368359227043,0.09004356207374661,0.0,0.0,0.02401960200354927,0.0,0.0,0.0,0.0,1.0,0.29346056114087465,,,0.1858426376147888
B000249,2134.657441735515,2.4850494083067693,11.818861784634812,4.979502585624069,0.0,0.09578071252568743,0.6151701870209237,22.20724598156185,0.33718217265251854,0.452756708512027,0.0,0.7247778608484218,0.7875024481734181,0.18283021812038516,2.172936269105794,0.8643157067519788,0.3652273777474795,0.4990883290044992,0.0,0.0,0.1356842932480217,0.0,0.0,0.0,1.0,0.9,0.3298770345647152,,,0.18877684261687888
B000250,332912.62788093573,914.5951315410322,3281.4418922904288,4517.585157831678,0.02876516622511979,0.6126050261188531,0.016883607188175363,0.40689848452507227,1.3816964814787347,0.21125561092427822,0.45904566932138663,911.8559355937235,0.0,0.6871981855844361,2.00295763499359,0.9984718057288829,0.001466787719103563,0.9970050180097795,0.0,0.0,0.001528194271117041,0.0,0.0,0.0,0.0,0.95,0.7289487732504492,0.4968632983453353,0.4990746861732175,0.18696941873279815
B000251,16812.800602193554,3.844683421494067,8.498823264591081,4.174547736395836,0.11815014285784034,0.228298417230966,2.3439701821832046,110.15307074630621,1.2208491702978663,0.5045984059329582,0.5980113518339571,0.45042843578075736,0.6415511757134396,0.42924488193508786,1.775004031540852,0.9811593212261231,0.7084607209321919,0.2726986002939312,0.0,0.0,0.018840678773876733,0.0,0.0,0.0,0.0,0.98,0.3467401471775387,,,0.18816800894164298
B000252,14756.76804466921,3.869105412865551,12.269451507271702,4.940236749740614,0.28583226656195887,0.06803712612535402,0.017663595473617465,0.35297057316198327,1.0816962025998826,1.0988841259315782,0.0,0.051041451513110646,1.2801514436166164,0.3573321892043625,1.672909486356429,0.9642984559458032,0.6802834166352771,0.28401503931052596,0.0,0.0,0.03570154405419687,0.0,0.0,0.0,0.0,1.0,,0.45442608248369526,0.2958699767948312,0.18696941873279815
B000253,13862.796142715115,8.130672224466343,15.57242126064754,13.112632345488565,0.0,0.1967448583695029,0.01724955556812805,0.2962432989914786,1.4434484012007387,0.0,1.3006790782324618,2.620705774916157,2.1930614164140345,0.5727775537029509,1.9906446205318282,0.8224687502643141,0.5527418007736188,0.2697269494906956,0.0,0.0,0.17753124973568585,0.0,1.0,1.0,1.0,1.0,0.12290224872854473,0.30321143720595845,,0.6061389938239665
B000254,3708.9767692596356,4.35837458197372,7.691966739174065,8.119700385583977,0.0,0.43051263657527855,1.5513934834231526,72.63960838617969,1.930646224458761,0.585030038120482,0.12747573293348488,1.219252195179612,0.0,0.49597039128137915,2.6072421059927335,0.46214667762279055,0.46214667762279055,0.0,0.029248457317259002,0.0,0.5086048650599502,0.0,0.0,0.0,0.0,1.0,0.4126164768277122,,,0.18699916418064566
B000255,40363.270547460605,8.35159746481701,21.1404726297521,16.464463845788234,0.0,0.30171261614119776,0.013156876233090512,0.2933983399979184,1.6183011755949257,1.8578619733647037,1.1822388402620938,2.3572041065665723,0.9754384080502999,0.36055296097841727,1.8383137807434764,1.0,0.5761956964832938,0.4238043035167068,0.0,0.0,0.0,0.0,0.0,0.0,0.0,1.0,,0.4785581319996091,,0.18696941873279815
B000256,21957.712659111236,16.609464946377635,32.09354634389169,8.888517177324493,0.0,0.43974176978283847,0.07721595680921511,3.2766954441802465,13.893976018890921,0.42547298909605835,0.0,1.4194590043963884,0.2428726837620382,0.6276842502322301,3.356340835311411,0.16349045175467478,0.14886790463794744,0.014622547116727344,0.0,0.0,0.8365095482453252,0.0,0.0,0.0,0.0,1.0,,0.31763293317071384,0.12143391151001309,0.18699916418064566
B000257,4069.76914824374,6.992730495264158,13.139010400289928,7.385286939015977,0.0,0.2603881923522622,0.015302917339292066,0.30102822384335187,3.1503228243924637,1.175973591743352,0.0,1.8019552298419856,0.18034619637292773,0.6841326529134292,2.6509840455480593,0.3586011300483442,0.3586011300483442,0.0,0.16817087295724933,0.0,0.47322799699440654,0.0,0.0,0.0,0.0,0.5,0.5596419376769809,0.14479587525160342,,0.18699916418064566
B000258,5566.597518775213,4.345509382338183,7.514941238833122,7.137235084904415,0.0,0.3884393441346213,1.5419471976110781,55.75971882453859,1.9208157842905995,0.0,0.09333164704340183,1.3265543128050477,0.19681673310059086,0.8079909050985428,2.8288789139942363,0.5126848589953431,0.1859369832182454,0.32674787577709774,0.04529198208627268,0.0,0.442023158918384,0.0,0.0,0.0,0.0,1.0,0.9881522706830209,0.28576298240656983,0.765147172718389,0.18699916418064566
B000259,8491.440722450201,2.517474272887697,6.8300958074258356,2.5525164590728395,0.0869700773396344,0.44972824165879177,0.9843967052031309,46.194100926536834,1.2272340011976939,0.0,0.01438178115048694,0.3965950014347888,0.22451699434913983,0.6547464947555875,2.9384819546231693,0.5024697317709577,0.3449328680556157,0.157536863715342,0.005712781777106369,0.0,0.491817486451936,0.0,0.0,0.0,0.0,1.0,1.0111957218621832,,,0.18699916418064566
B000260,23275.964107920212,9.658076393327889,15.907317414270205,13.800407054913366,0.0,0.09117663282015266,0.015783327534016713,0.27622333263956705,3.650779063945324,0.6322311571598148,0.0,2.203845219344831,2.6497024328433243,0.5215185200345943,2.32470910365568,0.5545949043474099,0.492249389981907,0.062345514365502876,0.06546139535576469,0.0,0.3799437002968253,0.0,0.5,0.5,0.5,0.5,,,,0.4023874260919753
B000261,3383.3547139763364,3.7220623916131315,11.218804503594924,1.8844287624970324,0.0,0.3056424358623987,0.9288804875367346,43.65738291422653,2.1263559199470237,0.8675291825204096,0.05472249763930356,0.22113105209551134,0.0,0.45232373941088294,1.850080232909922,1.0,0.7522202523424085,0.2477797476575915,0.0,0.0,0.0,0.0,0.0,0.0,0.0,1.0,,,,0.18699916418064566
B000262,12800.012767814436,4.238414823779615,13.580244629136272,7.330232363920064,0.3182460192992669,0.311187554460917,0.006791654112364984,0.24585787886761246,1.4524154452586897,0.0,0.3718318495578789,0.5545914559723814,1.5248493074850498,0.3347267655056154,2.1806909142191357,0.5093824342556718,0.5093824342556718,0.0,0.4906175657443284,0.0,0.0,0.0,0.0,0.0,0.0,1.0,,0.32136974930192697,,0.18696941873279815
B000263,9023.602314150776,5.4622290037232295,12.247947186964627,5.873425508108375,0.05193667641698141,0.37621579489956064,0.024046964733711686,0.5770333286000341,2.1728485453672306,1.5186391256481764,0.8598110027155553,0.244443880543109,0.0,0.6664864494491585,2.5422934346342685,0.5750215291459907,0.5750215291459907,0.0,0.0,0.0,0.42497847085400914,0.0,0.0,0.0,0.0,0.95,1.0155194394755054,0.548613427058103,0.5188908971911157,0.18696941873279815
B000264,228.0408421828069,0.7379962530187926,5.204815026998962,0.9186236510008263,0.2788226797038177,0.4257302839796969,0.19073609858410503,6.838509833855311,0.29094432298564177,0.2178774524889368,0.041371263682984084,0.038980722609707356,0.02459118616234301,0.12423130508917944,2.847197061881602,0.5246128764229152,0.22938447709472962,0.2952283993281856,0.05605890749953523,0.0,0.41932821607754944,0.0,0.0,0.5,0.5,0.5,0.5753668754788689,0.26012538841462396,,0.18877684261687888
B000265,1125.6934064419772,3.474362365561658,10.871308675714403,6.5096540225279735,0.0,0.34713673184370764,0.8679264429505036,40.61561253564248,1.0794754117380192,0.22435731609359172,0.08228808295176719,1.229480808715286,0.2647776173408976,0.5939831287220958,2.3462260901858634,0.6893025832774602,0.5894092319872131,0.09989335129024714,0.0,0.0,0.31069741672253964,0.0,0.0,0.0,0.0,1.0,,0.29810853490401673,0.2570521165732203,0.18699916418064566
B000266,16414.565597781995,4.452011282284241,14.264829341768431,3.364734394059932,0.0,0.10066883982403796,3.5918771449035036,22.632395502281007,1.915108514887427,0.0,0.0,0.4114478149393554,1.7994921094820169,0.32596284297544226,2.603740377122635,0.5488867295728065,0.4564683171180542,0.09241841245475226,0.0,0.0,0.4511132704271937,0.0,0.0,0.0,0.0,1.0,,0.28108151732439607,0.36943890382418637,0.18696941873279815
B000267,6043.216769829419,12.56386022833559,17.374284301850626,24.412471559428383,0.3181581885203306,0.45664264873432564,0.02987680414834348,0.5416361287530385,3.596823479295265,0.22250189024703546,0.8868531303028934,6.532665191377731,0.0,1.3250165371126663,1.7989815025448503,0.9536231844641713,0.8830355534188377,0.0705876310453336,0.017709675705021084,0.0,0.028667139830807684,0.0,0.0,0.5,0.0,0.5,,,,0.1858426376147888
B000268,18280.821603386234,8.249468232575015,18.420455963018334,9.029649744410378,0.06960764382111792,0.43270508019551895,0.01890353483070126,0.22649631216581823,4.1301418625293955,0.23844761653895624,0.5892486178717007,0.0,2.8733106461127056,0.41831948952225706,2.8814909806230955,0.46227050924279806,0.46227050924279806,0.0,0.028904604492855465,0.0,0.5088248862643466,0.0,0.0,0.0,0.0,1.0,0.1447024460107336,,,0.1858426376147888
B000269,3578.582448452918,3.484500923517934,6.11644269649916,4.424522129477905,0.0,0.4894077432250324,1.545303482415092,55.950917896355165,0.9477075229897532,0.0,0.9456235078491647,0.12642115876796936,0.7834499295081682,0.6812988044028777,2.5097535846460013,0.7561432313817953,0.7561432313817953,0.0,0.0,0.0,0.24385676861820463,0.0,0.0,0.0,0.98,0.98,0.42208560434197523,0.29842889793100447,0.6999398750691755,0.18816800894164298
B000270,1830.0417960511509,2.629370396625217,5.450295979767228,0.0,0.0,0.0,2.5934684881980994,93.83153525124507,2.1330399489531393,0.0,0.0,0.0,0.0,0.4963304476720779,1.717840058386042,0.8392983167617174,0.8392983167617174,0.0,0.0,0.0,0.16070168323828257,0.0,0.28,0.28,0.28,0.7,0.2826493339989366,,,0.3110513158581213
B000271,18342.97526751508,4.174550584322959,7.336194451447905,2.813590234396854,0.0,0.31651964453683024,1.2454603569279066,27.499889664154498,1.9474953386906806,0.7322158919826973,0.0,0.0,0.9094057615456459,0.5854335921039359,1.9937294728564094,0.9558298968786136,0.7379847077555468,0.21784518912306725,0.0,0.0,0.044170103121386285,0.0,0.2,0.2,0.2,0.98,,0.3342729422795218,0.5873434345417781,0.27637726888891634
B000272,9360.716818861629,3.186084689878022,9.39458484453362,3.157820010298653,0.0,0.23999999999999996,0.010394068401914027,0.2550228914968712,2.0340536060474967,0.40056965886801155,0.0,0.2587778695969206,0.0,0.49268355536559344,3.0046849904082715,0.36158206575313306,0.2803607879826329,0.08122127777050013,0.0,0.0,0.638417934246867,0.0,0.0,0.0,0.0,1.0,,,,0.18696941873279815
B000273,8195.974843519067,3.904704546697983,9.396965923043412,4.021907171216009,0.13295256944723352,0.12731416298901382,0.009441321380655617,0.21054146678862026,0.9948766762642139,1.4403449099287613,0.9512922680325325,0.0,0.0,0.518190692472476,1.8272844552187977,0.9403103072147269,0.32780886200710335,0.6125014452076236,0.0,0.0,0.05968969278527309,0.0,0.0,0.0,0.0,1.0,,0.4695711732245324,0.38074430354107036,0.18696941873279815
B000274,17894.711873925422,6.471866862179176,9.575938721887658,11.619967385390359,0.0,0.5633761764279395,1.3494797305128727,63.3254611320747,2.3283187752062755,0.0,0.45583387960013627,1.5902369581320885,0.9728992820380641,1.1245779672026104,2.500826507921344,0.6087171167043542,0.39263528365818606,0.21608183304616813,0.0,0.0,0.3912828832956456,0.0,0.28,0.28,0.28,0.7,0.3640623891234419,,,0.3110513158581213
B000275,8300.493654810876,4.9644100806285145,9.343688562146358,8.095340037176785,0.24776436414015446,0.39444911024211865,1.689841868616569,79.41541766925975,1.7419854639692776,0.6566519196358157,0.7146785699010338,1.3497806592238042,0.0,0.5013134678985834,2.0315303489827996,0.9356089756167197,0.6637175248095543,0.2718914508071655,0.0,0.0,0.06439102438328019,0.0,0.0,0.0,0.0,0.98,0.2868420830864179,,,0.18816800894164298
B000276,26321.84180090776,5.862325568130904,12.104551884993636,8.481507991415901,0.2367185089740683,0.30482830818097356,0.015482659716961649,0.3605727529289345,2.965565764193388,0.5512954731627472,0.0,1.6320449824499388,0.0,0.7134193483248327,2.035317605878281,0.8311225213196008,0.4586866287308508,0.3724358925887502,0.0,0.0,0.16887747868039932,0.0,0.5,0.5,0.5,0.5,0.35602204333828896,,,0.4023874260919753
B000277,2129.8873317242756,2.7341300792352703,4.765600002905525,1.8518799886089996,0.0,0.24,1.5618374641605535,56.37416930699116,0.9800059106816091,1.2426114723566388,0.0,0.0,0.0,0.5115126961970226,2.8433082474421427,0.23113385522553145,0.23113385522553145,0.0,0.4544814754037578,0.0,0.31438466937071086,0.0,0.0,0.0,0.9800000000000001,0.98,0.42953564049271853,0.292249961556168,,0.18816800894164298
B000278,7387.789556365056,9.508094667136495,12.969518623186454,4.2258497562338055,0.0,0.365,0.009951723130598639,0.22192342581234964,6.571892633414197,0.0,0.0,0.0,2.2312486712914494,0.7049533624308483,3.3035147997715435,0.27236390017134204,0.03769557287718144,0.23466832729416057,0.0,0.0,0.727636099828658,0.0,0.0,0.0,0.0,1.0,,,,0.1858426376147888
B000279,26955.292011342095,5.8130886373392485,10.35997196959731,6.584006022659525,0.056874944803064015,0.2141996931221689,1.242594976208633,58.39159329525511,1.7889729444829368,0.0,1.709592027254185,0.9507223005431021,0.7555004814421753,0.6083008836168491,2.630385048133381,0.717380781045514,0.19279386411510108,0.5245869169304128,0.0,0.0,0.282619218954486,0.0,0.2,0.2,0.2,0.98,0.2717634615180586,,,0.27637726888891634
B000280,4215.0860394693755,1.7822773951244717,11.684048249988006,2.288562192575338,0.0,0.22645841030113312,0.3079227229348587,11.113130341346093,0.42510883982260317,0.8114519682958365,0.05547473863870118,0.3404032466725881,0.0,0.14983860169474253,1.9754351627976505,0.7582580909388515,0.5361389155544598,0.22211917538439166,0.0,0.0,0.2417419090611483,0.0,0.3,0.3,0.3,1.0,,,,0.32025669999791706
B000281,2278.4954205099807,3.7974923675166345,6.807556235120465,5.181714971090367,0.16849382276082434,0.2880968248491796,1.5654847045697706,56.66812988660973,0.9943485829519081,0.0,1.1664962882647627,0.4394042971199034,0.7905958034675256,0.40664739571253333,2.73943881768592,0.5015680075406489,0.19439259403808257,0.30717541350256655,0.20818891177509719,0.0,0.2902430806842533,0.0,0.0,0.0,0.9800000000000001,0.98,,0.3662330912577117,,0.18816800894164298
B000282,19744.568097287047,5.6786218283828145,10.332532836596137,4.300095643314414,0.0,0.4343137425456782,0.01643087508756355,0.47003034306159774,3.436533053804974,0.35853276016968144,0.0,1.1803425802035026,0.0,0.7032134342046575,2.987326588547181,0.38232524526105566,0.23019310678206176,0.15213213847899387,0.0,0.0,0.6176747547389446,0.0,0.0,0.0,0.0,0.5,,0.13554022912407082,,0.18699916418064566
B000283,3224.5650591153003,6.142028684029143,15.524255274421558,7.63516494511117,0.0,0.23181253754056946,0.011738252475721458,0.02711536321891657,0.46953009902885834,1.7044771467629465,1.131304752256502,0.0,1.8491354168596992,0.9875812691211381,2.280959400679535,0.8778074714500721,0.8778074714500721,0.0,0.0,0.0,0.12219252854992796,0.0,0.0,0.0,0.0,1.0,0.6786165126781729,,,0.18696941873279815
B000284,1049.501788771886,1.3086057216607057,7.48874864953343,1.7429151954378472,0.1760470980362657,0.17355059857101673,0.2555530664507939,9.193326910758138,0.39142033799603587,0.0,0.07295047171024929,0.47536719150686374,0.17571451276733724,0.19315320768021943,2.457497673212949,0.7008874930645284,0.33762514166383895,0.36326235140068924,0.0,0.0,0.2991125069354718,0.0,0.0,0.5,0.5,0.5,0.6243540048043168,,,0.18877684261687888
B000285,34891.51975849903,8.054367441943452,12.620453184146367,9.653284192797452,0.14207220719215927,0.36882913606568,1.9941529985987307,44.456786225471006,3.2562417049655834,0.6277579703918301,1.3822936342252348,0.6089365956719809,0.6781036328102544,1.5010339038785692,1.8864799971472914,0.9954439862970768,0.7482203223346156,0.24722366396246118,0.0,0.0,0.004556013702923349,0.0,0.0,0.0,0.0,0.98,,0.5125980289391027,,0.18816800894164298
B000286,40530.67836849343,8.776673531505722,23.85471074278842,16.009439373908705,0.1999227493375411,0.14404875057736072,0.018580468239793355,0.5336053506474991,2.2166556055876936,0.0,0.07597255341121505,4.527203543218258,1.457997981927687,0.49884384736086795,2.051750291482819,0.7474378421812615,0.5726597181195209,0.17477812406174056,0.0,0.0,0.25256215781873853,0.0,0.0,0.0,0.0,0.5,0.6041212859759328,0.14674590546713157,,0.18699916418064566
B000287,17922.26258328723,12.648032874585201,19.907165254235373,18.43111778703806,0.2843320967940265,0.4104010204079808,0.008482697081970164,0.3935971446034156,5.601781091867089,0.23653731617906065,1.813325282935122,2.58238993085216,1.6465196032893228,0.7674796494624451,2.8056394182526105,0.39069667185294504,0.39069667185294504,0.0,0.14336816649004727,0.0,0.4659351616570077,0.0,0.0,0.0,0.0,1.0,0.19972087290149815,,,0.1858426376147888
B000288,3825.1631867491496,0.9456522093322991,6.2021529981854275,0.7401911067610373,0.0,0.1356570449156029,0.43682336335812644,15.81652680054134,0.23911368758965257,0.0,0.038517780352323346,0.15788172201992262,0.2950888430420564,0.21505017632834414,2.5035190808115186,0.7471441559275956,0.7064127115633724,0.04073144436422326,0.0,0.0,0.25285584407240447,0.0,,,,1.0,0.5597261864599486,0.37390041792465933,,0.18877684261687888
B000289,5684.245434066917,3.4681180195649284,7.002487824860842,2.343742067444374,0.0,0.45457730080197123,1.0231511234734143,22.563508061478895,1.7380498470869392,0.0,0.4847535694509465,0.33626382333563026,0.0,0.909050779691412,2.884205815917058,0.4820149561081302,0.38505636893242207,0.09695858717570811,0.0,0.0,0.5179850438918697,0.0,0.28,0.28,0.28,0.7,0.2584577502876049,,,0.3110513158581213
B000290,10836.760690797162,2.7078362545720047,12.065831171894592,3.8963156409258635,0.027803674583919594,0.25606182619933376,0.3833805015694168,13.878374156812889,1.0474183322673407,0.6963969887624374,0.020426287742586847,0.5960134122255223,0.1442464183906907,0.2033348151834261,2.443970781558689,0.5954009824417574,0.22703058114301092,0.3683704012987466,0.0,0.0,0.4045990175582423,0.0,0.0,0.0,0.0,0.6,0.7359315476165177,,,0.18877684261687888
B000291,1716.7633179002917,1.51925957336309,9.316536516774963,3.979837452141817,0.33606513452430536,0.4113157400908411,0.4684377993460776,16.97338998094037,0.2524831987363433,0.20731441788268962,0.052205604599746054,0.7507416137440851,0.03149755953088141,0.2250171788693444,2.2622160898128216,0.6797801805402277,0.6797801805402277,0.0,0.13645753597179622,0.0,0.18376228348797596,0.0,0.0,0.0,1.0,0.9,,,,0.18877684261687888
B000292,1725.5954492786598,5.151031191876596,14.265336259447922,7.902619420796528,0.0,0.43575084817895854,0.013083982974878514,0.3753928049035606,2.238399604841744,0.0,1.272959099423039,1.2600203745585135,0.0,0.3796521130533007,2.540702730087746,0.5545881126802163,0.30997294192651925,0.2446151707536971,0.0,0.0,0.4454118873197838,0.0,0.0,0.0,0.0,1.0,0.21117086843632094,,,0.18696941873279815
B000293,12145.39964526072,14.829547796411136,19.054874994356428,19.02959334083159,0.0,0.2166677668163121,0.04196157418048459,1.1614804113381847,4.781074475449274,2.1940888136084205,2.4642862869752498,1.6604747483879492,2.4621394714033893,1.2674840005868546,2.702755248568573,0.6228954806122714,0.030767558646904815,0.5921279219653666,0.0,0.0,0.37710451938772854,0.0,0.0,0.0,0.0,1.0,,,,0.1858426376147888
B000294,22321.42454664761,7.528305074754674,12.828058476614578,12.53847556446537,0.0,0.3237655009132981,0.014571148429821391,0.32493660998501706,3.5889528152269436,0.4604602223356818,0.10018822120964443,2.536130219417231,0.0,0.8425735965651736,3.0097765112016024,0.16400676012414786,0.15069855592482354,0.01330820419932428,0.33687931004840105,0.0,0.4991139298274512,0.0,0.0,0.0,0.0,0.5,,,,0.18699916418064566
B000295,4208.684031751418,6.865716201878333,14.606214875012487,9.976672548714896,0.09563336752189826,0.3993103455376055,0.01034712701139334,0.18445824209507178,2.353950210186718,0.687324231241841,0.5585621451087017,1.474023343227381,0.8467832657311661,0.9450730063825247,2.0973293119658734,0.9123463082938642,0.5653128376528029,0.34703347064106105,0.0,0.0,0.08765369170613571,0.0,0.5,0.5,0.5,0.5,0.20277554409629198,0.26263622908169265,,0.4023874260919753
B000296,3346.156566070267,8.899352569335816,11.721247137534025,15.620967521993784,0.0,0.4497140232279889,0.019534054725601196,0.37834776284632743,1.9672785432699038,0.885667069100197,0.9908572079097787,3.1835765928247413,0.6969899674945851,1.1749831887366096,2.2986090547944764,0.7334374454121484,0.555597875144072,0.17783957026807629,0.0,0.0,0.2665625545878516,0.0,0.0,1.0,0.0,1.0,,0.17540730881418864,0.6471983695201041,0.1858426376147888
B000297,15670.352314037782,4.957403452716793,9.730283102729318,6.254114162905166,0.0,0.11983988204715906,1.1036282706887972,51.79150042942273,1.5409978570389988,1.0551056504799659,0.5467496286551592,0.5352237333368266,0.7325399194836905,0.5467866637221532,2.5900673234389675,0.6707501052794388,0.2021843882754119,0.468565717004027,0.0,0.0,0.32924989472056143,0.0,0.0,0.2,0.0,0.98,0.6814391577002525,0.3474191480313732,,0.18816800894164298
B000298,1364.2553488612452,4.386673147463811,9.493208453468037,2.345042748144334,0.1734738370425729,0.433,0.011724299608496734,0.1289672956934641,2.67813950447895,0.0,0.9226018518671611,0.0,0.0,0.7859317911177002,3.352150281692377,0.07814784345191247,0.07814784345191247,0.0,0.21031926037173992,0.0,0.7115328961763476,0.0,0.0,0.0,0.0,1.0,0.31146219635286704,,,0.1858426376147888
B000299,1891.83634457796,2.8620822157003936,12.518413453576937,5.7672610804887245,0.3156876235478959,0.19243634533744322,0.33434487726261075,12.06587240718813,0.5107367765519071,0.0,0.07595475721407186,1.7545542450690832,0.2144544214119805,0.3063820154533503,2.081834691983761,0.8215506271098079,0.7950123408238966,0.026538286285911115,0.0,0.0,0.17844937289019222,0.0,0.5,0.5,0.5,0.5,,,,0.4052417822251656
B000300,16386.077868286415,6.093744093821649,9.156900951457462,9.204974882571532,0.0,0.3935493044203276,1.4927423112898508,54.08824619946264,2.090209421106736,0.812930444227044,1.2460615394439536,1.03750341425336,0.0,0.9070392747905546,2.596340287259581,0.5983447618853707,0.42808762632477676,0.17025713556059374,0.0,0.0,0.40165523811462933,0.0,0.19999999999999998,0.19999999999999998,0.19999999999999998,0.98,,0.3595483445774641,0.7139751791852389,0.27637726888891634
B000301,6018.260383083934,3.265469551320637,6.215908302580524,1.8086951691262982,0.34856966837664066,0.021000000000000005,1.0909980113490856,39.447402022658615,1.8582899289445098,0.0,0.0,0.0,0.8200542701053407,0.5871253522707867,2.916891540297695,0.36287089782816057,0.36287089782816057,0.0,0.0,0.0,0.6371291021718394,0.0,0.28,0.28,0.28,0.7,0.37579208478398474,,,0.3110513158581213
B000302,46592.925283368626,10.367807139156348,17.847359118188336,9.389763928403978,0.0,0.35557867278869837,0.012859721825317636,0.4176365079270056,6.461870784501583,0.0,0.0,1.729830752572008,1.329746844384238,0.8463587576985193,2.0828152198687246,0.8247496508275735,0.6579033033449978,0.1668463474825756,0.12825728975630254,0.0,0.04699305941612413,0.0,0.0,0.0,0.0,1.0,0.1506083060073426,0.22563257179651078,0.40975182066734367,0.1858426376147888
B000303,5279.3426447762895,13.467710828510942,34.5820414698769,8.05574441114261,0.0,0.38346660670481536,0.056060356877615194,3.4733207659788627,10.340339955327764,0.4339073919094829,0.073619767507676,1.303659239557609,0.8919177176698375,0.42426675653857554,3.24449823810697,0.23221250537712643,0.06372086239268789,0.16849164298443853,0.0,0.0,0.7677874946228738,0.0,0.0,0.0,0.0,1.0,0.22725290187327274,,,0.18699916418064566
B000304,5489.853292126246,3.541840833629836,7.661183841726183,3.984522012413765,0.20706095474198113,0.36499999999999994,1.0019945504030274,22.349157707851766,1.39636997252375,0.0,0.6605259795963163,0.0,1.0076810868194712,0.47726379469029834,2.6321672582363513,0.6259203029188867,0.34141257539721986,0.284507727521667,0.0,0.0,0.3740796970811131,0.0,0.2,0.2,0.2,0.98,,,,0.27637726888891634
B000305,1787.2725835775566,5.957575278591856,8.85557766714218,7.836176641285014,0.0,0.2766261270172748,4.562431921638579,165.17806335687857,0.9619670681306846,0.19447524999035798,1.4559245377086556,1.0265208881430492,0.9321782860677557,1.3865092485513513,2.0082132172435037,0.9358515373202009,0.9358515373202009,0.0,0.0,0.0,0.06414846267979903,0.0,0.0,0.0,0.98,0.98,0.4015971800846741,0.31903386108035975,,0.18816800894164298
B000306,1862.999576267534,5.2776191962253085,12.65980767921778,10.217820470060195,0.0,0.4409968631635817,0.023548222874673532,0.43297910547281904,1.7792678550351186,1.5623532409507568,0.0,1.55695617216983,0.0,0.3790419280696032,2.354201195683838,0.628375294106831,0.33336420780424103,0.29501108630259,0.0,0.0,0.37162470589316904,0.0,0.0,0.0,0.0,1.0,0.7438372899766068,0.33449240390155693,,0.18696941873279815
B000307,1989.5622876907314,0.6587954595002422,3.7357268244315867,0.5775745489740312,0.0,0.33854877146782375,0.7630628060670799,27.558283763345553,0.18544350488733996,0.0,0.0,0.23999692470696748,0.029792176805325633,0.20356285310060906,2.3578613800704606,0.8182484965776993,0.8182484965776993,0.0,0.0,0.0,0.18175150342230076,0.0,0.0,0.0,1.0,1.0,0.5648187457973202,,,0.18877684261687888
B000308,1775.821319456211,1.826976666107213,7.737821002431037,2.2053890026886123,0.0,0.40417366189945136,0.6312766545609618,29.592325444827274,0.7867107371542258,0.0,0.045717216188376764,0.7472687409925252,0.0,0.2472799717720856,2.3851504272395996,0.5693920170143768,0.4973085763166251,0.07208344069775163,0.0,0.0,0.4306079829856234,0.0,0.0,0.0,0.0,1.0,,0.2689213270052042,0.42316870143975227,0.18877684261687888
B000309,4528.1485103184805,9.512917038484202,13.20972618517889,18.079797878083596,0.05371861947733941,0.20025753747244537,0.021354146459461383,0.49524838179938585,1.7963269106302844,1.250744112394796,0.7395705666492083,2.4714008866109936,2.150851067506141,1.1040234946927818,2.158812122798652,0.8111697071084191,0.6019473759357359,0.20922233117268338,0.0,0.0,0.1888302928915811,0.0,1.0,1.0,1.0,1.0,0.23933667525003366,0.17828667880615923,,0.6061389938239665
B000310,2076.2574326976537,6.633410328107519,9.49656683243881,9.752971076136195,0.0,0.3047409280092924,2.4763415615024584,116.28791318673497,2.177107966790395,1.6097885865870734,0.0,1.8170471608805425,0.0,1.02946661384951,2.027244405264515,0.7967110886853533,0.28010868087903934,0.516602407806314,0.0,0.0,0.2032889113146469,0.0,0.28,0.28,0.28,0.7,0.2640643939576047,0.3543776933978029,0.41449698535694207,0.3110513158581213
B000311,12736.23806877032,2.7156157929147806,6.635503964331809,1.9997840205422275,0.1100654149024755,0.47406865075698745,1.1989426045649827,56.35030241455418,1.4986782557062281,0.6572321792471094,0.1032833275738731,0.0,0.026790888730761474,0.42963114165680827,3.159227980441866,0.20610623911591275,0.16807312417993917,0.03803311493597366,0.24201957469899504,0.0,0.5518741861850921,0.0,0.0,0.0,0.0,1.0,0.8251298513033286,0.3536691021377583,0.5234336359322741,0.18699916418064566
B000312,9034.70990639933,13.189357527590262,32.54043849117798,6.293813868337407,0.10094662673937473,0.7205950193231286,0.06023615473895755,2.794282727050177,11.372378110337864,0.17388679183810032,0.04217704234092344,0.945612386572945,0.0,0.6553031965004321,3.4037969752828676,0.13429248772678753,0.06305263591686198,0.07123985180992554,0.0,0.0,0.8657075122732126,0.0,0.0,0.0,0.0,1.0,0.20118549200424574,0.395674745902768,,0.18699916418064566
B000313,6257.054249993147,8.001348145771289,11.716158653141301,6.070906320034587,0.0,0.31658367960645395,0.01267806735639394,0.2827209020475848,3.7105059409897074,0.0,2.1898518230709647,0.7981886958121218,0.6011680235013012,0.7016336623971913,2.319485454327915,0.8603714290789988,0.4117959544221079,0.4485754746568907,0.0,0.0,0.1396285709210012,0.0,0.5,0.5,0.5,0.5,0.3343615234851132,,,0.4023874260919753
B000314,448.43366476211787,1.2998077239481678,6.915179210498118,1.5369510382117375,0.0,0.433,0.5198865012046299,18.83070943967497,0.2853425803788411,0.731588694188787,0.0,0.0,0.0,0.2828764493805395,2.4070264786094913,0.6633082504394827,0.6633082504394827,0.0,0.0,0.0,0.33669174956051734,0.0,0.0,0.0,1.0,1.0,0.28867168127698073,0.3532691258822863,,0.18877684261687888
B000315,4703.041306262685,2.1524216504634714,12.658808750069518,2.849128812705356,0.11791144028522113,0.021000000000000005,0.18954149412404972,4.1785830851814465,0.9599045124138299,0.30403160087194614,0.0,0.5163440863076603,0.14528338956273945,0.2268580613072956,1.8353327393783112,0.9717549867613333,0.5906141972682714,0.38114078949306174,0.0,0.0,0.028245013238666822,0.0,0.0,0.0,0.0,0.6,0.7062388767826694,,,0.18877684261687888
B000316,10321.588751552,5.864539063381819,14.527839897272509,7.808791426204543,0.08349863434171895,0.2823325773636217,0.02105718713684995,0.38923935677759447,1.0855465998653033,1.8677372631843272,1.1599743468661063,0.33133589839639627,1.06497601411359,0.3549689409560952,2.012645057776012,0.9993876410641181,0.7450948093266261,0.2542928317374921,0.0,0.0,0.0006123589358817155,0.0,0.0,0.0,0.0,0.95,0.5994920930875269,,,0.18696941873279815
B000317,18152.425786224318,4.8770622746438255,14.538344188354145,6.587696356870823,0.022404651102374003,0.3531117647277416,0.008658621561845806,0.09524483718030387,1.9778577171729,0.1939342729914311,0.9712037347067839,0.6163049190550431,0.7724797473853937,0.3452818833322744,2.8764152489969077,0.4680890892627786,0.30969870917647785,0.1583903800863007,0.12636806428723574,0.0,0.40554284644998595,0.0,0.0,0.0,0.0,1.0,0.25000878289156686,0.26343158778998865,,0.18696941873279815
B000318,26752.48777849082,6.305087857292204,18.074493097073816,9.788648869043868,0.14681567869813333,0.4370751270555633,0.012914648057246,0.43159008809814003,2.210846930880754,0.26964793601474735,1.1806027017921756,2.1393682954526696,0.0,0.5046219931518562,2.302217332343864,0.6493550952943853,0.6493550952943853,0.0,0.0,0.0,0.3506449047056148,0.0,0.0,0.0,0.0,1.0,0.21001125383398453,0.3791532313499119,0.14542453749409515,0.18696941873279815
B000319,5582.505142222812,1.1239188931392816,8.134728448933943,1.4897171716219655,0.026573349928487252,0.43132394052983886,0.1919541716250422,6.927302544238825,0.29513834542090606,0.2422034531930349,0.032712921323279326,0.11606484996346367,0.17356893998130787,0.2642303832572897,2.6222087542432853,0.6537643174631231,0.5504963230624985,0.10326799440062472,0.029106122802070717,0.0,0.3171295597348062,0.0,0.5,0.5,1.0,0.5,0.8602692832120935,,,0.4052417822251656
B000320,18077.30326088012,8.172379412694449,10.610957600729387,4.699038874436776,0.0,0.021,0.02179501018209794,0.6342743690724842,4.10543686335927,0.0,2.222402685645,1.0481283709629963,0.0,0.7964114927271803,1.494381482840135,0.9947472951664548,0.9947472951664548,0.0,0.0,0.0,0.0052527048335452835,0.0,0.0,0.0,0.0,1.0,0.2025442966816369,,,0.1858426376147888
B000321,4266.430105766906,1.988084858232482,6.937211829977895,3.611173902819028,0.31588285723906745,0.4212298168884015,0.01019498900210205,0.03151926506287196,0.32771071115929573,0.3342616624662965,0.3621389693794271,0.2798970775337746,0.0,0.6840764376936878,2.454206561987445,0.5865779003215269,0.26363592716852624,0.3229419731530008,0.16813249247493076,0.0,0.24528960720354206,0.0,0.0,0.0,0.0,0.9,0.34717926455202364,,,0.18696941873279815
B000322,34188.35723665443,9.818597712996677,19.402585954129375,3.142469809706997,0.0995456191828011,0.3416736713925496,0.05997151451540356,2.782678273514725,6.9724983915825245,1.3506906452626193,0.02461363266296589,0.09320645544834168,0.14930896309592498,1.2282796249442978,1.3668143656500864,0.9355469353709677,0.7884895710795573,0.14705736429141036,0.002506837878731433,0.0,0.06194622675030059,0.0,0.0,0.0,0.0,0.9,0.11559663476250921,,,0.18699916418064566
B000323,2121.69915152706,3.735385830153275,10.417745382130583,8.690087178392258,0.0,0.6190637732278933,0.013467391670219245,0.04556990079373772,0.3933667619290586,0.0,0.9610844239174946,1.3647773606303952,0.45110161405233484,0.5650556696239911,2.349622924174203,0.8838370992554493,0.5057808281816034,0.37805627107384593,0.0,0.0,0.1161629007445507,0.0,0.0,0.0,0.0,1.0,1.1358435383633136,0.2096866535117526,,0.18696941873279815
B000324,4988.05607332865,3.3978583605780996,16.084092412531508,6.233793329009969,0.0,0.10581070237927134,0.2923245497490063,10.444784795701823,0.4440592506811203,0.3741210581372045,0.0978009583299249,1.5044876247395715,0.7745049148680514,0.202884553822227,2.1058463697879737,0.8693120184663703,0.5312679180025025,0.3380441004638677,0.0,0.0,0.1306879815336298,0.0,0.5,0.5,1.0,0.5,0.5078079334878932,,,0.4052417822251656
B000325,32699.05991380248,8.024309181301222,15.210204950672622,6.784941042575877,0.0,0.4455608707427634,0.0071464699534198395,0.15936627996126243,4.719366950371592,0.0,0.7094386045779565,0.0,2.1332268201001847,0.4622768062514878,3.0282685449822737,0.39023441207817794,0.12438887049920057,0.26584554157897744,0.0,0.0,0.6097655879218219,0.0,0.0,0.0,0.0,1.0,0.1442765622751168,0.19553553467159848,1.07765173727356,0.1858426376147888
B000326,13298.850298302888,19.44276359401007,37.98505224799086,10.799914870235977,0.0,0.2828417986175247,0.08196995813717098,3.4854434263699954,14.808538467649914,0.8792094964616036,0.10975137506371252,2.9113292955967887,0.0,0.7339349592380554,3.3482353457017426,0.2345898574287257,0.03963100943727132,0.19495884799145438,0.0,0.0,0.7654101425712744,0.0,0.0,0.0,0.0,1.0,,,,0.18699916418064566
B000327,17675.727175125652,4.909924215312681,9.60961473195198,4.560309032539647,0.0,0.3720263229175119,1.0409856157679471,37.53016648419825,1.8310838961190534,0.5839086842251349,0.4606929857892858,0.5629195022995676,0.4598533394904027,1.011465807389237,2.627171175257057,0.49663027607001764,0.3819809500083283,0.1146493260616893,0.09365793020923799,0.0,0.40971179372074457,0.0,0.28,0.28,0.28,0.7,0.472669288703478,0.472024074812667,,0.3110513158581213
B000328,2753.904334721817,3.0598937052464636,7.950665643889674,2.961493065331249,0.0,0.45299999999999996,1.046577481520884,23.292212459214618,1.304571209325595,0.4818531228368334,0.0,0.13404578084478097,0.758233878632085,0.3811897136071698,2.8327144238553412,0.5138717772917731,0.26607432036311424,0.24779745692865893,0.0,0.0,0.48612822270822714,0.0,,,,1.0,0.4724197531022788,0.24922516843098466,,0.18699916418064566
B000329,4048.8728262342006,5.8935557878227085,15.476010061379329,10.922998050511143,0.0,0.24905921910936388,0.008438470809650725,0.03994415229553753,0.7123043823123184,1.7409885238796146,1.6535367991740781,1.2712043764531387,0.0,0.5155217060035587,1.9965413419760243,1.0,0.5037391210124232,0.49626087898757665,0.0,0.0,0.0,0.0,0.0,0.0,0.0,1.0,1.1086280133969422,,,0.18696941873279815
B000330,980.4359736894264,1.2917470009083352,8.80548682206983,0.9227618561057103,0.0,0.4504040289182566,0.24772048483438558,8.91632124643203,0.6641949363141155,0.37258675745720576,0.05701202163211566,0.0,0.0,0.1979532855048986,2.715763084208338,0.485816544689429,0.485816544689429,0.0,0.0,0.0,0.5141834553105713,0.0,0.0,0.0,0.0,0.6,1.3409555581969745,,,0.18877684261687888
B000331,4580.223942680542,3.2460835880088887,6.740422116506109,4.654072012664612,0.0,0.28483309619048575,6.3786690805144675,230.9059409229709,0.7983094680970615,0.0,1.3360274026287096,0.3970388454303969,0.12367325010993081,0.5910346217427901,1.915155886234105,0.965572705628726,0.965572705628726,0.0,0.0,0.0,0.0344272943712742,0.0,0.0,0.0,0.98,0.98,,,,0.18816800894164298
B000332,32257.055243495808,8.222547857123581,14.513781104997602,13.580174000655255,0.0,0.570016529026415,0.024177449011893525,0.2199639515148683,3.2924341506381416,0.5260994427420485,1.05309752544145,2.370932931032256,0.46703945810091235,0.512944349168773,2.4076808098939013,0.5956096267164168,0.4353224627083815,0.16028716400803525,0.0,0.0,0.4043903732835833,0.0,,,,1.0,0.18919254723180862,0.27192731580142504,,0.1858426376147888
B000333,7944.957214817975,6.648499761353954,9.663732690363677,8.999865349600215,0.0,0.47005467529090456,1.5094449817384514,33.671374455947664,2.111598667766319,0.0,0.7804398910225281,1.144383435203296,1.3416738832624708,1.2704038840993375,2.381780717436509,0.6823947140615829,0.36320785229461555,0.3191868617669672,0.0,0.0,0.3176052859384169,0.0,0.2,0.2,0.2,0.98,,,,0.27637726888891634
B000334,13502.95956416413,7.919624377808874,13.925700832054131,12.34162591480186,0.07187175561632342,0.45871182464988103,0.014408854339777405,0.40600738464775676,3.8120661971152674,0.3159549373455524,0.0,1.5407260258010533,1.6242282621083928,0.6266489554386078,2.2407696750878827,0.6310183154491966,0.6167635310626287,0.01425478438656786,0.0,0.0,0.36898168455080343,0.0,0.5,0.5,0.5,0.5,0.20371593554199768,,,0.4023874260919753
B000335,13949.36419193615,4.321364371727432,17.107980092407438,6.8323296087318335,0.0,0.32252717625429783,0.009792469103782423,0.09281966171339504,1.1848590084971156,0.0,0.7464961498260935,1.148160142144429,1.0349860430628661,0.20686302819692823,2.333609971793776,0.7516175948656538,0.3131782204018087,0.4384393744638452,0.23950446063615285,0.0,0.008877944498193374,0.0,0.0,0.0,0.0,0.9,,,,0.18696941873279815
B000336,1515.7111141772366,2.1080822172145153,8.489508525161956,3.9396184729652752,0.0,0.43376575265703915,0.3967434647471108,18.640268181864723,0.44912783135221945,0.0,0.07898576100828053,1.3567494779872242,0.0,0.2232191468667915,1.3724134006404036,1.0,0.9625319352521996,0.03746806474780061,0.0,0.0,0.0,0.0,0.0,0.0,0.0,1.0,0.6723186126232849,0.413104456512307,,0.18877684261687888
B000337,7746.282375319491,3.9806178701539006,7.535641722864602,5.974920548861543,0.0,0.18136495114795742,1.3689225076067915,49.56348594945916,0.832358513092887,0.0,1.036323255428868,0.9858536217684226,0.5985184233373565,0.5275640565263672,2.307602236917524,0.7731888273568223,0.5255253605467546,0.24766346681006762,0.0,0.0,0.22681117264317793,0.0,0.0,0.0,0.98,0.98,0.3301094094331863,,,0.18816800894164298
B000338,18706.036772662632,5.1889145000451125,13.100452250500124,9.054166709724969,0.09032467222477628,0.6696817513923801,0.012852333124286134,0.36394579046123043,2.523610884239852,0.147601005872325,0.3783478044053386,1.3192595522570805,0.0,0.8200952532705166,1.411829059753889,0.9554511707058296,0.7012054026852522,0.25424576802057747,0.028445449596643333,0.0,0.016103379697527037,0.0,0.0,0.0,0.0,1.0,0.12951639273614335,,,0.18696941873279815
B000339,7161.257625446615,4.739416032724431,15.024974347184957,6.5877975459266445,0.0,0.365,0.01283769912705189,0.12112266380203071,1.9580427572605483,0.0,1.0173566327410308,1.4619750815522727,0.0,0.3020415611705793,2.6695281372088715,0.5868599119088146,0.2783883467502135,0.3084715651586011,0.0,0.0,0.4131400880911855,0.0,0.0,0.0,0.0,1.0,0.20244230898213142,,,0.18696941873279815
B000340,1542.7826333487315,4.7912504141264955,13.40157247530131,5.887800181404019,0.0,0.4189820996358192,0.012655166754742906,0.4626621094727176,2.316113098387907,0.0,0.5010673609872954,1.604344428310937,0.0,0.36972552644035633,1.5639651950499451,1.0,1.0,0.0,0.0,0.0,0.0,0.0,0.0,0.0,0.0,1.0,,0.3269779426811195,,0.18696941873279815
B000341,2849.659277320415,5.025854104621543,8.50861830812263,8.130391371058142,0.0,0.3906168503435311,2.189224506299481,79.245596526325,0.7166900367746231,0.0,0.0,1.4335898413138028,1.8864536892402086,0.989120537292909,2.0241952209495793,0.8957048824508453,0.5203550115690955,0.3753498708817498,0.0,0.0,0.10429511754915459,0.0,0.0,0.0,0.9800000000000001,0.98,,,,0.18816800894164298
B000342,2262.767181802931,2.828458977253664,10.380879973951755,5.831983767719916,0.0,0.3485976164020218,0.007912804842317083,0.17645554798367097,0.31651219369268335,0.0,0.0,0.906849794267044,1.353177454122024,0.25191953517191207,2.1465823494415135,0.8718263687571343,0.7799973089374052,0.09182905981972903,0.0,0.0,0.12817363124286557,0.0,0.0,0.0,0.0,1.0,0.583215595381458,0.45979059373235937,0.3288458053378518,0.18696941873279815
B000343,2307.033475968853,6.071140726233824,12.414542127214403,8.723968902310899,0.0,0.41036194428063316,2.9309522695902124,106.01061418393999,2.222411899793143,0.3808091973515476,0.5364179076742306,1.4897485356775038,0.6753124864375863,0.7664406992998122,1.5707219888026789,0.9729242980189772,0.6391869437526647,0.33373735426631235,0.0,0.0,0.027075701981022923,0.0,0.2,0.2,0.2,0.98,,,,0.27637726888891634
B000344,3737.531986259382,1.6306858578793115,9.275207445625671,1.3713628812652678,0.0,0.40643602346984165,0.5008003401723766,23.537615988101706,0.6260004252154708,0.4793330047529687,0.01638164310883669,0.0,0.17717231873114145,0.3317984660708942,2.72855883829324,0.5410733464323016,0.5410733464323016,0.0,0.010045860782861534,0.0,0.44888079278483706,0.0,0.0,0.0,0.0,1.0,,,,0.18877684261687888
B000345,4182.393406150544,2.7282409694393635,5.217894475764771,1.008925896548627,0.0,0.365,1.3791915915665005,49.92673561470732,1.7239894894581254,0.0,0.0,0.3802206968915894,0.15249217648608573,0.4715386066035627,3.034565489518057,0.3624730280473061,0.2231082501003924,0.13936477794691365,0.0,0.0,0.6375269719526938,0.0,0.0,0.0,0.0,1.0,0.4050313389925425,0.23844045038998488,0.5482425797318558,0.18699916418064566
B000346,2435.283948724666,5.387796346735987,6.835732177570338,5.4770648097407175,0.0,0.36500000000000005,0.024927315657362864,0.4124853734320499,1.9717040888583328,1.1660166947568145,1.7258735247862844,0.0,0.0,0.5242020383345566,2.4345880376001476,0.6297068442849576,0.41328873570830243,0.2164181085766551,0.0,0.0,0.3702931557150427,0.0,1.0,1.0,1.0,1.0,0.30553825045061456,,,0.6061389938239665
B000347,4856.854925093871,8.766886146378829,24.137167016411734,5.461945343911127,0.0,0.30038124359660884,0.028215257464954253,1.1318470613618854,6.163569856741355,0.0,0.018069166034122234,1.5805631024374502,0.27300668453183136,0.7316773366340691,3.1682668290132914,0.2743249811880726,0.09403712572295933,0.18028785546511328,0.0020610700005024843,0.0,0.7236139488114248,0.0,0.0,0.0,0.0,0.5,0.14099206688534657,,,0.18699916418064566
B000348,3659.5027122874676,4.125707680143706,9.97670097273806,5.208194164900846,0.0,0.0,0.010866269108627721,0.10532995478569981,2.6153676703111763,0.0,0.0,1.0518468935433747,0.0,0.45849311628915473,1.8231505675389965,0.9692076839576876,0.9692076839576876,0.0,0.0,0.0,0.030792316042312497,0.0,0.0,0.0,0.0,1.0,0.17365841571234517,,,0.18696941873279815
B000349,31739.270743834564,7.5876812679499315,12.941387199781046,5.948446572204125,0.0,0.3276691692250185,0.02703263956023546,0.4943257006094043,3.5615086248727357,1.1920205082736943,0.0,0.4978047998394689,1.704991639511566,0.6313556954524657,2.6752370115266726,0.49649359933435466,0.27378718238838734,0.22270641694596727,0.0,0.0,0.5035064006656452,0.0,0.5,0.5,0.5,,,0.29911959743404387,0.4884879358117928,0.4023874260919753
B000350,4419.644134565725,2.4270423583556973,7.793999241740812,2.5940034355525596,0.0,0.26905875203947466,0.008859062446253443,0.020464434250845452,0.3543624978501377,1.3359445031740687,0.0,0.31839879508068125,0.0,0.41833656225080923,2.42066059662506,0.7968942118448596,0.24645284909948065,0.550441362745379,0.0,0.0,0.2031057881551401,0.0,0.0,0.0,0.0,1.0,1.193777669204746,,,0.18696941873279815
B000351,17551.32149125906,12.046205553369292,19.021605749364802,17.914547151112828,0.0,0.21867670063016068,2.8200130075637464,102.03062524333606,2.2251136155763267,2.794106805398854,0.8431098127805644,3.1569361204122717,2.391148862803811,0.6357903363974635,1.506978351303867,0.9808507278367725,0.48041385132198394,0.5004368765147886,0.0,0.0,0.01914927216322741,0.0,0.28,0.28,0.28,0.7,0.2370737592172663,,,0.3110513158581213
B000352,3359.516701017815,1.9164385059998945,8.532289555248187,2.1563002500751645,0.11471979108333404,0.41850151503428845,0.4092447780822029,9.166944619958715,1.1143749618598409,0.0,0.021775665035577967,0.5077380273258228,0.0,0.27254985177865354,2.9224391109643055,0.38276448467445484,0.10646358031273147,0.27630090436172333,0.0,0.0,0.6172355153255454,0.0,0.0,0.0,0.0,0.92,0.7619017021714635,,,0.18877684261687888
B000353,1374.6524793349906,3.1456578474484913,9.343191670041106,4.727599117971427,0.0,0.6883508013627134,0.012625546494476152,0.2955643300299998,1.4964304513246933,0.0,0.3253585983351843,0.39884071354359535,0.2462917156486081,0.6787363685964104,1.964381380312538,0.9583540054446277,0.7532673556948837,0.20508664974974436,0.0,0.0,0.04164599455537229,0.0,0.0,0.0,0.0,0.95,0.4796324654183798,,,0.18696941873279815
B000354,10159.735943066195,8.698404060844345,15.550637808626815,6.277116515195982,0.18972722514971221,0.21605043090831422,0.018957129069324227,0.7538267835216872,3.516865820683844,0.5410412160706982,0.17772292711052984,0.9604539672809185,0.1962565023255681,3.306063627372786,2.4212732656804907,0.7236696564979604,0.6269837611841399,0.09668589531382067,0.0,0.0,0.27633034350203967,0.0,0.0,0.0,0.0,0.5,1.1059806747133565,,,0.18699916418064566
B000355,1689.2410261008267,1.7523247158722268,7.872212227072662,1.8583258378824947,0.0,0.3488190805520266,0.3256283407784678,11.747441669083708,0.4877972841741597,0.7453838048066885,0.16141265026855975,0.10879900459705777,0.0,0.248931972025761,1.8583219842236953,0.7445037069442826,0.7445037069442826,0.0,0.1542018168311451,0.0,0.10129447622457236,0.0,0.5,0.5,1.0,0.5,0.7874083115058529,0.3671349564618602,,0.4052417822251656
B000356,7286.688882730636,4.301469234197541,9.091967477668613,7.681442264063239,0.09341945141514976,0.2680247927676268,1.8879083791737745,68.30631089132001,1.6883343833926756,0.0,0.0,1.4050256731477946,0.7838617766752489,0.424247400981825,1.7633431291244235,0.8709754442519388,0.3621057230829606,0.5088697211689787,0.0,0.0,0.12902455574806126,0.0,0.0,0.28,0.0,0.7,0.34996550784674446,,,0.18816800894164298
B000357,33792.9879511487,8.023026579095133,12.330861285793286,10.144325577640602,0.08162554494763676,0.2847213436355447,1.8371080683112362,66.36739914056798,2.3371282093804737,0.3683886678044509,1.8955646287185048,1.0849433665195285,0.9674807544599067,1.3695209522122662,2.5139438266908627,0.4783843077725248,0.4783843077725248,0.0,0.2362655302249159,0.0,0.2853501620025591,0.0,0.0,0.0,0.0,0.98,0.20624486673766834,0.3049331457653805,,0.18816800894164298
B000358,5917.431722042707,9.544244712972109,15.097988514089572,12.597657767904384,0.13464931148373138,0.186652570878925,0.019356759645512374,0.7571893302511944,1.5726810592293157,0.5630495692832577,1.0433691159101857,0.3149495710745424,4.906929657859036,1.143265739615774,1.938258520313405,0.7762284295152467,0.7762284295152467,0.0,0.05899362246213009,0.0,0.16477794802262333,0.0,1.0,1.0,1.0,1.0,0.21195425840381388,0.1855856638077621,,0.6061389938239665
B000359,7622.161067843228,19.695506635253818,34.642904110302894,9.901137571827984,0.0,0.04096227590149881,0.07328558621590293,3.400451200417896,14.657117243180585,0.9706203091442359,0.1373907764382772,1.0940316747357517,1.9691839476836455,0.8671626840713207,3.2838991165264235,0.25581415524771545,0.09957572532288393,0.15623842992483153,0.0,0.0,0.7441858447522843,0.0,0.0,0.0,0.0,1.0,,,,0.18699916418064566
B000360,15373.833435086362,8.498525945321372,10.80173785189928,6.546212121794801,0.11640489195251741,0.383867194265643,0.030865475536818246,0.5167483668687609,4.5874506722401565,1.4256639686474524,0.0,0.09089523672732176,1.607119959829109,0.7873961078773342,2.916305472149789,0.29245204644012873,0.29245204644012873,0.0,0.16775426442421018,0.0,0.5397936891356613,0.0,0.0,0.0,0.0,1.0,0.14234269621290832,,,0.1858426376147888
B000361,10487.119695485038,6.497595846025426,21.554525444871803,3.0094625868087226,0.0,0.021,0.022576418974544293,1.0295508302113612,4.9945993820397545,0.0,0.08589887658426255,0.9828713696418309,0.0,0.43422621775958076,3.294603212880466,0.23131578196034697,0.23131578196034697,0.0,0.0,0.0,0.7686842180396533,0.0,0.0,0.0,0.0,0.5,0.17541091485148955,,,0.18699916418064566
B000362,1016.8448254099555,1.078308404464428,5.888427416358393,1.187995441398301,0.37810995081620236,0.38175471093652014,0.3621715673904441,13.04297225498028,0.49572650678954644,0.17041115847647598,0.05263489030006805,0.1566518185048984,0.0,0.2028840303934387,2.9695191649477173,0.2587679054293353,0.2587679054293353,0.0,0.20684810380136665,0.0,0.5343839907692978,0.0,0.3,0.3,0.3,1.0,0.7840549187486006,,,0.32025669999791706
B000363,30565.0683069126,7.92868179167642,11.364783288834202,12.470879752085265,0.5194658955610575,0.38251272084685733,0.016791169811354298,0.6078403471710256,3.2243355157830846,0.0,0.48154794434297293,3.442956344710744,0.0,0.7798419868396183,1.2044540343049,1.0,1.0,0.0,0.0,0.0,0.0,0.0,0.0,0.0,0.0,1.0,0.1442490757184935,,,0.1858426376147888
B000364,3127.826492282944,4.7899333725619355,9.578327244520489,1.4431788051682604,0.0,0.24,0.012842832670850526,0.4649105426847891,2.933641980651135,0.9683729782679027,0.0,0.0,0.0,0.8879184136428977,3.0872989336792256,0.3839837095407984,0.18181534874166688,0.2021683607991316,0.0,0.0,0.6160162904592016,0.0,0.0,0.0,0.0,1.0,0.281774617286748,,,0.1858426376147888
B000365,2048.4340133048004,2.6776915206598697,8.272611849615506,3.6517205445420364,0.0,0.4162362209255124,0.010198028110044563,0.023557444934202938,0.4079211244017825,0.805506284047865,0.9865291739587752,0.0,0.0,0.4777349382514481,2.391111016106774,0.5468382376807098,0.5468382376807098,0.0,0.30082116548263266,0.0,0.15234059683665785,0.0,0.0,0.0,0.0,1.0,0.746793253817659,,,0.18696941873279815
B000366,4064.818952760967,7.323998113082824,16.660380117419166,7.106414513960212,0.0,0.08577926149393338,0.023838715102944316,0.7352483639836809,1.9482878720171348,3.002701398514431,1.410473509682371,0.4803384195373013,0.0,0.48219691333158865,2.269329463653444,0.7077249256445663,0.4495582931542983,0.2581666324902684,0.0,0.0,0.29227507435543376,0.0,0.0,0.0,0.0,1.0,,0.4186688159087137,0.6574009169650342,0.18696941873279815
B000367,2199.1217892376135,6.6438724750381075,9.377794141770197,11.125909535129852,0.20945403325856712,0.38612482769035544,0.021731809092955863,0.3777991740153987,1.8592245187861474,0.5744294781525205,0.0,2.4166809845727455,1.115014299540032,0.678523193986661,2.6109965317039983,0.6733073255323035,0.5054813620254351,0.1678259635068683,0.0,0.0,0.32669267446769645,0.0,1.0,1.0,1.0,1.0,0.16767536885686696,,,0.6061389938239665
B000368,4234.723008086344,13.704605204162924,32.18886845269357,4.545552960932585,0.0,0.26149515101019466,0.05862294601449757,2.7197344845655063,11.354378695717998,0.960770847733464,0.08542172683232457,0.5926003827793664,0.0,0.7114335510997721,3.372734216884913,0.15140749858477445,0.038060838292730645,0.1133466602920438,0.0,0.0,0.8485925014152256,0.0,0.0,0.0,0.0,1.0,0.08109187855688163,0.29498631983833995,0.5331972139675009,0.18699916418064566
B000369,15048.479011004672,8.378885863588348,15.071244560253682,8.469484941474398,0.05056616593708966,0.31215145806182876,0.007137788289345027,0.1591726788523941,3.356382204286454,1.4698640204738005,1.1913620087777541,0.0,1.7483358748617068,0.6129417551886318,2.564941384867662,0.6778220532737107,0.29373758813966977,0.38408446513404093,0.0,0.0,0.3221779467262893,0.0,0.5,0.5,0.5,0.5,0.22203926227578816,,,0.4023874260919753
B000370,989.2154283705966,2.34968035242422,10.402696958857197,3.466970809625508,0.0,0.15052559026729487,0.6574977488997962,23.80141851017262,0.3616237618948879,0.6739305569139296,0.06967900006199633,0.41727816995920664,0.5509893710875817,0.27617949250661716,2.538020155671092,0.6630492054540218,0.1417357737194741,0.5213134317345477,0.17758933445082906,0.0,0.15936146009514904,0.0,0.0,0.0,1.0,1.0,0.9453809585210515,,,0.18877684261687888
B000371,5255.230451770406,1.5488448133717672,9.178781656507837,2.559242692213429,0.0,0.45029600984249124,0.4848593671219855,10.773156923335511,0.5902649494328183,0.2618843662048362,0.03660395474737008,0.3921661272420868,0.0,0.2679254157446561,2.6464277205690347,0.5716717659111316,0.2948395886085888,0.27683217730254284,0.0,0.0,0.42832823408886855,0.0,0.0,0.0,0.0,1.0,0.941294421790122,,,0.18877684261687888
B000372,8733.313444096917,6.754302740987561,12.379220295505455,8.428993313037216,0.0,0.23755023928884703,0.025531645682872663,0.7237004067109372,3.169626959219684,0.4579797144705032,0.0,1.8913984014373317,0.6834784866823783,0.551819179177665,1.818627142289627,0.9832190039613569,0.6019987674898079,0.38122023647154907,0.0,0.0,0.016780996038643133,0.0,,0.0,,0.5,0.5227497452103691,,,0.18699916418064566
B000373,9525.230966271074,3.2631829278078364,17.0636986255474,7.052810825928401,0.0,0.29737814850854566,0.36402057813923694,16.917362695246215,0.49502828077227123,0.4930139768054721,0.0,1.7921461500896976,0.2292221870250419,0.2537723331153531,2.149709072246859,0.8455560207566596,0.14527038631620537,0.7002856344404543,0.0,0.0,0.15444397924334022,0.0,0.3,0.3,0.3,1.0,0.616475588752059,0.2519693385328883,,0.32025669999791706
B000374,1923.2655407788395,5.142421232028982,12.559131712223984,6.187076602584285,0.0,0.07901350618356416,0.021966087366813113,0.4434203599325842,1.8524574505935192,0.0,0.0,1.521751832220858,1.3465524760864862,0.4216594731281198,2.374384996204928,0.6264184231345806,0.06864530831418467,0.557773114820396,0.0,0.0,0.37358157686541943,0.0,0.0,0.0,0.0,0.95,0.9991071787578574,,,0.18696941873279815
B000375,12247.796367355246,7.400481188734288,14.3588732071267,9.358656677982271,0.0,0.443722775105852,0.009331383040131763,0.20808984179493836,3.133673408999473,0.0,0.0,1.9042727754423727,1.8691536584654607,0.49338134582698046,2.5247110213548263,0.5456602775596485,0.035770942302354614,0.5098893352572937,0.0,0.0,0.4543397224403515,0.0,0.0,0.5,0.0,0.5,0.2404820842558121,,,0.1858426376147888
B000376,385.45708574517727,1.259663678905808,6.274414362469044,2.216105735752293,0.0,0.3971566804575118,0.3066408979474132,10.65541177880396,0.4102111109747548,0.0,0.0,0.45989330762744873,0.14830102610144189,0.24125823420216258,2.410740997462793,0.6036320151467032,0.2385398756107521,0.3650921395359511,0.0,0.0,0.3963679848532968,0.0,,0.0,,0.5,0.859685007055251,0.3090764520954957,0.6372615463979726,0.18877684261687888
B000377,1979.8512883320113,1.5067361402831136,6.560386995679227,1.299310186420672,0.12580080793026044,0.39098743364699623,0.4594405169577024,10.250992745843645,0.6328291448246971,0.5162423567975615,0.0,0.04870224708823813,0.0,0.3089623915726164,2.8717846299363745,0.5800000226278574,0.20505407902047323,0.374945943607384,0.0,0.0,0.41999997737214256,0.0,0.3,0.3,0.3,1.0,1.0657478898109223,0.3948441914310449,0.5460729688801925,0.32025669999791706
B000378,2822.2308614974036,3.510237389922144,7.133206528318327,3.187789359835283,0.0,0.021000000000000005,1.3962370161763975,50.44868848445846,0.8468156447707599,1.1281597984249678,0.7525773898545517,0.3379642061658376,0.0,0.44472035070602667,2.487534996327263,0.4825090095909352,0.3862294225931641,0.09627958699777098,0.21439501271771358,0.0,0.30309597769135127,0.0,0.0,0.0,0.9799999999999999,0.98,0.3733059468726079,0.34437257037471153,,0.18816800894164298
B000379,11330.000804360401,3.2436303476554253,6.789964081856582,2.614641762121057,0.0,0.41718234044955593,1.0739711005992236,50.4166014883186,1.499988160973759,0.0,0.7194010310825848,0.0,0.5619020908921493,0.46233906470693215,2.7828240206363897,0.48976928969807665,0.48976928969807665,0.0,0.0,0.0,0.5102307103019232,0.0,0.2,0.2,0.2,0.98,,,,0.27637726888891634
B000380,506.3828848174274,1.5923990088598345,7.3279787101298695,2.8753745697885944,0.0,0.5635640364631195,0.9606103958434767,34.795754994750205,0.241937381548419,0.1511501661761117,0.04123664983857295,0.0955852866866677,0.6601514461857904,0.40233807842427266,2.051203234092708,1.0,0.5854359098989507,0.4145640901010495,0.0,0.0,0.0,0.0,0.0,0.0,1.0,1.0,1.068793647147485,,,0.18877684261687888
B000381,28831.239610961595,9.240781926590255,13.745847655916794,16.413099996019223,0.0,0.4250991327830229,0.013641266688351071,0.3042002471502289,1.6841069985618606,0.7128575627079985,1.1917857434075347,2.755708969105047,2.292401919205476,0.6039207336023377,2.0550207291654683,0.8177527603247664,0.5195410947972505,0.29821166552751593,0.0,0.0,0.18224723967523357,0.0,1.0,1.0,1.0,1.0,0.12240747345387665,0.17177091926279472,0.6906764052623832,0.6061389938239665
B000382,1564.3259663101694,2.069214241151018,9.71660326540049,1.7584158804545693,0.0077414186139054516,0.6296641200408052,0.3607647253287409,8.025398213016278,1.1689059467039504,0.1253172698734584,0.022905667035077466,0.21342707247966014,0.13370382024791277,0.4049544648109586,2.368463844187778,0.7263925671410816,0.5475630615231354,0.17882950561794628,0.0,0.0,0.2736074328589185,0.0,0.0,0.0,0.0,0.6,,0.4174985632868032,,0.18877684261687888
B000383,5950.077322455815,4.873118200209513,9.805949907864965,7.289833803580551,0.0,0.365,0.9916542409802851,45.66750741525711,1.8126131316076244,0.5941933136244861,0.0,2.0993711128595987,0.0,0.3669406421178051,2.4796750596934602,0.6103700973240247,0.17956357332685605,0.4308065239971686,0.12193287525817445,0.0,0.26769702741780116,0.0,0.28,0.28,0.28,0.7,0.35031430946033654,0.3702639946670026,0.1375460460156228,0.3110513158581213
B000384,14217.374436396882,7.978324599549317,12.63706898641245,10.542800619772173,0.0,0.33863899092847227,3.3169651641151163,120.12845391582275,2.6967725421297,1.2768166945025536,0.0,2.719587638161646,0.6263661150344931,0.6587816097209234,1.9188378544645233,0.9070669389941702,0.7470312474688243,0.16003569152534594,0.0,0.0,0.09293306100582979,0.0,0.2800000000000001,0.2800000000000001,0.2800000000000001,0.7,,,,0.3110513158581213
B000385,2397.2617213579324,1.6045928523145465,6.8402123223974245,2.0739538057657114,0.0,0.4066971093129475,1.2271150278578937,57.66542562620084,0.8356115697651401,0.0,0.017722907658742126,0.1576718922167922,0.356025067291516,0.23756141538235595,2.0979190048313816,0.988954888068224,0.6688132653710231,0.3201416226972004,0.011045111931776153,0.0,0.0,0.0,0.0,0.0,0.0,1.0,0.5411108526820503,,,0.18877684261687888
B000386,4053.3751301944867,3.722107557570695,10.37514368387205,2.699866566595129,0.0,0.433,0.04419168563929724,1.8922572248779512,1.770086065557515,0.0,0.0,0.0,1.2851364856992813,0.6668850063138978,2.9674135466458846,0.524439840015586,0.524439840015586,0.0,0.0,0.0,0.4755601599844137,0.0,0.0,0.0,0.0,0.95,,,,0.18696941873279815
B000387,24770.511578430538,16.25361652127988,23.22609856953939,17.385152094805143,0.0,0.43537653224914,0.03688864898763107,0.7434340732451268,9.177986128723635,0.0,1.2361735063959252,1.9710197896819162,2.53037605983406,1.3380610366443408,1.9783015323481243,0.9761723307461369,0.623169702168057,0.35300262857807974,0.0,0.0,0.02382766925386308,0.0,0.0,0.0,0.0,1.0,0.23232870294807512,,,0.1858426376147888
B000388,5773.346341572826,5.796532471458661,17.227754274616277,8.012633518642273,0.016583674505673527,0.24573500125988154,0.011101213638105723,0.262797022163018,1.80554704939525,0.5701216053660351,0.533184645715193,0.8273960604468895,1.727453778557943,0.33282933197734993,1.8594487123216359,1.0,0.6895532746016979,0.31044672539830204,0.0,0.0,0.0,0.0,0.0,0.0,0.0,0.95,0.47617565466747014,,,0.18696941873279815
B000389,3892.1402484128007,0.9444649959749577,5.46302898715317,0.6444022937607811,0.05361520311117014,0.31412421074842767,0.25578926410686104,9.280534865281513,0.39328772876265705,0.0,0.042284747372887045,0.08224187624514093,0.20768217743776501,0.2189684661565077,2.68948488637261,0.5567730640771869,0.46969532525612684,0.08707773882106008,0.0,0.0,0.44322693592281315,0.0,0.5,0.5,1.0,0.5,,,,0.4052417822251656
B000390,1725.297735163624,2.2147596086824444,7.8055906138473405,1.872143071006962,0.24795393240588012,0.4770906056214305,0.01546496778944772,0.47965643987116596,1.2775420855303423,0.0,0.3659628900259544,0.0553719546135206,0.0,0.515882678512627,2.9839488057769548,0.42316896130756626,0.25793076182474983,0.1652381994828165,0.0,0.0,0.5768310386924337,0.0,0.0,0.0,0.0,1.0,0.26139660288400723,,,0.18696941873279815
B000391,3124.76571467834,7.250036460970626,21.89059473901496,1.9602105919154167,0.0,0.4166408121412371,0.02340552634744288,1.031955158862057,5.7138265043486225,0.0,0.11482657163730516,0.0,0.8329866668905499,0.5883967180941502,3.341282448690125,0.17471254493152202,0.05981841007098775,0.11489413486053429,0.015838068160823057,0.0,0.8094493869076552,0.0,0.0,0.0,0.0,0.5,0.12333377163377683,0.28085797964117243,0.41796215154073524,0.18699916418064566
B000392,6198.500949691183,4.618853166684936,14.763184750177057,4.937101539703646,0.0,0.021,0.010622397330707908,0.22496661407120605,2.291813153849814,0.7057599671407848,0.10168226870274373,0.6810934292189564,0.28157788708554604,0.5569264606870912,2.5563977993557225,0.6769276542912637,0.35465378860550006,0.32227386568576366,0.0,0.0,0.3230723457087364,0.0,0.0,0.0,0.0,0.5,0.5110531546772166,,,0.18699916418064566
B000393,12023.39867072811,4.407404204812357,7.617582655333801,5.997902934277477,0.0,0.365,1.0957869925245112,39.53611025890344,1.8853158347636358,0.0,0.8240045537520552,1.1990234056491782,0.0,0.4990604106474885,2.7315957186129376,0.4783488932765864,0.019342216014644052,0.45900667726194244,0.0,0.0,0.5216511067234137,0.0,0.28,0.28,0.28,0.7,,0.31506189576274346,,0.3110513158581213
B000394,3792.1578385493726,2.892568908123091,8.155849412667473,3.4590675518622285,0.0,0.28177994013993296,0.010239233889399887,0.02365263028451374,0.4095693555759955,0.9541994914114513,0.0,0.0,0.9688743497897734,0.5599257113458715,2.6337758183014173,0.5234534598312464,0.19357385394465573,0.3298796058865907,0.33495290192358784,0.0,0.14159363824516588,0.0,0.0,0.0,0.0,0.9,0.5520636203786367,,,0.18696941873279815
B000395,10645.314614837725,2.4410260524736818,11.278461460931394,4.978800074844601,0.0,0.4245182592665247,0.6423269025287032,23.15706293488324,0.35152974573345813,0.7237037354991491,0.017211050645380158,1.0572272442036836,0.0,0.29135427639201056,2.277537219275702,0.8462452076623435,0.4692390939876314,0.37700611367471204,0.007050744349057176,0.0,0.14670404798859935,0.0,0.0,0.0,1.0,1.0,0.6557767118076127,0.5320506937154121,,0.18877684261687888
B000396,1046.4886919742887,2.162166718955142,12.771643149117986,3.3583320121477427,0.05553525565460427,0.4351185779259699,0.3007950785139988,14.025281495825578,0.8175036888383265,0.4353324965681046,0.0,0.7303311081595654,0.0,0.17899942538914543,2.6621552625389255,0.6023779115956636,0.26460048594344804,0.3377774256522156,0.0,0.0,0.3976220884043364,0.0,0.0,0.0,0.0,0.6,0.8767369267078547,,,0.18877684261687888
B000397,1570.4603026449852,2.02901847886949,9.626559201681534,3.3756184321238467,0.04116901146628885,0.4008030095119806,0.2988010919007486,10.78855224184308,0.45490164526856863,0.4761522059829369,0.01964919862721722,0.8529931361540853,0.0,0.2253222928366822,2.4064357844928774,0.7554665671084696,0.7457824765830029,0.009684090525466866,0.0,0.0,0.24453343289153054,0.0,0.5,0.5,1.0,0.5,,,,0.4052417822251656
B000398,3810.2996197915645,6.720105149544206,11.371335596658945,9.682141860997836,0.0,0.333449950064013,1.1341034214963124,25.290506299367767,1.9567202304639222,0.7241498061478248,1.2122844569492102,2.3166961196566365,0.0,0.5102545363266129,2.558398880185862,0.7088259503503993,0.7088259503503993,0.0,0.0,0.0,0.29117404964960075,0.0,0.28,0.28,0.28,0.7,,,,0.3110513158581213
B000399,1019.2987803262715,1.1388813188003033,8.549500908993009,0.781225166573682,0.16041168754861693,0.19185665186439158,0.2292762540245944,8.299800395690319,0.6263963624541855,0.07845992562665699,0.010905271395291401,0.13245946834828068,0.1630045981546961,0.12765569282119277,2.8008630870627536,0.4499897819783093,0.37152225814879775,0.07846752382951158,0.0,0.0,0.5500102180216907,0.0,0.0,0.0,0.0,0.6,1.5900322082061868,,,0.18877684261687888
B000400,2697.7539722201477,5.596999942365452,10.11177073847092,5.112823151575801,0.3657786979881643,0.453,0.017017092915902768,0.5532481068216392,3.407765879215902,0.8336540279461498,0.0,0.7764599518591119,0.0,0.5791200833442879,3.0702342665122058,0.3754056831609925,0.08773121534158036,0.28767446781941214,0.0,0.0,0.6245943168390075,0.0,0.0,0.0,0.0,1.0,,,,0.1858426376147888
B000401,3681.1139353979333,8.68187248914607,19.651558280726945,8.269287395589643,0.07360557035573377,0.3256033870061622,0.020939303072951367,0.8279364829517561,3.8533797786775854,0.8245164399080084,0.9242808812015836,0.0,2.668705489998694,0.41098989936019875,2.910647699454665,0.5195292824465932,0.3180983902864159,0.20143089216017732,0.0,0.0,0.480470717553407,0.0,0.0,0.0,0.0,1.0,0.4208055178081916,0.19932653611648835,,0.1858426376147888
B000402,2950.3160361698633,5.3837883871712835,8.973128112269992,6.778751933022281,0.0,0.365,1.2157449681018957,42.504510595179156,2.0213616146206945,1.1521081927943206,0.0,1.5654619739577313,0.0,0.644856605798537,2.4515238281712692,0.6494218954600222,0.14465276797581567,0.5047691274842065,0.0,0.0,0.35057810453997784,0.0,0.28,0.28,0.28,0.7,0.5257808363920283,0.33405612438909665,,0.3110513158581213
B000403,6673.678360620841,1.5721268222899507,9.036002450876152,0.0,0.0,0.0,0.3804890383296073,17.77437680829625,1.403498077922036,0.0,0.0,0.0,0.0,0.16862874436791445,1.7580625674288397,0.9850838445345281,0.9850838445345281,0.0,0.0,0.0,0.014916155465471766,0.0,0.0,0.0,0.0,0.6,1.0147690375579674,,,0.18877684261687888
B000404,4731.814604405535,2.887013181455482,5.518804086695643,4.609357693955867,0.23191044851255685,0.36499999999999994,2.279711504464226,82.45054157773173,0.8102720289743353,0.21400601043177322,0.7724694521317017,0.6373780495063436,0.0,0.4528876404113277,2.157012015067929,0.8960386775526423,0.8960386775526423,0.0,0.07412713312375059,0.0,0.029834189323607065,0.0,0.0,0.0,0.9800000000000001,0.98,,0.4242410633608319,0.2641266292707605,0.18816800894164298
B000405,2046.613430839385,5.98424979777598,8.60772540418281,7.711180967506732,0.0,0.45238464826773817,1.927480572416422,69.80245491314498,1.1710283392847485,0.19425984477822061,0.0,0.0,3.2701816911333945,1.3487799225796169,2.5617849054545694,0.8043149302156546,0.2578501599200123,0.5464647702956422,0.0,0.0,0.19568506978434555,0.0,0.0,0.0,0.98,0.98,0.3603378237395036,0.3008651920771123,0.6144961681739092,0.18816800894164298
B000406,7680.208564612157,16.134891942462513,23.268202994193686,20.419334156710004,0.0,0.4323320352001376,0.022186718335657645,0.4335365331561091,5.07773908472063,0.38551234804195617,0.0,5.845069637920961,0.0,4.826570871778964,2.071004655793382,0.9399937913763429,0.5777310840235668,0.36226270735277594,0.0,0.0,0.06000620862365708,0.0,0.5,0.5,0.5,0.5,0.262380287854485,,,0.4023874260919753
B000407,8139.045987387717,4.598331066320744,9.498678322593967,6.341321842876089,0.0,0.42098176117756353,1.4133990379601884,31.518798546512205,1.7667487974502356,0.0,0.1579149290369912,0.9481635579182076,0.7653972112342756,0.9601065706810333,2.6661265097206743,0.6157847767007646,0.2087945728207956,0.40699020387996887,0.0,0.0,0.38421522329923535,0.0,,,,1.0,0.6845979656804517,,,0.18699916418064566
B000408,19041.30196800004,6.657797890909105,20.309888650737577,12.01666526890298,0.07552246472305486,0.35049621024958727,0.01797248743340795,0.5642467569534871,1.5085249448256473,0.5749994062812043,1.4166515013799823,0.7320208876249552,1.7603557810711292,0.6652453697261852,2.3204578542558663,0.7706118312577942,0.6606624306272203,0.10994940063057392,0.0,0.0,0.22938816874220558,0.0,0.0,0.0,0.0,1.0,0.9100807994952377,,,0.18696941873279815
B000409,3410.1183918138995,1.9211934601768448,13.760433566982956,3.638712963577358,0.0,0.3831186119624349,0.2700936550745995,12.617858274293008,0.5042463946024175,0.28549361196080714,0.04697499720661128,0.5416572869529787,0.3550981226078486,0.18772304684618088,1.9253145866640284,0.9525755700447027,0.7677435216495546,0.1848320483951481,0.024450945821087304,0.0,0.022973484134209854,0.0,0.0,0.0,0.0,1.0,1.0194376317463225,0.29377083510144353,,0.18877684261687888
B000410,16991.13986695427,4.8024702846111555,13.227302095069248,9.325666180499166,0.2692507039058576,0.624663705946187,0.015129247077316057,0.39747225284777615,2.01828798779383,0.33935522655252964,0.34927572035535187,1.4031417120873617,0.0,0.6924096378220836,1.8006427959059719,0.9930978248015553,0.9930978248015553,0.0,0.0,0.0,0.006902175198444902,0.0,0.0,0.0,0.0,1.0,1.1009221721280682,,,0.18696941873279815
B000411,6552.221059504799,13.97062059595906,18.230321432665,22.266024953833522,0.1418148517172002,0.39878070020485756,0.02610927309475531,0.7995767942029136,4.533046295526989,1.0309166493194335,5.272610892211472,1.9544045380944335,0.0,1.1796422208067314,1.9920028090005548,0.5931288468770995,0.4532349513503872,0.13989389552671241,0.377407063343811,0.0,0.0294640897790894,0.0,0.0,0.0,0.0,1.0,,0.2864057504888995,0.31238062919595777,0.1858426376147888
B000412,10670.04277329233,3.2245520620405954,9.168441465585554,4.827887437982078,0.0,0.2325985707330515,0.9745919175852781,21.733399762151702,1.2182398969815977,0.0,0.07121894910017958,1.3680787549817819,0.21562219954418813,0.35139226143284946,2.636341676741392,0.6221987198399713,0.6001122570600497,0.02208646277992176,0.0,0.0,0.3778012801600288,0.0,0.0,0.0,0.0,1.0,0.39744360335938755,,,0.18699916418064566
B000413,5240944.198280691,1402.8223228802706,3988.2024556175425,2655.0188250904916,7.48254319608397e-05,0.36501545714197053,0.0183732128600115,0.6867214333160093,1.6212100081652185,1400.242538542817,0.0,0.5951079586414868,0.0,0.3634663706467049,2.00177434170464,0.9988213645876323,0.9983971426823095,0.00042422190532270175,0.0,0.0,0.0011786354123678564,0.0,0.0,0.0,0.0,1.0,0.7004162969443722,0.4534691463629348,,0.18696941873279815
B000414,5958.8838550037135,3.778620072925627,7.99698687472894,6.181388284459227,0.23898585818634915,0.3097314225960244,0.9552299707512593,34.544724051686366,1.6481017278374617,0.0,0.0,0.8844769808382612,0.7584702348685374,0.4875711293813663,2.6930485754219218,0.556690821688872,0.556690821688872,0.0,0.0,0.0,0.443309178311128,0.0,0.28,0.28,0.28,0.7,,,,0.3110513158581213
B000415,17573.96493530711,4.623510901159461,12.21744824791535,7.152812603644435,0.0,0.21351431916939168,1.07262283692375,50.234891936878846,1.3353013477225637,0.8145979257489866,0.08304222634755659,1.5805949239743127,0.25468055644971505,0.5552939209163257,2.362314521127236,0.6751944427788535,0.31537326231950374,0.35982118045934974,0.0,0.0,0.3248055572211464,0.0,0.0,0.0,0.0,1.0,0.5373819116235302,,,0.18699916418064566
B000416,38190.834435001234,8.775467471277857,18.923049025532535,6.946518148454427,0.0,0.226538598654476,0.004027107222568603,0.08980449106327985,3.8649154498513933,0.4895927873828151,1.9460172894353245,0.0,1.7018798168088072,0.7730621277995141,1.9563689702234681,0.992352413489252,0.7426252495103159,0.24972716397893577,0.0,0.0,0.007647586510748026,0.0,0.0,0.0,0.0,1.0,0.182660928737464,,,0.1858426376147888
B000417,7449.673329940859,6.14659515671688,11.160835772781112,6.670134327321516,0.0,0.15428467791329395,1.5859076808996317,74.52966836410309,2.074202863612862,0.0,1.6904458745229114,0.7409540124250986,1.1276289675465783,0.5133634386094296,2.722122156202772,0.6625444151228647,0.2669758401710845,0.3955685749517801,0.0,0.0,0.3374555848771354,0.0,0.0,0.0,0.0,0.98,,,,0.18816800894164298
B000418,31798.43641601423,8.265774997664213,13.94916281979059,12.747458285772934,0.06293419949197113,0.33403642404728084,0.02115147788132562,0.20870869313308704,3.5032694777617,0.3146413405190666,1.111085676857855,2.124086450568707,0.0,1.212692051956884,2.622991041321877,0.5720763182906066,0.18068263429354955,0.39139368399705704,0.0,0.0,0.42792368170939327,0.0,0.0,0.0,0.0,1.0,0.17959891106849513,0.27372550553312314,,0.1858426376147888
B000419,5295.957297716172,9.807328329104022,14.330890230421193,14.58581396241225,0.04294969084084527,0.3972335519956413,0.029213987213880053,1.0679535116486514,3.9586496576117294,1.576523575753157,1.350304117528717,1.3326426841062025,1.050407052904138,0.53880124120008,2.565964824215709,0.5963579963093393,0.19262181251979982,0.40373618378953935,0.0,0.0,0.40364200369066094,0.0,0.5,0.5,0.5,0.5,0.2673638169365618,,,0.4023874260919753
B000420,4918.0350255268595,3.050890214346687,9.405701762670684,2.1817411276234613,0.4709081298111051,0.24,0.01720377271796968,0.3751700794993384,1.9713414259173816,0.0,0.08974342252028641,0.6569257508305425,0.0,0.33287961507847635,1.6393530979834725,0.9642192732888591,0.719481140844877,0.24473813244398226,0.0,0.0,0.035780726711140756,0.0,0.0,0.0,0.0,0.5,0.5184131792219374,,,0.18699916418064566
B000421,22087.977773886698,11.799133426221527,29.504827742010274,1.6472129546767755,0.0,0.39192108321568886,0.056124850430470205,2.441677914824996,10.41259745350808,0.603659897908452,0.0,0.2338178097777479,0.0,0.5490582650272445,3.5396924360675386,0.041997248249800896,0.041997248249800896,0.0,0.05116137567924459,0.0,0.9068413760709544,0.0,0.0,0.0,0.0,1.0,0.17969483776399023,,,0.18699916418064566
B000422,6209.417989882355,5.316282525584208,16.094484263248496,8.596952775182517,0.09150162811341386,0.42874348447543603,0.011175349189229617,0.42837094626175476,2.0085575546342187,0.24334958369441026,1.1998556880133002,0.7195024446640083,0.8086543165198214,0.33636293805844836,2.5149104194196075,0.47007860142939695,0.2889648205637704,0.18111378086562666,0.15210898078276194,0.0,0.3778124177878409,0.0,0.0,0.0,0.0,1.0,0.11948980875521312,,,0.18696941873279815
B000423,5167.868683296781,8.744278651940407,12.55655385820739,20.29088111265705,0.050254196849028036,0.5081442870958968,0.01513020970442609,0.33740367640870184,1.8679271240032211,1.5290299803222398,0.5693560077307127,2.597824957574111,0.9046567889885001,1.2754837933216212,2.4275145574235424,0.6115223176732072,0.5080653231059364,0.10345699456727073,0.17486061928995583,0.0,0.2136170630368369,0.0,1.0,1.0,1.0,1.0,0.13726710149576773,0.30027095839177903,,0.6061389938239665
B000424,2034.4800827020451,2.0845082814570133,9.470637425645162,0.7240873279026367,0.02176084389289492,0.09137320700417768,0.6847980838265614,15.255016610771198,1.2032672500213213,0.0,0.026513525168399287,0.20422942406847128,0.22379184908269847,0.4267062331161228,1.7800685016802553,1.0,0.8893058131313407,0.11069418686865932,0.0,0.0,0.0,0.0,0.0,0.0,0.0,1.0,,0.35329977671053553,0.3298219730164773,0.18877684261687888
B000425,1327.2344521764207,1.7532819711709653,7.23357445697609,3.4588229527002823,0.0,0.453,0.6493415850290563,23.50616537805184,0.357137871765981,0.6224435395575433,0.0,0.42761996704234584,0.0,0.3460805928050955,2.006015943994468,0.7963032315175986,0.5524063717576414,0.24389685975995698,0.0,0.0,0.2036967684824017,0.0,0.0,0.0,1.0,1.0,0.6100232636810073,,,0.18877684261687888
B000426,23119.785259580047,4.848948250750849,8.262087861621401,5.404467237360147,0.10437838928012157,0.4276807212831372,1.6713137608557205,37.28540382476588,2.185905163657451,0.453841154060971,0.5955867537354825,0.5692324072853374,0.4490306356021292,0.5953521364094783,2.64139873777465,0.5422353247790163,0.35603581449896887,0.1861995102800473,0.0,0.0,0.45776467522098396,0.0,0.0,0.0,0.0,0.98,,,,0.18816800894164298
B000427,7649.112009332464,4.585798566746082,6.991147320154221,3.921981516609893,0.0,0.36500000000000005,1.46229921449312,68.5631288004667,2.0782158117916625,0.0,1.058557366422806,0.36662574930383396,0.6456231250433837,0.43677651418439495,2.081076515206344,0.9721424950033104,0.6613606115465542,0.3107818834567561,0.0,0.0,0.027857504996689597,0.0,0.2,0.2,0.2,0.98,0.24476152966540407,0.25553554494729397,0.6102160909492088,0.27637726888891634
B000428,906.0405470544483,2.378059178620599,13.196228900149785,3.9533713341152383,0.0,0.3190601751692618,0.5416189882748663,19.553583303793644,0.40482032294809683,0.5954841392748208,0.0,0.7454635324809756,0.42728336052889554,0.20500782338781037,1.6777943151270727,0.989091668105486,0.7558230009927015,0.23326866711278446,0.0,0.0,0.01090833189451404,0.0,0.0,0.5,0.0,0.5,1.130977458760545,0.2701148680083558,0.4357694804722235,0.18877684261687888
B000429,1938.7357240602553,4.064435480210179,9.615820630412383,6.046261597048371,0.018473236158134634,0.33917508997122464,1.1617541451641342,54.60244482271431,1.4521926814551678,0.0,0.036513459389767175,0.7909054136957239,1.3922455450088955,0.39257838066062445,2.7694410122196422,0.617099365641462,0.27455596649347014,0.3425433991479919,0.008983648422407483,0.0,0.3739169859361305,0.0,0.0,0.0,0.0,1.0,0.45194630751949844,0.3731447831258968,0.29538224190751344,0.18699916418064566
B000430,13132.168647473178,6.539924625235646,21.526071983351375,8.767414985162262,0.0,0.22939764049032438,0.01010514703620255,0.17112072403856446,1.677598351806378,0.3697265901123481,1.738579481479467,1.5952699597439868,0.8896995181394177,0.2690507239540493,1.6482752837479404,0.9914360177799675,0.6815000055809731,0.3099360121989945,0.0,0.0,0.008563982220032428,0.0,0.0,0.0,0.0,1.0,,,,0.18696941873279815
B000431,6707.08228222597,16.937076470267602,38.129073181315796,2.7817764809300027,0.0,0.3895157446571354,0.062373117168678396,2.8679515443366146,11.859068321028316,0.7529723366482016,0.016520585611224325,0.5189564250022921,0.15704159338152968,3.632517208596036,3.2351321960448427,0.27496240343206335,0.27496240343206335,0.0,0.010247469762413594,0.0,0.7147901268055231,0.0,0.0,0.0,0.0,1.0,0.12199632380991929,0.2734269270186235,0.5104588752099597,0.18699916418064566
B000432,16971.319393997517,5.571674128035954,8.046463214284087,8.04360651936741,0.14235207871883748,0.6289190401727359,0.015350827983888258,0.7122784184524151,1.8951639486281802,0.0,0.7714962912562375,0.6855583519007893,0.36910594619036885,1.8503495900603777,2.649264365609905,0.5811175606482983,0.4580740487438336,0.1230435119044646,0.0,0.0,0.41888243935170166,0.0,1.0,1.0,1.0,1.0,0.26367028647717955,0.35317583962280674,0.6335239143043769,0.6061389938239665
B000433,2158.5405180074717,4.459794458693123,6.339083996254137,2.249085542121567,0.0,0.24,0.015701721884184967,0.26304407361402304,2.139763162791377,1.5091363987635715,0.0,0.0,0.0,0.810894897138175,1.835627002683302,0.6396998729134705,0.6396998729134705,0.0,0.3383869845889269,0.0,0.021913142497602702,0.0,0.0,1.0,0.0,1.0,,0.26614132101247506,,0.1858426376147888
B000434,19076.697306094804,6.784031758924184,11.359639410866142,10.687214434612688,0.2062500292740025,0.27486346474396806,1.3791119110493328,64.54838024996349,1.9625217002940465,1.137834400718404,0.29646887718525333,2.216948798720456,0.5778609502979031,0.5923970317081195,2.4058398978445634,0.5639480351777978,0.23715876332568311,0.3267892718521148,0.1677224460545336,0.0,0.2683295187676683,0.0,0.2,0.2,0.2,0.98,0.3261546852715654,,,0.27637726888891634
B000435,8337.594339607602,8.312656370496114,18.3120620492957,11.329943445054354,0.0,0.3972178830230975,0.009705295856177847,0.26935047392409056,2.8749813068437913,0.0,1.0182562665308272,2.177406388386589,1.6459499148090573,0.5960624939258474,2.389908429002614,0.7381257502766816,0.47618705206285905,0.2619386982138223,0.0,0.0,0.2618742497233185,0.0,0.5,0.5,0.5,0.5,0.3021490835464769,,,0.4023874260919753
B000436,8416.078160016032,11.030246605525598,22.494614081270583,6.969313194930089,0.0,0.021,0.0362122689525993,1.481775753915939,8.086877036859017,0.6303216336817933,0.0,1.4863047404105194,0.3070914217243924,0.5196517728498784,3.181779099169339,0.26684530944141394,0.20970047340791728,0.05714483603349665,0.0,0.0,0.7331546905585863,0.0,0.0,0.0,0.0,0.5,0.10540274862485598,0.17702088917421188,,0.18699916418064566
B000437,2686.204902491645,5.48205082141152,9.255857833329275,6.981029125331108,0.0,0.4242780604796028,1.2790056275338917,46.266554486748795,1.7872016827478374,0.6216446872098835,0.783106836287877,0.6258146861450844,1.0645506734483068,0.5997322555725311,2.447037829939238,0.6739903111135935,0.4798019118943748,0.1941883992192188,0.0,0.0,0.32600968888640625,0.0,0.2,0.2,0.2,0.98,0.22354660117239322,0.3311139108555797,,0.27637726888891634
B000438,3931.317799925174,5.385366849212567,18.799248512893133,6.845694146467008,0.05141539058392206,0.2444267251270147,0.009515834600516157,0.2574443921879188,1.838557954242145,0.08256417033006641,1.0326072929237076,1.0616768254069717,1.0822669018219488,0.28769370448772713,1.7895947914993744,0.7911971961385953,0.5940561554011,0.1971410407374954,0.20707437292165737,0.0,0.0017284309397472188,0.0,0.0,0.0,0.0,1.0,0.2967303503942135,,,0.18696941873279815
B000439,16418.297693905537,4.289001487436138,6.923185924958692,7.00724103429361,0.0,0.809,1.6836408888350094,79.01579649848492,2.2189959914116906,0.17431343156049556,0.42550118467832404,0.4687874001016251,0.0,1.0014034796840032,2.8798245669695643,0.42370625669223116,0.42370625669223116,0.0,0.0,0.0,0.5762937433077688,0.0,0.0,0.0,0.0,0.98,,,,0.18816800894164298
B000440,4103.6089825172385,5.135931142074141,16.998233534737803,10.555683142699896,0.08766357017040814,0.30751539336943384,0.01935954225700508,0.6492077762553761,1.448257509281828,1.30846365509373,0.0,1.694908354236292,0.30985229774537937,0.3744493257169117,2.325146965752149,0.7267178761563468,0.6663875700883712,0.0603303060679754,0.0,0.0,0.27328212384365336,0.0,0.0,0.0,0.0,0.95,1.1521351083244604,,,0.18696941873279815
B000441,25135.363929248855,5.39038471568708,9.656409118998601,9.704298629325239,0.0,0.5828913485449624,0.01872073151654389,0.3169872776359434,3.333228937378173,0.14861130563877156,0.7856891961564602,0.0,0.0,1.122855276513675,3.01206337704131,0.38163431495384337,0.38163431495384337,0.0,0.0,0.0,0.6183656850461565,0.0,0.0,0.0,0.0,1.0,0.21712942741730346,,,0.1858426376147888
B000442,3720.0704061636925,2.170402804062831,11.00200605838725,4.010396626877299,0.26438915844509997,0.18343901544442062,0.27813544304081306,9.997840722701618,0.42283886555524214,0.2831144256515146,0.0,1.064754738143213,0.15888846348324057,0.24080631122962098,1.9102452973558892,0.7901332534707293,0.6596899896113454,0.13044326385938393,0.0,0.0,0.2098667465292707,0.0,0.5,0.5,1.0,0.5,0.4815013829724577,0.3120280313964873,,0.4052417822251656
B000443,1250.6473637791776,4.087082888167247,6.102241172543525,3.4679884829287926,0.0,0.4515948130690098,0.010743847607296934,0.49851452897857773,1.4922965020507828,0.0,0.6933982706580012,0.5419631059320902,0.0,1.359425009526372,1.8442086913564593,1.0,0.8303439666796336,0.16965603332036627,0.0,0.0,0.0,0.0,1.0,1.0,1.0,1.0,0.2093872031158905,0.1828285398014558,,0.6061389938239665
B000444,20873.634516172137,5.572246266997367,16.458578904576296,8.43184861807375,0.10795700528932113,0.4342100158690866,0.013827647413628989,0.4083104768067671,1.7228947259359955,1.0184594787375585,0.39769101950089186,1.0735576961352777,0.5883402799207388,0.7713030667669041,1.7472804478463133,0.9994662168408485,0.8938821755529948,0.10558404128785373,0.0,0.0,0.0005337831591513102,0.0,0.0,0.0,0.0,0.95,1.5014949989478115,,,0.18696941873279815
B000445,8827.499983840593,3.277942808704268,14.280907521841833,6.090486660563939,0.09727197853110736,0.36828189841137243,0.5507497787390955,25.782341527549672,1.0657552613295134,0.5488480010698507,0.05777876092750926,0.8743743599810233,0.399590256108333,0.33159616928803837,2.060594284059361,0.9914115013556277,0.684445493457693,0.3069660078979349,0.0,0.0,0.008588498644372208,0.0,0.3,0.3,0.3,1.0,0.8490664819602408,,,0.32025669999791706
B000446,30927.70059235689,8.529426528504382,16.43772893261156,12.642291460377324,0.0,0.20851926453235411,0.014254513690252995,0.2582933838241043,1.3003639138533243,0.24110459924180286,1.4809222739075942,1.793076534106601,2.75017358477227,0.9637856226227899,2.323121037945668,0.8475438050251498,0.6629568547741636,0.18458695025098618,0.0,0.0,0.15245619497485027,0.0,0.0,1.0,0.0,1.0,0.20141647522226344,,,0.1858426376147888
B000447,3952.2414138554277,8.285621412694818,18.80553627124447,16.407513304503027,0.0,0.584352832687345,0.022560444394063333,0.7131575113998856,1.9099040995025987,0.31491736626323,0.0,4.150874316327435,1.071279076325369,0.8386465542761846,2.0959163737209603,0.7455039641577486,0.11523700739676504,0.6302669567609837,0.0,0.0,0.25449603584225144,0.0,0.0,0.0,0.0,1.0,0.9336757328379827,,,0.18696941873279815
B000448,2378.479138141536,2.452040348599522,5.484574974015279,6.804345781387494,0.2472685162349599,0.7065537186791202,0.016350450735861784,0.05499589259540132,0.5032403366943348,0.0,0.0,1.0376491448561207,0.24065113130147991,0.6704997357475858,2.202269307974175,0.7842319807152534,0.7842319807152534,0.0,0.0,0.0,0.21576801928474645,0.0,0.0,0.0,0.0,1.0,0.36658781957018266,0.3189124895327898,,0.18696941873279815
B000449,3979.113261335722,4.882347559921132,16.120753814054623,9.482028851780742,0.2490934545829754,0.36500000000000005,0.011514672296070531,0.19578835264616953,1.3397283731235365,0.5687092349885253,0.41190831471551315,1.3579165704018676,1.0107851335735698,0.19329993311811972,2.139632256774796,0.7929714914458288,0.439308950711847,0.35366254073398173,0.20702850855417138,0.0,0.0,0.0,0.0,0.0,0.0,1.0,1.0980601711449767,,,0.18696941873279815
B000450,6272.665717896299,9.77050734874813,31.76938514250043,2.552904075155368,0.39038740506102254,0.3511883395793128,0.04138115821416155,1.9200857411370957,8.27623164283231,0.43898636707955424,0.07133968472137639,0.0,0.32861102042101076,0.6553386336938766,3.4859688726364646,0.0963498896120192,0.06271693600054529,0.03363295361147391,0.05223127454751031,0.0,0.8514188358404704,0.0,0.0,0.0,0.0,1.0,0.10161314652051458,,,0.18699916418064566
B000451,18646.812237542345,17.29759947823965,30.813817722514614,1.3883539298112983,0.0,0.4747891502034554,0.029341744191755937,1.7931839069980935,15.950067194917194,0.29958453050904604,0.0,0.0,0.15873591945529797,0.8892118333581132,2.258642639361525,0.8448919963802873,0.8448919963802873,0.0,0.0,0.0,0.1551080036197126,0.0,0.0,0.0,0.0,0.5,,,,0.18699916418064566
B000452,20584.773553551655,7.093305842023313,10.370044630336585,10.677280943595662,0.0,0.3047830419143661,1.9235500058033053,69.46324368930743,1.166263336262831,0.0,2.0886972188717294,2.04787473797843,1.1559887694158213,0.6344817794945005,2.4855184460729136,0.8352616436190128,0.08912707052462636,0.7461345730943862,0.0,0.0,0.16473835638098724,0.0,0.0,0.0,0.9800000000000001,0.98,,,,0.18816800894164298
B000453,36838.71012470024,8.219257055934905,18.344037733311946,14.333463132942489,0.0,0.39908676642477153,0.0235540399325933,0.4257892822771726,2.9127526892807025,0.6009190898186051,0.7238977397866375,3.5753834431145766,0.0,0.40630409393438255,1.5180359651200772,0.9187027436037597,0.4837019377179177,0.435000805885842,0.07311112010844065,0.0,0.008186136287799734,0.0,1.0,1.0,1.0,1.0,,0.29131595644168856,,0.6061389938239665
B000454,3430.298078325247,4.198651258660033,10.706687578052405,4.197451148261885,0.22262380046609367,0.5709323983766651,0.009933463003781343,0.221516224984324,2.4466657644781638,0.1129799730202802,0.0637224097350644,0.9637362573453686,0.026049403037521984,0.5854974510436355,3.097596526906056,0.4012758519763655,0.1565642520402616,0.2447115999361039,0.0,0.0,0.5987241480236347,0.0,0.0,0.0,0.0,0.5,0.536160716160694,,,0.18699916418064566
B000455,17700.341038569706,5.136488983914599,9.65382800795382,7.940984585268364,0.0,0.4289285186658159,1.0291286448064558,22.949568779183966,1.7685035125351838,0.5008020938716008,0.5515629271970338,1.7948795928074515,0.0,0.5207408575033287,2.401377242946337,0.6705628179129139,0.5631815057122442,0.10738131220066964,0.0,0.0,0.32943718208708606,0.0,0.28,0.28,0.28,0.7,0.3122700600803006,,,0.3110513158581213
B000456,1224.8065633144997,1.4325222962742687,8.925618537292127,2.7672415237683268,0.03408753594217599,0.33265413177483166,0.30355520891222637,14.179715703175967,0.42793045673517255,0.4188436991141442,0.03652901263337623,0.3820367915919755,0.0,0.16718233619960007,2.298192538496489,0.7224711633350608,0.7224711633350608,0.0,0.0,0.0,0.27752883666493927,0.0,0.30000000000000004,0.30000000000000004,0.30000000000000004,1.0,0.38150312913707896,0.3246098930463557,0.24595726713895968,0.32025669999791706
B000457,1281.8492472135156,2.3520169673642486,10.219765236876357,4.637396357243264,0.11288744742743388,0.5227019885144931,0.6925606589386223,32.334962459200554,0.8534069588950421,0.3191761401224866,0.021673190489636313,0.6849501644483745,0.03010410623706555,0.44270640717164333,2.7659342932278683,0.511037794654631,0.21060486209382656,0.30043293256080433,0.0,0.0,0.488962205345369,0.0,0.0,0.0,0.0,1.0,0.5265902849086922,,,0.18877684261687888
B000458,12349.969597914287,9.114368706947813,18.226054632014346,4.704740445502514,0.0,0.42037086101058607,0.01519102249327605,0.444773262884606,3.0561764944592986,0.5115453490249312,0.0,0.483597669795944,1.3370439065327693,3.7260052871348703,2.073103360707549,0.8702207537933847,0.7235244822772292,0.1466962715161557,0.05612515419032633,0.0,0.07365409201628892,0.0,0.5,0.5,0.5,0.5,0.23599752916111746,,,0.4023874260919753
B000459,6821.596828214453,5.845412877647346,13.133454962928681,4.158264060842891,0.0,0.42282749105822004,0.009345356963285768,0.2990018301926408,3.2924084438642005,0.0,0.5552130219032135,0.0,1.163336397488086,0.8344550143918468,2.157867214340627,0.7940338840777978,0.6990511970504489,0.09498268702734902,0.19901697653157116,0.0,0.006949139390630985,0.0,0.0,0.0,0.0,1.0,,0.2548514245554571,,0.1858426376147888
B000460,8892.631353334807,8.0476301840134,16.013579133041844,7.57744279271061,0.0,0.3201508692071031,0.013142516364371984,0.29307811492549524,3.0020976466839557,0.0,0.6955006848452041,0.0,3.441221298658354,0.9088105538258877,2.9156418388289915,0.19935200822946023,0.1129289658005456,0.08642304242891463,0.42760678857911893,0.0,0.37304120319142103,0.0,0.0,0.0,0.0,1.0,0.13318358713133863,,,0.1858426376147888
B000461,28286.54419819971,9.089506490424071,22.252733595097688,8.012393326567109,0.0,0.44885899603345664,0.024294595810015286,1.127269245584709,6.115324306818293,0.0,0.06950240514736206,1.0932243294674089,1.2368809591212513,0.5745744898697567,1.9759772470323573,0.7875441486048632,0.6438198038733965,0.14372434473146672,0.0,0.0,0.21245585139513687,0.0,0.0,0.0,0.0,0.5,0.1876074944157687,0.12035240956141242,0.7124916153375863,0.18699916418064566
B000462,3706.725262882139,7.754655361678115,9.720516031028549,7.29084338806681,0.0,0.453,0.027015542867938322,0.8150586134839815,4.273529654900095,0.0,0.0,2.573311635239179,0.0,0.9078140715388417,1.1900195881623068,0.9855001496096508,0.9855001496096508,0.0,0.0,0.0,0.014499850390349109,0.0,0.0,0.0,0.0,1.0,0.2477861649516303,,,0.1858426376147888
B000463,3725.0210821370033,6.1570596398958735,8.844262750398942,6.42242833741063,0.0,0.5940892595287296,2.338204077164146,109.87075460825314,3.2015038196098122,0.20976278374709004,0.0,1.5181567803453697,0.0,1.2276362561936018,2.072450236316813,0.9811782222719945,0.7346065031175826,0.2465717191544119,0.0,0.0,0.018821777728005522,0.0,0.0,0.0,0.0,0.98,,0.4413319034998848,0.6268759741313925,0.18816800894164298
B000464,4155.9816772006225,2.3269774228446933,13.085303210847531,2.4919364238310844,0.0,0.5163327578956819,0.4503261377881193,16.25482692121598,0.14458610500888538,0.10497935358562949,0.061243039129365316,0.2905555786608732,0.2252400632568214,1.5003732832031185,2.254071510188294,0.8751360559804341,0.8488173480599694,0.026318707920464764,0.12486394401956577,0.0,0.0,0.0,0.0,0.0,1.0,1.0,,,,0.18877684261687888
B000465,7795.885304308795,10.150892323318743,13.410709396616522,15.471625997572948,0.0,0.021,0.018482112150873937,0.41215110096448876,4.221802267966128,0.0,0.0,1.8636294585078614,2.740139053679759,1.3253215431649947,2.718614528949881,0.5733445982764355,0.30340389095703235,0.26994070731940295,0.0,0.0,0.42665540172356464,0.0,0.0,0.0,0.0,1.0,,,,0.1858426376147888
B000466,12179.234958399838,4.220109133194677,12.662097011649696,3.44372468125521,0.0,0.021000000000000005,0.015057789790653276,0.33578871233156804,1.5057789790653275,0.0,1.0743920263185698,0.0,1.3224403518350567,0.31749777597572393,2.7006796073140102,0.3768655887652584,0.06349920176048628,0.31336638700477215,0.25458868299579757,0.0,0.3685457282389442,0.0,0.0,0.0,0.0,1.0,,,,0.18696941873279815
B000467,3156.9085383127003,7.14232700975724,18.726098627317818,9.929536546656015,0.034875142738543016,0.2544148317074554,0.01900137698850889,0.6315227179963003,1.708026072016914,0.8270479010985875,1.903447181396218,0.4139639084711351,1.5886030694060307,0.7012388773683553,2.4751126273701094,0.42560595092926784,0.42560595092926784,0.0,0.32446163368066216,0.0,0.24993241539007,0.0,0.0,0.0,0.0,1.0,,0.41558071335100455,0.4764240639461502,0.18696941873279815
B000468,42087.98367020176,10.983294277192526,16.098085284885805,16.91896311280026,0.0,0.27768084114199865,0.0228012886768589,0.4307899489083196,3.6826141292810224,0.0,2.343561194163376,2.2192764517465164,2.028517694760654,0.7093248072409554,1.8394362593654958,0.9880451183654337,0.5726107750113726,0.415434343354061,0.0,0.0,0.011954881634566213,0.0,1.0,1.0,1.0,1.0,,0.24181496630062463,,0.6061389938239665
B000469,3612.579379759017,7.541919373192102,15.753677012224545,11.149070141633901,0.0,0.2693635372228216,0.044073167026159356,0.48381322761858886,3.17832461583503,0.5453870093629382,0.15695553754351751,3.1567580992529622,0.0,0.5044941111976543,2.5712713778571437,0.578578812824167,0.1600171784378701,0.4185616343862969,0.0,0.0,0.42142118717583305,0.0,0.0,0.0,0.0,0.5,0.9176827245514991,,,0.18699916418064566
B000470,21881.234658782432,13.465375174635343,30.296647905317332,10.347518010936753,0.42046009230598475,0.2787675994486384,0.04152321064410385,1.6878297395183897,10.442215547155765,0.2728249966633209,0.0,2.062698187882292,0.0,0.687636442933965,1.1482282342420187,1.0,0.8468146515688781,0.15318534843112175,0.0,0.0,0.0,0.0,0.0,0.0,0.0,1.0,0.21240720793045206,0.2239350217630355,,0.18699916418064566
B000471,22105.15899495892,10.3585562300651,15.136742095138832,19.155704236088337,0.29674621173537097,0.4105788943634262,0.01912901364276428,0.4925152618370149,4.087605790708647,0.0,2.8451470330145643,1.4777333383877196,1.1583575501826815,0.7897125177714854,2.5152957240280247,0.5709962864065801,0.42833805242425294,0.14265823398232716,0.0,0.0,0.4290037135934197,0.0,0.5,0.5,0.5,0.5,0.1994297737938004,,,0.4023874260919753
B000472,24407.22518901411,6.675936867892261,16.363448551931366,11.106872336770026,0.0,0.20521979048640082,0.014110177695366587,0.27015719863073223,2.0398234525922723,0.4317496423730461,0.5178074981327107,1.4532382822304195,1.8714452966789779,0.36187269588483645,1.6988314387464607,0.9978280233485997,0.6399377613386735,0.35789026200992635,0.0,0.0,0.0021719766514003615,0.0,0.0,0.0,0.0,1.0,,,,0.18696941873279815
B000473,16619.46616821965,6.650446645946238,21.39209145691253,4.466473174648389,0.08877351281490375,0.26712519522152284,0.021714989872097107,0.9463426371835932,5.006179905260367,0.0,0.0,1.1517261765556537,0.025826630817214275,0.4667139333130037,2.758791305656245,0.42337088150961505,0.42337088150961505,0.0,0.0,0.0,0.5766291184903851,0.0,0.0,0.0,0.0,0.5,0.20718154045505885,0.18114374370634206,,0.18699916418064566
B000474,7611.487855678813,4.307576601968767,13.592373745133667,7.569758333521811,0.0,0.3805183523772191,0.020072362808630152,0.7266195336724115,0.878816265220632,0.8483336610932225,1.1768996309279125,1.0426174536537631,0.0,0.3609095910732368,1.9578878821723107,0.7154440619275527,0.47340136600027943,0.2420426959272732,0.2732161815509011,0.0,0.011339756521546075,0.0,0.0,0.0,0.0,1.0,0.8978349122716689,,,0.18696941873279815
B000475,4571.320125596052,14.651667069218115,31.76889475661716,4.699315379244522,0.03015099072413552,0.488,0.06773922434383595,4.340430991201201,12.829351801127384,0.0,0.04010700493262117,0.967052528095517,0.0,0.8151557350625968,3.485031645572324,0.12344083545964994,0.05470056663767449,0.06874026882197543,0.0,0.0,0.8765591645403503,0.0,0.0,0.0,0.0,,0.14756868451859712,0.30738879392208024,0.34517335405828414,0.18699916418064566
B000476,4842.504607510248,14.28467435843731,31.543098992798342,6.184169725571439,0.0,0.4268830633853643,0.06303218291670273,3.8890905474514916,11.582218925237708,0.6883185260769638,0.0745960647765047,1.5062901608580184,0.08364983075713595,0.34960085073097985,3.277058543475907,0.18332973764261254,0.0726596456288758,0.11067009201373675,0.005855914433760107,0.0,0.8108143479236274,0.0,0.0,0.0,0.0,,0.11730468495539599,0.2777609722089923,0.5445216673409723,0.18699916418064566
B000477,4206.638636842456,1.5099205444517072,6.32852241921617,1.7943347517301018,0.05354513965989718,0.42726445496591264,0.4299256979618441,20.206507804206673,0.6638640940280907,0.40253145462932755,0.07243374575800314,0.0,0.1496286470738448,0.22146260296244144,1.9031443925107285,1.0,0.9520281076880736,0.04797189231192677,0.0,0.0,0.0,0.0,0.0,0.0,0.0,1.0,0.6275408826601879,,,0.18877684261687888
B000478,1883.954208995276,1.6353769175306216,9.545951434798912,3.5126690717317413,0.14527720495301222,0.42489503016498636,0.23099613695736154,8.249015454434725,0.291287679873439,0.15569515895025723,0.09547840238714668,0.8511163210764536,0.0,0.24179935524332474,1.8659402913753744,0.9240504027719915,0.40360993919884863,0.5204404635731426,0.0,0.0,0.07594959722800854,0.0,0.5,0.5,1.0,0.5,0.7077456417919596,,,0.4052417822251656
B000479,2609.979595742407,2.620461441508441,8.710676571658642,3.246972911584253,0.0,0.434532547072748,1.30185863638179,29.031447591313913,0.9442171459669606,0.0,0.01202950899586305,1.1686524805443925,0.0,0.49556230600122547,1.979983413325453,0.995409392862908,0.5494373735716531,0.44597201929125513,0.004590607137092004,0.0,0.0,0.0,0.0,0.0,0.0,1.0,0.7829189214610425,,,0.18699916418064566
B000480,11691.043795542777,5.491331045346537,11.702855171398324,8.207685767621843,0.1361440371773357,0.433,0.013457579117675032,0.30948774690817626,2.2237824288162495,0.0,1.2048578998047017,1.2692412856649542,0.0,0.7934494310606299,1.7230435702126718,0.7330421390411355,0.5019066866009595,0.23113545244017558,0.21941090235776667,0.0,0.047546958601097894,0.0,0.0,0.0,0.0,1.0,0.22107929553860944,0.2599366675114085,,0.1858426376147888
B000481,7720.429467655251,1.9267355796494263,10.803512247991826,3.540103593407064,0.019751891526336492,0.40548157283862835,0.24447348117209788,8.820531994094246,0.3794369604773889,0.6063495805062347,0.040497775603022625,0.1836499137378813,0.5036027852400597,0.21319856408483892,1.9649973865066999,0.9151531264080985,0.5374414765752866,0.37771164983281186,0.0,0.0,0.08484687359190148,0.0,0.5,0.5,1.0,0.5,0.9447418647486882,0.33105467019249907,,0.4052417822251656
B000482,499.76471696179726,1.0864450368734724,8.586429589918344,1.1983732767902588,0.0,0.27808920477488486,0.4696743677691706,17.002212113243978,0.16849813169095423,0.5590856517139938,0.0,0.0,0.19280483961621245,0.1660564138523118,2.4633666656076736,0.2671078686912134,0.2671078686912134,0.0,0.6920649142951275,0.0,0.04082721701365906,0.0,0.0,0.0,1.0,1.0,1.161536866479768,0.2620852075827466,0.9389482560699669,0.18877684261687888
B000483,1974.2965776857975,1.5140311178572066,9.7009083041658,2.7387318796235234,0.13496363604745315,0.4136730982840552,0.44008690019382424,15.931145787016439,0.5501086252422803,0.16298326636017074,0.045573409381661746,0.40838678362890873,0.1896243567508743,0.15735467649331103,2.7985932822289166,0.6064411316166601,0.30660568724808224,0.29983544436857806,0.0,0.0,0.3935588683833398,0.0,0.0,0.0,0.0,1.0,0.4332747268957639,0.3779942572774037,0.3565403819984667,0.18877684261687888
B000484,6115.105711219775,1.2774400900814236,2.5315757664463634,0.0,0.0,0.0,1.4166841921916962,51.22693157260812,0.8600347247168545,0.0,0.0,0.0,0.0,0.41740536536456896,3.351733631290299,0.2361997765322758,0.2361997765322758,0.0,0.0,0.0,0.763800223467724,0.0,0.0,0.0,0.98,0.98,,0.3806119234154886,0.2730535846252487,0.18816800894164298
B000485,6003554.015734909,1630.5143986243643,4191.347871579864,3081.4763231725274,0.0002619332576616735,0.3651449322779467,0.020605964881394,0.7380309115356966,2.2287278350623265,0.6490358269059006,0.48228287753658133,0.511816741012809,1623.911525755826,2.7310095880207608,1.999739031882173,0.999853149868161,0.9988454093374172,0.001007740530743902,0.0,0.0,0.00014685013183904038,0.0,0.0,0.0,0.0,0.95,,,,0.18696941873279815
B000486,5011.6655849344415,6.156837327929289,9.066571854448268,10.498929782278639,0.2523747062508846,0.1583916427431792,0.017241775320302136,0.7992384752891543,1.647194747651577,0.8023857840601515,0.0,0.9907842862162798,1.7473623759004793,0.969110134100804,2.1601889653936066,0.7324608951125933,0.5715366683636128,0.16092422674898044,0.0,0.0,0.267539104887407,0.0,1.0,1.0,1.0,1.0,,,,0.6061389938239665
B000487,7445.499629531447,3.540418273671634,6.76153000853144,2.3596148861903483,0.0,0.45299999999999996,2.651379373636226,95.98929884228748,2.1362264652766005,0.0,0.0,0.880563555973298,0.0,0.5236282524217359,1.4131088815474928,0.8973415096732307,0.8973415096732307,0.0,0.0,0.0,0.10265849032676938,0.0,0.2,0.2,0.2,0.98,0.44647337478314897,,,0.27637726888891634
B000488,4977.7264707495115,1.2570016340276544,7.1425518854012875,1.7764366311897728,0.0,0.3095805561258656,0.3589476230622334,16.839305189540394,0.5142958277452474,0.0,0.07955607854643049,0.4089263942428908,0.0,0.25422333349308546,2.4683328276079166,0.5922529592321917,0.2669340549658394,0.3253189042663522,0.0,0.0,0.4077470407678082,0.0,0.3,0.3,0.3,1.0,0.8771612490193714,,,0.32025669999791706
B000489,1380.32033297757,1.8627804763529958,8.621854281017049,1.747773069307199,0.023694129214215,0.36774137206325574,0.5963669882772965,21.599990449210235,0.7369988283083138,0.4043482444322522,0.050683255497171106,0.1749934745942375,0.2646890996126178,0.2310675739084036,2.600411309357701,0.5825278835698864,0.3464922477081244,0.23603563586176202,0.0,0.0,0.4174721164301136,0.0,0.0,0.0,0.0,1.0,0.9398392613036461,,,0.18877684261687888
B000490,4286.801164744702,5.031456766132279,8.486474515251022,3.969964225982097,0.0,0.2366972743708134,1.1532706643288992,54.09302603148857,2.0142069202553015,0.7814135948338126,0.9228854212731644,0.7360369535630517,0.0,0.5769138762069497,2.3974170908414743,0.6201294320252083,0.290419280086162,0.32971015193904624,0.0,0.0,0.3798705679747919,0.0,0.28,0.28,0.28,0.7,0.48351600855200044,,,0.3110513158581213
B000491,4864.142453480754,1.213003105606173,6.903449799321022,2.59063221672592,0.06532527031269356,0.45518484584941876,0.4794628620952952,17.369212535966565,0.26300844310598404,0.4522355849100661,0.0,0.3191042483599678,0.0,0.17865482923015508,2.4946977645514834,0.4020571433396608,0.15693328438037427,0.2451238589592865,0.37282310557982523,0.0,0.22511975108051405,0.0,0.0,0.0,1.0,1.0,0.41934395707568534,,,0.18877684261687888
B000492,2748.6986480049127,5.848294995755134,16.361338990278377,7.661282404853162,0.011648007837161812,0.28906419595214444,0.013955610613559813,0.39229533835800745,2.1571034466323957,0.5759574581072275,0.03700212522411925,2.3640824014151103,0.13530740480447184,0.5788421595718084,2.655232181190294,0.6268664103079246,0.5220564471004853,0.10480996320743927,0.0,0.0,0.37313358969207533,0.0,0.0,0.0,0.0,0.5,0.5906206499046994,,,0.18699916418064566
B000493,3303.1373898185952,1.4158325717182147,7.967458815701378,1.5992107192711018,0.23895324508393412,0.17404612185856824,0.34923778299515906,16.342053569414087,0.8210790107947997,0.0,0.05015382283503755,0.3678175226069783,0.0,0.1767822154813992,2.411370073406469,0.6767779038957976,0.6640614152711156,0.012716488624681832,0.0,0.0,0.3232220961042025,0.0,,0.0,,0.6,0.8148610643302946,0.3563742903882093,,0.18877684261687888
B000494,4814.3418282216035,5.33740779181996,13.263963777340027,4.506892780851821,0.0,0.402021278887918,0.016744877898110473,0.059259934683190574,0.4680375988797582,0.9561006789958686,0.0,0.15957974089260576,1.1374999963217962,2.616189776729932,2.1588547420543835,0.9123099419914914,0.6991915068467919,0.2131184351446996,0.0,0.0,0.08769005800850863,0.0,0.0,0.0,0.0,1.0,,0.35497310631276213,,0.18696941873279815
B000495,6371.899670303847,1.4722503859297245,8.76462413512707,2.035558967576181,0.0,0.26703842589088744,0.47855116508340423,22.491904758919997,0.5981889563542553,0.0,0.042804153282767654,0.431859529784961,0.18183362103220135,0.21756412547553947,2.882177953516982,0.5574897181926981,0.23508281811368803,0.3224069000790101,0.0,0.0,0.4425102818073022,0.0,0.0,0.0,0.0,1.0,0.34500144589491294,,,0.18877684261687888
B000496,18615.430851092126,11.917689405308659,17.474327271046043,16.951583720964027,0.0,0.20342681684978095,0.020638952057195774,0.3346342399836582,4.195327468860371,0.42046918135647376,1.7036336992184984,2.221933948471701,2.6716367680015303,0.7046883394000847,2.612126652828424,0.6394192805100144,0.22880523024844082,0.4106140502615735,0.0,0.0,0.3605807194899857,0.0,0.5,0.5,0.5,0.5,0.26310328093175106,,,0.4023874260919753
B000497,14983.154202901354,5.805174042193474,18.469233456070423,7.961467495476989,0.0,0.2634618358705223,0.01041099091424183,0.3803352550506333,1.5037774159246915,0.39680139635043254,1.0946342311751855,1.0174491945605364,1.3382138417886709,0.454297962393957,1.6369710048943455,1.0,0.7694791177556102,0.23052088224438996,0.0,0.0,0.0,0.0,0.0,0.0,0.0,1.0,,0.3256935300713868,0.17730542577093833,0.18696941873279815
B000498,3742.1614381950953,7.668363602858802,16.008965535335122,5.108469056189912,0.0,0.26742791740239824,0.010336996687762725,0.45386577430551156,4.271751408492737,0.0,1.6707794139546928,1.0229488667190358,0.0,0.7028839136923354,2.178767002251665,0.9553582434158439,0.6040801324418814,0.3512781109739625,0.0,0.0,0.04464175658415599,0.0,0.0,0.0,0.0,1.0,0.2416361204778907,0.20815464845922693,,0.1858426376147888
B000499,1693.8344860451857,5.117324731254337,12.580568599279596,9.86369720838216,0.2672416881792835,0.4396997057237667,0.02024727322381133,0.6739143514749536,1.8334651804477606,0.4134856207808731,0.48139046338560026,0.8421611345399475,0.9962985270940241,0.5505238050061311,2.645968484645849,0.5936531636479148,0.38606148220491354,0.2075916814430013,0.0,0.0,0.40634683635208524,0.0,0.0,0.0,0.0,0.95,1.289555596364898,,,0.18696941873279815
B000500,8369.078113977925,10.448287283368195,33.83784178996668,3.6853964863993225,0.0,0.254523136338675,0.04029818458871875,1.8698357649165496,8.059636917743749,0.8015815208501751,0.07900680958866899,0.362539329981815,0.5670974775928648,0.5784252276109204,3.2483508911533967,0.2203248041289073,0.08932926760477938,0.1309955365241279,0.0,0.0,0.7796751958710924,0.0,0.0,0.0,0.0,1.0,,0.24841513508928623,,0.18699916418064566
B000501,4559.931122424567,1.0744418290350062,7.174978912114048,2.8855679903802813,0.0,0.365,0.42056984808805414,15.146519260899854,0.22987710478215634,0.0,0.0,0.7053104225924206,0.0,0.13925430166042954,2.4915179938281415,0.7634250875139477,0.7634250875139477,0.0,0.0,0.0,0.23657491248605253,0.0,0.0,0.0,1.0,1.0,1.0380396537659504,,,0.18877684261687888
B000502,4126.168874065428,8.21945990849687,11.268302097857957,5.9062013347433275,0.0,0.10260657314754298,0.013014477590761282,0.29022285027397665,3.5778577658527952,1.4767663707182905,2.578928656522444,0.0,0.0,0.5859071154033393,1.5285808442289266,1.0,0.8203329188099473,0.17966708119005276,0.0,0.0,0.0,0.0,0.0,0.0,0.0,1.0,0.11285537836580727,,,0.1858426376147888
B000503,14489.48730102087,3.919255423592337,14.015956095425404,7.488492018682123,0.0,0.12001888292667065,0.010628070840215912,0.0366117793830225,0.31955665643468684,0.945229457879819,0.9916252527902631,1.1857137166914635,0.0,0.47713033979610525,2.24035642067253,0.9184649577797138,0.12174004708240575,0.7967249106973082,0.0,0.0,0.0815350422202862,0.0,0.0,0.0,0.0,1.0,,0.3864698276863968,,0.18696941873279815
B000504,2598.6842381611887,2.537777576329286,11.333806016597551,4.119160781019592,0.027827184255583132,0.3655153131416869,0.4267054865664407,15.450466043876132,0.5877402148681348,0.8311201153373148,0.05504035661880922,0.5331064748957239,0.1982794719352496,0.33249094267405305,2.3221982870165876,0.7091532787283049,0.47739662794835525,0.23175665077994956,0.0,0.0,0.2908467212716949,0.0,0.0,0.3,0.0,1.0,0.8168372675129063,,,0.18877684261687888
B000505,10436.045841770272,2.3088596995066974,13.034975945552663,5.296063293703205,0.0,0.24271622858742983,0.5273510731704397,19.03946221073606,0.28909303393683106,0.6751100204721635,0.0,0.6943395813451019,0.4908188269802447,0.1594982367723566,2.300202945099669,0.5800017047792703,0.36742108453408556,0.2125806202451848,0.2923997593341878,0.0,0.12759853588654202,0.0,0.0,0.0,1.0,1.0,,0.3964900630130051,0.7970043054296723,0.18877684261687888
B000506,442.8676064230734,1.4664490278909716,9.951979002846652,1.7257536178395652,0.06326626787807761,0.3325611986222265,0.29219377901620747,6.519399570829618,0.4024650253363406,0.5092262085548429,0.01537410131249531,0.09181034484997157,0.2435813587592141,0.20399198907810723,2.3537499433698597,0.7147178598860595,0.7147178598860595,0.0,0.0,0.0,0.28528214011394054,0.0,0.3,0.3,0.3,1.0,0.5756709902259691,,,0.32025669999791706
B000507,972.2869606867727,1.0803188452075252,5.613888262313796,0.48387532331659566,0.13571530683985097,0.33915835651567366,0.27663551890007426,9.911930015239452,0.6995839764880285,0.0,0.023058096911392344,0.14661009929923505,0.05605861110237873,0.15500806140649043,2.126378710126334,0.8616746571933082,0.8403308687241151,0.021343788469193065,0.0,0.0,0.13832534280669187,0.0,0.5,0.5,1.0,0.5,0.5858479757594753,0.39443028889677206,0.6299119384089142,0.4052417822251656
B000508,10989.706517305578,10.05462627383859,24.116062290142036,6.507261078694928,0.0,0.3171353273450563,0.04156342016918936,1.366164224144791,7.009535032860735,0.0,0.1495416244778956,2.0229094954195173,0.369197920594986,0.5034422004854568,2.860607946046241,0.4803672301275578,0.24245610833493642,0.23791112179262136,0.014872917242781275,0.0,0.504759852629661,0.0,0.0,0.0,0.0,0.5,0.09376186876232817,0.0948503624068982,,0.18699916418064566
B000509,4205.335822549771,8.582318005203614,12.387285155361072,10.999673174715875,0.028915710507425574,0.37008562061925543,1.6445314934561446,59.513086397886184,2.2982546669190653,0.9274608312449193,2.280304498139286,0.6308750131162465,1.3034213630098135,1.1420016327742826,2.5627403379703244,0.7322104977320121,0.3146396434504274,0.41757085428158475,0.0,0.0,0.26778950226798776,0.0,0.2,0.2,0.2,0.98,0.26843227787990936,0.42649899225692967,,0.27637726888891634
B000510,8270.84510234309,5.012633395359448,9.78485789680203,8.381760835986151,0.10829540666135345,0.32130946171724684,1.454744714867854,52.57296929278415,0.8813942097357865,1.5122971580375228,1.2438121150983434,0.7541954057479582,0.14394017238638326,0.4769943343534532,2.4647127523711942,0.8259544556546851,0.2761218515613172,0.5498326040933679,0.0,0.0,0.17404554434531472,0.0,0.0,0.0,0.98,0.98,,,,0.18816800894164298
B000511,13250.850326139564,13.198058093764505,35.835531039030464,5.79711848061211,0.0,0.38671481398995045,0.05962590305924404,3.6377858388582966,10.52476336442294,0.6086085492189225,0.09103561919934557,0.7048238847896751,0.5946603112449397,0.6741663648886814,3.41056617817382,0.14629755705339043,0.04093964717338173,0.1053579098800087,0.04611349221946999,0.0,0.8075889507271395,0.0,0.0,0.0,0.0,1.0,0.15796926475262518,0.38180121279647,0.8348987248132141,0.18699916418064566
B000512,16644.133958976814,19.000152921206407,26.276694100993016,34.4952368430492,0.0,0.45299999999999996,0.03299475507723929,1.0797301899126466,3.875288789437939,0.0,0.0,1.2636784500013907,13.102508053222733,0.758677628544338,1.765009862546555,1.0,0.9334911431901695,0.06650885680983003,0.0,0.0,0.0,0.0,0.0,1.0,0.0,1.0,0.21615601800273246,,,0.1858426376147888
B000513,4873.3935605431825,5.326113180921511,7.87821474670705,5.26388932962713,0.0,0.3331943502988642,1.4594620324379701,52.851521390613186,2.0416763251630328,0.0,1.254940964076055,1.251271416213515,0.0,0.7782244754689089,2.742546046917228,0.6011727052074497,0.6011727052074497,0.0,0.0,0.0,0.3988272947925505,0.0,0.0,0.2,0.0,0.98,,,,0.18816800894164298
B000514,36196.10154284911,13.556592338145734,17.72861252993744,23.930048737436852,0.0953741227204676,0.15052607312101082,0.024062481491690525,0.4194764398271462,2.061885009779111,0.718934223140526,1.7289502889040473,5.0102677731810665,3.3802806186766943,0.6562744244642942,1.722365780326574,0.8479053615872668,0.8479053615872668,0.0,0.0,0.0,0.15209463841273366,0.0,1.0,1.0,1.0,1.0,0.20223491972683552,,,0.6061389938239665
B000515,7915.373408054252,13.303148584965129,27.660410664193382,9.555992206313798,0.2813274424985702,0.43046250232587013,0.05631910130703205,2.3857030357960873,9.262911350014646,0.3786029228725808,0.08723172508705641,2.501075388359587,0.3098199252388105,0.763507273392448,1.8212097465251134,0.8466814139742095,0.8233921961428038,0.023289217831405785,0.0,0.0,0.1533185860257904,0.0,0.0,0.0,0.0,0.5,0.07337654021894599,,,0.18699916418064566
B000516,17960.426770949056,7.672117373322963,11.62710819325061,3.5625764493383962,0.0,0.24,0.01566707572776921,0.5671481413452454,4.243485420320118,0.0,0.0,0.0,2.3904887975060642,1.0381431554967824,1.7568758492587333,1.0,0.6884186357969274,0.31158136420307275,0.0,0.0,0.0,0.0,0.0,0.0,0.0,1.0,0.0822046904414252,,,0.1858426376147888
B000517,3254.5129700893544,1.837669661258811,11.180727588733925,4.278141816668211,0.6272057366814204,0.3790500386371849,0.43855850462288876,15.84750609614216,0.2398043420323612,0.0,0.011629156650754407,1.2784547000172062,0.07355890284728873,0.23422255971120082,1.7969893658386393,0.8557069299338579,0.8493787214990577,0.006328208434800185,0.0,0.0,0.14429307006614223,0.0,0.0,0.0,1.0,1.0,1.1227875925224329,,,0.18877684261687888
B000518,1328.0311938778455,2.8076769426592927,9.34984195470434,4.260632105507586,0.0,0.809,0.027694241911921425,0.755857988832342,1.4008340173498328,0.0,0.0,0.8189733820260878,0.0,0.5878695432833716,2.9335217266477023,0.46745628111096865,0.1757655350772042,0.2916907460337644,0.0,0.0,0.5325437188890313,0.0,0.0,0.0,0.0,0.95,0.8886852944419342,0.5919351439127739,,0.18696941873279815
B000519,1134.9366995132748,2.4726289749744548,12.090534306742498,3.381583758129876,0.0,0.39874688183322166,0.3729156359771229,17.466943815880864,1.0188276970597292,0.0,0.0,1.1031148984469326,0.15364575082997053,0.197040628637822,2.3996229414351897,0.5585786040516445,0.48861776139837,0.06996084265327451,0.0,0.0,0.4414213959483551,0.0,0.0,0.0,0.0,0.6,0.9512643404992094,,,0.18877684261687888
B000520,3292118.905395942,1630.5690467538097,4050.8481334354224,7765.066837458398,0.052719197363088215,0.2848781728286383,1.352523969644065,30.16128452306265,1.528095964527701,0.2913604375741337,0.03600894437117194,1627.898791234349,0.0,0.8147901729881005,2.3322636977029227,1.0,0.9999779163326799,2.20836673202277e-05,0.0,0.0,0.0,0.0,0.0,0.0,0.0,1.0,0.5515187519090985,,,0.18699916418064566
B000521,1356.759698163882,1.8114281684431,13.10406751231068,4.136012555132122,0.0,0.373605664120004,0.3764775567120827,13.632597746787274,0.20573288760609612,0.3026942777421915,0.04013643491660908,0.6658264142456076,0.4347287678221009,0.1623093861104949,2.389501853652677,0.7087598268707364,0.4466102086792237,0.2621496181915128,0.16710255643333263,0.0,0.12413761669593103,0.0,0.0,0.0,1.0,1.0,0.8981162788047428,,,0.18877684261687888
B000522,2097.724307054,1.9752582928945384,16.043731721004367,2.963060561586974,0.0,0.3000213937989683,0.33299868444015973,15.588974044404866,0.5657773620821104,0.4196937636844717,0.0,0.6452025016400292,0.17511000775678487,0.16947465773114248,2.0496451419960975,1.0,0.37223082290459164,0.6277691770954085,0.0,0.0,0.0,0.0,0.0,0.0,0.0,1.0,1.3387043728187675,,,0.18877684261687888
B000523,4853.24369325898,1.7622526119313653,9.137975919185623,3.55877992526879,0.0,0.7131841046559616,1.1134187625485097,40.305759204256056,0.4576280618949389,0.12158433385628643,0.0,0.8253383901102717,0.0,0.35770182606986795,2.004656052999256,1.0,0.5316571616791471,0.46834283832085266,0.0,0.0,0.0,0.0,0.0,0.0,1.0,1.0,0.872385525776756,,,0.18877684261687888
B000524,746.0898038540973,0.7416399640696792,3.5502634239848105,0.2637918415127481,0.0,0.47,0.3116651758501687,11.237435120404857,0.43549138270699417,0.0,0.0,0.0812478871859264,0.0,0.22490069417675868,2.196885197983639,0.661710083771436,0.661710083771436,0.0,0.10955165730294023,0.0,0.22873825892562372,0.0,0.0,0.5,0.0,,0.6510434164202088,0.4611046157847715,,0.18877684261687888
B000525,13739.660900243303,5.430696008001306,14.299990255271158,10.149317549464698,0.0,0.3359180691370748,0.016067061878507583,0.2903658457268292,0.4729644634878614,1.1236844337891279,0.0,1.3970397698198354,1.9835280784194287,0.453479262485051,2.554424122373578,0.3407517249314687,0.3407517249314687,0.0,0.5721573270959286,0.0,0.08709094797260243,0.0,0.0,0.0,0.0,1.0,0.8906000687298925,0.4410067676844836,,0.18696941873279815
B000526,2023.8663654516777,4.198892874381074,15.33900471838714,5.242623233717419,0.0,0.16813716077285484,0.0118624596311643,0.26453284977496394,1.2606376591084774,0.6027503467198932,0.0,0.2994791091057984,1.7504195494519683,0.2856062099949371,2.4012200649817896,0.6871542139338928,0.6871542139338928,0.0,0.0,0.0,0.31284578606610725,0.0,0.0,0.0,0.0,0.95,,,,0.18696941873279815
B000527,22408.203643481065,4.994028001667275,9.325644558573124,9.105938574108217,0.0,0.2714078597850016,1.456893042421216,32.48871484599312,1.82111630302652,1.0422334004528342,0.0,1.519967848719165,0.1437035608952682,0.46700688857348743,2.587561282319968,0.5833951939228378,0.0703421537082858,0.513053040214552,0.028775081126355764,0.0,0.38782972495080636,0.0,0.0,0.0,0.0,1.0,,0.32355030690665415,,0.18699916418064566
B000528,3255.1184064296826,8.037329398591808,13.97327779259997,15.399072633180666,0.0,0.38539474215137093,0.03707113468018084,0.8968232724405159,1.484224340036301,0.0,1.7521381681833925,1.730504197892947,2.384357643470926,0.6861050490082419,2.080962642064389,0.8153336430013249,0.3820252400028711,0.43330840299845375,0.0,0.0,0.18466635699867504,0.0,0.0,1.0,0.0,1.0,0.15274270380470945,0.2787497747306954,,0.1858426376147888
B000529,3248.2512377130106,7.154738409059495,14.314118782782856,15.377397550529347,0.0,0.4649370375350262,1.0942304001927863,39.33069230108503,1.5169680675822852,0.7125588338609284,0.5887238803548634,3.457080783424284,0.0,0.879406843837133,2.1982932669383906,0.768747731660373,0.2032756721010388,0.5654720595593343,0.0,0.0,0.23125226833962675,0.0,0.0,0.2,0.0,0.98,0.2937828257505797,,,0.18816800894164298
B000530,2661.076412364923,5.543909192426923,7.404303786463137,1.0664394824337022,0.0,0.365,0.02345381963666842,0.4742667448392793,4.2959235764230455,0.0,0.0,0.5630800467249949,0.0,0.6849055692788819,3.379646461360035,0.21526515397997362,0.11369782537109739,0.10156732860887624,0.0,0.0,0.7847348460200262,0.0,0.5,0.5,0.5,0.5,,0.18869623629082274,,0.4023874260919753
B000531,15904.618420700996,6.5076180117434514,13.970300748111013,10.793399309049677,0.04171186654080899,0.18971834821930159,1.995180045376214,72.25964659418965,1.581162926576159,0.0,0.7944855753968056,2.1169473885784322,1.579527986189812,0.43549413500224304,2.0779747376070645,0.9880989135575741,0.29799065243026196,0.6901082611273122,0.0,0.0,0.011901086442425981,0.0,0.28,0.28,0.28,0.7,0.3435005479655906,,,0.3110513158581213
B000532,5358.705544005858,1.4316605781474374,7.457276109531102,3.0191370654906784,0.15009455323229864,0.3888730890650651,0.28456001998950253,10.324394168765846,0.4375240858880359,0.0,0.01637061576453209,0.6610632228024482,0.0,0.31670265369242107,2.3899741758133395,0.6311261562494946,0.1579456769465186,0.4731804793029761,0.0,0.0,0.3688738437505052,0.0,0.5,0.5,1.0,0.5,0.30886110386616555,,,0.4052417822251656
B000533,14202.153473496399,3.9860099560753293,7.273564083971809,4.025910490387643,0.0,0.488,1.206762105485944,56.68430258146059,1.685212781092906,0.0,0.4568573548749831,0.8232213273943586,0.0,1.020718492713081,2.6507469312517857,0.5727145642524047,0.5727145642524047,0.0,0.0,0.0,0.4272854357475951,0.0,0.19999999999999996,0.19999999999999996,0.19999999999999996,0.98,,,,0.27637726888891634
B000534,11055.057742364375,8.318327872358447,22.220589280343567,4.644943182750008,0.0,0.365,0.025218656939387022,1.169013609540579,6.149563147451997,0.0,0.0,1.6268990965348669,0.0,0.5418656283715837,3.131739649373429,0.25451021507036814,0.25451021507036814,0.0,0.0,0.0,0.7454897849296319,0.0,0.0,0.0,0.0,0.5,,0.15314459056907692,,0.18699916418064566
B000535,1612.0160557589004,3.951019744507109,13.32498174081566,9.897122664795875,0.23119475211337442,0.37918390709067035,0.01102510387825554,0.038123634828890904,0.33023264642019456,0.3852408731041575,0.9308113105656238,0.7224058527070998,1.1209910856283076,0.4613379760817263,2.0657488460076285,0.6326964110806939,0.6326964110806939,0.0,0.28372196499062335,0.0,0.08358162392868305,0.0,0.0,0.0,0.0,1.0,0.4820494883148455,0.36176663216815536,0.3740409456917131,0.18696941873279815
B000536,31479.529391700366,7.172369421667889,16.225782813147074,10.842776704943157,0.0,0.44387890130811775,0.007793420076775333,0.17379326771208994,2.6171933093648505,0.4417027096551361,1.1886144301630435,2.5721752204464035,0.0,0.35268375203845603,2.583903610251354,0.631637374274436,0.631637374274436,0.0,0.0,0.0,0.368362625725564,0.0,0.5,0.5,0.5,0.5,0.30917424042144065,0.1940944610817586,,0.4023874260919753
B000537,965.9423851529157,1.8902982096925942,11.98637421724608,3.441885948947413,0.16825327118807049,0.21682922431742718,0.3104398764348945,14.523464327362067,0.4254196936556025,0.2559109325320416,0.0,0.8183133598071729,0.22650335301482055,0.16415087068295647,2.279759173398223,0.7638176875143637,0.19553471140452114,0.5682829761098425,0.0,0.0,0.23618231248563623,0.0,0.3,0.3,0.3,1.0,,0.4080129186739612,,0.32025669999791706
B000538,10416.815531731887,7.445901023396631,16.580420294032415,10.694666115047921,0.0,0.4145466114134489,0.021718081177153223,0.4843132102505169,1.6461986673384348,1.7733749186019725,1.7898163471975068,0.3333921587829672,1.299460225106014,0.603658706369734,1.7403143940708539,0.7679349475996685,0.7679349475996685,0.0,0.2192954726040819,0.0,0.012769579796249408,0.0,0.0,0.0,0.0,0.95,1.1305837188420897,0.47118627512743966,,0.18696941873279815
B000539,2206.9968826463555,4.70575028282805,9.699920468258949,5.32772162220171,0.12511799409027882,0.2659562986568047,0.9649068689519508,45.26337972542948,1.6421890988456833,0.718633918739412,1.6674250336190108,0.08565410421103464,0.12221240545419237,0.46963572195871933,2.92555834853149,0.5078754606317948,0.13533568855181857,0.37253977207997624,0.1527139936349383,0.0,0.33941054573326734,0.0,0.28,0.28,0.28,0.7,0.2319590855864995,0.3350709899093022,,0.3110513158581213
B000540,1244392.4207380833,484.76525934479287,1272.3760933738604,1564.55581825098,0.0,0.46986277022546036,0.010457025585557198,0.11282006813776739,2.2662854774419983,0.7728555552125668,479.324646495955,1.583930347263938,0.3317872274395666,0.4857542414797351,2.0068842672112535,0.9953249837240706,0.99373069547772,0.00159428824635073,0.0,0.0,0.004675016275929307,0.0,0.0,0.0,0.0,1.0,,,,0.18696941873279815
B000541,5817.007814634173,1.434527204595357,7.836481533240724,1.7575344168758509,0.45516189995098094,0.33657991633505624,0.32357579108444895,7.181959564289738,0.7749461469464606,0.21898535412180156,0.049245812178865166,0.06367789887203576,0.1395993650550793,0.1880726274211144,2.265951774789502,0.7219504256822351,0.6876214760317082,0.034328949650526935,0.0,0.0,0.2780495743177645,0.0,0.0,0.0,0.0,0.6,,,,0.18877684261687888
B000542,16487.92699798196,11.810835958439798,14.86656026044839,17.120194471088144,0.05110770582747393,0.38344875707479975,0.055186099631752854,0.9285387020491258,4.44036272802214,0.9017366838460791,1.997122599316114,3.4691773002080373,0.0,1.0024366470474293,2.575033586962661,0.621917431961021,0.3706076889879924,0.2513097429730287,0.0,0.0,0.37808256803897894,0.0,0.0,0.0,0.0,1.0,0.16408936752795503,,,0.1858426376147888
B000543,4088.5071704289294,3.524575146921491,5.839376448331469,5.097442663520707,0.08051320624169425,0.6489795924039005,1.699057664770488,61.50106867229413,1.0330936219171707,0.17025747900006244,0.9700155005251502,0.06222845016682426,0.13229879299260536,1.1566813023196778,2.623545458176934,0.7047177801137476,0.7047177801137476,0.0,0.0,0.0,0.29528221988625225,0.0,0.0,0.0,0.98,0.98,0.23696892197931524,,,0.18816800894164298
B000544,1006.0618420384651,3.2245571860207214,5.938048834206215,3.8338248329735554,0.0,0.3060956531167581,1.5495090716777227,56.08783374545866,0.9421622186491765,0.0,1.1604633297858205,0.4159206371301264,0.12098662379331128,0.5850243766622869,2.5176516645747973,0.6885376333525103,0.6885376333525103,0.0,0.0,0.0,0.3114623666474896,0.0,0.0,0.0,0.98,0.98,0.4692318989927888,,,0.18816800894164298
B000545,14057.199912404833,8.3923581566596,18.219426778603488,8.385477836369889,0.2102327483229346,0.4160804248491729,0.010486881303839759,0.17389798062111975,4.452102344877457,0.12348360949768555,0.5274477402235835,0.3615812193137798,2.098321165674286,0.8294220770728089,3.099084479227213,0.21635943439816854,0.21635943439816854,0.0,0.25002759969308536,0.0,0.5336129659087461,0.0,0.0,0.0,0.0,1.0,0.1548903839138273,,,0.1858426376147888
B000546,8029.8716949293785,5.484885037520067,10.139101437832139,6.936908140899495,0.0,0.25265516599366394,1.548882820946382,72.71501688388398,2.022929750815723,1.0223270311296289,0.9275587627427642,1.0054658604579862,0.0,0.5066036323739644,2.867055200155603,0.40075381384803077,0.031048181420690008,0.3697056324273408,0.16911179658236739,0.0,0.43013438956960165,0.0,0.0,0.0,0.0,0.98,,,,0.18816800894164298
B000547,3154.07944619187,3.1415133926213845,9.136232745433624,3.787956472115512,0.042463924508835786,0.4491732592249331,0.7786832994317422,17.36463757732785,1.61957872012443,0.0,0.0331867367927328,0.6966989698419016,0.1560697833444932,0.6359791825178269,1.8868972308419052,0.968811715136971,0.7364760172058559,0.23233569793111505,0.0,0.0,0.03118828486302907,0.0,0.0,0.0,0.0,0.9,0.8673098804116968,,,0.18699916418064566
B000548,36678.60088724817,7.542381428593084,17.09047274088675,9.171045830166806,0.0,0.32527180150257695,0.023960525888382454,0.5992035568882925,1.980130604367964,1.432300924326918,1.6832943811115062,0.0,1.7733089288401558,0.6733465899465408,2.8210713166831054,0.3243876674695147,0.08927506468897096,0.23511260278054374,0.4130784600242089,0.0,0.26253387250627647,0.0,0.0,0.0,0.0,1.0,,,,0.18696941873279815
B000549,2672.584777235595,8.457546763403782,12.10266514812166,15.130190730359388,0.1405927994807808,0.3141011920784531,1.5471133291631283,72.71852821324686,2.1642938194288193,0.0,2.1972101376545528,2.0288585790208935,1.0118004072945463,1.0553838200049706,2.4097936483034914,0.7440991010781253,0.12478604606381463,0.6193130550143108,0.0,0.0,0.2559008989218746,0.0,0.2,0.2,0.2,0.98,0.25265066681931686,0.43715850597511136,,0.27637726888891634
B000550,10608.88212930004,6.055298019006872,13.993564872879922,11.245704401886004,0.0,0.4330250009679015,0.018095819562486463,0.6481116615984338,1.1239007162813637,0.0,0.7427098744233137,1.1334806081797668,2.222962956653161,0.8322438634692666,2.0662527095905263,0.7927580529245112,0.48291525464869733,0.3098427982758137,0.0,0.0,0.20724194707548899,0.0,1.0,1.0,1.0,1.0,0.2115834260353587,,,0.6061389938239665
B000551,5652.0287231293,5.50879992507729,10.720919547414997,9.453844409834488,0.2244284746424284,0.3719879667226347,1.1326175754195689,40.98822744953352,1.5817568888815192,1.2812151330502208,0.5798767169628809,0.9002700821574967,0.3407716816048502,0.8249094224203213,2.6333126808328,0.6463601131063418,0.2466608026277425,0.39969931047859925,0.0,0.0,0.35363988689365805,0.0,0.2,0.2,0.2,0.98,0.36335269984597496,0.30396488482629563,,0.27637726888891634
B000552,36098.953642925684,16.892350792197327,23.123558491455846,31.070281624896076,0.0,0.3766031557546528,0.02375293594886717,0.3565814612652745,4.345650217033431,1.3788381052121932,1.9123181502092412,6.028595454387334,2.4445368927574846,0.782411972597644,2.294249832786768,0.7330492194002008,0.2314534112514258,0.501595808148775,0.0,0.0,0.26695078059979926,0.0,0.0,0.5,0.0,0.5,,0.2761763086862112,0.5657177176386907,0.1858426376147888
B000553,6330.124403857774,7.748010286239626,17.95360287670309,7.720781731914966,0.06500964330506015,0.15222715897712719,0.013646123539546601,0.30797935121636555,2.4967531445602753,0.3607337200008446,0.8929440496898116,0.29640288982072777,3.112405983183802,0.5887704989841637,2.167060155631979,0.745214814783624,0.6299666392261302,0.11524817555749371,0.0,0.0,0.2547851852163761,0.0,0.5,0.5,0.5,0.5,0.25339557438782245,,,0.4023874260919753
B000554,11710.459998965378,2.3486682709517406,11.610852023691503,2.464835508764582,0.0,0.35104246849564835,0.568568035938355,26.72269768910269,0.7107100449229439,0.6151724400179437,0.0,0.19465758455182558,0.5613783957084295,0.266749805750598,2.610521604232093,0.6668728439374448,0.08304905015725712,0.5838237937801877,0.0,0.0,0.3331271560625553,0.0,0.0,0.0,0.0,1.0,1.1707343012762768,,,0.18877684261687888
B000555,2544.7454728519706,2.6702470858887413,12.081989018740595,4.821864391542135,0.0,0.30640078082480116,0.4350082681138699,9.705862753127239,0.599176389851391,1.0162091085124065,0.0,0.7803543741251451,0.0,0.27450721339979856,2.5357229802673875,0.3693521774996244,0.07711166603196792,0.2922405114676565,0.38056744407013576,0.0,0.25008037843023967,0.0,0.3,0.3,0.3,1.0,0.8936595057875827,,,0.32025669999791706
B000556,1996.4260704239427,2.0539362864443858,9.119219709043152,2.6016208787670485,0.12140036032817557,0.4244321453052244,0.3273247355974624,11.784579844958332,0.5674883964241763,0.6224675530484106,0.02615067165414169,0.12300399206479291,0.3099801553641527,0.4048455178887112,2.1926304170715283,0.9135934952044187,0.7499414728721301,0.16365202233228854,0.0,0.0,0.08640650479558129,0.0,0.5,0.5,1.0,0.5,,0.3674020059886157,,0.4052417822251656
B000557,64988.73452025503,15.37830916238879,22.34429272742271,21.939987509632314,0.0,0.1983525627986526,1.4967793928680861,54.122272819596226,2.074448203877694,1.6665524506332627,0.3580987776252523,1.1536497536005679,8.76854443638217,1.3570155402698452,2.0694427123101606,0.8171537219209363,0.13859427973356814,0.6785594421873683,0.0,0.0,0.1828462780790637,0.0,0.0,0.2,0.0,0.98,0.38741178514867813,,,0.18816800894164298
B000558,10698.643943050492,6.632761279014565,11.959749152300645,9.557395922669363,0.0,0.30763335220480825,1.62347330132385,76.02713200004911,2.0208635757406688,0.7403814416142943,0.0,2.3814597316488317,0.8576401871518881,0.6324163428588812,2.2513892884901496,0.6563691903261364,0.1680205550377042,0.48834863528843236,0.0,0.0,0.3436308096738634,0.0,0.0,0.0,0.0,1.0,0.6372690549183417,,,0.18699916418064566
B000559,6845.735489104627,6.627043067865079,17.393623999808646,13.741599955759524,0.0,0.5543054195603306,0.025086087944767754,0.9430113633739152,1.3742357436064054,1.7683759879796181,0.4122368019455433,1.0820664400562068,1.2109867395506073,0.7791413547266978,2.1907604805395215,0.6466678930894304,0.4639337947669442,0.1827340983224861,0.26684238654711284,0.0,0.0864897203634569,0.0,0.0,0.0,0.0,0.95,1.0536530496701606,,,0.18696941873279815
B000560,8063.471001198548,4.808271318544155,13.142638450919648,9.307841761242054,0.2516592874745267,0.36500000000000005,0.02092028255730128,0.6225462639320049,1.7614318519377314,0.4256403975154821,1.3359219762511005,0.9794229063004739,0.0,0.30585418653936725,2.437650523734572,0.5451437523880385,0.5451437523880385,0.0,0.08852254153668625,0.0,0.3663337060752754,0.0,,0.0,,0.95,0.6380940250849392,,,0.18696941873279815
B000561,6292.243749971741,7.402639705849107,11.501054901461384,9.443588586938022,0.0,0.4090303661693609,0.021238911276092527,0.7238317609622178,1.816729330869725,0.9971127448702278,0.9600693041929483,0.0,2.2041844494067213,1.4245438765094842,2.618992310493003,0.6198866637374464,0.19243728360626522,0.4274493801311811,0.13469691684202476,0.0,0.24541641942052891,0.0,1.0,1.0,1.0,1.0,,,,0.6061389938239665
B000562,17184.89264935922,7.55712077808233,21.605742980573424,9.63195732011617,0.0,0.16348094065388236,0.00906450537648783,0.09970955914136612,2.0705722941215856,0.8992695154399788,0.5150006591821656,1.2940428261755628,2.0714679292306686,0.7067675539323688,2.50358814877844,0.6005506851091454,0.5324029507662188,0.06814773434292663,0.11899631378766642,0.0,0.28045300110318805,0.0,0.0,0.0,0.0,1.0,,,,0.18696941873279815
B000563,5175.971558440897,4.164096185390907,8.545686462989934,4.038269326623642,0.0,0.5952719992458977,0.9269134433740939,20.708108466109394,1.775837158569386,1.0178105713870471,0.3227408685357815,0.0,0.0,1.0477075868986931,2.398787731392569,0.7047675379933928,0.46034221108622886,0.24442532690716404,0.0,0.0,0.2952324620066074,0.0,0.28,0.28,0.28,0.7,0.2247397923627761,,,0.3110513158581213
B000564,9538.347039507644,7.376911863501658,24.89565057196963,8.927381428645758,0.1398332068186456,0.3017155321423097,0.014493028195852143,0.2906648762197187,1.3229087891874438,1.874375266123315,0.7411620617642094,1.0413941086899312,0.6350300484286149,1.7620415893081451,2.4741095397299886,0.5665823159512337,0.4804988625795703,0.0860834533716633,0.2540867101038659,0.0,0.17933097394490058,0.0,0.0,0.0,0.0,0.95,,0.514046620639164,0.3010185203352324,0.18696941873279815
B000565,848.3131599089277,2.3695898321478426,11.053217642231601,5.18483455790705,0.1975606621073629,0.45139589497519816,0.6170672394320675,13.717152590076203,0.7678120932866065,0.22137821325178134,0.05317454292157203,0.7658358982039495,0.2453778533383374,0.3160112311455961,2.4492460118293136,0.6473142339177682,0.10470281219749701,0.5426114217202714,0.0,0.0,0.3526857660822316,0.0,0.0,0.0,0.0,1.0,,0.36257506320379174,,0.18877684261687888
B000566,8630.65108986596,12.729573878858348,34.75404632433266,5.800589266265373,0.09391381059469171,0.365552091163806,0.05444910141313218,2.4027881353462055,10.273264958651726,0.0,0.08771949288471588,1.6771145354635737,0.17503960406587407,0.5164352877924554,3.3540154695611903,0.18606981269465162,0.18606981269465162,0.0,0.0068909999438710986,0.0,0.8070391873614771,0.0,0.0,0.0,0.0,1.0,0.15926188123547394,,,0.18699916418064566
B000567,1587.576417157637,3.4363125912502968,16.50651818533262,5.318278762861094,0.0,0.2735123717540189,0.7789578836706775,17.317655292776166,0.8701378175214327,0.739062122321394,0.058521757004776784,1.314719621431585,0.21562932153380057,0.2382419514373075,1.5378114616166725,0.9965801669491597,0.7187557785957615,0.27782438835339823,0.0,0.0,0.0034198330508402523,0.0,0.0,0.0,0.0,1.0,,0.36801106965780206,0.27811984331539047,0.18877684261687888
B000568,2848.312717292358,2.7230523109869575,12.931495032258036,6.4723206813695064,0.11709219277845281,0.41657370570434615,0.6075165316469242,21.85331584822716,0.7437669936812348,0.277408023837182,0.06359022357128315,0.975177159404347,0.49310111341356366,0.17000879707934735,2.433548004285966,0.7243225404675522,0.44136465010977255,0.28295789035777946,0.0,0.0,0.2756774595324479,0.0,0.0,0.0,0.0,1.0,0.8282823161342536,,,0.18877684261687888
B000569,8437.39118607387,9.57706150519168,26.31717673687668,17.222877311777577,0.07948483661859614,0.3498661069834937,0.015025098988599507,0.48056583316612217,2.128601630242994,0.8345023046193988,1.1039626337845996,3.7614841643199526,1.2867365607529622,0.46177421147177267,2.2659659866679274,0.6906040612503003,0.5562479688251415,0.13435609242515864,0.08713552733967711,0.0,0.22226041141002267,0.0,0.0,0.0,0.0,1.0,0.173984751053462,0.2527519196430095,,0.18696941873279815
B000570,17532.08946003047,6.443252282260372,14.66799930852651,15.563546176542998,0.06750961660622175,0.46177408073095244,0.020671739218924397,0.39007729568221045,0.9039791815284297,1.6100145218853767,1.1181992891383103,1.9217623941488644,0.34147370410524247,0.5478231914541498,2.0445394758482127,0.9740799643169841,0.8005341771658356,0.17354578715114855,0.0,0.0,0.025920035683016172,0.0,0.0,0.0,0.0,1.0,,0.454791706902321,0.7029716276475682,0.18696941873279815
B000571,3608.4483430231885,6.757393900792488,17.31333414268159,11.481927591384544,0.0,0.2259439983382696,0.019946551205636584,0.2819948610201244,1.454312637485332,0.0,1.1663314061411036,1.8104348516139466,1.938255434446542,0.388059571105564,1.8898695510281933,1.0,1.0,0.0,0.0,0.0,0.0,0.0,0.0,0.0,0.0,1.0,0.5935498700469706,,,0.18696941873279815
B000572,969.0207569445565,3.177117235883792,10.906991060426789,6.185752793045779,0.3199618422514178,0.4046293292651313,0.03527987327117772,0.793719288997234,1.1774953869700575,0.0,0.2822829558155942,0.703597442985665,0.7350348776695069,0.2787065724429685,1.7573632603241183,0.9807098848982047,0.5278992978645846,0.45281058703362,0.0,0.0,0.019290115101795405,0.0,0.0,0.0,0.0,1.0,0.8972619815418065,,,0.18696941873279815
B000573,17008.500292123692,3.950871147996212,16.665416685701434,9.813857777571913,0.10708742411203817,0.3887410597638292,0.6565071482464335,30.567884937434762,1.0977196237581834,0.7296583790444156,0.04602839614588743,1.740607953941405,0.0,0.33685679510632055,1.6103392837781196,0.9823047390884776,0.9706545499474747,0.011650189141002977,0.0,0.0,0.01769526091152237,0.0,0.0,0.0,0.0,0.92,1.1158957492122614,,,0.18877684261687888
B000574,11838.009453146598,4.525232971386314,14.642147558908347,7.638216030905612,0.0,0.3770373976282534,0.010245930160541903,0.18996485410030087,1.429837626771486,0.24873903000471717,0.0,0.751131488519792,1.7861877489421418,0.3093370771481783,1.7051663105535442,0.9894394556696788,0.594722153767996,0.39471730190168297,0.0,0.0,0.01056054433032113,0.0,0.0,0.0,0.0,1.0,0.18557296307021864,,,0.18696941873279815
B000575,3588.6862638099756,6.092845948743592,13.728020358105262,11.337590890759556,0.12124496174646279,0.29370012525591416,0.008853559409640742,0.19743437483498855,1.093032025881573,0.4712574039651633,1.1863491034169642,1.7091731258166163,1.247563971818496,0.3854703178447791,2.1706287136790965,0.7777244299607587,0.29244429609411765,0.48528013386664115,0.0,0.0,0.22227557003924134,0.0,1.0,1.0,1.0,1.0,0.3163878601167064,,,0.6061389938239665
B000576,25284.0634051931,5.88275090860705,11.601141634121305,9.438178700446551,0.0,0.4303677282477777,1.1603023358533278,42.01572780166235,1.6231746742913578,0.7111172640327119,0.27407167030605684,1.0734295086604644,1.2909647691110553,0.9099930222054025,2.3766171938895018,0.724078972659459,0.3221591371090235,0.40191983555043537,0.0,0.0,0.2759210273405409,0.0,0.2,0.2,0.2,0.98,0.3764125551084532,0.34726712033180673,,0.27637726888891634
B000577,4663.401664001276,5.003649854078622,10.675340488361048,8.636510798205704,0.0,0.46170394010733024,1.044896769937585,37.838483602615106,1.427983271370667,0.3735472438111214,0.0,1.2430755440001198,0.9208536709234808,1.0381901239732325,2.4253951017768176,0.6709885406900683,0.2385183882952684,0.4324701523948,0.0,0.0,0.3290114593099315,0.0,0.0,0.2,0.0,0.98,0.3627864438019468,0.33591141984308054,0.5920095061102739,0.18816800894164298
B000578,2237.8416154286897,6.199007244954819,17.14339488829226,10.172693454742358,0.0,0.31089805710975954,0.021578879634635614,0.40678161321585005,1.6752199826819523,1.4962590753935083,0.0,1.535515910873117,1.1555971372900342,0.3364151387162094,2.413900797908182,0.7119422122346628,0.7119422122346628,0.0,0.0,0.0,0.2880577877653375,0.0,0.0,0.0,0.0,1.0,0.41481166154157695,,,0.18696941873279815
B000579,6006.212641129458,5.129131205063585,16.883799464144474,4.862096745420893,0.0,0.3167387600593156,0.008615132191627715,0.09211199778112251,1.839187314290028,0.0,0.363568321698075,0.23497723020131706,2.104855850944202,0.5865424879299636,2.8926143648340488,0.18523815664728355,0.18523815664728355,0.0,0.4561850706481416,0.0,0.358576772704575,0.0,0.0,0.0,0.0,1.0,0.23015684719243676,0.27761432761586247,,0.18696941873279815
B000580,6779.6963039535685,4.004545956263183,6.490284184349282,3.6983283251277665,0.0,0.271613162212698,1.7062990004397778,61.76318448596564,1.0374966376883368,2.1132659233618045,0.0,0.25468993385797656,0.0,0.5990934613550651,2.615846953466394,0.740414633002902,0.21269789646336554,0.5277167365395365,0.0,0.0,0.259585366997098,0.0,0.0,0.0,0.0,,,,,0.18816800894164298
B000581,23395.460718680653,12.115722795795262,22.725471096180264,6.317590670522286,0.0,0.3117958764630296,0.015169905650289655,0.5883847214565424,9.14386891290138,0.6205804489415279,0.12624947300376219,1.476502108990505,0.15494568031579398,0.593576171642293,1.5751701422082933,0.9789818983734901,0.9173405143196658,0.06164138405382433,0.011652247980064409,0.0,0.009365853646445422,0.0,0.0,0.0,0.0,0.5,0.14853620806614903,,,0.18699916418064566
B000582,27695.153371859808,8.050916677866223,12.218385190019353,11.275579356158635,0.0,0.3462000890068441,1.4809026614866114,69.610128423508,2.175975004875114,1.3776692127057633,0.0,1.079535581598514,2.25546252786982,1.162274350817013,1.875268927532651,0.98608695580847,0.5718486469414819,0.41423830886698804,0.0,0.0,0.013913044191530052,0.0,0.0,0.0,0.0,0.98,0.20710728474744117,,,0.18816800894164298
B000583,14981.022919101364,5.815614487228791,10.977675265064903,8.11920988200184,0.0,0.21573577425175275,1.4650285077726608,52.877581256909515,1.8247472393438426,0.6819739555619603,0.14775981391321788,2.480585556259211,0.0,0.6805479221505587,2.593685507200379,0.6225594926241114,0.1960206356027892,0.4265388570213222,0.0,0.0,0.3774405073758886,0.0,0.0,0.0,0.0,,,0.2985232034925252,0.6635466894527633,0.18699916418064566
B000584,6947.19878219515,8.040739331244387,17.62813249906689,13.8973020385518,0.06264762908092376,0.4298133261663833,1.0193621584775105,47.909499100424306,1.4260100910292617,0.5594311907404491,0.6261997008084998,0.8472777385151923,4.067114773552622,0.5147058365983609,2.2215359105087225,0.8175154095280072,0.3117018759703669,0.5058135335576405,0.0,0.0,0.18248459047199272,0.0,0.2,0.2,0.2,0.98,0.5102504839568999,0.34023452725956393,0.6645943360108685,0.27637726888891634
B000585,8261.525418476476,5.438792243894981,11.430992283445505,10.587460256172154,0.10181653500991145,0.4285876123752728,0.946853771310174,44.41954432935209,1.6770335391449769,0.8880272616473165,0.484359073418308,1.5772196877339837,0.0,0.812152681950396,2.547715626027794,0.6561132984913144,0.40378037722444265,0.2523329212668717,0.0,0.0,0.3438867015086857,0.0,0.28,0.28,0.28,0.7,0.34702621539330347,,,0.3110513158581213
B000586,10475.250396414134,7.713733723427198,17.782327519331314,8.348418991637974,0.0,0.23677773902464705,0.010847998741976568,0.11932798616174224,2.4779692557814497,0.44967958376408296,1.3071627569498103,0.2543642677927928,2.839937754109599,0.38462010502945976,2.6418758013679864,0.6154099682331566,0.24724354508006127,0.36816642315309533,0.05829596922672762,0.0,0.3262940625401154,0.0,0.0,0.0,0.0,1.0,0.15314429049424097,,,0.1858426376147888
B000587,12595.892063545534,9.492006076522634,28.300123337182807,3.3635442429323095,0.0,0.23336187617698173,0.020725077557363584,1.1341498033390358,7.709447843431225,0.473979494589681,0.0,0.6539832014248717,0.13636107814209708,0.5182344589347591,2.0658628562416608,0.979622137801811,0.8846954327792879,0.09492670502252315,0.0,0.0,0.020377862198189056,0.0,0.0,0.0,0.0,0.5,,0.1429141546742976,0.5055112889750368,0.18699916418064566
B000588,13382.961389769582,6.6714662959968,13.05494299255074,11.262769449287795,0.03947820142482688,0.44846669406544154,1.0734121653389723,23.93709128705908,2.4996686022474353,0.7989800072050061,0.0,1.7222375187762629,0.9573107303326357,0.6932694374354602,2.0137667660299003,0.9741992908105319,0.5725562141278608,0.4016430766826711,0.0,0.0,0.02580070918946794,0.0,0.0,0.0,0.0,1.0,0.9935426587109509,0.34400075311861567,0.46647204600544445,0.18699916418064566
B000589,10369.921125044479,2.694885947256881,14.948249213811447,4.5832322637227865,0.033618635673371755,0.17096906142323073,0.5152694821925546,11.49553892382861,0.6418415532162989,0.9537510020895081,0.05234840279087699,0.6432716595160913,0.17259033346744124,0.2310829961766644,2.368254633208126,0.6164307313929503,0.3583047565200476,0.25812597487290273,0.06404365039756899,0.0,0.3195256182094806,0.0,0.0,0.0,0.0,1.0,0.9646495326622071,0.3034754011629798,,0.18877684261687888
B000590,22069.934336979408,5.847889331473081,10.417323474103634,10.806020566942275,0.09814728472220709,0.5555401984814241,1.1048717720715822,24.58122735931385,1.8986025883006226,0.7600999019655582,0.0,2.503764628030743,0.12254851252620384,0.5628737006499519,2.4029085329948394,0.6205434901412629,0.1923950615183763,0.4281484286228866,0.0,0.0,0.3794565098587367,0.0,0.28,0.28,0.28,0.7,0.5922522102212492,,,0.3110513158581213
B000591,20905.364755253846,7.233690226731435,20.86891366961663,3.5531422595799462,0.0,0.4624486567175547,0.030241327421425306,1.0758488863621445,5.7196165661486935,0.17966015744510228,0.08758005996710615,0.8065327815633353,0.0,0.44030066160719816,3.3627519330638904,0.2093086119429918,0.08570464031778585,0.1236039716252059,0.0,0.0,0.7906913880570083,0.0,0.0,0.0,0.0,0.5,0.07894651354747921,,,0.18699916418064566
B000592,2367.4003997348877,4.281013381075747,10.306743286146718,4.39346013855897,0.2895342309766898,0.4450471773983942,0.013063303519642898,0.3649626115812449,2.6148746817751567,0.164216563827602,0.06903089104628164,0.8039235731925313,0.0,0.628967671234176,2.9417936718124675,0.3891925931990239,0.21917534747831,0.1700172457207139,0.0,0.0,0.6108074068009763,0.0,0.0,0.0,0.0,0.5,0.8436892508287622,,,0.18699916418064566
B000593,870.3922731272838,1.9559376924208625,10.185914504301937,3.5629829043794463,0.0,0.365,0.2951564262661247,10.594181022104038,0.4507888141233855,0.0,0.05324273516929171,0.36398758128336345,0.9112194295693429,0.17669913227547906,2.724343048910821,0.7067427133168848,0.027554541234686772,0.679188172082198,0.0,0.0,0.29325728668311524,0.0,0.5,0.5,1.0,0.5,,,,0.4052417822251656
B000594,4758.014626660814,2.395777757633844,13.06726324077597,4.756164444360149,0.22768583826606476,0.3887396194465111,0.5330178468239607,25.028407285959094,0.7253396102450447,0.24098019615140542,0.0,0.7972484298127333,0.4266585392153139,0.20555098220934667,1.8583124020896293,1.0,0.8219123047386926,0.1780876952613072,0.0,0.0,0.0,0.0,0.0,0.0,0.0,1.0,0.6124868522695279,0.3306676968660444,0.236972473309786,0.18877684261687888
B000595,2647.5022711961974,1.624234522206256,10.298030595293334,2.9580024569992682,0.0,0.4425878616886567,0.4266052147465843,9.51874877191937,0.4493703306265148,0.3831954354915832,0.0,0.494855832223142,0.11033215313949872,0.18648077072551747,1.894892746110239,0.9750721123589251,0.6704019274456273,0.30467018491329784,0.0,0.0,0.024927887641074828,0.0,0.30000000000000004,0.30000000000000004,0.30000000000000004,1.0,0.9249917104522529,,,0.32025669999791706
B000596,3385.5452288320616,6.5358016000618955,12.065394679684454,7.947911256500939,0.0,0.43438173798360746,0.020363286876046865,0.4796489156678533,3.7467455685532474,0.4906212262883925,0.11845010144223406,1.2850528540405841,0.14719869069113448,0.7477331590463031,2.008466662638478,0.8292458039425329,0.8111225332727021,0.018123270669830664,0.02252190315717975,0.0,0.14823229290028742,0.0,0.0,0.0,0.0,0.5,0.5030991307022961,0.1871643015146318,,0.18699916418064566
B000597,1587.0559016782938,1.7065117222347246,9.366104516194978,2.7473536262385094,0.05835692592643195,0.2490802662402995,0.7828490133496082,36.79390362743158,0.5240436733777357,0.3435599943286882,0.05241609699339916,0.48126497777124183,0.14703873371497944,0.15818824604867998,1.888217057508092,0.9966345422691495,0.48257943343898096,0.5140551088301683,0.0,0.0,0.0033654577308505533,0.0,0.0,0.0,0.0,1.0,1.4019573889860215,0.28090159350584765,,0.18877684261687888
B000598,596.4052096922577,1.1833436700243207,7.854999217937473,2.3318753013704927,0.2733061429550907,0.365,0.2090218418853779,7.501759113663017,0.3192400138575434,0.0,0.0,0.6996505195820363,0.0,0.16445313658474145,2.7904826496703254,0.6571380127472569,0.06588921723237777,0.5912487955148792,0.0,0.0,0.3428619872527433,0.0,0.0,0.5,0.5,0.5,0.649781197315423,,,0.18877684261687888
B000599,2330.121548066947,4.175845068220335,12.87083699705414,6.773538437603296,0.0,0.4832367499967784,0.013960845736908749,0.5053826156760968,1.3960845736908747,0.0,0.5399677909989139,0.4277292125976338,1.121917348604284,0.6901461423286285,2.648143477248984,0.6224166439700834,0.22444087799860754,0.3979757659714759,0.0,0.0,0.37758335602991655,0.0,0.0,0.0,0.0,1.0,0.733663113978368,,,0.18696941873279815
B000600,36558.524937194146,12.66754155827933,22.156213931049187,15.038298614873032,0.0,0.09657266007466273,0.007856532371836712,0.17520067189195868,5.188276094609148,0.7796234769935482,0.0,2.8548452414710983,3.2623347188033316,0.5824620264021974,2.7935849556696732,0.5904275450181435,0.30351562120533354,0.2869119238128103,0.0,0.0,0.4095724549818558,0.0,0.0,0.0,0.0,1.0,0.3104652648057013,,,0.1858426376147888
B000601,754.7907700453309,1.5724807709277726,12.494279532161128,1.5261910972601807,0.0,0.07820311193324192,0.2553063943418928,11.941927459292943,0.3497165386637916,0.6912760382143543,0.10086449262138716,0.0,0.22347043004914008,0.20715327137909956,2.634286860390763,0.33799344569157797,0.27384989971875406,0.06414354597282391,0.4396085796371917,0.0,0.22239797467123038,0.0,0.0,0.3,0.0,1.0,,,,0.18877684261687888
B000602,13856.898290324532,3.090987796191062,8.01539070729974,2.954713798171991,0.0,0.3542086699084532,1.025941046861447,37.13906589638438,1.2824263085768086,0.44381258621905545,0.10011128515044522,0.15855196612958947,0.7177270811571398,0.3883585689580235,2.7737908474343738,0.5619697877963324,0.2973817595564979,0.2645880282398346,0.0,0.0,0.43803021220366745,0.0,0.0,0.0,0.0,1.0,0.6704363453989794,,,0.18699916418064566
B000603,403470.2685205164,166.5168256378524,843.1227746190306,313.1870592808934,0.0,0.365,0.48880940703291115,22.938555690858724,1.2761911577786758,0.0,0.0,165.0073488898752,0.0,0.23328559019853035,1.9974715997908281,1.0,0.009065010350726224,0.9909349896492737,0.0,0.0,0.0,0.0,0.3,0.3,0.3,1.0,,,,0.32025669999791706
B000604,7967.135928391651,3.2255611046120043,12.61677247566439,8.256884129299987,0.35420205210429406,0.3285682598513025,0.010385219824320543,0.08428178116845714,0.30958707577356476,0.926701135802951,0.0,1.0696126730179334,0.3722547064363242,0.5474055135812312,2.256636768442643,0.9040207065583387,0.5013137665527723,0.40270694000556645,0.0,0.0,0.09597929344166131,0.0,0.0,0.0,0.0,1.0,,0.47903170419485364,,0.18696941873279815
B000605,133983.88627785293,233.01545439626597,759.7589149222265,498.5852892409987,0.0,0.4500456003044031,0.009000093781870099,0.02079021663611993,0.36000375127480394,0.0,1.2326065568971074,228.73270230914179,2.2105800517307626,0.4795617272214633,1.3450212894340488,0.9931652159626136,0.9931652159626136,0.0,0.005289806034929071,0.0,0.0015449780024572178,0.0,0.0,0.0,0.0,1.0,0.8658715986839212,,,0.18696941873279815
B000606,21287.25516458398,7.417162078252258,16.600947482643775,10.398824620030405,0.0,0.15952293153035785,0.02438314846149533,0.7917755274946613,2.2635225300878066,1.3063242431303967,0.0,1.2681599921658935,2.1454138748152216,0.43374143805294013,2.2044307710102657,0.724923365735007,0.3778250809550513,0.3470982847799557,0.0,0.0,0.27507663426499307,0.0,0.0,0.0,0.0,0.95,0.4125066895839123,,,0.18696941873279815
B000607,2893.329310801788,3.941865546051482,5.908747377217874,2.6724702064468264,0.0,0.0,1.969265661700183,43.98724542778095,2.571621267584702,0.0,0.0,0.6547979601027755,0.0,0.715446318364005,3.0924399919496066,0.3476131447048815,0.18149942203905425,0.16611372266582722,0.0,0.0,0.6523868552951185,0.0,0.0,0.0,0.0,0.98,0.326225624424026,0.5103512519617188,0.5115878986578659,0.18816800894164298
B000608,3298.795019048552,2.175986160322264,15.24546345131868,4.20839243563433,0.0,0.30428369802165506,0.3780189027054265,17.74807261725039,0.7811920015560702,0.0,0.052190878108055554,0.9740349516420597,0.21774318747022534,0.15082514154585278,1.8445905165222853,0.8702010026857762,0.8702010026857762,0.0,0.1240513705924966,0.0,0.0057476267217270805,0.0,0.0,0.0,0.0,0.6,,0.37573291010369614,0.34594955527072324,0.18877684261687888
B000609,1981.2213867464714,3.4576289472015205,7.948800797557883,6.679266480933014,0.0,0.29825597478361626,0.015765957753781125,0.04981141319150108,0.5134212354880794,0.0,0.0,1.1549417462388216,1.2337019447845237,0.5555640206900965,1.93284431153134,0.810548133044599,0.4765210399484503,0.33402709309614886,0.0,0.0,0.18945186695540087,0.0,,,,1.0,,0.343653483710257,,0.18696941873279815
B000610,2049.587427429069,5.7734857110678,20.403402193864775,6.937299582039645,0.047620846441167694,0.23293368451938304,0.01592448779284913,0.5441271370376455,1.3011035444786685,1.5381740616563393,1.1606664018735593,0.2647287507624565,1.1146134252372153,0.3941995270595606,2.6031377792555883,0.2907998920993787,0.2907998920993787,0.0,0.46745425529610446,0.0,0.24174585260451661,0.0,0.0,0.0,0.0,1.0,0.7082038952061439,,,0.18696941873279815
B000611,844.5819815876657,0.9752678771220158,6.474637448526432,1.01314048497718,0.24338529365463865,0.20202428005072465,0.21292684962022257,7.631159743997695,0.3246494955397185,0.23873485715537693,0.0,0.06952009786746019,0.19425393792001425,0.14810948863944592,2.577996427166671,0.6671176164463155,0.3510455276859561,0.31607208876035947,0.0,0.0,0.3328823835536845,0.0,0.5,0.5,1.0,0.5,,0.4026424242297782,0.3582133575215134,0.4052417822251656
B000612,10391.008068553365,7.297056227916689,19.827264399376993,10.775842729822436,0.06058026442304239,0.22269710036574158,0.018657668680471598,0.45484966979933583,1.7185683962458407,1.6968397849658894,0.8456457559642125,0.984925808192831,1.6818000446147525,0.3692764379331636,2.479026506390817,0.7516166818960698,0.2682147128077747,0.4834019690882949,0.0,0.0,0.24838331810393044,0.0,0.0,0.0,0.0,0.95,0.5624777684750799,0.3817096045648549,0.3526878608889649,0.18696941873279815
B000613,1160.8865002124796,2.0992522607820607,10.498880617651407,5.118800566859305,0.0685092861536486,0.2999911256159629,0.551882394905186,19.86660525883885,0.30148431117308183,0.0,0.04001826561732381,1.5633613931749808,0.0,0.19438829081667455,2.04223297872651,0.8411980012704606,0.0964750242459833,0.7447229770244773,0.0,0.0,0.15880199872953948,0.0,0.0,0.0,1.0,1.0,1.523589972153869,,,0.18877684261687888
B000614,5911.744253887742,1.6099521388583176,11.931776037541146,4.540992850524751,0.3647993851120709,0.35561214582430345,0.24361194633632277,8.7559868334751,0.25471110403453145,0.28633936413036354,0.045048200678476855,0.4257993915146523,0.47311664017925625,0.12493743832103694,2.277445675633043,0.664157099760278,0.3702870965720077,0.2938700031882702,0.20583690459508988,0.0,0.130005995644632,0.0,0.5,0.5,1.0,0.5,0.7638286146860055,0.31046013110895476,0.6763998300688431,0.4052417822251656
B000615,2365.2909841615274,3.4180505551467157,9.504871296966868,6.5977081425553665,0.1107095652068604,0.3144704497501976,0.012006096141368671,0.08787211303480631,0.41265403846368803,1.5327163532216272,0.9596751283599888,0.0,0.0,0.5130050351014122,2.6437766163018557,0.4308538272624198,0.1500870238238451,0.28076680343857463,0.4484182806815849,0.0,0.12072789205599546,0.0,0.0,0.0,0.0,1.0,,,,0.18696941873279815
B000616,1333.9806145169484,1.4191283133159025,10.874239641285502,2.7065385285943755,0.2183522135904493,0.4913469339857761,0.21988405723818422,4.887452367684418,0.49537615190694034,0.12365086450441524,0.01141315683618399,0.3454855699579316,0.19452606962549057,0.24867650048494036,2.0765921101510623,0.9830400834547213,0.739590941670862,0.24344914178385882,0.0080423713127929,0.0,0.008917545232485845,0.0,0.0,0.0,0.0,0.6,0.7830323842445917,,,0.18877684261687888
B000617,9044536.719537044,4244.268756235121,5491.407130258486,12445.747000576192,0.0,0.6572057082738954,0.02445183211109535,0.7034077030147898,4.807334974075576,0.3972348327738326,0.6233761668436171,4236.7867468112945,0.0,1.6540634501352278,1.6692442967960754,0.9988388621676214,0.9988388621676214,0.0,0.0,0.0,0.0011611378323787384,0.0,0.5,0.5,0.5,0.5,0.2282802729400241,0.33130180334637743,0.7269438796540784,0.4023874260919753
B000618,8278.062828173546,13.181628707282718,22.387439659522226,8.490078074151944,0.0,0.2787229531778218,0.04211084681698659,1.7443985136318516,9.54360516495796,1.0937935695357959,0.015236613718117537,1.3614017148854582,0.0,1.1675916441853893,3.2667921890599896,0.22157875846791344,0.13860012253262222,0.0829786359352912,0.0011558976554770855,0.0,0.7772653438766098,0.0,0.0,0.0,0.0,0.5,0.11405133417253176,0.1355868975212961,0.5079366547445636,0.18699916418064566
B000619,1840.9553326195803,1.4633985155958509,10.763143020970457,3.239910851822074,0.0,0.5709257523392628,1.1770359684845182,42.60870205913956,0.2369103963673987,0.0938652881442924,0.047126077365767335,0.6192303645093968,0.20367705277506018,0.26258933643393495,1.8684329793967744,1.0,0.5768545902499663,0.42314540975003334,0.0,0.0,0.0,0.0,0.0,0.0,1.0,1.0,1.1378472724600062,,,0.18877684261687888
B000620,21509.666585596548,10.223225563496458,13.188344540111572,20.20713478586961,0.0,0.41267957174150294,0.01897126148190547,0.37278378899255576,1.9396127363616764,0.810294262939554,1.1139722279731394,2.4590601804476493,2.457273325415204,1.4430128303592362,2.208349084316844,0.73101376055712,0.4904771348928984,0.24053662566422168,0.07926013741033258,0.0,0.18972610203254744,0.0,1.0,1.0,1.0,1.0,0.13678691268212953,0.19347417719111312,,0.6061389938239665
B000621,7092.641671334187,3.7586866302777886,10.307714271033163,7.2037274566948035,0.0,0.24000000000000002,0.015507061112336207,0.052848302720120796,0.47124969569148634,0.3667730148328372,0.0,0.9251235123282437,1.3932606656887394,0.602279741736482,2.1329751291403753,0.8174701344705896,0.446792607255247,0.37067752721534264,0.0,0.0,0.18252986552941042,0.0,0.0,0.0,0.0,1.0,1.2499811245480104,,,0.18696941873279815
B000622,3579.588196857257,4.618823479815815,14.483413148455405,6.656110509189835,0.0,0.05080175321846667,0.011323524175665145,0.03453870697097218,0.3687061315976039,0.0,1.5795838660350563,0.8340673518062596,1.2889451980905386,0.5475209322863563,2.097780774261522,0.920173149459198,0.4605295715709481,0.4596435778882499,0.0,0.0,0.07982685054080195,0.0,0.0,0.0,0.0,0.9,1.1299740621837269,,,0.18696941873279815
B000623,7512.310809544585,13.860352047130231,34.79032136005805,3.533727808072167,0.06614294666518573,0.1427623898538713,0.0577174703755066,3.843983527008739,11.543494075101318,0.5917556703543835,0.06285596869592124,0.8423913452429208,0.1553912278469624,0.6644637598887225,3.4221594202591863,0.14187927508805423,0.03387314514251805,0.10800612994553614,0.0,0.0,0.8581207249119458,0.0,0.0,0.0,0.0,1.0,0.11252804492161142,,,0.18699916418064566
B000624,2557.442565852488,7.967110797048249,15.398174299414267,5.526381057019745,0.0,0.31877376410399016,0.006996632988421361,0.15602491564179635,4.620418011221653,0.22497761023815108,1.5240467870757763,0.6221346054576367,0.0,0.9755337830550308,3.0855343423945243,0.379819037398335,0.12190742480443324,0.2579116125939017,0.0,0.0,0.6201809626016651,0.0,0.0,0.0,0.0,1.0,0.17648785673796832,0.2813786362730211,0.2845550357778902,0.1858426376147888
B000625,1049.0357545172035,3.29885457395347,8.593972966039274,4.874747175962893,0.0,0.43141364398393917,0.01743744254281943,0.06653162971512296,0.43366717466543975,1.3483097219536107,0.0,0.2914581542338492,0.6914340759723657,0.5339854471282054,2.1368163371202202,0.8685400750643831,0.658941846202865,0.20959822886151827,0.0,0.0,0.13145992493561692,0.0,0.0,0.0,0.0,1.0,0.48368021117980714,,,0.18696941873279815
B000626,6174.229577493676,4.677446649616421,7.947577713311858,6.223889012150289,0.0,0.42884317547544404,1.6413618881064709,59.41264519127333,0.9980123294342551,0.15600140761405243,1.718075140639676,0.629903887386603,0.0,1.1754538845418339,2.6627119845042415,0.6519647707891318,0.2846542979309179,0.3673104728582139,0.1346683211102491,0.0,0.213366908100619,0.0,0.0,0.0,0.98,0.98,0.429255721145028,,,0.18816800894164298
B000627,925.790642704809,2.7471532424475043,10.674127613154846,4.265005458870986,0.0,0.42113122200143094,0.014896812655833586,0.41974186873450176,1.0900732769284804,0.0,0.0,1.1459908819216316,0.29939178478443595,0.21169729881295618,2.830275084314935,0.6000480475181962,0.07390970023825277,0.5261383472799434,0.0,0.0,0.3999519524818037,0.0,0.0,0.0,0.0,1.0,0.8887836922118469,0.3558193132574149,,0.18696941873279815
B000628,8403.700042767437,5.640067142796938,18.1046663380918,9.316996105753384,0.4148221049564776,0.08503964895356575,0.012551604604598471,0.33794923828357165,1.9750299815427375,0.0,0.0,2.1002006089326204,1.268927524846399,0.29590902747518266,2.332448587820309,0.647788139492806,0.647788139492806,0.0,0.0,0.0,0.3522118605071943,0.0,0.0,0.0,0.0,1.0,0.15738390646699452,,,0.18696941873279815
B000629,3440.117206741936,4.1748995227450685,16.161842309475706,6.274945994733804,0.0,0.4326070193210044,0.011894331951188476,0.26524360251150303,1.2640247683720636,0.4175345661664955,0.8120120325264966,0.43660398858261035,0.5127284975025235,0.731995669594879,2.6941078225087773,0.6225661652387946,0.39517566615896726,0.2273904990798273,0.0,0.0,0.37743383476120546,0.0,0.0,0.0,0.0,0.95,,0.44417296331451417,0.7648526023660666,0.18696941873279815
B000630,1203.113816394903,3.668029928033241,5.814171226754146,6.495682874236899,0.4937279283422714,0.365,1.7309466814399994,62.57150388019869,1.0544177796597778,0.0,0.4778095657964284,1.4974336515508921,0.0,0.6383689310261427,2.5469423180709674,0.73563130550947,0.32739209238129374,0.40823921312817646,0.0,0.0,0.26436869449052985,0.0,0.0,0.0,0.98,,0.5262359749384248,,,0.18816800894164298
B000631,2294996.073192121,572.3182227411774,936.4010448965923,1082.4563338652124,0.0,0.3646722799469461,2.2836675175944996,107.1794151289936,1.6201825089909228,1.8940460950928293,0.0,1.172408986092861,566.981425821277,0.6501593297237671,2.659805250415299,0.008261666280016854,0.008261666280016854,0.0,0.9906751231957298,0.0,0.001063210524253398,0.0,0.28,0.28,0.28,0.7,,,,0.3110513158581213
B000632,2650.29292348046,1.6013854522540545,8.856940411444032,1.869073391932276,0.0770255523682573,0.367058686075892,0.3482837307032541,16.309179743173793,0.47768852424201447,0.7170932787824563,0.02004694802236305,0.07760958111619176,0.08967420890106031,0.21927291118996894,2.7633474728031793,0.2539074203885536,0.2539074203885536,0.0,0.44779554964302987,0.0,0.29829702996841684,0.0,0.0,0.3,0.0,1.0,0.7278232372175802,0.31170286374559164,,0.18877684261687888
B000633,457.94610473594446,0.8464807850941672,4.567680959077779,0.4087482087359254,0.0,0.36811925823854774,0.2736699690380605,9.929281817618348,0.42078013293224265,0.0,0.05589726018799653,0.0,0.15239432872813835,0.21740906324578974,2.7940802697316593,0.5029064565412047,0.4368715728529963,0.06603488368820824,0.0,0.0,0.49709354345879536,0.0,0.5,0.5,1.0,0.5,0.4681414828626623,0.4537733508866373,,0.4052417822251656
B000634,22688.506227171645,10.976539055235435,14.110207303080497,18.816720789374468,0.0,0.4408615869120147,0.029642316112919315,0.6307511369874024,4.6756205012876375,0.0,0.0,2.7284572629909913,2.7096228809612657,0.8628384099955435,2.772600254725443,0.5528337873211628,0.30426206090894636,0.24857172641221645,0.0,0.0,0.44716621267883744,0.0,0.0,0.0,0.0,1.0,,,,0.1858426376147888
B000635,2341.817099268176,3.3841287561678848,10.17497612330529,5.855690183854935,0.14902074703975077,0.3240558379204155,0.019008523962374898,0.08168942445301552,0.3899514084956871,0.6979590955992554,0.38914644348764454,0.9127323022395338,0.48849001056899344,0.5058494957767697,2.0409134085475533,0.8847705165517225,0.41918670955731474,0.4655838069944077,0.0,0.0,0.11522948344827746,0.0,0.0,0.0,0.0,1.0,0.5047860547247932,,,0.18696941873279815
B000636,7999.485973693491,10.024418513400365,21.72613298218067,6.788756796354799,0.0,0.4965477065773449,0.05613675178088288,1.8655427072486563,7.725914493473705,0.0,0.16880269753686764,1.1622185288185187,0.2907649265940656,0.6767178669772069,3.3418773521979768,0.19882807144476222,0.060183387002810056,0.13864468444195216,0.016839151050129925,0.0,0.7843327775051078,0.0,0.0,0.0,0.0,0.5,0.15500336946438809,0.1571000979837725,,0.18699916418064566
B000637,22787.890931355025,12.258144664526641,31.28072007028766,1.8879485129489582,0.04021041200151233,0.48015941945080487,0.057234807421669434,3.775431556285896,11.090033856909493,0.3515782602623649,0.04945994731647183,0.14398599314157137,0.0,0.6230866068967393,3.5426911709705937,0.06974180082152216,0.05799565186651377,0.011746148955008398,0.0040348640573317765,0.0,0.9262233351211461,0.0,0.0,0.0,0.0,1.0,0.11623245048905202,,,0.18699916418064566
B000638,16002.897002274229,5.1192888682899005,9.254315116502022,3.933450751391085,0.0,0.24839162014093946,1.5761177688188945,35.14742624466135,1.970147211023618,2.219516201821547,0.13942589569399208,0.0,0.2426421765840896,0.5475573831666528,2.7423179919212823,0.5357057104217654,0.07491083085804484,0.46079487956372045,0.047397633309398356,0.0,0.4168966562688362,0.0,0.0,0.0,0.0,1.0,,,,0.18699916418064566
B000639,1804.82408079887,4.663628115759354,11.463733541358607,8.321836788357999,0.2892083666821367,0.3917747264729459,0.018051562247070014,0.38456810564712757,1.6885431737178072,0.5229182066155003,0.7499724009728146,0.9422429782468001,0.0,0.7599513562064321,2.565893829230927,0.4358928099188179,0.4358928099188179,0.0,0.20204076201161242,0.0,0.36206642806956973,0.0,0.0,0.0,0.0,1.0,0.7314238498070592,,,0.18696941873279815
B000640,1658.3387227334238,4.352595072791138,9.789224456475493,4.094071476941698,0.35829272282514335,0.3790223857541885,0.008290577310542434,0.27347891712311895,2.3444705272761563,0.2721261765500694,0.016550241313123288,0.5630976388527552,0.48366564207506274,0.6726848467239723,1.9412886219376246,0.9871032300604081,0.7466114628681588,0.24049176719224932,0.0,0.0,0.01289676993959194,0.0,0.0,0.0,0.0,0.5,0.3370645095929402,0.1187110191008571,,0.18699916418064566
B000641,1000.378097073296,1.279255878610353,5.4746994364277235,1.9825106571843234,0.44424976090497664,0.3072555186529092,0.6409597265342508,23.16338568541225,0.3505777569523789,0.0,0.0,0.4793625004866693,0.18794648822564808,0.26136913294565645,2.2752882023823204,0.7096556590588327,0.7096556590588327,0.0,0.0,0.0,0.29034434094116734,0.0,0.0,0.0,1.0,1.0,0.701513821417187,,,0.18877684261687888
B000642,2932.9187686036717,8.807563869680695,14.591990599450629,13.328629346874372,0.12448322793587022,0.46282001023163083,0.015014004748413733,0.3634173635107163,3.5008719659387078,2.403936621879544,0.0,1.7336566363870287,0.3256215226576817,0.8434771228177341,2.556776354690827,0.5583964970622236,0.08861923294156356,0.46977726412066023,0.0,0.0,0.44160350293777634,0.0,0.5,0.5,0.5,0.5,,,,0.4023874260919753
B000643,1234.241036263097,1.6008314348418897,11.070403919158808,0.6453463564406609,0.0,0.19826102945202725,0.2710052168220179,6.0667980571060935,1.037420706118486,0.0,0.06871148881768466,0.14116142029111653,0.19181311704156565,0.16172470257303723,2.263872437241338,0.7141284771568003,0.6259484119614547,0.08818006519534563,0.0,0.0,0.28587152284320005,0.0,0.0,0.0,0.0,0.6,1.4342192115275472,0.3723374937633874,,0.18877684261687888
B000644,3828.2447951629474,4.085640122906027,16.503871473015835,6.1406806456310825,0.22843146230144712,0.24,0.374165971155329,13.511954779760933,0.5677139594003169,0.0,0.022701476947144632,2.118711550471921,0.0,1.3765131360866443,2.1954493467568,0.851702614292896,0.8461462078879681,0.005556406404927696,0.0,0.0,0.14829738570710416,0.0,0.5,0.5,1.0,0.5,,,,0.4052417822251656
B000645,2221.519357014878,3.93189266728297,8.167673402153781,3.2057350071713007,0.0,0.365,1.2660242585824553,28.25736554756133,2.253146331449787,0.6522115844808134,0.0,0.6710686420521336,0.0,0.355466109300237,1.8940368305635242,0.767995017636794,0.767995017636794,0.0,0.16587726056405983,0.0,0.06612772179914654,0.0,0.0,0.19999999999999998,0.0,0.98,0.4068296013773587,0.354493854965099,0.865855780312713,0.18816800894164298
B000646,870724.3290365761,742.3054808495959,1278.419705064989,1389.1251299442993,0.0,0.36499999999999994,0.03897767914806491,2.430423932397214,9.515346627466116,728.9378510066093,0.0,2.181184799791003,0.8854304067105685,0.7856680090189773,2.0223477030264587,0.9867084866997191,0.9855156753443494,0.0011928113553697068,0.0,0.0,0.013291513300280841,0.0,0.0,0.0,0.0,0.5,0.0912147486637568,0.1515157095288256,0.6304780329727037,0.18699916418064566
B000647,1701.7570337178672,2.8409967173920987,7.027715070132857,6.887818809541435,0.0,0.0,0.011771694638315303,0.11847372084220929,0.6665406193468898,0.0,0.0,1.3910638867749883,0.0,0.7833922112702211,1.9287020558917813,1.0,1.0,0.0,0.0,0.0,0.0,0.0,0.0,0.0,0.0,1.0,0.720268846327751,,,0.18696941873279815
B000648,5779.68435609625,9.35224005840817,18.201043951756585,15.228572757271484,0.0,0.4571832318502142,0.01573525758278787,0.2384593225688688,2.8236643023313412,0.24431250157846537,1.2815554372408793,2.351393064763767,1.658939842556577,0.9923749099371391,1.6228995816506224,0.9890379746926777,0.8116537509991146,0.17738422369356313,0.0,0.0,0.010962025307322118,0.0,0.5,0.5,0.5,0.5,0.20354908809927438,,,0.4023874260919753
B000649,4090.8895110724175,10.516425478335263,17.440884014595035,15.667931979977418,0.0,0.27197922759653603,0.018704266651392278,0.19120236548049482,3.4661493905564256,1.4567291917192806,0.0,2.4493976256364447,2.229766483017353,0.9143827874057585,2.5771316967803966,0.6704061282327355,0.5318867050009284,0.138519423231807,0.0,0.0,0.32959387176726446,0.0,0.0,0.0,0.0,1.0,,0.26079986935586313,,0.1858426376147888
B000650,3662.758255206151,5.91721850598732,16.668013540987232,7.359363121651629,0.022973931351893982,0.3262815692956974,0.010457939019395431,0.21022525806034112,1.514745782133214,1.047384691342588,1.3081268270502409,0.23736220596592494,1.5295739759750189,0.2800250235203336,2.2271520911876457,0.5610175412315943,0.5209037266537229,0.040113814577871464,0.43550169132847116,0.0,0.0034807674399346283,0.0,0.0,0.0,0.0,1.0,1.2713755573398569,,,0.18696941873279815
B000651,7643.234325848329,3.862169947371566,10.178581741457775,5.51614073614714,0.0,0.38065909235113526,0.014133590675582418,0.046332774743305674,0.44556962017244084,1.6685091725707029,0.5454205794356377,0.30317097898920464,0.0,0.8994995962035788,2.5508866003626354,0.38334117782325866,0.24211989888735158,0.14122127893590714,0.43201340057710863,0.0,0.18464542159963235,0.0,0.0,0.0,0.0,1.0,0.6752941013946998,,,0.18696941873279815
B000652,2849.7962219307365,8.822898519909401,18.766708494558717,12.60760222068383,0.0,0.39411910233068026,1.7883097699885404,64.66924981907346,0.8002362261544128,0.676124040493638,1.2242526558217157,2.2426974526190535,0.8272534420627681,3.052334702757811,2.2424432738702746,0.7745695420353228,0.5203789891735537,0.25419055286176895,0.21539142630134978,0.0,0.010039031663327194,0.0,0.0,0.0,0.98,0.98,,,,0.18816800894164298
B000653,4200.976626799049,3.5631693187438924,14.40043592008371,6.5817711625395905,0.14405001267174578,0.5382209802502109,0.800301677892127,17.8851468905168,1.5480457055173198,0.14937991064862655,0.0,1.0075122867871746,0.36878772488557054,0.4894436909052001,2.354404890038713,0.5595013555335429,0.4560014396172323,0.1034999159163106,0.23247882320672905,0.0,0.20801982125972796,0.0,0.0,0.0,0.0,0.6,0.522845950163362,0.3417803903928638,,0.18877684261687888
B000654,4493.0585281912845,5.200299222443617,9.897593645331263,5.897096415074284,0.14221486678699904,0.2671510938380885,1.1129776607907098,40.17475784298164,1.9165357135018757,0.6103893988874115,1.131965368476115,0.14705739128386275,0.8710657256238353,0.5232856246705174,2.4847510846890866,0.6400256142881761,0.522649791709915,0.1173758225782612,0.0,0.0,0.3599743857118242,0.0,0.28,0.28,0.28,0.62,,,,0.3110513158581213
B000655,5032.8533070817075,1.4081850327592913,11.435548784611859,2.851884347237939,0.08890166000723516,0.2885587007458638,0.17031478076864595,6.179353408420863,0.2618667891988903,0.251011551476308,0.020952502086797987,0.33706018772159196,0.37151546707303423,0.16577853520266891,2.4085012908047356,0.7573910737240892,0.07595562032301505,0.6814354534010741,0.0,0.0,0.2426089262759108,0.0,0.5,0.5,1.0,0.5,0.7390729293736669,,,0.4052417822251656
B000656,2636.196560713506,4.927470206941133,12.247451250043042,6.439830654595528,0.0,0.20425675744452357,1.1104914173228408,40.16167294375428,1.38382188839538,0.503836691885128,0.0,0.8337632643646788,1.464805444443038,0.7412429178529072,2.2381443117219453,0.719161794941744,0.31330983118277106,0.4058519637589729,0.0,0.0,0.2808382050582558,0.0,0.0,0.0,0.0,1.0,0.2940872587815458,0.29210976251320264,,0.18699916418064566
B000657,4424.084861617679,6.9780518322045415,10.916364027691921,15.788136926643357,0.13592404140065392,0.5773370109807127,0.013003501633035638,0.28997808641669476,1.6053705719797084,0.8378218781420191,1.104410551577657,2.5171651542864018,0.4133618912775566,0.4999217849411971,2.664968568726405,0.4062846264545065,0.1279501462266524,0.2783344802278541,0.3607260614874462,0.0,0.23298931205804713,0.0,0.0,1.0,0.0,1.0,0.27521823291697395,,,0.1858426376147888
B000658,9326.333580446068,5.299053170707993,13.639703238668991,7.604641984238784,0.051917267732006916,0.31499659147275616,0.01611020214280552,0.055012128602428406,0.4655381193549581,2.0412250505082192,0.0,0.4695187926528007,1.7310614397153887,0.5917097684766263,2.6522396473479866,0.4719160511205259,0.4719160511205259,0.0,0.3852056178246455,0.0,0.1428783310548286,0.0,0.0,0.0,0.0,1.0,0.7980571399584183,0.452124124868105,0.7016237145407552,0.18696941873279815
B000659,5100.040690252398,10.179721936631534,12.780725680034134,13.38154410660026,0.02764805524000772,0.25712827112257647,0.022041193555978382,0.4203589979223881,2.1724068325759682,0.3356544071794452,1.180101144228575,0.7590398743109602,4.340831927389007,1.3916877509475758,2.046230935857163,0.7838375456068546,0.7092736352136276,0.07456391039322693,0.0,0.0,0.21616245439314521,0.0,1.0,1.0,1.0,1.0,,0.41613306548255,0.23526590714079698,0.6061389938239665
B000660,26661.66627807443,5.341948763388986,13.939009287527945,1.3606487973549761,0.3508316917561633,0.4292298463244034,0.04860248084222898,2.2551551110794246,4.368583353266952,0.23931166899002265,0.08046963725103809,0.0,0.11358734881882274,0.5399967550621502,1.4834819054890265,1.0,0.9849362768504002,0.015063723149599686,0.0,0.0,0.0,0.0,0.0,0.0,0.0,0.9,,,,0.18699916418064566
B000661,2048.1422827620613,1.276896685013754,7.694299610464765,3.338979990427343,0.08264018368207902,0.19007706037110356,0.46562977718859666,16.77127724414478,0.25451089384031306,0.0,0.04152498778523206,0.6138782514901088,0.21268782313348403,0.154294728764616,2.1821302355218615,0.7399686339788408,0.2592106692234569,0.48075796475538385,0.0,0.0,0.2600313660211591,0.0,0.0,0.0,1.0,1.0,0.9693485112603791,,,0.18877684261687888
B000662,5156.756860393433,7.742878168758909,12.93278280829769,5.7034201752059435,0.02666857920260439,0.36092664568312255,0.021436564094366367,0.5211528320646329,3.6205686182745787,0.1336726907602013,0.11467075361660685,0.4033015538709453,2.3969972997073925,1.073667252529186,2.7829510464577325,0.49875398057949216,0.12228291340497419,0.37647106717451806,0.0,0.0,0.501246019420508,0.0,0.0,0.0,0.0,0.5,0.7574503446109342,0.16934383973416184,0.19657763694790042,0.18699916418064566
B000663,1954.285875247251,1.748019566410779,9.46289618256869,3.668647916825854,0.07275022847182763,0.4594906911327741,0.37296289612824995,13.438541119536131,0.5108275318527811,0.3711346483884434,0.12235910254325764,0.5006261697484516,0.027902831165963662,0.2151692827118817,2.7327340409736975,0.4131228437110337,0.4131228437110337,0.0,0.2823159193492298,0.0,0.30456123693973663,0.0,0.3,0.3,0.3,1.0,1.0575441287781,,,0.32025669999791706
B000664,7101.605988838236,1.5944333158595052,9.140296577789366,3.0040420022830827,0.07694310653861419,0.32547596645610843,0.5009730745453946,18.13972562826044,0.2740792019738299,0.0,0.030502818822547115,0.9981011034682314,0.11842253526574707,0.17332765632914957,2.188934422285503,0.8281024366164332,0.7538299448867245,0.07427249172970868,0.0,0.0,0.17189756338356682,0.0,0.0,0.0,1.0,1.0,,,,0.18877684261687888
B000665,1401280.618531499,2475.7608101263236,3978.0173108488007,5195.186382446758,0.00012826119494745083,0.43293605433512133,0.01836395364308729,0.17603725538481202,3.4320800415375583,0.805827487775841,2467.0039592485787,3.7652080246575026,0.0,0.7537353237738729,2.6632308350669036,0.0034290942286643172,0.003103607418920881,0.00032548680974343576,0.99646296571061,0.0,0.00010794006072568449,0.0,0.0,0.0,0.0,1.0,0.14916989897102526,0.2166128422677318,,0.1858426376147888
B000666,4073.188951671354,2.3530843163901527,9.95341426779767,2.11749419606557,0.18411355011064942,0.40237627803308557,0.738360532742119,34.67421116531425,1.2374667746176644,0.2646637207084368,0.02760296494225914,0.0,0.5834191597306535,0.23993169639113818,2.415756182436064,0.7172030447833581,0.34505919966830817,0.37214384511504967,0.0,0.0,0.282796955216642,0.0,0.0,0.0,0.0,0.6,0.7654760280014463,,,0.18877684261687888
B000667,11552.46102092823,6.4466858375715566,10.812716649176284,10.693133110409063,0.05858337329026509,0.42882073413385113,1.6652670074027642,59.59625167703215,1.0033456199806152,1.7273648056414912,0.9318394568588703,1.784257899019684,0.12864243107486473,0.8712356249960302,2.378170383667063,0.4467912794718608,0.17001993618397263,0.27677134328788816,0.4124916785928061,0.0,0.14071704193533302,0.0,0.0,0.0,0.98,0.98,0.27110053592737055,0.27057249568577924,,0.18816800894164298
B000668,20596.661011261334,4.732688651484682,15.022105220412364,7.073667594283248,0.0,0.11669771742239576,0.016536694134339166,0.3155981059930615,1.4044411017459288,1.3740317458888445,0.0,1.6720326393412237,0.0,0.28218316450868614,2.4702291414023096,0.6994595008238126,0.14072278023184553,0.5587367205919668,0.0,0.0,0.30054049917618797,0.0,0.0,0.0,0.0,0.95,0.5287397169679086,,,0.18696941873279815
B000669,24674.946287783685,7.506828806748915,16.99508969021425,7.384688383531906,0.0,0.2978292178592337,0.01686821097784374,0.37616110480591547,2.586920150591042,2.216763137797793,0.0,0.4459543235488149,1.8038623821665325,0.4533288126447326,1.824376333713551,0.9911304718584244,0.7508342790712925,0.24029619278713188,0.0,0.0,0.008869528141575595,0.0,0.0,0.0,0.0,1.0,0.47103409059957235,,,0.18696941873279815
B000670,2112.84443541896,1.9138083654157247,9.079236592066387,1.711048165464615,0.0,0.4076870967664628,0.36121515551728495,8.064966992736387,0.8639082719216706,0.6250291289792274,0.0,0.24424576397274486,0.0,0.1806252005420821,2.3757185055288077,0.750447742256611,0.750447742256611,0.0,0.0,0.0,0.24955225774338904,0.0,0.0,0.0,0.0,0.92,0.9873057153117574,0.3561786453894516,0.5121253830660445,0.18877684261687888
B000671,1269.1267132918565,3.3136467709970145,9.33821829854138,2.723358855643655,0.0,0.13500835584880702,0.9460176328263215,44.46282874283711,1.1825220410329018,1.0098473095593177,0.06908138910402047,0.44195285706964454,0.23138102193513632,0.3788621522959943,2.6350405308378844,0.6056837520775957,0.30092969126517133,0.30475406081242434,0.020847541659739177,0.0,0.3734687062626653,0.0,0.0,0.0,0.0,1.0,,0.3027509741279778,,0.18699916418064566
B000672,13812.10628248516,4.003509067387003,7.955904111336513,3.3534708873050154,0.0,0.08705010494537022,0.010588549213852883,0.23612464746891926,1.3072282980065286,0.3399722992207173,0.0,0.0,1.8858704340460721,0.4704380361136846,2.826647413724079,0.5663255057932834,0.09527113766194412,0.47105436813133933,0.08491857855154286,0.0,0.3487559156551737,0.0,1.0,1.0,1.0,1.0,,,,0.6061389938239665
B000673,13210.155999326695,8.800903397286273,16.596060922359733,11.471160380874597,0.0,0.26173520635368075,0.008767983005839471,0.14072103976576883,3.1597672244446837,0.29388249668845856,2.209562864758401,1.4401689552266872,0.6653813730091312,1.0321404831589118,2.310262078026659,0.9652675376909557,0.4749640997138081,0.4903034379771478,0.0,0.0,0.03473246230904424,0.0,0.0,0.0,0.0,1.0,0.3532226741612631,,,0.1858426376147888
B000674,3442.5795304621606,1.5313965882838794,9.3422300498821,3.303169090524257,0.6393969358361233,0.433,0.47927541633903653,17.318865433114414,0.2620701680768041,0.0,0.0,1.099477179737632,0.0,0.1698492404694432,1.8921075370532263,0.7966734292131853,0.7966734292131853,0.0,0.0,0.0,0.20332657078681476,0.0,0.0,0.0,0.0,1.0,0.930808029651929,,,0.18877684261687888
B000675,5702.494155398075,5.731149904922689,10.163432098425625,5.06869974654781,0.0,0.1408644351458308,2.8383849842659847,102.70835993047922,2.6053044860696914,1.6913459172880427,0.0,0.9566074926036644,0.0,0.47789200896128775,1.63783942833167,0.9811068538946701,0.6859922703736062,0.2951145835210637,0.0,0.0,0.018893146105329776,0.0,0.0,0.0,0.0,0.98,0.42046327752318474,,,0.18816800894164298
B000676,3856.7954526959297,6.06414379354706,15.8232123354625,11.515884774027016,0.0,0.4184833233854005,0.027018953225765908,0.32330866628932703,1.8939523986631288,0.2635797479647723,1.061781237033863,1.2260292915043116,1.214997005456725,0.4038041129242577,1.5681683689191004,0.9897764595632318,0.5872420903158259,0.4025343692474059,0.0,0.0,0.010223540436768073,0.0,0.0,0.0,0.0,1.0,0.1274712986788796,,,0.18696941873279815
B000677,548.0821061393783,1.151432996091131,7.184423114039713,1.8847674317217058,0.0,0.4007515535270711,0.6234890591768669,22.532471170930457,0.40171137818461594,0.0,0.03973664648919618,0.4383860491088087,0.027647494741408377,0.2439514275671016,1.948543269754551,0.9479428061275386,0.9134322035791543,0.03451060254838415,0.0,0.0,0.05205719387246147,0.0,0.0,0.0,0.0,,0.35464870232729717,,,0.18877684261687888
B000678,14178.061714110412,8.996232052100515,13.412424307751577,12.26885561361595,0.08821881099273131,0.41145359056125624,0.018059256295976128,0.19543921166144584,3.9660254983726912,0.6967327062589826,1.3192904909227516,2.246864040346654,0.0,0.7673193161994366,2.4667931647115484,0.5481869610159894,0.4707397917762516,0.07744716923973784,0.0,0.0,0.4518130389840106,0.0,0.0,0.0,0.0,1.0,,0.2877160467181364,,0.1858426376147888
B000679,6050.602753296816,1.9968985984477943,9.444604276779444,3.0474145349632997,0.05905621836393452,0.4017827758223231,0.6852783562927214,24.731990034355416,0.5597813948066499,0.0,0.051892802327561806,0.8871513254447957,0.1970736428414419,0.30099943302734544,1.465145828340145,0.9670784268624288,0.941091728104716,0.025986698757712843,0.0,0.0,0.0329215731375712,0.0,0.3,0.3,0.3,1.0,,,,0.32025669999791706
B000680,5786.327701827233,11.45807465708363,16.731357336593113,15.193977050334746,0.32946900451292227,0.23300749070233195,0.016757483167561912,0.48904137234595974,6.183301148599762,1.3189852324258926,0.5720787637320822,2.7209852757337623,0.0,0.6627242365921332,2.876726292900704,0.46035426250455536,0.34524022529495596,0.11511403720959937,0.0,0.0,0.5396457374954449,0.0,0.0,0.0,0.0,1.0,0.20258028511917855,0.1861651399645147,0.48065649376993913,0.1858426376147888
B000681,3084.069974969487,3.27395963372557,12.674758221396528,3.970522931575847,0.0,0.4621016440281786,0.0089739583669928,0.2636171808744627,1.5821906028701174,0.46235320383771483,0.3536631006368517,0.6217996384703373,0.0,0.25395308791054855,2.8408535567089386,0.3710016598888239,0.07305579364820362,0.2979458662406203,0.14122141246793093,0.0,0.48777692764324504,0.0,0.0,0.0,0.0,1.0,,,,0.18696941873279815
B000682,1676.7674741693136,4.45948796321626,8.156800850627251,4.790117885588765,0.0,0.24,1.4593595513104176,52.82467678625508,1.9086910271168693,1.5180867279860677,0.0,0.5104929897173724,0.0,0.5222172183959496,2.922058265701179,0.5012195737805587,0.16080230154933214,0.34041727223122664,0.0,0.0,0.49878042621944113,0.0,0.0,0.0,0.0,0.98,0.29560020205642606,,,0.18816800894164298
B000683,15035.72782473253,3.2314050773119556,17.836808608360574,2.761027913980588,0.0,0.28497611617095037,0.5008691536584858,18.10727354686693,0.27503322011685993,1.3452959477058133,0.20766075514025703,0.0,0.16888282210772448,1.2345323322413013,2.605289117701501,0.4968595105960435,0.3803332416080622,0.1165262689879813,0.4163191910389946,0.0,0.08682129836496191,0.0,0.0,0.0,1.0,1.0,0.7119596524324932,0.30845162259147374,0.5385981497485136,0.18877684261687888
B000684,4174.737950244076,6.668910463648684,13.17874765039674,15.283218332945479,0.4974074486577577,0.36500000000000005,0.015713228966295904,0.31463160993932354,2.8372230174250004,0.19656411243195093,0.0,2.629622107668131,0.5322375995347837,0.47326362658881765,2.799408066799771,0.5450850410432545,0.4652762623175634,0.07980877872569106,0.029474696579507995,0.0,0.4254402623772375,0.0,0.5,0.5,0.5,0.5,,0.20358262442757677,,0.4023874260919753
B000685,13103.294688297334,12.326711842236438,16.462213115821772,19.28219017491441,0.0,0.25559792147592947,0.014305366119112027,0.5456380213250736,3.9315432238193986,1.2670605522609948,0.8349204835305328,2.0016579019956615,2.8058775645353715,1.485652116094478,2.306304013328056,0.7056983688750876,0.21289898356148465,0.492799385313603,0.0,0.0,0.2943016311249122,0.0,0.5,0.5,0.5,0.5,,,,0.4023874260919753
B000686,10845.854666625048,6.201174766509461,14.665350812516749,4.0977483125267335,0.0,0.24,0.026906317147702342,0.47057327111868996,3.003744174503003,1.2498025374909632,0.0,0.0,1.4997865802144752,0.44784147430102084,1.9347520324282736,0.7542572344377493,0.5527143680375403,0.20154286640020894,0.24185523496520972,0.0,0.003887530597041071,0.0,0.0,0.0,0.0,0.9,0.9948122926113492,0.4830380893801366,,0.18696941873279815
B000687,5313.079295604525,3.5444158076080887,9.063587803126737,1.1754943950248904,0.1426253521728555,0.4807683624357003,0.01247026970927326,0.4206172831345771,2.5221832435761655,0.15210336704837213,0.0,0.14545726791640054,0.0,0.724671929067151,2.274278419136221,0.7356056123412985,0.6945671801110347,0.04103843223026387,0.0,0.0,0.26439438765870166,0.0,,0.0,,0.5,,,,0.18699916418064566
B000688,11063.599598035787,8.312246129253033,14.590945247708868,8.953433181507283,0.12986694214726277,0.09777299008746725,0.010863965717232372,0.5040880092795821,3.2507157402496674,0.25875280549244634,0.0,1.2605741389287786,2.83956918186618,0.7026342627159607,1.6626528009619632,0.9616668040413635,0.9616668040413635,0.0,0.0,0.0,0.03833319595863643,0.0,1.0,1.0,1.0,1.0,0.11547793041960035,,,0.6061389938239665
B000689,3221.0627643586763,5.96493104510866,11.848965378974652,7.296415358967548,0.16410799485426567,0.2237541389714565,0.017729310031876118,0.41093868387082055,1.3867727380995878,0.4211348162567946,1.3754715406149274,0.3399622157105574,1.6894061729888181,0.7521835614379754,2.0824755144648637,0.8884560097290923,0.37463989175116624,0.5138161179779261,0.07060179121469175,0.0,0.04094219905621607,0.0,0.0,1.0,0.0,1.0,0.16740803891529393,,,0.1858426376147888
B000690,933.3316006878819,2.462616360654042,4.034060079608274,4.886545907381998,0.5072828982529579,0.4673872495454658,1.7528549503290787,63.39402936470221,1.04682445456304,0.0,0.0,0.6135125125647367,0.1372021258932099,0.6650772676330555,2.668970638247886,0.6090202025412511,0.6090202025412511,0.0,0.0,0.0,0.3909797974587489,0.0,,0.0,,0.98,0.2181229388854214,0.37421401945693394,,0.18816800894164298
B000691,575.2283960263485,1.5298627553892248,6.394686546747944,1.7952398579790954,0.0,0.26297135714146624,0.49491534722147623,23.220564417123907,0.6803316097018354,0.0,0.10514509613230374,0.4488697958053404,0.0,0.2955162537497453,2.8231667113420538,0.4652891315462019,0.17188386089423438,0.29340527065196764,0.0687284501579705,0.0,0.4659824182958276,0.0,0.0,0.3,0.0,1.0,0.7580104668148617,,,0.18877684261687888
B000692,3298.2709747007502,2.060131776827452,9.044103793238142,1.8641055283138952,0.0,0.25788369619493273,0.6936572107755691,24.981796846410557,0.5490276292104469,1.0718612731050554,0.0,0.14081589749002096,0.0,0.2984269770219287,1.9414104098572302,0.846983860219526,0.846983860219526,0.0,0.0,0.0,0.15301613978047401,0.0,0.5,0.5,1.0,0.5,0.7280730053224121,0.3507588149893086,,0.4052417822251656
B000693,2908.777284636658,1.8900437197119284,8.700037683195202,3.0189890872308367,0.0,0.432611824388956,0.5804192627359184,20.97691108612683,0.3186004900680323,0.6308220648495337,0.06839371772122106,0.376314243911361,0.21689599660299705,0.2790172065587835,2.5909139822634515,0.49767164377431833,0.2985681838984183,0.1991034598759001,0.33376056768976786,0.0,0.16856778853591384,0.0,,,,1.0,,,,0.18877684261687888
B000694,6157.666688991,3.2614760005248944,7.098963783470233,4.2414772443394675,0.22881589648537165,0.3884489485036581,0.9825855942551517,21.929422519365886,1.3717375043247186,0.3562050182284621,0.0,0.8188961825464344,0.07508176512358004,0.6395555303016988,2.7417005960216607,0.5794120502177681,0.4701961558892079,0.10921589432856024,0.0,0.0,0.42058794978223185,0.0,0.2,0.2,0.2,0.98,0.42655057552217557,,,0.27637726888891634
B000695,30349.587903550517,9.19963258670825,14.867460132624107,15.486838774863976,0.30013291231144607,0.12879809321901295,1.4264816409991679,66.8873945414464,1.9901609670013705,1.010763923717279,0.0,2.6210152060238334,2.368716543025543,1.2089759469402244,2.238151612142545,0.7358245191391549,0.34105015228146596,0.39477436685768896,0.0,0.0,0.2641754808608451,0.0,0.19999999999999998,0.19999999999999998,0.19999999999999998,0.98,,,,0.27637726888891634
B000696,15486.862119588817,9.76473021411653,15.886505108350228,17.808980767995326,0.0,0.4622341655673476,0.01172678198355892,0.12048523738263235,3.1714393202437443,0.3518884311241974,1.0436959048174217,4.0817697875548395,0.0,1.1159367703763252,1.7814381005680464,0.9296283916692959,0.859218003251419,0.07041038841787692,0.0,0.0,0.07037160833070406,0.0,0.0,0.0,0.0,1.0,0.24383906331672153,0.23629867801605067,,0.1858426376147888
B000697,2952.93869516756,1.5363884990465975,5.0837378324703,1.9182593238285528,0.0,0.46733916921111174,0.010602350381691945,0.20069763128213156,0.3348128604154634,0.4532756960252974,0.0,0.17013117825838775,0.0,0.5781687643474492,2.368247890633035,0.7709334712062362,0.6601989933290834,0.110734477877153,0.0,0.0,0.229066528793764,0.0,0.0,0.0,0.0,1.0,0.9742716752346003,,,0.18696941873279815
B000698,22367.48680659946,7.384445957939736,11.51684098549142,9.761199305163329,0.0,0.2602019833667769,2.410233709064638,53.75867369512926,2.2562693678497787,1.4492933966244914,1.3659871355215039,0.9349355293180552,0.799540091420189,0.5784204372057183,2.0612513392860303,0.9789104054341444,0.6743738835537535,0.30453652188039115,0.0,0.0,0.02108959456585549,0.0,0.19999999999999996,0.19999999999999996,0.19999999999999996,0.98,0.20206183771351935,,,0.27637726888891634
B000699,8964.110247942177,9.119135552331818,13.412656952385772,15.667237292678246,0.07279372982713793,0.4046953321716823,0.028880555634562016,0.5646416510584533,2.335319204212596,0.0,0.7691592595335738,2.130112765288819,2.6784247958073983,1.2061195274894296,2.013511989142019,0.7664128630323805,0.6820672301464986,0.08434563288588194,0.2335871369676193,0.0,0.0,0.0,1.0,1.0,1.0,1.0,,,,0.6061389938239665
B000700,12610.82679627417,6.372322787404836,13.017919581664692,9.948575857534369,0.0,0.1399237231003324,0.01727715593957072,0.3164144281861489,1.5972579967074076,0.9955188900129783,2.4836251436381067,0.9077489018709644,0.0,0.3881718551753795,2.0180681548847232,1.0,0.31157082246478046,0.6884291775352196,0.0,0.0,0.0,0.0,1.0,1.0,1.0,1.0,0.3947272403726844,,,0.6061389938239665
B000701,22156.799141303032,5.441257156508604,11.58924630642571,5.430704824145445,0.15654271573565515,0.3266602858456328,0.021790415206782706,0.8890392057592448,2.688075612048343,0.5385868194532002,0.9818712751752786,0.5834866580353139,0.0,0.6492367917964662,2.890834563915857,0.47876615133804346,0.19108301338192296,0.28768313795612055,0.0,0.0,0.5212338486619564,0.0,0.0,0.0,0.0,1.0,0.2398405393920138,,,0.1858426376147888
B000702,59543.3368544627,13.27314686902869,18.78616394501681,11.688046038700305,0.0,0.289680950277363,0.013271762182885012,0.23785928814901375,6.367832181128948,0.6577345217713673,0.0,1.6446255393033464,3.9499753819900176,0.6529792448350095,2.665126087889384,0.5050325154337572,0.38112628916115515,0.12390622627260192,0.0,0.0,0.494967484566243,0.0,0.0,0.0,0.0,1.0,0.15630390122629834,0.17070118669636256,,0.1858426376147888
B000703,1522.6345699655446,1.893824091996946,13.348858480617956,3.314194942791613,0.034931535778350016,0.3700465434753908,0.5855275453419445,21.196097141378395,0.6341003650260796,0.0,0.028559977139230204,0.940412267112569,0.13453145125115137,0.1562200314679163,1.8802617233393177,0.8030298856170921,0.8030298856170921,0.0,0.0,0.0,0.196970114382908,0.0,0.0,0.0,0.0,0.6,,0.3793361776112569,,0.18877684261687888
B000704,77083.34107398424,17.034992502537953,33.189968918224324,10.173311726531619,0.3228221425884349,0.43300000000000005,0.07193165123174558,3.2527054479843924,13.588929596878671,0.0,0.0,2.1330191440730624,0.08798276157523065,1.2250610000109894,3.276176344925519,0.17952384864553786,0.17952384864553786,0.0,0.005164825377065623,0.0,0.8153113259773965,0.0,0.0,0.0,0.0,1.0,0.1143163021336717,,,0.18699916418064566
B000705,7102.144679165981,6.138413724430407,11.822243443677968,13.135061194622617,0.26581513197485845,0.46068562105148275,1.4439694717983347,67.66080427224144,1.882091097414194,0.16250318920261053,0.855377548997788,1.9644913775503172,0.23492417963830797,1.0390263316271888,2.4226031986707355,0.6329959888042687,0.3373696476887884,0.29562634111548025,0.0,0.0,0.36700401119573123,0.0,0.0,0.0,0.0,0.98,0.2930080347398957,0.393776198271322,,0.18816800894164298
B000706,2657.7145872994647,5.6069928002098415,9.075376911144122,10.777274654790546,0.09623484212051574,0.5153355735858277,1.2442858414196876,44.90756564179238,2.055535391714198,0.0,0.9043071371339848,1.9420143015052347,0.14108622547562547,0.564049744380797,2.2931993010415317,0.699752176588143,0.1921143856973296,0.5076377908908134,0.0,0.0,0.30024782341185674,0.0,0.28,0.28,0.28,0.7,,,,0.3110513158581213
B000707,7974.422555580969,5.820746390935014,19.184905046299686,8.693452173899974,0.0,0.3287410809370917,0.02380952001270905,0.35933685290780765,1.3090254342777496,1.0853246993989567,0.5281034487564787,1.1576320132561595,1.466069068022768,0.2745917272229005,2.3088895815690296,0.7487827053574266,0.2892083358983498,0.45957436945907676,0.0,0.0,0.25121729464257336,0.0,0.0,0.0,0.0,1.0,,0.32015168518868,,0.18696941873279815
B000708,5466.904758271229,1.363657959159698,10.63842458712061,1.6884219837484278,0.0,0.09013440149259505,0.4583548618374797,16.5561058637403,0.5414671733572514,0.0,0.03119234069535772,0.3800099309352187,0.22619341499190643,0.18479509917996376,1.4845341607478917,0.9302408609397183,0.9073668400125211,0.022874020927197026,0.0,0.0,0.06975913906028178,0.0,0.30000000000000004,0.30000000000000004,0.30000000000000004,1.0,,0.40503424477733146,,0.32025669999791706
B000709,3266.173739411281,6.150986326574917,10.774563222820204,4.838882453373025,0.0,0.24,2.1564808025401287,101.34643413935169,2.9298521397870605,0.0,2.1011658690885753,0.4999319132563844,0.0,0.620036404442898,2.2111293289329987,0.5439925711876048,0.5439925711876048,0.0,0.42287490887552354,0.0,0.033132519936871684,0.0,0.0,0.0,0.0,0.98,,0.4542031482567746,0.34622093780351687,0.18816800894164298
B000710,12454.093439604598,3.590110533180916,8.256918500290132,1.4582519600852148,0.034721316820121216,0.2803809427296268,0.01149204497139416,0.4468244937794426,2.240221555318489,0.0,0.12817752012553774,0.5342117039539169,0.2219988053051239,0.46550094847784784,2.4116063761054227,0.7406415937585956,0.5918406866509823,0.14880090710761312,0.0,0.0,0.25935840624140444,0.0,0.0,0.0,0.0,0.92,,,,0.18699916418064566
B000711,5107.962679588223,9.0889015651036,19.61230682406635,13.186166816242519,0.350648862275575,0.29335729813104167,0.01148461499322709,0.3438980106116958,4.426196948781734,0.4044096507453684,1.667078361654494,1.3190661766604346,0.6182236483696022,0.6539267788919643,2.8604757083990373,0.5130107948604145,0.26157204908299264,0.2514387457774219,0.0,0.0,0.4869892051395852,0.0,0.0,0.0,0.0,1.0,0.2280835889964627,0.319152452084115,,0.1858426376147888
B000712,47435.58814869319,12.46992327778475,21.380891732409783,4.620627915668843,0.11438958936942056,0.04819127828681602,0.039956507534315275,1.7616918102186645,9.754301115972082,1.0042935587413389,0.218532993057151,0.5320352980199102,0.27255855213455754,0.6882017598597138,3.2853364544066115,0.18419335106100573,0.10365608259757468,0.08053726846343107,0.03358041557078823,0.0,0.7822262333682062,0.0,0.0,0.0,0.0,0.5,0.10038389014393717,,,0.18699916418064566
B000713,3163.573254120734,5.005653883102427,7.947538400571405,6.336471068093662,0.0,0.365,2.2010115549826588,79.48258208336496,1.0243516219083606,0.0,0.0,3.345656723953454,0.0,0.6356455372406147,1.7334570422405011,0.9784229971714182,0.310047435839186,0.6683755613322325,0.0,0.0,0.021577002828581906,0.0,0.0,0.0,0.98,0.98,0.3692695068560929,,,0.18816800894164298
B000714,4201.52133796459,2.449866669367108,10.063785305332583,4.594615822173265,0.06652999676458991,0.41344057443451043,0.4904987755301089,23.04890572130331,0.6756085046910578,0.0,0.02579081264743647,1.021997550342443,0.47226604147020257,0.2542037602159686,2.3547853206587717,0.7192401181745753,0.10930341815054119,0.6099367000240341,0.0,0.0,0.2807598818254248,0.0,0.3,0.3,0.3,1.0,0.902747447297989,0.28616052423384025,,0.32025669999791706
B000715,3202.796955890109,4.816236023894901,11.270657824495567,7.982264737490096,0.0,0.22500574559019995,0.02629008698983991,0.6958063544965146,2.047681876318427,0.9822759903467843,0.0,0.25908840303030073,1.0640653664256123,0.4631243877737778,2.955276241925501,0.34094569048069967,0.08319993482871842,0.25774575565198127,0.22093297777485174,0.0,0.4381213317444488,0.0,0.0,0.0,0.0,0.95,1.2198150027299555,0.39929027977434056,,0.18696941873279815
B000716,3467.040943410273,2.42450415623096,4.216026532355014,2.6384455414840677,0.0,0.365,1.5800012805437422,57.19251125579945,0.9951763077451697,0.4613941623110344,0.0,0.3563771944741516,0.0,0.6115564917006042,2.4077294991079143,0.6414598654350676,0.6414598654350676,0.0,0.0,0.0,0.35854013456493244,0.0,0.0,0.0,0.98,0.98,0.1761757439257897,,,0.18816800894164298
B000717,23398.918451954847,6.125371322501269,13.060713799589733,10.655351975766106,0.11083061550200665,0.42336345062064873,1.9034290404971606,68.75103633526436,2.129512886866841,0.5125448328023122,0.5116306499098324,1.4538699165096927,0.6249013083844301,0.8929117280281622,1.7911563985529113,0.937681550941991,0.5983109045849528,0.3393706463570384,0.0,0.0,0.06231844905800909,0.0,0.28,0.28,0.28,0.7,0.38967161009788315,,,0.3110513158581213
B000718,4246.37247571141,8.08832852516459,13.477986681507655,14.460084260155158,0.0315107448702279,0.29403992586162275,1.703213753398005,79.96625775706043,2.2251785005593803,0.3841712022285593,1.4816194973660302,2.1134534026796894,0.7957752239358625,1.0881306983950698,2.414989500511127,0.7248901928703374,0.41991135297713417,0.3049788398932034,0.0,0.0,0.2751098071296628,0.0,0.0,0.0,0.0,0.98,0.4599980490961324,0.3770578228842136,,0.18816800894164298
B000719,2855.7789034982484,6.403091711879481,17.952528624665796,10.448700186316437,0.0,0.5412114389986037,0.011915298118358446,0.22112355790701385,2.0856048007477126,0.36134832656952187,0.3978230133388768,1.1613985464388124,1.7246358680179887,0.6722811567665674,2.667872427831111,0.6742815979227117,0.2235564569564468,0.45072514096626487,0.0,0.0,0.32571840207728825,0.0,0.0,0.0,0.0,1.0,0.3042577000137465,0.26368845036237176,,0.18696941873279815
B000720,410.05413523811814,0.9625683925777421,7.121727345386668,1.4666923133864187,0.0,0.021,0.5218566533789754,18.894345505474497,0.3050613426179782,0.0,0.04374981718890637,0.47808949611203116,0.0,0.1356677366588265,1.681627711443867,0.9464770606400263,0.9010259347499012,0.045451125890125156,0.0,0.0,0.0535229393599736,0.0,0.3,0.3,0.3,1.0,0.4723029530372663,0.36259596190186993,,0.32025669999791706
B000721,9850.862724282593,4.7796519768474495,12.245421975010379,7.222928413618219,0.0,0.4103633761238363,0.010340770516471028,0.11374847568118131,2.3621049403106413,0.48093252459971914,0.0,1.4190718628229055,0.0,0.5175426491141834,2.712227494051962,0.5031457715567004,0.2619428271999273,0.24120294435677306,0.0,0.0,0.4968542284432997,0.0,0.0,0.0,0.0,0.9,0.11919340276439282,0.22108879346708876,,0.18696941873279815
B000722,3001.160318811805,6.239418542228285,15.231491656725522,5.26029358649057,0.31259659146566887,0.18681114387430198,0.015844641681035446,0.05479796399172426,0.4745135297487932,0.0,0.47053234174710656,0.0,1.8964496661489,3.3979230045834856,2.4172570551807393,0.9182039958285688,0.6142574576513719,0.30394653817719697,0.0,0.0,0.08179600417143125,0.0,0.0,0.0,0.0,1.0,0.5404416576637222,0.43251641164654864,,0.18696941873279815
B000723,979.7548684598398,2.571535087821102,7.462195276275242,0.0,0.0,0.0,0.009833745824700445,0.21929253189081996,2.246287117317361,0.0,0.0,0.0,0.0,0.3252479705037413,3.498026556436204,0.12648008267284758,0.12648008267284758,0.0,0.0,0.0,0.8735199173271525,0.0,0.0,0.0,0.0,1.0,0.12097497542106701,,,0.18696941873279815
B000724,5465.691881431369,2.753497169486836,12.236865654783294,4.0474378978846755,0.0313391538548826,0.2429097365876668,0.632300475129305,14.061111001254584,0.787315819229486,0.6208547243024729,0.034215264837914795,0.8704356044491207,0.2024147748100864,0.23826098185775554,2.6378961362729334,0.6495190068314473,0.33339897805678825,0.316120028774659,0.012426112224510268,0.0,0.3380548809440427,0.0,0.0,0.0,0.0,1.0,0.5434333840871669,0.36996158978625626,0.5674229498372014,0.18877684261687888
B000725,5523.869686070484,4.3840235603734,30.573748530717722,10.595625640631868,0.0,0.021,0.2051347548614576,7.243574547429156,0.24799434519246435,0.569190974655532,0.0,3.329935236092141,0.0,0.2369030044332628,1.37570404581833,0.8453902609358291,0.8453902609358291,0.0,0.12983300997749483,0.0,0.024776729086676018,0.0,0.5,0.5,1.0,0.5,,,,0.4052417822251656
B000726,5724.803298765392,1.2026897686481917,9.90950296403679,1.0873605494522702,0.0,0.16814111045940716,0.2263023207596913,5.051212508804926,0.311706736416075,0.46673339100026207,0.004793579645221443,0.0,0.2002792471085442,0.21917681447808904,2.7390619168186654,0.6927142755161564,0.1381135334989359,0.5546007420172204,0.003985715826459027,0.0,0.30330000865738466,0.0,0.0,0.30000000000000004,0.0,1.0,0.9938143555031359,,,0.18877684261687888
B000727,7219.145082889903,4.958204040446362,8.187901516422144,1.2380389075596772,0.0,0.809,0.018714042868813355,0.3682927953947509,3.5752293010859875,0.1584689801676387,0.0,0.0,0.0,1.2245057591927349,3.2628036382434686,0.27892654841930853,0.27892654841930853,0.0,0.0,0.0,0.7210734515806912,0.0,0.0,0.0,0.0,1.0,,0.21635919420446334,,0.1858426376147888
B000728,5284.09738283939,2.484295901664029,10.519298616983885,3.9141457682263066,0.19130563119553312,0.4325243487428765,0.6767499083610933,31.804701720218038,0.841962428024266,0.480736995696075,0.027492275040061524,0.5089495446667964,0.18672877586153228,0.43842588237529917,2.5020535300267994,0.661086093866555,0.5748560072017159,0.0862300866648391,0.0,0.0,0.33891390613344546,0.0,0.0,0.0,0.0,1.0,0.9962341697031848,,,0.18877684261687888
B000729,2511.669102244806,1.6141832276637569,12.793010011209773,3.9451894494244715,0.18764905460373607,0.3269381472446381,0.1935862850400014,6.8527962926055155,0.36225936904326017,0.2956977132523956,0.03282144819786129,0.5389335694597382,0.24134176909897825,0.1431293586115236,1.8414242036834167,0.8948531325156291,0.8745199710533059,0.02033316146232327,0.0,0.0,0.10514686748437102,0.0,0.0,0.5,0.5,0.5,0.888916190058623,0.49022683114447235,,0.18877684261687888
B000730,3643.8740628892047,1.5747078923462423,8.201936120825032,1.4477159687186478,0.0,0.4074128845656703,0.5374346028631689,19.409851646224038,0.6699008690327108,0.5058133982172812,0.06985961808180981,0.13581631634654617,0.0,0.1933176906678942,2.799199597149213,0.47890394820272547,0.34829182932783476,0.1306121188748907,0.0,0.0,0.5210960517972745,0.0,0.0,0.0,0.0,1.0,0.4880004886646815,,,0.18877684261687888
B000731,12414.731421961891,2.9907808773697644,12.641182971896544,3.993698846043767,0.0,0.3068919258024035,0.6286684128371135,22.75779654470351,0.7858355160463919,0.9038583543252345,0.0,0.7385917905543189,0.2104067846659836,0.3520884317778349,2.515197386577536,0.737247378438004,0.737247378438004,0.0,0.0,0.0,0.26275262156199597,0.0,0.0,0.0,0.0,1.0,1.0176034571155927,,,0.18877684261687888
B000732,2934.9714643574275,1.8050255008348264,13.29609535313636,3.187242063812483,0.0,0.47535756985796374,0.23683901801403937,11.110143324965568,0.6298187539331863,0.20340731086334163,0.0,0.5285491871548439,0.16750756092796018,0.275742687955494,2.7958188580488286,0.35397529846569503,0.35397529846569503,0.0,0.2928208974944616,0.0,0.3532038040398432,0.0,0.0,0.0,0.0,0.92,,0.3437968116710473,,0.18877684261687888
B000733,3491.522228117783,9.863057141575657,18.567384496981983,13.780884101706949,0.061256820368264686,0.4109833536813259,0.011396285223777662,0.35128754026018416,4.841500985033578,0.0,1.5504918624318984,1.5688018328126172,1.3193219464375294,0.5829405148600355,2.941502066345183,0.5014949710740301,0.21052901927270395,0.29096595180132606,0.0,0.0,0.49850502892596993,0.0,,,,1.0,0.19188582590918757,,,0.1858426376147888
B000734,943.6003953571868,2.7271687727086324,11.219933607184515,5.984894540246019,0.0,0.365,0.42886554390844406,19.86848399871027,1.159031725827777,0.0,0.0,1.3516286753877895,0.0,0.21650837149306612,2.8151586740759953,0.5359438865175604,0.5359438865175604,0.0,0.0,0.0,0.46405611348243975,0.0,0.0,0.0,0.0,0.6,,,,0.18877684261687888
B000735,6820.1566750516695,2.092714536683544,8.46752236030783,2.2020433712818517,0.0,0.48955941146385845,0.6756629617370332,24.458999214880606,0.8445787021712915,0.16194979452205105,0.03736136972743739,0.36948911585836236,0.2264890082489977,0.4528465461554036,2.7057562937641015,0.596419536746876,0.40200674013556104,0.19441279661131483,0.0,0.0,0.4035804632531241,0.0,0.0,0.0,0.0,1.0,,0.31751978957385163,0.6076497474950847,0.18877684261687888
B000736,2349.3733344688526,5.174831133191305,12.25868991103955,4.716988415712654,0.25980119125226503,0.4220709956847569,0.014861980020094158,0.25150108530841636,2.647436092576727,0.10648734684336385,0.9811183737779035,0.5377381054785284,0.0,0.9020512145147825,2.756594361496512,0.4884014522529819,0.4884014522529819,0.0,0.0,0.0,0.511598547747018,0.0,0.0,0.0,0.0,1.0,0.1988660398856927,,,0.18696941873279815
B000737,14421.795979819506,2.9650073971668394,8.281256440170983,0.7046764000854946,0.0,0.488,0.010845017455522766,0.3452518621411362,2.0466698860564763,0.20012809762428044,0.0,0.0,0.0,0.7182094134860828,1.4538505299553992,0.9355889729723271,0.9355889729723271,0.0,0.0,0.0,0.06441102702767287,0.0,0.0,0.0,0.0,1.0,0.09273238484437822,,,0.18696941873279815
B000738,2755.113609636406,6.015531898769446,12.329599682904682,9.944555936418007,0.2520637835903391,0.2981168589925628,1.362390943041913,30.38131802983466,1.7029886788023911,1.2927151533005536,0.035150560095151266,2.4870261631249564,0.0,0.4976513434463927,2.3618019052402435,0.7169013966743724,0.7169013966743724,0.0,0.0,0.0,0.2830986033256277,0.0,0.0,0.0,0.0,1.0,0.5260668087040901,,,0.18699916418064566
B000739,14293.364940025333,10.844738194252908,21.772822892071936,3.2231973782243597,0.04894670243061944,0.2945945919671152,0.03460667798668987,1.525816567818578,8.44828486112682,0.7424849382134419,0.055395118057778,0.6472360456741811,0.4339964422288595,0.5173407889518264,3.361616705895417,0.15251344617882565,0.1073863484545129,0.04512709772431271,0.06846499425932813,0.0,0.7790215595618463,0.0,0.0,0.0,0.0,0.5,0.08168349467518447,0.2153805923633493,0.8277365651626978,0.18699916418064566
B000740,1511.8656390574313,5.006177612772952,14.933881335431067,5.184824163050325,0.10182404075853634,0.3292922133133301,0.013877063502372692,0.23166851823712706,2.0600007280741814,0.6395764089794218,0.0,0.2847687880716862,1.6707929438007656,0.3510387438468964,2.7465046244477347,0.5782432338273389,0.3936023224276518,0.1846409113996872,0.0,0.0,0.4217567661726611,0.0,0.0,0.0,0.0,1.0,,,,0.18696941873279815
B000741,11654.172435878236,8.020765613130237,11.018403630198451,9.516412796891839,0.12409584494905208,0.6229679271021211,0.02137659371926666,0.461098270690962,4.294572998870715,0.6544086208486811,1.1220818998732323,0.0,0.38068601571694943,1.5690160778206603,2.935763012880916,0.43138927225333584,0.43138927225333584,0.0,0.0,0.0,0.5686107277466642,0.0,0.5,0.5,0.5,0.5,0.19676496709182434,,,0.4023874260919753
B000742,8403.967715098888,3.1381507524641106,12.82597755814953,4.722695923688092,0.09175315847605774,0.2858508793384496,0.4014659403976212,18.738796195532146,1.0857911727281253,0.0,0.056580796549879776,1.5703858734339613,0.15841714870104007,0.2669757610511044,2.4454105951338745,0.6515463487703059,0.6335163683732674,0.018029980397038577,0.0,0.0,0.34845365122969413,0.0,0.0,0.0,0.0,0.6,,,,0.18877684261687888
B000743,5753.419564437361,17.867762622476278,34.18974339135894,8.944415675481476,0.07746174455091229,0.41544228586201926,0.046755588476466756,3.1139221925326854,13.832212562132698,0.0,0.0,2.0405340347130094,1.1687981754778325,0.8262178501527336,1.4772945745719188,0.9898705288269253,0.924456733033177,0.06541379579374833,0.0,0.0,0.010129471173074644,0.0,0.0,0.0,0.0,0.9,0.15188213279165658,,,0.18699916418064566
B000744,16429.72314865614,4.488995395807688,7.670026140868456,7.093473375038772,0.12458790412893296,0.4004609354322024,1.6572535468030078,60.00285803267388,1.0076750804882604,0.23775746825727515,1.2486518576146277,0.4325007213404452,0.7022724565809919,0.8601378115260886,2.663431407645046,0.42586268256944965,0.17307267548207067,0.252790007087379,0.331122933933074,0.0,0.2430143834974764,0.0,0.0,0.0,0.98,0.98,0.41022485209403775,,,0.18816800894164298
B000745,7514.750159609372,10.23807923652503,14.11631545088694,12.707340842282248,0.0,0.3897942176820367,0.0236806950792689,0.35893476557846166,4.382243675238048,0.0,1.1314978842114667,3.7015652690501795,0.0,1.0227724080253369,2.3978400857765654,0.5719662278443695,0.4614476571172771,0.11051857072709231,0.0,0.0,0.4280337721556307,0.0,0.5,0.5,0.5,0.5,0.2873256050493902,0.26694133411021004,,0.4023874260919753
B000746,9640.215071627934,10.795313630042479,19.743139034933925,5.5882200934499915,0.04738175432932119,0.45231964081384046,0.011571694169176219,0.2992158091438136,7.655364049979572,0.24021834729085667,0.0,0.25604195500149723,1.8526003767439316,0.7910889010266222,2.0667960393841236,1.0,1.0,0.0,0.0,0.0,0.0,0.0,0.0,0.0,0.0,1.0,0.18577732984533685,0.26335438799328914,0.3374330073917661,0.1858426376147888
B000747,579.5694485868597,1.8399030113868562,12.987420574737751,0.8766320569281473,0.0,0.14611017366908763,0.38297535731325094,13.863707934739683,0.21063644652228802,0.3452745789863335,0.042959559772940845,0.0,0.1683392759648191,1.0726931501404748,2.424835035311979,0.862753553761281,0.6517456167360371,0.2110079370252439,0.0,0.0,0.13724644623871898,0.0,0.0,0.0,1.0,1.0,1.239832518300496,,,0.18877684261687888
B000748,30409.828171005414,7.74772692254915,12.172798254529011,13.948420915784919,0.23325074795584522,0.32348880821871506,3.4864994702023497,77.86591797456316,2.8248516231905243,1.4765950349654275,0.7986245737655051,1.935850608809202,0.0,0.7118050818184897,2.0261878203377552,0.7430567843633599,0.7430567843633599,0.0,0.19058429004098143,0.0,0.0663589255956586,0.0,0.28,0.28,0.28,0.7,0.41030642066638817,,,0.3110513158581213
B000749,2528.9134398037872,1.6593920208686268,11.334580611576822,2.6717727652227143,0.0,0.2893306650983881,0.3206178688352526,15.015370457036658,0.5076292580973455,0.42436396052007336,0.042380033017669516,0.47319464066620165,0.0,0.2118241285673364,1.765975659503537,0.9616461063183926,0.39521055499404445,0.566435551324348,0.0,0.0,0.038353893681607375,0.0,0.3,0.3,0.3,1.0,0.9324983619536583,0.38261695928138884,0.39084121653092674,0.32025669999791706
B000750,17307.218694694955,4.947746911004847,10.097050864720126,11.02198384902436,0.10835247192141473,0.39071096561860363,1.7166879978860643,38.29769398428451,1.2786192940147774,0.0,0.0977799438234119,1.8665093123270882,1.0579963756644992,0.6468419851750704,1.985921646233132,1.0,0.7664035084500345,0.2335964915499654,0.0,0.0,0.0,0.0,0.0,0.0,0.0,1.0,0.5760219278389485,,,0.18699916418064566
B000751,50534.88973595227,12.043586686356594,15.9177940905205,13.248549334142508,0.1734738370425729,0.433,0.01065072759681158,0.23751122540889824,7.033499356385005,0.0,1.7457139327211784,2.1589202774734018,0.0,1.105453119777009,3.1005685377814927,0.2710466144565065,0.2710466144565065,0.0,0.14494967140468093,0.0,0.5840037141388126,0.0,0.0,0.0,0.0,1.0,0.13525806632876178,0.2581496746482608,,0.1858426376147888
B000752,1126.5722612282186,2.253144522456437,5.461209726268529,4.959623909429152,0.0,0.6672840872666717,0.009748570472355297,0.03687850123946477,0.39083634104782217,0.38211900498624285,0.0,0.0,0.9160841008999964,0.5641050755223759,2.1059188109941767,1.0,0.5934197332795778,0.4065802667204221,0.0,0.0,0.0,0.0,0.0,0.0,0.0,1.0,,0.4173409703007866,,0.18696941873279815
B000753,6630.249145372088,4.006192837082833,11.719367180223998,6.440661367921589,0.0,0.5678720201005623,0.019888452965275912,0.3933722038519733,1.6111135935385186,0.7202071488251092,0.9909894782517422,0.0,0.2517213802561781,0.43216123621128516,2.41799874365812,0.5847310156090706,0.5847310156090706,0.0,0.0,0.0,0.41526898439092963,0.0,0.0,0.0,0.0,0.95,0.8126711771309636,,,0.18696941873279815
B000754,8384.764125085003,4.2113330613184345,10.699703008558524,5.597443552302199,0.0,0.29011738005215404,1.0693692543779523,50.033398279449585,1.3297428662924422,0.6784237622614497,0.0,1.5545146158861134,0.1342605315634094,0.5143912853150207,2.375434285768079,0.6163016183017577,0.24717512242697073,0.369126495874787,0.0,0.0,0.3836983816982424,0.0,0.0,0.0,0.0,1.0,0.9154887712146766,,,0.18699916418064566
B000755,566.4573021880074,0.5943938113200496,3.1425174084323104,0.3174703283465494,0.0,0.6238834927063105,0.5443830507083106,19.51399255129652,0.2958558091747309,0.0,0.051907643215246504,0.0,0.03108996879337046,0.21554039013670184,2.962121452006198,0.502256242342624,0.4149275349659972,0.08732870737662674,0.0,0.0,0.4977437576573761,0.0,0.0,0.0,1.0,1.0,0.927787725722914,0.42965093382469305,,0.18877684261687888
B000756,11115.968982257747,5.403971308827296,13.0621588226122,9.242415127576407,0.420334056129325,0.38801691905760216,0.010916846573721243,0.24344567859398375,2.6888784664338035,0.4374313221616724,0.14541670468599271,1.5003000069063723,0.1755982231121717,0.4563465855272836,2.671038779299647,0.4980805568986624,0.3846399943493256,0.11344056254933678,0.0,0.0,0.5019194431013377,0.0,0.0,0.0,0.0,0.5,,,,0.18699916418064566
B000757,687895.9127712002,1427.1699435087141,3771.729009787022,3072.175795635641,7.262464218497841e-05,0.45268178785268376,0.020492375376859405,0.5312968465736291,1.7382882671015711,0.8973058865216323,5.006028345850715,0.8076635638233188,1418.3953152533725,0.32534219204473175,2.334270619428321,0.9987270442246517,0.9975323936099163,0.001194650614735666,0.0,0.0,0.001272955775348295,0.0,0.0,0.0,0.0,1.0,0.863613469366431,,,0.18696941873279815
B000758,2041.5053505642588,5.951910643044487,16.11308889841668,11.586786597459755,0.0,0.33952963465727853,0.02228552977970102,0.6979931274247919,2.31508859457302,0.35500407094470593,0.0,2.629053535062286,0.16571128940708912,0.48705315305738595,2.4193311259413512,0.5837564801649858,0.5837564801649858,0.0,0.0,0.0,0.4162435198350142,0.0,0.0,0.0,0.0,0.5,0.8040162853102704,0.12471207902201013,,0.18699916418064566
B000759,3299.890812707509,1.7837247636256806,7.558190349314068,0.47391491802826735,0.0,0.37610614235511486,0.3595612827384767,16.792764264089183,1.1664669285854572,0.0,0.07903127449262327,0.10234344310522188,0.0,0.4358831174423782,2.5705617991661867,0.6560179318613513,0.5543348015396224,0.1016831303217289,0.0,0.0,0.3439820681386486,0.0,,0.0,,0.6,0.9992389851805835,,,0.18877684261687888
B000760,1566.485164890589,1.6825834209351116,9.158005464264551,3.1061717056076397,0.042930563383031375,0.1796416040935721,1.812062320218546,65.59665599191136,0.3161257364595062,0.37772702318207046,0.019104890319054747,0.616157347555903,0.17890745084652188,0.17456097257205533,1.8694674808957994,1.0,0.5370002768049902,0.4629997231950097,0.0,0.0,0.0,0.0,0.0,0.0,1.0,1.0,0.4857902164578126,,,0.18877684261687888
B000761,7394.493992852723,5.831619868180381,13.39744159065817,10.624303170092132,0.020483448767484307,0.5652559972975785,0.01706370432384049,0.4826725208327065,2.590025783769863,0.07547425203351982,0.03986483759187233,2.125800571674817,0.270349097613407,0.7301053254969,2.7559071365183683,0.45120158061932875,0.45120158061932875,0.0,0.0463591769910344,0.0,0.5024392423896367,0.0,0.0,0.0,0.0,0.5,0.29626752895358116,,,0.18699916418064566
B000762,936.1396365363581,1.6657288906340892,9.6222050890509,3.865698034788311,0.3333423433061427,0.43300000000000005,0.47846211864478766,17.320328694941317,0.5980776483059846,0.0,0.025933300910689728,0.8143702112337762,0.0,0.22734773018363905,2.2378375727645072,0.640951386705963,0.6253826461645068,0.015568740541456155,0.0,0.0,0.35904861329403714,0.0,0.0,0.0,0.0,1.0,0.5363061390649437,0.3545711212138853,,0.18877684261687888
B000763,9322.798746816798,8.127984957991977,15.531636365604134,5.2585476688780295,0.1687100123547064,0.36998514053272585,0.01261566532016689,0.3809552637031915,4.9153913091606425,0.40236486138604416,1.502094745236772,0.31574884630020134,0.0,0.9923851959083148,3.2345078150870075,0.12896386510644575,0.09011674027389596,0.0388471248325498,0.23430894821603043,0.0,0.6367271866775236,0.0,0.0,0.0,0.0,1.0,0.12967520317486506,,,0.1858426376147888
B000764,9629.791017368847,1.9761524763736604,9.407311769854159,2.9115661332070544,0.05041398732847024,0.45421981450018417,0.5975096809273209,28.079264388791085,0.5172297561562691,0.6486456055000792,0.026447850329916516,0.031639789930702086,0.5601004745211425,0.1920889999355509,1.9893495028988093,0.9572214933103682,0.6577809028060778,0.29944059050429034,0.013383506913621187,0.0,0.029394999776010528,0.0,0.3,0.3,0.3,1.0,,,,0.32025669999791706
B000765,7240.168903718667,6.7162976843401365,8.62319032099349,6.367215330983861,0.06334008616971314,0.2074634635775603,0.018049030207500448,0.4528120878922294,1.9683511942470755,1.2383725679215363,2.546106616650266,0.12016580866443113,0.0,0.843301496856828,2.7121667084261256,0.7069291316797162,0.1255604704394041,0.5813686612403122,0.0,0.0,0.29307086832028384,0.0,1.0,1.0,1.0,1.0,0.17395209566258654,,,0.6061389938239665
B000766,921.2662225192179,2.9911240990883696,8.156221784488075,3.8711914112205528,0.0,0.47,0.019448330251646568,0.3946303645644572,1.4206268333458938,0.0,0.3684445823987673,0.9109785087529201,0.0,0.2910741745907882,1.7660995533137,0.9930745834722544,0.5653346941304419,0.42773988934181234,0.0,0.0,0.0069254165277455775,0.0,0.0,0.0,0.0,1.0,0.5022669749169402,,,0.18696941873279815
B000767,7870.498264897968,2.2176664595373254,9.468037153204339,2.7977742376900983,0.0,0.4155700464119276,0.809011071847895,37.973516608977164,0.7823593733082442,0.2729201273937758,0.07784526348581262,0.5684927653943269,0.11336945492200114,0.4026794750331645,1.958925391327131,0.9488789423520191,0.6574293304861366,0.29144961186588264,0.05112105764798082,0.0,0.0,0.0,0.0,0.0,0.0,1.0,0.3726008917138913,0.4095646386073224,0.281792435198519,0.18877684261687888
B000768,4620.940181701415,4.011232796615811,8.814463604645471,5.238403438268755,0.0,0.08627833318550311,1.2867814502975627,46.52219450782558,0.7810461716990256,0.9855760188649243,0.7366173129857415,1.049929531283449,0.0,0.45806376178267033,2.426774843381538,0.5615457598699158,0.2997984157194462,0.26174734415046946,0.18363863438871192,0.0,0.2548156057413722,0.0,0.0,0.0,0.9800000000000001,0.98,0.18897680579360962,,,0.18816800894164298
B000769,14502.81783480383,7.530019644238748,10.00717392707654,3.6876134207838778,0.0,0.34237924279095705,0.02194892254871368,0.9442775962938017,4.441268153107901,0.0,1.594708134521037,0.44778035105883096,0.0,1.046263005550981,3.1383998891268403,0.3962000831548702,0.3962000831548702,0.0,0.0,0.0,0.6037999168451298,0.0,0.5,0.5,0.5,0.5,,,,0.4023874260919753
B000770,988.7466312724426,2.14478661881224,14.360457046841677,3.32038573153257,0.0,0.323828598796913,0.24406479666417155,5.520494022414195,0.6569846623015441,0.16029505355837,0.0663267226801336,0.9563401516677049,0.15994852302829263,0.14489150557619485,2.4396749551609993,0.6150565035283132,0.5403194401055941,0.07473706342271928,0.07457549465544056,0.0,0.31036800181624613,0.0,0.0,0.0,0.0,0.6,0.9832900872663727,,,0.18877684261687888
B000771,5634.167556463017,12.520372347695593,19.610081355485523,30.73293997494101,0.0,0.555206857651082,0.013377748435830424,0.29832379011901844,3.3351949353593713,0.7574708200667969,0.5603391284032846,4.431025091628328,2.3585467617196265,1.0777956105181898,2.1120487092227536,0.914996176855116,0.7266194500117068,0.18837672684340917,0.0,0.0,0.08500382314488412,0.0,0.0,0.5,0.0,0.5,0.2791100060746859,,,0.1858426376147888
B000772,1139.491051612215,3.74832582767176,11.307831850503621,3.5464580649164055,0.0,0.5104533539200489,0.01617514560063224,0.360705746894099,1.6175145600632241,0.2157669406129374,1.2485826025645255,0.0,0.0,0.6664617244310727,2.902877069455071,0.529669535525656,0.19656546187577498,0.3331040736498811,0.0,0.0,0.47033046447434385,0.0,0.0,0.0,0.0,0.9,1.8069146569315004,0.5439644564582101,,0.18696941873279815
B000773,9898.178358418098,6.194104104141488,16.854853932518427,8.342443262288889,0.0,0.40428655872611113,0.027461402351510823,0.9026137731929005,2.6227711656585906,0.32977762108573033,0.0,0.9828022648296323,1.5257044263378863,0.7330486262296486,1.71778301000434,1.0,0.5950170276456468,0.4049829723543534,0.0,0.0,0.0,0.0,0.0,0.0,0.0,1.0,0.91285683249694,0.45334779971259764,,0.18696941873279815
B000774,1366.452142432774,3.960730847631229,13.080456109070823,7.692897553461143,0.0,0.4548465112928802,0.012964320387817424,0.46930839803899077,1.2964320387817425,0.9316588905417799,0.0,1.4083291125027795,0.0,0.32431080580492705,2.9097160852971156,0.3010331551961115,0.3010331551961115,0.0,0.35557304110806986,0.0,0.34339380369581846,0.0,0.0,0.0,0.0,1.0,0.5150962786952542,,,0.18696941873279815
B000775,13552.352549240682,10.353210503621606,18.41694788309547,1.9592730988272746,0.07005287907459497,0.4049943402071095,0.031212770347283706,1.3661747085978673,8.80389445751799,0.23574106901680125,0.08942232236322302,0.15239256540216634,0.21189344984556088,0.8598666394758648,1.956795675121743,0.767029918627735,0.752310565114266,0.014719353513468952,0.008637158718249053,0.0,0.22433292265401591,0.0,0.0,0.0,0.0,0.5,0.10905770349931886,,,0.18699916418064566
B000776,2964.534624863075,1.887036680371149,11.037541516393611,2.1424890906859737,0.0,0.24,0.49415340499701527,17.855507853399352,0.2711803950111157,1.2165207157799491,0.0,0.0,0.2210894640703393,0.17824610550974437,2.638969805396222,0.19939655872401915,0.19939655872401915,0.0,0.6446725325660758,0.0,0.15593090870990478,0.0,0.0,0.0,1.0,1.0,,,,0.18877684261687888
B000777,21899.2141159029,8.134923520023365,20.84694008409589,13.733998669324727,0.2100884075508993,0.1693577853033818,0.018910080347864577,0.5483584658264198,2.41959538220708,0.0,0.1116605965201947,3.8797747353229126,1.1956558712485208,0.5282369347246587,2.184541958239924,0.6749778764942994,0.5279997434724555,0.1469781330218439,0.013726078216390407,0.0,0.3112960452893103,0.0,,0.0,,0.5,,,,0.18699916418064566
B000778,6360.806300503012,4.103746000324524,10.018891802367635,4.392464561283902,0.0,0.6951631981055642,0.030006369632384917,1.096022247342804,2.283275800518371,0.44975200669904186,0.0,0.5896593730038647,0.0,0.7810588201032465,1.9679437877121246,0.9240040265811089,0.9240040265811089,0.0,0.0,0.0,0.07599597341889114,0.0,0.0,0.0,0.0,1.0,1.0184620118150198,0.38574942237627163,0.3616636978483997,0.18696941873279815
B000779,2216.5014167116647,3.4152564202028732,10.101025916151979,4.874387560821207,0.0,0.5568649283147835,0.878627251775533,41.28603847970378,1.0969870381059164,0.12723894573583472,0.0,1.4523136884232621,0.12749300586594048,0.6112237420719195,2.725249719302926,0.6220894547088521,0.6220894547088521,0.0,0.0,0.0,0.377910545291148,0.0,0.0,0.0,0.0,1.0,,,,0.18699916418064566
B000780,18238.62478926489,7.307141341852921,10.012353676691832,14.966477750370062,0.0,0.3165360721648194,0.019972654195523402,0.3587227863883436,1.7974475173579891,1.2372851196439842,1.5375482501920648,2.062115103116051,0.0,0.6727453515428312,2.439704453188534,0.5648632946855485,0.5648632946855485,0.0,0.16932546693153708,0.0,0.2658112383829142,0.0,0.0,1.0,0.0,1.0,0.2544625066903154,,,0.1858426376147888
B000781,5455.226959595048,1.9672654019455638,9.496909296851612,2.188003170287719,0.0,0.10508752585852091,0.5669652696941166,12.618844696946622,0.706795217877157,0.4722903885635217,0.09571865786809589,0.49273923643388173,0.0,0.19972190120290795,2.8145600799338633,0.5862247598758121,0.09568107215425734,0.49054368772155466,0.0,0.0,0.41377524012418815,0.0,,,,1.0,0.8610807689896323,0.3641802802285179,0.6000969501797901,0.18877684261687888
B000782,3402.101222079455,7.000208275883653,11.984193210935615,11.04149082995333,0.0,0.10140366619419514,0.019045806948302452,0.3651307208505015,1.248801033022465,0.0,2.817420286543761,2.3380329406423948,0.0,0.5959540156750328,1.6801516657426268,0.7591378569580802,0.7591378569580802,0.0,0.24086214304191983,0.0,0.0,0.0,1.0,1.0,1.0,1.0,0.2665938322185939,0.2566091111497547,,0.6061389938239665
B000783,6194.998671101442,15.036404541508354,21.535966835819128,20.69445948346684,0.0,0.3087383443877453,0.01188166507027441,0.2649611310671193,3.9901114041966297,0.8791053278478188,3.248127869905875,2.8318967837856057,3.529660683952508,0.5575024718199167,2.30085272378659,0.5084763766210725,0.32014034349772263,0.18833603312334987,0.21601758990584088,0.0,0.27550603347308666,0.0,0.0,0.5,0.0,1.0,,,,0.1858426376147888
B000784,854.156257520476,1.2902662500309305,9.8872481631436,2.9993390941401903,0.0,0.37283983747934313,0.3796722179292982,13.706791292449864,0.20811922026613097,0.21893811068409155,0.04840652370850283,0.44384069783004854,0.19309565359278294,0.17786604394937372,2.1968057050485736,0.7937574360180357,0.4497658778265318,0.34399155819150407,0.0,0.0,0.20624256398196428,0.0,0.0,0.0,1.0,1.0,,0.35598244502148313,,0.18877684261687888
B000785,65866.04492729314,14.356156261397809,32.52374223843363,8.564073604389257,0.18132442221667733,0.41877911864713213,0.062081937077360046,3.9078251899912937,11.664167818851599,0.31092365109646314,0.024900417518292632,1.7450191919162679,0.06937064027797539,0.5417745417372114,3.3870188523294122,0.1767728694431654,0.1551150074475765,0.021657861995588893,0.0065665945730719695,0.0,0.8166605359837628,0.0,0.0,0.0,0.0,1.0,0.10561632792325407,,,0.18699916418064566
B000786,1820.432973481412,4.045406607736472,9.509021239209549,4.2927705054130065,0.007005582592442475,0.4159406860708279,1.1952486429260067,43.268000873921444,1.4940608036575085,1.4312722299847456,0.050603752469365076,0.0,0.25959543069285806,0.8098743909319943,2.9264771516930472,0.2768754003496654,0.20019604194623683,0.07667935840342859,0.3538018223551541,0.0,0.3693227772951805,0.0,0.0,0.0,0.0,1.0,0.7234311019987096,,,0.18699916418064566
B000787,39555.32203459283,13.458768980807358,17.91322864049422,14.915181509883876,0.24218412092808808,0.3763042916035424,0.007832912224960494,0.36344712723816686,6.950476875025586,1.2200312944079466,1.7091075324882725,2.6029711577289563,0.0,0.9761821211565941,1.8101029205422798,0.9844306681790381,0.8937811224332309,0.09064954574580712,0.0,0.0,0.015569331820961914,0.0,0.0,0.0,0.0,1.0,,,,0.1858426376147888
B000788,2173.2238793642546,5.558117338527505,16.134807111877837,5.971064768854255,0.0,0.42723585665932606,0.011650191182098238,0.3982910284242393,2.1787192293916893,0.2575684503390525,0.8641430733328604,0.23360944848842993,1.5258870093649082,0.49819012761056647,2.539421554380567,0.6080112929086003,0.6080112929086003,0.0,0.0,0.0,0.3919887070913999,0.0,0.0,0.0,0.0,1.0,0.27921023254683514,0.31868002573452237,,0.18696941873279815
B000789,3865.9837721346225,1.6236807106823279,12.264590613110709,2.8292723614398807,0.014246624413868578,0.45645298544959817,0.21224520963618912,4.78345514598087,0.5762932625629903,0.2151650935443945,0.01233321729236313,0.5671625823046577,0.0,0.252726554977922,3.0071703900833224,0.12755763252757762,0.12755763252757762,0.0,0.48182359419684834,0.0,0.3906187732755739,0.0,0.0,0.0,0.0,0.6,0.8095894256224071,0.20828166388909897,,0.18877684261687888
B000790,5683.079415165157,6.217811176329493,13.44645798166577,10.558357724033687,0.1654571742315958,0.43341290999234533,0.011607186192372979,0.42018014016390187,2.6513877089176856,0.17586412900055517,0.7240336397659244,1.1084709415438487,0.665786468719592,0.8922682883818868,2.6802505079671213,0.5735818226498707,0.4665045168522668,0.10707730579760384,0.0,0.0,0.4264181773501292,0.0,0.0,0.0,0.0,,0.2559579416103031,0.21034044311734187,,0.1858426376147888
B000791,17231.798662645382,12.238493368356096,24.302572222371992,7.1995191358802,0.0,0.22172356134230967,0.03952945351247046,1.66646906969479,8.626832502374587,0.0,0.0,2.2203275952655086,0.6903752352955987,0.7009580354204006,3.1956088628078905,0.2707422074068368,0.21433205833729238,0.056410149069544474,0.0,0.0,0.7292577925931631,0.0,0.0,0.0,0.0,0.5,0.13348659603813678,0.212722828199234,,0.18699916418064566
B000792,6081.2861898892725,5.265182848388981,10.944015635617632,5.948528200976293,0.0,0.38117565336849996,0.9901372500295752,46.54082262878934,1.714321884467439,1.3873088670656628,0.7545671144103605,0.42161892724902383,0.5073488321309887,0.4800172230655058,2.6356040451750573,0.3835886524881972,0.20715266040023872,0.17643599208795843,0.2634873103201242,0.0,0.35292403719167864,0.0,0.28,0.28,0.28,0.7,,,,0.3110513158581213
B000793,17066.465623580516,3.4972265622091223,10.89555842482951,6.706418060304805,0.0976968471036935,0.4152763256940025,0.012123610353257819,0.03880417361592721,0.3790754562881397,0.5271225151117578,1.149959014466376,0.0,0.9091928935197955,0.5318766828230538,2.4276155969542494,0.8916068348603969,0.15208528053929649,0.7395215543211006,0.0,0.0,0.10839316513960306,0.0,0.0,0.0,0.0,1.0,0.9690319838302854,,,0.18696941873279815
B000794,14545.194509244215,10.308429843546573,18.500154536253344,15.061189598267026,0.08335708761990339,0.42469963778868697,0.01802402120109322,0.7489488980232905,5.1150883630743875,0.0,1.7920938205651569,0.2735589272977574,2.1499916697406003,0.9776970628686706,3.035196751516122,0.3299481794539567,0.09484442128504586,0.23510375816891088,0.17384740913642327,0.0,0.4962044114096199,0.0,0.0,0.0,0.0,1.0,0.2810766462226502,0.2364584289408748,,0.1858426376147888
B000795,2331.2005659420834,6.698852200982998,14.8424807426969,2.499927962749813,0.0,0.1664700805387959,0.009380909782381272,0.27602922441253186,4.348234201998817,0.22115798944625809,0.0,0.0,1.197957042867547,0.9315029666703752,3.1895173872561506,0.34135480409222335,0.1625246094669774,0.178830194625246,0.0,0.0,0.6586451959077765,0.0,0.0,0.0,0.0,1.0,,0.3114253390827106,,0.1858426376147888
B000796,1785.9932926315003,5.478507032611964,9.7758396415094,10.270711293747452,0.0,0.365,0.012501053169980314,0.27877348569056104,1.5433398975284338,0.0,0.0,1.65904036632528,1.80570646082385,0.47042030793440004,2.209251693014668,0.7148045806081745,0.4119774862101034,0.30282709439807115,0.0,0.0,0.2851954193918254,0.0,1.0,1.0,1.0,1.0,0.3121848802403847,,,0.6061389938239665
B000797,2418.409122102085,1.604783757201118,6.560364003577021,3.393858230684599,0.3109661836004197,0.18321730019501611,0.6814315798815701,24.5986826374226,0.3734903940078639,0.0,0.06700421659809726,0.544766500570947,0.2964881582030493,0.3230344878211608,2.489727939538558,0.5825116317357214,0.5407588309004497,0.04175280083527168,0.18475271629129045,0.0,0.23273565197298823,0.0,0.0,0.0,1.0,1.0,0.88391106217883,0.3422809247967221,,0.18877684261687888
B000798,8977.406403385363,6.435416776620332,12.822863108243581,12.859240126488185,0.0,0.45299999999999996,0.012460581349925691,0.27787096410334294,3.0691087068782497,0.4276624858871528,0.0,2.4109083522176022,0.0,0.527737231637327,2.800032011200625,0.523090918053944,0.523090918053944,0.0,0.0,0.0,0.476909081946056,0.0,0.0,0.0,0.0,0.5,,,,0.18699916418064566
B000799,4108.975208319724,13.428023556600404,31.873844212081856,1.597735859283425,0.25530378758024774,0.25347696594554275,0.06252691302350946,4.0665276561054045,12.177972185209844,0.49416310454105317,0.11144076523010016,0.0,0.13958896063398044,0.5048585409854266,3.5390779110931336,0.09309273000017275,0.047992729451434096,0.04510000054873862,0.0,0.0,0.9069072699998274,0.0,0.0,0.0,0.0,1.0,0.12069542873329453,,,0.18699916418064566
B000800,1908.4351866601992,5.563950981516616,13.083736641388167,15.729862716282359,0.5148383955464022,0.39442975840029715,0.012539951667814938,0.02896728835265251,0.5015980667125975,0.6044982126171833,1.0093111527531264,2.350506639565853,0.41833284546905825,0.679704064398796,1.6201211501961958,0.9098485827105772,0.9098485827105772,0.0,0.0,0.0,0.09015141728942273,0.0,0.0,0.0,0.0,1.0,0.5765815540578354,,,0.18696941873279815
B000801,4566.259916673162,10.147244259273693,20.428520713471794,13.266522183196184,0.0,0.14832921014992567,0.011909456113702678,0.21714997650769918,2.952654094487229,0.8750180921466033,0.5780259466356958,2.0872967326688556,3.1853140379652243,0.4689353553700835,2.197486572235002,0.7062456908145864,0.3573489183518962,0.3488967724626904,0.0,0.0,0.2937543091854134,0.0,,0.0,,0.5,0.2019860970360257,,,0.1858426376147888
B000802,4407.684968506185,3.873185385330567,10.76237619682227,4.331479294594239,0.2020424607572862,0.31633437012032084,0.008643865666152535,0.08760371203362032,1.6479376990468435,0.17811647524246904,0.0,0.19627968339126312,1.4733596095443926,0.37749191810559857,2.307614598550463,0.5551229779360045,0.5551229779360045,0.0,0.43107652405673735,0.0,0.013800498007258188,0.0,0.0,0.0,0.0,1.0,,,,0.18696941873279815
B000803,28539.090385996624,8.590936299216322,18.666052353332347,12.873437715782558,0.0,0.04878961130161396,0.018028291379906563,0.28592061420228315,0.7423682836387806,0.4345994732275637,1.8350778634040839,1.9360100560735996,2.9879357072568946,0.6549449156153984,1.8586501165729685,0.9494118617469891,0.6950038082164992,0.2544080535304899,0.050588138253010735,0.0,0.0,0.0,1.0,1.0,1.0,1.0,,,,0.6061389938239665
B000804,9327.647096231267,13.344273385166334,17.873899361787846,30.433514281035684,0.0,0.4033719193692346,0.08531754571336243,0.8966901481693796,1.8057024088738043,0.0,0.7774509395651705,6.913972189712535,2.6151749405822677,1.2319729064325515,1.8145606909772627,0.804022679609567,0.2858998871465321,0.5181227924630348,0.1959773203904328,0.0,0.0,0.0,0.0,1.0,0.0,1.0,,0.2074990366051054,0.32360036461376523,0.1858426376147888
B000805,12634.683774602207,13.28568220252598,27.650351610053338,0.24967355859900722,0.4709081298111051,0.24,0.06308613369111275,4.201536503828109,12.61722673822255,0.0,0.08863926778748567,0.0,0.0,0.5798161965159444,3.6206615597021616,0.0361717774622987,0.029499988506618818,0.006671788955679887,0.0,0.0,0.9638282225377014,0.0,0.0,0.0,0.0,1.0,0.0760193489933262,0.31968520259120264,,0.18699916418064566
B000806,3906.8048247968973,4.914219905404902,8.528069609532567,6.2156346580227835,0.17283805756918724,0.30654527489397143,3.684201395655014,133.1905401230846,1.3541151687000936,0.5202736536699238,1.4162176545139964,0.39062103989241315,0.6893301679411487,0.5436622206873256,1.8691488084449692,0.9813647138564601,0.6931770295901597,0.28818768426630037,0.0,0.0,0.018635286143539882,0.0,0.0,0.0,0.98,0.98,0.6615487165610859,,,0.18816800894164298
B000807,1503.0269877347455,3.042564752499485,8.934243861410526,1.3541118323526775,0.0,0.3054348170454689,0.008412255242713655,0.1875932919125145,1.9001476272997218,0.374271997478447,0.0,0.432971709379787,0.0,0.33517341834152947,2.2759888912029242,0.6381336873609931,0.6381336873609931,0.0,0.12301200727806381,0.0,0.2388543053609434,0.0,0.0,0.0,0.0,0.5,,0.1674325761612721,0.3251876035877989,0.18699916418064566
B000808,8502.731294334517,5.367885918140478,8.390697016870623,10.966410016005987,0.0,0.4618340686611875,1.733832385584485,61.90625819495706,1.0324680206983317,0.2439286818730392,0.7770703933829424,2.2351617204912584,0.0,1.0792571016949053,2.326910490691532,0.6495391450780835,0.23314398419404694,0.41639516088403655,0.14476283684734717,0.0,0.2056980180745692,0.0,0.0,0.0,0.0,,,,,0.18816800894164298
B000809,18900.47374133555,8.26430858825341,16.469780496316496,20.461395420645303,0.21705954112645834,0.4480087329404038,0.013641454920938358,0.44383229187537065,2.894558818689712,0.19712358738238092,0.6364181762491233,3.5992568735963095,0.0,0.9369511323358863,2.4762649975538857,0.6087225779232822,0.6087225779232822,0.0,0.02385239917862763,0.0,0.3674250228980902,0.0,0.5,0.5,0.5,0.5,0.3420264920272144,,,0.4023874260919753
B000810,344.79695574919515,0.8471669674427399,5.370152364139978,1.1982669021588086,0.05427247056134012,0.40570075724039883,0.46206701890338814,16.72682608430265,0.2541368603968635,0.0,0.02323910243262908,0.1888932999379384,0.2051723913258123,0.1757253133494966,2.695835434838834,0.5794415333690148,0.42296274341878537,0.15647878995022926,0.02743154929987259,0.0,0.39312691733111266,0.0,0.0,0.0,1.0,1.0,0.8878694057506071,,,0.18877684261687888
B000811,2156994.2645253832,2570.910923153019,4473.584615337597,8754.57112407962,0.0,0.1930416368600096,0.021310599712964597,0.48361116390291753,3.6201001605665306,1.3740286277978144,0.0,2562.2645439763987,2.879652353690907,0.7725980345658834,1.6670007088474539,0.9998214252645434,0.002650131029231812,0.9971712942353119,0.0,0.0,0.0001785747354565872,0.0,0.5,0.5,0.5,0.5,0.1629665247222442,,,0.4023874260919753
B000812,4656.470302692937,13.304200864836965,29.848976361538327,3.6465426318617276,0.0,0.021,0.0358888272127429,2.2751373408670443,11.662745476716045,0.0,0.0,0.8806614892159694,0.27337822174548404,0.48741567715946243,1.3778595725711966,1.0,1.0,0.0,0.0,0.0,0.0,0.0,0.0,0.0,0.0,1.0,,,,0.18699916418064566
B000813,11998.483638284992,4.776466416514726,7.870503400554822,9.508189919120763,0.4400644672727346,0.4040665975074457,1.3432258435048496,63.11352739545313,1.8752492127657685,0.650476182358454,0.0,0.9509942533630952,0.6465917793941889,0.6531549886332182,2.6666553485204045,0.6073982209354474,0.2729279465850198,0.3344702743504276,0.0,0.0,0.39260177906455235,0.0,0.2,0.2,0.2,0.98,0.3106184633687459,,,0.27637726888891634
B000814,1175.1250779948407,3.357500222842402,9.079361496052664,3.4610005185770056,0.2234153756994786,0.71401370349434,0.017253970261692692,0.27216469367372903,2.3347320782206835,0.39094311741640864,0.0,0.0,0.24925916371950377,0.3825658634858047,3.1635156555697628,0.3005840081280649,0.3005840081280649,0.0,0.0,0.0,0.6994159918719347,0.0,0.0,0.0,0.0,1.0,0.1741306557036835,,,0.18696941873279815
B000815,2040.342743733752,2.0423851288626147,6.632481257863599,0.9262010018179825,0.0,0.31842711183671285,0.8462936767815483,39.677792456626875,1.054850278933538,0.3926501216566488,0.0,0.15823765761748568,0.0,0.43664707065494235,2.816328738680227,0.4835203879882467,0.291269614073088,0.19225077391515868,0.0,0.0,0.5164796120117534,0.0,0.0,0.0,0.0,1.0,,,,0.18699916418064566
B000816,13619.732673980923,4.553571606145411,6.5114060419246815,6.379136765204818,0.0,0.43021311800533096,1.8951993269427756,68.53061457780258,1.1308837632978268,1.1255492607585922,0.0,1.5052406334075636,0.0,0.7918979486814282,2.7549995707516968,0.43535524516791757,0.10479260915355904,0.3305626360143586,0.24717943586075886,0.0,0.31746531897132346,0.0,0.0,0.0,0.98,0.98,0.3220984101210842,,,0.18816800894164298
B000817,9584.335490486306,6.151691585677988,16.806833081583328,5.896161424216091,0.0,0.25346886438564903,0.010120215597097826,0.3663518046149413,2.311724374971585,0.3292801487227417,0.5465624117613462,0.1776024691717757,2.0039416124904497,0.7825805685600903,2.3566300426369393,0.6242132196039203,0.6242132196039203,0.0,0.0,0.0,0.37578678039607954,0.0,0.0,0.0,0.0,0.9,,,,0.18696941873279815
B000818,3233.151681243942,2.5762164790788384,7.536304963996123,2.8572075626345055,0.1921558225280408,0.2980016444705281,0.010331031641605634,0.023864683092109016,0.4132412656642253,1.3410206958804218,0.0,0.1473876703546451,0.0,0.6745668471795457,2.1620418702434256,0.8395937340591868,0.8395937340591868,0.0,0.0,0.0,0.16040626594081311,0.0,0.0,0.0,0.0,1.0,,,,0.18696941873279815
B000819,2340.565520102377,7.246332879573923,16.607246835933807,1.4444038294388912,0.3276201976215643,0.3510520556099285,0.04116323360503174,1.9099740392734725,6.1335275976047114,0.23723475566195112,0.0789321014124552,0.0,0.21604782668366462,0.5805905982111417,1.2294416841456117,0.9733021481364076,0.9624094521032251,0.010892696033182558,0.0,0.0,0.026697851863592498,0.0,0.0,0.0,0.0,1.0,0.11937537919729711,0.21088788798651553,,0.18699916418064566
B000820,13895.493061276145,5.94586780542411,22.108369319509816,11.023180829386364,0.1287938006398451,0.17228139580782265,0.01742803458742032,0.32679378471950626,1.3179231058394347,0.0,0.6149979489988175,1.3860072142365714,2.3256142804766036,0.301325255872684,2.4716236944034446,0.7757499929838988,0.3846188147301436,0.3911311782537555,0.0,0.0,0.22425000701610118,0.0,0.0,0.0,0.0,0.95,,,,0.18696941873279815
B000821,33206.69209827716,10.242656415261308,12.999444227139788,7.35710361306717,0.0,0.6178996352994387,0.020775725184653523,0.3027913896114001,6.845929094699896,0.7657043269717971,0.6322979886939516,0.6730862792540204,0.0,1.3256387256416429,3.13483439710465,0.265911588838344,0.265911588838344,0.0,0.06571403471575384,0.0,0.668374376445902,0.0,0.0,0.0,0.0,1.0,0.17604126445448598,,,0.1858426376147888
B000822,1534.5950446155266,4.6929512067753105,11.31232290149822,8.224444948252986,0.0,0.3965946549476076,0.014992452683512453,0.08812782148178114,0.47300715225969914,1.4181098447422238,0.0,0.564097072683006,1.4875231611070394,0.7502139759833432,2.4691188042696695,0.5584296638789699,0.4382287395930733,0.12020092428589656,0.31696966270594745,0.0,0.12460067341508287,0.0,0.0,0.0,0.0,1.0,0.9735131862618092,,,0.18696941873279815
B000823,4187.561776195052,13.29384690855572,17.107296154017323,19.190788314907827,0.14135243958033314,0.09626121558537543,0.020242231125957282,0.345774614219863,4.497388003221954,2.0975446387947976,0.0,2.264155871800744,3.034924905809038,1.3998334889291888,2.419131439575284,0.6616940127144458,0.5039108929581286,0.15778311975631742,0.0,0.0,0.3383059872855541,0.0,0.5,0.5,0.5,0.5,0.20950311199551605,0.24156371074615401,,0.4023874260919753
B000824,3685.211773028466,2.262254004314589,6.082129583596974,4.322448158793005,0.09922810309105057,0.5939256844818699,0.006643178173221797,0.01534574158014235,0.30585472260851243,0.0,0.972733909891085,0.0,0.23679759271188514,0.7468677791031065,2.083185426126149,0.8051545353240794,0.7004812350402639,0.10467330028381554,0.0,0.0,0.19484546467592054,0.0,0.0,0.0,0.0,1.0,,0.4853848201158979,0.662974838141387,0.18696941873279815
B000825,8531.279514105292,7.630840352509206,13.003795435641472,14.950778670422517,0.0,0.4089902016554735,0.01660064048115967,0.59706230144901,1.516337087892603,0.0,0.8002726351094744,2.0519594295543837,2.048524481483864,1.2137467184688804,2.1078905049573127,0.8012883224068507,0.4275113944534339,0.37377692795341666,0.0,0.0,0.19871167759314928,0.0,1.0,1.0,1.0,1.0,0.40394582405206586,,,0.6061389938239665
B000826,11264.170222411358,4.005750434712431,19.731248367303373,4.742747921454411,0.24796734139103999,0.4453026673228028,1.0914534593857677,39.44605879039287,0.8919261487974113,0.22917859045699268,0.009139736730490455,1.08650633878143,0.17213700910907706,1.6168626108370296,1.8584376797522004,0.9425283185943694,0.6712916660645099,0.2712366525298596,0.0022816540569499024,0.0,0.0551900273486805,0.0,0.0,0.0,0.0,1.0,1.1294995715127103,0.6450307157699607,0.36796690315644925,0.18877684261687888
B000827,3476.777830312544,2.1096952853838253,14.327170688976764,3.3490807164497127,0.030017667049011394,0.2044593086678791,0.2960410473499295,6.583601627334725,0.4057548508084904,0.560137170684914,0.0,0.7575940849293783,0.2043102755821653,0.1818989033788777,1.9095372567762368,0.776881937345676,0.776881937345676,0.0,0.0,0.0,0.2231180626543241,0.0,0.3,0.3,0.3,1.0,,0.3752019413578364,,0.32025669999791706
B000828,6725.074482811926,5.894017951631837,11.90976371284656,10.373355308669348,0.11223881102044012,0.568568230527211,6.719690893642866,68.68913216789176,2.8204574522630623,0.5047755104931156,0.0,1.9191516751645736,0.12268905961272251,0.5269442540983638,1.6278584547702466,0.9016541536477517,0.5760440705238566,0.32561008312389533,0.08564200425507049,0.0,0.01270384209717779,0.0,0.28,0.28,0.28,0.7,,,,0.3110513158581213
B000829,7139.700317775817,4.570870882058782,9.601804040969855,4.902074968488799,0.0,0.3762792604601031,1.3918823068226063,65.29238232024817,2.0133284727170837,0.6778543143740196,0.0,1.183496195689094,0.20630502203564258,0.48988687724294155,2.0172843790910626,0.9344488283377683,0.6755274485336572,0.25892137980411106,0.0,0.0,0.06555117166223157,0.0,0.0,0.0,0.0,1.0,1.0013709856286037,0.27605109680262474,0.6673909514842825,0.18699916418064566
B000830,3944.686413393579,8.218096694569956,13.48170471523133,3.5304633359917985,0.0,0.433,0.0142860641552599,0.23275047262611614,5.89394543284692,0.0,0.0,0.0,1.680500547932096,0.643650713790941,3.242358923604782,0.26710885624166164,0.06262105202265382,0.20448780421900775,0.0,0.0,0.7328911437583385,0.0,0.0,0.0,0.0,1.0,,0.35128921020441606,,0.1858426376147888
B000831,16046.162861260855,3.965932491661111,12.984668284576387,5.594748174292908,0.0,0.40827015829910224,0.011500360460494696,0.3067678092557286,1.7903752523500727,0.2760572156478107,0.0,1.6085409833014221,0.0,0.29095904036180603,2.6399693184061745,0.5324246402054642,0.12683503758777245,0.4055896026176918,0.0,0.0,0.46757535979453585,0.0,0.0,0.0,0.0,1.0,,0.24593942064130264,,0.18696941873279815
B000832,15463.97218214798,3.5582080492747306,12.705587225453323,5.677719892548035,0.13303426825698114,0.20352539433800698,0.015645321109824015,0.3002000680327569,1.2487695123032925,0.0,0.7769721206088944,0.7407328580873401,0.49390145184275497,0.2978321064324485,2.580878430174234,0.5057852619667637,0.28742475301134596,0.21836050895541775,0.13880623195808545,0.0,0.3554085060751508,0.0,0.0,0.0,0.0,1.0,1.0511312550421146,,,0.18696941873279815
B000833,13790.114592337053,11.539844847143977,16.33762971698868,9.857637580317244,0.0,0.44461122055166025,0.013769758481985602,0.24854246731547686,6.664112841746155,0.0,0.8161881205573249,1.9238745616270474,0.8771515875488465,1.2585177356646047,2.8384440533613655,0.4104652516129956,0.3344545600337293,0.0760106915792663,0.0,0.0,0.5895347483870044,0.0,0.0,0.0,0.0,1.0,,0.3182039919045358,,0.1858426376147888
B000834,2794.3978581035717,6.483521712537289,15.581629660958377,4.269946915786347,0.0,0.302286105618482,0.03630580798744183,2.24628350210846,5.019116565959983,0.41887854580638473,0.0,0.2992953728562512,0.21587581268501152,0.530355415229657,1.5296642231977347,0.9667665507404881,0.9206040813101013,0.046162469430386724,0.0,0.0,0.033233449259511896,0.0,0.0,0.0,0.0,0.5,,0.18608966827320436,0.18240640956049517,0.18699916418064566
B000835,2640.476210802607,5.323540747585901,12.100015601799688,10.396316328704026,0.32987631659680705,0.4397795594278115,2.4267700876209117,87.84907717187701,2.364508976623579,0.5009309501716784,0.045021926531006486,1.708661338512732,0.15230990087309024,0.5521076548738167,1.5167638695649859,0.9629322218499817,0.8688348956674333,0.09409732618254846,0.037067778150018285,0.0,0.0,0.0,0.0,0.0,0.0,1.0,0.9266267954434275,,,0.18699916418064566
B000836,3250.006499683832,7.85025724561312,15.489603338728264,10.866681878112649,0.04194043063307287,0.28614410650530886,0.01323679442644998,0.4904658973696071,2.829860401473634,0.2512035662480581,1.2975752649260277,0.8613078630563,1.8402455505131707,0.7700645993959305,2.5856893570686075,0.6218001666185067,0.27766451232779504,0.3441356542907116,0.0,0.0,0.3781998333814934,0.0,0.5,0.5,0.5,0.5,0.28571224741811674,0.1637890181754412,0.09159905225941406,0.4023874260919753
B000837,35314.62951312112,12.558545346060143,17.189430901100593,11.260642797822754,0.0,0.2297386562211692,0.014585183665674817,0.3252495957445484,5.2329104291230895,0.7969685246022175,3.0816809736809754,0.693897224394572,2.1169267027025405,0.6361614915567506,2.326210340184615,0.8512195814439174,0.3820167607026856,0.4692028207412318,0.06346025774810311,0.0,0.08532016080797974,0.0,0.5,0.5,0.5,0.5,0.3759867370429812,,,0.4023874260919753
B000838,9884.58847296329,2.4798265110294255,13.142064157000897,3.5502277980941694,0.0,0.31188741518039653,0.3211905332148143,11.594296934356663,0.8727323699556084,0.0,0.0,1.1771536062399477,0.17474952237399252,0.25519101245987774,2.2700799750604954,0.7257568783051663,0.7257568783051663,0.0,0.0704684467226905,0.0,0.20377467497214358,0.0,0.0,0.0,0.0,0.6,,0.3858890718809319,0.4444264182294521,0.18877684261687888
B000839,398.0518567131787,1.0154384099825988,7.0695645434014285,1.6790580157292518,0.0,0.0,0.20860099023057954,7.559048860658977,0.2581889443863108,0.0,0.0,0.571819997836754,0.0,0.18542946775953395,2.0556359244695277,0.8558670367654236,0.8558670367654236,0.0,0.0,0.0,0.14413296323457625,0.0,0.5,0.5,1.0,0.5,0.8879174692976816,,,0.4052417822251656
B000840,29079.077934356403,11.010631554091784,21.22269770453373,6.403120219846692,0.38005569259694966,0.24567620656952618,0.041198180801346324,2.2864776175632135,8.814659720025302,0.3070354153474886,0.1316350080365391,1.2783445469383148,0.0,0.47895686374413954,3.4110734339103272,0.17078090520520978,0.042724712601900354,0.12805619260330944,0.027885359149393,0.0,0.8013337356453972,0.0,0.0,0.0,0.0,0.5,0.12325877072154726,0.20512705195648195,,0.18699916418064566
B000841,3416.173344342469,1.8396194638354708,13.503200982880823,1.9927967073578021,0.0,0.21228381798753118,0.1987082159446186,4.388445382799962,0.9287782758264546,0.0,0.043252421547607826,0.43969798926462,0.2877852523231164,0.140105524873672,2.032106212943199,0.5667293392864279,0.5667293392864279,0.0,0.4189647251983393,0.0,0.014305935515232977,0.0,0.0,0.0,0.0,0.6,0.7769805451317615,0.35104896144444453,,0.18877684261687888
B000842,12083.999328850206,4.997518332857819,7.964628611898896,7.588046845114108,0.20530689379741088,0.401666037301854,2.0092065071315703,72.6398703396476,1.8931044516496522,0.5610897244427872,0.8574837834636183,1.0638835426140905,0.0,0.6219568306876706,1.728032276090966,0.7446565274295999,0.7446565274295999,0.0,0.2128823691589564,0.0,0.04246110341144371,0.0,0.2,0.2,0.2,0.98,0.40059366084764075,,,0.27637726888891634
B000843,13118.677321554549,15.767641011483834,30.154217274161855,2.7070872148297775,0.0,0.27442551849918884,0.06830440421743948,3.168600860990909,13.274747007594916,1.0780990012767775,0.07941781255645818,0.1820813795116131,0.23828592917270466,0.9150098813713643,1.4614457191948982,0.9841443140470308,0.9791075547436818,0.005036759303348983,0.011547788244227544,0.0,0.004307897708741546,0.0,0.0,0.0,0.0,1.0,0.3370582324794469,,,0.18699916418064566
B000844,6741.431686442076,7.179373467989431,10.366053114074244,12.014249316069163,0.0,0.4657240443162884,1.4163714933180314,31.55181375924329,2.413153510234483,0.6971676989052717,0.0,3.4146011946433266,0.0,0.6544510642063517,2.0403227541796394,0.6711038689203184,0.6711038689203184,0.0,0.0,0.0,0.3288961310796817,0.0,0.28,0.28,0.28,0.7,0.3488935889475545,0.5333296103126379,,0.3110513158581213
B000845,3748.4242042412175,4.668025160947967,13.796552063259174,8.330110132417726,0.0,0.40958995235201856,0.02310753489508523,0.47348669555792383,0.5128704416262265,0.0,0.6124100474550626,0.8111529596615584,2.0021315034203337,0.7294602087847859,1.966926264878004,0.5710966769909724,0.5710966769909724,0.0,0.42890332300902756,0.0,0.0,0.0,0.0,0.0,0.0,1.0,0.7416126421342872,0.4892695126295713,,0.18696941873279815
B000846,2063.5643013854224,2.9950134998337044,7.317394851061792,0.13704734065393015,0.0,0.45299999999999996,0.01358814613448388,0.38291536964233774,2.5190663569879783,0.0,0.0635899660634236,0.0,0.0,0.41235717678230194,3.453657315851181,0.14914103991700986,0.1279090935278018,0.021231946389208053,0.0,0.0,0.8508589600829899,0.0,,0.0,,0.5,0.34808568143142843,0.16479406120473933,0.34956003333312113,0.18699916418064566
B000847,1525.8812966865544,0.7015546191662319,3.4063937263852915,0.0,0.0,0.0,0.5775784231912897,27.022617185215218,0.5043159066577467,0.0,0.0,0.0,0.0,0.1972387125084852,2.2184460483193487,0.9251614106640333,0.9251614106640333,0.0,0.0,0.0,0.07483858933596665,0.0,0.3,0.3,0.3,1.0,0.522441173807024,0.33590894740280447,0.6761769087984656,0.32025669999791706
B000848,2222.4340593150305,3.9615580379947066,8.242410664908768,5.514284895047485,0.0,0.11976691167560981,1.334588967642002,48.32039883811126,0.8114823757545737,0.0,1.7494608714056121,0.936083789632726,0.0,0.46453100120179386,2.721030436192884,0.7942880140507529,0.35267871421801106,0.44160929983274166,0.0,0.0,0.20571198594924694,0.0,0.0,0.0,0.98,0.98,,,,0.18816800894164298
B000849,1734.287181416375,5.649143913408388,10.285655371524017,4.855423699263701,0.09196318594279648,0.22818501124299853,2.431768477548222,114.28528603274998,2.2182359655037325,0.34513298576262136,1.828226212854826,0.0,0.26983710509844855,0.9877116441887607,2.279906903197131,0.6573596407981122,0.609593623639657,0.04776601715845533,0.32362889685204943,0.0,0.01901146234983848,0.0,0.0,0.0,0.0,0.98,,,,0.18816800894164298
B000850,2442.9467347550876,7.060539695823953,22.961563574770835,6.84669688563277,0.0,0.28589993446352224,0.00917881954071388,0.33227326737384244,2.898490204395287,1.638617462457087,1.4032465027086363,0.0,0.8013725224837407,0.3188130037792037,1.719643318993752,0.9745105808718286,0.8610104014226962,0.11350017944913231,0.0,0.0,0.025489419128171396,0.0,0.0,0.0,0.0,1.0,0.8997333519286795,0.3715433713911714,,0.18696941873279815
B000851,6665.612403726407,2.296902964757549,4.581037801909184,0.17196701469539213,0.0,0.453,1.4274387824016839,31.741901006154798,1.7772287230207446,0.0,0.07979269481866196,0.0,0.0,0.43988154691814263,3.5203944437215897,0.09233454035844492,0.05759528665771902,0.03473925370072589,0.0,0.0,0.9076654596415551,0.0,0.0,0.0,0.0,1.0,0.5981989148881328,,,0.18699916418064566
B000852,6109.765113707416,4.051568377790064,7.059926912575443,6.183214007017273,0.09972810288014466,0.493531523959533,1.60356284898121,58.044427178906204,0.9750290328430945,0.0,1.1683281322643373,1.124815123774819,0.141292575646778,0.6421035132610354,2.054339775278858,0.7384587092960943,0.7384587092960943,0.0,0.0,0.0,0.2615412907039058,0.0,0.0,0.0,0.98,0.98,,,,0.18816800894164298
B000853,780.3337059295526,0.6242669647436421,4.372132515233426,0.4043283808523635,0.0,0.021,0.3887968591371394,14.074446300764448,0.2138382725254267,0.281412553073245,0.0,0.0,0.0,0.12901613914497037,2.8383546356577356,0.6212340232566982,0.170445227811134,0.45078879544556427,0.0,0.0,0.37876597674330165,0.0,0.0,0.0,1.0,1.0,0.9806899924241421,,,0.18877684261687888
B000854,2373.0133217136627,7.630267915478015,20.214517648156836,3.521779226997191,0.0,0.34659647433262275,0.023152757742405574,1.377958697160121,5.679597953476041,0.5530782536167823,0.12134820904296326,0.781052470586779,0.0,0.49519102875544885,2.3670855580226395,0.7857993981613857,0.6109522317208372,0.17484716644054846,0.0,0.0,0.21420060183861409,0.0,0.0,0.0,0.0,0.5,0.17459091467233911,0.17711716039463327,,0.18699916418064566
B000855,3053.0640810173786,5.69601507652496,11.449057480523637,3.2222686415038955,0.0,0.48800000000000004,0.030426379573811554,1.6615771050287884,4.11597009430321,0.2872590778675344,0.0,0.4634441181923917,0.0,0.8293417861618247,1.7324605533402104,0.9042860193144794,0.9042860193144794,0.0,0.08136286719155436,0.0,0.014351113493966375,0.0,0.0,0.0,0.0,0.5,,,,0.18699916418064566
B000856,14979.220452385503,6.042444716573418,14.509355810933162,6.927086933945306,0.0,0.32424569544886656,0.01349839107979384,0.25904085320573983,2.461611762676898,0.5296193692469726,0.9827036051447342,0.3153162167833949,1.395674487955917,0.35751927476550066,2.838472842037873,0.4195132104118711,0.3673296602804922,0.05218355013137896,0.16263344577226202,0.0,0.4178533438158667,0.0,0.0,0.0,0.0,1.0,0.17462079619214702,0.3330180030953141,,0.18696941873279815
B000857,18710.825076601937,6.355579170041419,11.918032880540196,7.0343469250571315,0.05209277992680138,0.25755800663857403,1.0200432270506885,47.86627147087921,1.7864233268957617,0.92287889456723,0.3999291508652393,0.2936397648538707,2.0148782725492818,0.9378297603100366,2.617865908323169,0.7106652339780788,0.24843243213299274,0.4622328018450861,0.0,0.0,0.2893347660219214,0.0,0.28,0.28,0.28,0.7,0.19462368291476165,0.3217285437955071,,0.3110513158581213
B000858,2395.292414851167,4.355077117911213,9.49011164553088,4.852725428591881,0.0,0.31457631158075555,0.9922294157780847,46.634274097083285,1.3880534486672667,0.26679282503769425,0.567389706404365,0.46339758406066245,0.800127023686489,0.8693165300547345,2.442487999940984,0.6752251650184465,0.6752251650184465,0.0,0.0,0.0,0.32477483498155324,0.0,0.19999999999999998,0.19999999999999998,0.19999999999999998,0.98,0.24047077141010448,0.3025166454636421,,0.27637726888891634
B000859,5995.853826552342,5.715780578219583,15.510985245546259,8.803947232568321,0.12412265172636486,0.20943202405010755,0.009450472609735477,0.10395519870709023,2.158737398162926,0.16036878251680442,1.181378371798864,1.3344834336849836,0.0,0.8808125920560047,2.601741310388869,0.6026235282854265,0.6026235282854265,0.0,0.0,0.0,0.39737647171457346,0.0,0.0,0.0,0.0,0.9,0.23374768505527024,,,0.18696941873279815
B000860,353.8988832617685,0.9830524535049125,6.528557785745768,1.2455110257099204,0.0,0.4350346634207869,0.43033152329465263,15.542765356285129,0.23603440458438552,0.45993443976395043,0.02758907825999198,0.10666707048000593,0.0,0.15282746041657866,2.8513865918096846,0.2605623714941742,0.23249766532144897,0.02806470617272521,0.46786357953141716,0.0,0.2715740489744087,0.0,0.0,0.0,0.0,1.0,,,,0.18877684261687888
B000861,1079.6490167281854,1.900790522408777,9.406122394874217,5.112813622770468,0.0754455308434761,0.31866605192235464,0.5867640529570686,21.15305596032057,0.32107317877853914,0.0,0.0,1.0527278870152403,0.35620083942702135,0.1707886171879767,2.173973178855553,0.8132220317837343,0.18950757954284433,0.6237144522408901,0.0,0.0,0.18677796821626572,0.0,0.0,0.0,1.0,1.0,0.8956641369154414,,,0.18877684261687888
B000862,2268.9323990019866,4.457627502950857,7.250836436301775,6.745011820717593,0.1276614741503664,0.3913718027200552,1.6502864168712552,36.80138709622899,2.0955549733651844,0.0,0.7536535230724402,1.0497677752403212,0.0,0.5586512312729122,1.836141333204888,0.8895749843958829,0.6703409021868182,0.21923408220906462,0.0,0.0,0.11042501560411735,0.0,0.0,0.28,0.0,0.7,0.37281650367078634,,,0.18816800894164298
B000863,7773.5424212082125,4.4344223737639545,14.422709529839059,6.94652956515268,0.0668209137303705,0.4781070590592258,0.013188260038605145,0.4711555188739319,1.4021358230591674,1.304504340952364,0.8257821441229826,0.20136778123015397,0.38633485032785075,0.31429743407143745,2.6383480533056654,0.6759143016569038,0.10839476398438426,0.5675195376725198,0.0,0.0,0.32408569834309625,0.0,,0.0,,0.95,0.6508830586165618,0.3504832484133572,,0.18696941873279815
B000864,704.3513928005104,1.2186010256064195,8.956942434678067,2.0463823030998594,0.0,0.021,0.3343702601858497,15.671531120429032,0.4051518537617667,0.0,0.04359660544953472,0.3134246303074311,0.3005530617128985,0.1558748743747883,1.7540395674466378,0.9569543825422844,0.6639780693315686,0.2929763132107158,0.0,0.0,0.04304561745771555,0.0,0.3,0.3,0.3,1.0,,,,0.32025669999791706
B000865,5489.445106260284,2.3846416621460835,15.135223672804933,1.3316768941128079,0.0,0.04115602650167423,0.5554609048422354,20.0818208284928,0.45676861072383335,0.0,0.08223982744415866,0.17708363303147048,0.6644595807984143,1.004090010148206,1.8533342334297676,0.9830685882628114,0.6301672583948555,0.3529013298679555,0.0,0.0,0.016931411737188585,0.0,0.3,0.3,0.3,1.0,0.6120104465211961,,,0.32025669999791706
B000866,16771.29968396071,5.304016345338618,7.83126342835072,6.78902390473457,0.21113084448097816,0.36500000000000005,1.5061477582243836,70.48114058284862,2.0822523950325804,0.9466144801924414,0.0,0.40840308209229975,1.0388777903190254,0.8278685977022725,2.652925089870724,0.5848769779658837,0.21053946819248384,0.3743375097733997,0.0,0.0,0.4151230220341167,0.0,0.19999999999999998,0.19999999999999998,0.19999999999999998,0.98,0.2684809508491459,0.3754866271825018,,0.27637726888891634
B000867,5192.810909414737,16.969970292205023,22.277872675922097,20.70384994732267,0.08329896652191873,0.3788349151802366,0.01777223750590913,0.29405567408255745,7.491654322892843,0.6396508188916478,1.8122947997735956,3.53341957052092,2.730373761936552,0.7625770181894658,2.5535631411326336,0.5066326367560284,0.34573820294604574,0.16089443380998258,0.037693101866269306,0.0,0.4556742613777025,0.0,0.0,0.0,0.0,1.0,0.24457515173872443,,,0.1858426376147888
B000868,22396.550640025554,9.51425260833711,17.010509675791756,1.2655864845822782,0.0,0.24000000000000002,0.036253165800152275,1.61252986871811,8.002200877072054,0.8492085311547087,0.0,0.0,0.0,0.6628432001103464,3.0692562619683303,0.29864185949980093,0.2093853969994709,0.08925646250033006,0.0,0.0,0.7013581405001991,0.0,0.0,0.0,0.0,0.5,0.22356838091018225,,,0.18699916418064566
B000869,7114.930709274644,4.408259423342407,8.847364379786093,6.9105014718552615,0.0,0.6020528552576327,0.8746088707299108,41.0114379300995,1.445327786501408,0.3255566136615972,0.27137840895828275,1.0893350568350997,0.4000369986920396,0.8766245586939785,1.905414862333584,0.8725489429514598,0.8725489429514598,0.0,0.09074715443782248,0.0,0.03670390261071757,0.0,0.0,0.2,0.0,0.98,0.28138766730002945,,,0.18816800894164298
B000870,6948.192964801082,7.018376732122305,18.70356060265892,3.678880450694056,0.0,0.8089999999999999,0.03274395267997548,1.9634182339762367,5.797514514139461,0.0,0.0,0.6690255792959262,0.04687573239928391,0.504960906287633,1.9926705113448242,0.7634109728042258,0.7567319736298528,0.006678999174373051,0.0,0.0,0.2365890271957742,0.0,0.0,0.0,0.0,0.5,,,,0.18699916418064566
B000871,21154.95263587308,9.165924019009134,18.020334026052584,12.974457089457687,0.03149678696955522,0.7578318364773073,0.02300309433278092,0.43314643917883,4.749201090349337,0.0,0.42576363787303945,2.864257310226272,0.0,1.1267019805604848,3.0624820328273086,0.4183004462029145,0.10581069565663974,0.31248975054627476,0.0,0.0,0.5816995537970856,0.0,0.0,0.0,0.0,1.0,0.17580159222679553,,,0.1858426376147888
B000872,2533.6036511244088,6.44682862881529,17.036089211440117,8.41165459310132,0.0336605560299227,0.2752543335097567,0.009986018341547609,0.199723890523893,2.092444656641276,0.1804630838478521,1.2857285669207865,0.505349386630539,1.6522837853778716,0.7305591493969668,1.715939038003198,0.8005641779938151,0.4658828491983711,0.3346813287954439,0.1994358220061854,0.0,0.0,0.0,0.0,0.0,0.0,1.0,0.12593575348658895,,,0.18696941873279815
B000873,11587.662238752777,5.19859230092094,10.082288778003543,2.313896877508346,0.0,0.03976897948891626,0.012710704518052826,0.28344871075257805,3.1307153985351794,0.0,0.13306476308413626,0.0,1.4724497601190445,0.46236237918257994,2.964351321654181,0.3851164629001994,0.10187637118187078,0.28324009171832865,0.0,0.0,0.6148835370998006,0.0,0.0,0.0,0.0,0.5,0.7841074102400345,,,0.18699916418064566
B000874,5748.613489452499,5.859952588636594,16.302692939138865,11.453878697888637,0.0,0.4265420242841302,0.015059102320569529,0.5389274381860395,1.5680517420658395,0.7888992699972016,0.6108401079601486,1.2900098270637927,1.200404193284594,0.40174744826501707,2.470681293875313,0.7419422000094549,0.4175624535401746,0.32437974646928025,0.0,0.0,0.25805779999054484,0.0,0.0,0.0,0.0,0.95,0.6697032117619734,0.3191232381512406,,0.18696941873279815
B000875,719.2033945748358,1.4737774478992536,8.689619020741041,1.368781155819581,0.0,0.382518703059906,0.6847800257801764,24.656287498788405,0.556129877318338,0.20358571113799023,0.3445902470532067,0.07306609053124125,0.0,0.2964055218584775,1.6935215659732226,0.8872219386280037,0.8872219386280037,0.0,0.0,0.0,0.1127780613719963,0.0,0.3,0.3,0.3,1.0,0.5299756759010817,,,0.32025669999791706
B000876,817.5773559783013,1.0508706375042434,7.079620150990175,2.0000602921418236,0.06251145130913484,0.4327175473868005,0.31203753499163867,11.286367389128928,0.2980502481405145,0.3246870017746597,0.01697563389038576,0.24773591770830117,0.0,0.16342183599038196,2.1226782230005807,0.7830278782921762,0.5311305065782215,0.2518973717139547,0.0,0.0,0.2169721217078238,0.0,,0.0,,0.5,1.2763326349431876,,,0.18877684261687888
B000877,2529.881682603287,2.439615894506545,8.764372017292548,3.928243845974521,0.0,0.3049123194194367,0.011825001822550387,0.04177506036669062,0.33124216940594475,0.549900298016021,0.0,1.1030488342988238,0.0,0.4554245927857561,1.87602196058347,0.7952216499147011,0.5698171920841589,0.22540445783054222,0.0,0.0,0.20477835008529913,0.0,0.0,0.0,0.0,1.0,0.6377112266145226,0.48919349429752385,,0.18696941873279815
B000878,755.7694598169633,2.3398435288450874,10.887971038098692,2.8091371711387945,0.0,0.41270962577866227,0.37846408737272613,8.452391510199199,0.9989820596254904,0.0,0.03173613024992706,0.755755231484652,0.26550252240982264,0.28786758507519644,2.2291173246386253,0.7998681523504917,0.3498406735198267,0.45002747883066524,0.0,0.0,0.20013184764950837,0.0,0.0,0.0,0.0,0.6,,,,0.18877684261687888
B000879,3386.5076510318854,1.300002937056386,10.81019263988557,2.514271948972637,0.0,0.4248464277488576,0.4493801979970669,16.247027551370323,0.2439611410449687,0.40075804255248426,0.0,0.36223581430896923,0.12329754025592204,0.16975039889404195,1.6378412828816789,0.9699602438427619,0.5964738918316728,0.37348635201108926,0.0,0.0,0.030039756157238143,0.0,0.3,0.3,0.3,1.0,0.8645697424168224,,,0.32025669999791706
B000880,20376.02706937778,5.65372560193612,8.892661023714025,7.553762259580281,0.0,0.4049180222677611,3.9296862144588705,165.312011771729,2.3527345306420724,0.5236100452705845,0.8394782463171383,0.554127730920293,0.8590424460962672,0.5247326026897673,2.731330143023735,0.5830368981946299,0.18460079040717764,0.39843610778745225,0.0,0.0,0.41696310180537044,0.0,0.0,0.0,0.0,0.98,,0.2783493897214941,,0.18816800894164298
B000881,5190.178076512534,9.057902402290635,14.10952081562879,14.10961949218927,0.15844449889163076,0.43606274031608155,0.01632710210230266,0.6521173943689762,3.6775390036651676,0.3568253334073638,2.5537038912202057,1.0380115707310735,0.3509883969094929,1.0808342063573315,2.838219652029295,0.5800533825765495,0.1835249919589847,0.3965283906175648,0.0,0.0,0.4199466174234506,0.0,0.5,0.5,0.5,0.5,0.3183501949899794,0.21941957400176906,,0.4023874260919753
B000882,5090.768374939026,2.5189353661251985,11.630837245976624,5.529729573307256,0.0,0.40920532454165576,0.6202704710360937,13.731145611270902,0.7671599197910649,0.5734605933080774,0.09704086594534314,0.8708778485114015,0.0,0.2103961385693117,2.617049785001096,0.6444892905157434,0.6444892905157434,0.0,0.03852455575095527,0.0,0.3169861537333013,0.0,0.0,0.0,0.0,1.0,1.0634581292686238,,,0.18877684261687888
B000883,2243.179812287414,7.076277010370391,12.153484832164466,9.70412234605677,0.0,0.1528984774242027,1.5549459383312254,72.74492730463771,1.93331851364942,0.5478020756629655,0.0,2.0977807565562236,2.0484149137334495,0.4489607507683328,2.1504807264582015,0.7267887462833761,0.1408597804990572,0.5859289657843187,0.0,0.0,0.27321125371662425,0.0,0.0,0.0,0.0,1.0,0.9240441555857042,,,0.18699916418064566
B000884,35419.62074602059,9.457842655813241,31.306186268741723,3.7867691844957827,0.7987613359899153,0.021,0.04129759587063882,2.750419884984545,8.259519174127762,0.0,0.0,0.7405637093638935,0.0,0.4577597723215861,3.4529572261502675,0.12257950154255637,0.12257950154255637,0.0,0.0,0.0,0.8774204984574436,0.0,0.0,0.0,0.0,1.0,0.1678540755452648,,,0.18699916418064566
B000885,46530.86666085367,10.684469956568007,16.32760267159908,15.420768309154269,0.03962835079095524,0.38544520830196294,0.019656233912194614,0.3022668961888997,3.746871507385217,0.26345767404686926,0.9599784679298466,2.792688598199497,1.8428366239495426,1.0786370850570344,2.5738264571213194,0.6493161080880832,0.29808978788840995,0.35122632019967326,0.0,0.0,0.35068389191191673,0.0,0.5,0.5,0.5,,0.2690327238970134,,,0.4023874260919753
B000886,650.2356445868654,0.5723905322067477,2.775491479628878,0.2824275453004179,0.0,0.8090000000000002,0.8816081909035368,31.914216510708037,0.3376753933955017,0.0,0.0,0.0,0.0361507257984535,0.1985644130127925,1.8979358227645304,1.0,1.0,0.0,0.0,0.0,0.0,0.0,0.0,0.0,1.0,1.0,,,,0.18877684261687888
B000887,544.6988032010435,1.3317819149169767,9.138943915382429,2.155777947534617,0.12151383093422272,0.5680639336291334,0.29166291858522814,13.646008749714495,0.3996638297717182,0.0,0.04672095061616996,0.6445113925490401,0.03058592556676279,0.2102998164132859,2.4589866698230325,0.6648214130346443,0.6648214130346443,0.0,0.035081532563897705,0.0,0.3000970544014583,0.0,0.30000000000000004,0.30000000000000004,0.30000000000000004,1.0,1.347035965573216,0.375353462246455,,0.32025669999791706
B000888,11603.056776105024,2.5434144621010577,10.589499028487458,3.4593420345843544,0.0,0.3977725406331677,0.3436504173697551,12.468309375706164,0.5283782828321798,0.946236805095704,0.0,0.0,0.7935999917470863,0.275199382426087,2.6570317425435985,0.40019527450249026,0.0881737760120275,0.3120214984904628,0.37203405862292654,0.0,0.227770666874583,0.0,0.5,0.5,1.0,1.0,0.5654198715398548,,,0.4052417822251656
B000889,1496.8031349279709,4.766888964738761,11.64850524064215,7.698475485836968,0.05189980607176269,0.38534273418115,0.01695205592118437,0.4034876632223595,1.801515095352983,0.0,1.225494894252398,1.071835686251518,0.23866959352219108,0.4293736953596712,2.5109236849553724,0.583928173782348,0.3090098172886955,0.27491835649365254,0.0,0.0,0.41607182621765215,0.0,0.0,0.0,0.0,0.95,,0.2522841185197689,,0.18696941873279815
B000890,836.2145731457044,1.6859164781163396,10.114717220296559,2.3841634997970496,0.0,0.365,0.5033994205684356,18.000063397550683,0.6199298329227357,0.0,0.0,0.8789422667535194,0.0,0.1870443784400844,2.6132210512228555,0.6037820668042418,0.19437051082959306,0.40941155597464873,0.0,0.0,0.3962179331957582,0.0,0.0,0.0,0.0,1.0,,,,0.18877684261687888
B000891,943.1786728633239,1.5487334529775434,10.441147343095915,2.623627110272321,0.35086607710455603,0.35800230102958264,0.26461247503068264,12.337234928818686,0.7174177527116596,0.1851693905201383,0.03499996776568421,0.4689834852410339,0.0,0.1421628567390273,2.565282651932198,0.5224451835924823,0.1970286620872636,0.32541652150521855,0.0,0.0,0.4775548164075179,0.0,0.0,0.0,0.0,0.6,0.5105562885155582,0.349867969667981,,0.18877684261687888
B000892,3893.405674312784,5.725596579871741,10.014956748847052,8.118730388484337,0.0,0.16697196561744412,1.4875790761710634,53.85548693473,0.9259963557208031,0.423400926564277,2.141620463686595,0.767877606746752,0.8543468051720579,0.6123544219812556,2.5097708485902483,0.7079042222130485,0.19974790525183456,0.5081563169612139,0.14921533385280805,0.0,0.14288044393414331,0.0,,0.0,,0.98,,,,0.18816800894164298
B000893,14861.751016357717,3.066807886165439,6.087754582396723,2.679903732108403,0.015524952752722126,0.38394514208124775,3.052192299333783,110.35873102117542,1.2596749716117988,0.6941674268183631,0.16364353223749262,0.29654396094340285,0.182419542204112,0.47035845235026946,1.9738578486054255,0.649080887272566,0.649080887272566,0.0,0.2797080843979482,0.0,0.07121102832948581,0.0,0.0,0.0,0.0,1.0,,,,0.18699916418064566
B000894,12341.934002187307,3.9877008084611654,10.39333847561177,6.999456542472778,0.05600483508326492,0.6011286010201563,1.0768604459875193,38.89311048965716,1.3423461335839044,0.1699772644864581,0.0857386715752081,1.6320647376563737,0.1438800482045244,0.6136939529546959,2.5389148157689663,0.6214059499527924,0.19063055035743645,0.4307753995953558,0.0,0.0,0.37859405004720764,0.0,0.0,0.0,0.0,1.0,,0.43367818711762096,,0.18699916418064566
B000895,3841.2247611204643,5.247574810273858,10.70713012670765,8.337769144371753,0.23337341871737757,0.13468605325684194,0.9933530250274258,22.197831593054804,1.6566059414035235,0.0,0.0,2.4540365950909626,0.7046212406443951,0.432311033134977,2.420554536196542,0.7041558973847358,0.2365043280757329,0.4676515693090028,0.0,0.0,0.29584410261526417,0.0,0.28,0.28,0.28,0.7,,,,0.3110513158581213
B000896,14695.734746876342,9.060255700910199,18.23586051733376,11.99034706725068,0.0,0.15315100440902785,0.012905478245657739,0.4203435054801202,3.178689223068408,0.5553003280092024,0.10163072382049734,2.192226420629858,0.3108769572436706,2.7215320481385628,2.7754350544474584,0.6379439990242922,0.5423421403299669,0.0956018586943254,0.01121720260171989,0.0,0.35083879837398796,0.0,0.0,0.0,0.0,0.5,0.5451392254682312,0.2644320338456381,,0.18699916418064566
B000897,3988.6722999041276,1.663332902378702,9.941000037501102,2.6884142430176077,0.0,0.4306831457069649,0.2597892484749117,9.371660148969006,0.34346281207477314,0.4396680255981035,0.08408120629996464,0.5653872090175527,0.0,0.23073364938830826,1.6079950232543907,0.915514813122929,0.915514813122929,0.0,0.0,0.0,0.0844851868770709,0.0,0.5,0.5,1.0,1.0,0.6066888592971893,,,0.4052417822251656
B000898,15516.842344368877,14.693979492773558,35.26352943948702,6.017016383509809,0.0,0.3750265063269672,0.06240836632133661,4.034184169982319,11.89269482080371,0.0,0.0,0.8087189451366157,1.3885450002346686,0.6040207265985624,3.4075530062723214,0.1803649963799836,0.030830015304782684,0.14953498107520094,0.0,0.0,0.8196350036200163,0.0,0.0,0.0,0.0,1.0,,,,0.18699916418064566
B000899,18010.148427175307,6.911031629767961,13.935161181541028,11.055175354091615,0.21287756815291137,0.33596835594804736,0.8943620674670874,19.869543056708157,2.0342611077316497,1.0993158431044447,0.0,2.537442322145855,0.641098560996847,0.5989137957891634,1.852494677163943,0.9273075191463639,0.9273075191463639,0.0,0.0,0.0,0.0726924808536358,0.0,0.28,0.28,0.28,0.7,0.7112076041206993,,,0.3110513158581213
B000900,458.761225501746,1.3859855755339758,10.426105239751397,0.8065470866766474,0.29232904837113854,0.24858908426851237,0.47310121333180255,10.564956968857038,0.859088950610377,0.2856339172894397,0.029261763776208895,0.06016589057849592,0.0,0.15183505327945435,1.8915617036288463,1.0,0.7728001743854157,0.22719982561458432,0.0,0.0,0.0,0.0,0.0,0.0,0.0,1.0,0.5409474018838949,0.365629605712557,,0.18877684261687888
B000901,6406.218579334778,3.831470442185872,15.069020160390336,8.412442468183668,0.2919090359804503,0.5668150360598025,0.006896706298311317,0.07586376928142449,1.5753897635736513,0.3215946942550663,0.30979361755935214,1.0947002155057404,0.26772647594220145,0.26226567534986067,2.6848100171157956,0.5888289398691319,0.5048938817477922,0.08393505812133971,0.0,0.0,0.4111710601308682,0.0,0.0,0.0,0.0,1.0,0.18070926718623065,0.33811521128418204,,0.18696941873279815
B000902,2278.221874968584,6.207689032611945,12.220882857726533,12.55197037140468,0.0,0.09643949027331039,0.01657324171569207,0.5434177935282078,1.3517521357516975,0.0,1.8344949211032782,2.2440747192536095,0.0,0.7773672565033615,2.3241468889642287,0.7822455138054921,0.48672572995907143,0.29551978384642064,0.0,0.0,0.21775448619450813,0.0,1.0,1.0,1.0,1.0,0.23755509759147717,,,0.6061389938239665
B000903,2386.775760514491,4.108047780575716,7.987251133934378,5.667045665693411,0.03370034326517321,0.6653807407698605,0.946722978474037,44.495979988279736,1.6885288513527925,0.19636480792791522,0.08452827083693171,1.2306924151685104,0.0,0.9079334352895656,2.3381054349468076,0.6279838269707233,0.6279838269707233,0.0,0.29958084250812606,0.0,0.07243533052115038,0.0,0.0,0.0,0.0,1.0,0.6572583262527306,0.3060592080348559,,0.18699916418064566
B000904,5703.31414112164,9.28878524612645,14.078631097813911,13.048492502762741,0.17901339289510637,0.3224585508981042,0.016132030593515062,0.5814912971060902,3.8286933122857487,0.6842142188721826,1.7041474071862557,1.2675707983560267,0.9673137816157993,0.8368457278104373,2.6827302924749823,0.5570980409587246,0.13303484186595735,0.4240631990927674,0.0,0.0,0.4429019590412753,0.0,0.0,0.5,0.0,0.5,0.2670058218999076,,,0.1858426376147888
B000905,3490.9790608253647,2.522383714469194,14.184554961099202,1.2413851955923945,0.11348540348429723,0.20166416876821314,0.3073609724176371,13.79652865461578,1.502199006828739,0.687158612913255,0.0,0.053191594999073166,0.0,0.27983449972812735,2.223701085395164,0.7909848561708271,0.7909848561708271,0.0,0.021087828427510565,0.0,0.18792731540166246,0.0,0.0,0.0,0.0,0.6,0.5165888039492422,0.343026425952042,,0.18877684261687888
B000906,3113.361113348871,0.9830631870378501,5.450265766283931,0.29015481031447427,0.0,0.021,0.4978120561459383,17.953912980726184,0.6194136269799679,0.0,0.06502606817002587,0.13692167980884817,0.0,0.16170181207900805,3.1116401816723056,0.2970197559422424,0.15773910581290698,0.13928065012933538,0.0,0.0,0.7029802440577576,0.0,0.0,0.0,0.0,1.0,,,,0.18877684261687888
B000907,15992.69263318199,7.035940445746586,13.23251815848673,13.987976053776704,0.0,0.2405906936678184,1.5344610054447458,72.11966725590305,1.9180762568059322,0.0,0.17423033552577355,4.164947020510093,0.22067372142645905,0.5580131114783288,2.2688737118450337,0.727388787384427,0.18582727746282876,0.5415615099215983,0.0,0.0,0.27261121261557303,0.0,0.0,0.0,0.0,1.0,1.0101599699669364,,,0.18699916418064566
B000908,8244.919130161123,5.002984909078351,10.01993633604792,11.56848840329315,0.3384080370540071,0.365,1.3474847205890181,29.955630311773835,1.6767943769553653,0.0,0.0,1.9035319181661146,0.7486626538162785,0.6739959601405912,2.5147391161653205,0.6362952415304557,0.48665204503434706,0.14964319649610877,0.0,0.0,0.36370475846954403,0.0,0.0,0.0,0.0,0.9,0.6093838450212481,,,0.18699916418064566
B000909,51851.13904658538,12.377927678822005,15.909200796587053,13.671153516071412,0.0,0.5256805525143338,0.014213423517164545,0.31695934443276935,6.539086104411289,0.20334646590347244,1.160514891904021,3.068616339259735,0.0,1.4063638773434866,2.033803024172867,0.9910521332419783,0.8972953330718174,0.09375680017016111,0.0,0.0,0.008947866758021667,0.0,0.0,0.0,0.0,1.0,0.25071081879547247,,,0.1858426376147888
B000910,23199.868118512713,6.647526681522267,10.268611723440666,9.771728933710468,0.37126441678499383,0.3002817023749627,1.9383952096871122,70.16708158287413,2.5723465317750693,0.0,1.9231726631535209,1.174456144512194,0.4309299113626742,0.5466214307188105,2.789944162108763,0.3465254517636716,0.28169985090365485,0.06482560086001675,0.28930649778349127,0.0,0.36416805045283734,0.0,0.0,0.0,0.0,0.98,0.5046494015801436,,,0.18816800894164298
B000911,1689.8304335238804,2.811697892718603,14.143976231149571,5.517222358830724,0.18488894214477763,0.36758700166609076,0.490111650713346,17.708317998281164,0.5154252388757333,0.23764852884685214,0.060557541192116635,1.388388866890478,0.22060319125000988,0.38907452566341333,2.12631429870782,0.8894303395939427,0.867892626972348,0.021537712621594686,0.0,0.0,0.11056966040605738,0.0,0.0,0.5,0.5,0.5,,0.37810479314301115,,0.18877684261687888
B000912,8106.434210389707,4.691223501382932,8.657292145833665,7.232663483683053,0.0,0.28220796173375007,0.015011664255223878,0.29128160979993567,1.4123753160783816,0.0,1.4947632563025863,1.332266913346962,0.0,0.4518180156550025,1.713120570102129,0.9843800430919839,0.7003886892470389,0.283991353844945,0.0,0.0,0.015619956908016163,0.0,1.0,1.0,1.0,1.0,0.24621730231635366,0.23206980732879415,,0.6061389938239665
B000913,830432.399412489,1555.1168528323765,3940.555206358498,5269.9384018171995,0.0,0.31777840101730215,0.06881308007783365,3.621375074871172,10.573837841756255,0.8039673097187994,0.07295447009759368,1542.0763393981324,1.1360262520605662,0.45372756061049735,2.342185274353581,0.9930673688710618,0.00020543045932561868,0.992861938411736,4.691253262719115e-05,0.0,0.006885718596310907,0.0,0.0,0.0,0.0,1.0,0.09117938455315895,0.264854463665834,,0.18699916418064566
B000914,20688.091999962224,11.622523595484395,14.987443543307027,6.834582392642042,0.0,0.40125630081165703,0.010669570843777731,0.49506808715128675,7.045943010041899,1.1140697281468972,0.0,0.0,2.4008612020783664,1.061649655217234,3.140970426007879,0.3426297557152947,0.24677538131938143,0.09585437439591325,0.0,0.0,0.6573702442847056,0.0,0.0,0.0,0.0,1.0,0.22350938080940663,,,0.1858426376147888
B000915,883.4154331975202,1.0946907474566545,5.0905970800300135,1.5188090577140434,0.0,0.5997265171268238,0.5795151164019027,20.978447213748876,0.3187333140210465,0.1427776773444096,0.056451450275384986,0.0,0.2242860333333621,0.3524422724824511,2.740733517242325,0.592007216118038,0.5404388161781087,0.05156839993992937,0.0,0.0,0.4079927838819617,0.0,0.0,0.0,1.0,1.0,0.5599426455187504,,,0.18877684261687888
B000916,7095.536239024555,5.947641440925863,11.790439311941425,10.78003877595956,0.02726634239061845,0.3391268034320416,1.3718879994423403,64.20832549526288,1.7065570492130484,0.8848211055844769,0.08658470839777806,2.7786943503876835,0.0,0.49098422734287794,2.402866524157997,0.7106143275717062,0.09465327942185946,0.6159610481498469,0.0,0.0,0.28938567242829394,0.0,0.0,0.0,0.0,1.0,0.8332366534767557,,,0.18699916418064566
B000917,2099.861080264699,3.608008728977146,8.36632085423864,0.5824461681369851,0.0,0.1760091541227572,0.017309885902094698,0.39453496218661877,2.6711120910397486,0.0,0.1043092626558221,0.0,0.2528631069551648,0.5797242683264107,3.232926029011027,0.25105973846377105,0.25105973846377105,0.0,0.0,0.0,0.748940261536229,0.0,0.0,0.0,0.0,0.5,,,,0.18699916418064566
B000918,7572.785644647862,1.991790017003646,10.455642864078648,2.4233849212031298,0.0,0.09912902610474424,0.5148919996239214,11.482091591613447,0.6436149995299018,0.687609124639515,0.047848032523925825,0.4407180652485002,0.0,0.17199979506180282,2.8258820494055876,0.4526266486117982,0.08338232522181173,0.3692443233899864,0.22126733314563726,0.0,0.32610601824256447,0.0,0.0,0.0,0.0,1.0,,0.32123557159178623,,0.18877684261687888
B000919,24356.7136787533,5.160320694651123,8.313293733732817,8.72632555358388,0.0,0.45299999999999996,1.2508646022492946,44.81914771274774,2.1708671374644806,0.0,0.0,1.329848790056664,0.9937078743203773,0.6658968928095994,2.5872506050311346,0.6059412141582505,0.41337413681548085,0.1925670773427696,0.0,0.0,0.3940587858417492,0.0,0.0,0.28,0.0,0.7,0.3352205968934397,,,0.18816800894164298
B000920,7099.248837065296,4.350029924672363,18.2840787458779,8.03292104685565,0.0,0.2508799508120702,0.3283594248427684,11.749847372746293,0.49521743796941886,1.6444108397975914,0.09156950288261075,1.8910347477496836,0.0,0.22779739627305842,2.0303994231134883,0.5006859348561516,0.5006859348561516,0.0,0.3780228799050034,0.0,0.12129118523884509,0.0,,0.0,,0.5,0.7650690404589975,,,0.18877684261687888
B000921,4532.602170476516,2.3880938727484278,6.910024929498991,5.001685079336287,0.3564490066691405,0.24,0.014125824801157191,0.15922773893951023,0.4227491104516407,0.7250953298697839,0.0,0.7460153344246774,0.0,0.4942340980023268,2.6734946929907917,0.8229763430676605,0.20695756713848054,0.6160187759291799,0.0,0.0,0.17702365693233993,0.0,0.0,0.0,0.0,1.0,0.9524366995747169,,,0.18696941873279815
B000922,26876.99463065093,6.15034202074392,8.912104325265112,8.48285660929897,0.06223827387215513,0.4410797295854613,2.840329359388104,102.83198598922905,1.5963552352579524,0.8912094746562492,0.0,1.0916497036183106,1.2079817328122726,1.3631458743991347,2.2453736095609362,0.8367079785231983,0.4628049616382236,0.3739030168849747,0.14490405113250143,0.0,0.018387970344300224,0.0,0.0,0.0,0.98,0.98,,,,0.18816800894164298
B000923,1691.401254963809,5.421157868473746,10.942887884013345,7.686949276999642,0.033970814577348914,0.387121442652896,2.5784520701068314,93.22968429651038,3.0909773544819377,0.0,0.13839622603524912,1.6261736819098946,0.190673808221597,0.37493679782506856,1.3616295541250427,0.9498374886448037,0.5891684648671929,0.360669023777611,0.0,0.0,0.05016251135519626,0.0,0.0,0.0,0.0,1.0,0.22911763013755226,,,0.18699916418064566
B000924,15220.239381074043,5.1751919010792395,9.965472707973754,4.415829792951341,0.02943318407251526,0.030818895680939415,1.378421475821619,49.80856477405364,1.7191773968451955,1.4948906453682604,0.04563633132154814,0.719753716405561,0.7209760683261817,0.4747577428124929,2.6833852447478033,0.667804125971314,0.23081491122463485,0.43698921474667907,0.0,0.0,0.3321958740286861,0.0,0.0,0.0,0.0,1.0,,,,0.18699916418064566
B000925,4410.255847705051,2.134683372558108,10.093205066050972,3.9804546701448347,0.010430329408009684,0.4425362303531758,0.42082162489951846,9.38933173048002,0.5796358378932848,0.5204490802565189,0.02523412845450246,0.513520546624035,0.11207526612554375,0.38376851320422234,2.7342875011401153,0.6027229558163825,0.5909019388080086,0.011821017008373952,0.05250205607365453,0.0,0.34477498810996265,0.0,0.3,0.3,0.3,1.0,,,,0.32025669999791706
B000926,4426.552263491206,2.9256789580245908,13.177804783304694,4.754455548820769,0.0,0.4818744749559051,0.3695259521763833,17.21673790852151,0.977741429473516,0.4214049729179986,0.04106188532131679,1.0873626150510756,0.0,0.3981080552606858,2.051522964530807,0.8316937387106124,0.4459971135640512,0.3856966251465612,0.0,0.0,0.16830626128938841,0.0,0.0,0.0,0.0,0.6,,0.23181808387436112,,0.18877684261687888
B000927,6238.205671475545,5.851975301571806,11.972833028761373,10.130845170407733,0.0,0.3118868767663891,0.988885452922236,35.605176891845986,1.6886674262536048,0.7275541462022486,0.6602024334396859,1.4578559449264965,0.6667364322130986,0.6509589185366725,2.5132745954650852,0.7116910617636246,0.484940469481327,0.22675059228229769,0.0,0.0,0.28830893823637554,0.0,0.28,0.28,0.28,0.7,,,,0.3110513158581213
B000928,2616.0531388558347,1.4095113894697386,8.405702959556256,2.461185123479546,0.031631181767217464,0.37169199875711145,0.24300564313185988,8.782786446392702,0.37163699077202433,0.5895115657414488,0.024902800677339382,0.25301412558271974,0.0,0.1704459066962061,2.0930310749766647,0.7186686149456777,0.5391637684627385,0.17950484648293918,0.017667683186801262,0.0,0.2636637018675209,0.0,0.0,0.5,0.5,0.5,0.7865586558875575,,,0.18877684261687888
B000929,5604.905272851915,12.00193848576427,20.306200026552084,11.651917556526389,0.0,0.021,1.6279139344566276,58.871424857368275,0.9932910695532193,0.0,0.0,4.840597955257032,2.2298815252242106,3.938167935729806,2.429916248775887,0.9254980734219219,0.7397046261492903,0.1857934472726315,0.0,0.0,0.07450192657807814,0.0,0.0,0.0,0.9800000000000001,0.92,,,,0.18816800894164298
B000930,1168.5649660308998,1.425079226866951,5.8894905793764725,1.6543109419637712,0.030919248013754366,0.38746281676714217,0.6733351399923749,24.387022763195745,0.3696583387448586,0.6760997404964888,0.033325068082694635,0.07726108897560093,0.0,0.2687349905673084,2.790506950841124,0.2566514198037871,0.20243612600186978,0.054215293801917315,0.4744295810015419,0.0,0.26891899919467127,0.0,0.0,0.0,1.0,1.0,,0.3591726459225892,0.5366563695644859,0.18877684261687888
B000931,1656.7092286407994,3.4804815727747886,7.813445251072932,0.4606199552302073,0.1404456531736695,0.39471315278058844,0.011698733616262653,0.26088175964265714,2.881461481838092,0.0,0.04214790875365513,0.0,0.16108850974029162,0.3957836724427507,3.479007978381811,0.09694912441970512,0.09694912441970512,0.0,0.05839318905858133,0.0,0.8446576865217137,0.0,0.0,0.0,0.0,0.5,0.5506951471090039,,,0.18699916418064566
B000932,4237.770131836591,6.420863836116046,13.892161394118366,4.115416563368582,0.0,0.10784710461931318,0.01217217249529027,0.4406326443295078,2.780445493848031,0.41293232550369063,2.260546527788212,0.0,0.0,0.9669394889761145,2.963753779170356,0.5669670678564165,0.21490438820993338,0.3520626796464831,0.0,0.0,0.43303293214358385,0.0,0.0,0.0,0.0,1.0,,,,0.1858426376147888
B000933,4752.592052496486,5.591284767642924,12.092291159651419,9.729257705909891,0.25804491682752206,0.324343091055834,0.011972747743434875,0.24312840197502844,1.2929405676566457,0.7229260107649139,1.1605528219287442,1.3143069674892582,0.5953644064816642,0.5051939933216978,2.2549310054897065,0.7057920805704526,0.5993112928403997,0.10648078773005287,0.0,0.0,0.2942079194295474,0.0,1.0,1.0,1.0,1.0,0.24775359092243301,,,0.6061389938239665
B000934,837.6830105350302,0.5092297936383162,3.3722757113343587,0.1696541353259594,0.0,0.021,0.4197241094505551,15.169869787275882,0.23039537356210213,0.0,0.0,0.11807927818686774,0.0,0.16075514188934648,2.936585215398825,0.5475610884508815,0.31568290759421636,0.2318781808566651,0.0,0.0,0.4524389115491187,0.0,0.0,0.0,1.0,1.0,0.7915505767362814,,,0.18877684261687888
B000935,5697.536409739864,9.279375260162645,16.290125380375382,20.28500468447156,0.14634044878771857,0.4149454679462473,0.02213412548705267,0.3344197565062417,1.4974873683293772,0.0,1.4081762188721572,5.087222190547067,0.8077434925940853,0.47874598981996147,1.6998620318906246,0.8292360545044918,0.7421888697590042,0.08704718474548764,0.0,0.0,0.1707639454955083,0.0,0.0,1.0,0.0,1.0,,,,0.1858426376147888
B000936,5537.213990861118,2.4403763732309907,14.485546981537926,5.387620383404182,0.0,0.26583426038121094,0.4165803784277052,19.55834216938795,0.7819027010355548,0.0,0.02898279299586931,1.3719254798960383,0.0,0.25756539930352773,2.149617421387823,0.7919076386557047,0.7800312767494891,0.011876361906215677,0.0,0.0,0.2080923613442952,0.0,0.0,0.0,0.0,0.6,0.5861485705336771,0.3861177463415843,,0.18877684261687888
B000937,8587.908180088909,7.467746243555573,10.260500227088098,9.999010612276631,0.17416958835217877,0.433,0.026337862496613195,0.8686749760027227,4.272080408925742,0.0,0.0,2.212963734822125,0.0,0.9827020998077058,3.0347076670463884,0.41321215092407404,0.11687592542205696,0.2963362255020171,0.0,0.0,0.5867878490759261,0.0,0.0,0.0,0.0,1.0,0.18025853867166242,0.27530401632919116,0.593456733459989,0.1858426376147888
B000938,19816.11303554599,7.282658226955528,13.260195100693972,8.940356375563265,0.14268172190203096,0.17722173849909087,3.2688085220178817,118.23856473654068,2.4024268857212983,0.0,1.379988770109292,1.5447949182762863,1.3491556735379018,0.6062919793107486,1.6855330637239627,0.9756287980044209,0.5740194409210436,0.4016093570833774,0.0,0.0,0.024371201995579028,0.0,0.0,0.0,0.0,0.98,0.3797810868911319,0.4695664900461272,,0.18816800894164298
B000939,30764.609145697144,6.63888846475985,9.842867510854845,9.168327510283177,0.0,0.42623064556830154,0.016867099112740716,0.3325063113528136,1.745916964965373,0.4710247622826334,0.92543821788253,0.46422433625283377,1.8486485433250512,1.183635640051428,2.55926880353969,0.5507308295391788,0.5507308295391788,0.0,0.06992500909105516,0.0,0.3793441613697659,0.0,1.0,1.0,1.0,1.0,,,,0.6061389938239665
B000940,1435.6310608162726,1.5453509804265582,4.727147706251783,5.308023337160041,0.14262270894106305,0.7910756231022837,0.011779631164980802,0.12194764001751959,0.384845130831254,0.3025628074555949,0.0,0.08644261755208334,0.24403825756799793,0.5274621670196279,2.379659078747877,0.7509658739628027,0.6950286670454312,0.05593720691737152,0.0,0.0,0.24903412603719738,0.0,0.0,0.0,0.0,1.0,0.9156173306419124,0.426276635719727,,0.18696941873279815
B000941,11207.54072237188,13.785412942646838,32.50772362445883,8.314946783811115,0.0,0.43299999999999994,0.06263377587581759,3.838320348114882,11.422165139631868,0.0,0.06280023679579265,1.6526414091322779,0.0,0.6478061570868945,3.2888053525311753,0.16237375179025237,0.15781819461854715,0.004555557171705212,0.0,0.0,0.8376262482097473,0.0,0.0,0.0,0.0,1.0,0.125461906375914,0.22879907210294223,,0.18699916418064566
B000942,3694.8067338543806,8.881746956380722,12.722251894492551,10.959909013528128,0.0,0.3060983581243783,0.022415051915067322,0.6727874485081193,4.040092366043263,0.5384232174685287,0.0,1.9523170017095524,1.7030001740701124,0.6479141970892666,2.758380921082871,0.5108126170439623,0.09925876466206639,0.41155385238189585,0.0,0.0,0.4891873829560378,0.0,0.0,0.0,0.0,1.0,0.24230921362942123,,,0.1858426376147888
B000943,1524.9022626366545,1.39387775378122,4.917335002500683,1.8643676821677058,0.0,0.47,0.008690950321041403,0.020076095241605644,0.34763801284165613,0.0,0.5742252461076534,0.0,0.0,0.47201449483191027,2.890450478349359,0.5821621412379808,0.17019972591860802,0.4119624153193728,0.0,0.0,0.41783785876201907,0.0,0.0,0.0,0.0,1.0,0.6761041336159817,,,0.18696941873279815
B000944,7601.8629172037145,5.622679672487955,11.574243281501117,7.783287675434148,0.5182722966636805,0.3570755202390304,0.01195718606687998,0.2666452492914236,3.213147333297314,0.41256617728750344,0.0,1.0467516657533127,0.3007237870763768,0.6494907090734451,2.06464662779196,0.6581463379881666,0.6046622690756456,0.053484068912521006,0.18616597898598414,0.0,0.15568768302584915,0.0,0.0,0.0,0.0,0.5,,,,0.18699916418064566
B000945,5499.415104213682,10.678475930512004,18.70990671103754,1.1473065820379182,0.0,0.13399103566178974,0.04240442494766912,2.42177862768045,9.373551772402937,0.0,0.14690453834755174,0.5145376527729328,0.08773989768155627,0.5557420693070239,3.485355407613036,0.10572877576355594,0.0575442168320023,0.048184558931553656,0.008216518747853691,0.0,0.8860547054885902,0.0,0.0,0.0,0.0,0.5,,,,0.18699916418064566
B000946,6954.530256444719,3.1945476602869634,10.753472170280471,3.995778366778677,0.0,0.3822717818018736,0.007827206153031745,0.28334486273974924,1.7879404918092823,0.0,0.4425066983815682,0.7061371806451212,0.0,0.2579632894509913,3.0526968949388014,0.4258474887184922,0.20480299173900776,0.22104449697948458,0.0,0.0,0.5741525112815076,0.0,0.0,0.0,0.0,1.0,,0.2581158583620385,,0.18696941873279815
B000947,21509.362727418746,6.488495543716062,10.807350516248379,6.4246329006020515,0.0,0.261732157846194,1.3733680822145737,30.61910179747875,1.9110836859494176,1.103913945939551,0.0,0.6292573900603338,1.7115974189305623,1.132643102836199,2.5888466762782483,0.6544112315591059,0.2204876284833725,0.4339236030757334,0.0,0.0,0.3455887684408944,0.0,0.2,0.2,0.2,0.98,0.3357827978858232,,,0.27637726888891634
B000948,37261.959261414806,15.842669754002893,22.930417510748565,19.814572596352132,0.3371823390132807,0.3865158502242608,0.018109310107328976,0.580393412795969,3.987447154149189,0.6933484950662417,0.9620055461569852,3.191239492139574,0.8499985686320992,6.158630497858801,2.3029672805340113,0.9433294149771393,0.5837566794187546,0.3595727355583846,0.0,0.0,0.05667058502286053,0.0,0.5,0.5,0.5,0.5,,0.2330740579891993,0.1771598058157209,0.4023874260919753
B000949,28233.911856410174,5.811838587157302,22.210727449858492,8.222038068369846,0.0,0.3519155397872919,0.0068647254870339465,0.07551198035737341,1.5680845021143532,0.5055574635531015,0.9629552285843606,1.1567355238918997,1.3964379201003487,0.22206794891323794,2.549071626114461,0.7188693800527719,0.466193282787699,0.25267609726507284,0.0,0.0,0.2811306199472281,0.0,0.0,0.0,0.0,1.0,0.18998325645963363,,,0.18696941873279815
B000950,22493.04554314662,7.52779301979472,14.293828940543303,10.88542360962076,0.0,0.649119124637952,0.7530053636522442,35.17794778147875,3.4335045059384446,0.46392934972851557,0.3358226026869683,2.3556764324669888,0.0,0.9388601289738034,2.0164875707306864,0.9321177435760483,0.9321177435760483,0.0,0.0,0.0,0.0678822564239517,0.0,0.28,0.28,0.28,0.7,0.2850523816233213,0.41021895362687105,0.2483457422667336,0.3110513158581213
B000951,3488.995310995445,7.983970963376304,15.864174024767635,13.322437141510527,0.0,0.04861807425837966,0.006856114174619723,0.15289134609401983,0.6468295653116334,0.0,0.0,2.9093217828869977,3.8682971188586643,0.5595224963190085,1.5603312986378997,0.9902627191898762,0.9902627191898762,0.0,0.0,0.0,0.009737280810123735,0.0,1.0,1.0,1.0,1.0,0.1663304558239651,0.2587654150502207,0.5798456787081522,0.6061389938239665
B000952,28830.755125323216,7.573090392782563,9.6974434396091,14.770913346672225,0.0,0.4111803985452567,0.02250870752352444,0.39392731873949066,1.9459099514695442,0.6398039984514774,0.0,4.2147288765182775,0.0,0.7726475663432648,2.3171823345187557,0.6916012372910093,0.13506108552746113,0.5565401517635483,0.0,0.0,0.30839876270899064,0.0,0.0,1.0,0.0,1.0,0.32540335330250814,0.1779629479140784,,0.1858426376147888
B000953,4766.783664993596,3.1799757605027326,9.821375375034574,1.922958979118699,0.0,0.021,0.014918214254686719,0.3326761778795138,1.491821425468672,1.3383794494666144,0.0,0.0,0.0,0.3497748855674455,3.0202934861499497,0.4847798853875362,0.0639026365449143,0.42087724884262184,0.0,0.0,0.5152201146124636,0.0,0.0,0.0,0.0,1.0,0.42020893241269747,,,0.18696941873279815
B000954,3466.2332286790074,6.360060970053224,13.679190879120663,7.803471136573725,0.0,0.30166042919773634,1.3142118184244023,47.56345703537292,1.7233947773881018,0.8688952792141715,0.6426491054299147,0.9445687983978525,1.4941392648341776,0.6864137447890055,2.453274128928003,0.5042241319320923,0.26929882667646143,0.23492530525563088,0.23766193307914732,0.0,0.2581139349887602,0.0,0.0,0.0,0.0,0.98,0.23018213541308694,,,0.18816800894164298
B000955,20213.532673599944,4.263558884960967,11.85180165340184,4.882202448365648,0.0,0.42751642204049306,0.015545239604165416,0.5627376736707881,1.5545239604165417,0.0,0.0,1.2394047235303023,0.7435102328513065,0.7261199681628155,2.4976133339514304,0.6353928719268118,0.17030841786285383,0.46508445406395793,0.0,0.0,0.36460712807318796,0.0,0.0,0.0,0.0,1.0,0.965235622200297,,,0.18696941873279815
B000956,6801.978791094531,2.53994727075972,6.86549804651401,1.309635176638788,0.0,0.10171664653886403,1.0031716099675791,47.13245249873383,1.251682483648706,0.5755530495399545,0.0,0.32388575490205573,0.0,0.3888259826690041,2.9124092295136426,0.4842720623873067,0.13015494554929435,0.3541171168380122,0.0,0.0,0.5157279376126933,0.0,0.0,0.0,0.0,1.0,0.8697848451805945,0.2980401099223953,,0.18699916418064566
B000957,9814.06629812933,7.307569842240752,24.149780184743452,1.210904827460927,0.14353317132840973,0.44069539256027507,0.07785268932425,5.159710830344722,6.497201267601896,0.2939859935368064,0.0,0.05178631603134639,0.12427637606964786,0.34031988900105653,1.4408790723627825,0.9947165307643608,0.9876298634933894,0.007086667270971567,0.0,0.0,0.005283469235639206,0.0,0.0,0.0,0.0,1.0,0.211015659739848,,,0.18699916418064566
B000958,33020.12420259514,12.933852018251134,30.47825004353575,4.043493397793843,0.0,0.33601222043825035,0.05492116434508912,3.657749545382935,10.984232869017825,0.6328029067507553,0.0,0.8022157839644859,0.0,0.5146004585180699,3.4159748081360806,0.1048059410577731,0.1048059410577731,0.0,0.04593176233346544,0.0,0.8492622966087616,0.0,0.0,0.0,0.0,1.0,,,,0.18699916418064566
B000959,12325.565167635965,12.276459330314706,30.310222793597564,2.129953793590419,0.0,0.2568421310699215,0.054953887544259936,2.463748014355208,10.561396468221458,0.0,0.0,0.7482023751741484,0.23307647217999325,0.733784014739107,3.4264856661694396,0.13970337993611737,0.1101633209832508,0.02954005895286657,0.0,0.0,0.8602966200638826,0.0,0.0,0.0,0.0,1.0,0.19328585340965507,0.2328431770804085,0.495160761098489,0.18699916418064566
B000960,10560.77558574814,4.837735036989528,12.868893423502483,5.488054665591673,0.0,0.28021049131146225,0.015111744193179667,0.27583107287437036,2.3090356546890805,0.4577767413059958,0.0,1.4051227858025015,0.28901737845609854,0.37678247673585435,2.062274261615084,0.9183916060546738,0.6279410594540701,0.29045054660060393,0.059742291846547876,0.0,0.02186610209877854,0.0,0.0,0.0,0.0,0.5,0.4260305731345655,0.21634793088740487,,0.18699916418064566
B000961,31579.498449126244,8.16640766721651,23.66889132548891,1.8554859924110105,0.13850754877873533,0.2915058706184925,0.0349788395859367,1.5763427662683844,6.615970152390381,0.0,0.0,0.09703481202838819,0.770388612805554,0.6830140899921875,1.2937236028742334,0.9606511676607697,0.9606511676607697,0.0,0.011882190552147901,0.0,0.02746664178708244,0.0,0.0,0.0,0.0,1.0,,,,0.18699916418064566
B000962,12663.287407224572,4.257998455690845,10.527804982625229,3.546266836838432,0.0,0.3445895949182411,0.017789011558389172,0.6355802773743116,1.8904593639169514,1.5666926328215656,0.0,0.3885398266411821,0.0,0.41230663231114545,2.8688302839173185,0.5063920122242713,0.5063920122242713,0.0,0.0,0.0,0.4936079877757286,0.0,0.0,0.0,0.0,0.95,,0.4393250505927773,,0.18696941873279815
B000963,22995.166070071402,4.909301039724894,13.750400032977604,13.920412216237086,0.0379997347032611,0.5371120059693782,0.012079140515107646,0.19012040542562375,0.3532310262678767,0.30857943477690725,0.5588224858322574,1.8856682958497382,1.2232390623043596,0.5797607346937541,2.1026198198962014,0.9450088535358354,0.5820118538170158,0.36299699971881944,0.0,0.0,0.05499114646416473,0.0,0.0,0.0,0.0,1.0,0.5850812687915472,,,0.18696941873279815
B000964,16932.885596914548,8.701380060079419,17.291659443411238,6.707392219349083,0.0,0.433,0.009753587295646713,0.17693181001361027,4.756974433790272,0.5577373341071074,0.0,0.0,2.6349813623030562,0.7516869298789851,2.9185830906193204,0.4533080498788313,0.4533080498788313,0.0,0.0,0.0,0.546691950121169,0.0,0.0,0.0,0.0,1.0,0.22671159154077816,,,0.1858426376147888
B000965,1367.0175726903087,1.4527285575880007,10.866724209648677,2.512329815731604,0.0,0.24,0.20356722947777334,7.363375575521223,0.37801466880743273,0.0,0.0,0.885803008650918,0.0,0.1889108801296497,1.9256017696401873,0.919201320069302,0.919201320069302,0.0,0.0,0.0,0.08079867993069795,0.0,0.5,0.5,1.0,0.5,0.5507634928353222,,,0.4052417822251656
B000966,18142.183726286676,6.951028247619416,20.777572995732804,2.7619206210131386,0.0,0.45300000000000007,0.025056571409295576,1.01755659165573,5.553767821096256,0.0,0.0,0.8435570964049782,0.13221682491568854,0.4214865052024933,3.361852942410348,0.1982710014229282,0.07691383434568617,0.121357167077242,0.0,0.0,0.8017289985770718,0.0,0.0,0.0,0.0,0.5,0.15964295963557149,,,0.18699916418064566
B000967,7185.106024719942,2.7403150361250734,11.853693954416972,3.4594858500250623,0.0,0.40641853736715927,0.3929089783554834,18.40629618231167,1.073855073427682,0.6457255083417536,0.08154281926153575,0.3638509174484516,0.1857435500379363,0.3895971676077142,2.3055421834586367,0.7720783728831693,0.6393013335092755,0.13277703937389365,0.0,0.0,0.22792162711683078,0.0,0.0,0.0,0.0,0.6,0.7932542245013571,,,0.18877684261687888
B000968,2215.8640839626137,6.460245142748144,11.353369708341488,10.843760221504168,0.2582261266834019,0.16123148241201013,1.0884207296584867,39.23683866792669,1.740543971931512,0.0,0.0,2.9099165395549442,1.1882897817384048,0.6214948495232852,2.1525451863614737,0.7911164207859294,0.7911164207859294,0.0,0.0,0.0,0.20888357921407077,0.0,0.28,0.28,0.28,0.7,,,,0.3110513158581213
B000969,1247.9874677338682,1.0105161682055612,7.623027428969708,1.480865064973207,0.13220668401370028,0.3784368938664024,0.3863694812159999,8.602344524555939,0.481851693724859,0.2247570116888349,0.0,0.16402983231328708,0.0,0.13987763047858,2.8107158515489243,0.35340747791446236,0.35340747791446236,0.0,0.16232281825293843,0.0,0.48426970383259893,0.0,0.0,0.0,0.0,1.0,0.6154629673517769,,,0.18877684261687888
B000970,5453.50845364972,1.5361995644083717,6.425518620880302,1.519721970857537,0.03138616044076424,0.2560722084187214,0.988316830784829,35.78121433725326,0.3639997474479293,0.9427880508091495,0.03107615742332631,0.0,0.0,0.1983356087279665,1.5760437753546794,0.9740352008950605,0.9740352008950605,0.0,0.020229245042973635,0.0,0.005735554061965846,0.0,0.0,0.0,1.0,1.0,0.6211350966865792,,,0.18877684261687888
B000971,2173.8895735968986,5.661170764575257,8.685951264507217,3.5119765236467906,0.0,0.3175518498735204,3.0791838235069124,68.7069842236531,3.00847948330772,0.0,1.150449806335881,0.8945062851484812,0.0,0.6077351897831746,1.8134163547324738,0.9442045372024487,0.7409868894440003,0.20321764775844847,0.0,0.0,0.0557954627975513,0.0,0.0,0.0,0.0,0.98,0.4185037551888521,,,0.18816800894164298
B000972,25866.97052062634,8.709417683712571,13.444644704444784,11.128082234872581,0.0,0.365,0.020212291382552306,0.20534909989098843,3.775356054528957,0.7112302763080228,1.1190595629856706,2.609242739563774,0.0,0.4945290503261476,2.6330090722602555,0.5642022119224734,0.4357137637133105,0.12848844820916291,0.0,0.0,0.43579778807752645,0.0,0.0,0.0,0.0,1.0,0.12615564500611795,,,0.1858426376147888
B000973,691.2376648465054,0.9107215610625894,6.142409506734088,0.5463961960862517,0.06935522953797525,0.093031211931885,0.3979939248575668,18.643902914846493,0.4348160456666413,0.0,0.02468947532052374,0.11845928526971942,0.19842303244115214,0.13433372236455268,2.2105011037195363,0.9082214267839334,0.778149525190315,0.13007190159361814,0.02710979554685974,0.0,0.06466877766920676,0.0,0.3,0.3,0.3,1.0,,0.2906257500416113,,0.32025669999791706
B000974,6528.640853757579,5.721858767535126,12.100433336952669,11.587266325065828,0.0,0.4127686320692265,0.9730677083753468,45.536564597273646,1.6708708180029554,0.0,0.7252982654809443,1.663268009043904,1.1211814078855837,0.541240267121738,2.279824689675491,0.6912563956600073,0.27381053207505207,0.4174458635849553,0.0,0.0,0.30874360433999265,0.0,0.28,0.28,0.28,0.62,0.3562289382825388,0.5009604710220001,,0.3110513158581213
B000975,608.8758387126992,1.2502583957139615,8.094411071964474,1.7168930007013972,0.15665053948133495,0.31781485601968196,0.3190666432423345,11.550212485372509,0.4394794615027873,0.0,0.04681259395090363,0.4358446785697763,0.20298044425865325,0.125141217431841,2.39851005522576,0.6470613495128354,0.6096190143032636,0.03744233520957182,0.0,0.0,0.3529386504871648,0.0,0.3,0.3,0.3,1.0,0.9121214616278411,,,0.32025669999791706
B000976,19390.25913518553,6.14588245172283,10.042385488523289,6.8137019266237315,0.0,0.330815461750716,1.5723053147699482,73.50489913044436,2.255589725716317,0.0,1.2811454157308622,1.2336674964818055,0.8284827810990133,0.5469970326948312,1.9942080056270848,0.9783726035327618,0.6428389688139994,0.3355336347187622,0.0,0.0,0.02162739646723819,0.0,0.0,0.0,0.0,0.98,0.3382377370866235,0.39070688909578744,,0.18816800894164298
B000977,24209.041706049557,6.297877655059718,15.634132488442782,13.442687646066032,0.0,0.2873880749641633,0.049516423790894104,0.49703396578012876,2.3879474447696527,0.4202773977568479,0.08218042155177842,2.857039732496744,0.0,0.5504326584846965,2.1943060534071344,0.8727292110118431,0.8596803037365874,0.013048907275255598,0.0,0.0,0.1272707889881569,0.0,,0.0,,0.5,0.5543347873754741,,,0.18699916418064566
B000978,11704.486127027334,7.26535451708711,11.74819642657953,5.684412349788998,0.0,0.36500000000000005,0.029010078563552266,0.6704874380921878,3.7270240462054494,0.0,0.0,0.512426066757999,2.4889436539305922,0.5369607501930709,3.1079967826430726,0.14443711101544424,0.07390702668812835,0.07053008432731585,0.34257704122722993,0.0,0.512985847757326,0.0,0.0,0.0,0.0,1.0,,0.28611135879340793,0.29334625736487663,0.1858426376147888
B000979,13206.056176247137,3.3458465103235717,10.809526865472655,3.8572365464620346,0.0,0.1494567123306961,0.013793554750282797,0.04150842568407958,0.27428571637380644,1.2648798979330376,1.1070475907822075,0.20593742033355433,0.0,0.49369588490096455,1.9831264511092608,0.9381325697659894,0.5457102015956137,0.39242236817037524,0.0,0.0,0.06186743023401067,0.0,0.0,0.0,0.0,1.0,,,,0.18696941873279815
B000980,13504.896588000885,3.990808684397425,8.813116856734302,6.25562947641937,0.1705527166148292,0.3029981774736966,0.6729772823751412,31.633899947896264,1.2935490906502758,0.95472458208365,0.0,0.6840562814331148,0.5050138140377144,0.553464916192669,1.8633200775897627,0.9114459086144406,0.374262884548186,0.5371830240662545,0.0,0.0,0.08855409138555928,0.0,0.0,0.2,0.0,0.98,0.24095759866238153,,,0.18816800894164298
B000981,268.0817240226413,0.6769740505622255,5.14281840533114,0.08945751622263878,0.0,0.24000000000000002,0.39632892646109624,18.559137988213667,0.49328249545617286,0.0,0.06002599338539063,0.0,0.0,0.12366556172066222,3.3048772106729998,0.27134209199525056,0.27134209199525056,0.0,0.0,0.0,0.7286579080047496,0.0,0.0,0.0,0.0,1.0,,,,0.18877684261687888
B000982,9225.128145574397,3.5345318565419146,9.156412302738886,1.0429710654104043,0.0,0.021,0.02872503908835029,0.4904447398519104,2.45649363830861,0.7259078615256414,0.0,0.0,0.0,0.35213035670766313,1.4346527532591622,0.97901213315548,0.7736361764549936,0.2053759567004862,0.0,0.0,0.020987866844520125,0.0,0.0,0.0,0.0,1.0,0.1570057830143158,,,0.18696941873279815
B000983,9763.659026318668,5.563338476534853,10.41253156831882,7.402493875754293,0.0,0.421264838080664,0.02578419296263404,0.5749875030667391,1.2533270766233493,0.661227467059123,0.6006679738995232,0.5942849081156178,1.4738915142749969,0.9799395365622429,1.6916892814514113,0.9566625816927941,0.47694264238893236,0.47971993930386164,0.0,0.0,0.04333741830720596,0.0,1.0,1.0,1.0,1.0,0.2345442144413137,0.2894217517089385,0.5199392372756076,0.6061389938239665
B000984,950.8229016641886,1.3962157146317014,8.6863414778846,1.2429193167476245,0.0,0.12836809436649357,0.6368749162649227,14.202310632707777,0.4395976916952734,0.6500692624438796,0.0,0.0,0.14333505467497792,0.16321370581757022,1.6549553657674847,0.9764985654265947,0.8738388881482972,0.10265967727829745,0.0,0.0,0.023501434573405176,0.0,0.0,0.0,0.0,1.0,,,,0.18877684261687888
B000985,13187.26522729885,10.54137907857622,15.86741312373934,12.64397755578848,0.0,0.1625809879658076,0.02449574630934022,0.4409428742137115,4.0929077786910675,1.0827511318598642,0.0,2.09707960178546,2.833342860673641,0.43529770556618785,2.5509746157693955,0.6095032401580543,0.30785098859375415,0.30165225156430014,0.0,0.0,0.3904967598419458,0.0,0.0,0.0,0.0,1.0,0.21789162577914287,,,0.1858426376147888
B000986,3549.2461473263193,5.752424874110728,20.811701577491586,8.616580914124986,0.0,0.24243989769061236,0.014295596535854167,0.3024666631578618,1.281864873970563,1.6823707764331928,0.40951884182773557,0.7120351290682262,1.1482140557749867,0.5184211970360231,2.5845307186152353,0.45768546116738373,0.13430024092480022,0.32338522024258337,0.2924628853485499,0.0,0.24985165348406627,0.0,0.0,0.0,0.0,0.95,0.8108961579192133,,,0.18696941873279815
B000987,3242.334076115224,9.766066494322963,18.508853211798808,19.381548575241823,0.0,0.406320085052293,0.011640023491038914,0.25957252385016777,2.444309364423077,0.5635797273640974,0.0,6.353700782827625,0.0,0.4044766197081657,1.568451281669002,0.8810591630507526,0.8233512078886915,0.05770795516206116,0.0,0.0,0.11894083694924751,0.0,0.0,0.0,0.0,0.5,,0.14881946471785615,,0.18699916418064566
B000988,596.834829021423,1.7003841282661625,8.502988602930097,2.821544376161502,0.0,0.36499999999999994,0.2856076079789637,10.220369523698801,0.39200160556547875,0.0,0.0,0.9221910228066368,0.12573812039255497,0.26045337950149156,1.5807962703905747,0.898874754163871,0.8286553967254862,0.07021935743838463,0.0,0.0,0.10112524583612888,0.0,0.0,0.5,0.5,0.5,0.713651718548168,,,0.18877684261687888
B000989,15894.57766286792,4.895157888163819,16.95042040088022,6.8944693479220955,0.0,0.32448754861201323,0.009247765256150703,0.14466252877811464,1.747825156030016,1.077286879528139,0.0,0.0,1.7678562950057803,0.3021895575998827,2.748224501077679,0.6338136398825442,0.05259782631025972,0.5812158135722844,0.0,0.0,0.3661863601174557,0.0,0.0,0.0,0.0,0.9,0.11661759514201955,0.30825457135737244,,0.18696941873279815
B000990,6291.95953801698,1.700529604869454,7.621813768208291,0.5352829971646829,0.18625373982031526,0.43299999999999994,0.4591300819994285,21.125824309503262,1.2013853635503884,0.0,0.019362658925689023,0.0,0.1879755807246449,0.2918060016687317,2.11480526474364,0.9787370667470073,0.9787370667470073,0.0,0.0,0.0,0.02126293325299251,0.0,0.0,0.0,0.0,1.0,,0.2742111190512744,0.6182219421629273,0.18877684261687888
B000991,4913.935463608894,12.697507657904119,22.19089364744175,8.939669016151486,0.09377439475576609,0.17667119505051535,0.020713393960983966,0.4041467980561635,3.107177279016481,0.5699105528850312,1.151763288004606,0.09999666787181972,3.379171840585711,4.389488029540472,2.262567954635231,0.8034762087904831,0.8034762087904831,0.0,0.0,0.0,0.1965237912095171,0.0,0.5,0.5,0.5,0.5,,,,0.4023874260919753
B000992,20268.227342451388,4.666872517257976,9.190385646159907,3.6709281528782975,0.0,0.4025591564275831,1.0588794852818983,23.626367823721232,1.826932950912584,0.726987632204157,0.0,0.0,1.1109882763494936,1.0019636577917401,2.8827185600457867,0.3704732202566664,0.3704732202566664,0.0,0.23805841540369643,0.0,0.391468364339637,0.0,0.28,0.28,0.28,0.7,,,,0.3110513158581213
B000993,931.2510063716044,1.057038599740754,6.119689865044617,1.7911462859551663,0.0,0.18841640028559595,0.4954677518697069,17.94872590693445,0.2718036326195305,0.0,0.057982201767266255,0.3396866765024438,0.2277732181061115,0.15979287074540197,2.728535295284164,0.32741291203143774,0.2725594735841693,0.054853438447268414,0.32135692734944044,0.0,0.3512301606191217,0.0,0.0,0.0,1.0,1.0,0.8743365045825365,,,0.18877684261687888
B000994,19944.49630684418,5.8147219553481575,9.270402983851666,8.043398196158918,0.12593585287586254,0.44250775538793324,1.4128846561526052,66.32171698196998,1.9712073320151835,0.3948873483719551,1.9921681843042884,0.2719285280604241,0.4205421331187383,0.7639884294775687,2.80504415236707,0.3149446549406106,0.2426209675230309,0.07232368741757976,0.3426076430829111,0.0,0.3424477019764784,0.0,0.19999999999999998,0.19999999999999998,0.19999999999999998,0.98,,,,0.27637726888891634
B000995,2952.7222625686572,2.3249781595028796,11.271600593983782,5.236633423224703,0.28585835644628804,0.20623821560991085,0.6042928558096401,21.77956560281934,0.3305633327137434,0.27627082794133195,0.0478230462924059,0.708697458232418,0.6871429547652042,0.2744805395577758,2.6049043630976665,0.7072012685837905,0.3910838899952714,0.31611737858851907,0.11882727879061168,0.0,0.17397145262559763,0.0,0.0,0.0,1.0,1.0,0.47065793470419776,,,0.18877684261687888
B000996,20194.302081387068,6.985230744167094,11.639902524670703,5.559586830089472,0.1703560686034239,0.2856140684311585,1.2250324176698473,57.364197656399035,2.8293210326281333,2.931597805091986,0.0,0.11297437452553563,0.0,1.111337531921438,2.610576851890192,0.3000771661301617,0.3000771661301617,0.0,0.41968517754978535,0.0,0.2802376563200528,0.0,0.0,0.28,0.0,0.7,0.5560635211391052,,,0.18816800894164298
B000997,3647.0140223440144,3.352034947007366,6.776528504361514,4.578133356614655,0.0,0.3165827438350334,1.4334132998849214,51.845140722507175,0.8508112817583471,0.0,0.0,0.6161561713325299,1.3455477233619693,0.5395197705545199,2.6987076587568675,0.5590985422781016,0.1576863420373944,0.4014122002407072,0.1838155571386935,0.0,0.2570859005832049,0.0,0.0,0.0,0.0,0.98,0.3206144793315672,0.33332951025894947,0.5072081021111806,0.18816800894164298
B000998,2459.1739887615763,5.627400431948687,13.702867907795618,6.123762286302049,0.0,0.33540168277650095,0.017719036546274738,0.39513451498192664,1.771903654627474,0.0,1.3341807369863263,0.3613759577252401,1.7213098221174319,0.4386302604922135,2.7709333281565303,0.41751509461170033,0.41751509461170033,0.0,0.2370865114577103,0.0,0.3453983939305892,0.0,0.0,0.0,0.0,1.0,0.7491165266050223,0.42084495715163406,,0.18696941873279815
B000999,1718.5410386568299,1.2636331166594337,6.048656420692219,0.2887903327607528,0.04892974196845829,0.1792357227116359,0.5986984471860017,13.318890066847771,0.7457721101011738,0.0,0.02377696236663612,0.13289298568391228,0.0,0.36119105850771127,3.091457501706168,0.40981911579469166,0.3910027662916861,0.01881634950300557,0.0,0.0,0.5901808842053081,0.0,0.0,0.0,0.0,1.0,1.151432927561736,,,0.18877684261687888
B001000,3023.434216215467,5.651278908813957,8.988646120781098,8.434420551440207,0.06628908684296604,0.4081667668660289,1.7790703706650677,64.27173530418298,1.0791916054765758,0.0,1.0639534679597602,0.8539574345898211,1.4931871329942175,1.1609892677935827,2.4657489883066335,0.7217102829989529,0.45748918241490927,0.26422110058404374,0.0,0.0,0.2782897170010471,0.0,0.0,0.0,0.98,0.98,,0.40567083853909486,0.7362011393314106,0.18816800894164298
B001001,7907.41454597226,5.576455956256884,9.878047547299676,8.65937760021291,0.0,0.4776229524191457,1.5478318364244812,72.5898532115474,2.0190436829586944,0.0,0.36522355080778296,0.7830415411759174,1.4411949475938965,0.9679522337205927,2.750593814074044,0.6379342545163851,0.23907223422656618,0.39886202028981876,0.0,0.0,0.36206574548361514,0.0,0.0,0.0,0.0,0.98,,,,0.18816800894164298
B001002,2809.9958731081642,3.7120156844229384,8.673645636385972,5.065418790767351,0.0,0.4186847333192592,0.020858554629546774,0.07651609673016449,0.5495900692430626,0.8013236541458384,0.0,0.24160352578306366,1.4338425547361067,0.6856558805148671,2.2084741250560187,0.8351720664170621,0.8351720664170621,0.0,0.0,0.0,0.164827933582938,0.0,0.0,0.0,0.0,1.0,1.3025977165343685,0.5482588063972447,0.5233021879763107,0.18696941873279815
B001003,928.3049830145487,1.8060408229855034,7.646113656504914,3.242826820554967,0.0,0.2701702031748521,0.6288969175981987,22.734038937354168,0.34530433062901444,0.0,0.0,0.8279048529447254,0.37422407965977544,0.25860755975198824,2.2973179625353746,0.8088059105672906,0.6015990330166721,0.20720687755061848,0.0,0.0,0.19119408943270944,0.0,0.0,0.0,1.0,0.9,,,,0.18877684261687888
B001004,5548.139303684706,3.5181606237696297,10.50504433664504,3.023192948854254,0.04788111252858248,0.5695221892137795,0.010002214748037615,0.2789008921876149,2.0242338039566627,0.07563626908098729,0.04210302033588221,0.6784951916388738,0.13008442807375475,0.5676079106834695,3.0460046170981614,0.41266558145986215,0.21981048921228818,0.19285509224757386,0.011967338856396437,0.0,0.5753670796837417,0.0,0.0,0.0,0.0,0.5,0.41360442345179044,,,0.18699916418064566
B001005,2333.6405847120886,5.279729829665359,10.094906718846495,2.2631228591550556,0.0,0.16691476886844134,0.01817914061989207,0.4525802070209531,3.4079698225868347,0.5068539820548079,0.1576993870671344,0.7493084192870828,0.0,0.4578982186694993,1.925818458089597,0.8075974422605463,0.7115974577145694,0.09599998454597695,0.0,0.0,0.19240255773945372,0.0,0.0,0.0,0.0,0.92,,,,0.18699916418064566
B001006,3348.9228205975433,7.663438948735797,15.805488098535536,12.122257150669732,0.0,0.16013418290267697,0.03195926863134509,0.37546922015145884,0.9024128697579621,1.2139846533891054,0.0,1.9167640907316281,3.255804521932511,0.3744728129245897,2.0504988545328033,0.9701864841471346,0.5616559582221907,0.40853052592494377,0.0,0.0,0.029813515852865357,0.0,1.0,1.0,1.0,1.0,,0.22344895841761422,,0.6061389938239665
B001007,1040.5865032464226,1.2199138373346103,7.452434562530154,0.32077280074902786,0.03356906024893909,0.47418433471500965,0.2921868986269634,13.66284505652,0.7919061179348547,0.0,0.01811913719281386,0.07583113397137024,0.0,0.33405744823557143,3.224536914844689,0.2886897210690354,0.2738369202905785,0.014852800778456913,0.06216105732274804,0.0,0.6491492216082164,0.0,0.0,0.0,0.0,0.6,0.7421153800959749,,,0.18877684261687888
B001008,2205.1127496694603,5.092639144733164,12.278446597710246,7.162401494957009,0.0,0.365,0.014815216498632147,0.4251110028681148,2.517850309396863,0.0,0.0,0.9749783476641063,1.232784988908265,0.3670254987639309,2.726682324285043,0.5008838664230937,0.30943532275935615,0.19144854366373754,0.0,0.0,0.4991161335769064,0.0,0.0,0.0,0.0,1.0,0.12891242916530188,,,0.18696941873279815
B001009,3899.6441449586496,5.44643037005398,9.267378060781782,6.223886916890007,0.18514161629622014,0.020999999999999998,1.1149082972891957,52.40421952671443,1.9295962059249185,0.997069249527538,0.0,1.0790335547291396,0.7358185718131037,0.7049127880592795,2.379978829661827,0.6478699054440935,0.4648015135282235,0.18306839191586982,0.0,0.0,0.3521300945559065,0.0,0.28,0.28,0.28,0.7,,0.2815930357143745,,0.3110513158581213
B001010,4118.353953075418,8.220267371408019,21.587859909540416,4.49543985663132,0.0,0.41466125771776896,0.02688204913724889,1.607501614383167,6.0155152738276145,0.2830018224544558,0.0,1.3600041095942932,0.12202551711668394,0.43972064841497366,3.2847580308621684,0.21893749639690835,0.21893749639690835,0.0,0.04927179631406127,0.0,0.7317907072890305,0.0,0.0,0.0,0.0,0.5,0.10664534709900331,0.10729541328058949,0.41112111301896026,0.18699916418064566
B001011,10736.494275508761,12.200561676714502,25.248499377612823,6.313646852452957,0.018036963445614795,0.09929524379799234,0.034715728885980575,1.4667820318420117,8.056058256024992,0.976921716500681,0.03904882769233314,0.6953047011206946,1.826262486052959,0.606965689322843,3.2489429858221635,0.2540390066171033,0.04416211055968046,0.2098768960574229,0.08007186409828937,0.0,0.6658891292846072,0.0,0.0,0.0,0.0,0.5,,0.19618457826948368,0.29461820405572103,0.18699916418064566
B001012,3653.230123665507,6.139882560782365,10.585927187264971,5.5551228662828755,0.3623938357651332,0.2954160555669898,0.010218871906980908,0.22788084352567425,3.4317107150309023,0.7388876392858954,0.0,0.20036322058000278,0.8985596060245409,0.8703613798610236,2.934419893268344,0.41418307831502577,0.26783506642242644,0.14634801189259936,0.0,0.0,0.5858169216849742,0.0,0.5,0.5,0.5,0.5,,,,0.4023874260919753
B001013,3735.4578073560638,6.791741467920116,9.402616170541434,7.996975526226501,0.7987613359899153,0.021,0.022502528549098604,0.7240775512174227,4.4349947309892395,0.0,0.0,1.5723241789878615,0.0,0.784422557943015,3.054407779266752,0.34700183274976754,0.34700183274976754,0.0,0.0,0.0,0.6529981672502325,0.0,0.0,0.0,0.0,1.0,0.2112116581751062,,,0.1858426376147888
B001014,5905.505744952919,3.234121437542672,11.452583558025188,0.5872961345400551,0.0,0.021,0.021375945999098984,0.5596564732546453,2.5355012792919176,0.0,0.0,0.4087581096398783,0.0,0.2898620486108764,1.4650892862415017,1.0,1.0,0.0,0.0,0.0,0.0,0.0,0.0,0.0,0.0,0.9,0.37441116966844357,0.5190572852709134,,0.18696941873279815
B001015,4965.941164301898,4.3446554368345565,11.925293901109184,5.515426177983987,0.0,0.3773044633677799,0.8637529453220333,40.50874834594622,2.3818400620260647,0.0,0.10886988231195668,1.1454278679825978,0.16918073409711262,0.5393368904168233,1.7713111809251973,0.9625692140791202,0.6989285446093363,0.26364066946978365,0.0,0.0,0.03743078592087971,0.0,0.0,0.0,0.0,1.0,0.8052063058545479,,,0.18699916418064566
B001016,34332.73199834804,11.089383720396654,16.633142724589426,11.835011952806445,0.24142570137627553,0.32164164138838974,0.015672917355449078,0.3211647180543834,4.517329876421096,1.6601564363067274,0.8548766509842095,0.0914861943245207,2.7979108184882784,1.1676237438718224,1.9758793487299042,0.8502931742497819,0.5897379364056495,0.26055523784413226,0.14970682575021813,0.0,0.0,0.0,0.0,0.0,0.0,1.0,0.14174477295709192,,,0.1858426376147888
B001017,5600.778704542135,10.647868259585808,32.53991976823599,3.2655015774142404,0.0,0.38850377865080715,0.04706491958076325,3.127940549331485,9.367108691432458,0.6642677343574023,0.0,0.28057201613596094,0.0,0.33591981765998574,3.452586744594339,0.11619238706075546,0.08984232249422831,0.026350064566527137,0.0,0.0,0.8838076129392445,0.0,0.0,0.0,0.0,1.0,0.11498137366763637,,,0.18699916418064566
B001018,3691.7086092456557,10.954624953251203,18.21611513147516,10.898297810803003,0.20918907675631165,0.20207466745462754,0.009938506735792748,0.26284874252654555,5.424219944223398,0.0,1.4668291634012125,0.43217255692758727,2.8871176698071235,0.7442856188918819,2.56733606384634,0.49681995693782044,0.4573688065084921,0.03945115042932835,0.0,0.0,0.5031800430621796,0.0,0.0,0.0,0.0,1.0,,,,0.1858426376147888
B001019,5736.813727202019,4.837111068467133,16.755407346508655,4.795747808152204,0.0,0.13705942787547584,0.015033986528031775,0.4758237456364443,1.3095114266591603,0.0,1.3565527286430636,0.17473430704458362,1.700413956267516,0.2958986498528095,2.7177413220156783,0.41347508915168235,0.3773513978468315,0.036123691304850776,0.2804468843989046,0.0,0.3060780264494131,0.0,0.0,0.0,0.0,0.95,1.5964940023284664,,,0.18696941873279815
B001020,990.3880114015994,1.4416128259120806,8.8592736104553,3.6213555250712925,0.13433540539981415,0.2267492736340049,0.5385341195497939,19.433495663162848,0.28421200505671235,0.0,0.045058945568961624,0.6670967990528147,0.2374440398636719,0.20780103636992062,1.7481017853890124,1.0,0.8040368534777019,0.1959631465222983,0.0,0.0,0.0,0.0,0.5,0.5,1.0,0.5,0.847724232693036,0.2732795348595545,,0.4052417822251656
B001021,12145.436596708825,8.184256466784923,17.11490632827682,0.8964614301296949,0.0,0.31018973321555254,0.026581793278557524,1.158711772018787,7.193485757726422,0.0,0.0,0.38276436177640905,0.1551868237438649,0.45281952353822497,1.8232286070643575,0.7419907344354366,0.7419907344354366,0.0,0.0,0.0,0.25800926556456305,0.0,0.0,0.0,0.0,0.5,0.1681167644423335,0.20925262544489417,,0.18699916418064566
B001022,7998.546092051479,2.3251587476893834,13.154997465987995,4.275998153810033,0.0,0.3121608995173874,0.4179246439670137,15.031828247399357,0.34981433996764305,0.0,0.21670155420934012,1.0292687498411994,0.5464437683334866,0.18293033533771386,2.1252286011547277,0.892200821259184,0.5639886837863343,0.32821213747284966,0.0,0.0,0.10779917874081603,0.0,0.5,0.5,0.5,0.5,,,,0.4052417822251656
B001023,3638.488989775752,4.531119538948633,19.35411810241504,8.649269223253484,0.0,0.365,0.41336061779503785,14.963654364180371,1.129325792896335,2.3012581297394883,0.0,0.8665751777029195,0.0,0.23396043860988988,2.647640609942345,0.23992341568447298,0.04867373218925604,0.19124968349521698,0.5078784856498081,0.0,0.25219809866571885,0.0,0.0,0.0,0.0,0.6,,,,0.18877684261687888
B001024,15519.724831809352,3.9320306135823033,9.01551504477508,6.74919787175267,0.05863604989861028,0.3538350700293733,1.1938665597685878,26.994237617998998,1.4729287365747785,0.7173529176614151,0.03071558130388759,1.2881278469539241,0.0,0.4229055310882984,3.0028089374173397,0.11536561053854852,0.1075539772318831,0.007811633306665421,0.5100369151979293,0.0,0.37459747426352225,0.0,0.0,0.0,0.0,1.0,,,,0.18699916418064566
B001025,9233.240564374626,6.122838570540203,10.609512067180482,9.166441884523996,0.14968749492593006,0.2748000654261909,1.366256087002162,64.02517804380268,1.58753043437607,0.6596468605863482,0.2334005316380604,1.7826307115601339,0.7655792608237354,1.094050771555853,2.0114850633462957,0.9032689763049553,0.9032689763049553,0.0,0.0,0.0,0.0967310236950445,0.0,0.0,0.28,0.0,0.7,0.22235755103526741,0.3209366354358206,,0.18816800894164298
B001026,15418.420378593766,7.614034754861119,11.669017458171103,9.489475546480376,0.0,0.29250394292321175,1.2404385345206603,57.965060467406474,2.1879863140819045,1.220314668803883,0.8082727875784752,1.2463052014348548,1.2078339437488819,0.9433218392131202,1.847501388735114,0.9122844353516387,0.7485991828461702,0.16368525250546845,0.0,0.0,0.08771556464836135,0.0,0.0,0.28,0.0,0.7,0.5821576301033038,0.4486056827176284,,0.18816800894164298
B001027,2611.1087278499967,5.60323761341201,8.090631900301457,5.4969933532560935,0.1955342307184155,0.33732333052018126,1.4033978061415873,50.751004477584715,2.415898931848699,0.8683176473678867,0.8605249567105955,0.6410066956379595,0.0,0.8174893818468671,2.731379372102762,0.4903417316115145,0.37594238968397703,0.11439934192753747,0.0,0.0,0.509658268388485,0.0,0.28,0.28,0.28,0.7,0.29360632345981724,,,0.3110513158581213
B001028,5286.813732742686,5.455948124605455,10.195431678734645,5.436345203044827,0.0,0.2827457141570958,1.486653191112358,33.16580397783625,1.9443882789288338,1.0196172649850175,0.8838181928399664,0.28061207240713304,0.9047245169223183,0.4227877985221859,2.7088082988707467,0.4567386866186173,0.23948284725611074,0.21725583936250648,0.18688177411121387,0.0,0.35637953927016885,0.0,0.0,0.0,0.0,0.98,0.43022151007228304,0.2747283228125353,0.47843945874059896,0.18816800894164298
B001029,3099.4623481471085,1.7296106853499489,7.816184185032037,2.745455108689363,0.0,0.365,0.6137667215252672,13.745257142782057,0.7641613698580173,0.0,0.0697322244318255,0.6403215071277009,0.0,0.2553955839324058,2.7995425965149434,0.5376318565920162,0.4973151396438222,0.04031671694819387,0.0,0.0,0.46236814340798416,0.0,0.0,0.0,0.0,,,,,0.18877684261687888
B001030,13326.29814380967,6.428508511244414,21.16608542547535,1.9398172477559252,0.021222654364206277,0.021,0.024544915789192556,1.0942246838911713,4.716996808964105,0.0,0.050384763539809606,0.0,1.271075063497035,0.3900518752434641,2.883424943536857,0.3850143343384144,0.18728961152382437,0.19772472281459008,0.0,0.0,0.6149856656615853,0.0,0.0,0.0,0.0,0.5,,,,0.18699916418064566
B001031,23370.20407372001,9.193628667867825,17.62863653919547,15.295990995904331,0.3437334427558618,0.37431677092070936,0.012288468941895125,0.2890732389057413,4.5677668716571445,0.0,0.0,2.051002613432689,1.9411898612406129,0.6336693215373789,2.645478613241175,0.5031595209384832,0.5031595209384832,0.0,0.0,0.0,0.49684047906151674,0.0,0.0,0.0,0.0,1.0,0.18728149936244204,,,0.1858426376147888
B001032,23810.678223744748,11.995303891055288,39.13419217747294,7.845658919032653,0.0,0.24844065700707862,0.043213930698652765,1.884825959200855,8.04143435159442,1.1775822217103644,0.044752189561666544,1.9742888038457875,0.2273316358848495,0.5299146884581974,2.926604921176685,0.32961812183926453,0.22771704268582124,0.10190107915344328,0.0,0.0,0.6703818781607354,0.0,0.0,0.0,0.0,1.0,0.16398093971354732,0.2698237513041688,,0.18699916418064566
B001033,3084.9742975538643,7.293083445753816,10.790881583758546,11.470554809326007,0.023306325723356877,0.2810465376901542,1.9850498655874709,71.85317522340506,1.20698808395239,1.4550608963613212,1.490144040626716,1.8173344293997038,0.6902487138015831,0.6333072816121048,2.2365392613010995,0.8345023620077838,0.542996761698488,0.29150560030929606,0.0,0.0,0.16549763799221623,0.0,0.0,0.0,0.98,0.98,0.13781905346646486,,,0.18816800894164298
B001034,15678.008702915728,4.776967916793335,11.736698895804716,7.0631756936811385,0.0,0.3341643501552337,0.024299894667277524,0.7142267147236001,1.8657688929492864,0.0,0.0,0.9961232982951214,1.4821026656375451,0.43297305991138246,2.887716901537387,0.3857535647278732,0.075493439172656,0.31026012555521726,0.20852626930846024,0.0,0.40572016596366645,0.0,0.0,0.0,0.0,1.0,0.38864198611648815,,,0.18696941873279815
B001035,2034.7805666455165,3.9281478120569817,11.880416407103509,6.125118672798677,0.0,0.5255522253892942,0.016859728366921657,0.3408076996865976,1.4579297569531557,0.23475978216463558,0.8144752127372895,0.8216120370603134,0.0,0.5993710231415869,2.652718325064544,0.41969042330416195,0.41969042330416195,0.0,0.2091601631024355,0.0,0.3711494135934025,0.0,0.0,0.0,0.0,1.0,0.5125453946202378,,,0.18696941873279815
B001036,2917.9195919439567,3.9484703544573163,12.615635737362606,5.867931458028328,0.23645956074296345,0.326581595210388,0.008780539088196603,0.32652950633294603,1.8970183630895106,0.4179204090654251,0.04124070805802982,1.0146905377572133,0.28875202374918724,0.2888483127379492,2.6486835031321676,0.5624019474901182,0.45655832412502273,0.10584362336509545,0.08357482827107911,0.0,0.35402322423880245,0.0,,0.0,,0.5,,,,0.18699916418064566
B001037,7741.925615356459,5.150981780010951,16.75351512554717,4.988978091663445,0.07927302215460183,0.11249150651390052,0.00803776322844687,0.29096702886977677,1.7119389881437932,0.0,0.7035941202226436,0.42955793059068725,2.0216959270785404,0.28419481397528595,1.703640743768757,0.9908794804284691,0.8542853027994526,0.13659417762901652,0.0,0.0,0.009120519571530913,0.0,0.0,0.0,0.0,1.0,0.22181494360045753,,,0.18696941873279815
B001038,169068.7038588953,432.4007771327245,709.4035722378247,623.1524645741365,0.00394521667010155,0.025789241941222136,1.6489139551257812,59.70100944150051,1.003505880868195,1.8456126746461743,0.6916037240929881,427.4572544328856,0.8106194242928653,0.5921809959387707,2.662039359803635,0.008443948516437021,0.0065692538647110655,0.0018746946517259548,0.988567266847623,0.0,0.002988784635940245,0.0,,0.0,,0.98,0.4289196485314225,,,0.18816800894164298
B001039,15620.339177923695,7.604838937645422,21.116174657637185,11.733017970846152,0.0,0.057256016883995155,0.009016133229531214,0.32638402290902996,1.9739440367368577,0.0,1.928843048646877,1.4850820401728695,1.8353294206241704,0.38164039146464657,1.864506847250261,1.0,1.0,0.0,0.0,0.0,0.0,0.0,0.0,0.0,0.0,1.0,0.20533011303642867,,,0.18696941873279815
B001040,2593.714405097052,1.7668354258154304,7.8995148423623105,1.4719367631075604,0.0,0.24544117477093835,0.44208514881610106,16.00734416434919,0.6089240202791001,0.452006696380898,0.109915330455318,0.0,0.31463044174908333,0.2813589369510308,2.655014146515907,0.6481245761461637,0.2142204745368344,0.43390410160932946,0.0,0.0,0.3518754238538361,0.0,0.3,0.3,0.3,1.0,0.933059672164286,,,0.32025669999791706
B001041,27357.237465533424,6.813757774728126,10.739910213254253,8.127083038608648,0.0,0.32247064126196834,1.45901629874212,32.54614892285521,2.2635163478559295,0.0,0.7177788973113736,1.6127281003483267,1.091443283496584,1.1282911457159104,2.0046832597190076,0.968852719794638,0.8635101289597277,0.10534259083491025,0.0,0.0,0.03114728020536204,0.0,0.2,0.2,0.2,,0.31955127601542216,,,0.27637726888891634
B001042,15371.666736841218,7.461974144097678,11.173772459622198,9.211453881693485,0.08399482229714851,0.3232090808794809,1.828159662052132,85.84103847877029,2.39750807092176,1.2082096979489878,0.9137397600757102,1.2273307900985058,0.8057610137371441,0.9094248113155718,2.5375948486199125,0.5565892585091711,0.5565892585091711,0.0,0.12245281777054483,0.0,0.3209579237202842,0.0,0.0,0.0,0.0,0.98,0.25965683553331437,,,0.18816800894164298
B001043,18312.87036556998,4.255837872547056,14.670747581752083,7.37636774366568,0.22006725259243878,0.36924101728187597,0.014465542802207389,0.4942141483037847,1.3110811358343768,1.6454011910220372,0.3460909032110615,0.5842062782141285,0.0,0.36905836426544963,2.6665916278406248,0.3053113357706446,0.1680395938223335,0.13727174194831107,0.38662215063124317,0.0,0.3080665135981118,0.0,0.0,0.0,0.0,0.95,0.590091336353474,,,0.18696941873279815
B001044,993.6189266644731,3.001869869076958,12.095608687621583,1.796188958191782,0.0,0.44816238910276013,0.7315227187808162,16.312956628812202,1.8540375361593666,0.5890439341384176,0.04279683442107653,0.0,0.2068044660080831,0.30918709835001346,1.9498937541136538,0.9544145755288878,0.9401578501251859,0.014256725403701823,0.0,0.0,0.04558542447111219,0.0,0.0,0.0,0.0,1.0,,,,0.18877684261687888
B001045,1440.188786358248,4.114825103880709,8.757019721227278,6.478819800626197,0.0,0.365,1.9874388153841314,44.259517932294216,1.9092810990698939,0.0,0.0,1.4694459620569875,0.2892271396740874,0.4468709030797417,1.8612818851621742,0.9621081422835472,0.5347089072413431,0.42739923504220456,0.0,0.0,0.03789185771645275,0.0,0.0,0.0,0.0,0.98,0.6286868136607776,0.33445749602160396,,0.18816800894164298
B001046,14663.493207294414,6.168907533569379,13.775944243884576,13.52126481891003,0.0,0.4076379179876794,0.017929684548365157,0.2660527789067954,0.5124617427456595,0.31816774492674205,1.6836101014047307,1.453659493620398,1.5543881970309992,0.6466202538408503,2.3826047901841236,0.8545438740978321,0.581625194049052,0.2729186800487801,0.05054419672296346,0.0,0.09491192917920456,0.0,0.0,0.0,0.0,1.0,1.0336255275812185,0.3200930620313815,,0.18696941873279815
B001047,2822666.6646526214,1304.9776535610824,3682.766449249493,1876.641770758086,0.00025949708337130386,0.02204414384444382,0.012622304643077557,0.22664654655805094,2.100955705313998,0.39079024822888286,1299.4972858037538,1.2107511792408046,1.4125121108895302,0.3653585136553963,2.66681802226797,0.9983056913758649,0.00220581755443294,0.9960998738214321,0.0,0.0,0.0016943086241349898,0.0,0.0,0.0,0.0,1.0,0.2782036775330743,0.3290900476258209,,0.18696941873279815
B001048,21097.055676340064,8.237819475337783,25.108163493163637,5.053968930644017,0.0,0.3031136240474619,0.0271294813120565,1.4660755048638416,5.640751040300438,0.5959867940896174,0.056212003308471446,1.346513901643346,0.15529029097604338,0.4430654450198674,3.116053746536519,0.28035460747876073,0.037728181271541684,0.24262642620721905,0.018850897551342113,0.0,0.7007944949698972,0.0,0.0,0.0,0.0,0.5,0.2274464911093974,0.2022725650963024,,0.18699916418064566
B001049,2744.3648286764637,1.689879820613586,8.25880564943356,3.121087673378113,0.0,0.06101328885246408,0.6513910352475992,23.59699695754727,0.35288106063835806,0.7351226904601436,0.0715743307244128,0.0,0.23780991686276257,0.29249182192790923,2.5507334074928627,0.7911797890395372,0.3561650137324835,0.43501477530705385,0.0,0.0,0.2088202109604628,0.0,0.0,0.0,1.0,1.0,,,,0.18877684261687888
B001050,12058.581000724602,12.640022013338157,17.900913883269645,23.998941006657507,0.0,0.6806478235333998,0.012360083715136937,0.45767818313055725,3.798155369037122,0.396300455861313,0.7163150746478971,5.992371981344562,0.26804524889507575,1.4688338835521877,2.008985107958831,0.6889865567547985,0.6677804822232649,0.02120607453153371,0.03135282956336026,0.0,0.27966061368184114,0.0,0.5,0.5,0.5,0.5,0.1969007844620737,,,0.4023874260919753
B001051,2120.0137694418536,1.8275980771050462,8.418564776209188,1.577880583223044,0.28596407580049055,0.45443746724368833,0.32982405155262473,15.450565563084142,0.9101116810235093,0.3630161997666336,0.009388578797171717,0.1430629987607928,0.0,0.4020186187569389,1.8962986420015617,0.830153651806864,0.6315234363813483,0.19863021542551568,0.08341635913704343,0.0,0.08642998905609253,0.0,0.0,0.0,0.0,0.6,1.1741328739133157,0.4582569542086263,0.47466356295575557,0.18877684261687888
B001052,2701.409233903331,6.83901071874261,20.221067266181713,7.445989258956763,0.1751761816618888,0.30356898939807914,0.015597084015311027,0.33259950094416135,1.4646710961140226,1.3093430616336226,0.0,0.6858271947391296,1.4054789885658034,1.9736903776900308,2.337746909567572,0.7858358238714224,0.6855541862276047,0.10028163764381738,0.0,0.0,0.2141641761285776,0.0,0.0,0.0,0.0,1.0,1.3924819945912463,0.43928122447028095,,0.18696941873279815
B001053,3705.35386229041,3.900372486621484,15.058172832638075,3.94951119244023,0.156127740934093,0.22240557052501583,0.008120063080951404,0.25595698951824464,1.5588695712734768,0.13021272192309147,1.0890062055196417,0.08295799722859261,0.5524063001539989,0.4869196905226834,2.701757958876044,0.5881169997676589,0.4464878856128478,0.1416291141548112,0.0,0.0,0.41188300023234126,0.0,0.0,0.0,0.0,1.0,,0.3334721492673214,,0.18696941873279815
B001054,1286.185117438893,4.0446072875436885,10.202393062017833,1.8888337199594918,0.0,0.17286885183842374,0.039514451548392795,0.5651821687795604,2.394286647370667,0.7342472056577742,0.0,0.30927196772681304,0.13101711487831477,0.4757843519101203,2.95188717171647,0.37563684612193543,0.2991715812050452,0.07646526491689024,0.03239303733685407,0.0,0.5919701165412106,0.0,0.0,0.0,0.0,0.92,0.5385097864225616,,,0.18699916418064566
B001055,2543.627790361071,5.874429077046353,11.255729767453557,10.660567452688275,0.0,0.30745588105934324,3.3930536258454063,122.65287823804468,0.5015425544558346,0.15871840022875047,1.1775135640750414,1.7297665526468724,1.2234298014801417,1.0834582041597136,2.07644340837587,0.9806991820594361,0.48579489798495956,0.49490428407447656,0.0,0.0,0.01930081794056391,0.0,0.0,0.0,0.98,0.98,0.25693186091358083,,,0.18816800894164298
B001056,1866.0446427651696,5.7065585405662675,18.97571926919996,0.8069562550340567,0.0,0.41837031034182437,0.02043148360256991,1.32118175124958,4.987794369524299,0.301472540344108,0.09166638731829911,0.0,0.0,0.32562524337956156,3.4729182068737225,0.1188967783243595,0.10283343880603699,0.016063339518322537,0.0,0.0,0.8811032216756405,0.0,0.0,0.0,0.0,0.5,,,,0.18699916418064566
B001057,9070.148951216986,14.967242493757404,18.741547821478136,23.707752301052324,0.0,0.453,0.022831752495965228,0.366304835925431,4.652310659038057,0.6850153942807335,2.184081765786672,4.112581159463348,2.7454405563199136,0.5878129588686832,2.0426772343481905,0.6833377662395391,0.6833377662395391,0.0,0.0,0.0,0.31666223376046104,0.0,0.5,0.5,0.5,0.5,0.38364330999854657,,,0.4023874260919753
B001058,3915.447540361937,1.4927363859557519,8.199721062883368,2.455999985006686,0.0,0.24,0.3751386962932772,17.565364993965513,0.5311153619313997,0.0,0.10475665946635654,0.6733772001945851,0.0,0.1834871643634104,2.636822265377559,0.687371555666924,0.2362689989596706,0.45110255670725347,0.0,0.0,0.31262844433307596,0.0,0.3,0.3,0.3,1.0,1.017918822456358,,,0.32025669999791706
B001059,3637.005745746872,1.081798258699248,7.308421347741022,1.1251345178746748,0.04937434897817534,0.45262106916253214,0.28970787454037805,6.463934308607363,0.39904096336206796,0.20043218676466676,0.04188159870503802,0.13985790906659804,0.0,0.3005856008008774,2.585261806702996,0.6311318120978732,0.5924170162768885,0.03871479582098456,0.0,0.0,0.3688681879021269,0.0,0.30000000000000004,0.30000000000000004,0.30000000000000004,1.0,0.7344084790248316,,,0.32025669999791706
B001060,10379.131612233612,4.051183299076351,14.452505562347378,1.8815831357136439,0.0,0.3355150361586412,0.01863399155106976,0.732332915268953,1.285574943904699,0.7382302322631045,0.0,0.24066782705608222,0.0,1.7867102958524654,2.6547626417397057,0.6232600062039264,0.4410341779054594,0.18222582829846706,0.05940679778941457,0.0,0.31733319600665894,0.0,0.0,0.0,0.0,,1.1534051549476099,,,0.18696941873279815
B001061,18536.509156543667,4.371818197298035,13.750640021758917,7.0799564486987,0.012518585009426328,0.39218502443198067,0.8555152700592716,40.17738122840497,0.9386286244218536,0.8301325128145399,0.026492662381297303,1.0863539305003764,1.2340397110668795,0.2561707561130877,1.944600550493257,1.0,0.5278458227844048,0.472154177215595,0.0,0.0,0.0,0.0,0.0,0.0,0.0,1.0,0.7971896230469419,,,0.18699916418064566
B001062,6081.869759005961,6.7054793373825365,9.23833971872342,10.476829696179593,0.0,0.23196299229749254,0.02148145070784917,0.38771035734143805,1.9208497579817434,1.3162061484795917,0.8148083435196988,1.9257828298957818,0.0,0.7278322575057207,2.489264744573132,0.5172521241822348,0.10854291257719806,0.40870921160503676,0.19628815215965884,0.0,0.2864597236581063,0.0,0.0,1.0,0.0,1.0,0.23948680270729622,,,0.1858426376147888
B001063,2299.579180061133,3.086683463169306,7.778241025636896,7.069583939632253,0.05081027624466463,0.7791208079093918,0.01689871069374552,0.1449946487869673,0.4899745320334274,0.0,0.0,1.6844079144074888,0.2606589527572806,0.6516420639711082,1.9462437535998445,0.8412618145398241,0.8412618145398241,0.0,0.0,0.0,0.15873818546017596,0.0,0.0,0.0,0.0,1.0,0.8596695646615318,,,0.18696941873279815
B001064,10121.04828270801,6.936976204734757,11.062099009355332,7.454832102134611,0.0,0.3171575516674123,1.4021659353959162,31.27402938266952,1.9592857998448132,0.0,1.9588911586132014,0.6297169146986816,1.6846473649805205,0.7044349665975407,2.511495692664599,0.6995646065698762,0.083553348613457,0.6160112579564191,0.0,0.0,0.300435393430124,0.0,0.19999999999999998,0.19999999999999998,0.19999999999999998,0.98,,,,0.27637726888891634
B001065,4482.744425166382,5.898347927850502,11.71560811999861,3.924958246763067,0.08165966191213377,0.21783256287713984,0.017892935218545025,0.43914060676173383,3.0299276781804174,0.1150013330156684,0.045791395294868795,0.3082316094185574,1.514782705987828,0.8846132059531632,2.829828684608041,0.4750333328010678,0.15819788437368232,0.3168354484273855,0.0,0.0,0.5249666671989323,0.0,0.0,0.0,0.0,0.5,,0.17588907973575568,0.3211189275339288,0.18699916418064566
B001066,1719.8724371858623,4.037259242220334,11.33863588488842,5.200987564675815,0.0,0.47408746574707417,0.023802397978304208,0.5178832458438549,2.0468130941863785,0.0,0.0,0.7031203680483697,0.8858220024448537,0.4015037775407323,2.0892487050880497,0.9485017796011849,0.5549322129316521,0.3935695666695328,0.0,0.0,0.05149822039881514,0.0,0.0,0.0,0.0,0.95,1.15192244235141,0.4530588538159165,0.5196130782524718,0.18696941873279815
B001067,45250.58193018193,10.154977991513,15.854693781683375,13.4955058782811,0.0,0.2692283667071959,0.017855871934874753,0.40825529396760585,3.8909682810275,0.8349223028435189,1.2385837315091608,3.531701674052979,0.0,0.6588020020798419,2.677714014561066,0.6030291913253953,0.13328071825643392,0.4697484730689614,0.0,0.0,0.3969708086746047,0.0,0.5,0.5,0.5,0.5,0.25342922451425726,,,0.4023874260919753
B001068,10188.321848890517,5.525120308508957,9.166090371282383,5.927962253076045,0.0,0.3267295712112192,1.1760410431868198,54.92808675136904,2.0180693788143205,0.5144762598920537,0.877151748695049,0.5272374220955113,1.0161773909227927,0.5720081080892284,2.5198815959526386,0.6347465274726426,0.475989486952784,0.1587570405198584,0.0,0.0,0.36525347252735735,0.0,0.28,0.28,0.28,0.7,0.7325629786028689,,,0.3110513158581213
B001069,3703.2635276301658,2.6116103861989886,12.398878385115513,5.111149893482447,0.0,0.35024709063843545,0.4146301106880544,9.205761097064181,0.5672024508008365,0.5381144767215281,0.05320812821337186,0.7900171734295667,0.3391063372428473,0.32396181979083843,2.202806415210354,0.7819329099459005,0.12316461713354895,0.6587682928123516,0.0,0.0,0.21806709005409958,0.0,0.3,0.3,0.3,1.0,0.7549691467401006,,,0.32025669999791706
B001070,2785.424269866073,5.4723463062201825,20.602401636920394,5.373940516001679,0.0,0.07705820425947643,0.0069870140883612104,0.2529299099986759,1.596018446579972,0.780926429048972,0.46238902414427185,0.0,2.3498233655343834,0.2831890409125824,2.2928024974389913,0.708348419988361,0.4811487174074003,0.22719970258096062,0.0,0.0,0.2916515800116389,0.0,0.0,0.0,0.0,1.0,,,,0.18696941873279815
B001071,15093.983793398858,5.197652821418339,7.577572782371738,8.424988012337172,0.0827589917021262,0.41139372147854886,3.277182771620329,118.6463841883862,1.24347668552532,0.0,1.237848330662189,0.49541351779138326,1.290184289500268,0.9307299979391795,2.1616234843892026,0.73198730070397,0.3884480400720151,0.34353926063195506,0.23815525453360387,0.0,0.029857444762426088,0.0,0.0,0.0,0.98,0.98,,,,0.18816800894164298
B001072,932.4772569929827,2.561750706024678,10.799573657594797,3.0265465431767016,0.015127449153205096,0.25373974145313144,0.8771747309661857,31.753725260975926,0.40880221074780015,1.727941728902491,0.056034018082529086,0.0,0.15083712230507318,0.21813562598678451,2.153969506567973,0.9946499923911676,0.320134035456424,0.6745159569347438,0.0,0.0,0.005350007608832337,0.0,0.0,0.0,1.0,1.0,1.0195351088189695,,,0.18877684261687888
B001073,262.0196985207205,0.8188115578772516,3.3919260148187766,0.7942571861520786,0.4856042304198451,0.365,0.7077569137200108,25.62080027666439,0.38926630254600597,0.14632170804030525,0.06939931123975564,0.0,0.0,0.2138242360511847,3.0399672107244577,0.33599951625458613,0.2512433711170265,0.08475614513755962,0.17870010093609404,0.0,0.4853003828093198,0.0,0.0,0.0,0.0,1.0,1.4142376006247415,0.4579284940935151,,0.18877684261687888
B001074,8559.93845640069,2.424224994732566,11.45310820675403,3.8128668770017726,0.12206524450102414,0.26736673749385326,0.41061452892670725,19.242352505246764,0.5637921099046569,0.2559934428988191,0.023234719808963154,0.40642830590271145,0.7973108204191209,0.3774655957982943,2.5410179657434195,0.7674340825914745,0.2613037321508992,0.5061303504405754,0.0,0.0,0.2325659174085254,0.0,0.3,0.3,0.3,1.0,0.9546808059780069,,,0.32025669999791706
B001075,2084.516825554104,4.916313267816283,8.142449607653978,5.159461171154206,0.3084143738565965,0.24,1.1374287577334596,53.25395760717223,1.9572515015773386,0.9319513216520162,1.4623170412248228,0.0,0.0,0.5647934033621045,2.8819824491621233,0.5885131631284071,0.10150832180747964,0.4870048413209274,0.0,0.0,0.4114868368715928,0.0,0.28,0.28,0.28,0.7,0.41291583330950543,,,0.3110513158581213
B001076,3856.003227888331,5.189775542245398,8.378935677322769,9.240772028423876,0.0,0.365,1.1956873040637375,43.15375450611819,2.0233851019228375,0.0,1.0098576504937666,1.4799957675466202,0.0,0.6765370222821738,2.7953401664325312,0.5692838734996841,0.3746978760372884,0.19458599746239577,0.0,0.0,0.43071612650031593,0.0,0.28,0.28,0.28,0.7,0.13735019520948893,0.278983104796771,0.6879289533638325,0.3110513158581213
B001077,2184.2237820589853,7.000717250189055,10.277323605874738,9.286882479868037,0.0,0.4165672725022386,1.4878721454693875,69.90117150265999,2.096664547878465,0.0,0.9642774465955591,1.348568591084461,1.8947163833479361,0.6964902812826329,2.3103316454587284,0.7290187348741906,0.45837269738470776,0.2706460374894828,0.0,0.0,0.2709812651258093,0.0,0.2,0.2,0.2,0.98,,,,0.27637726888891634
B001078,5290.510143714774,3.2536962753473397,6.293797755656589,2.506925876829143,0.0,0.365,0.01587182413526534,0.2876465785140228,1.4482677084785267,0.0,0.9245367030944168,0.3991201598713706,0.0,0.48177170390302565,2.716260693360437,0.5497670447720784,0.2656173808653819,0.2841496639066965,0.0,0.0,0.4502329552279217,0.0,0.0,1.0,0.0,1.0,0.16400214109074504,,,0.1858426376147888
B001079,2406.936990902554,6.837889178700437,14.380338834374207,9.984050209779905,0.008779495000414833,0.37247806741763867,0.019638407011316406,0.2977432360064927,2.4161975503633797,0.5091039680500572,0.048186508531577195,2.302005746049424,0.7746045752056123,0.7877908305003868,2.3039157771833625,0.8744267121215653,0.46626126230950704,0.4081654498120582,0.0,0.0,0.12557328787843466,0.0,0.0,0.0,0.0,0.5,0.5036921162185221,,,0.18699916418064566
B001080,10859.465649973776,4.273697619037298,15.84881511964328,4.655562171058036,0.0399829917745675,0.2582867238832688,0.007311806377292418,0.26468739085798554,1.670209578569334,0.6185851438660634,1.1352636871246296,0.6385257711889363,0.0,0.21111343828833326,2.88585864542975,0.3140050650073506,0.019854419099421622,0.294150645907929,0.26563968448950803,0.0,0.4203552505031409,0.0,0.0,0.0,0.0,1.0,,0.3751681106849572,,0.18696941873279815
B001081,3029.8991157674054,4.018433840540325,8.090582094124827,4.729729026820076,0.0,0.488,1.0208745438496363,47.8011154146564,1.574607508508443,0.0,0.6098876360236435,0.756048109431038,0.0,1.0778905865772002,2.6861892133194294,0.47304096367323445,0.321268492052391,0.15177247162084345,0.1881449687695688,0.0,0.3388140675571965,0.0,,0.28571428571428575,,0.7,0.3078619083529075,,,0.18816800894164298
B001082,8672.237082700736,3.7919707401402434,6.989677504270763,7.3684732890727345,0.15571516326415874,0.356606454475647,1.5553203469216668,73.09561249083634,1.2966582154291324,0.2259067731723692,0.12740901016570078,1.425145049829459,0.23351240959044142,0.4833392819531397,1.9505175424325347,1.0,0.9664003182258232,0.033599681774176514,0.0,0.0,0.0,0.0,0.0,0.0,0.0,1.0,1.1826537669347947,,,0.18699916418064566
B001083,18018.102698195646,7.48570947162262,13.53551595614438,15.571747113055181,0.0,0.41398276913798204,0.011424176584441652,0.2547591378330488,1.4103921709187226,0.4598169061375489,0.0,5.141488795151468,0.0,0.4740115994148791,1.7118255509714289,0.7501627488822535,0.7501627488822535,0.0,0.061425962078899374,0.0,0.18841128903884682,0.0,1.0,1.0,1.0,1.0,0.2653719130358521,,,0.6061389938239665
B001084,7582.937255980487,3.6685714832997034,8.078352837887273,2.287879459038176,0.05816213454192893,0.36500000000000005,0.010820889792785124,0.2413058423791083,2.1755974641427556,0.9003452775410943,0.10048579185209855,0.0,0.13690940584127292,0.35523354392248274,2.411286198017593,0.767116398306969,0.49430419498771044,0.2728122033192586,0.0,0.0,0.23288360169303116,0.0,0.0,0.0,0.0,0.5,0.6647265909124976,,,0.18699916418064566
B001085,87055.4698665623,19.057677291278964,36.62166804656254,12.863692129139297,0.6769366160363908,0.4298616207049005,0.07921297783920958,4.85362479177605,14.440969484748384,0.0,0.05623314087621553,3.7844785433085044,0.12069412332257852,0.6553019990232751,3.219388473670301,0.23563613925310042,0.22930304202000745,0.0063330972330930225,0.0029506817655029,0.0,0.7614131789813963,0.0,0.0,0.0,0.0,1.0,0.2365936372446462,0.3281185522016839,,0.18699916418064566
B001086,11867.203158680883,9.872881163628023,23.170846314819535,7.0060316983996405,0.2182022142377147,0.47113139748111743,0.03630656898925403,2.0746688830819524,7.623460808673904,0.5003046897729162,0.09824271680294731,1.1939127924793054,0.025419547200067952,0.4315406086988785,3.197026342429307,0.2278382893173114,0.1412523908852255,0.08658589843208593,0.0,0.0,0.7721617106826884,0.0,0.0,0.0,0.0,0.5,0.1216178521004669,,,0.18699916418064566
B001087,14222.103724499166,14.707449559978455,35.250290257818016,0.4999648937911865,0.0,0.18374648898081186,0.05957939393104434,2.66528804888469,11.421259840730098,0.0,0.094007147556344,0.0,0.21051973687863337,2.9816628348133807,3.3592080032768883,0.22343708920074465,0.21704528434205902,0.006391804858685622,0.0,0.0,0.7765629107992554,0.0,0.0,0.0,0.0,1.0,0.23237559795686308,0.3109108278040345,,0.18699916418064566
B001088,10078.683753373054,4.96242430003597,13.873959344413207,9.87360198411143,0.0,0.45343891472065967,0.014188326532741666,0.17556416826133972,0.40705075282896264,0.2753220579982265,0.4088708773003066,1.5319955309429667,1.551862613932964,0.7873224670325424,1.868264767356232,0.9179734081130445,0.8624920463124759,0.055481361800568105,0.0,0.0,0.08202659188695577,0.0,0.0,0.0,0.0,1.0,0.6869188996328793,,,0.18696941873279815
B001089,6616.0361616606015,2.7589808847625528,9.547322838748174,3.323320120778402,0.0,0.2278467305146132,0.008512046745432456,0.019662827981948974,0.3404818698172983,0.9222085383647805,0.0,0.0,1.0551065463908182,0.4411839301896562,2.7367378872274526,0.4106269425284226,0.07636999154409238,0.33425695098433017,0.38242618940131734,0.0,0.2069468680702602,0.0,0.0,0.0,0.0,1.0,0.519977381019752,0.3417548856402278,,0.18696941873279815
B001090,2760.917282211634,3.1481382921455348,6.209360594289048,3.1230113075969217,0.0,0.488,0.9955710495034551,36.0802204292724,1.7066497424760736,0.0,0.0,0.5319234978667704,0.27037844202751143,0.6391866097751798,2.8860079282326216,0.4788772961033647,0.2240276467420296,0.2548496493613351,0.0,0.0,0.5211227038966355,0.0,0.28,0.28,0.28,0.7,0.3820776013372506,0.3223514177226996,,0.3110513158581213
B001091,2349.0425019024324,1.4279893628586215,7.464105661434367,0.628105366530621,0.0,0.36392732935818234,0.30962415709820146,11.210044191077357,0.8432603831490784,0.0,0.053981428022914724,0.15083563750931767,0.13799558865961734,0.24191632551769338,3.0824906052550745,0.3128408394833083,0.1694104534738361,0.14343038600947222,0.09663628612987057,0.0,0.590522874386821,0.0,0.0,0.0,0.0,0.6,0.5653173672719796,0.2831017793618459,,0.18877684261687888
B001092,3476.9219024932613,5.244226097274904,12.8813482497803,7.858884036174164,0.0,0.21482900473277958,0.018681072520078154,0.17600853725437526,0.6654143242304317,0.0,0.4680921691613731,1.4540873236173435,1.6578054448023825,0.9988268354633725,1.7076496054814994,1.0,0.910741421045021,0.08925857895497893,0.0,0.0,0.0,0.0,0.0,0.0,0.0,1.0,0.7417837024156555,,,0.18696941873279815
B001093,3269.3496094410243,1.4001497256706743,6.821246506989742,1.5023374689154116,0.0,0.38725061274014616,0.4268556654089524,19.983013418026562,0.5854003050790665,0.0,0.048317121129337684,0.4592369158165128,0.0,0.30719538364575705,2.8907978143062847,0.5819016392702866,0.21940180968761028,0.36249982958267646,0.0,0.0,0.4180983607297132,0.0,0.3,0.3,0.3,1.0,0.8250266243395526,0.3487947676112915,,0.32025669999791706
B001094,20042.12180181773,7.865824882973992,11.606873844213123,7.381275334825272,0.21712189586781577,0.3578100103977302,0.017107120512905777,0.38148878743779885,3.907717883658681,0.0,1.4306823092020189,0.6076870037903352,1.0031420391416515,0.9165956471813049,2.9623429209246264,0.321317182586157,0.11652886516267687,0.20478831742348017,0.1818858581887335,0.0,0.49679695922510936,0.0,0.0,0.0,0.0,1.0,0.14620975817163998,0.20074105376843884,,0.1858426376147888
B001095,9311.11205646191,4.973884645545892,10.68228809282211,9.31686010393727,0.0,0.3261925197700987,0.013301312557159193,0.23777930721963167,1.1710483164911405,0.5799745346987721,1.2226563853567662,1.5635790637754543,0.0,0.43662634522375715,2.048211614642037,0.7645606201302207,0.5640789837421013,0.2004816363881194,0.0,0.0,0.23543937986977903,0.0,1.0,1.0,1.0,1.0,,,,0.6061389938239665
B001096,21934.36203680823,9.6076925259782,15.857475401012893,14.84275681426173,0.19056196381465146,0.14078175559942213,0.017184629547361382,0.5585803100583259,3.30275014405702,1.7159694181008196,0.0,1.8821351284236254,1.8265382789612608,0.8802995564354735,2.196572882492707,0.7077189376910706,0.3332164713813355,0.3745024663097351,0.0,0.0,0.2922810623089293,0.0,0.5,0.5,0.5,0.5,,,,0.4023874260919753
B001097,26869.237142945476,9.404703235192676,26.674349756869855,15.824447167151568,0.11097028915185184,0.21755521585077026,0.012847132775522449,0.12794786613505943,2.193314362002764,0.9093378423815648,0.3419645237348474,3.974165864163279,1.5926683515607227,0.3932522913494975,2.639918894322267,0.7609705763501805,0.6642808861344601,0.09668969021572056,0.0,0.0,0.23902942364981952,0.0,0.0,0.0,0.0,1.0,,,,0.18696941873279815
B001098,9958.196157623726,3.6732556833728243,7.244792499803708,5.737008165360659,0.0,0.3352973458023864,2.3067340939071217,83.44083215477842,0.8726443084141826,0.0,0.0,1.0463850105368737,1.27282156826262,0.4814047961591476,2.0859277848214512,0.9801430462012273,0.633632572121214,0.3465104740800132,0.0,0.0,0.01985695379877279,0.0,0.0,0.0,0.98,0.98,0.48148867414875196,,,0.18816800894164298
B001099,1388.2877705047067,3.453452165434594,6.921137406054882,3.014828390199533,0.0,0.021,1.4587420079726636,52.62784244911706,0.8831580134467122,0.0,2.098320559578875,0.0,0.0,0.4719735924090056,2.876842875246746,0.7442680624662499,0.13666718686100893,0.607600875605241,0.0,0.0,0.2557319375337497,0.0,0.0,0.0,0.98,0.98,0.3845460477777509,,,0.18816800894164298
B001100,9620.850115494872,5.203272101403392,11.193461211389145,6.130180918530482,0.19405351531426077,0.3331896936018695,2.55071016570415,56.88083669520255,1.9936333578415035,1.2111042169545116,0.7772951802507095,0.7342351063151366,0.0,0.4870042400415285,1.6476021494753887,0.9743941464570656,0.741635952506789,0.23275819395027617,0.0,0.0,0.025605853542934317,0.0,0.0,0.0,0.0,0.98,0.5635351585179119,0.4792003816195602,,0.18816800894164298
B001101,3202.559510388563,3.6392721708960942,6.6549384744290405,5.970764674933512,0.07577945043565544,0.365,1.449274538178448,52.36123361937235,0.8763443792479318,0.0,0.0,1.310445253966763,0.896108961110588,0.5563735765708109,2.698124486161038,0.7152533621369344,0.1089359141802913,0.6063174479566428,0.0,0.0,0.2847466378630657,0.0,0.0,0.0,0.9800000000000001,0.98,0.19975410664807944,0.339088880193538,,0.18816800894164298
B001102,14034.385168160363,4.438451982340406,8.503974802919968,1.2689725465737671,0.0,0.26622010866163665,0.017376185054754842,0.31635612430230414,3.185507830818427,0.0,0.07165965498820173,0.4776214107005557,0.18195337786731675,0.5217097079659045,3.1940542878175675,0.2577993491642498,0.15018944088972006,0.10760990827452972,0.016145190997518787,0.0,0.7260554598382313,0.0,0.0,0.0,0.0,0.5,,0.23123484821185933,0.37928742533394755,0.18699916418064566
B001103,948.9152039722178,3.041394884526339,10.077553283452954,3.898168068884588,0.0,0.365,0.013031337979469062,0.31016793092488815,1.3848557479876444,0.0,0.6952455440694844,0.6324880130474003,0.0,0.32880557942181005,3.0295243389406257,0.32188686098970776,0.09329255789323224,0.22859430309647558,0.2079598464064303,0.0,0.4701532926038619,0.0,0.0,0.0,0.0,0.95,,,,0.18696941873279815
B001104,4112.141455275693,4.599710800084668,9.458394658119273,5.913289914552637,0.14424415065533644,0.5211968682049598,2.7151253701145563,127.26675605967648,1.7929597280714735,0.35451076654776414,0.8728482776602254,0.5253207020847867,0.14899299534424648,0.9050783303761712,2.2042264490029924,0.7854881041077793,0.7854881041077793,0.0,0.0,0.0,0.21451189589222064,0.0,,0.28571428571428575,,0.7,0.41364306506636206,,,0.18816800894164298
B001105,11224.955061059745,4.734270375816004,8.154602421462467,0.8307654109889829,0.0,0.11268154639695709,0.020866896077297227,0.7672609188914282,3.556397149667541,0.0,0.11690573487883384,0.0,0.4241097118898694,0.6368577793797603,3.38932296260442,0.19566102494656443,0.08138460982410678,0.11427641512245763,0.0,0.0,0.8043389750534357,0.0,0.0,0.0,0.0,0.5,0.5808804618363642,0.20576548781253784,,0.18699916418064566
B001106,51156.11638568352,10.75386091773881,17.757271559947238,15.536445705047365,0.0,0.385206246765507,0.02194473843790256,0.6019501232319459,3.5429974068719265,1.29375107769546,0.4320851286713497,2.223959518125207,2.175344450487409,1.0857233358874574,2.721251968560157,0.4875545899147842,0.28074891006293473,0.20680567985184933,0.12030572903926808,0.0,0.3921396810459478,0.0,0.0,0.0,0.0,1.0,,0.22233232113866935,0.4625983493381336,0.1858426376147888
B001107,2663.032499200663,3.2007602153854124,8.371672057545668,4.79793088140856,0.0,0.1729044284642651,1.4587233014806662,52.805783513600126,1.0573548574652099,0.83740341210274,0.0,0.9892768354773032,0.0,0.31672511034015993,1.3862649382750265,1.0,0.6185087705121465,0.3814912294878538,0.0,0.0,0.0,0.0,0.0,0.0,0.0,1.0,,,,0.18699916418064566
B001108,1874.154808179239,1.2637591424000263,7.6972468850189015,1.4185255932899359,0.0,0.2666302906464012,0.3291792366984794,15.468379475308398,0.45340845477309827,0.42861674071147127,0.04866931239892099,0.14202423880747167,0.0,0.1910403957090638,2.738053865653846,0.5273827908560424,0.4888712495614787,0.03851154129456368,0.11238236309630255,0.0,0.3602348460476548,0.0,0.30000000000000004,0.30000000000000004,0.30000000000000004,1.0,,,,0.32025669999791706
B001109,34785.25831383689,8.486279169025833,12.751405339227897,11.922126119691443,0.11277172372459761,0.19774374598873923,1.581583523419528,74.28299061565163,1.6172732744444873,1.440388503256347,1.8049666223654164,1.7504516287601521,0.9333961536852033,0.9398029865142261,2.0428333844224844,0.9534386263076469,0.5710148265501486,0.38242379975749824,0.0,0.0,0.04656137369235335,0.0,0.0,0.0,0.0,0.98,0.36087932283343555,,,0.18816800894164298
B001110,16722.179069472084,7.402469707601631,12.67860297862455,11.555355336520014,0.13741057348666608,0.34897191555801815,1.1878729770926395,42.95797395243767,2.0494912910428362,0.3690033761069359,1.2723186607765413,1.3449861334370157,0.9969852828465768,1.3696849633917227,2.598872024744667,0.6530451235342857,0.29947328905236453,0.35357183448192087,0.0,0.0,0.3469548764657143,0.0,0.28,0.28,0.28,0.7,0.44684440688356203,,,0.3110513158581213
B001111,1300.036275339489,4.18018094964466,9.573860109649035,8.793796814407148,0.026872194984525817,0.46753300321192837,0.01597612558498448,0.13666743051491764,0.5481244670871409,0.7399285358502897,0.7393215598007954,0.07040966776015042,1.4852429398472575,0.5971537792990259,2.2020676267284047,0.8688754210188594,0.8520317320474198,0.016843688971439303,0.0,0.0,0.1311245789811407,0.0,0.0,0.0,0.0,1.0,1.3070202519067726,,,0.18696941873279815
B001112,7664.764062122653,2.6097255914615776,11.193934542016214,4.8549847529577725,0.5828647009534571,0.2474697332256292,0.35749681328867466,16.702759832257026,0.6783870260838382,0.0,0.0,1.4213606486091963,0.17212293474022614,0.3378549820283163,1.8698083416847138,0.910899988830461,0.910899988830461,0.0,0.0,0.0,0.08910001116953897,0.0,0.3,0.3,0.3,1.0,,,,0.32025669999791706
B001113,18086.426567960283,6.073346732021586,16.78864721421389,9.84761771327202,0.0,0.42544610782332937,0.008814572085917712,0.28709886293043996,2.1710768684526385,0.32593411946101647,0.1259051828569338,3.1197561997901677,0.0,0.33067436146082857,2.1062583350363036,0.6383655724410157,0.6383655724410157,0.0,0.0,0.0,0.3616344275589841,0.0,0.0,0.0,0.0,0.5,,,,0.18699916418064566
B001114,3116.913523210469,4.074396762366626,5.838578252736278,6.605597966138319,0.07177580348458955,0.6270425196718028,1.9475287098831362,70.52059096919885,1.1909304679116324,0.23470796250846038,1.1750952272793653,0.0,0.1256512083142612,1.3480118963529064,2.856761970514949,0.5265536836608066,0.5265536836608066,0.0,0.0,0.0,0.4734463163391934,0.0,0.0,0.0,0.98,0.98,,,,0.18816800894164298
B001115,13855.124558787556,4.939438345378808,11.052601086360985,7.667058347584501,0.0,0.5100718787027999,1.6544836522757562,36.87613720094916,2.2361157557250544,0.7229596040355841,0.06430449838566565,1.197002195038295,0.0,0.7190562921942083,1.9127895742781191,0.986981414912117,0.7446457258437081,0.2423356890684089,0.013018585087882922,0.0,0.0,0.0,0.0,0.0,0.0,1.0,,,,0.18699916418064566
B001116,14416.934513672693,7.917042566541841,14.158011963424888,0.9515859723898724,0.0,0.11283951262010813,0.03269500314676072,1.425546538386013,6.451482447263391,0.5146687358692478,0.10096883338378339,0.0,0.0,0.8499225500254206,2.1374899846993283,0.5967477507652098,0.5839943984199177,0.012753352345292051,0.06500770098727089,0.0,0.33824454824751937,0.0,,0.0,,0.5,,,,0.18699916418064566
B001117,20851.761317825963,11.301767651938192,19.998973258891425,17.89462773699729,0.1756385087387045,0.3503853575019154,0.017895090045407448,0.2684267484096906,3.2521883992416143,1.2288074861161293,0.0,3.9451424377821143,1.799472670088523,1.0761566587098086,2.577767712411017,0.44429325138628173,0.44429325138628173,0.0,0.267947479497627,0.0,0.28775926911609107,0.0,0.5,0.5,0.5,0.5,0.23009280577964022,,,0.4023874260919753
B001118,7849.005375828847,7.904335725910219,12.124843360133163,9.647480637940458,0.1079787446070438,0.35766816120795536,0.02028053387855147,0.7736313086454254,3.730873626631661,0.7699568062883075,0.0,1.1780630444259639,1.3122779139839618,0.9131643345803226,2.798723303834261,0.4904727286576711,0.19387996595076648,0.2965927627069046,0.0,0.0,0.5095272713423288,0.0,0.0,0.0,0.0,1.0,,0.20538875637152154,,0.1858426376147888
B001119,4660.955567799002,5.684092155852442,8.192489085495884,4.1023091623339445,0.6070037029532969,0.365,0.018239271388886393,0.6602616242776874,4.166331027918212,0.2306467941037772,0.0,0.0,0.6205907456490883,0.6665235881813644,3.324167075556662,0.22644149646750844,0.11726122130076655,0.10918027516674182,0.040577595819993734,0.0,0.7329809077124979,0.0,0.0,0.0,0.0,1.0,,,,0.1858426376147888
B001120,42796.352095841045,8.67904118755649,13.71671730091698,8.938372373997206,0.09819363222056482,0.243987447771556,0.007371422145806554,0.20898696225502028,3.0669924841645892,1.1159990050145605,1.5614459585217995,0.6950364963658547,1.6338269474863198,0.6057402960033658,1.8371220733613804,1.0,0.691504521562229,0.30849547843777114,0.0,0.0,0.0,0.0,0.0,0.0,0.0,1.0,0.1595443464787447,,,0.1858426376147888
B001121,2629.6714566103747,3.7891519547699923,7.127646308416991,3.566463366682658,0.0,0.365,1.075356400295056,50.44843226267465,1.855361322021228,0.0,0.0,1.3667933537969184,0.0,0.5669972789518455,2.9344498586146894,0.48727112322998706,0.12655891899222244,0.36071220423776457,0.0,0.0,0.5127288767700129,0.0,0.28,0.28,0.28,0.7,0.3884780443125303,,,0.3110513158581213
B001122,6477.974085610751,3.699585428675472,6.35121404112435,3.9151776665027502,0.0,0.5310744740125984,1.6767120448620874,60.70969593906853,1.0186739272631589,0.22605583645260668,0.0,0.718883156195109,0.5690549334093147,1.166917575355282,2.5233176933597936,0.7246518706211184,0.7246518706211184,0.0,0.0,0.0,0.2753481293788816,0.0,0.0,0.0,0.98,0.98,,,,0.18816800894164298
B001123,7287.173590816753,3.276606830403216,16.9530744065561,6.467689305379152,0.011309422017129676,0.43381210832973327,0.2666142811171369,9.606654527267112,0.38712681162390095,0.5658373246517675,0.0228429639412247,1.3611061649132765,0.6595043809478272,0.28018918432521983,1.9280923530862792,0.9197195191228118,0.7184428890345234,0.20127663008828833,0.006971530343301417,0.0,0.07330895053388681,0.0,0.5,0.5,1.0,0.5,,,,0.4052417822251656
B001124,2586.531553698029,2.4378242730424398,13.54534714139999,4.312874697060823,0.0,0.2955831780593913,0.3069157426113535,11.029438881841333,0.8311214355469553,0.0,0.08317963557928658,1.338959323008621,0.0,0.18456387890757747,2.4722570048153725,0.6126553481847261,0.029291332035581086,0.5833640161491449,0.0,0.0,0.3873446518152741,0.0,0.0,0.0,0.0,0.6,0.6236070567158548,0.3501118255368309,0.3508146817429064,0.18877684261687888
B001125,13546.756421250326,4.05956140882539,7.329970584268911,5.50499772818969,0.20617744831628088,0.21810024956909962,3.8371621620080343,138.87443729969556,1.3111180933161815,0.5513705540232536,1.1757495130248876,0.48678311828544385,0.0,0.5345401301756231,2.108915010368434,0.8216656391651792,0.5320408756454463,0.289624763519733,0.13582022748186226,0.0,0.042514133352958415,0.0,0.0,0.0,0.98,,0.2959601168468027,,,0.18816800894164298
B001126,7956.0976868654925,7.830804809906981,24.037671558644405,5.287708015247186,0.07672018220886045,0.38084855198738865,0.024778624754431978,1.1493544468418007,5.592836620712819,0.0,0.08774457903382335,0.5871138305463373,1.11571805929527,0.4473917203187312,3.2057800996745196,0.2857903170262708,0.05713227837740545,0.2286580386488653,0.0,0.0,0.7142096829737293,0.0,0.0,0.0,0.0,0.5,0.14230863260292861,,,0.18699916418064566
B001127,4972.762986860847,5.657295775723376,9.122535690087679,4.543582093051102,0.0,0.1850665700828206,1.475436629699554,32.887109715212866,2.700860478040035,0.0,0.7308410367321321,0.5589890667499827,1.0565498719415773,0.610055322259646,1.7848119310758086,0.948176551338884,0.948176551338884,0.0,0.0,0.0,0.051823448661116,0.0,0.2,0.2,0.2,0.98,0.4915477620418499,,,0.27637726888891634
B001128,2024.3581336685754,2.1065121057945633,12.609501089340567,3.9023728202361823,0.1725218793009426,0.35150026789108796,0.27026476332757327,12.68340174272519,0.7383794077068846,0.6609251400631286,0.015668056605172103,0.47337266530974037,0.0,0.2181668361096379,2.451841141565292,0.6494777287651179,0.6420398144222226,0.007437914342895366,0.0,0.0,0.3505222712348821,0.0,0.0,0.0,0.0,0.92,,,,0.18877684261687888
B001129,1650.9779978519473,2.5244311893760663,12.741077549261803,4.29502782328178,0.0,0.40554163159922757,0.6017502086333735,21.787201755237138,0.7493611411527353,0.39803740400779475,0.08820196108308191,0.9987500686176891,0.08278284478235179,0.20729776973241357,2.3697460395547187,0.6216126525046124,0.6216126525046124,0.0,0.06773201289265246,0.0,0.3106553346027352,0.0,0.0,0.0,0.0,1.0,,,,0.18877684261687888
B001130,14767.537967249033,6.24684347176355,9.304463412567632,9.498557184081648,0.0,0.609620824358811,1.9543014490174873,91.83927232339789,1.993774942057904,0.9155792430665863,0.4305107425456185,1.5662023767911977,0.0,1.3407761673022434,2.1615322170931375,0.6375343018371623,0.6375343018371623,0.0,0.25071900454535356,0.0,0.11174669361748403,0.0,0.2,0.2,0.2,0.98,0.48191120397346876,,,0.27637726888891634
B001131,3473.9724058241,1.6798706024294487,11.830381496787624,2.9644606111677088,0.0,0.4240963849949897,0.37665220735507243,8.388860630373904,0.4699967400148734,0.3934114061448787,0.006986799842492966,0.4558584802415552,0.12141288360059194,0.2322042925850561,2.380044198406892,0.6066728693429836,0.33530763467414226,0.2713652346688413,0.07643427014996974,0.0,0.3168928605070464,0.0,0.0,0.0,0.0,1.0,0.5448299699775143,,,0.18877684261687888
B001132,47354.04208150596,10.856038991633646,21.694326899313104,17.661845963916857,0.017977843373080605,0.3322079488849644,0.014408245706148773,0.34179902282001434,2.7584789721814684,0.8140202415016763,1.5977824613818907,2.742667351345671,2.406047977936817,0.5370419872861214,2.4590744467730463,0.7394700029728143,0.2646679081938989,0.4748020947789153,0.0,0.0,0.2605299970271857,0.0,0.5,0.5,0.5,0.5,,0.21793353458344808,,0.4023874260919753
B001133,26912.048115030935,8.598098439307009,13.650513699732869,10.102122471791404,0.0,0.08792289637082358,0.01788396345313383,0.5792177971371438,3.553979159784427,0.5304939375306846,0.0,1.6372841924890928,2.255133945818258,0.6212072036845459,2.8028917627165355,0.5249562300144691,0.2626733587799756,0.26228287123449334,0.061698983941086576,0.0,0.4133447860444444,0.0,0.0,0.0,0.0,1.0,0.18859596958939173,,,0.1858426376147888
B001134,4211.261907234223,8.306236503420559,13.663014761201115,10.470557246895888,0.0,0.2592955145405429,1.7265757385418157,80.99005469608015,2.2533526831432034,2.2699471472380672,0.0,0.8007695258743286,2.1296993237768174,0.8524678233881428,2.6099082380330767,0.7284694148757124,0.10238370268251257,0.6260857121931998,0.0,0.0,0.27153058512428785,0.0,0.0,0.0,0.0,0.98,0.43070167018968036,0.39514591994435544,,0.18816800894164298
B001135,4456.186664306488,3.8715783356268356,14.008597356825177,4.355742147105653,0.6393969358361233,0.43300000000000005,0.00809164598449841,0.18183766597940676,1.7346250370153207,0.0,0.0,1.4370998560064037,0.0,0.6998534426051108,2.5635789283150134,0.5519592045825226,0.5519592045825226,0.0,0.0,0.0,0.4480407954174774,0.0,0.0,0.0,0.0,1.0,0.3031028820823254,0.3933753725876157,,0.18696941873279815
B001136,1111937.030949016,1484.5621240974847,4053.3443553948796,2213.289648749141,0.0,0.24006188472993992,0.012658284707253092,0.0676351443666979,0.41431339741428613,1481.1767304406942,1.3089511298722958,0.8373315242262817,0.0,0.8247976052773995,1.6670847384393364,0.9997068323138605,0.0018817369977748683,0.9978250953160855,0.0,0.0,0.00029316768613940755,0.0,,,,1.0,0.9322688907214578,0.3621149586272517,0.4974183090276438,0.18696941873279815
B001137,2220.8397039170477,2.3109674338366784,11.2382489228971,5.343143495806671,0.0,0.40691845736116034,0.6187793781150529,22.40475389500904,0.3387302909137104,0.509981818133009,0.0,0.9759579258853751,0.1763449496891464,0.3099524492154375,2.312932345332221,0.7850659083612259,0.7850659083612259,0.0,0.0,0.0,0.21493409163877425,0.0,0.0,0.0,1.0,1.0,0.7602958120300684,,,0.18877684261687888
B001138,9303.062070022665,14.312403184650254,33.072448007819006,5.165486536735346,0.0,0.1605941757327809,0.05042115541524611,2.204835822268268,12.367789063052252,0.0,0.06996921084219815,1.2756803398444516,0.07521912418751658,0.5237454467238405,1.1137566393712808,0.9857757265935788,0.8917559080260145,0.09401981856756453,0.00525552020978472,0.0,0.00896875319663648,0.0,0.0,0.0,0.0,1.0,0.17741632730859974,0.26536544385054406,0.21016127679987237,0.18699916418064566
B001139,3268.776664346631,6.286108969897367,9.420177027873656,9.466345342207553,0.0,0.24275183486827218,1.9529538110210107,70.40291731502246,1.1644205387598756,0.8396497368866727,1.4211667131990755,0.8274922428640654,1.0350108313176418,0.9983689068700371,2.0629723916374734,0.777849677872921,0.6462114503419122,0.13163822753100887,0.0,0.0,0.22215032212707891,0.0,0.0,0.0,0.0,0.98,0.22471848999761604,,,0.18816800894164298
B001140,14571.05982240241,6.869900906366059,10.074115138168322,10.985290167970282,0.0,0.43573149908315995,1.3549237775389198,30.24632425287466,2.1545443783450957,0.9637848435652643,0.5445618137151984,1.124854362375188,0.7761699429072286,1.3059855654580836,2.5038204759705973,0.5429215991601253,0.42994035627378563,0.11298124288633966,0.1402909382102097,0.0,0.31678746262966506,0.0,0.28,0.28,0.28,0.7,0.4988395048046642,,,0.3110513158581213
B001141,7812.46586162282,11.982309603715981,20.177148542262735,1.3145240262721165,0.0,0.06780845539105432,0.048282084923360453,2.7820611017595924,10.350129942666332,0.0,0.18852599604053263,0.48836317819887004,0.2309954796391151,0.7242950071711299,3.4500338880460193,0.13621578101633028,0.09545876552013434,0.04075701549619597,0.0,0.0,0.8637842189836694,0.0,0.0,0.0,0.0,0.5,0.18623811497034387,,,0.18699916418064566
B001142,29136.200713400387,11.75320722605905,17.66436644698399,5.707234860709967,0.0,0.44743401016714773,0.008179031861556683,0.37950707837623004,7.943465840654164,0.0,1.1491570665648922,0.29925821992052815,1.0771396899453727,1.2841864089740969,2.1279878764582003,0.8989839482513609,0.7818756659423269,0.11710828230903392,0.09777391349120408,0.0,0.003242138257435114,0.0,0.0,0.0,0.0,1.0,0.1381511119845553,0.24176238156436805,,0.1858426376147888
B001143,23528.42860109669,12.752535827152677,21.270724946124687,18.20926622955617,0.4430641105730759,0.27023338148282566,0.008294030787454313,0.3848430285378801,5.477190142658509,1.038298520729693,0.5014122671035744,4.671507294064365,0.0,1.064127602596534,2.570207629358033,0.48908289679018685,0.48908289679018685,0.0,0.08141898480449274,0.0,0.4294981184053202,0.0,0.0,0.0,0.0,1.0,0.17688669532491622,,,0.1858426376147888
B001144,2737.567990131697,1.0516972685868986,7.189470055271025,1.0653029370067544,0.0,0.45708800525453075,0.43844185974119426,9.740865839327864,0.5452113164862392,0.0,0.03391412137775215,0.10744666953032328,0.22651106324269585,0.13861409794988852,3.056709234785047,0.4574680739112156,0.10767934179340927,0.3497887321178063,0.0,0.0,0.5425319260887849,0.0,0.0,0.0,0.0,1.0,,0.45106226115628256,,0.18877684261687888
B001145,35697.95162237679,9.139260528002252,23.2905107201885,19.150526105030778,0.06140993974200908,0.4133482604147923,0.04178310986127203,1.5303776012407788,3.036769619585447,0.0,2.852258260024541,1.3820967843120564,1.446827023845585,0.4213088402346188,2.000787955261646,0.8234021099011724,0.5113135934084692,0.3120885164927031,0.15830898128055076,0.0,0.01828890881827644,0.0,0.0,0.0,0.0,0.95,0.9726493488770361,0.4040225984720103,,0.18696941873279815
B001146,25059.90708265574,14.890022033663541,35.63414401105188,6.716090555148908,0.06299379534789132,0.020999999999999998,0.06214511111289074,3.92757412014543,11.721419141623382,0.0,0.10322237872788603,1.0174262335147233,1.5801955828806622,0.46775869691688776,3.3228280969298947,0.20586809786997115,0.031414238062198514,0.17445385980777264,0.0069323187363000294,0.0,0.7871995833937289,0.0,,,,1.0,0.1392379508690702,,,0.18699916418064566
B001147,3009.6608320472887,4.532621735010977,8.918672781266576,4.892652300091363,0.0,0.3246522600747819,1.3470957132155545,63.204596988304424,2.270101762793003,0.0,0.0,1.5851053554880852,0.2340181034230861,0.4433965133068025,2.090476813161257,0.8783159916546912,0.8783159916546912,0.0,0.0,0.0,0.12168400834530893,0.0,0.28,0.28,0.28,0.7,0.3061227658051774,,,0.3110513158581213
B001148,10186.120093682795,4.809310714675541,12.946169656373126,8.777155708266546,0.21105333675892632,0.456850403922507,0.010644392495156628,0.1628123268338534,2.0377174256540487,0.18074074870650708,0.0,1.7244448913730783,0.0,0.8664076489419072,1.9452053821374875,1.0,1.0,0.0,0.0,0.0,0.0,0.0,0.0,0.0,0.0,1.0,0.0849791900380936,,,0.18696941873279815
B001149,1616.729002386896,1.4132246524360979,8.487798088917867,2.278066137511429,0.6691973792365207,0.37012043291584173,0.33715909898789864,15.846304404821138,0.46439984373868426,0.0,0.045464057465450625,0.6828129596045313,0.0,0.22054779162743163,2.4645970650162448,0.6713899358193631,0.6392194968257606,0.03217043899360253,0.0,0.0,0.3286100641806368,0.0,0.0,0.3,0.0,1.0,,,,0.18877684261687888
B001150,3161.8600892090444,10.069618118500141,13.89685112469082,4.942979440269769,0.0,0.24445218777142952,0.006343667093853108,0.1414637761929243,6.121245428093482,0.17941434640202655,2.46474818186674,0.0,0.0,1.3042101621378912,2.2122927535352126,0.7552292298614139,0.7552292298614139,0.0,0.24477077013858609,0.0,0.0,0.0,0.0,0.0,0.0,1.0,0.16801723809176586,,,0.1858426376147888
B001151,1381.5101018160003,2.0931971239636367,10.1271452613312,2.510389833231317,0.014062161008690992,0.31221964829516335,0.41959279611464334,19.71698051342189,0.5779432604205408,0.4612182501026633,0.024026218174073258,0.6154638255653346,0.0,0.41454556970102485,2.20103317366389,0.7105924482483362,0.47877268186250865,0.23181976638582766,0.0,0.0,0.2894075517516638,0.0,0.3,0.3,0.3,1.0,0.3123115382885275,,,0.32025669999791706
B001152,4778.061861621495,6.954966319681944,14.024381280392852,9.174887974963013,0.0,0.4911034808997474,0.01103720397262056,0.24612964858943848,2.174901603608839,0.5774287030344242,0.36455610691809975,2.8861767827654026,0.0,0.9519031233551792,1.7264433459146418,1.0,0.5850193013016072,0.4149806986983928,0.0,0.0,0.0,0.0,0.5,0.5,0.5,0.5,,0.2165403453041365,,0.4023874260919753
B001153,636.7422904948946,1.0171602084582982,8.00291237205862,1.4332037089193517,0.0,0.4367775037223728,0.3819954252609958,13.816759489777828,0.47620206258185077,0.0,0.025298572645120004,0.3426043714955803,0.0,0.17305520173574715,2.7729549661437436,0.4326231518937358,0.07092698930168166,0.3616961625920542,0.0,0.0,0.5673768481062643,0.0,0.0,0.0,0.0,1.0,0.7819028754799753,,,0.18877684261687888
B001154,17764.591164317815,4.357270337090462,7.536196833804272,0.34614549196599104,0.0,0.24,0.014111480932116977,0.5484152481263904,3.4757342197332455,0.0,0.0,0.0,0.23226362510917997,0.649272492248037,3.4061325229786954,0.15542197312652073,0.15542197312652073,0.0,0.0,0.0,0.8445780268734792,0.0,0.0,0.0,0.0,0.5,0.32561644987821553,,,0.18699916418064566
B001155,284.15205397851605,0.8004283210662424,5.50254020623275,0.3795152204158556,0.0,0.09485110344072363,0.30693625586501794,11.041889408172963,0.3012100532354659,0.0,0.03238142250709694,0.0,0.21679496722258787,0.25004187810109163,2.3772381392345014,0.7425221317841301,0.702067013374574,0.040455118409556,0.0,0.0,0.25747786821586977,0.0,0.0,0.5,0.5,0.5,0.7491991997234995,,,0.18877684261687888
B001156,2786.4228140132054,1.15523333914312,7.04867857569377,0.9493906532323899,0.0,0.3357023256564386,0.560414150140294,20.292332359740957,0.37790429129631514,0.0,0.028043322543582223,0.17081581036953686,0.335758945172342,0.24271096976134368,1.816423541189853,0.9415656231834104,0.47878632140009486,0.46277930178331544,0.0,0.0,0.058434376816589736,0.0,0.0,0.3,0.0,1.0,,,,0.18877684261687888
B001157,5875.314892401203,5.288312234384521,9.931440578397847,7.911772559486569,0.0,0.4449378611108369,1.5073454823420116,54.485653620947936,1.9681290005866414,0.0,0.5525948019218444,0.9383655974140878,1.3187741515136018,0.5104486829483443,2.5397574393852165,0.6278341910695251,0.2739653439791744,0.3538688470903506,0.0,0.0,0.3721658089304747,0.0,0.0,0.0,0.0,0.98,0.29469749032579934,,,0.18816800894164298
B001158,11131.131757255682,4.63990485921454,10.192907972034304,6.527485822842935,0.0,0.021,1.4371230813912528,31.889924587968263,1.6850154876553447,1.5978593571895974,0.0,0.8546363302037571,0.0,0.5023936841658414,2.111508113717091,0.5963496421066492,0.41215700106434283,0.1841926410423064,0.3443733019689737,0.0,0.05927705592437732,0.0,0.0,0.0,0.0,0.98,0.3015537458755425,0.45490930735536905,,0.18816800894164298
B001159,14887.653119824403,5.39212354937501,8.21099708342445,4.619161790402391,0.17808582887153046,0.3205838220872547,3.6102734738363393,130.82757857759637,3.387880990522978,0.0,0.0,0.6600914766307587,0.7986167424501011,0.5455343397711728,1.484567423907008,0.830888755676278,0.7084710346084311,0.12241772106784694,0.14810801999198758,0.0,0.021003224331734356,0.0,0.0,0.0,0.0,0.98,,,,0.18816800894164298
B001160,5204.910379629721,6.0033568392499665,18.869448524272308,9.11983964755076,0.07459938049984527,0.3809367133958243,0.0177300203869094,0.36754111441666365,1.5536744687496316,1.1935257038213691,1.11557758416069,0.7395975873152489,0.9422507359542515,0.45873075924877577,2.2507903983825917,0.7411990474076599,0.5842450696274598,0.1569539777802001,0.0,0.0,0.25880095259234015,0.0,0.0,0.0,0.0,0.95,0.8079684497801757,0.5177951068999321,0.5403758593500955,0.18696941873279815
B001161,27137.56385406827,20.574347122113927,34.31914882360117,3.333385611898521,0.0,0.4576169854740243,0.09510414699277091,6.022269734062084,17.987281211996535,0.9675917643393266,0.1557824929062282,0.36372964673813674,0.029683517711232846,1.0702784884224699,3.4662221881684374,0.10550081084653373,0.08025033088909306,0.025250479957440675,0.0,0.0,0.8944991891534664,0.0,0.0,0.0,0.0,1.0,0.08590147691277937,,,0.18699916418064566
B001162,10561.82807890685,5.312790784158375,13.734784436527763,11.005656654801188,0.09925646755623004,0.7270937302142017,0.016035845900715277,0.2782940505487249,2.4341489861344017,0.08308820855533669,0.035813942389342046,2.061950281785362,0.0,0.6977893652939327,2.1712983916127055,0.6528013707509833,0.6460602917504453,0.00674107900053804,0.0,0.0,0.34719862924901673,0.0,0.0,0.0,0.0,0.5,0.44793647334515785,0.16896767387830047,,0.18699916418064566
B001163,1498.2832948863431,1.3485898243801469,9.369532744226952,2.7196181696597397,0.0,0.18824519694777225,0.3903835811933317,14.061990908673675,0.21339984749437085,0.6060726214538058,0.0,0.3260064247071986,0.030030250955748995,0.17308067976902275,2.2071554049684345,0.841760746198381,0.3923486191771979,0.44941212702118327,0.0,0.0,0.158239253801619,0.0,0.0,0.0,1.0,1.0,0.9698700615978362,,,0.18877684261687888
B001164,7104.260163784571,12.355235067451428,15.768068236254665,20.071299163448042,0.14286017612806604,0.39922686463115115,0.022402961898043576,0.768886353301504,5.030474872946745,0.9080642553097141,0.6235432198320637,1.897290019209875,2.5196492850937604,1.3762134150592715,2.2478835032712805,0.6774553697779669,0.5238937411361867,0.15356162864178008,0.0,0.0,0.32254463022203333,0.0,0.5,0.5,0.5,0.5,0.2880980509771979,,,0.4023874260919753
B001165,1626.981929007502,4.675235428182477,11.476735341956207,7.236536907845753,0.0,0.3243826069668111,0.034749165910667665,1.2026670374413697,1.0390291328196837,0.8722815560418795,0.0,0.653516783031555,1.425965391388256,0.6844425649011031,2.0696990662397843,0.6740588380747754,0.3477012968318532,0.3263575412429224,0.3050039753704142,0.0,0.020937186554810423,0.0,0.0,0.0,0.0,1.0,,0.39912934073216627,,0.18696941873279815
B001166,2916.7076032646105,3.9737160807419762,8.006782908069312,0.885913543291368,0.0,0.3254746683168158,0.012184167068968653,0.39684972533652135,3.0010263716671566,0.31985465432534493,0.0,0.0,0.18796603101004877,0.4648690237394256,3.3560596068388597,0.1974785470627399,0.11698596837160667,0.0804925786911332,0.04730233041082079,0.0,0.7552191225264393,0.0,0.0,0.0,0.0,0.5,0.48335753628861966,,,0.18699916418064566
B001167,1279.3854724392304,2.4276764182907598,5.362984062044157,1.63183812386817,0.0,0.365,0.018780184907389745,0.27726193680076566,1.2271232773751295,0.0,0.8616105294023938,0.0,0.0,0.33894261151323635,3.015971394499359,0.4880214541254804,0.1331098510342319,0.3549116030912485,0.0,0.0,0.5119785458745195,0.0,1.0,1.0,1.0,1.0,0.27488865869960294,0.21998338358628575,0.37845450992260915,0.6061389938239665
B001168,3093.2606683126114,2.5396228803880225,10.34781185707871,4.333152303970215,0.1902722572202108,0.3071513372181538,0.5056251664696423,18.244923074712414,0.6936854826963864,0.6781607177970363,0.03211568558028243,0.4867108509992286,0.1611135433113122,0.48783660000377643,2.7237372439884573,0.4055729220721061,0.39292707381318054,0.012645848258925577,0.26703205544179925,0.0,0.32739502248609453,0.0,0.3,0.3,0.3,1.0,0.45577828774149465,,,0.32025669999791706
B001169,2390.7960162377835,5.360529184389649,12.988989849370288,8.012043616951184,0.0,0.45299999999999996,0.01564176017479916,0.35679760125190574,2.2567519615132405,0.0,0.0702707144766333,2.7532513893227035,0.0,0.28025511907707057,2.101777282119174,0.8547380373325392,0.841629123630275,0.01310891370226433,0.0,0.0,0.1452619626674605,0.0,0.0,0.0,0.0,0.5,0.5079839747221745,0.21751945463051517,,0.18699916418064566
B001170,20603.761239740532,9.963134061770083,22.237712688115227,8.483013834584096,0.07297521401215507,0.2308195622721917,0.012314620633639122,0.44578926693773624,2.8129844086992923,0.7499522785246098,2.4405752051881753,0.3307731282004941,1.1724601578102898,2.456388883347219,2.313945597332225,0.7176606887692997,0.642387960943396,0.07527272782590369,0.0,0.0,0.28233931123070005,0.0,0.0,0.0,0.0,1.0,0.08301452459609793,,,0.18696941873279815
B001171,5251.0245553474515,5.764022563498849,11.216226327932372,7.276763697216829,0.0,0.2774663851963157,0.017131055375414157,0.31185910975088943,3.0987433754391005,0.5492382971972359,0.0,1.2956434442146567,0.2866460736502526,0.5337513729976019,2.7634545905640713,0.44874700108177984,0.44874700108177984,0.0,0.0,0.0,0.5512529989182199,0.0,0.0,0.0,0.0,0.5,0.2936319193206781,,,0.18699916418064566
B001172,7304.460170505735,8.843172119256337,13.39981736648874,16.990380514278918,0.030931633044478605,0.40351230559138646,0.020294531529711675,0.34930674231225517,1.7092260160730468,0.742475237504357,1.2306143190431886,3.1609975773264005,1.2181860014717314,0.7816729678376129,2.489151009466776,0.806717997453522,0.1723531086795292,0.6343648887739928,0.0,0.0,0.193282002546478,0.0,1.0,1.0,1.0,1.0,0.29841888208672046,,,0.6061389938239665
B001173,11044.801739787843,11.7874084736263,20.57513721660261,12.972461425012737,0.0559476984365562,0.330805677102496,0.02373228463135437,0.8741071747402517,7.473844546314851,1.061857845997723,0.10296938429540489,2.383892689468441,0.16144931167845794,0.6033946958714226,2.0682654593110175,0.7908526436409729,0.4897924124882441,0.30106023115272884,0.0,0.0,0.2091473563590272,0.0,0.0,0.0,0.0,0.5,0.2333382323496259,0.16525415935511625,,0.18699916418064566
B001174,6090.04945039533,2.220214892597641,11.313063870463166,4.30232348239203,0.07259606873368936,0.3309730848843201,0.2833933225945258,10.161250458403881,0.43232799349269674,0.5561069856193915,0.08626221113574749,0.7706185287797515,0.1577251165572252,0.2171740570128293,2.439543772331531,0.4765202674484434,0.1294284019947659,0.3470918654536775,0.28932748757647064,0.0,0.2341522449750863,0.0,0.0,0.5,0.5,0.5,1.0046870258507463,0.3593459274938501,0.5566879370339743,0.18877684261687888
B001175,1776.8453656880579,2.870509476071176,8.69940318997279,7.941765232302223,0.31429635946946105,0.5903773343911617,0.005100740553700352,0.011782710679047815,0.4782073866278265,0.28930107018372064,0.41870042913127825,1.1882731818631782,0.0,0.49602740826517244,1.899535327260376,0.9315826629389176,0.5176236804764907,0.4139589824624269,0.0,0.0,0.06841733706108247,0.0,0.0,0.0,0.0,1.0,,,,0.18696941873279815
B001176,8130.711918197315,9.988589580094981,15.517469408394533,15.17662526962129,0.0,0.20787863618104951,0.017782095329352418,0.46416395520733084,1.6601571523830778,0.0,0.9174910153194229,2.68931878256161,3.4892404505403607,1.23238217929051,1.8982921282828076,0.7991794770425467,0.7073255663415027,0.09185391070104398,0.0,0.0,0.2008205229574533,0.0,1.0,1.0,1.0,1.0,0.1538219192388001,0.20296876107946704,,0.6061389938239665
B001177,13693.243968156497,2.992404713320913,4.919706909174256,2.69463923501794,0.5082873904404974,0.47,1.338801663197364,62.920786552005424,1.8895308522350738,0.0,0.0,0.5122110888652235,0.0,0.5906627722206155,2.951361457023132,0.39609472532955536,0.22492433297417722,0.17117039235537812,0.0,0.0,0.6039052746704447,0.0,0.2,0.2,0.2,0.98,,0.38131116583548,,0.27637726888891634
B001178,43466.653420025,15.921851069606229,34.97356396522383,9.203096280953082,0.12686931462528764,0.09847932385783993,0.06830257252415703,4.400745776780278,12.207518883962976,0.0,0.0,1.6801626765732658,1.4332245585294103,0.6009449505405755,3.320444539879007,0.2332851983984242,0.14326899662240444,0.09001620177601977,0.0,0.0,0.7667148016015757,0.0,0.0,0.0,0.0,1.0,,,,0.18699916418064566
B001179,18236.034665790106,8.42700308030966,11.304026818476347,13.252350929509122,0.09645876151505872,0.38492606967940673,0.03443367259725712,1.074327038474614,3.9503512591846635,1.8273513562465704,0.0,1.9365368239727383,0.0,0.7127636409056844,1.8942664631321202,1.0,0.5533538857943548,0.4466461142056447,0.0,0.0,0.0,0.0,0.5,0.5,0.5,0.5,0.2761120042338003,,,0.4023874260919753
B001180,1054.4551321159527,2.4240347864734546,11.515095815677075,5.902949875459978,0.0,0.40263281395314193,0.30180252315399275,10.746918017026292,0.4437982980616846,0.5620427058383558,0.0,0.8165509733649613,0.36903909736527424,0.23260371184317835,2.4484059804637996,0.533310177136424,0.3810685098861936,0.1522416672502301,0.23186247531374307,0.0,0.23482734754983306,0.0,0.5,0.5,1.0,0.5,0.7480723095827488,,,0.4052417822251656
B001181,2919.834205322333,6.159987774941631,19.909754017446925,3.530765104792952,0.06778531218613006,0.36578487193758097,0.0208322881826142,1.2989816959929195,5.0856399722475905,0.4484789034903353,0.04302067846332805,0.20733053254805586,0.029818639058767978,0.3456990491335543,3.4530206401804224,0.0823537463905,0.04869612560893594,0.03365762078156404,0.07978905152264211,0.0,0.837857202086858,0.0,0.0,0.0,0.0,0.5,0.15485074746738892,,,0.18699916418064566
B001182,1216.8023955929393,4.0026394591873,9.43449419018171,5.907564599276058,0.0,0.3908447605709934,1.1772131328527147,26.184078238360616,1.466022364164554,0.6443510562248435,0.018808929787952587,0.9833164273704138,0.14516211172039598,0.74497856991914,2.421973465224341,0.6290369619615981,0.6290369619615981,0.0,0.00469913165543308,0.0,0.36626390638296874,0.0,0.0,0.0,0.0,1.0,,0.30613898242037135,0.5204349120970859,0.18699916418064566
B001183,8128.804447677768,12.862032353920519,18.326469010745065,22.931755926499036,0.0,0.22894192195444407,0.02794947748026532,0.2691001071422553,4.258472467487241,0.0,1.2340541759676091,4.438575001627725,2.2726784933605355,0.6582522154774085,2.4276154566931787,0.4891131420666322,0.3966138418351381,0.09249930023149408,0.17669668609314243,0.0,0.33419017184022537,0.0,0.0,0.0,0.0,0.9,0.19265325479171952,,,0.1858426376147888
B001184,22073.310640968524,7.960083173807618,15.378617842842605,14.589647701432895,0.0,0.40272573995713296,0.011058700676982045,0.2466090250966996,1.365271688516302,0.5781935236916974,1.477208385901242,2.901097012479512,1.2003721099363405,0.4379404532825225,2.3621972170270307,0.8284852483691778,0.31323069224700056,0.5152545561221767,0.0,0.0,0.1715147516308224,0.0,1.0,1.0,1.0,1.0,0.36072072943277933,,,0.6061389938239665
B001185,4010.3135700592156,10.751510911686905,16.40240328826915,16.686478539526647,0.0,0.32856831775088124,0.01831561576241055,0.4290264456815196,4.3000372771404844,1.2408361022280627,0.0,2.687159671247676,1.775127137205009,0.7483507238656738,1.6757129118748404,1.0,0.8845896067612904,0.11541039323870958,0.0,0.0,0.0,0.0,0.5,0.5,0.5,0.5,,,,0.4023874260919753
B001186,290.3349013911364,0.5457422958480007,4.348891223682128,0.35252740654124454,0.0,0.433,0.3782402549256349,13.693703065431935,0.20757731055135045,0.0,0.03422558997407463,0.0,0.13357745553955777,0.17036193978301795,2.8237680956402995,0.5709832085125695,0.508269377764133,0.06271383074843641,0.0,0.0,0.4290167914874306,0.0,0.0,0.0,1.0,1.0,0.9783468734037177,0.534213015752429,,0.18877684261687888
B001187,9974.951311352706,4.295844664665248,8.446398102721258,4.11354996078347,0.0,0.4236261266070336,0.011113827405609978,0.24783835114510247,1.864405452790737,0.7249853744621756,0.0,0.0,1.2715788224276787,0.43487501498465664,1.5061848001948182,0.9961672268951043,0.5314008415292042,0.46476638536590004,0.0,0.0,0.0038327731048956918,0.0,0.0,0.0,0.0,1.0,,,,0.1858426376147888
B001188,355.5860372813877,1.1813489610677332,8.644852589160891,1.5265303099141077,0.0,0.4480834600040709,0.3912389740723892,14.149042185623891,0.48847162482065204,0.25138165653924177,0.0,0.16321724695852338,0.08405840719813187,0.1942200255511841,2.6125719201156854,0.5618961511550908,0.3525797998433147,0.209316351311776,0.0,0.0,0.43810384884490927,0.0,0.0,0.0,0.0,1.0,1.155515966819413,,,0.18877684261687888
B001189,17313.760660988493,5.485982465458965,9.150145588243166,5.464173466742984,0.0,0.4014314902456542,1.6972819283129081,37.84938700137785,2.2200763301931943,1.0496311796858322,0.0,0.6765262097031787,1.0141494866118599,0.5255992592649005,2.8682281077551597,0.37377582749627786,0.0655948030471605,0.3081810244491174,0.191329663609856,0.0,0.43489450889386627,0.0,0.0,0.0,0.0,0.98,0.2951167841309708,0.3679856654160207,0.7438085492933307,0.18816800894164298
B001190,21691.84243794373,5.354688333237159,17.71489159350555,0.0,0.0,0.0,0.02067043087985765,0.9113641567262227,5.046126887487852,0.0,0.0,0.0,0.0,0.308561445749305,3.5898339482346007,0.057624538824048645,0.057624538824048645,0.0,0.0,0.0,0.942375461175951,0.0,0.0,0.0,0.0,0.5,0.1922037081146853,0.2316289514435211,,0.18699916418064566
B001191,9224.240948559453,8.042058368404057,11.299130516847256,7.847327223121923,0.0,0.4249920988829544,0.06320541236532679,2.218178780503256,3.497569735916469,0.0,1.3187229893897936,0.0,2.4822820529739054,0.7434835901238875,2.0603247026829807,0.8470748423013914,0.5384123159603256,0.3086625263410658,0.0,0.0,0.1529251576986085,0.0,0.5,0.5,0.5,0.5,,,,0.4023874260919753
B001192,2663.829976358802,5.631775848538694,8.89770458361863,8.780276909889395,0.21108626624702934,0.290893851610676,5.2137921122527215,188.65167477887047,1.5406173638546554,0.9009859293311514,1.033349387236908,0.8936998329119282,0.7060803800633583,0.5570429551406918,2.124478553206949,0.796467502775165,0.3276250332517125,0.4688424695234523,0.15868881449602104,0.0,0.04484368272881401,0.0,0.0,0.0,0.98,0.98,0.25363536401722026,,,0.18816800894164298
B001193,524.045600586497,0.8590911485024542,5.812202218904606,0.46399332851796543,0.0,0.0712913418095635,0.29149564689151064,6.50382291382667,0.40150342456509813,0.0,0.07149626662979039,0.0,0.24877929468973475,0.13731216261783094,2.712046554994807,0.4363595129033903,0.4363595129033903,0.0,0.0,0.0,0.5636404870966099,0.0,0.3,0.3,0.3,1.0,,,,0.32025669999791706
B001194,23933.368563564967,6.1210661287889945,18.218552505881945,8.046498113847418,0.21234359718281032,0.2869060279370678,0.012680411811880557,0.36656043848559455,2.707496234639859,1.3205642539605196,0.892459223445702,0.8965811774599529,0.0,0.30396523928296215,1.691359514603377,0.853525324086421,0.6377844341539378,0.21574088993248355,0.1464746759135789,0.0,0.0,0.0,0.0,0.0,0.0,1.0,0.5853952196349438,,,0.18696941873279815
B001195,5280.053727991543,5.052682993293343,19.843900476696753,9.29669608157628,0.07887885119586992,0.433,0.011350621365433293,0.16107449671204865,1.2059640956416733,0.0,0.9180609833120768,1.2193912599330452,1.3320559447953193,0.3772107096112291,1.9207988585850537,0.8075430453205689,0.5662076475622693,0.24133539775829968,0.1816977207021816,0.0,0.010759233977249504,0.0,0.0,0.0,0.0,1.0,0.7010477428360781,,,0.18696941873279815
B001196,15435.03503013709,3.9966429389272635,6.466918509949862,2.915466232156383,0.3626432909324973,0.3464567992964803,1.6501595825345614,77.54918392499489,2.158237691092948,0.4394663130275777,0.0,0.21629965609813945,0.0,1.182639278708599,2.9639103670457407,0.4040078260253786,0.4040078260253786,0.0,0.054120335342290125,0.0,0.5418718386323316,0.0,0.0,0.0,0.0,0.98,0.372879819699993,,,0.18816800894164298
B001197,5449.718246068135,6.164839644873456,11.923254233024181,14.223146879914328,0.10334428282069809,0.2369640710558603,1.4160022496571605,51.1706579376538,1.7600226882048506,0.9635387668430657,0.07669430826177459,2.535052164573867,0.2098865376573587,0.6196451793325396,2.3282377098051112,0.7145063311308597,0.7145063311308597,0.0,0.0,0.0,0.28549366886914024,0.0,0.0,0.0,0.0,1.0,0.6388299670578019,,,0.18699916418064566
B001198,8688.365063584759,7.419611497510469,11.46867081464482,14.213517934492815,0.0,0.35945750938354604,1.7832292662722822,64.56396048163867,1.0842732531098553,1.078186814915966,0.0,3.365484534085107,0.9743838165150883,0.9172830788844495,2.1727694748205284,0.7224743573773269,0.26888126355909364,0.45359309381823315,0.13132544970070564,0.0,0.1462001929219672,0.0,0.0,0.0,0.9800000000000001,0.98,0.3095764874692788,0.3488796495017504,0.6140716880418153,0.18816800894164298
B001199,5007.485712678897,5.384393239439674,10.520629972580645,8.38902326232509,0.0,0.4098308123762543,0.9842265469338741,45.9821346922052,1.695773069848962,0.0,0.0,2.6557584509468435,0.5002501509725549,0.532611567671312,2.1678281882545796,0.5664569883391547,0.5664569883391547,0.0,0.09290743241194124,0.0,0.3406355792489038,0.0,0.28,0.28,0.28,0.7,0.5563499114075863,0.28664073418735114,,0.3110513158581213
B001200,12391.51027019907,2.7512234170068983,12.13500677820132,5.177762636029407,0.16662884148778265,0.209739833690333,0.6607031765743302,23.82340219447745,0.8219483121792422,0.0,0.044645951090047695,1.44933360191574,0.19982176735615936,0.23547378446570916,2.3032773585201665,0.6965575130815685,0.153533800877522,0.5430237122040465,0.0,0.0,0.3034424869184314,0.0,0.0,0.0,0.0,1.0,0.5362114221088363,0.3989593489946737,,0.18877684261687888
B001201,6511.11678078734,5.803134385728467,8.906866631366812,5.865797068975453,0.07426940520483939,0.2745917005851259,1.3745914329460887,64.60194615985394,1.9590773482100101,0.8827043151582179,0.6705823607267645,0.12980448731719474,0.9599551095653043,1.2010107647509738,2.5256657759950376,0.6865727254754569,0.39654133014169196,0.29003139533376476,0.0,0.0,0.31342727452454305,0.0,0.19999999999999998,0.19999999999999998,0.19999999999999998,0.98,0.5005784841287801,,,0.27637726888891634
B001202,45067.61623085992,9.623663512889157,13.889730866292979,10.580358591834088,0.0,0.16694927085328914,0.01915203145777516,0.3630319026006899,1.8704792894200701,0.0,2.669220785577231,1.0330062757520204,3.233569344947204,0.8173878171926329,2.1996423121081032,0.7945967155112675,0.40989633021924354,0.38470038529202394,0.0,0.0,0.2054032844887326,0.0,1.0,1.0,1.0,1.0,0.2145718562701904,,,0.6061389938239665
B001203,5105.057577292539,10.334124650389754,29.840048661749268,1.385731983221281,0.0,0.599593311178168,0.04702456309437707,3.1318359020855127,9.404912618875413,0.1235785210415932,0.0629225372884197,0.0,0.20956790755088622,0.5331430656334424,3.5312948225798864,0.08799355245125982,0.08799355245125982,0.0,0.0,0.0,0.9120064475487404,0.0,0.0,0.0,0.0,1.0,0.1311504147063187,,,0.18699916418064566
B001204,3824.6843630795597,3.249519424876431,11.208202553401426,5.252668092326307,0.0,0.23999999999999996,0.019434980128755792,0.36720824406887537,0.5513570737553652,0.6555089774249848,0.9161645388675208,0.8521251220952446,0.0,0.2743637127333163,1.714148011528369,0.9971797811496566,0.5135164110338521,0.48366337011580446,0.0,0.0,0.002820218850343455,0.0,0.0,0.0,0.0,1.0,1.05000381465074,0.3134722800850574,,0.18696941873279815
B001205,3265.692246774889,3.681727448449706,14.206506985390247,6.317972055898094,0.2825965983815289,0.39409016374145844,0.007789657775451282,0.1772416186676554,1.4911994512830502,0.13366298382495712,0.620091112975522,0.875333119021966,0.0,0.5614407813442113,2.496835649274666,0.5558951217376064,0.3181444649391111,0.23775065679849536,0.0,0.0,0.4441048782623938,0.0,0.0,0.0,0.0,1.0,0.2876371539549586,0.2544735129478345,,0.18696941873279815
B001206,12262.499728172836,7.334030937902414,17.885876448122662,13.45170054697184,0.11445852667160766,0.29576543078401124,0.018683125566619895,0.6999643859285092,1.9642046478590827,1.8921216639129,0.7573847134547346,1.0591622135343395,1.2218989045549058,0.4392587945864544,2.439946502644283,0.4696020614594955,0.22191467884959612,0.24768738260989936,0.25799204829289424,0.0,0.2724058902476107,0.0,0.0,0.0,0.0,0.95,0.6250681052607244,,,0.18696941873279815
B001207,3807.0871955727685,5.631785792267409,8.529540966552101,6.196944096777551,0.0,0.38220992170186513,1.8461557104248232,66.82560073199298,1.1225349963407412,0.0,2.1734873624960604,0.0,1.0942628918056847,1.241500541624922,2.6236208288499046,0.3956846304168482,0.2013834030320751,0.19430122738477318,0.38593217900444937,0.0,0.21838319057870226,0.0,0.0,0.0,0.98,0.98,0.1895100015762677,,,0.18816800894164298
B001208,51143.90968479556,11.825181430010534,22.990618886582684,4.973709114973601,0.0,0.365,0.03022374010392689,1.4023815408222078,8.983708200924637,0.6330596035549081,0.0,1.4410071121781547,0.0,0.7674065133528373,1.4721101373542984,0.9942171912894789,0.8723579943962207,0.12185919689325823,0.0,0.0,0.005782808710521031,0.0,0.0,0.0,0.0,0.5,,,,0.18699916418064566
B001209,2654.414921048887,5.277166841051466,8.020137357839069,7.8465805814560365,0.12687678892474083,0.23536908323408443,1.830466230995487,66.20488351814242,1.1101020044801715,1.603144409846762,0.0,1.2004753887672035,0.7357131146996163,0.6277319232577134,2.10828713844359,0.7432238489108192,0.7432238489108192,0.0,0.0,0.0,0.256776151089181,0.0,0.0,0.0,0.98,0.98,0.25307999135878745,,,0.18816800894164298
B001210,644.7667612569725,1.4016668722977663,8.244426096895857,1.3276915648328946,0.0,0.7269224120778847,0.30234482784607447,10.647103538867496,0.8012533413190951,0.14024659524491517,0.03198814613077918,0.09733294061243766,0.0,0.33084584899053876,3.0440079383710796,0.3574749484825586,0.3574749484825586,0.0,0.022821503998550458,0.0,0.6197035475188906,0.0,0.0,0.0,0.0,0.6,,0.37679943068384797,0.6497564203415945,0.18877684261687888
B001211,13008.443961232691,3.286620505617153,9.14995406708836,6.038977321972188,0.0,0.435325923260658,1.0431287567246552,48.748701521169345,1.2953642115380515,0.5358246602420936,0.0,1.0810325970360115,0.0,0.3743990368009966,2.606041175369166,0.6026212614033631,0.6026212614033631,0.0,0.0,0.0,0.397378738596637,0.0,0.0,0.0,0.0,1.0,1.1155534853213318,,,0.18699916418064566
B001212,9915.75230367047,10.956632379746376,15.087386382366168,14.124906899158049,0.6015541365251604,0.4620636092928153,0.02173228634714379,0.45042535408222545,7.065069796696684,0.0,0.0,2.1858026392593004,0.3639564726874537,1.3418034711029385,3.143908518493064,0.34464196414437465,0.11192820469945136,0.2327137594449232,0.0,0.0,0.6553580358556256,0.0,0.0,0.0,0.0,1.0,,,,0.1858426376147888
B001213,5932.749296752166,3.0502567078417306,9.18916453093745,5.099487398608776,0.0,0.25507608722294633,0.8617719924999556,40.503283647497916,1.1317759966002687,0.5211174679794491,0.0,1.0595457817377714,0.0,0.33781746152424086,1.8076876767381633,0.981968788923717,0.6346059656525324,0.3473628232711843,0.0,0.0,0.01803121107628313,0.0,0.0,0.0,0.0,1.0,,0.27614366322484496,,0.18699916418064566
B001214,5746.313933638451,4.637864353219089,8.476632507149551,3.168998125100694,0.0,0.3271881385936629,0.9229456504863903,43.23882814243899,2.161423704396311,0.7034568665401519,0.0,0.2391036957888919,0.8866485059277897,0.6472315805659457,1.994656736628781,0.9473537974775748,0.7561777650624878,0.19117603241508715,0.0,0.0,0.05264620252242539,0.0,0.28,0.28,0.28,0.7,0.4994131958659953,,,0.3110513158581213
B001215,740844.6676264536,1010.7021386445479,2143.7635011778825,1505.9416425362979,0.000903821309219759,0.23984144653439904,1.1332753419462236,53.11833544114711,1.5667233670502205,1005.0084465852015,1.2972349746306693,1.0467718547593077,1.2929445051500337,0.4900173577560224,2.6656190018135564,0.004155564424588355,0.0028720656319862242,0.0012834987926021314,0.9943665973963584,0.0,0.0014778381790531694,0.0,0.2,0.2,0.2,0.98,0.414828443199766,0.46516565422824185,0.8001578151604959,0.27637726888891634
B001216,3900.198749392183,1.9090546986745878,13.303860759460562,4.757847664213116,0.06213740628466242,0.2085805514879745,0.21131744487173068,7.614734661179177,0.23980077220032714,0.4571793652968461,0.0,0.7699037508527893,0.2537007899150045,0.18847002040962016,1.8354136186901109,0.927820664842259,0.927820664842259,0.0,0.0,0.0,0.07217933515774086,0.0,0.5,0.5,1.0,0.5,0.9411921568700174,,,0.4052417822251656
B001217,10709.625534396377,7.4166381817149425,10.846621181844199,8.793985076380636,0.0,0.30654415719104416,8.197949420699219,296.2745082926173,2.1737767038060327,0.20153078117751907,2.031358743673484,1.6003474442847367,0.0,1.4096245087731705,1.9835985821615874,0.9737568138183484,0.4840866830963365,0.48967013072201193,0.0,0.0,0.026243186181651643,0.0,0.0,0.0,0.9800000000000001,0.92,,,,0.18816800894164298
B001218,7569.765402478776,16.67349207594444,34.18150674207995,5.2739101767311904,0.06475856754088047,0.13520636689487753,0.06842875815868146,3.1750943785628203,13.685751631736292,1.0354481150286976,0.05351194480794436,1.0342076378284732,0.15538538356479625,0.7091873629782396,3.438048992195467,0.16107669274016786,0.04448109419095201,0.11659559854921582,0.0,0.0,0.8389233072598323,0.0,0.0,0.0,0.0,1.0,,,,0.18699916418064566
B001219,8061.193194667844,3.6927133278368505,16.35045966929091,6.3865074421970975,0.0369735657988149,0.43627620821006724,0.38676141554079096,8.594520534640184,1.0455001509504123,0.47119986480166737,0.06059490266108798,1.4346664344417686,0.4582658436025043,0.2224861313794102,2.4630116566885176,0.6815621731774157,0.5410528240350778,0.14050934914233787,0.0,0.0,0.3184378268225844,0.0,0.0,0.0,0.0,0.6,1.361752900499688,,,0.18877684261687888
B001220,3734.0026944444503,1.639878214512275,8.28991975497437,3.7066217403719617,0.29615906348770293,0.38854125377256915,0.6394443821951115,22.722415566154286,0.2662628563412325,0.14273566617643924,0.0,0.8632358646907384,0.15769111642577607,0.20995271087808845,2.25410183043746,0.9129595936373291,0.386557171157756,0.526402422479573,0.08704040636267067,0.0,0.0,0.0,0.0,0.0,1.0,1.0,,,,0.18877684261687888
B001221,40299.40704617318,8.687089253324679,19.31554321933355,4.48789277105457,0.36252272724540613,0.021,0.03381197162221183,1.960065431824518,7.267150739707626,0.0,0.06370309882948347,0.8773778970245678,0.0,0.4788575177629991,2.983063260022428,0.3807874574229745,0.27978954299625414,0.10099791442672035,0.0,0.0,0.6192125425770254,0.0,0.0,0.0,0.0,0.5,0.14894829922306993,,,0.18699916418064566
B001222,4193.522572531388,4.135623838788351,14.952519608697427,6.861736109435603,0.0,0.3841315896785571,0.025931013934598637,0.5685328100543962,1.3691136451248254,0.0,0.0,0.9406168534366541,1.564170572272442,0.26172276795442934,2.5157064848836255,0.6792617414890403,0.4518191862415023,0.22744255524753787,0.0,0.0,0.32073825851095983,0.0,0.0,0.0,0.0,0.95,0.52287736952302,,,0.18696941873279815
B001223,5542.368018629306,7.06934696253738,18.343160280626662,0.2819640819197701,0.0,0.24,0.030452452959101345,1.8317077600171237,6.479324040639723,0.0,0.0,0.18919789896816577,0.0,0.400825022929492,3.1723756661505638,0.2972091490200875,0.2972091490200875,0.0,0.0,0.0,0.7027908509799126,0.0,0.0,0.0,0.0,0.5,,0.20175454522570394,0.2574782617915767,0.18699916418064566
B001224,11605.087625610991,5.313684810261443,16.99358557597773,9.448936056421273,0.0,0.3285648049339568,0.012934587795444864,0.4682320781951041,1.2934587795444863,0.0,0.9649714978867415,1.2790229794873165,1.478576016114428,0.29765553722847193,2.5430082346676515,0.7480208482414238,0.2881615225090529,0.4598593257323711,0.0,0.0,0.2519791517585763,0.0,0.0,0.0,0.0,0.9,0.7851130910945591,,,0.18696941873279815
B001225,14043.28717229682,5.978410886460971,16.82944081769207,5.185222523927061,0.0,0.33382971799431665,0.014545165692098336,0.3243571949337929,2.3119251990484715,0.0,1.7877803448352618,0.0,1.199934260969632,0.6787710816076032,1.6379891727693467,0.9754380120144287,0.7747267722287747,0.20071123978565397,0.0,0.0,0.024561987985571226,0.0,0.0,0.0,0.0,0.92,0.5398914255680664,,,0.18696941873279815
B001226,1536.4663373662356,4.670110447921688,18.10356430766581,8.195290045423473,0.1003502187780111,0.4230489990647908,0.013723206881879103,0.30037723446619896,1.1621190536196604,0.8121116281643457,0.529160968361691,0.3897041891328248,1.4017998970156456,0.3752147116275235,1.8741515901394672,0.6998358148811067,0.6163893539293637,0.08344646095174311,0.30016418511889376,0.0,0.0,0.0,0.0,0.0,0.0,1.0,0.9273620203565021,0.4439138394276594,0.26483624287001967,0.18696941873279815
B001227,1814.0755073651785,3.763642131463026,7.035932214667455,4.628772126449494,0.17607458059626346,0.24,0.01028678868692895,0.16718131060850602,0.7258884274620526,1.1091029225776812,1.4499320608961088,0.0,0.0,0.4787187205271838,1.9700407098685508,0.9804736445371148,0.30053785519068577,0.6799357893464292,0.0,0.0,0.019526355462885118,0.0,0.0,1.0,0.0,1.0,0.15795940531735284,0.20143460763048382,0.8510820114467087,0.1858426376147888
B001228,3418.519634877796,3.4116962423930097,28.028037735705045,5.693628073099796,0.03337562484834172,0.05789980987020589,0.21175109499355232,9.9163488688539,0.48589365853183747,0.0,0.0,0.5356858996468539,2.2212495027085906,0.1688671815057272,2.177471314617492,0.9786795019340359,0.3276105482834095,0.6510689536506263,0.0,0.0,0.021320498065964,0.0,0.3,0.3,0.3,1.0,0.6121084312743177,0.22242187588104678,,0.32025669999791706
B001229,2514.1184137289742,1.4616967521680082,7.855395749120907,2.014496377848913,0.0,0.0,0.3671116191229402,13.293242629577483,0.5027594590639426,0.0,0.0,0.6860568864402257,0.0,0.27288040666384034,2.217638351615806,0.6174147261757329,0.6174147261757329,0.0,0.0,0.0,0.38258527382426727,0.0,,1.0,,1.0,0.9705353370957669,,,0.18877684261687888
B001230,23134.723017277287,5.111516353795246,7.4288962506493625,5.807652134661275,0.0,0.24,1.909532513250435,69.12187531811279,1.1602799874849636,0.0,1.9865819303983683,1.3999720362516062,0.0,0.5646823996603074,2.539337739814596,0.7512984499531489,0.36265019121807635,0.38864825873507225,0.0,0.0,0.24870155004685113,0.0,0.0,0.0,0.98,0.92,,,,0.18816800894164298
B001231,10882.229679176473,4.3933103266760085,7.345044800360367,5.862620784189779,0.0,0.365,1.3650151807683855,30.439762548444623,1.9073449575674513,0.0,0.0,1.3251010361269302,0.578198816525149,0.5826655164564774,2.659742589058657,0.5390597148893013,0.23744181458278998,0.30161790030651114,0.0,0.0,0.4609402851106987,0.0,0.2,0.2,0.2,0.98,0.26341360015496545,,,0.27637726888891634
B001232,5104.654664920059,3.991129526911696,9.08882050186729,6.86484831991148,0.055895506877389534,0.3501628419274129,1.216273442394374,27.122897765394537,1.5203418029929674,0.41269666406681665,0.0917069426892173,0.9469102154031567,0.5999709864039962,0.4195029153555418,2.526174040237397,0.6043752205461714,0.4540491080112447,0.15032611253492667,0.0,0.0,0.3956247794538286,0.0,0.0,0.0,0.0,1.0,,,,0.18699916418064566
B001233,5897.48606629567,4.454294612005793,10.06164266833261,7.64775946744291,0.35596108782841934,0.3185212159452251,0.011633099216995495,0.22733036068388143,1.1871938348214899,0.8812502937447735,0.9417317616473294,0.4223556268050395,0.5097620326671646,0.5120010623199953,2.4663448877147616,0.7179705599035691,0.40568490132528334,0.3122856585782856,0.0,0.0,0.2820294400964309,0.0,1.0,1.0,1.0,1.0,0.24036061744117956,,,0.6061389938239665
B001234,10923.454940384434,2.841689630693141,7.513973173725657,3.658892606770017,0.16058779407172905,0.24,0.01634508115813853,0.2826995272038637,0.44815702980102706,1.0155396396147613,1.0453154860828617,0.0,0.0,0.3326774751944911,2.315552029656557,0.8346500951323478,0.10942834556536842,0.7252217495669793,0.0,0.0,0.16534990486765233,0.0,0.0,0.0,0.0,1.0,0.9199755632967763,,,0.18696941873279815
B001235,13047.300063730669,13.662094307571381,23.566957803336617,12.948171992461717,0.0,0.4974984079823652,0.04547667514761276,2.4818508939888524,9.762418701326038,0.0,0.011194774082406258,2.018080708741807,0.8145788971785377,1.0558212262425908,2.875053859431678,0.4582008864705639,0.3985776047949932,0.059623281675570565,0.0008194039530383156,0.0,0.5409797095763976,0.0,0.0,0.0,0.0,0.5,,0.20358534930823433,0.3784887000866649,0.18699916418064566
B001236,1979.4808666881038,6.224782599648125,10.262236982226023,5.272563067683749,0.0,0.47,3.0183978442332178,141.83196898399095,1.583700423956191,0.0,0.7676469204114775,0.5828083811679374,0.0,3.2906268741125206,2.2739706539375684,0.984602543675527,0.8612814624774671,0.12332108119806001,0.0,0.0,0.015397456324472985,0.0,0.0,0.0,0.0,0.92,0.25647408701828306,0.2585415693323937,0.1784682685358815,0.18816800894164298
B001237,2902.0629305408775,6.420493209161234,12.25189434271041,1.0127435224328272,0.0,0.29856713402290497,0.018137610778020386,0.6281364362497869,2.5850006308146014,0.0,0.09009352377578823,0.36115611280249765,0.16044663943727097,3.223796302331076,2.4402898329695932,0.8240607518413737,0.8100285706925431,0.01403218114883077,0.024989768575463,0.0,0.15094947958316327,0.0,0.0,0.0,0.0,0.5,0.6730639279025622,0.16819832588377195,,0.18699916418064566
B001238,3724.708235394725,11.862128138199761,15.301650343029005,12.107478885554894,0.11098947673197984,0.22614415542034433,0.027501261174985688,0.7779252295533386,4.586575728375265,1.0811250245516626,1.3763165197869798,0.49175926392712993,3.5638363798934507,0.7625152216652737,2.520626504138119,0.5803240679390483,0.3731570642017585,0.20716700373729,0.0,0.0,0.41967593206095166,0.0,0.0,0.0,0.0,1.0,0.3117022568783495,,,0.1858426376147888
B001239,22548.994103620716,6.284557999894291,11.24290950889083,10.176278984067455,0.08498988860247411,0.42213418821412496,1.5068584835010554,33.607050861606666,1.9633539509856497,0.728613040652338,0.9772265923248987,1.2264036388602648,0.6303577755819394,0.7586030014892,2.510560652985311,0.7006276443021877,0.6003250016036014,0.10030264269858634,0.0,0.0,0.29937235569781206,0.0,0.0,0.0,0.0,0.98,0.3026712150916643,,,0.18816800894164298
B001240,44583.5925819678,11.038274964587226,20.55214083219273,21.184976902916567,0.19699886055886778,0.1941773509489295,0.011362793613093145,0.2533902975719772,1.4028140263077957,1.0106360183967564,0.850538929999247,3.866849395830755,3.3405558446514685,0.5668807494012026,2.024332021665892,0.7813562307111088,0.7813562307111088,0.0,0.09155742374954953,0.0,0.12708634553934162,0.0,0.0,1.0,0.0,1.0,,,,0.1858426376147888
B001241,8718.959774290832,5.358918115728845,14.809218328209404,7.468562196793093,0.0,0.09745480897362009,0.016178101407245685,0.5856472709422939,1.6178101407245686,0.0,0.0,1.602586835417041,1.8022847254292023,0.336236414158033,2.212967578150293,0.6885128198902213,0.38946237709406756,0.2990504427961537,0.0,0.0,0.31148718010977866,0.0,0.0,0.0,0.0,1.0,0.5548668366132717,,,0.18696941873279815
B001242,1722.3413655318304,3.42413790364181,11.274757993041518,3.4098429943179855,0.0,0.6677564228417552,0.013671366077652259,0.3519496711252188,2.0354149193763393,0.19292800727204512,0.2735264920192569,0.3134172656470818,0.0,0.6088512193270871,1.34351166212677,1.0,0.9084682701261124,0.09153172987388757,0.0,0.0,0.0,0.0,0.0,0.0,0.0,1.0,0.18741440927143557,0.3188739934937505,0.2763291096679643,0.18696941873279815
B001243,20548.120313148498,10.023473323487073,17.12498821020637,16.444107004407172,0.0,0.3339512636062912,0.024307073851976425,0.5922325451917516,3.4342772277340856,1.022797911626201,0.0,4.419005622661485,0.21006174317071544,0.9373308182945853,2.33866991906276,0.7035082975147385,0.16060232483794057,0.5429059726767981,0.0,0.0,0.2964917024852614,0.0,0.0,0.0,0.0,0.5,,,,0.18699916418064566
B001244,13558.38550405346,12.496207837837291,16.44435025101098,20.067270025535368,0.0,0.3275486501923949,0.018537949643430585,0.6710737770921872,4.234557025149119,0.7371468792448569,2.5515198676893602,2.3286602274920023,1.8836358080942033,0.7606880301677476,2.4873223686819643,0.5103960407318101,0.3240466891756486,0.1863493515561615,0.15073659405621753,0.0,0.3388673652119722,0.0,0.0,0.0,0.0,1.0,0.24887426023130238,,,0.1858426376147888
B001245,1964.7078998825866,1.7234279823531462,6.915354906288931,2.4096996675120663,0.19957919417353262,0.40358773927737435,0.34936114246105815,12.392083631766997,0.525987843487261,0.37818517019222736,0.1191147408686223,0.05736645346142544,0.20600415808567552,0.43676961625793465,2.62401093922454,0.582232190213988,0.582232190213988,0.0,0.0691150092073964,0.0,0.3486528005786156,0.0,0.5,0.5,1.0,0.5,0.8801827541140285,0.2700424126810689,,0.4052417822251656
B001246,10637.614307477892,2.800109056982862,14.751350889610963,4.053982886210898,0.0,0.1429159570704327,0.33684361366040827,15.679200260230262,0.9130079261808904,0.7145408201961425,0.06422798247677612,0.5073921799545859,0.22138206422474752,0.37955808394972057,2.6581050203552614,0.6739384403960815,0.2146131225410147,0.4593253178550668,0.0,0.0,0.32606155960391886,0.0,0.0,0.0,0.0,0.6,0.6466794524315136,,,0.18877684261687888
B001247,446.16278950526794,0.9105363051127917,4.397089207984378,0.8454201458572272,0.02119212445252292,0.15907571114828448,1.1758884817528308,42.478472654386266,0.17109800632042596,0.0,0.011672720013452998,0.35990274101607134,0.15060964161076376,0.2172531961520777,2.3088773992147895,0.7907170077781964,0.7907170077781964,0.0,0.17822722796771318,0.0,0.031055764254090464,0.0,0.0,0.0,1.0,1.0,,,,0.18877684261687888
B001248,5988.5699245349215,2.442320523872317,6.563947754737773,2.622824422863366,0.0,0.0,0.03291241804262557,1.1052696260742827,1.475596650666724,0.0,0.0,0.5297056204414854,0.0,0.437018252764108,1.7136617111637744,1.0,1.0,0.0,0.0,0.0,0.0,0.0,0.0,0.0,0.0,1.0,1.1142703444996602,,,0.18696941873279815
B001249,14406.808288760702,9.135579130476032,17.780417669098107,14.545190837389683,0.0,0.40334255165502725,0.018290978040712225,0.4949356617382529,2.901232198082875,0.0,1.3802599418972152,2.400844230808202,2.05057022659147,0.40267253309626766,2.607652895744354,0.6724449951454182,0.6724449951454182,0.0,0.0,0.0,0.32755500485458156,0.0,0.0,0.0,0.0,1.0,0.27054386557049603,,,0.1858426376147888
B001250,936.0467157131144,2.9905645869428574,9.819862626066906,7.203195334453846,0.1409815900953212,0.31301586268375253,0.013394526372902687,0.12065435019603848,0.3783207753643158,0.7678589104128886,0.0,1.2909560434083818,0.0,0.5534288577572717,2.071064470451721,0.8698674251954408,0.6131069078785947,0.2567605173168462,0.0,0.0,0.1301325748045593,0.0,0.0,0.0,0.0,1.0,0.7981619329821509,,,0.18696941873279815
B001251,5900.587244744665,1.976746145643104,13.114406146573115,2.676638078030735,0.0,0.336162851929394,0.20823699753259187,7.497996555080206,0.7599925745940077,0.28470554695435435,0.0,0.6481255789698879,0.16203833661260486,0.12188410851224932,1.9973192024755786,0.9343621913643457,0.7903348221536524,0.14402736921069337,0.0,0.0,0.06563780863565417,0.0,0.5,0.5,1.0,0.5,,,,0.4052417822251656
B001252,7770.218375316781,12.993676212904315,22.15220472127269,11.580949849123801,0.13072772673437713,0.43244554215807696,0.04486921739906864,2.4368477426921222,9.381955838867942,0.23872545846274612,0.0,2.4123929039456424,0.0,0.9606020116279832,3.1804651032392512,0.24880674668696537,0.10009015474193994,0.14871659194502543,0.0,0.0,0.7511932533130344,0.0,0.0,0.0,0.0,0.5,,,,0.18699916418064566
B001253,5734.757568933282,3.8359582400891514,11.29993897750665,5.100435853674559,0.0,0.41762768960880675,0.0187278669901487,0.5887346486447832,1.6934304954782848,0.6935812737964003,0.5304719489840957,0.5252912759529019,0.0,0.39318324587746895,1.9619064346269903,0.8191895661042751,0.680900274151043,0.13828929195323225,0.18081043389572476,0.0,0.0,0.0,0.0,0.0,0.0,0.95,,,,0.18696941873279815
B001254,13920.823169945677,7.009477930486242,18.938980987286644,0.6996096073330682,0.0,0.42797011050508904,0.02663157520626595,1.140882655943699,6.286256745439579,0.0,0.1050669069667486,0.0,0.23228733349843128,0.3858669445814838,3.521991917425247,0.10022130321572041,0.08523204039062722,0.014989262825093193,0.0,0.0,0.8997786967842797,0.0,0.0,0.0,0.0,0.5,0.19304115755218187,,,0.18699916418064566
B001255,3801.7189278251,5.022085769914266,8.446284372523545,8.554586648579127,0.0,0.232330641922872,1.6634468193125338,77.87636649255245,2.0697860286541068,0.5661314125499596,0.0,1.8436864866893017,0.0,0.5424818420208982,2.4341002867707577,0.5878632656866312,0.22074757488456495,0.367115690802066,0.0,0.0,0.41213673431336884,0.0,,,,1.0,0.30945481079447384,0.2606425543445269,0.3107159053657668,0.18699916418064566
B001256,1586.7808309608236,4.0070223004061205,16.108903227440727,5.491132072241937,0.0,0.06811663611853541,0.4136058572806886,9.24380130749777,1.1211267508399592,0.8883066807080989,0.0,1.4387363423639572,0.31259501362692554,0.24625751286717876,2.475304986945341,0.7142920891704271,0.49260460801563843,0.22168748115478848,0.0,0.0,0.285707910829573,0.0,0.0,0.0,0.0,0.6,0.7032910122866474,,,0.18877684261687888
B001257,15648.351382877998,3.676774291089755,7.681061646271432,4.4219655781296945,0.36997432602552743,0.40328541506146054,1.3400344965784774,62.974867849683136,1.752626223845754,0.566141316671808,0.26678393685989127,0.0,0.5599688624451531,0.5312539512671486,2.7651630843257533,0.5052692357109245,0.3512915172407461,0.15397771847017838,0.0,0.0,0.49473076428907553,0.0,0.0,0.0,0.0,0.98,,,,0.18816800894164298
B001258,22305.059864977156,8.188347968053288,14.77922331136457,11.157015155003926,0.0,0.365,0.019307144986763822,0.5444949170284148,3.2071764008518966,0.0,0.0,1.2272418273436487,2.682428636237762,1.0715011036199802,2.8148878871850034,0.6083243636732775,0.130856811141933,0.47746755253134443,0.0,0.0,0.3916756363267225,0.0,0.0,0.0,0.0,1.0,0.3178360589996509,0.20722864024749488,0.23078751172595613,0.1858426376147888
B001259,3984.988690123362,12.938274967932994,32.38719806092604,4.73791784402591,0.0,0.07133956016933686,0.05435058157719267,3.619748733041032,10.870116315438532,0.0,0.057921566832175045,1.392892117971727,0.0,0.6173449676905631,3.38027247474889,0.15984809857730764,0.047714627276095795,0.11213347130121186,0.0,0.0,0.8401519014226926,0.0,0.0,0.0,0.0,1.0,,,,0.18699916418064566
B001260,19717.392385396706,4.6426636179413014,9.597979373241161,5.708442756878225,0.0,0.6914151951712105,1.63283973134497,76.56764951476282,2.000053206338965,0.19697843284585526,0.0,1.3555590808956923,0.1638309852632908,0.9262419125974971,1.7997983117596335,1.0,1.0,0.0,0.0,0.0,0.0,0.0,0.0,0.0,0.0,0.9,,,,0.18699916418064566
B001261,24824.218956522112,6.754889511978806,13.108282833615064,10.154526200037237,0.0,0.711397916315845,0.014562993245574495,0.4394279353318727,4.762739240008494,0.36253794041394094,0.4992503559373239,0.2544971946522848,0.0,0.8758647809667593,3.1923036842405303,0.24124929485026952,0.20357329819614642,0.03767599665412312,0.05367044712885874,0.0,0.7050802580208713,0.0,0.0,0.0,0.0,1.0,0.21581162437167178,,,0.1858426376147888
B001262,1638.1608274574285,1.7962289774752505,8.603565680511249,2.860627978167304,0.05315866145878884,0.038733703228174654,0.5985308386896426,21.666816360565065,0.3291919612793035,0.0,0.027583845010562918,0.39369089960171305,0.8414555706085549,0.20430670097511586,2.562334632826162,0.8167316275333614,0.12909854416869515,0.687633083364666,0.0,0.0,0.18326837246663855,0.0,0.0,0.0,0.0,1.0,0.6449681355033923,,,0.18877684261687888
B001263,4470.396501427981,2.3078970064160975,11.967541111911837,2.689756805520431,0.0,0.365,0.46477362361800706,16.824805174971857,1.02974329820924,0.34912883115268595,0.0,0.6908354815945555,0.0,0.2381893954596156,1.3233202147373206,0.9733688968951991,0.6740334067611117,0.2993354901340874,0.0,0.0,0.026631103104800862,0.0,0.0,0.0,0.0,0.6,0.44187372011793274,0.2906716543199054,0.4524284747957786,0.18877684261687888
B001264,928.0159955143188,1.3508238653774656,6.081132115002857,0.3069095258589499,0.0,0.43300000000000005,1.2698555976256365,59.58409507098964,0.9261516163999972,0.0,0.0,0.0,0.14608893430886014,0.278583314668608,1.8762534528555037,1.0,1.0,0.0,0.0,0.0,0.0,0.0,0.0,0.0,0.0,1.0,0.45776926877368385,,,0.18877684261687888
B001265,8097.6709194352015,1.9559591592838652,10.869664273410644,2.386911960884039,0.0,0.27121631952926983,0.5123463369875849,18.56664348887441,0.27541498566193146,1.245226358427232,0.06222295249900832,0.0,0.2049646594456357,0.16813020325005745,2.6846329306704253,0.20899478421588313,0.20899478421588313,0.0,0.6366320853463763,0.0,0.15437313043774048,0.0,0.0,0.0,1.0,1.0,1.1512901895732273,0.3313384342342856,,0.18877684261687888
B001266,22658.705744285886,10.857070313505456,28.4350775962309,0.7715798868095773,0.0,0.3989956636430904,0.053441042255196844,3.3720832001629106,10.06777995150961,0.0,0.0,0.20372306962608713,0.18361259214026507,0.4019547002294953,3.551588962425917,0.07269828224415421,0.053934189929796685,0.01876409231435754,0.0,0.0,0.9273017177558459,0.0,0.0,0.0,0.0,1.0,,0.24635270476443966,,0.18699916418064566
B001267,14771.670865316944,5.576319692456377,10.893183331528489,4.452698036370843,0.0,0.41396714406767654,0.011960373199897458,0.3498355478947723,2.8591205625399088,0.8919049756083904,0.8870684583162303,0.0,0.0,0.9382256959918476,2.69794430046979,0.48727463269229065,0.48727463269229065,0.0,0.0,0.0,0.5127253673077093,0.0,,0.0,,0.5,0.3318305327422553,,,0.1858426376147888
B001268,5626.479128016086,1.1999315692079517,8.091492560093487,2.174347917372727,0.08207129663746804,0.4458834161435132,0.2992506093491213,14.05894457525476,0.4068440406299033,0.34899022418875664,0.029493572326373892,0.27060999384865336,0.0,0.14399373821426473,2.5236196407569813,0.601836316747541,0.376315128045691,0.2255211887018499,0.024579378593932607,0.0,0.37358430465852654,0.0,0.3,0.3,0.3,1.0,,,,0.32025669999791706
B001269,2696.1509040065853,4.664620941187864,10.01459086704114,8.019414845573829,0.1658672676408095,0.24389142154584256,1.0392286349679125,23.2334675489529,1.433950304480321,0.5468334073605738,0.0,1.2200201529031969,0.732530185809254,0.7312868906345187,2.429746173846363,0.5411627773429566,0.2796152329046482,0.2615475444383084,0.11722997736688988,0.0,0.34160724529015374,0.0,0.2,0.2,0.2,0.98,0.3234534687226592,,,0.27637726888891634
B001270,2117.1456431325723,4.410720089859526,10.777985038274071,2.478084468395815,0.0,0.12268097749862214,0.01064621125274317,0.23741051093617266,2.4318756668702672,0.0,1.2149388262094019,0.3867508690851682,0.0,0.37715472769468844,3.127154174032071,0.407733989143471,0.13228263393219622,0.27545135521127473,0.0,0.0,0.592266010856529,0.0,0.0,0.0,0.0,1.0,0.11789785996265516,,,0.18696941873279815
B001271,385.432008270631,1.1859446408327108,8.578476366509076,2.6109410245655345,0.02445610621844186,0.41849377203297283,0.39868958909989094,14.432563125416054,0.21927927400494004,0.4841285152192989,0.05115274216191781,0.0821190389795154,0.16256210128682066,0.18670296918021806,2.2253915878484256,0.7286350251188219,0.6593914566147682,0.0692435685040539,0.0,0.0,0.27136497488117806,0.0,0.0,0.0,1.0,1.0,0.7154572662442406,,,0.18877684261687888
B001272,17042.005614817324,8.309120241256618,11.629203144049702,11.921924941832225,0.3325622766137762,0.41377001172386485,0.024666284238329624,0.23962880820651922,4.097022875655171,0.6620876739125917,0.0,2.7660681900796606,0.15640325729130644,0.6275382443178855,2.9642065333874545,0.5069245892829243,0.07552402975251453,0.43140055953040984,0.0,0.0,0.4930754107170754,0.0,0.0,0.0,0.0,1.0,,,,0.1858426376147888
B001273,4171.899579140165,7.946475388838409,14.489655060847255,9.809114534543006,0.0,0.4496958537426731,0.013261345272771737,0.4800606988743369,2.8697910322017335,0.5421292473145805,0.7722448757632963,0.3298361687022272,2.4943169381505155,0.9381571267060567,1.5726662375789384,1.0,0.9028191949291141,0.09718080507088572,0.0,0.0,0.0,0.0,0.0,0.0,0.0,1.0,,0.32473672557715616,,0.1858426376147888
B001274,2036.1769902872452,3.4747047615823297,19.709604003731013,3.8480026593951706,0.0,0.28011266403698226,0.5054485626499751,23.756082444548827,0.6318107033124688,0.5986700452290019,0.07116609665961351,0.7271069866955818,0.25479712525488696,1.1911538044307775,2.2916700849153493,0.7976873293683931,0.7243581855309018,0.07332914383749141,0.02048119237250117,0.0,0.1818314782591058,0.0,0.0,0.0,0.0,1.0,,,,0.18877684261687888
B001275,2079.7404585020568,5.516552940323758,8.310768612579741,4.185351624794001,0.0,0.2628645167654253,1.3509802117527057,48.802377958293995,2.304152405553998,0.8836968001520376,0.0,0.29091549834014974,1.2039800100892801,0.8338082261882921,2.574251917897633,0.5989486772294169,0.5989486772294169,0.0,0.0,0.0,0.4010513227705832,0.0,0.28,0.28,0.28,0.7,,0.3530807299189381,,0.3110513158581213
B001276,5471.879873475842,3.417788802920576,6.103695485034502,5.10845248101832,0.0,0.433,1.195968029153238,56.21674007631208,1.491989586778318,0.0,0.0,1.2616473908561598,0.0,0.6641518252860977,1.9026163043592068,0.9484860431238271,0.5793446293015178,0.3691414138223094,0.0,0.0,0.05151395687617276,0.0,0.0,0.0,0.0,0.98,,,,0.18816800894164298
B001277,1996.0590102997442,4.833072664164029,13.503373757664757,9.893340054194182,0.0,0.537295105877079,0.018542999072815317,0.6774287453305289,1.4912305605395069,1.307134205535416,0.929818486107753,0.25897775347490126,0.26855805613432254,0.5773536023721301,2.336991399167663,0.6436454207959519,0.5900609267337886,0.05358449406216331,0.0,0.0,0.35635457920404806,0.0,0.0,0.0,0.0,1.0,0.30212506503181547,,,0.18696941873279815
B001278,2393.0263870423037,1.709304562173074,8.03369143515188,2.000467327421752,0.025966035804700006,0.5707664788219105,0.5974772938955426,13.3237436538706,0.7468466173694283,0.1453558524284249,0.10235086121585352,0.15338771126153145,0.21205326207560635,0.3493102578222297,2.8139078875412276,0.5273574085534323,0.40329919987117224,0.12405820868226004,0.0,0.0,0.47264259144656773,0.0,0.0,0.0,0.0,1.0,0.46918210715912434,0.2843068463861585,,0.18877684261687888
B001279,2126.1149671260946,6.562083231870663,8.901887591251858,7.032413077685731,0.35093111599844196,0.3999291616929977,0.01567615525089089,0.5527251654012062,3.505677800338073,0.29985193425376944,0.0,2.042730974656794,0.0,0.7138225226220257,1.8059519667523898,0.9543053747326076,0.9543053747326076,0.0,0.045694625267392444,0.0,0.0,0.0,0.0,0.0,0.0,1.0,0.2106352786164389,,,0.1858426376147888
B001280,2622.1785393923183,4.928907028932929,17.314180397202254,5.848535451547457,0.0,0.07138999945844239,0.008656251729094873,0.1660864021039841,1.4216438060510588,0.0,0.0,0.9416260361494603,2.2540696782880567,0.31156750844435444,1.2501410997608546,1.0,1.0,0.0,0.0,0.0,0.0,0.0,0.0,0.0,0.0,,,,,0.18696941873279815
B001281,415.3714204677566,0.7524844573691243,5.2014076501157165,0.9502296659347824,0.10654626144880115,0.3870099055426672,0.372341731725601,13.552035350927289,0.20075839601375128,0.0,0.0,0.03016612501947678,0.39655138150992547,0.12500855482597079,2.971630860200084,0.6329798701675164,0.06590170350170314,0.5670781666658132,0.0,0.0,0.3670201298324838,0.0,,,,0.9,0.4403714620674635,0.3290657521244443,0.5517410548102631,0.18877684261687888
B001282,20410.18631510244,11.970783762523427,15.081279097550796,9.774344430989133,0.06956324708412515,0.4453520875588553,0.011745001402279753,0.5449680650657805,7.756133001505497,0.5222568053174796,0.0,1.0611416833786074,1.442389137671571,1.1888631346502707,3.1194293802054407,0.311224028822959,0.19073157266589316,0.12049245615706597,0.0,0.0,0.688775971177041,0.0,0.0,0.0,0.0,1.0,0.17254608487525464,0.3363461196161639,,0.1858426376147888
B001283,5121.921012996385,5.335334388537901,10.740355793071505,7.596757546725064,0.0,0.45300000000000007,0.015900063215030513,0.23975036450885465,2.931122111126476,0.0,0.0,1.269064413593333,0.6092394910480936,0.5259083727699978,2.807860699485319,0.4371618355152977,0.08511194175856208,0.35204989375673573,0.0,0.0,0.562838164484702,0.0,0.0,0.5,0.0,0.5,0.3047494040821929,,,0.1858426376147888
B001284,1773.1213635603178,5.199769394605037,8.442741190552391,8.07501993623757,0.0,0.020999999999999998,0.019058692352549634,0.3276128362115825,1.5731456087656006,0.0,0.0,1.545692626743032,1.5511412543949037,0.5297899047015019,2.5001493849030765,0.6766616295376567,0.0810902404773993,0.5955713890602574,0.0,0.0,0.3233383704623434,0.0,0.0,1.0,0.0,1.0,,0.2201769561693195,0.5361424238711211,0.1858426376147888
B001285,1146.53796655706,1.1465379665570599,7.941846318499129,1.5190940496434742,0.0,0.365,0.41139301766045155,14.868882622776654,0.2258332095597067,0.25610354056851775,0.0,0.13122262256484615,0.41475549507839043,0.11862309878559864,2.446224207532769,0.7478034580003577,0.271606303114371,0.4761971548859868,0.0,0.0,0.252196541999642,0.0,0.0,0.0,1.0,1.0,0.5449655301852887,0.3691135369879316,,0.18877684261687888
B001286,1714.2474560101937,2.4419479430344637,9.750809796088848,1.2215238916776743,0.0,0.19934625705327857,0.008271735417618529,0.15647968116783992,1.4902712906577655,0.40940582357458005,0.33438088657682025,0.0,0.0,0.2078899422252983,3.242221852676426,0.15835903345902702,0.021427004448897953,0.13693202901012907,0.16765542637482914,0.0,0.6739855401661439,0.0,0.0,0.0,0.0,1.0,0.10910448972234035,0.2258665823047534,,0.18696941873279815
B001287,13015.707532561737,4.159701991870162,12.183687057415108,9.370875951764441,0.40454175020024635,0.35083254152371846,0.019905559773663196,0.37075735539979365,1.51625878182225,0.0,0.4681607488888444,0.9548373905242374,0.9549335829044878,0.2655114877303425,2.5965872942244976,0.6354886035620655,0.4059208160689143,0.22956778749315138,0.0,0.0,0.36451139643793434,0.0,0.0,0.0,0.0,1.0,1.1205399945705385,0.41665676472374974,,0.18696941873279815
B001288,3978.468957894394,4.076300161777043,8.455395199314824,2.8929066731979862,0.0,0.26829496427756727,1.3623523564696522,30.34647134730412,1.78331638746696,0.0,1.5017443965541417,0.3457542146846221,0.0,0.44548516307131897,2.8050362071075163,0.583164237734262,0.12993495188271262,0.45322928585154926,0.0,0.0,0.4168357622657381,0.0,0.0,0.0,0.0,0.98,0.4298230646290692,,,0.18816800894164298
B001289,3487.000596575378,2.69266455334006,4.334098587871518,0.0,0.0,0.0,1.2429721442443697,27.737502048846856,2.1594613921834687,0.0,0.0,0.0,0.0,0.5332031611565915,3.4794021371937407,0.0940508451017503,0.0940508451017503,0.0,0.0,0.0,0.9059491548982498,0.0,0.28,0.28,0.28,0.7,0.36282327160891925,,,0.3110513158581213
B001290,945.8576921071765,1.6279822583600283,10.641631924228179,3.646790976338671,0.1947065731032568,0.4162921578158727,0.2948612856526098,6.580116189351547,0.4088190369639089,0.24726805430109716,0.06251684970066167,0.5235380535395135,0.11946363745173164,0.26637662640311544,2.247027026556527,0.7737781388434115,0.378809650895034,0.39496848794837747,0.0,0.0,0.22622186115658854,0.0,0.3,0.3,0.3,1.0,,,,0.32025669999791706
B001291,71832.44295094679,19.62635053304557,37.62990227742617,45.50418229453588,0.0,0.31690620604417996,0.020280862929511034,0.39694063686659226,2.8919461020432236,0.8488962333424943,0.04343283828055315,14.996721742019476,0.2229441621293359,0.6224094552304869,1.4063761210110308,0.880881556924912,0.8262692440719884,0.05461231285292368,0.00221298596534408,0.0,0.11690545710974391,0.0,0.0,0.0,0.0,0.5,0.8448462391059521,,,0.18699916418064566
B001292,24336.401294889416,6.025353130698048,9.032920968778452,8.647816653696228,0.0,0.36151609553917174,1.896640614433919,68.69255831365003,1.1574558946338256,1.2591991288062128,1.1558912325553587,0.4431608674581335,1.086316924088387,0.9233290831561292,2.252638482141719,0.7915363675716636,0.5376960102730816,0.25384035729858173,0.0,0.0,0.20846363242833654,0.0,0.0,0.0,0.98,0.98,0.2216852685064743,0.3911632337505253,,0.18816800894164298
B001293,4767.590714606675,5.461157748690349,9.701331515729155,5.81150610576794,0.0,0.34081018334395413,1.0910415914873546,39.42443426948293,1.7603212985428203,1.0550934228982303,0.8606625169608181,0.5360152937719013,0.6556522052310442,0.5934130112855346,2.3799016136090416,0.7522158710678849,0.3408084323356902,0.4114074387321948,0.0,0.0,0.24778412893211504,0.0,0.28,0.28,0.28,0.7,,,,0.3110513158581213
B001294,6771.147996226979,4.113698661134252,12.591388742605504,11.237726639478764,0.0,0.4604043612162593,0.009291239077410113,0.021462762268817357,0.37164956309640446,0.7837091855156214,0.0,1.1510481528989853,1.322709028361816,0.48458273126142515,1.975517539836749,0.9051891030857783,0.5836514462664744,0.3215376568193041,0.0,0.0,0.09481089691422168,0.0,0.0,0.0,0.0,1.0,,0.27238073427479403,,0.18696941873279815
B001295,12066.301082746144,5.2992099616803445,16.866819263424983,8.239911537018502,0.15247304615676147,0.31153055440469757,0.014435460619524165,0.3219107718153889,1.5340735268545174,0.8698452510534687,0.0,1.3441741009255799,1.1124367552555205,0.43868032759125697,2.7520025905781327,0.44327512783560397,0.2791289140898768,0.16414621374572722,0.25365556576274084,0.0,0.303069306401655,0.0,0.0,0.0,0.0,0.95,0.6581843658635751,0.5050674407340683,,0.18696941873279815
B001296,5727.301453864404,3.2541485533320476,14.530518565844238,6.252659511461075,0.12253502526687797,0.5089576154460064,0.3519093320194381,16.389065049066993,1.4326239467600337,0.2963930010948161,0.01854509458578434,1.0373639051359858,0.03022349652730297,0.43899910922812435,2.2205145572690497,0.822310044482319,0.8166111360637728,0.005698908418546321,0.0,0.0,0.177689955517681,0.0,0.0,0.0,0.0,0.6,0.5014691387945056,0.3884004418594924,,0.18877684261687888
B001297,40239.895214605844,12.17177713690437,15.755297307225247,17.75861504751342,0.0,0.4671159259682349,0.013792181128957644,0.3075656391757555,4.631702617933538,0.0,0.9432777242143102,5.04406033720725,0.0,1.5527364575492735,2.6607259445226012,0.6194719500827544,0.5419748259073267,0.07749712417542774,0.0,0.0,0.3805280499172459,0.0,0.5,0.5,0.5,0.5,,0.2552208536857627,,0.4023874260919753
B001298,10805.89075849623,7.625893266405244,14.518384177943814,9.396478815351418,0.0,0.18187311860696972,0.011045405234211962,0.24631253672292674,1.3636302758286374,0.8888159351569023,1.6236142473165667,0.0,3.2157119493528343,0.5341208587503027,2.2892545915412574,0.8211841907313454,0.7046318205228018,0.1165523702085434,0.0,0.0,0.1788158092686546,0.0,0.0,1.0,0.0,1.0,,,,0.1858426376147888
B001299,5001.84659163174,2.9301971831468894,13.076027817708711,6.200485715890583,0.0,0.19938491646959083,0.580071719970149,12.77409724627042,1.143387168013368,0.0,0.012003629394361573,1.1685865894300256,0.2230536955645761,0.3831661007445582,1.6467244374429415,0.9151839795993794,0.9151839795993794,0.0,0.004096526153052355,0.0,0.08071949424756839,0.0,0.0,0.0,0.0,0.6,,,,0.18877684261687888
B001300,12525.511859884668,6.550999926717922,16.54792836668291,5.728574850204146,0.019567489464041226,0.09269099736191531,0.01037764312153668,0.37567068099962786,2.370527616594673,0.10478681471591579,1.4854214872502594,0.636070355729316,1.5270893670969916,0.4271042853307661,2.695714744308566,0.6109828824944036,0.37787505404384375,0.23310782845055986,0.0,0.0,0.3890171175055963,0.0,0.0,0.0,0.0,1.0,0.11138895706174555,0.27335293431294383,,0.18696941873279815
B001301,10011.633602935974,20.944840173506222,36.33072816864961,9.98982237041863,0.0,0.10361627355477454,0.12313321337643032,3.9312264268354915,15.740306729981276,1.7473450622818913,0.1271400915926092,2.2191114681526987,0.0,1.1109368214977449,3.3758126770206554,0.1469318942033731,0.04643014779387889,0.10050174640949423,0.08342603943534324,0.0,0.7696420663612836,0.0,0.0,0.0,0.0,1.0,,0.33956709833925797,0.4949657707013552,0.18699916418064566
B001302,12874.28361628699,2.8898504189196386,12.853662267270511,4.442664661791507,0.0,0.3919755452894427,0.3991237234979296,8.979082917646153,1.082955299170196,0.5713441985562194,0.053305841867293424,0.842005574703176,0.0,0.34023950462275354,2.7201102716859964,0.6252555869050637,0.31544321367324113,0.3098123732318224,0.0,0.0,0.3747444130949364,0.0,0.0,0.0,0.0,0.6,0.912679955859621,,,0.18877684261687888
B001303,7697.154137836992,6.075101924101809,13.602293665759925,12.272061681116584,0.5356647850587117,0.6199978876302129,0.019228427971034183,0.7380729988586104,2.7031342635584847,0.0,0.0,2.8258956934151436,0.03676206582702289,0.5093099013011587,2.77509622292118,0.5508749632027174,0.5508749632027174,0.0,0.0,0.0,0.4491250367972827,0.0,,0.0,,0.5,0.4529311581513031,0.17671767944893302,0.9587772785619977,0.18699916418064566
B001304,3709.958224202012,1.1659202464494067,9.532038206186204,2.1517610617529654,0.0,0.43613679427104535,0.5275522602029995,19.043393939465773,0.3473477693975872,0.0,0.009604389339854889,0.522316687238056,0.16023892629423195,0.1264124741796765,2.0534859500528615,0.9459104915136796,0.4979238570687643,0.4479866344449154,0.008237604046334447,0.0,0.045851904439985776,0.0,0.0,0.0,1.0,1.0,,,,0.18877684261687888
B001305,6181.216545067412,7.080431323101274,11.283022859539363,7.99267732507507,0.0,0.15014393406191742,2.501422024002698,90.5465924081305,1.8939942707966535,2.7759664134545625,0.0,1.0194465532373886,0.716826344025422,0.6741977415872468,1.9765564650497554,0.9695834744866927,0.47628121674371104,0.49330225774298153,0.0,0.0,0.03041652551330741,0.0,0.0,0.0,0.9800000000000001,0.98,0.3604289959496027,0.3339326058157513,,0.18816800894164298
B001306,961.4984546940997,1.8561746229615823,7.5395063897053785,3.995955864793833,0.0,0.1716212125434777,0.4044329045045721,14.578511059330266,1.0982982339909024,0.0,0.03293437667647736,0.1612645161868552,0.22336961420797266,0.3403078818993752,3.0060320627349055,0.34847456208754096,0.26159452709947895,0.08688003498806206,0.0,0.0,0.6515254379124591,0.0,0.0,0.0,0.0,0.6,0.765313029231261,,,0.18877684261687888
B001307,1643.391675069576,2.73898612511596,12.144213112821983,4.980269729689903,0.2184983674355697,0.41222646060943535,0.45155904597752766,10.053549075957385,0.6198952218065626,0.0,0.11974467369645955,1.448870094149064,0.2871063861443478,0.2633697493195263,2.0392480325365976,0.7601063630381593,0.6552842233742745,0.1048221396638848,0.0,0.0,0.23989363696184082,0.0,0.3,0.3,0.3,1.0,,,,0.32025669999791706
B001308,23812.611291998874,7.87193761718971,20.992981044234803,7.765190458600186,0.10962012057977401,0.31867764131849324,0.039972492302368545,1.7290381191760356,5.051603605677329,0.4845096845628254,0.09189751214479586,1.3926533261037057,0.23303579395123494,0.618237694749818,2.1301801550532393,0.7733871976654616,0.5847994686409409,0.18858772902452037,0.0,0.0,0.2266128023345385,0.0,0.0,0.0,0.0,0.5,0.2864776837894979,,,0.18699916418064566
B001309,8125.855414476969,8.65373313575822,12.771282690990072,14.029266799420554,0.0,0.2167785029111851,1.9320286005767653,90.81307076466588,2.5268931503156633,1.3711459024805397,0.0,2.768926591016039,1.3739222627371013,0.6128452292088769,2.207714423576422,0.6963206529698364,0.37635162369916064,0.31996902927067583,0.0,0.0,0.3036793470301636,0.0,0.0,0.0,0.0,0.98,0.2171752117508977,0.3662142021435211,,0.18816800894164298
B001310,5387.2518191119225,1.3414471661135265,5.825215729351176,1.558731274601617,0.6155819430174978,0.365,0.3550737636423835,12.714647429685334,0.537294481421759,0.0,0.0,0.0,0.3163799485124323,0.48777273617933503,2.8673779531980337,0.599466535101474,0.36361680765446924,0.2358497274470049,0.0,0.0,0.4005334648985257,0.0,0.5,0.5,1.0,0.5,0.6352128161193416,0.45177748083722097,0.4475646959509905,0.4052417822251656
B001311,1756.3539844218822,1.493498286073029,6.195793879292435,2.713299790039541,0.0,0.365,0.33627404133210065,12.072025863409644,0.5347663021086153,0.0,0.0,0.6520533167664533,0.0,0.30667866719796016,2.1653671381476687,0.7586937746642715,0.32209915460551797,0.4365946200587532,0.0,0.0,0.24130622533572862,0.0,0.5,0.5,0.5,0.5,0.7814860905177882,0.35764676534670264,0.38546559874144254,0.4052417822251656
B001312,3051.6732773394956,1.3491040129705993,10.001174266855969,2.5493520948518538,0.13131252214632655,0.4164005109565519,0.40743457440131337,14.751496655549202,0.22332384873136243,0.10470847558771407,0.010776055083432021,0.5655593866974336,0.2613716543605811,0.18336459251007606,2.091839031515054,0.834465062304852,0.6407278471993497,0.1937372151055021,0.0,0.0,0.1655349376951481,0.0,0.0,0.0,1.0,1.0,0.917297792261939,,,0.18877684261687888
B001313,1135.2912251581786,1.8460019921271196,10.139488733893979,5.039654188737565,0.2991578945711567,0.23616262255616083,0.5218364005089015,18.828405443898454,0.46566197668815773,0.26756070898623563,0.0,0.8966846981875698,0.0,0.21609460826515664,1.7415844117893982,0.8159070747856817,0.8159070747856817,0.0,0.0,0.0,0.18409292521431833,0.0,,0.0,,0.5,1.0777292840349757,0.4788521603648993,,0.18877684261687888
B001314,12476.690261163236,10.672960018103709,14.678539210351492,11.027862670093965,0.0,0.3689874287887876,0.017137869121525783,0.18851656033678357,4.082152446891029,1.90957563927556,1.216495189166329,0.0,2.7979418870873825,0.6667948556834075,1.9806671475261939,0.9853891399839493,0.6924928091498247,0.2928963308341247,0.0,0.0,0.014610860016050737,0.0,0.0,0.0,0.0,1.0,,,,0.1858426376147888
B001315,7510.830719560076,10.885261912405907,17.639873092205825,16.656525539702713,0.28767589271221206,0.38479881201310645,0.01280439629692834,0.21416596990911735,5.5117922784702165,0.6055535326471907,0.5375167508104652,1.516799880200044,2.2133290445601426,0.5002704257178497,2.6884581276841817,0.48523203777282725,0.29025708632692837,0.19497495144589888,0.0,0.0,0.5147679622271728,0.0,0.0,0.0,0.0,1.0,0.3142077201442911,,,0.1858426376147888
B001316,2023.962277440039,6.189487086972597,15.017099074821862,6.1121702324173866,0.0,0.3650669358476366,0.010517995726755375,0.3428482813578686,3.966055971408637,0.42388199194908843,0.12233092245207834,0.9563461520173583,0.16398330809210454,0.55688874105333,1.9508081799443127,0.8158810275570633,0.7961167206390383,0.019764306918024912,0.026493844447506895,0.0,0.15762512799542974,0.0,0.0,0.0,0.0,0.5,,,,0.18699916418064566
B001317,8955.448924083885,12.775248108536212,16.801051206901736,18.418565266640215,0.0,0.12001247577034682,0.015886128805847225,0.3542606723703931,2.834768841331862,0.0,2.494767101187267,3.471999272886951,3.1359050184292507,0.8378078747008803,1.6096164906862576,0.9877499287184557,0.792468625373724,0.19528130334473146,0.0,0.0,0.012250071281544476,0.0,0.0,1.0,0.0,1.0,,0.27850611608501885,1.0221280692743517,0.1858426376147888
B001318,5514.129933207266,7.391595084728238,14.949346626297842,6.439010585815981,0.0,0.1690271847791345,2.331931514433859,109.47251599845535,1.2181049276485545,0.8791987695520391,0.0,1.380676229032174,0.0,3.9136151584954697,2.104545654110928,0.9802146309593213,0.7934246061803953,0.1867900247789258,0.0,0.0,0.01978536904067871,0.0,0.0,0.0,0.0,0.92,,0.36207582114654785,0.7182742083827445,0.18816800894164298
B001319,6360.742805198956,4.9654510579226825,8.81234630870252,9.648245909709814,0.14317027698251988,0.35967080168740784,1.6822114897897804,78.53315892073185,2.072468637386322,0.0,0.18759919887027546,2.1320614122579755,0.0,0.5733218094081094,2.792154572820466,0.5448413830098032,0.1154621811231709,0.4293792018866323,0.03778089778388801,0.0,0.4173777192063088,0.0,0.0,0.0,0.0,1.0,0.5586158044697624,0.43598743130205997,,0.18699916418064566
B001320,279.11383080508574,0.7605281493326587,3.5980657908576745,0.32899564167786016,0.06472028565006345,0.43300000000000005,1.235995226137865,44.743027186190716,0.3762765350038435,0.0,0.0595428621912787,0.0,0.08692374189964261,0.23778501023789375,2.0034954127303806,1.0,0.8074146180921223,0.19258538190787744,0.0,0.0,0.0,0.0,0.0,0.0,1.0,1.0,1.240741036474965,,,0.18877684261687888
B001321,16397.67171902729,5.794230289408937,10.823874245927838,5.011511663141176,0.0,0.19157894804990377,1.5144240859939964,54.75362875890677,1.9893652033501892,2.0438824141570393,0.9876519235822817,0.0,0.0,0.7733307483194264,2.9957631194672607,0.10649138898282959,0.10649138898282959,0.0,0.5231988005862579,0.0,0.3703098104309126,0.0,0.0,0.0,0.0,0.98,,,,0.18816800894164298
B001322,831.6078240619219,1.3034605392820091,5.556731253072078,1.7158760378110844,0.09775224106820389,0.42865524706682184,0.6579008891157779,23.816012185991166,0.3618454890136779,0.0,0.05788632842170498,0.0,0.6847317652888856,0.19899695655774086,2.7422321313431217,0.6600186052547588,0.13470023568903391,0.5253183695657249,0.0,0.0,0.33998139474524125,0.0,0.0,0.0,1.0,0.9,0.669637316247062,,,0.18877684261687888
B001323,27656.98789543007,6.852573809571375,17.45987772339516,7.577483758762218,0.0,0.2825062429281848,0.017480364677966393,0.6508028652817117,1.8576590937432085,1.1672144075137258,2.1882961129642817,0.0,1.3605097035945768,0.2788944917555817,2.441626353422857,0.7289107501259582,0.36003853052612134,0.36887221959983685,0.0,0.0,0.2710892498740417,0.0,0.0,0.0,0.0,0.92,0.9908148207705653,,,0.18696941873279815
B001324,15063.257026890435,4.298874722286083,8.465481616418453,6.008880726566681,0.2073680399021314,0.365,1.0965500819038232,24.464417229557718,1.5339901222636112,0.0,0.43500552158392125,1.1667779268382201,0.699231062204866,0.46387008939546454,2.474143828695219,0.5742745533527854,0.19437430499376449,0.37990024835902075,0.0,0.0,0.4257254466472148,0.0,0.2,0.2,0.2,0.98,0.22981265195873218,,,0.27637726888891634
B001325,3345.9163918100326,1.2630865956247763,6.545905546262882,0.36602263794473316,0.0,0.021000000000000005,0.5553423102338556,20.103391630465577,0.6941778877923195,0.0,0.051512898559953425,0.0,0.20323885744958084,0.31415695182292247,2.9052115102603477,0.45041148390229757,0.4096281371876783,0.04078334671461932,0.0,0.0,0.5495885160977024,0.0,0.0,0.0,0.0,1.0,1.117971693782132,,,0.18877684261687888
B001326,1382.4613750871788,3.74650779156417,7.299780528589073,3.3795637903535765,0.21452861257773462,0.2670858379399065,1.1164251209697325,52.03424211653004,1.6043187252144435,0.0,1.2898258060138672,0.386657851570185,0.0,0.46570540876567496,2.7466531706236124,0.6098542040262401,0.16237517799594336,0.44747902603029655,0.0,0.0,0.3901457959737602,0.0,0.2,0.2,0.2,0.98,0.2969014103471846,,,0.27637726888891634
B001327,1626.052889426904,4.5168135817414,10.670217812863411,1.8345294085139114,0.0,0.19554516302473318,0.03517232298121321,0.5743928770774548,2.6806197210988785,0.7996056346229442,0.0,0.19473048961433564,0.0,0.8418577364052412,3.08152209015482,0.4065241629774323,0.2294954633969936,0.17702869958043885,0.0,0.0,0.5934758370225676,0.0,0.0,0.0,0.0,1.0,0.27348654918086246,,,0.18696941873279815
B001328,2214.344778551353,3.2805107830390416,13.115686820493975,5.897517156172991,0.0,0.46602637299118227,0.015184712891085205,0.2835219581082363,1.2343453416866053,0.5733578936274563,0.0,0.9265002153835987,0.0,0.5463073323413817,2.536511101170712,0.6556238030646426,0.6556238030646426,0.0,0.0,0.0,0.3443761969353575,0.0,0.0,0.0,0.0,0.95,,,,0.18696941873279815
B001329,8547.43307564394,5.06664675497566,9.609954258323796,7.211361588457742,0.0,0.3427218297448471,1.8073116682276655,65.38357008344313,0.8805802335317031,1.0803228938906213,0.0,0.8802816713975633,1.7514923323221596,0.47396962383361346,1.850616592251221,0.9827294169815028,0.4238163205767026,0.5589130964048005,0.0,0.0,0.017270583018496953,0.0,0.0,0.0,0.0,0.98,0.4563481144926242,0.34810860712579095,0.2512626556566821,0.18816800894164298
B001330,11763.398097889089,10.391694432764213,15.267563358137211,10.10401214279144,0.07505327872920001,0.2508494595592803,0.016955081034935673,0.5780528562301513,3.946840748281455,0.2876925902965831,2.0129189467359354,0.0,3.1059787787375948,1.0382633687126455,2.5454098793724684,0.5738813981487162,0.5738813981487162,0.0,0.027684858533706544,0.0,0.39843374331757736,0.0,0.5,0.5,0.5,0.5,0.2674935784670076,,,0.4023874260919753
B001331,5532.377267025447,1.3879521492788376,9.09528920556537,0.8724631320700874,0.0,0.33769279280163983,0.2694617018737766,9.754513607830713,0.7361853960521432,0.36002571259097105,0.0,0.12789008520133638,0.0,0.16385095543438702,3.023494093839612,0.39449531235338436,0.13510185071420908,0.25939346163917526,0.0,0.0,0.6055046876466158,0.0,0.0,0.0,0.0,,0.6531023630158062,0.3171485229416023,0.5110369616434154,0.18877684261687888
B001332,3692.6654231964085,9.899907300794661,18.711285078549604,11.946577020314534,0.0,0.053129457040387004,1.1381783354400359,53.42347674907443,1.5695583341617467,1.0684663840267843,0.0,0.3199720727991962,6.44592196312575,0.4959885466811808,2.368844522172939,0.7003425049687898,0.7003425049687898,0.0,0.1402476219867767,0.0,0.15940987304443338,0.0,0.2,0.2,0.2,0.98,0.41296318185094977,0.39545107396286394,,0.27637726888891634
B001333,12285.3444958904,3.360323986840919,5.523695752718379,4.977627520872126,0.0,0.365,1.6352921258616402,59.21291909758777,0.9924547201346554,0.0,0.9918151766237873,0.6958672586571945,0.0,0.680186831425281,2.8290093262103,0.6800138510540433,0.47293046820696627,0.20708338284707709,0.0,0.0,0.31998614894595645,0.0,0.0,0.0,0.0,0.98,0.33717967000253496,0.36334245509615465,,0.18816800894164298
B001334,6632.465080945118,13.29151318826677,31.895741943453423,3.497947270174009,0.0,0.28341919339673316,0.05314010577278754,3.53913104446765,10.628021154557509,0.4598291475957798,0.060618500752381385,0.35833154278997975,1.1488737595064045,0.6358390830647142,3.3778361807527277,0.17796527528059053,0.05237224578804353,0.125593029492547,0.0,0.0,0.8220347247194095,0.0,0.0,0.0,0.0,1.0,0.09270739648077093,,,0.18699916418064566
B001335,3474.5971723346565,7.299573891459363,13.630501485221854,9.127685918417006,0.03781434981262966,0.39990784516991035,0.015642377388580007,0.161391229685981,3.0554176943230984,0.4473161869767224,1.163258919008147,1.0218840379716663,0.9592653200435749,0.6524317331361541,2.6327203760914935,0.554828734874747,0.28342256960074064,0.2714061652740063,0.0,0.0,0.4451712651252531,0.0,0.0,0.0,0.0,1.0,0.2380722823909296,0.27090005818321045,,0.1858426376147888
B001336,14344.33152732837,6.2393786547752805,12.951461962494179,8.156330855889395,0.041697591198521206,0.24823030008974034,1.3940728354838334,30.992596953412015,3.4193776990446043,0.84655468227948,0.09045074910971025,1.2892980555382099,0.14608856013026283,0.4476089086730128,1.9179201295667883,0.7933611458968832,0.7933611458968832,0.0,0.20663885410311672,0.0,0.0,0.0,0.0,0.0,0.0,1.0,0.794548500784419,,,0.18699916418064566
B001337,5353141.845275929,2427.7287280162946,3165.1842202532753,3485.6036231036665,0.0002653532776402635,0.021379309988589088,0.021347206057245993,0.4764850005411683,4.4993041482157325,0.6243341556316271,1.6419366855007425,2.542625514430187,2417.501800555546,0.9187269569696662,1.6709549440616298,0.9981045715604728,0.0005934679479017939,0.9975111036125709,0.0,0.0,0.0018954284395270697,0.0,0.0,0.5,0.0,0.5,0.3266389173405717,,,0.1858426376147888
B001338,7152.318625714499,2.5848639774898805,17.318256149294758,4.799408045626438,0.015193345382728738,0.30065174231156594,0.30659727351019916,11.078804727052415,0.7952588636988078,0.30163686098482967,0.0429255956883294,0.602487426559217,0.5877940192237733,0.2547612113349234,2.0276242089295535,0.8256754893699784,0.37760912421971093,0.4480663651502674,0.0,0.0,0.1743245106300217,0.0,0.0,0.0,0.0,0.6,0.6920210553676351,,,0.18877684261687888
B001339,2071.5703228702682,2.52630527179301,6.638226836328251,0.0,0.0,0.0,0.0169982945004008,0.3790619673589379,1.7822951251859913,0.0,0.0,0.0,0.0,0.744010146607019,3.3345592800369466,0.23574001870669506,0.23574001870669506,0.0,0.0,0.0,0.7642599812933051,0.0,0.0,0.0,0.0,0.95,0.6491073602563344,0.46126223033788355,,0.18696941873279815
B001340,17360.351597502293,8.834784527990989,17.09633909346045,1.933486617817392,0.042620538737994276,0.3573170450984709,0.04456988674398291,2.45698742942254,7.22516820581635,0.4433862184876563,0.10085532022959735,0.4090361378098626,0.0,0.6563386456475253,2.0902334952599246,0.71927564980448,0.672977278122191,0.04629837168228896,0.0,0.0,0.28072435019552044,0.0,0.0,0.0,0.0,0.5,,,,0.18699916418064566
B001341,3246.191615824192,7.118841262772351,11.900569708457784,7.124042513850424,0.0,0.19033936453582082,1.2223367949363637,44.036932933884316,2.169660397944846,1.206842871638382,0.0,0.45122326146974434,2.690660366639229,0.6004543650801516,2.5321548518440746,0.7252209794687097,0.17772973835066116,0.5474912411180487,0.0,0.0,0.27477902053129044,0.0,0.28,0.28,0.28,0.7,0.34497364655873014,0.327661137933695,,0.3110513158581213
B001342,634.6358521140887,0.9916185189282636,6.74982822310711,1.1788307322610305,0.0,0.021000000000000005,0.5489237224804826,19.838431334597086,0.267195718587365,0.0,0.0,0.2930403926668148,0.22158166623312553,0.20980074144095817,2.1422443053376994,0.9347103830442721,0.6391931180142368,0.29551726503003534,0.0,0.0,0.06528961695572782,0.0,0.0,0.0,1.0,1.0,0.7590034452529425,0.33983238728611415,0.6436395917685727,0.18877684261687888
B001343,4695.204196159313,6.396735962069909,11.763908695577832,4.277280330553507,0.13724529865701454,0.41879877719766245,1.9174777788370359,69.4079617413878,0.5515985923978936,0.4716485086480293,1.331357731198209,0.0,0.0,4.042131129825776,2.277362647667109,0.7918692065621233,0.7918692065621233,0.0,0.20813079343787658,0.0,0.0,0.0,0.0,0.0,0.98,0.92,0.3311135992812195,0.4960648819970021,,0.18816800894164298
B001344,24640.64325072289,7.0502555796059765,21.72175156092814,10.136983600459365,0.0,0.40489066411753755,0.013761555389144095,0.30688268517791334,1.462456818473449,4.122441057106144,0.9906597998615476,0.0,0.0,0.47469790416483465,2.2405604546608453,0.7772185516261461,0.6367045250528123,0.1405140265733336,0.0,0.0,0.2227814483738539,0.0,0.0,0.0,0.0,0.95,0.7522304779891996,0.38067270725035673,0.5569664135997121,0.18696941873279815
B001345,3834.676798314175,2.1000420582224395,12.144601536946,3.192867255916001,0.0,0.021000000000000005,0.46212806123141237,16.70053586273327,0.253646362309369,0.631629000003784,0.0,0.40169152510474404,0.6357269652071929,0.17734820559734993,2.430616134842479,0.8792184369278463,0.2757276828980352,0.6034907540298112,0.0,0.0,0.12078156307215365,0.0,0.0,0.0,1.0,1.0,0.7289046777179323,,,0.18877684261687888
B001346,542.8094714970072,1.3402702999926104,7.792480675333942,0.8737308525613574,0.2959012537649027,0.22730680050832947,0.2816112818284657,10.148031384357257,0.76937877109807,0.09808207035421933,0.0840054342617857,0.21174889150428514,0.0,0.17705513277425056,3.0418719628770603,0.3347155721469656,0.3347155721469656,0.0,0.07318081312012967,0.0,0.5921036147329051,0.0,0.0,0.0,0.0,0.6,0.3708650851274517,,,0.18877684261687888
B001347,3691.2423001838583,1.8539639880381007,7.788830860057437,0.7677183594026585,0.0,0.3186506406843648,0.4104325718452076,18.873365874927487,1.0833675543962367,0.0,0.011447972612944092,0.09610710826678262,0.23655353074558966,0.42648782201654806,3.0908966096608674,0.3315013612756419,0.27966264763995535,0.051838713635686616,0.006174862449760176,0.0,0.662323776274598,0.0,0.0,0.0,0.0,0.6,0.40933557193888964,,,0.18877684261687888
B001348,9484.536752357944,7.99034267258462,20.408148783184348,2.9064044097590176,0.5095154530005053,0.3489838459737654,0.031131529181266063,1.292106943405396,6.711790978189905,0.0,0.060038493120626694,0.23504119362222464,0.4721008890886446,0.5113711185632187,3.075531719199419,0.3851806166482522,0.29668102261493,0.08849959403332215,0.0,0.0,0.6148193833517478,0.0,0.0,0.0,0.0,0.5,0.08264986953167296,,,0.18699916418064566
B001349,23372.668576766806,5.860749392368808,12.172486252976654,5.031508656714543,0.26277870481728466,0.19032334253861583,1.3993371194318922,50.63867462126284,0.8494278590907207,0.0,0.0,1.1382249731930196,0.8734701551975008,2.9996264048875667,2.1927031319521824,0.8544474303084089,0.8544474303084089,0.0,0.0,0.0,0.1455525696915912,0.0,0.0,0.0,0.9800000000000001,0.98,0.27756844700655176,,,0.18816800894164298
B001350,1375.204631439095,0.6573635905540607,5.145015424523019,0.7786174446775274,0.5387388980474702,0.3394844071606042,0.24442319214299218,8.752550815968307,0.3321155285060627,0.15913569716015186,0.040195791989667544,0.0,0.0,0.12591657289817879,3.075151605224262,0.24678827661899042,0.18564130625546849,0.06114697036352198,0.2420817024959108,0.0,0.511130020885099,0.0,0.3,0.3,0.3,1.0,0.674607944297789,,,0.32025669999791706
B001351,2700.9256812782514,2.068090108176303,14.320482539155586,5.081767560669932,0.42318275725745724,0.4316304204250616,0.24829801571195964,11.651142399777486,0.6669351794752468,0.0,0.036835704037151015,1.0920028939043331,0.12952853576473117,0.1427877949948404,2.262335398884389,0.7740770510429946,0.7740770510429946,0.0,0.06263195943572927,0.0,0.16329098952127583,0.0,0.0,0.0,0.0,0.6,0.7019797332827334,,,0.18877684261687888
B001352,18340.20012088466,5.156086623807888,19.693126599499372,10.376000625260016,0.1025203204842455,0.33658496617617756,0.011656055127526986,0.043036173514004114,0.3043257611873431,1.0399662370346205,0.20001555360499548,1.2348222022324888,2.0194131619829,0.35754370776554,2.438605786194891,0.5167570922020717,0.07557202196616351,0.4411850702359081,0.3916561744052929,0.0,0.09158673339263547,0.0,0.0,0.0,0.0,1.0,,0.36740071798023105,,0.18696941873279815
B001353,4560.126121801127,6.6668510552648055,9.809100520684066,11.313751138945449,0.0706744207509434,0.3126077152253143,1.401211894172291,65.75008865929159,2.410568570991284,1.4450177811416982,0.9311121609414567,1.21347873092213,0.0,0.6666738112682355,2.7119524581871426,0.5842000072349169,0.045773598237737655,0.5384264089971794,0.0,0.0,0.4157999927650829,0.0,0.28,0.28,0.28,0.62,0.47287604204073946,,,0.3110513158581213
B001354,1874.3898357240696,4.830901638464097,9.501357674046519,6.255452053103119,0.16774701299530706,0.1483141864751461,1.5911596024233015,35.47055595842073,1.3873973026564004,0.6488961071027256,1.7430402701916616,0.49234755565353516,0.0,0.5592204028597741,2.2091374495303118,0.575968281463013,0.4416463358584589,0.13432194560455407,0.3608105485554518,0.0,0.06322116998153525,0.0,0.0,0.0,0.0,0.98,0.38419377156974055,,,0.18816800894164298
B001355,400.8794726251449,0.9008527474722358,5.072624982809909,1.1636373481585482,0.0,0.33126690009924165,0.27836919398320475,6.196683191952807,0.3412445637657273,0.0,0.0490669338884094,0.3658242470281578,0.0,0.14471700278994112,2.201158670690377,0.8944307537848154,0.48834413412955086,0.4060866196552645,0.054467207905054035,0.0,0.05110203831013062,0.0,0.3,0.3,0.3,1.0,1.0950243077615893,0.4533968993605407,0.2589987190881469,0.32025669999791706
B001356,1331.8080803375897,4.241427007444553,8.247090485704994,5.880343831834796,0.0,0.46326900810341165,1.3770791610644642,49.85525579203246,1.7999136602560084,0.0,0.5826395604435604,0.6208282832745033,0.7393759592557156,0.49866954421476495,3.0192919913659737,0.3757516299499726,0.2383828718831919,0.13736875806678067,0.14637250203406202,0.0,0.4778758680159653,0.0,0.0,0.0,0.0,0.98,0.3234497711984169,,,0.18816800894164298
B001357,9560.349165046624,6.694922384486431,12.749152223612526,4.706745078892145,0.0,0.2409831503286285,0.015389822537159238,0.24862302790412494,3.1720840103968615,0.7258404614929349,0.0,0.4373158579172267,1.5586078443375408,0.801074210341867,2.9058141946385714,0.5001009417580584,0.26729647371087556,0.23280446804718288,0.0,0.0,0.4998990582419414,0.0,0.5,0.5,0.5,0.5,0.2638697192727978,0.31761502572231803,0.3750831306807902,0.4023874260919753
B001358,8287.790373364693,6.111939803366292,9.000985666895021,9.235951933939289,0.0,0.3333273482169264,1.9007456313691158,68.6894735487029,1.1534481553958322,1.93658750959411,0.0,1.2421733941865216,1.2863361424732989,0.49339460171652816,2.4470606251594615,0.8112795294939678,0.08072635163140508,0.7305531778625626,0.0,0.0,0.18872047050603213,0.0,0.0,0.0,0.98,0.98,0.39040015978568254,0.40819723295266525,0.4444580618190327,0.18816800894164298
B001359,7531.651286126288,3.4141664941642285,12.756777656681042,4.388259559877935,0.2934130206841055,0.4002772891343187,0.009069307244470906,0.30909059086261564,1.6761759986224978,0.3165519961543964,0.28062437082699876,0.08238404389759907,0.8551794569711861,0.20325062769155097,2.852891665617302,0.491918461420139,0.24143874450155037,0.2504797169185886,0.0,0.0,0.5080815385798612,0.0,0.0,0.0,0.0,1.0,,,,0.18696941873279815
B001360,7326.531665870452,5.918038502318621,21.15054061417753,9.62021652826589,0.0,0.3614479895350639,0.015716366530617417,0.474636607387108,1.2563713203260598,1.0918664918440042,0.879823581579198,1.178992969260438,1.2648035333046292,0.246180606004291,2.42215492310466,0.787704774169038,0.5884845479406142,0.19922022622842378,0.0,0.0,0.21229522583096203,0.0,0.0,0.0,0.0,1.0,0.6024745551105679,,,0.18696941873279815
B001361,31455.42676130835,13.155761924428418,18.876214163847123,22.35123970752403,0.18236016315523484,0.39463498909401223,0.01741363630117699,0.38832408951624686,3.9777341804719013,0.906376485114936,1.5839628994750334,5.676806503164508,0.0,1.0108818562020412,2.2473884759434832,0.5501781446912538,0.4812823642475592,0.06889578044369449,0.1204006965597207,0.0,0.3294211587490255,0.0,0.0,0.0,0.0,1.0,,0.14737753962534908,0.3026928661512154,0.1858426376147888
B001362,20215.778004431006,5.829232411888986,9.3948716264,10.597898890617358,0.11630960060274849,0.3576832913067276,2.178275115431864,78.9052443835142,1.6623347720622068,0.0,0.8902291278845718,1.768997884116995,0.663489086139018,0.8441815416861959,1.4810957383820103,1.0,0.6680613518879698,0.3319386481120302,0.0,0.0,0.0,0.0,0.28,0.28,0.28,0.7,,0.33762256775596095,0.7583007042103584,0.3110513158581213
B001363,4708.866148541725,7.123851964510931,12.105132997469797,10.739540139854329,0.0,0.3415167738250909,1.6449978765851354,77.13172352472674,2.048010984455582,2.461814423479705,0.16636358504326748,1.2737931600369299,0.10978053394539845,1.0640892775500486,2.7721324212667002,0.3669400444588132,0.18813324634135975,0.1788067981174534,0.3455734953145836,0.0,0.2874864602266034,0.0,0.0,0.0,0.0,1.0,0.7091851422513241,,,0.18699916418064566
B001364,16046.931083003205,7.491564464520637,13.150072069597131,13.827156419698369,0.1747570814879614,0.44654413111794766,1.098638844813273,51.36816115769548,1.7918865743011534,0.6795266444792697,0.6734002184251638,3.2101620692326955,0.0,1.1365889580823556,2.221165082628184,0.7276645842762496,0.6377767882605676,0.08988779601568213,0.09070557260735666,0.0,0.18162984311639377,0.0,0.28,0.28,0.28,0.7,0.41730520555034095,0.27680726735716404,,0.3110513158581213
B001365,2531.4461482187867,6.392540778330269,18.376983670626483,7.631650983561042,0.039942699775759045,0.29240949369475966,0.014440323218061412,0.5227397004938231,2.1589708002902483,1.7552567011407734,1.159347307422172,0.36209372454777394,0.6116607597383191,0.3452114851909827,2.0781055997666185,0.9114272997958864,0.8157437866282031,0.09568351316768367,0.05664316225798918,0.0,0.031929537946124215,0.0,0.0,0.0,0.0,1.0,1.0825497813305092,0.47690071194133665,,0.18696941873279815
B001366,2653.785144991095,2.2357077885350423,15.24002262859224,2.249132729992072,0.0,0.3714163257553951,0.15648314210558906,7.332384425556286,0.4613785526057703,0.0,0.03956398167390862,0.33605611104446864,0.4285650683771973,0.9701440748336975,2.1109301181463964,0.9573875398473451,0.6153834625065011,0.34200407734084404,0.01769640105777558,0.0,0.02491605909487942,0.0,0.3,0.3,0.3,1.0,0.31898959356894174,0.4257749826663035,,0.32025669999791706
B001367,41731.92184819047,15.325714964447473,19.337113189416556,21.840222482208535,0.05281751746497955,0.365,0.017949648359844313,0.3163360068708645,5.807795676051735,1.039032826336688,1.536377274889325,3.5064029092020395,2.9859638551241754,0.45014242284350925,1.8059379006557983,1.0,0.6709595476759429,0.32904045232405693,0.0,0.0,0.0,0.0,0.0,0.5,0.0,0.5,0.28019009294727015,,,0.1858426376147888
B001368,3566.126120336769,4.141842183898686,7.057888481070944,7.19645807855811,0.33468744054787103,0.3274257154396567,1.6331326075684918,59.11476857532093,0.9930086044795157,1.0741510977546282,0.7831956795302474,0.11009605118669392,0.5871400824638799,0.5942506684837221,2.549808620752947,0.4813812588976154,0.33962306136262166,0.14175819753499377,0.2593413872528425,0.0,0.2592773538495423,0.0,0.0,0.0,0.98,0.98,,,,0.18816800894164298
B001369,4135.633099634776,5.463187714180681,15.558367596482416,9.549569311699,0.06822386025215821,0.39714150705263196,0.014973639469115868,0.5349903728965467,1.5912664317179066,1.0143953056475123,0.0,0.7197848220695144,1.7904568381712198,0.3472843165745263,2.464664187462616,0.6963672477254184,0.5646154464462524,0.13175180127916603,0.0,0.0,0.30363275227458125,0.0,0.0,0.0,0.0,0.95,,0.37889981970207676,,0.18696941873279815
B001370,27282.061530918185,9.427111793682856,17.796785234518527,12.442740343742859,0.03259099174715983,0.49845938798939715,0.02001654117815144,0.2434455234040742,4.848328024669201,0.0,1.6150465149765225,1.889524703222403,0.5032357497651507,0.5709768010495795,2.908573438342889,0.4857037732470635,0.285268608736913,0.20043516451015048,0.0,0.0,0.5142962267529366,0.0,0.0,0.0,0.0,1.0,0.1439263323919,0.23050912115047387,,0.1858426376147888
B001371,2791.235101305105,1.863307811285117,9.374276615385947,3.792763409758004,0.13156174352120345,0.47710571732877927,0.550285101930332,19.875684389052275,0.3018332580759678,0.27619630557612324,0.05793446876750791,0.8657433538362734,0.0,0.36160042502924444,2.1269046043642503,0.7907775094951807,0.7907775094951807,0.0,0.0,0.0,0.20922249050481934,0.0,0.0,0.0,0.0,1.0,0.7759588855245296,,,0.18877684261687888
B001372,1258.2192600755773,3.5047890252801595,7.175262814725484,2.1470532766983035,0.0,0.688221032507881,1.1326307142812853,53.233643571220405,2.022665617903936,0.1865440524692323,0.0,0.0,0.32828666458843464,0.9672926903185567,2.1409617332822437,1.0,0.9063319754140714,0.09366802458592859,0.0,0.0,0.0,0.0,0.0,0.0,0.0,1.0,0.543856917540792,,,0.18699916418064566
B001373,4662.006141357569,13.671572262045656,32.54956140323358,32.32500855688771,0.09040138240152215,0.38389505294949494,0.02957379532086227,0.3314169278553626,2.6589814241820204,0.6183132068510392,0.7858072442732268,8.537293953286333,0.47810535938973653,0.5930710740633006,1.6768688135508125,0.9425225402600733,0.23786967847681345,0.70465286178326,0.05747745973992663,0.0,0.0,0.0,0.0,0.0,0.0,1.0,0.1431945464524025,0.2255783747785653,0.7677865466817806,0.18696941873279815
B001374,2688.1557779581635,1.6706996755488897,8.402315547996613,3.2285316555175245,0.0,0.365,0.2904511804165433,10.429128016826297,0.44385939526487217,0.0,0.0,0.9880695347387669,0.0,0.23877074554525116,2.897992420476531,0.13294771794184893,0.13294771794184893,0.0,0.5914106222676722,0.0,0.2756416597904792,0.0,0.5,0.5,1.0,0.5,0.572245551592249,,,0.4052417822251656
B001375,35052.92212888971,11.90252024750075,19.858487116888337,18.65143038686213,0.1183737152999233,0.08528366404410181,0.025422778924428627,0.4206357672459356,3.706856603402913,0.0,0.0,4.90982484326398,2.617172425095036,0.6686663757388192,2.2554405050559305,0.6885654024254849,0.6885654024254849,0.0,0.0,0.0,0.311434597574515,0.0,0.0,0.0,0.0,1.0,,0.31258260783704594,,0.1858426376147888
B001376,4896.799968452108,5.892659408486291,20.344645094803315,12.131046742774014,0.0,0.39465225601902815,0.01365888247329569,0.05281735569861187,0.337871601036741,1.0123635368635633,0.0,2.5484884563849177,1.5626754424447145,0.4312603717563573,1.451648449355726,0.9134590060815385,0.9134590060815385,0.0,0.0,0.0,0.08654099391846148,0.0,0.0,0.0,0.0,1.0,0.23262639056072174,,,0.18696941873279815
B001377,2301.243243917449,5.870518479381247,8.954900374970618,9.266091466488206,0.25986563690540726,0.5413150971590688,1.3865160754413015,49.952629217220334,2.378381464284507,0.9692150432423162,0.41799932859575434,0.0,0.793957521478191,1.3109651217804794,2.6002931885213565,0.6133225034744163,0.4780776312767097,0.13524487219770648,0.0,0.0,0.3866774965255838,0.0,0.2800000000000001,0.2800000000000001,0.2800000000000001,0.7,,0.4641748414038979,,0.3110513158581213
B001378,8316.961695385033,5.30080413982475,10.747515764977853,7.827834345362802,0.10048882689487851,0.39028655246411015,1.041431267018256,48.93156094899252,1.4540342933959907,0.8391403992966299,0.5000228573936168,0.7248871569916343,1.329242170705244,0.453477262041634,2.4616816286094063,0.7102120429226855,0.301145321571694,0.40906672135099165,0.0,0.0,0.2897879570773143,0.0,0.2,0.2,0.2,0.98,0.2489492476617428,,,0.27637726888891634
B001379,619.2918165007865,1.7444839901430604,9.915001644828724,1.1326960495077634,0.0,0.36500000000000005,0.2879668330448995,13.515109654332253,0.9212229810972873,0.5980635141400992,0.0,0.0,0.0,0.2251974949056732,2.547902972576097,0.4204397646927242,0.4204397646927242,0.0,0.34283118533581586,0.0,0.23672904997145944,0.0,0.0,0.0,0.0,0.6,1.0177768243915246,,,0.18877684261687888
B001380,6564.079730016891,7.24512111480893,12.272216967102308,9.068522142759084,0.16287675873998841,0.35984782192783593,0.014018480005229634,0.2568230232062494,3.4927089429613254,0.30941869709180925,0.738658814663545,1.519624149812996,0.0,1.184710510279253,2.7448069057476454,0.4752154477746909,0.16351838589112344,0.31169706188356755,0.0427071807618732,0.0,0.4820773714634356,0.0,0.5,0.5,0.5,1.0,0.2437631963778047,0.2853138694135793,0.6772713999029175,0.4023874260919753
B001381,19897.04919668032,4.891113371848653,8.745270803595126,8.211844532497105,0.13808995815221745,0.365,0.01637612238609037,0.2897794351299473,1.4402543573957545,0.26081943059684204,0.0,0.9361187377203004,1.7217673634399517,0.5321534826958035,2.347206203998048,0.6522113354020136,0.6522113354020136,0.0,0.05332516561525997,0.0,0.2944634989827262,0.0,1.0,1.0,1.0,1.0,,,,0.6061389938239665
B001382,8290.791541082745,6.4873173247908795,18.22656058725832,6.543737889335695,0.10113887731032946,0.328009603082982,0.022554905334903806,0.8164875731235178,2.8039550953868067,1.4000390737655939,1.2993537191971498,0.0,0.6831679726906226,0.30080146375070843,1.948793487341283,0.7760532522815509,0.4704536349618172,0.30559961731973384,0.2158117144070372,0.0,0.008135033311412064,0.0,0.0,0.0,0.0,1.0,1.0777099728844959,,,0.18696941873279815
B001383,3642.986833139529,10.874587561610534,15.72505642091829,13.744133772734571,0.2984694847839585,0.39114132321900547,0.009300184592856552,0.4315285651085439,6.141631334905269,0.3879959480866124,1.2090760068405453,1.7538766246334485,0.0,1.3820076471446605,2.7830951719282853,0.4315699541336179,0.2702878259888242,0.1612821281447936,0.0,0.0,0.5684300458663823,0.0,0.0,0.0,0.0,1.0,0.18584516491081718,,,0.1858426376147888
B001384,5251.208023163504,2.32457194473816,7.33340519393247,2.6680961555841343,0.0,0.0,0.016639987599598567,0.5249813844025337,1.4000623114505308,0.0,0.0,0.5593076609027909,0.0,0.36520197238483865,3.164613149240101,0.3765401380699244,0.13593340521795783,0.2406067328519666,0.0,0.0,0.6234598619300756,0.0,0.0,0.0,0.0,1.0,,,,0.18696941873279815
B001385,3151.6937314567454,1.156160576469826,5.662873298184837,2.136573129057383,0.0,0.365,0.5957185391908003,21.489166513601212,0.32625052812270455,0.0,0.04879422478901637,0.5985054667052891,0.0,0.18261035685281568,2.4948201206700626,0.7178155571444367,0.7178155571444367,0.0,0.0,0.0,0.28218444285556316,0.0,0.0,0.0,1.0,1.0,,0.43744539961339934,,0.18877684261687888
B001386,1598.424330850453,2.4515710595865845,6.202616806718252,3.3449609996524874,0.6498763685174352,0.0631214098613034,1.0731743498405468,38.662058758642615,1.333501843099405,0.0,0.029404482893615826,0.6932863315034342,0.0,0.3953784020901294,3.1408536418576873,0.17326966041742128,0.17326966041742128,0.0,0.2827926723936548,0.0,0.5439376671889239,0.0,0.0,0.0,0.0,1.0,1.0199117491777887,0.2755217433450539,,0.18699916418064566
B001387,473.93171888158116,0.7235598761550858,4.795199756387716,1.4300003603434839,0.0,0.0,0.7986334374343079,28.91053043512195,0.14604135105277488,0.0,0.0,0.418686945504248,0.0,0.15883157959806282,2.1726096102423003,0.969164838814805,0.3905161888522026,0.5786486499626022,0.0,0.0,0.030835161185195175,0.0,0.0,0.0,1.0,1.0,0.28342776401738384,,,0.18877684261687888
B001388,15557.191500770878,4.404640855257893,9.885665349301183,3.4406506773608116,0.0,0.4555207864971729,0.011699006003152403,0.12868906603467642,2.6723617773698383,0.0,0.0,0.47970571993175787,0.7191212611950553,0.5334520967612422,3.178568576973334,0.3388462781620168,0.06667267297562492,0.27217360518639183,0.0,0.0,0.6611537218379834,0.0,0.0,0.0,0.0,1.0,,,,0.18696941873279815
B001389,31557.94638208244,7.589693694584521,21.07053486657698,4.052360591621039,0.0,0.453,0.0117552807474832,0.48882240676980915,5.4997920218190215,0.0,0.0,0.8489572669131633,0.7236234450979391,0.5173209607543976,1.8432227185428776,0.7955717817707911,0.5883722852834447,0.20719949648734665,0.0,0.0,0.20442821822920879,0.0,0.0,0.0,0.0,0.5,0.14910060129973024,,,0.18699916418064566
B001390,2977.806246062259,4.366284818273107,8.442762830693646,4.1574943683863,0.0,0.18158467774568776,0.015422153837917105,0.26715223518308895,1.312041760493753,0.4966868230028563,0.0,0.3149540475799153,1.7334191468099645,0.509183040386619,2.6417066188161167,0.6834037698273144,0.21426964788058722,0.46913412194672727,0.0,0.0,0.3165962301726858,0.0,1.0,1.0,1.0,1.0,,0.2186868767859761,0.1742879354967489,0.6061389938239665
B001391,8822.498891225752,2.6195067966822303,9.51568640262391,3.3730558223454747,0.4806673321093164,0.453,0.012186583071588576,0.45371268432290635,1.2950826416755998,0.30841583083483054,0.0,0.7128481575003095,0.0,0.303160166671491,2.5984613836893034,0.499588753007553,0.499588753007553,0.0,0.0,0.0,0.500411246992447,0.0,0.0,0.0,0.0,0.92,,0.40831900792302295,,0.18696941873279815
B001392,26663.135876609813,18.300024623616892,35.884308361412884,6.1867449794399905,0.0,0.15119428953326078,0.07290586038813478,3.382831922009453,14.581172077626954,1.0967610830901973,0.05720569365903143,1.5581596919708054,0.23619711239484,0.7705289648750593,3.324197773221938,0.20321571268219005,0.058138269910079005,0.14507744277211104,0.0,0.0,0.7967842873178097,0.0,0.0,0.0,0.0,1.0,0.12006983591958087,,,0.18699916418064566
B001393,5083.552019145511,8.133683230632817,18.346620902319493,12.05108301949191,0.0,0.2488722118834607,0.025384181295303607,0.48735873958146547,2.0279868499985514,3.2119466326058004,0.8556087331074683,1.4557354269600744,0.0,0.5824055879609231,2.535620451507901,0.35266610479257476,0.17368994040526128,0.17897616438731354,0.3948944827982814,0.0,0.2524394124091439,0.0,0.0,0.0,0.0,1.0,0.715144936546605,0.49462960711383536,,0.18696941873279815
B001394,5553.852361432475,5.667196287175995,8.057056510427861,5.620196741506844,0.17454926254219755,0.2624475997442036,0.018503099736665068,0.6404130879450708,1.7017110469385606,0.6904354576996149,1.7452382651536702,0.5328995313819864,0.0,0.9969119860021625,2.051930633371421,1.0,0.598013253627594,0.4019867463724059,0.0,0.0,0.0,0.0,1.0,1.0,1.0,1.0,0.16996201966939706,,,0.6061389938239665
B001395,1380.1141312937516,2.7713135166541196,13.231654984676608,4.802589465362902,0.007481121609451875,0.37026379137016724,0.5705584313629974,20.62185120935844,0.4230555540537746,0.525060931510296,0.024815534898901218,0.9642186678846778,0.504221409775353,0.3299414185311164,1.9341887142973408,0.8962765882055507,0.5248706339170119,0.37140595428853856,0.0,0.0,0.10372341179444927,0.0,0.5,0.5,1.0,0.5,0.6605187640178956,0.2772166497566055,0.6274167532385195,0.4052417822251656
B001396,1948.0895296313408,5.167346232443875,17.287281785638772,7.249746995006824,0.0,0.26937582565927515,0.013517954289684476,0.05077422682828024,0.3442583482797499,1.864091564714227,1.1914131266257266,0.0,1.2805781476533948,0.4870050451707763,2.1645537297762094,0.6831020298566681,0.6831020298566681,0.0,0.23056576297235123,0.0,0.08633220717098074,0.0,0.0,0.0,0.0,1.0,,,,0.18696941873279815
B001397,23836.40956230682,5.907412530931058,8.802875000533987,7.557064695347158,0.2544749955195319,0.32428827736273735,1.2634666985363707,28.13362362072582,2.1754244553398436,1.062840491178027,0.8372352113770184,0.5976987120060037,0.7034743801350961,0.5307392808950692,2.756031948005768,0.41148556507987716,0.23156914894793768,0.17991641613193962,0.22026108475211295,0.0,0.36825335016800975,0.0,0.28,0.28,0.28,0.7,0.33755679643618075,,,0.3110513158581213
B001398,30420.986982175615,8.114427042458153,22.781008511843126,14.477108146613377,0.28044599265800885,0.17608486085021433,0.013315988812758535,0.30920757971097157,2.0414580801614273,0.0,0.3157248369305539,3.332739840184706,1.933751931496075,0.490752353685392,2.001734847591091,0.7349994709264859,0.7349994709264859,0.0,0.0,0.0,0.26500052907351407,0.0,0.0,0.0,0.0,1.0,0.17753484155576044,,,0.18696941873279815
B001399,13244.176230632525,8.329670585303475,14.416935886831011,13.456722453104495,0.0,0.27027917012974706,1.2228450280569496,44.078195077616364,2.2629326615884575,0.0,1.9993271913218036,3.291605694661954,0.0,0.775805037731258,2.2306012883884248,0.8018806280021576,0.1666894962761489,0.6351911317260085,0.0,0.0,0.1981193719978424,0.0,0.0,0.28,0.0,0.7,,0.48092170989554256,0.4199456718919242,0.18816800894164298
B001400,2136.7419518437955,1.4973664694070046,8.184090847585948,1.2081222459752654,0.20136709047528514,0.39175999034647685,0.2380801775654225,5.324197206932414,0.7933638555465978,0.0,0.03514922081414126,0.22994709568818017,0.17689070586526745,0.26201559149281756,2.3875116103173784,0.6987039176997211,0.6987039176997211,0.0,0.0,0.0,0.30129608230027866,0.0,0.0,0.0,0.0,0.6,0.3358795442370033,0.28091782709295465,,0.18877684261687888
B001401,3307.938290168149,4.685465000238171,16.296445619224244,5.238455151701349,0.05151180431929279,0.3807586263214524,0.007357878266329081,0.2663551932411128,1.6807336141360847,0.7180828818808485,0.7815883330030314,0.05368066107341628,1.101584549138545,0.3497949610062463,2.647927994017106,0.5877239258691661,0.2561982660086537,0.33152565986051247,0.0,0.0,0.4122760741308339,0.0,0.0,0.0,0.0,1.0,0.2938224943506143,,,0.18696941873279815
B001402,2583.962623516874,1.4355347908427076,10.090354761768834,0.618441703229907,0.0,0.2078045652398188,0.4733249896249365,10.521038761885633,0.9272504138560315,0.0,0.02813206447414743,0.14918957298795404,0.1966932669752452,0.13426947254932928,1.9027154573236529,1.0,0.8433856616478012,0.1566143383521987,0.0,0.0,0.0,0.0,0.0,0.0,0.0,1.0,1.8820592516711525,,,0.18877684261687888
B001403,10223.04408868152,11.3589378763128,20.71628446148946,4.291379579997458,0.0,0.43299999999999994,0.03977885595919282,1.818656419378913,9.386483757668794,0.6292807486975067,0.0,0.6667166090439124,0.0,0.6764567609025871,3.009752431283823,0.4184573145556337,0.35976198438447027,0.05869533017116331,0.0,0.0,0.5815426854443664,0.0,0.0,0.0,0.0,0.5,0.1592683752172123,,,0.18699916418064566
B001404,7832.365028203104,3.1367100633572704,8.531474273442825,1.1055413402120278,0.22662866494888687,0.3560604349555834,0.009624543475762824,0.214627319509511,2.3705772107790213,0.0,0.106373697128735,0.15365773412331934,0.19299203246332763,0.31310938886286677,3.3317988506005056,0.24424726452346843,0.16134784889378845,0.08289941562968005,0.0,0.0,0.7557527354765314,0.0,0.0,0.0,0.0,0.92,0.5098661966202737,,,0.18699916418064566
B001405,7469.6102842196415,5.234485132599609,12.073617273110207,4.2599226243472685,0.0,0.2748907996466384,0.020191889610389726,0.48060119626898806,2.145816065375315,2.0605509316545727,0.6278220191074976,0.0,0.0,0.4002961164622232,2.366328963663692,0.590061675405001,0.590061675405001,0.0,0.0,0.0,0.40993832459499907,0.0,0.0,0.0,0.0,0.95,1.160192094103778,0.3818011102813596,,0.18696941873279815
B001406,13868.568143132328,10.08623137682351,15.879866138228781,10.856156215354451,0.019980744154081197,0.16034740153169363,0.018530043086090298,0.37660324952897917,3.6903240202751086,0.57213182008219,1.9155072212623772,0.5966141351121217,2.759841426049811,0.5518127540419021,2.6141926778868703,0.5656366321696592,0.37572355664138063,0.18991307552827863,0.05915134333355094,0.0,0.3752120244967897,0.0,0.0,0.0,0.0,1.0,0.2667416626784932,0.23224192760068257,,0.1858426376147888
B001407,5546.917580045402,3.3740374574485417,8.432225428385031,7.172979373364303,0.29341317301798303,0.4248679474888049,0.016462501099521045,0.10515848322333213,0.4995181477500815,0.0,0.0,0.8293309483802745,1.012251883486304,1.0329364778318813,2.4634191878806875,0.7702712080712141,0.5244734186751777,0.24579778939603633,0.0,0.0,0.22972879192878592,0.0,0.0,0.0,0.0,1.0,1.0493496521297232,,,0.18696941873279815
B001408,1322.5678303206316,1.1470666351436527,4.800816717364111,2.2813820369683455,0.0,0.44744286826048535,0.6989149278863757,25.243289830505415,0.21434373543162957,0.0,0.06257122222633879,0.3652019512515221,0.1585215913914522,0.34642813484271007,2.051997123791982,0.9238320563988017,0.869283157224777,0.05454889917402461,0.0,0.0,0.0761679436011983,0.0,0.0,0.0,1.0,1.0,1.5353961607138944,,,0.18877684261687888
B001409,37556.27492354754,13.308389413021809,16.774351848270324,19.550064228433936,0.0,0.4277281611856925,0.026249525991903055,0.7759369262124804,4.712688911035707,0.0,1.0309900598947928,4.233748198971198,1.8417129643349701,1.4892492787851437,2.4744000246207425,0.6424381205377975,0.6424381205377975,0.0,0.0,0.0,0.3575618794622027,0.0,0.0,0.5,0.0,0.5,0.20752000920770564,0.22741045842521473,,0.1858426376147888
B001410,10805.410212667728,4.704140275432184,14.630734530973047,4.461768759886318,0.0,0.3122883278326207,0.006890389233021606,0.07579428156323766,1.4643760546641373,0.0,1.2624853843029726,0.0,1.362382783145505,0.6148960533195701,2.060777054311934,0.7081001348272162,0.7081001348272162,0.0,0.28961355388585613,0.0,0.0022863112869277898,0.0,0.0,0.0,0.0,1.0,0.23054444410758906,,,0.18696941873279815
B001411,2966.6035715107114,0.7383284150101322,4.311764433256504,0.2243796854105395,0.0,0.021,0.23592936516419508,8.514293165532656,0.3627522229982168,0.0,0.0,0.0,0.15616826104573547,0.21940793096618003,3.108018069918276,0.41898644756129283,0.20747046379193945,0.21151598376935327,0.0,0.0,0.5810135524387073,0.0,0.5,0.5,1.0,0.5,0.7314985658906887,,,0.4052417822251656
B001412,15323.002351054947,9.679723531936164,18.437339733929292,2.233933775883148,0.02706535921372788,0.4022407477986687,0.030053185747676094,1.2192988773795352,7.746659267101691,0.6438422635466357,0.07399847966145572,0.0,0.3401220413737233,0.8751014802526581,1.8206891199410478,0.7729493271101756,0.7378117490324997,0.03513757807767586,0.0,0.0,0.22705067288982442,0.0,0.0,0.0,0.0,0.5,0.1947924195123907,0.16915716109273046,,0.18699916418064566
B001413,2043.9745593293896,6.4478692723324595,11.283332296271178,0.0,0.0,0.0,0.008070244105339566,0.17996644354907235,5.329406484658204,0.0,0.0,0.0,0.0,1.1184627876742552,3.451890740377427,0.1610819447169294,0.1610819447169294,0.0,0.0,0.0,0.8389180552830706,0.0,0.0,0.0,0.0,1.0,0.3950714325505507,,,0.1858426376147888
B001414,18084.772366965026,6.038321324529224,12.028471989767795,9.945794811477908,0.0,0.39476508768223,0.9869413221206484,46.08643240462842,1.6851055089542009,0.0,0.8487225473111459,2.9411310040428535,0.0,0.5633622642210209,1.966545855988065,0.7562730115983511,0.7562730115983511,0.0,0.0,0.0,0.2437269884016485,0.0,0.28,0.28,0.28,0.7,0.339291949304135,0.37244469214188863,0.5310672117730114,0.3110513158581213
B001415,15251.573554779321,5.596907726524521,15.252394101483882,10.491689024633898,0.35149053108927086,0.36899959688489803,0.01570166851275531,0.3501472078344434,1.570166851275531,0.656067112438715,0.5770566395829301,1.420285879577544,0.6137164807244918,0.7596147629253096,2.353343115387734,0.6907116546109988,0.5734920854318392,0.11721956917915977,0.0,0.0,0.30928834538900113,0.0,0.0,0.0,0.0,1.0,,,,0.18696941873279815
B001416,69674.52724236029,15.555822112605556,32.37852545409399,2.5768314367355982,0.019600651220334657,0.09675213666911049,0.07062344023796545,3.0936675824572326,13.210900739767787,0.05197158841564338,0.032906484750727445,0.14482671957445603,1.4400963500139017,0.6751202300830441,3.448009617293851,0.11611823349081167,0.014232067776430947,0.10188616571438072,0.0021153806280712027,0.0,0.8817663858811174,0.0,0.0,0.0,0.0,1.0,,,,0.18699916418064566
B001417,1181.8006613052141,3.061659744314026,5.174636213811112,3.3736977397571795,0.0,0.365,1.6833644428661338,37.59935802522833,1.552010137604447,0.0,0.0,0.7560395532386758,0.1520764215539937,0.6015336319169103,1.7991486148812992,0.9247228030676783,0.9247228030676783,0.0,0.04967123529530773,0.0,0.025605961637013976,0.0,0.0,0.0,0.0,1.0,,,,0.18699916418064566
B001418,4906.5860218348425,5.869122035687611,10.459642220922257,10.468800225682655,0.0,0.29572836202003666,1.6278117264308072,58.83147432170575,0.9875959757420905,0.0,1.6596981102232584,2.353532596079562,0.4554484715764384,0.4128468820662609,2.3162249926659864,0.7541294185835642,0.07034218739292117,0.683787231190643,0.0776007840367012,0.0,0.16826979737973474,0.0,,0.0,,0.98,0.42813439021352906,,,0.18816800894164298
B001419,14278.733440659224,5.347840239947275,12.06506134221576,9.198348924239019,0.08891502902117822,0.31891969327014186,0.030570873989589433,0.25202749395939167,0.330883439433166,0.7420045866707704,1.5909149653899248,0.3194377511167977,1.5871287536594063,0.777470743677209,1.7360572640510292,1.0,0.9402678956767141,0.059732104323286045,0.0,0.0,0.0,0.0,0.0,0.0,0.0,1.0,,0.47694963858771167,,0.18696941873279815
B001420,10437.800772428152,6.399632601120878,14.785560890331547,7.297592470144806,0.0,0.021,0.011472179521471558,0.12619397473618713,2.6205486216559395,0.0,0.0,1.2693198380780069,2.061765016275402,0.44799912511153017,2.5703277605777224,0.5806272208666549,0.382284610096204,0.19834261077045093,0.0,0.0,0.4193727791333451,0.0,0.0,0.0,0.0,1.0,,,,0.18696941873279815
B001421,401.28651970136434,1.1054725060643646,8.064656026176573,1.4111389519401651,0.0,0.43299999999999994,0.379508691413729,8.486446425961045,0.4725106553380838,0.0,0.0,0.4081284756877327,0.10126182391844238,0.12357155112010587,2.6876456258746897,0.4809708282124215,0.4809708282124215,0.0,0.09160049061640484,0.0,0.4274286811711738,0.0,0.0,0.0,0.0,1.0,0.8707143007540312,0.24738686123626938,,0.18877684261687888
B001422,6535.763408198454,6.689624778094631,15.463843320778556,10.404386296374351,0.0,0.41326455669747486,0.022446785814932875,0.4402061976734424,1.8676821667552446,0.614635094409571,0.0,1.664998410869479,1.7694212137538334,0.7728878923065033,2.4036447558717047,0.6838829715647208,0.41938066053109535,0.2645023110336254,0.0,0.0,0.3161170284352792,0.0,0.0,0.0,0.0,1.0,1.4578782171229723,,,0.18696941873279815
B001423,7803.592632322951,6.9550736473466594,14.991144146712374,6.269317204373133,0.22816897536668138,0.3808679349156107,0.006095652193297981,0.10527691125030042,4.329366937477337,0.4148827884085014,0.6823057341711474,0.8914603036604692,0.0,0.6370578836292043,1.5275041741809277,0.9687592984503333,0.8405851986691527,0.12817409978118044,0.0,0.0,0.031240701549666818,0.0,0.0,0.0,0.0,1.0,0.2745140296802707,,,0.1858426376147888
B001424,18410.954584587995,13.947692867112117,33.11990456073213,6.366062374848188,0.2898907670303632,0.34150079167521646,0.05956641337162448,3.944523438763854,11.804368497041347,0.0,0.0,1.318653534326661,0.16794144656293977,0.6567293891811664,3.3927375782371856,0.15366873865745972,0.15366873865745972,0.0,0.0,0.0,0.8463312613425401,0.0,0.0,0.0,0.0,1.0,0.1613981969404187,,,0.18699916418064566
B001425,1001787.8959592619,901.6992762909648,2103.460289930999,4447.362654194356,0.0,0.09206364280414758,0.021636159401266973,0.773008809293522,1.3314876408006793,1.9931548274779571,0.0,897.7745792145363,0.0,0.600054608149914,1.3368064954143384,1.0,0.0021421135624016116,0.9978578864375984,0.0,0.0,0.0,0.0,0.0,0.0,0.0,0.95,1.0091966929791343,0.34883736110193986,,0.18696941873279815
B001426,1133.460354350727,3.2664563525957546,4.7926811398134985,2.720708955953319,0.3082430582013075,0.29803359943063595,2.2361600774299863,80.72578310714717,1.3914697191406065,0.42043068643143294,0.0,0.6792742079514794,0.0,0.7752817390722357,1.6652941219056343,0.9881735570353191,0.7802190844731247,0.20795447256219438,0.0,0.0,0.011826442964680963,0.0,0.0,0.0,0.9800000000000001,,,,,0.18816800894164298
B001427,11175.474003664602,5.546140944746701,9.999179079064119,6.190187919181078,0.0797647286369999,0.4145716054420643,1.1514176275386623,54.12251602070814,1.9618560142443535,1.0575663663968886,0.500482600748222,0.39566558367755256,0.5807840333170902,1.0497863463625927,2.638997293000251,0.6466462649549001,0.4559611783455137,0.19068508660938638,0.0,0.0,0.35335373504509976,0.0,0.28,0.28,0.28,0.7,0.2494731008581623,,,0.3110513158581213
B001428,8655.934655384986,3.544608785988938,5.466792972109634,3.1599695071463394,0.0,0.47000000000000003,2.1543677730482997,78.00013304664188,1.9715049523192665,0.0,0.0,0.81188925357483,0.0,0.7612145800948418,1.9371650979127528,0.7306403775705478,0.7306403775705478,0.0,0.2290490439407729,0.0,0.04031057848867936,0.0,0.0,0.0,0.98,0.98,0.3637026979602689,0.37916044407675964,,0.18816800894164298
B001429,10368.794662742248,8.170838977732268,13.782465869841865,5.908526638503635,0.0,0.2714116215208728,0.01412051257272958,0.6537794531013768,4.504946242456563,2.0567576923439095,0.0,0.7271944893921728,0.0,0.8819405535396221,1.9784506882443635,0.957966869661989,0.8689681155103074,0.08899875415168175,0.0,0.0,0.042033130338010954,0.0,0.0,0.0,0.0,1.0,0.18155616203077632,0.24993002401927053,,0.1858426376147888
B001430,17390.147133579914,8.805137789154386,12.221385518482167,15.073074328418102,0.0429374758895182,0.5524312801872079,0.017925349171893937,0.8317362015758786,1.9724011689882228,1.056920023547531,0.7002849300578743,0.19283731569385829,3.2147429935399927,1.6679513573269051,1.8355874226701634,0.8268579954484163,0.804957450526634,0.02190054492178227,0.12003446724585937,0.0,0.05310753730572384,0.0,1.0,1.0,1.0,1.0,,,,0.6061389938239665
B001431,14116.556209873912,5.287099704072626,7.450128107322602,0.825685543899322,0.0,0.365,0.02458153663820357,0.23920575625866694,4.069544436971685,0.0,0.435961967178842,0.0,0.0,0.7815932999220991,3.386177328016073,0.21036700398794483,0.21036700398794483,0.0,0.0,0.0,0.7896329960120552,0.0,0.0,0.0,0.0,1.0,0.1787262611870019,,,0.1858426376147888
B001432,1316.8633441487418,4.303474980878241,8.452686897735411,2.9869943553762948,0.0,0.2519865686993293,1.21683057703005,27.135321867770116,1.9427578383742907,1.0590015831068356,0.0,0.0,0.6829914390647088,0.6187241203324058,2.161496809628644,0.7185973018374634,0.559890340114794,0.1587069617226695,0.2460805715874564,0.0,0.03532212657507995,0.0,0.0,0.0,0.0,1.0,0.4302253058353672,,,0.18699916418064566
B001433,3397.9299489040145,2.7140015566325992,12.330425063215545,5.866600752145213,0.0,0.25135333408339944,0.5277535028492549,24.67447031566744,0.6556432644586416,0.38506344707377155,0.09168072234738686,1.1722945202628972,0.20985910013248274,0.19946050235741986,2.4518038238291977,0.5054363433462152,0.07349314220913739,0.4319432011370778,0.2529855842844633,0.0,0.24157807236932163,0.0,,,,0.9,0.7038316889374494,,,0.18877684261687888
B001434,8042.910727371394,7.412820946886078,14.746878658103713,10.110908116493732,0.0,0.28055916295959116,1.0990250169116769,24.532096349030272,2.3622134363184197,0.0,1.817128503673656,1.063790304820592,1.640175564458731,0.5295131376146822,1.9751575492829583,0.9777890385482234,0.3678870315596202,0.6099020069886034,0.0,0.0,0.02221096145177667,0.0,0.2,0.2,0.2,0.98,0.36725164774586133,,,0.27637726888891634
B001435,5764.224627344102,3.7430030047688976,12.74240522804788,3.9428966528283156,0.0,0.36499999999999994,0.017109241190671226,0.48859158176032635,1.3752798569783904,0.8639771779198858,0.0,0.22307284779907413,0.9947994069743907,0.28587371509715553,2.3651383521293114,0.6254419428249867,0.3596661992023037,0.265775743622683,0.0,0.0,0.37455805717501306,0.0,0.0,0.0,0.0,0.95,0.785632913918594,,,0.18696941873279815
B001436,1567.3531351135978,2.258433912267432,5.536880302719285,3.905778852639852,0.13200238787335022,0.42092761560087794,0.015451459074591103,0.2877881263014303,0.4761984977445403,0.4819637507280693,0.5622543328157809,0.4015512413930202,0.0,0.3364660895860205,2.2541178262052526,0.7482172167619603,0.32145884717958184,0.4267583695823782,0.0,0.0,0.2517827832380396,0.0,0.0,0.0,0.0,1.0,,,,0.18696941873279815
B001437,7320.345803244925,12.664958137101946,20.871397912496192,16.298113616817478,0.0,0.35444941446070094,0.017161015806863376,0.24070756457082285,5.476255559730154,0.772145695627521,0.9067818468876663,2.8584059202240293,2.0793858060176693,0.5719833086149112,2.8453484222683074,0.5676057117245829,0.20934685183564916,0.35825885988893363,0.0,0.0,0.43239428827541754,0.0,0.0,0.0,0.0,1.0,0.20023118460921593,0.17904128708911696,,0.1858426376147888
B001438,1439.188791814415,2.091844174148859,8.784008896540112,3.7471486215129737,0.0,0.22240016906274634,0.4724754113315291,10.551324892968143,0.6473433255977639,0.0,0.0,0.7830097877092556,0.30378132875513336,0.357709732086706,2.4189206022513297,0.6187674468172201,0.339431708823713,0.279335737993507,0.0,0.0,0.3812325531827797,0.0,0.3,0.3,0.3,1.0,1.079877431992133,,,0.32025669999791706
B001439,26629.016975683608,6.326684955021052,20.069883872559018,1.3918527962732712,0.0,0.35277094300615114,0.021533639473655428,1.3427139294152604,5.256855929373386,0.1714135393501871,0.0913689812229129,0.365517800954465,0.12607003287026092,0.3154586712498392,3.4286137620978856,0.10990720873146519,0.10990720873146519,0.0,0.057773984883565103,0.0,0.8323188063849696,0.0,0.0,0.0,0.0,0.5,,0.17561289003185843,,0.18699916418064566
B001440,36870.359429118056,10.65309431641666,16.004992094910893,11.548024070017805,0.0,0.3957662844273493,0.021356321473874416,0.4141234446135294,3.991999991892335,0.5754836715587817,1.91154488022552,0.38115278314272616,2.9574831793096346,0.8354298102876617,2.8550300919092577,0.4246907980118146,0.14707350753574266,0.2776172904760719,0.17943564784550775,0.0,0.3958735541426776,0.0,0.0,0.0,0.0,1.0,0.2313260440725445,,,0.1858426376147888
B001441,18572.24209901183,5.100862976932664,16.818739436344607,11.550465544088965,0.0,0.39706476589640544,0.012336505193833601,0.04424412466289742,0.3556326570737659,1.297836716810286,0.5979199413632296,1.3245048699580233,1.0281856894548134,0.49678310227254674,2.0332726500335445,0.8825371168072167,0.7653177474441957,0.11721936936302114,0.0,0.0,0.11746288319278346,0.0,0.0,0.0,0.0,1.0,,,,0.18696941873279815
B001442,7085.080007429829,5.797937812954033,11.49670552939565,5.62807693262302,0.1645866585001749,0.365,0.013663769217757388,0.22630331252142535,2.9441110436471205,0.0,0.7416006720451027,0.0,1.7409341817872581,0.37129191547455215,2.994801392057406,0.18276733977880616,0.18276733977880616,0.0,0.3002678258979561,0.0,0.5169648343232377,0.0,0.5,0.5,0.5,0.5,0.12298793870744827,,,0.4023874260919753
B001443,4260.384937545325,3.2129599830658555,10.288104904334306,2.5265250066342237,0.0,0.36500000000000005,0.009146252698294072,0.15923798632358566,1.6670827824003638,0.0,0.0,0.29864269146561134,1.035362512037259,0.21187199716262115,1.7487103670185304,0.631446276505398,0.5384968799864155,0.09294939651898244,0.32224569166569583,0.0,0.04630803182890616,0.0,0.0,0.0,0.0,1.0,0.1803385633007064,,,0.18696941873279815
B001444,9218.547714894285,12.145649163233577,35.56938273904031,6.650579137218988,0.0,0.06927804033039414,0.049812539156187746,2.2760906009099,9.134008632714929,1.402181580168618,0.0,0.9670711228942492,0.17365808129926152,0.4687297461565191,3.2829708487934806,0.24796044163989742,0.13251320935747646,0.11544723228242092,0.0,0.0,0.7520395583601027,0.0,0.0,0.0,0.0,1.0,,0.3194987470172966,,0.18699916418064566
B001445,5681.022087358456,2.8750111778129837,14.048055136438649,3.0439782032967946,0.0,0.3879438995682633,0.30471819443722287,11.018041690240759,0.4665839404946911,0.4299300273656061,0.11433452527140163,0.571853355900016,0.0,1.2923093287812693,2.6073518360806296,0.7646598410052846,0.5657550992383243,0.19890474176696032,0.03976837591232453,0.0,0.19557178308239084,0.0,0.5,0.5,1.0,1.0,,0.42607753896288714,,0.4052417822251656
B001446,13768.548246795926,7.006894782084441,11.252418896614802,7.311815239263078,0.0,0.365,0.01946352539193984,0.5815225800815825,3.506181020469639,0.0,1.0929070512617813,1.7851867498195848,0.0,0.6226199605334359,2.91559493483255,0.49960986578042993,0.34363391848118147,0.15597594729924838,0.0,0.0,0.5003901342195701,0.0,0.0,0.0,0.0,1.0,,,,0.1858426376147888
B001447,6366.948650401717,3.10129013658145,7.607680696683483,4.663930836199118,0.13433727227667225,0.40544099273850714,0.01643923792473039,0.2265805832041168,0.48567984408150106,0.5040678782208191,0.0,0.11111295073901256,1.367668669059325,0.6327607944807919,2.087979316167622,0.7857608736726088,0.6232259749622118,0.16253489871039695,0.0,0.0,0.21423912632739125,0.0,0.0,0.0,0.0,1.0,,,,0.18696941873279815
B001448,7047.909648086188,2.1448294729416277,11.796774206632493,3.3359653123878155,0.0,0.2524771898677026,0.3685230151515385,13.290728683991185,0.5053066591788844,0.41494435928785844,0.059782175689050934,0.709649440608886,0.2625448072861511,0.19260203089079722,2.4878611790074308,0.7192791727725123,0.4034082958002585,0.31587087697225413,0.027872694050152084,0.0,0.2528481331773357,0.0,0.3,0.3,0.3,0.92,0.634891692183577,,,0.32025669999791706
B001449,1395.5014777580386,1.65539914324797,10.12155050199889,2.0549775620667834,0.0,0.29927438630448355,0.6396409672614313,23.17928344385548,0.29440166396179873,0.3362611032566776,0.05146354302035998,0.06975883328363006,0.6532613406258325,0.2502526590996709,2.2619905057817724,0.9252082487178992,0.32745365405197385,0.5977545946659253,0.04214018931214377,0.0,0.03265156196995711,0.0,0.0,0.0,1.0,1.0,1.069008926562002,0.3511867306258026,,0.18877684261687888
B001450,1474.7101737447183,4.915700579149061,7.142567265890938,4.353001372815749,0.0,0.30436719055197464,1.6199879471015763,76.12868340159629,2.2662398645079698,0.0,0.0,1.4534744236738621,0.522459516508166,0.673526774459062,2.7636271286201852,0.5346768773793453,0.5346768773793453,0.0,0.0,0.0,0.4653231226206544,0.0,0.2,0.2,0.2,0.98,0.4864292177553565,,,0.27637726888891634
B001451,2000.8661630836864,4.730180054571362,18.184229012445936,9.436155336946124,0.0,0.3330572334385054,0.011154430856505464,0.4152851325322018,1.1853946011913434,0.6334853668758551,0.7320561635945507,1.2036190690624098,0.7201410498103059,0.255483804036898,2.5300849712081015,0.7474132195833763,0.46124516655588466,0.28616805302749165,0.0,0.0,0.25258678041662375,0.0,0.0,0.0,0.0,0.95,0.762563895178609,0.45801796623328306,,0.18696941873279815
B001452,33917.54922262498,11.789207237617301,14.925591139345983,11.664447967145781,0.0331814037788813,0.3903716061058148,0.0213381521234175,0.7920336228321861,4.442649221556707,1.2761112223772408,2.441511550024633,0.3101505071802989,1.8280125983062574,1.4907721381721648,2.563484937361873,0.5478728630363183,0.5478728630363183,0.0,0.1082440232542009,0.0,0.3438831137094808,0.0,0.5,0.5,0.5,0.5,0.23443661481356545,0.22454309086074842,,0.4023874260919753
B001453,1651.9837334906858,1.4815997609781937,6.343439382826893,1.9224461428481947,0.5553012941021938,0.4328935616247872,0.6630725735338808,31.03663722589796,0.8249077653600239,0.2989537483338787,0.062275155673579934,0.05620740193069716,0.0,0.23925568968001398,3.062331522438563,0.3743542149545349,0.3323218406833188,0.04203237427121623,0.0,0.0,0.6256457850454651,0.0,0.0,0.0,0.0,1.0,,,,0.18877684261687888
B001454,10186.693288952565,5.719648112831311,13.954383672059489,4.872979618871932,0.0,0.13799833311919893,0.018486696503014766,0.4400147101556548,1.9646031707441116,1.7468381763610423,0.0,0.0,1.5796722487925616,0.42853451693359307,2.689507605249634,0.6565167765588981,0.3511066985433939,0.30541007801550424,0.0,0.0,0.3434832234411015,0.0,0.0,0.0,0.0,0.95,1.279003021106128,,,0.18696941873279815
B001455,12907.500069460106,5.816809404894144,11.834643662763424,8.387146086929727,0.0,0.288238759337761,2.0773662337865284,46.30330405325562,1.2525072358226506,0.661163469280523,1.7323073900484545,1.0736050861966493,0.6307214872805477,0.4665047362653185,2.1592917705350216,0.8276634284938,0.3452834361419332,0.48237999235186674,0.10843083267433028,0.0,0.06390573883186967,0.0,0.0,0.2,0.0,0.98,,,,0.18816800894164298
B001456,2480.6939240752413,0.5606087964011844,2.754018702978196,0.09526185634812938,0.6564757913044795,0.24,0.5903958417820379,21.372329472509772,0.3247177129801208,0.0,0.02195830981379537,0.0,0.0,0.21393277360726826,3.105631152096647,0.4207766359275151,0.38160795010817683,0.039168685819338266,0.0,0.0,0.5792233640724849,0.0,0.0,0.0,1.0,1.0,0.3835314027241179,,,0.18877684261687888
B001457,2552.4602103713264,5.373600442887003,10.600691988615198,8.961725075343907,0.0,0.29789064943355065,1.3933710200621112,50.336445092260824,1.9383185637929943,0.816004672439382,0.5538975363320779,1.352440159290959,0.0,0.712939511031591,1.6990810274113763,0.9122598005208157,0.5574999489307255,0.3547598515900904,0.0,0.0,0.0877401994791843,0.0,0.28,0.28,0.28,0.7,0.40007949462718223,,,0.3110513158581213
B001458,8462.191343006198,7.901205735766758,13.243313802781008,13.331492354059236,0.16109913473013085,0.32242357972330904,0.019481489442853023,0.3572208180638206,3.610462818316678,0.5792542971651949,0.08206152276323977,2.6833134369357015,0.15599910106681245,0.79011455951913,2.5610395280087053,0.5430491321124536,0.3846398944630955,0.15840923764935821,0.0,0.0,0.4569508678875462,0.0,0.0,0.0,0.0,0.5,0.5845124192972049,0.20124098776069493,,0.18699916418064566
B001459,2663.4073683879224,1.9714340254536804,12.829638995187132,3.3509001228265047,0.0,0.2577938031606201,0.3115579059766448,14.573810161097452,0.4268855024262259,0.614809537267186,0.07464187037303503,0.720377555073399,0.0,0.13471956031383509,2.155310962421524,0.7834644746338962,0.46373191245384693,0.3197325621800492,0.0,0.0,0.216535525366104,0.0,0.3,0.3,0.3,1.0,0.8881866317485037,0.34378130246236627,0.39528613886255065,0.32025669999791706
B001460,18072.58250043105,5.446830168906284,11.623817700875252,7.6928364476342335,0.16144673426227038,0.37526311451588346,2.196679857069037,79.55426874611337,1.9961723706224357,0.0,0.6896401398291393,1.6990257611363189,0.5357450789487543,0.5262468183696368,1.376709244708783,1.0,0.9016409430190973,0.09835905698090293,0.0,0.0,0.0,0.0,0.28,0.28,0.28,0.7,0.36870356179734826,,,0.3110513158581213
B001461,5284.214832506285,5.556482473718491,12.297141528437638,11.524065569865865,0.095849194513111,0.40560999950642024,2.3408619705854687,84.54705219359818,1.6004672393386723,0.09706060773666554,0.0,3.40769078956165,0.0,0.45126383708150314,1.5403463716381294,1.0,0.3867179810825234,0.6132820189174764,0.0,0.0,0.0,0.0,0.0,0.0,0.0,0.98,0.42830701110154934,,,0.18816800894164298
B001462,14017.740160959478,12.094685212216978,15.528434687232242,15.945415122861474,0.0,0.31145840591842433,0.02323336734797022,0.5726834705486067,4.507923935076111,2.878755198102597,1.3827854332054759,0.0,2.440242737832051,0.8849779080007422,2.557283740803076,0.6272805901122084,0.4255190150885662,0.20176157502364214,0.0,0.0,0.3727194098877915,0.0,0.0,0.0,0.0,1.0,,,,0.1858426376147888
B001463,806.8409437024834,1.080108358370125,5.314642741679125,0.14332006576317985,0.0,0.43300000000000005,0.5684632597053864,26.716955517374238,0.7104667547445188,0.0,0.0682203513032736,0.0,0.0,0.3014212523223326,3.22334535690165,0.31670081859282523,0.31670081859282523,0.0,0.0,0.0,0.6832991814071747,0.0,0.0,0.0,0.0,1.0,0.40509357170613464,0.37265855203444587,,0.18877684261687888
B001464,1178.1964505486612,2.8666580305320224,12.407495771493513,4.159465401497428,0.02969965608212343,0.28255006868124316,0.4872457849418905,22.62700006953266,0.6620228647590454,0.38070060560532026,0.06518138072739595,0.5115934297725024,0.7727819592366074,0.47437779043115186,2.6518709445693327,0.5437944820394244,0.2742185678543663,0.26957591418505783,0.178463361978881,0.0,0.27774215598169516,0.0,0.3,0.3,0.3,1.0,,0.45406549753573855,0.20237514283101266,0.32025669999791706
B001465,7060.705681941984,1.783006485338885,7.462340226961659,2.842200086170712,0.4366476770578424,0.2791314938829019,0.3391955860023003,12.306679379353612,0.5215287752242491,0.47081571466165795,0.08583140520873254,0.0,0.40795525449421804,0.2968753357500269,2.7303916722136874,0.35365845744973096,0.12485656701988176,0.2288018904298492,0.3121957909001055,0.0,0.33414575165016336,0.0,0.5,0.5,1.0,0.5,0.7076075820390428,0.2651683005208426,,0.4052417822251656
B001466,10075.122976358449,10.176891895311565,16.208957148769056,17.284099809599887,0.24101345069478675,0.4287029602087272,0.02454107890933909,0.4082802127432496,3.622817334393733,0.16036302792439802,0.6296658905553035,3.072979138232933,1.639122610907316,1.051943893297882,2.631599430964739,0.6090989478179362,0.30714240058875364,0.3019565472291827,0.0,0.0,0.3909010521820638,0.0,0.0,0.0,0.0,1.0,,,,0.1858426376147888
B001467,1351.6451196091375,0.7993170429385793,6.556602901530933,0.7026766935902689,0.0,0.021,0.3380724120736997,12.238221317067929,0.18593982664053485,0.4325470345983207,0.056515944140506306,0.0,0.0,0.12431423755921729,2.6434978306929837,0.7673766269802623,0.15552556855561728,0.6118510584246449,0.0,0.0,0.23262337301973773,0.0,0.0,0.0,1.0,1.0,1.2283404802641182,,,0.18877684261687888
B001468,8935.54913073836,9.776311959232341,13.130599470083988,12.314333875842314,0.0,0.4033250417642593,0.0235221155183184,0.7212985925439787,4.358693793673115,0.5952788665786567,2.072824206517612,1.6450953115137783,0.0,1.1044197809491776,2.998464842453119,0.3421324905536519,0.17385887997597188,0.16827361057767995,0.2120251701420108,0.0,0.4458423393043372,0.0,0.0,0.0,0.0,1.0,0.21630499439820067,0.2565189647572326,,0.1858426376147888
B001469,4727.136816079115,7.15149291388671,12.946399043423117,9.67153658814283,0.06210117052104662,0.5864811284196231,0.013803210420431585,0.15183531462474745,3.153017608728027,0.5832944183067581,0.5307421663898995,0.07164321790495726,1.8099734963640755,1.0028220061929913,2.593044531768385,0.5164524528257319,0.5164524528257319,0.0,0.0,0.0,0.4835475471742679,0.0,0.0,0.0,0.0,1.0,0.224226743137356,0.22982732819901797,,0.1858426376147888
B001470,732.6198753287649,2.3406385793251276,12.269949199038804,3.624959390705256,0.0,0.2566745110607334,0.48325178197505475,22.65002032516132,0.3853484615157823,1.052016607559241,0.0,0.3667167806466106,0.1274255299314664,0.409131199672027,2.301565695982032,0.4926412215089896,0.33596740442085743,0.1566738170881322,0.4494570912620637,0.0,0.05790168722894655,0.0,0.3,0.3,0.3,1.0,0.8232843424149249,,,0.32025669999791706
B001471,1796.5327715840845,5.9096472749476465,9.37293367395722,7.558331626108065,0.0424342508678931,0.3868928388594421,0.03179203838172984,0.7262851049732365,1.619968492670329,0.2909805885558268,1.0876386802784281,0.4589125932570989,1.733923259311894,0.7182236608740709,2.330301558131521,0.7258772956657248,0.46417787409589406,0.261699421569831,0.0,0.0,0.27412270433427527,0.0,1.0,1.0,1.0,1.0,0.21315993575374706,,,0.6061389938239665
B001472,60838.241886163254,12.42357400166699,16.47041659543868,17.05839726919064,0.0,0.40051636171390453,0.03792789735257587,1.1827140450129976,7.153276420601478,0.0,0.5903537499806356,2.9871378183935877,0.24424343333816648,1.4485625793531227,2.985397004403517,0.4242175061989687,0.18377640462926137,0.2404411015697073,0.0,0.0,0.5757824938010313,0.0,,,,1.0,0.3544959565363837,,,0.1858426376147888
B001473,19359.45693231592,3.8812062815388773,8.486211417129411,5.160122577166556,0.0,0.41841081384504497,1.0014486656276087,46.819883240769826,1.3938997525104295,0.0,0.5712524743572118,1.0009725041201214,0.46050788299595474,0.45457366755515954,2.763875068038015,0.5396973759738537,0.39251311599921695,0.14718425997463688,0.11865071052429758,0.0,0.3416519135018484,0.0,0.2,0.2,0.2,0.98,0.39735013867553054,,,0.27637726888891634
B001474,2761.7016816339883,5.990676098989129,10.335589957546581,7.931027152663414,0.0,0.4480718357368395,1.6987164830257342,79.67810730691791,2.2163366598284693,1.0186221025327789,0.8335073862216046,0.9101724993436265,0.0,1.01203745106265,2.482040872943861,0.6270084473901352,0.39776441095627574,0.22924403643385938,0.0,0.0,0.37299155260986483,0.0,0.0,0.0,0.0,0.98,0.26342657444208106,,,0.18816800894164298
B001475,5221.310943361994,8.925317851900845,15.287393271913682,14.150372919730001,0.20194089933331233,0.3361673423920229,0.010077391629871903,0.22472583334614343,3.3841986816734,0.0,1.0892099027378064,1.480068582524549,2.5283860705263566,0.4434546144387352,2.584965883011285,0.6110519528786036,0.44522384377553836,0.16582810910306522,0.0,0.0,0.3889480471213968,0.0,0.5,0.5,0.5,0.5,0.24044615241280393,0.24629908345171833,1.0145570232197885,0.4023874260919753
B001476,11693.854641511265,4.86028871218257,11.33689064838178,7.992800880710491,0.0,0.36499999999999994,0.018292713103950028,0.34180249087102715,2.5041395861046296,0.0,0.0,1.8032099116339964,0.10948676857933105,0.44345244586461474,2.9331058156735823,0.45975400517866044,0.45975400517866044,0.0,0.0225268034602341,0.0,0.5177191913611058,0.0,0.0,0.0,0.0,0.5,0.3829080994536022,0.12345628138123169,,0.18699916418064566
B001477,4522.6406003590055,3.9327309568339177,7.07464788356613,3.4686158232122404,0.0,0.4398990922175374,1.6067007105562874,58.021394996193514,2.095423610387286,0.0,0.48081468918400916,0.7060687445114454,0.0,0.6504239127511758,2.970498285500265,0.40456194012280056,0.40456194012280056,0.0,0.0,0.0,0.5954380598771991,0.0,0.0,0.0,0.0,0.98,0.3799093956712494,,,0.18816800894164298
B001478,33808.87326029002,8.471278692129797,12.657070210592213,8.830057103375788,0.0,0.11823173895413831,0.018291252045081086,0.34370612550657725,1.7632047111220397,0.0,2.630570651362361,0.0,3.4171397538628057,0.6603635757825893,2.3419325599949694,0.7918608541635942,0.4813326863432767,0.31052816782031745,0.0,0.0,0.20813914583640566,0.0,1.0,1.0,1.0,1.0,0.20434180611362612,,,0.6061389938239665
B001479,7655.494229801008,6.095138717994433,9.414643585574842,6.364675602671514,0.0,0.24633959784187381,1.857447351365037,66.77770078793034,2.408977653076146,0.0,0.0,1.414612493142339,1.1722693590807516,1.099279212695196,2.7368272988132,0.4124420824772819,0.18035343632948633,0.23208864614779567,0.19232857746451412,0.0,0.3952293400582038,0.0,0.0,0.0,0.0,0.98,0.3901165643892431,0.3769228853528385,,0.18816800894164298
B001480,9595.254444386565,10.590788569963095,16.154583210857638,10.45612979500156,0.0,0.23089811753044015,0.02040098319757653,0.2791632670955339,3.7731085078891407,0.723342028408843,0.7005433897580565,0.48141407654980584,3.799065538529575,1.1133150288276756,2.568845210916454,0.6437367734268452,0.5321343692715915,0.11160240415525367,0.0,0.0,0.3562632265731548,0.0,0.0,0.0,0.0,1.0,0.2852777897261605,0.1417205096630843,1.0825620326975278,0.1858426376147888
B001481,2447.4814247321665,1.9031737361836443,9.705574790711525,3.1264135826900894,0.0,0.3845964503920906,0.5456677949382579,12.145012338044854,0.6801895192014948,0.26138397989070106,0.03419915614306456,0.5668102252563744,0.0,0.3605908556920096,2.5246290335517645,0.5418754573791017,0.24405176715049667,0.29782369022860494,0.0,0.0,0.4581245426208985,0.0,0.0,0.0,0.0,1.0,,0.3619661339400306,,0.18877684261687888
B001482,7972.296283319578,3.780131002048164,7.601192141992375,3.124164639740558,0.0,0.4228884388825852,1.3141578725933964,61.77345484006658,1.7443069072237023,0.0,0.9535886182538003,0.0,0.5644408469424833,0.5177946296281786,2.664652661518549,0.5610339007431714,0.5610339007431714,0.0,0.0,0.0,0.43896609925682883,0.0,0.0,0.0,0.0,0.98,0.24320765972336433,,,0.18816800894164298
B001483,6881.196484319379,10.586456129722121,15.354187471783288,5.112576738539589,0.0,0.15953654596458208,0.010857417562358519,0.18467587687662743,6.7615081825147145,0.6256317780061741,2.125324367157404,0.461493702788836,0.0,0.6124980992549941,1.765213093124194,0.7303809638804858,0.6867881225052531,0.04359284137523267,0.25985618902628815,0.0,0.00976284709322603,0.0,0.0,0.0,0.0,1.0,0.15745991186422184,0.27566317002828866,,0.1858426376147888
B001484,6898.889057003075,4.108927371651623,6.914717343589567,3.7633165296253823,0.2302628598009485,0.37198391741598963,1.5856146543369372,57.407763487346756,1.9757587588405632,0.6971641363448061,0.2287892962072076,0.49219868797198957,0.15803449855910862,0.5569819937279484,2.993403661932688,0.44110043048460607,0.15164220532286032,0.28945822516174574,0.05568102706941824,0.0,0.5032185424459759,0.0,0.0,0.0,0.0,1.0,,0.32466668306911706,,0.18699916418064566
B001485,14547.484648334348,7.216014210483308,10.524782667098638,9.808040760751695,0.0,0.809,0.04791263879055317,0.8371726467154922,4.091987755573161,0.167423859007431,0.0,1.7166684545012496,0.0,1.2399341414014646,2.9246499731408195,0.3780897366906777,0.1401926920857348,0.23789704460494296,0.0,0.0,0.6219102633093222,0.0,0.0,0.0,0.0,1.0,0.2790333180342424,,,0.1858426376147888
B001486,36854.186038189684,7.804783150823736,20.20453985716978,12.617935579849478,0.05567191301194518,0.3564479691746279,0.016168543237569145,0.36853687728982254,1.3872661093945788,2.118037040884179,2.23338053587934,0.7695413196408483,0.5647680005110834,0.7317901445137034,1.96388143936009,0.7138446395344593,0.542884179215827,0.17096046031863235,0.2861553604655401,0.0,0.0,0.0,0.0,0.0,0.0,0.95,0.8075149793464784,,,0.18696941873279815
B001487,6888.642708681419,4.215815611188139,7.073672755045117,7.744909447063819,0.4334089873791763,0.39301975538559447,3.024761560268827,109.50838037554946,1.1504896043792807,0.0,0.8708795682957797,0.8081049284193668,0.6410816600738035,0.7452598500199085,2.1401564028035063,0.7880225357654727,0.44427254237220204,0.34374999339327067,0.206574397130794,0.0,0.005403067103733353,0.0,0.0,0.0,0.9800000000000001,0.98,0.25487863415906037,,,0.18816800894164298
B001488,3836.5077203274905,6.437093490482367,19.476143705818814,9.003797880653892,0.043598854597770006,0.3191742439388535,0.017428002442247265,0.65375094712192,1.5142276570990374,0.3139147571346123,2.658408205732524,0.31892567886574547,1.259426113080076,0.37219107857037115,2.71364645435729,0.3436807458838235,0.29413576423375176,0.04954498165007179,0.4129826931460825,0.0,0.24333656097009396,0.0,0.0,0.0,0.0,1.0,,,,0.18696941873279815
B001489,2455.171800092057,1.5043944853505251,9.597825228109128,2.3237395935013194,0.0,0.021,0.4336634082428922,9.634158062266524,0.5392087432113797,0.0,0.044397938560583904,0.7696483853360959,0.0,0.15113941824246532,2.1290964399132544,0.6415775593023769,0.6120653941137102,0.02951216518866669,0.0,0.0,0.3584224406976231,0.0,0.0,0.0,0.0,1.0,0.5166735921948941,,,0.18877684261687888
B001490,25753.4467512123,6.204154842498747,10.437415904534316,11.054171380165212,0.1799666735324256,0.40220634409623396,0.025222736057148865,0.39118828556467683,1.4202513269067094,0.0,1.136178364755254,1.079062567686584,2.0537803902794876,0.5148821928707142,1.5607054809612058,1.0,0.49504113976879643,0.5049588602312037,0.0,0.0,0.0,0.0,0.0,1.0,0.0,1.0,,,,0.1858426376147888
B001491,3000.17407244353,3.6233986382168237,7.016945073906125,3.6804749626144666,0.10788427273608446,0.41549613966726473,1.0493335515130189,49.12952835423301,1.805736278165906,0.15063543768663318,0.5451593480785496,0.0,0.6484459476102988,0.47342162667543475,2.9520098186095596,0.4600727352441337,0.3096174852121257,0.15045525003200805,0.041572968565436436,0.0,0.4983542961904296,0.0,0.28,0.28,0.28,0.7,0.31863489461082295,0.4023390718107562,0.5753734444041899,0.3110513158581213
B001492,4812.781192965616,12.732225378215917,17.13341168760687,25.287242781695333,0.0,0.4324478789434345,0.028514650962733482,0.4360370794787842,1.9696321113898176,0.5994171718875108,0.875949113565124,6.155042244836257,1.8171940502352735,1.3149906863019347,1.9169806161444125,0.7025793960493248,0.6337815946010548,0.06879780144827007,0.14272399335189156,0.0,0.1546966105987836,0.0,1.0,1.0,1.0,1.0,0.17185514436457386,,,0.6061389938239665
B001493,2555.1951291276673,1.0877799613144603,6.6778596473563665,1.1751197530261148,0.0,0.365,0.23273914932589349,8.344997604193534,0.27196634074072984,0.4464296656125827,0.0,0.0,0.17403356398520609,0.1953503909759417,2.561320378782918,0.30058298040497,0.30058298040497,0.0,0.5703940609900815,0.0,0.12902295860494847,0.0,0.5,0.5,1.0,0.5,0.635339790161202,,,0.4052417822251656
B001494,2127.81553315398,4.971531619518645,8.890211621493355,4.978469276205595,0.0,0.021000000000000005,1.9040734432111213,68.92483500916934,1.1671254465352845,0.7672842485850276,1.522691996857021,0.09874916987714533,0.8689375823370792,0.5467431753270884,1.9792115563460069,0.6173728606282358,0.6173728606282358,0.0,0.3062822714188935,0.0,0.07634486795287077,0.0,0.0,0.0,0.98,0.92,0.2448086631153182,0.47159085417413493,0.33342484463479266,0.18816800894164298
B001495,21407.022328211136,4.4728421078585745,16.927018452947056,9.098502823075505,0.18601786817384322,0.28153010762133973,0.008391274040417052,0.18712541110130027,0.3356509616166821,0.9987756219631375,0.3534240536663429,1.0708957217134478,1.455685763727733,0.2584099851712311,1.9233745525973496,0.9249580124845098,0.6855362542623865,0.23942175822212328,0.0,0.0,0.07504198751549022,0.0,0.0,0.0,0.0,1.0,0.7122476683468187,,,0.18696941873279815
B001496,830.0572041276497,2.2617362510290184,12.89852143413659,4.706124842269461,0.06360400512205497,0.37029581882619084,0.637650356273822,23.102325220714366,0.38507167671169484,0.41097145888530706,0.04870334389726772,1.0266004683700851,0.16104835061814646,0.22934095254651693,1.657956329995797,0.8064986320956935,0.8064986320956935,0.0,0.02153360891443874,0.0,0.17196775898986774,0.0,0.5,0.5,1.0,0.5,1.4922160091564731,,,0.4052417822251656
B001497,3577.127658469155,5.971832484923464,15.161035801054902,10.83143376997929,0.0,0.3576338629755404,0.01602977088504457,0.05409609397854068,0.4696599486270317,0.0,1.4162443816084147,1.9906131775541172,1.5380634076942146,0.5572515694396869,2.260271292671225,0.9213541321172791,0.3508663349857435,0.5704877971315356,0.0,0.0,0.07864586788272092,0.0,0.0,0.0,0.0,1.0,1.1245722063191894,0.3487018147412407,,0.18696941873279815
B001498,15314.86069623051,9.886933954958366,19.529149515703114,15.1487967888205,0.0,0.15915270059239534,0.013847146363336114,0.24368845591987054,3.257364958504997,0.6920761342183471,0.0,3.335258905044247,2.1048605100314552,0.4973734471593219,2.5218656058135642,0.4297516935348277,0.3597526283674846,0.06999906516734303,0.33734006115936394,0.0,0.23290824530580864,0.0,0.5,0.5,0.5,0.5,0.2911026396169518,0.1963076879404807,0.4779466013064208,0.4023874260919753
B001499,3309.594266462176,6.9675668767624765,12.86850591847351,8.09094591639093,0.11062368613593809,0.1940717332882212,1.0316257336901227,37.29447185955427,1.779910813350115,1.0843150861920743,1.4866291756261274,0.5605349196575984,1.6027243851807909,0.45345249675576926,2.2716639814359856,0.7309910952995136,0.26489231957603304,0.4660987757234803,0.0,0.0,0.2690089047004865,0.0,0.28,0.28,0.28,0.7,,0.3059798027760518,,0.3110513158581213
B001500,8338.993631563377,8.457397192254946,22.314969151526057,5.193518280850311,0.0,0.5959008773244866,0.02907867844606393,1.7572004270575479,6.008685330214239,0.09247234521906876,0.0,1.665608160650084,0.0,0.6906313561715548,2.7979155867959227,0.4356361706697594,0.4356361706697594,0.0,0.0,0.0,0.5643638293302405,0.0,0.0,0.0,0.0,0.5,,,,0.18699916418064566
B001501,4820.898136972386,7.580028517252179,13.428131914636777,13.827147802839685,0.05289133056795498,0.4171322303447766,1.225375725550733,57.59154649799531,1.7417052652666163,0.28018229547071155,0.8476070256377437,3.019853514354134,0.7648871309532603,0.925793285569713,2.2885309600790467,0.7582600829375522,0.24804293386093346,0.5102171490766189,0.0,0.0,0.24173991706244755,0.0,,0.0,,0.98,0.2883736976061014,,,0.18816800894164298
B001502,10391.31197572474,4.742725684949676,7.706176354691213,3.1119257332627304,0.0,0.25384705604654767,2.9262787163140294,105.82360263041262,2.134429133537426,0.0,0.837162395431658,0.0,0.9418141187112928,0.8293200372692989,1.9946629903288167,0.8009703819931544,0.8009703819931544,0.0,0.1765150360874268,0.0,0.02251458191941849,0.0,0.0,0.0,0.98,0.98,,,,0.18816800894164298
B001503,5929.533267435546,7.5247884104512,10.784928028573662,8.023612574871544,0.0,0.24860720386528087,0.01753814999888643,0.6834880969888302,1.7631990721330346,0.5945189016085329,1.3316923932468392,0.4351038131879067,2.284587579726921,1.1156866505479668,2.3705019793696236,0.7656812423211635,0.4620730270318336,0.3036082152893297,0.0,0.0,0.2343187576788368,0.0,1.0,1.0,1.0,1.0,,0.1840907674008028,,0.6061389938239665
B001504,1012.0290441571858,1.4314413637301073,5.365887488060427,4.644159294842567,0.33083021699981285,0.6261661668936404,0.005243550793693769,0.08775732777464668,0.29839624881208016,0.0,0.6084654352601027,0.0,0.2502828044618899,0.2742968751960347,1.5861967612887016,0.989378271738735,0.989378271738735,0.0,0.0,0.0,0.010621728261264958,0.0,0.0,0.0,0.0,1.0,,,,0.18696941873279815
B001505,11233.064426214938,6.339201143462154,8.86134315406277,1.7651794579855937,0.3726511731600981,0.433,0.0235994931753916,0.7208268178537024,4.663391668500228,0.0,0.0,0.5271144327734782,0.0,1.1486950421884492,1.7597528253976278,1.0,1.0,0.0,0.0,0.0,0.0,0.0,0.5,0.5,0.5,1.0,0.1857186476804376,,,0.4023874260919753
B001506,15403.573420346156,3.346420469334381,10.238852626954072,2.464831569207914,0.16744351249720452,0.12387622787773783,0.012207572186105579,0.1628867387204776,1.6229284960591825,0.4999926841311621,0.0,0.7049000663634246,0.20474822343507101,0.3138509993455405,1.6978661234070884,0.9930874894584863,0.6330332878015602,0.36005420165692614,0.0,0.0,0.006912510541513642,0.0,0.0,0.0,0.0,0.5,,0.18990348194213783,,0.18699916418064566
B001507,10322.814783866028,16.33356769599055,20.656690692580625,17.049107509300068,0.0,0.41667630295605346,0.019866929300546975,0.3424840261373235,4.5689241848741196,0.14008308925788462,1.766108925998157,2.626108867632244,2.239870996744986,4.992471631483161,2.0068707843627376,0.8392201314182643,0.8392201314182643,0.0,0.16077986858173568,0.0,0.0,0.0,0.5,0.5,0.5,0.5,,,,0.4023874260919753
B001508,19914.11826603034,8.513945389495655,19.91931094198357,16.443266999620043,0.0252361038172246,0.38143348946208366,0.021613975903631004,0.08253687555027056,0.5368345013423967,2.5563907585279018,1.5897465360893832,2.1118599780885954,1.1329869521644593,0.5861266632829173,2.129498571011777,0.899329862403395,0.5182084455034831,0.38112141689991175,0.0,0.0,0.10067013759660491,0.0,0.0,0.0,0.0,1.0,0.3530927676600444,,,0.18696941873279815
B001509,1408.049868633415,2.532463792506142,13.844907725089397,7.258597184284387,0.20715669608760168,0.6956814054890029,0.2722273490562611,9.830395374722933,0.41332639210753214,0.4186704038015588,0.07043016268948196,1.1401416558634065,0.2772132339623337,0.21268194408182856,2.2851743751467795,0.7708750943766796,0.7708750943766796,0.0,0.027810925825630002,0.0,0.20131397979769036,0.0,0.0,0.5,0.5,0.5,0.838256689506597,,,0.18877684261687888
B001510,2944.5043101523916,2.0838671692515156,10.532629992791895,5.263210729194038,0.28266427878100925,0.3898767495035757,0.570260251982846,20.601948490201867,0.31288051915333903,0.7247715248887311,0.04095663085559703,0.48018478581523394,0.2579068842305883,0.26716682430802596,2.105938233558606,0.8189099440041019,0.4647167012980756,0.35419324270602637,0.0,0.0,0.18109005599589797,0.0,0.0,0.0,1.0,1.0,0.6560578233108117,,,0.18877684261687888
B001511,1434.3197091144114,3.6496684710290364,9.47008869880931,5.188312913866385,0.0,0.2223341999672927,1.0277553794396337,48.30450283366278,1.2846942242995423,0.7442583600707459,0.0,0.6677945116813387,0.4330786834533357,0.5198426915240736,2.804893908494013,0.6166639505815013,0.11110253593465828,0.505561414646843,0.0,0.0,0.3833360494184986,0.0,0.0,0.0,0.0,1.0,0.5550209178978073,,,0.18699916418064566
B001512,1514.3629986754988,0.9183523339451175,5.199781488104905,0.4125684948826494,0.0,0.365,0.41606921325734214,14.975088760408612,0.38291894187805714,0.0,0.0,0.21783616529803887,0.0,0.31759722676902125,2.451972822042653,0.7206922679729558,0.48348901030577673,0.23720325766717895,0.0,0.0,0.27930773202704395,0.0,0.0,0.5,0.5,0.5,0.5500781906986003,0.3071625392532074,0.5100431031868842,0.18877684261687888
B001513,1970.3118816643052,4.070892317488234,7.667920817873584,2.5628795656588235,0.01656414630720613,0.28022001377559924,1.4472653598375338,67.81834696177148,1.802844750933229,1.1663638404486232,0.0,0.22686012091360291,0.1861311827667866,0.688692422425993,2.7328076944275317,0.5571376960308312,0.5014103263976357,0.05572736963319556,0.0,0.0,0.442862303969169,0.0,0.0,0.0,0.0,1.0,0.7897006727133294,,,0.18699916418064566
B001514,1826.0391568839045,2.377655152192584,11.234976725689897,3.856107231723382,0.12453775382943698,0.3319421310799538,0.6078976368447218,21.91436259817094,0.7560467428292226,0.0,0.06820771934145305,1.2115458812646211,0.13641764271198695,0.20543716604530027,2.546105618089346,0.6638069885585827,0.6638069885585827,0.0,0.0,0.0,0.3361930114414173,0.0,0.0,0.0,0.0,1.0,,,,0.18877684261687888
B001515,735.1489296789364,2.276002878262961,5.723032286169671,5.908568143232444,0.0,0.7104896765675788,0.014883450846789357,0.04754525051674017,0.4801128342159353,0.36215390161403316,0.0,0.8421051499087056,0.0,0.5916309925242869,2.649096968079259,0.7631772739405559,0.39318426648381744,0.3699930074567383,0.0,0.0,0.23682272605944418,0.0,0.0,0.0,0.0,1.0,0.9215892754147416,,,0.18696941873279815
B001516,3537.9865338860373,5.127516715776865,9.479026835939106,2.4077615729891892,0.15473721896284484,0.2558893405382497,0.020128382706269366,0.6201571132633417,3.192429125526137,1.0356935316601392,0.0,0.04132640266295129,0.24882495029187324,0.6092427056357657,3.003436335313282,0.3701504493075508,0.16816309576594038,0.2019873535416105,0.0,0.0,0.6298495506924493,0.0,0.0,0.0,0.0,0.5,0.5371818410221886,0.14289894679324874,,0.18699916418064566
B001517,17739.349788173793,7.894681703682151,11.635456312110696,7.398961198102932,0.0,0.17752184324286774,4.251828255382043,153.81417990555562,2.16961206524429,1.9416166337896956,0.0,0.6058567785482144,2.24984533162193,0.9277508944780214,2.0698282802776826,0.7262835779150727,0.36455878426845606,0.36172479364661647,0.2459398246396822,0.0,0.02777659744524528,0.0,0.28,0.28,0.28,0.7,0.46372938536643593,0.3583004971032607,,0.3110513158581213
B001518,14045.771588430558,18.21760257902796,25.83592898343023,24.88825893244939,0.036837386167164324,0.11049827768052231,0.01881385866541387,0.6831270088273066,6.5386398010360915,0.6460524145416413,3.470147496750141,2.8997107739180787,3.296045757475373,1.367006335306637,2.5950071288089305,0.4505979996891407,0.4505979996891407,0.0,0.19048321433605991,0.0,0.3589187859747995,0.0,0.0,0.0,0.0,1.0,0.20745246321162522,,,0.1858426376147888
B001519,1696.4086550070806,3.218991755231652,13.240324109986396,5.749228082936656,0.04560098550371319,0.30163458672138527,0.3372233382252171,12.108889708100861,0.5153523471680533,0.5038623544405033,0.01720291235249505,1.2694697192162154,0.5568399501576274,0.3562644718967571,2.0337262613317995,0.7935872045870502,0.45356813299603577,0.3400190715910146,0.0,0.0,0.20641279541294968,0.0,0.5,0.5,1.0,0.5,0.7390339044466203,,,0.4052417822251656
B001520,6417.341473089566,4.353691637102826,6.734008584931716,7.040694891791846,0.3507573848160329,0.365,1.7234074203557594,62.294142474782575,1.0457875651319029,0.0,0.9986562938669357,0.7741806525386202,0.508473577070028,1.0265935484953386,2.605548056856455,0.7513835435921923,0.6345921813522165,0.11679136223997548,0.0,0.0,0.24861645640780772,0.0,0.0,0.0,0.98,0.92,,,,0.18816800894164298
B001521,1151.29153726097,2.6345344102081696,13.150595893150832,5.761102463257646,0.03839563917252804,0.32178856624678287,0.2989566472416899,10.750020082769106,0.45765643436790354,0.39676566463932283,0.0,1.4186097074021382,0.1778273506769848,0.1836752531218201,1.8585857205602767,0.82628564933728,0.6756838340404466,0.15060181529683347,0.0,0.0,0.17371435066271976,0.0,0.5,0.5,1.0,0.5,,,,0.4052417822251656
B001522,1372.405068397159,1.6943272449347644,7.786411871449929,1.4913815849519012,0.0,0.21764585734144992,0.33043710746672766,11.907306106539396,0.4122309315525201,0.6081502480229386,0.0,0.145486747980414,0.21541499413599952,0.31304432324289244,1.8458688554903122,0.8525857530117859,0.7667187822625698,0.08586697074921651,0.0,0.0,0.14741424698821398,0.0,0.0,0.5,0.5,0.5,,0.4604951130852307,,0.18877684261687888
B001523,7131.699675182127,5.167898315349367,12.679316260438776,10.568667770572885,0.0,0.5875374041964304,0.02323928787868043,0.875207343227036,1.8408933679969304,0.19155585159230054,0.9117139833081076,1.44670321238322,0.2541960903913976,0.522835809677411,2.352202470272005,0.6316776040340593,0.6316776040340593,0.0,0.03706649007070309,0.0,0.33125590589523746,0.0,0.0,0.0,0.0,0.95,0.5308866932897646,,,0.18696941873279815
B001524,4259.728175240229,3.7763547652838905,8.997739840713894,1.8386579790694821,0.1085433647100925,0.40880950609278444,0.02368829592089429,0.41701515073838974,2.416101743528129,0.4610136315052802,0.04309538264988314,0.28018201166077156,0.0,0.5759619959398267,2.648078820832354,0.51296406786583,0.51296406786583,0.0,0.0,0.0,0.48703593213417,0.0,0.0,0.0,0.0,0.5,0.4891720838503168,0.12951312675172955,,0.18699916418064566
B001525,4394.6311289968735,13.079259312490695,29.70858685883032,0.6637660173353159,0.0,0.40751600517068937,0.06262877437161457,2.905660103715064,12.210727746471113,0.0,0.0642904847816396,0.1759895463956782,0.0,0.6282515348422644,3.5663091891163607,0.06148980320849609,0.06148980320849609,0.0,0.004915453027240019,0.0,0.9335947437642639,0.0,0.0,0.0,0.0,1.0,,,,0.18699916418064566
B001526,22059.946412654583,5.001121381241121,18.59939575977948,6.807669229637581,0.0,0.39019000406563387,0.012362653334599924,0.4475280507125172,1.2362653334599922,0.6933981677033112,0.5030232990113798,0.0,2.0387255300972518,0.5297090509691859,2.7565477430723893,0.3170412735612355,0.17839273559449015,0.1386485379667453,0.4076536789817536,0.0,0.275305047457011,0.0,0.0,0.0,0.0,1.0,1.0198810451406166,,,0.18696941873279815
B001527,5726.358012360026,3.5567441070559167,9.147655513084196,4.144940284774148,0.2930118615596536,0.6051827036835159,0.017124824368739768,0.38188358342289686,1.7801152102834445,0.2870033770677555,0.3633747387795542,0.0,0.0,1.126250780925163,2.9054782788132143,0.4238378315087783,0.4238378315087783,0.0,0.0,0.0,0.5761621684912218,0.0,0.0,0.0,0.0,0.92,0.8203342909650794,0.38360240276572105,,0.18696941873279815
B001528,8475.198214423668,3.629635209603284,8.468321627861622,3.588077994323585,0.0,0.24,0.026346316728156974,0.9609838619920327,2.8058513922972574,0.0,0.0,0.30587592618681747,0.0,0.5179078911192093,1.802747337196679,0.9692838418108696,0.8850120325178775,0.08427180929299213,0.0,0.0,0.030716158189130486,0.0,0.0,0.0,0.0,1.0,,0.4391417697359937,,0.18696941873279815
B001529,2494.6001229458698,7.944586378808502,13.657878426850559,8.07074687049122,0.0,0.24,0.012143689985192593,0.20640847866710937,5.261601210036526,0.7058334184500069,0.0,1.4175237500506015,0.0,0.5596280002713683,3.0678177183349806,0.33771237932897397,0.33771237932897397,0.0,0.0,0.0,0.662287620671026,0.0,0.0,0.0,0.0,1.0,0.2313378464040474,,,0.1858426376147888
B001530,3530.8601658025464,6.025358644714243,18.029616870857403,7.685269150258606,0.06932987641651021,0.3333567768723967,0.010657934850758385,0.4022321172000566,2.059594558743216,2.4838670178747364,0.7768983468351083,0.33970441382174177,0.0,0.3652943074394399,2.9007016630356053,0.23710753268921342,0.05179030486968903,0.18531722781952437,0.41223554718252553,0.0,0.35065692012826094,0.0,0.0,0.0,0.0,1.0,0.20161699839583536,,,0.18696941873279815
B001531,10549.829863509156,4.355833965115258,8.17192408145778,4.571948011171907,0.0,0.3807679290247431,1.5052875930141774,70.71147593729509,1.5930752154560794,0.0,0.83874555380622,0.6910066928718773,0.6192791751585472,0.6137273278225328,1.9578972413270321,0.9631221578502162,0.7705653339392232,0.1925568239109927,0.0,0.0,0.03687784214978371,0.0,0.19999999999999998,0.19999999999999998,0.19999999999999998,0.98,0.1644431206063017,0.3636899187144401,0.4236234264998697,0.27637726888891634
B001532,9923.777595284671,4.257304845681969,7.0749430579700485,4.8287711191507166,0.25310809339010465,0.5756103246903488,1.1391506096722401,53.38622917903948,1.9630868712057234,0.6840037021963561,0.2909429380995548,0.14578823293487098,0.0,1.1734831012454632,2.781934352726706,0.5234004477749596,0.5234004477749596,0.0,0.0,0.0,0.4765995522250401,0.0,0.0,0.28,0.0,0.7,0.5126004658104634,0.31314766633494745,,0.18816800894164298
B001533,1352.936709702427,2.293113067292249,15.019094483361469,5.018627710264744,0.08581418101713577,0.3324786834472528,0.44373167258164087,16.008478516224784,0.24302805371332545,0.5464161876830429,0.040214730565021416,0.41787522435821,0.9297443514868954,0.1158345194857536,2.242562872555681,0.8757651357326868,0.2320286535569446,0.6437364821757422,0.0,0.0,0.12423486426731306,0.0,0.0,0.0,1.0,1.0,1.1197094041763083,0.38982680773548245,,0.18877684261687888
B001534,14750.488567056205,4.99847121892789,8.463768873801085,6.662407454399658,0.04152664931929684,0.42626700366686804,1.2718455504946635,28.368300883417785,1.777691403779556,0.0,0.6792444863516082,0.9576296415195319,0.9393198807002314,0.6445858065769641,2.730326391880465,0.6287510687840165,0.4928606221651608,0.1358904466188559,0.0,0.0,0.37124893121598357,0.0,0.2,0.2,0.2,0.98,0.1899232773978654,,,0.27637726888891634
B001535,10485.108053226671,3.8747627691155473,13.04831133445148,7.121097633832009,0.2314420395838608,0.7265527495659083,0.019593044940237198,0.6360507190000422,1.7298248093196122,0.0,0.0,1.4775100830880161,0.29153394086387346,0.375893935844046,1.8176081232428412,1.0,1.0,0.0,0.0,0.0,0.0,0.0,0.0,0.0,0.0,1.0,,,,0.18696941873279815
B001536,1354.4074583650524,2.0646455158003847,6.5184898160504305,1.3556689860528737,0.06691888581403702,0.44646664310142037,1.812208445946738,85.17379695949668,0.9526312864346846,0.2354375368264696,0.01613629852563203,0.0,0.21227919493134126,0.6481611990822574,2.1290923628528917,0.9235440140741383,0.8207277227026637,0.10281629137147481,0.0,0.0,0.07645598592586178,0.0,0.0,0.0,0.0,1.0,,,,0.18699916418064566
B001537,8144.083500659076,6.64823142910945,10.199535190669398,6.418605562816738,0.162647290928139,0.21784114071376692,1.3742365188113383,49.46365874102538,2.4067070517133966,0.0,1.8572600265909012,0.6579227762482347,0.9470278470481599,0.7793137275087572,2.641446807165963,0.6362440678892988,0.2579204746662433,0.3783235932230554,0.0,0.0,0.36375593211070123,0.0,0.28,0.28,0.28,0.7,0.46695674406661963,,,0.3110513158581213
B001538,2004.945607008125,3.024050689303356,14.24526600465446,4.590589696796405,0.0,0.25842001373827156,0.3914908045485858,18.262658204520317,1.0621929162922052,0.567454796950992,0.10688178987312057,1.09067904822478,0.0,0.19684213796225752,2.692406953763614,0.6103632233818787,0.062047730179033825,0.5483154932028447,0.0,0.0,0.38963677661812135,0.0,0.0,0.0,0.0,0.6,,,,0.18877684261687888
B001539,3261.228383137932,3.9339304983569745,14.307312400916079,3.4792265615188,0.2522963615848276,0.2774653875857261,0.007633874481346873,0.27634625622475684,1.9097448400116066,0.6161881191876177,0.0,0.0,0.9061021735734368,0.5018953655843127,1.7255623655333028,0.9620363018211152,0.8054020858772973,0.15663421594381796,0.0,0.0,0.03796369817888479,0.0,0.0,0.0,0.0,1.0,0.8072864951730994,0.3586742927967021,0.7355573945023485,0.18696941873279815
B001540,5276.006941866293,6.057413251281623,13.614859046040703,7.635589755455905,0.0,0.3821900312411628,0.019542790290851847,0.707449008528837,1.9542790290851848,1.7371212632348259,1.5882444097083566,0.0,0.2641442565362343,0.5136242927170194,2.606629809126333,0.6359806198569664,0.6359806198569664,0.0,0.0,0.0,0.3640193801430333,0.0,0.0,0.0,0.0,1.0,1.2650140157892793,,,0.18696941873279815
B001541,476.29700570056457,1.4303213384401339,6.563945586128807,2.574297344738946,0.18384423783481296,0.32999409417110853,0.4425790823958407,9.841972424283496,0.6066759035663859,0.0,0.021250393883432837,0.4534204747670781,0.12513930208845334,0.2238352641347838,2.722057350002495,0.48433622153131645,0.4694791447945547,0.014857076736761746,0.08749034131374042,0.0,0.42817343715494316,0.0,0.3,0.3,0.3,1.0,0.637118246821086,,,0.32025669999791706
B001542,2385.1068924003407,5.063921215287348,9.874477651248085,6.848045379030918,0.0,0.24071741205754002,1.1243884460979139,40.627118155734316,1.5906559482901275,0.0,0.8074799304022536,1.1284629297340256,1.0277347098890641,0.5095876969718761,2.2588343760478624,0.6901722284437585,0.46732853049535106,0.2228436979484074,0.0,0.0,0.30982777155624147,0.0,0.19999999999999996,0.19999999999999996,0.19999999999999996,0.98,0.211912262379291,0.301342573811393,0.6309139360831307,0.27637726888891634
B001543,5193.305872307836,5.62655024085356,20.229678857231555,8.736873640887632,0.0,0.26425111043879296,0.0188985764003173,0.42143825372707583,1.834791477354695,1.2419499994689112,1.0246420542588481,1.1071373320032554,0.0,0.41802937776784904,1.5580966195073669,0.9561150737796182,0.9561150737796182,0.0,0.0,0.0,0.0438849262203818,0.0,0.0,0.0,0.0,0.95,,,,0.18696941873279815
B001544,1038.5256363144774,2.093801686117898,8.843119952222763,3.573588603003084,0.3609766344409227,0.39256683433763695,0.4481653870405214,21.02471002507471,0.6159849880670376,0.5194296773246807,0.0,0.1893298789669253,0.4253392643352599,0.34371787742399407,2.799196959315065,0.4419365168781277,0.14837044164879762,0.29356607522933015,0.24807969196345017,0.0,0.3099837911584219,0.0,0.0,0.30000000000000004,0.0,1.0,,,,0.18877684261687888
B001545,3241.0270848603345,6.149956517761545,12.607666483476756,5.384885819270297,0.060241129469277996,0.2213091864525737,1.4570665750021703,52.6411339668443,2.278590821898648,0.29430059517425167,1.6744915886285439,0.3750723568628672,0.6092555748262136,0.9182455803710217,1.9416315391589258,0.931570892350893,0.4992394583580265,0.4323314339928665,0.0,0.0,0.06842910764910703,0.0,0.0,0.19999999999999998,0.0,0.98,,0.3682058524669332,,0.18816800894164298
B001546,2945.146119410892,6.110261658528821,9.844957765776897,7.8054996088976925,0.04095932536312069,0.2640086377103382,1.98370410311359,93.14137988864975,1.8302152429857883,0.0,1.1444401519124419,1.0175566350676408,1.2077699343633461,0.9102796941996049,1.9744075823250669,0.9533628789780327,0.7868304631939532,0.16653241578407948,0.0,0.0,0.04663712102196739,0.0,0.0,0.0,0.0,0.98,,,,0.18816800894164298
B001547,18391.509498258736,7.192612240226334,11.992083870447921,11.123028242345214,0.0,0.33483788291531935,1.7349717928432193,62.66876952134669,1.0518628382056314,1.7307884811632974,1.3738370508775442,0.4247038943808256,2.1278038557101744,0.48361611988885894,2.4339011866448517,0.8506161450710952,0.06409615856424218,0.786519986506853,0.0,0.0,0.14938385492890457,0.0,0.0,0.0,0.98,0.98,0.41016784501960885,0.3423790095676162,,0.18816800894164298
B001548,3608.8828866052404,4.638666949364063,6.042111952851874,2.4663772325910043,0.0,0.365,0.02165403205167038,0.3972734267113093,2.013167427042532,0.0,1.3022471788080505,0.0,0.0,1.3232523435134802,2.818416842816414,0.5660030243562697,0.28526565023058864,0.28073737412568106,0.0,0.0,0.43399697564373046,0.0,1.0,1.0,1.0,1.0,,,,0.6061389938239665
B001549,20622.15678744783,5.127338833278924,14.049733168981568,9.15557814818135,0.0,0.3831770491401885,0.014669412346908028,0.4128018458491944,2.3335589634527656,0.32795951046598415,0.05584335355691209,2.0500926174750282,0.0,0.3598843883282337,2.106935656561556,0.7560909356219453,0.7451996418392014,0.010891293782743897,0.06396290963596307,0.0,0.17994615474209158,0.0,0.0,0.0,0.0,0.5,,,,0.18699916418064566
B001550,7781.635772975308,4.102074735358623,6.442606478068355,4.232441894390537,0.0,0.47,1.7742703059548162,64.24219986289697,2.3275847941908356,0.0,0.9382104581255148,0.2906634714814425,0.0,0.5456160115608304,3.041799932007607,0.3886163229184505,0.15990024175141843,0.22871608116703218,0.07085767330761011,0.0,0.5405260037739393,0.0,0.0,0.0,0.0,0.98,0.3788610828757392,,,0.18816800894164298
B001551,1268.8797607990937,2.2458048863700775,11.269628239281648,1.883278831872116,0.0,0.0,0.5383486944594268,19.412783724463065,0.29470457171421927,0.0,0.0,0.5514014426261731,0.0,1.3996988720296848,2.4517498963304027,0.8498063057222167,0.8498063057222167,0.0,0.0,0.0,0.15019369427778329,0.0,0.0,0.0,1.0,1.0,0.883566106719363,0.329389260491292,,0.18877684261687888
B001552,51372.79094779758,11.766557706779107,15.027955889327515,19.303557105546886,0.0,0.2382051601670965,0.021758326946315406,0.8131712540038487,2.081656240128304,0.3691357756291275,1.925377050261689,3.2419852155462268,3.149270301489463,0.9991331237242967,1.9890323147062645,0.7813194206505353,0.505794046421638,0.2755253742288971,0.0,0.0,0.21868057934946475,0.0,1.0,1.0,1.0,1.0,,,,0.6061389938239665
B001553,5850.73852261483,1.8317903953083374,10.7057185989088,3.089586214868999,0.0,0.4165497721776564,0.30412224532451587,14.22059225445958,0.6760407565241429,0.3297073108844301,0.0,0.5686889232267395,0.10858599110600957,0.14876741356701553,2.1451206274581014,0.7950826851312023,0.7358040736786448,0.05927861145255746,0.0,0.0,0.20491731486879775,0.0,0.0,0.0,0.0,0.6,1.5411741977310156,,,0.18877684261687888
B001554,1995.3364058731543,1.3346731811860564,9.475011973001193,1.5239682676397617,0.039806353561068715,0.3904336051579206,0.27864943725923524,6.201548456915525,0.38233491263171915,0.5620953469097153,0.010790209525086886,0.0,0.17449259163093658,0.20496012048859827,2.286051591394258,0.7135366784758818,0.5827986115913176,0.1307380668845641,0.0,0.0,0.28646332152411835,0.0,0.3,0.3,0.3,1.0,1.1270782755807618,0.39302132212182356,0.616059319882428,0.32025669999791706
B001555,2928.860063940669,6.380958744968778,17.200154900255257,10.181551559042477,0.040345407988986656,0.3018224994663523,0.04262745633715083,0.7221482775282704,2.15814434449307,1.1037711612565995,0.5962352210556988,2.2124602998945666,0.0,0.3103477182688426,1.995721185305802,0.9742515704250038,0.36110441831533935,0.6131471521096644,0.0,0.0,0.025748429574996207,0.0,0.0,0.0,0.0,1.0,0.6079443072183693,,,0.18696941873279815
B001556,8354.59606012562,8.70270422929752,18.48416808006894,0.5790316235420766,0.09673855216094361,0.35018513970060583,0.035357174767469586,1.5642713819861003,8.010681800449364,0.0,0.06855522704000096,0.13075156038557742,0.0,0.4927156414225787,3.57295707713954,0.05704464275680446,0.05704464275680446,0.0,0.01502424498644965,0.0,0.927931112256746,0.0,0.0,0.0,0.0,0.5,0.16006051138820707,,,0.18699916418064566
B001557,3437.7025866378353,4.939227854364706,9.48765218800569,8.353647038860581,0.13181901108982422,0.401000025720645,1.0355816990102844,48.419113344310595,1.779245609153263,0.3517709730330157,0.0,1.6428968687817382,0.190492123478816,0.9748222799178726,2.6100409299592866,0.5812904039720413,0.2486681971771189,0.33262220679492244,0.0,0.0,0.41870959602795854,0.0,0.28,0.28,0.28,0.7,0.3453458889291109,,,0.3110513158581213
B001558,3591.0413669798204,2.220804803327038,15.14450488936113,3.4677848660448505,0.0,0.2753282020024699,0.4749288519596448,10.590913398700081,0.6268583033993483,0.6420510905795249,0.05062768423766816,0.6247957282314986,0.14841519600485065,0.12805680087414756,1.8336389060649092,0.9887012705881801,0.6845667462674025,0.30413452432077764,0.0,0.0,0.011298729411819818,0.0,0.0,0.0,0.0,1.0,,,,0.18877684261687888
B001559,1949.0724372407917,2.3286409047082337,11.629221435702515,4.202584068648535,0.017198648054096835,0.4571684738614816,0.3171620173556258,11.348589767986665,0.4826161594229968,0.0,0.023781815485656128,1.3040263726563142,0.1832321997954357,0.334984357347831,2.2901290714977014,0.7516764604441939,0.7414637155604413,0.010212744883752638,0.0,0.0,0.24832353955580608,0.0,0.5,0.5,1.0,0.5,1.5366175625899714,,,0.4052417822251656
B001560,4121.021898538532,1.9727247001141848,8.802094345621532,2.9950089321427895,0.3531755758644678,0.39418067700006965,0.6527288708448878,30.64393703389881,0.8148547017114004,0.350370296026489,0.06475083918491446,0.0,0.5478905925322306,0.19485827065915007,2.943283132320009,0.4093321801716963,0.09877621071397916,0.3105559694577172,0.17760729411772916,0.0,0.4130605257105744,0.0,0.0,0.0,0.0,1.0,,,,0.18877684261687888
B001561,3625.9063377797015,2.828320076271218,4.806264533260455,4.828773119712021,0.5039310827617396,0.37906902580833784,1.7418654642089026,63.08544846252249,1.0579595021622852,0.49793369486697325,0.0,0.6524547147676703,0.0,0.6199721644742893,3.0070025517246446,0.18969374866369298,0.18969374866369298,0.0,0.40673911672376384,0.0,0.4035671346125432,0.0,0.0,0.0,0.98,0.98,,0.4975615093181581,0.6705367495473724,0.18816800894164298
B001562,24396.523371631225,10.315654702592484,16.52829726558548,12.807066533748184,0.0,0.11450327820634781,0.020106007010221836,0.2975005262947239,3.5875518095123784,0.8975938952486582,0.0,2.2316157441536006,3.1697894568135725,0.4291037968642759,2.2797465903744065,0.6257275245150857,0.32238181068309396,0.30334571383199166,0.0,0.0,0.3742724754849145,0.0,0.5,0.5,0.5,0.5,,0.19812901046374992,0.5622327007850371,0.4023874260919753
B001563,33614.712796320986,7.022083308193229,11.94184812517577,10.43340107876985,0.09657558455028656,0.3393645367226337,0.015930539654413222,0.34570434402844036,3.776907437811054,0.0,0.1383162062280842,2.3707237184297445,0.15007978678415038,0.5860561589401936,2.779876920722458,0.4621386172670104,0.1970065336896348,0.26513208357737567,0.0,0.0,0.5378613827329893,0.0,0.0,0.0,0.0,0.5,,,,0.18699916418064566
B001564,1677.1134048705449,3.188428526369857,4.841877831128472,6.116030123345981,0.35847597944498455,0.4021985070316977,2.5916163951979154,93.81159153753966,0.6240745201930898,0.35310232995795077,0.7599834484524342,0.5220295607981046,0.0,0.929238666968278,2.1679052554201883,0.6983417901729834,0.6983417901729834,0.0,0.23835674601672918,0.0,0.06330146381028752,0.0,0.0,0.0,0.98,0.98,0.21931735620053577,,,0.18816800894164298
B001565,11999.972618327722,16.759738293753802,32.55310111024784,4.268951511448462,0.0,0.36500000000000005,0.07174841545214666,3.329126476979605,14.34968309042933,0.0,0.0,1.2895140481164884,0.1939675941332224,0.9265735610747559,3.4633595223558817,0.14380028858939115,0.06685910815359172,0.07694118043579942,0.0,0.0,0.8561997114106086,0.0,0.0,0.0,0.0,1.0,,,,0.18699916418064566
B001566,5925.795291370546,12.938417666747917,16.268472178418662,22.61679779499062,0.7954967373123598,0.453,0.026133843095946095,0.3801458284270081,4.15739137348144,0.0,0.0,7.405090457930844,0.0,1.3759358353356312,1.9877669994077716,0.9150031579410077,0.9150031579410077,0.0,0.0,0.0,0.08499684205899219,0.0,0.5,0.5,0.5,0.5,,0.15632034840836165,,0.4023874260919753
B001567,4921.898396318246,7.206293406029643,10.877301592417307,10.230993066478186,0.0,0.1795305898620455,4.098539363191827,148.36199928677271,1.1176873044433768,1.6917034415509196,1.8495887125454042,1.2270000042065323,0.7653260078963166,0.5549879353870907,2.277940152274315,0.6965582356737905,0.1634249717084835,0.5331332639653071,0.23475361690594487,0.0,0.06868814742026419,0.0,0.0,0.0,0.9800000000000001,0.98,,,,0.18816800894164298
B001568,6415.835634227101,1.5872923389973035,8.283885748688864,1.7285333938190357,0.0,0.35194710536833207,0.7679611883577953,27.689027907332463,0.45870421626821817,0.5164192505045502,0.0,0.14005659457743044,0.24381030985279276,0.2283019677943124,2.3714818514782348,0.7309537634871172,0.7309537634871172,0.0,0.08823616868579139,0.0,0.18081006782709172,0.0,0.5,0.5,1.0,0.5,0.7115528797962527,0.37232945390945027,0.6175111926502703,0.4052417822251656
B001569,3215.204969926076,1.3549114917514016,6.812623572771568,1.0064620326599387,0.17173216414525866,0.4530109587741558,0.3206295712440934,14.963282308727363,0.7652748526225315,0.16157493042863544,0.04398593741579418,0.10744248202236441,0.0,0.2766332892620756,2.4382926475961977,0.7078055300262727,0.5960429386245141,0.1117625914017582,0.0,0.0,0.29219446997372717,0.0,0.0,0.0,0.0,0.6,0.7013173116362996,0.2869068227868913,,0.18877684261687888
B001570,12193.438032165008,6.587486781288497,12.194287410785526,12.150385093367563,0.03949948255421472,0.4302303242594652,1.1208858785113114,40.48091251150945,1.8076022485567684,0.6350716199439678,0.5569366192118337,1.4720974137605027,1.053986404351389,1.061792475464035,2.207587489529189,0.7750412597236409,0.5515725131992549,0.22346874652438603,0.0,0.0,0.22495874027635893,0.0,0.28,0.28,0.28,0.7,,,,0.3110513158581213
B001571,1473.9176098218918,4.117088295591876,8.096176839813301,6.608654909507397,0.2394142947626221,0.28977903214286965,1.6147052615327684,58.448372281262664,0.7831222601985983,0.8010064865877633,0.35536137322662065,0.482414715326136,0.9865404036569677,0.7086430565957921,1.8375662081015698,0.9802877543943563,0.9802877543943563,0.0,0.0,0.0,0.019712245605643875,0.0,0.0,0.0,0.98,0.98,0.17800576949239838,,,0.18816800894164298
B001572,17025.860990750392,3.7493637944836804,14.92315403749933,3.943560841541321,0.043107978887306636,0.42061177923873877,0.007056606894980628,0.2554491695982987,1.6119152805793313,0.21551482254672436,0.3309113175443813,0.05065227233153436,1.0451518062482568,0.49521829523345196,2.745792832297131,0.5700829876922343,0.46831543170385614,0.1017675559883781,0.0,0.0,0.42991701230776563,0.0,0.0,0.0,0.0,1.0,0.18010838543575486,,,0.18696941873279815
B001573,13038.123862493625,5.969836933376202,9.669145045336098,6.559743648034809,0.0,0.4258027205266867,1.6363423318464803,76.88682760136719,2.1397479670357606,0.4470458113227064,0.602023688981125,0.5759381923029034,1.02443842030998,1.180642853423727,2.8671668253128857,0.4082699653136332,0.4082699653136332,0.0,0.1716024125520989,0.0,0.42012762213426796,0.0,0.0,0.0,0.0,0.98,0.16746326204486603,,,0.18816800894164298
B001574,2336.1359797088066,1.7711417586874956,7.427607469811498,2.7463266648607476,0.0,0.3899858174285746,0.6873061529806628,32.175181924927706,0.8551381976701378,0.0,0.04374763507879483,0.5060964263887,0.1255495809248771,0.24060991862498526,2.966947618162415,0.49471760379864915,0.18427149818880972,0.3104461056098393,0.0,0.0,0.5052823962013506,0.0,0.0,0.0,0.0,0.9,0.756213236577888,0.284188085729473,,0.18877684261687888
B001575,32112.09777021188,7.548683067750795,11.015753760913109,10.655185531924802,0.0,0.284439430490716,1.9784235568646993,71.63120455530455,1.202959028658805,0.042832663678011355,2.1945397147197814,0.9510889439745085,1.8654538693752043,1.2918088473444844,2.339958630678444,0.8406398814386523,0.5935167935261756,0.24712308791247675,0.0,0.0,0.15936011856134777,0.0,0.0,0.0,0.0,0.98,0.3140387685596161,,,0.18816800894164298
B001576,1594.2831400470452,3.850925459050834,11.92055181262135,8.494013332483023,0.03931153648848724,0.4329735042194626,0.01315693164920408,0.042069619381164575,0.4089194039430059,1.1090605192684737,0.0,1.0851610262765454,0.7966102488810317,0.45117426068177696,2.227114736537222,0.8909317325643646,0.40227743500198293,0.4886542975623816,0.0,0.0,0.10906826743563544,0.0,0.0,0.0,0.0,1.0,,0.5970002622831183,,0.18696941873279815
B001577,5659.235644883971,4.12781593354046,13.063309099091594,5.305226348561023,0.0,0.021,0.01858597940831108,0.4992539653363782,1.5038421896552034,0.0,1.5538992301134515,0.7528392272870197,0.0,0.31723528648478583,2.769159667179761,0.4422323018047633,0.4422323018047633,0.0,0.18238197618499513,0.0,0.3753857220102416,0.0,0.0,0.0,0.0,1.0,0.557021119446003,0.5136914207912275,0.5496362428349391,0.18696941873279815
B001578,19573.43600910823,11.146603649833844,14.734216716711598,16.249367883672534,0.10679496003066148,0.35007271096204945,0.021675193692296157,0.6101918206686776,4.520944300018961,0.6082445817104992,0.558334641982476,4.484364224905388,0.0,0.9747159012165242,2.3578580205035453,0.6726746076288139,0.2703669302608982,0.4023076773679159,0.0,0.0,0.3273253923711862,0.0,0.5,0.5,0.5,0.5,,,,0.4023874260919753
B001579,9186.04235271971,2.951813095346951,11.343020765252273,2.1411830305137602,0.0,0.41801808415771535,0.007873443818050345,0.24888498453699284,1.5225449667896287,0.0,0.7946499547619534,0.24908418608960253,0.0,0.3855339877057665,3.1108023667186413,0.21499266833518033,0.21499266833518033,0.0,0.2692074088344512,0.0,0.5157999228303686,0.0,0.0,0.0,0.0,1.0,0.17292929807399127,,,0.18696941873279815
B001580,10370.489077074863,5.569543005947832,15.166130445758325,8.277472584381623,0.11351262340289955,0.29059224306843046,0.016565391738433178,0.39428440030985956,1.7604238338978988,1.2895489310781847,1.3799580697739355,0.5891445480045665,0.0,0.5504676231932468,2.507741475265406,0.4303807523232854,0.4303807523232854,0.0,0.23153586024940437,0.0,0.3380833874273104,0.0,0.0,0.0,0.0,0.95,1.2536605474817861,,,0.18696941873279815
B001581,760.9543410176994,2.423421468209234,5.729884247417514,3.4908303187018963,0.28235568550086204,0.44017162142900407,0.017908857840177143,0.30937426373815957,0.47210295600640184,0.0,1.107185066861034,0.05517988878563621,0.0,0.7889535565561617,2.8397479284599716,0.2718452829092798,0.2718452829092798,0.0,0.4568685560416277,0.0,0.27128616104909253,0.0,0.0,0.0,0.0,,0.887431763118774,,,0.18696941873279815
B001582,7833.168206907822,2.007989799258606,10.86355543307979,3.6395508838482846,0.06764436357757969,0.18002064193462225,0.5073249454795423,18.30258435365259,0.2778779921639067,0.47675123447678347,0.06685471011184162,0.7981941470760664,0.128705366741095,0.2596063486889131,2.566166749225414,0.7689788833671188,0.13404269891857845,0.6349361844485404,0.06409662379192158,0.0,0.16692449284095962,0.0,0.0,0.0,1.0,1.0,,0.39832316740384094,,0.18877684261687888
B001583,23037.53734146835,13.301118557429763,29.491468965334754,0.16006783701461866,0.14440601090381805,0.488,0.06504893488604278,4.235520631517105,12.335651563317649,0.0,0.03889467449204315,0.0,0.0,0.9265723196200718,3.610411538958848,0.042922387202759184,0.03999822151518118,0.0029241656875780044,0.0,0.0,0.9570776127972409,0.0,0.0,0.0,0.0,1.0,0.1725265603760469,,,0.18699916418064566
B001584,5227.969537131496,4.56591225950349,10.47591526099857,6.671793473442203,0.0,0.809,0.024208489867424816,0.43243819858580623,2.037746004146114,0.31722875973734355,0.0,1.428119216439307,0.0,0.7828182791807238,1.4569456832071308,0.9576823991507446,0.9576823991507446,0.0,0.0,0.0,0.04231760084925539,0.0,0.0,0.0,0.0,1.0,,,,0.18696941873279815
B001585,1866.1859369816402,5.030150773535419,15.88589312528276,5.7330262685242515,0.05382939416911163,0.12644276894676723,0.006447279921151923,0.23339153314569963,2.1107296169800436,0.14856227802598806,1.380903001839372,0.8017837305805344,0.0,0.5881721461094802,2.0235601285330906,0.6877691670831657,0.6877691670831657,0.0,0.2745251711150619,0.0,0.03770566180177225,0.0,0.0,0.0,0.0,1.0,,,,0.18696941873279815
B001586,1174.2628424355694,1.3814856969830227,11.438313670947615,2.21087233900433,0.2067072967653204,0.30991642050199564,0.24204410054329575,11.33561956055214,0.3325941163634553,0.2544788415680193,0.0,0.5001100710752492,0.1192841731652332,0.17501849481106566,2.162629304884791,0.718137153023847,0.5339305107663364,0.18420664225751057,0.0,0.0,0.28186284697615294,0.0,,0.0,,1.0,,0.3697407922833081,,0.18877684261687888
B001587,10068.105491465973,7.921404792656155,14.511017579934506,12.440509645041779,0.0,0.2967995780552518,0.04816675238515531,0.6500096892450405,2.7254594436101574,0.7228730115100487,0.0,3.835877455609126,0.2021492015842444,0.4350456803425791,2.0308717717115,0.7490903356946138,0.2648482655045732,0.4842420701900406,0.09125565861502445,0.0,0.1596540056903618,0.0,0.0,0.0,0.0,0.5,0.4738458433235959,0.16615994164719525,,0.18699916418064566
B001588,22851.964771396495,7.0205728944382475,19.044052553125734,0.7916502532540208,0.027484771081582947,0.10988402923648571,0.02725708598299541,1.6238702603795165,5.898130968945125,0.4461190158329141,0.03661223766478282,0.0,0.0,0.6397106719954271,3.411094405515543,0.14532454541646844,0.14010955253550464,0.005214992880963791,0.0,0.0,0.8546754545835317,0.0,0.0,0.0,0.0,0.5,0.12424692484235121,,,0.18699916418064566
B001589,28175.57936477562,12.108113177815051,18.40137801583535,17.071019737843304,0.0,0.2074053623987314,0.02141862845688953,0.22116012757876954,4.091713531604692,0.8672278649279094,0.994912053311429,2.324041340723728,3.0737021891780434,0.7565161980692464,2.2668699388072375,0.6620684435704081,0.590444743643579,0.07162369992682903,0.0,0.0,0.33793155642959194,0.0,0.0,0.0,0.0,1.0,,,,0.1858426376147888
B001590,1683.75478437198,3.5151456876241753,18.752084969899443,7.073944585730931,0.07922837777803121,0.23314245414680543,0.31692706111123153,7.095354993653699,1.0536575554273362,0.49157820929786283,0.01248058229370384,1.058628588921219,0.6696932791325042,0.22910747255154787,2.0645522126659803,0.8654820338780572,0.6749655265565249,0.19051650732153239,0.0,0.0,0.1345179661219427,0.0,0.0,0.0,0.0,0.6,,,,0.18877684261687888
B001591,27859.785750353258,6.957988449139175,10.654751654830369,12.032770318186069,0.0,0.4578140741457859,1.3673852411325509,30.52208996010521,1.9083128468289232,0.7039491298081026,0.4309634820007141,1.6736410031454878,1.0345627153505166,1.2065592720054288,2.3516444838600092,0.6990336701570086,0.3098114490665067,0.3892222210905016,0.0,0.0,0.30096632984299143,0.0,0.0,0.20000000000000004,0.0,0.98,0.2758028901198216,0.2848431259108551,0.6609441236060237,0.18816800894164298
B001592,2835.5057312522513,3.692064754234702,13.932053929116934,4.984952504417446,0.0,0.42477071197417354,0.012053884956950934,0.352953394719086,1.5102604185066706,0.2997628506460327,0.0,0.5992411880328167,1.0422240356641768,0.24057626138500668,1.6491016537746115,1.0,0.837694832587781,0.16230516741221904,0.0,0.0,0.0,0.0,0.0,0.0,0.0,1.0,,,,0.18696941873279815
B001593,9688.30312259165,4.8782996589081815,9.615222461306722,13.159053722534512,0.38442863230121876,0.3999959226697968,0.01257897643843267,0.2282135489010817,0.918726608809477,0.0,0.6350191645962882,1.447972803862536,0.9961476430081714,0.8804334386317094,1.681940150406,1.0,0.5730086066658273,0.4269913933341727,0.0,0.0,0.0,0.0,,,,1.0,,0.2816758505156725,,0.1858426376147888
B001594,21187.26228768722,6.817008458071821,11.52285778571677,9.138764814575174,0.06943721349536358,0.5769411423780217,1.8006633864192052,40.163814105040444,3.5550287459892136,0.6759901502516066,1.0587618668410184,0.7600341590134029,0.1306963912892046,0.6364971446873754,1.9464776483547315,0.8163827180412953,0.704891854609335,0.11149086343196019,0.15531180184870821,0.0,0.028305480109996745,0.0,0.0,0.0,0.0,0.98,0.3096381385532954,0.37009052440463863,0.8588275115241476,0.18816800894164298
B001595,25114.293287079552,12.179579673656427,18.875615460175876,15.941870369267612,0.0,0.2652800544339448,0.020431626321857032,0.33803864272020734,3.864166969789229,0.8788587958616342,1.1520202055655406,3.175692468022909,2.0692130472716155,1.0396281871454989,1.7176188587000212,0.9081462104188878,0.6436680150174111,0.26447819540147655,0.0,0.0,0.09185378958111223,0.0,0.5,0.5,0.5,0.5,0.25376664855082665,0.30329073811646917,,0.4023874260919753
B001596,16258.174841351269,6.518915333340525,18.773303414159177,9.373562030846266,0.0,0.31520539062775127,0.018345074992680985,0.5373135962453326,1.5216467543740717,0.0,0.9680704902016608,1.4147914137211806,2.137464911233884,0.4769417638097283,2.0768027795856447,0.6180779903917063,0.6180779903917063,0.0,0.14850177379211135,0.0,0.23342023581618226,0.0,0.0,0.0,0.0,0.95,,,,0.18696941873279815
B001597,2732.837682493059,5.127275201675533,19.237320478351123,8.467878145692346,0.07984221670367656,0.33700082788497326,0.01489409646424193,0.44315729743649396,1.1673398893994902,0.47034314521024445,0.41343256821548735,1.227792130370766,1.5789535495012648,0.2694139189782807,2.450376834857146,0.7723274364094955,0.5999599159110982,0.17236752049839735,0.0,0.0,0.2276725635905046,0.0,0.0,0.0,0.0,1.0,0.6534965621714373,0.3383372347801379,,0.18696941873279815
B001598,8235.54490098778,6.389096121790364,9.421458142824477,6.875159994179239,0.0,0.31597083120484326,0.046250985630917785,0.5210289706304069,1.7744331938520983,1.8094635830257961,0.0,0.4027077280985648,1.8035365523487585,0.5989550644651456,2.2325468260890626,0.7222716390507419,0.37602996903115515,0.34624167001958683,0.0,0.0,0.27772836094925796,0.0,1.0,1.0,1.0,1.0,0.15187928603344095,,,0.6061389938239665
B001599,6287.419370800566,10.859100813127057,25.0778042680534,15.838924823256301,0.0,0.34846522271216096,0.02864708503604948,1.0370244783049913,2.9249698327687566,1.6791554995876374,2.156777284559583,2.4547432127534368,1.2011216736654624,0.4423333097921836,2.117407982957045,0.6907755977211447,0.5361444244330414,0.15463117328810366,0.3092244022788552,0.0,0.0,0.0,0.0,0.0,0.0,1.0,,,,0.18696941873279815
B001600,792.959010143031,2.5093639561488326,6.833292470427781,1.3221936147082132,0.014990817544931385,0.7756769243066478,1.126055997949884,52.92463190364456,1.635274262455049,0.15167186239686886,0.03335194512472517,0.0,0.0,0.6890658861721886,2.0600983701493085,1.0,0.9867090044698372,0.01329099553016256,0.0,0.0,0.0,0.0,0.0,0.0,0.0,1.0,1.053205804740922,0.3490871550085164,,0.18699916418064566
B001601,2671.5133547322685,6.484255715369583,15.418407865173542,11.125992344681888,0.0,0.05282103849134558,0.015830324675910917,0.28939927846010866,0.47426992192037226,0.0,1.384198514251062,2.2359297109303147,1.9785989395443728,0.41125862872345925,1.9706121754874502,0.9136386139404836,0.5688141947507055,0.3448244191897779,0.0,0.0,0.08636138605951611,0.0,0.0,0.0,0.0,1.0,0.71537407296713,,,0.18696941873279815
B001602,19089.232224435164,5.775864515714119,9.888362275308594,5.080747887954866,0.0,0.2962862732427147,1.3060606631171423,61.29919172363862,1.8055195626210816,0.0,1.0506040186689738,0.645436382066263,1.1094919983803249,1.1648125539774736,2.339318615828541,0.7005810859928859,0.5888339388237902,0.11174714716909563,0.0,0.0,0.2994189140071137,0.0,0.2,0.2,0.2,0.98,0.24572601190900162,0.46447719292295386,,0.27637726888891634
B001603,6744.70193122888,5.285816560524201,10.838074402729617,1.967397466676059,0.0,0.18857439410495416,0.013638228869030046,0.4847604961216482,3.473570056190251,0.5060288124921608,0.0,0.7022706567032342,0.0,0.6039470351385543,2.3388993413808175,0.8170453939786315,0.7213120656086479,0.09573332836998363,0.0,0.0,0.18295460602136848,0.0,0.0,0.0,0.0,0.5,0.5129424268519097,0.20956973601989357,,0.18699916418064566
B001604,8445.634813050037,10.841636473748443,13.759169590948312,19.765759515781408,0.0,0.44590006439826824,0.02111139199527489,0.8579028191653533,2.4434188293271375,0.8331233667584133,0.6428880301643806,2.1434476151973567,2.9778732601097113,1.8008853721914455,1.852031267059661,0.9641736113130979,0.7664684382622005,0.19770517305089738,0.0,0.0,0.03582638868690229,0.0,1.0,1.0,1.0,1.0,0.2773798250848611,0.28490671295626857,0.7296769085651599,0.6061389938239665
B001605,48158.900936401784,17.168948640428443,35.87261179748929,9.52880832047539,0.0,0.08989423791875675,0.07079799252811875,4.2983867744690105,12.777540711215863,1.3150539605970761,0.0,2.2605310433039523,0.26032004453956326,0.5555028807719883,3.312591800358502,0.2541844555468377,0.04592563441661138,0.20825882113022626,0.0,0.0,0.7458155444531624,0.0,0.0,0.0,0.0,0.9,0.2324088859640775,0.2859607986851587,,0.18699916418064566
B001606,34482.89002723929,7.450926972177894,12.284233401702835,9.673719434021917,0.0,0.365,0.015327621619603602,0.34180596211716036,3.5012333648840723,0.7059413834158844,0.0,2.7070838671639215,0.0,0.5366683567140167,2.869710441407491,0.48320036911114655,0.48320036911114655,0.0,0.0,0.0,0.5167996308888535,0.0,0.0,0.0,0.0,1.0,0.21767596848149576,,,0.1858426376147888
B001607,3683.8499849300574,4.520061331202524,11.104707685438614,7.011755036946002,0.3974108770471867,0.365,0.01072144204696497,0.3634607529295122,2.3195941967902978,0.0,0.970109709968978,0.8003063572269385,0.0,0.43005106721630976,1.7765918077724372,0.8229434738634346,0.8229434738634346,0.0,0.17705652613656542,0.0,0.0,0.0,0.0,0.0,0.0,1.0,0.1447534061998191,0.21666889970658512,,0.18696941873279815
B001608,2831.3369981011697,5.176118826510365,15.029686403615328,9.927378333717309,0.34474556610554785,0.3521780550619578,0.011174796045952493,0.35335923746656467,2.153975531708319,0.0,0.38166643816601575,0.9714072531816825,1.344757307949533,0.3243122955048147,2.6096697098567394,0.5838628122916403,0.5838628122916403,0.0,0.0,0.0,0.41613718770835983,0.0,0.0,0.0,0.0,1.0,0.15753013656863993,0.2815652765514514,0.551757256451146,0.18696941873279815
B001609,2938.0095882774917,5.760803114269591,20.258946514935214,5.396291279921775,0.0,0.020999999999999998,0.011209647253379177,0.24997513375035563,1.7304645942270898,1.2419268980213194,0.0,0.0,2.5138918328042354,0.27451978921694775,1.9593485150560372,0.7844177498541741,0.7844177498541741,0.0,0.21558225014582577,0.0,0.0,0.0,0.0,0.0,0.0,1.0,,,,0.18696941873279815
B001610,10876.82230027234,4.069144145257142,9.940766429641416,7.1363366093806375,0.3084047760077999,0.5715419577279057,0.02175722170513105,0.8225778824948704,1.8532504321289973,0.3078799281651821,0.4941028883603575,0.5480745699305256,0.0,0.8658363266720804,2.8705880152048238,0.5297137987523044,0.3950234190641473,0.134690379688157,0.0,0.0,0.4702862012476958,0.0,0.0,0.0,0.0,0.95,0.5435667405181872,,,0.18696941873279815
B001611,10510.397488653274,4.510900209722435,15.061564979038762,5.479207704821159,0.0,0.30732083020335504,0.013071247590697945,0.30917286505810404,1.3697996586743468,0.7265698686605644,0.7744521847215565,0.27352716983199304,0.7601682593684043,0.6063830684655703,2.318642298718215,0.7213144238476891,0.49215940353213156,0.22915502031555754,0.0,0.0,0.2786855761523109,0.0,0.0,0.0,0.0,0.95,0.5567462077427715,,,0.18696941873279815
B001612,47751.68772468492,9.92965018188499,14.065783594833341,9.132127064453892,0.0,0.3620487590059459,0.026398140265911352,0.7477305427753538,4.437084477737705,1.4091802544344838,0.8952727896634973,0.2982099885591903,1.5766928192111982,1.3132098522789204,2.8663406132780267,0.5100991605698062,0.20939641485849042,0.3007027457113157,0.0,0.0,0.4899008394301943,0.0,0.0,0.0,0.0,1.0,,,,0.1858426376147888
B001613,6475.705919028482,6.4370834185173775,9.494793280698197,9.493680269892309,0.0,0.4038830346437101,2.0110079736189044,44.94526420134398,2.624729303752668,0.8001644254676953,1.150181969866732,1.1291205996794262,0.0,0.7328871197508554,2.510166362635901,0.5707318711833153,0.39532314548134334,0.17540872570197188,0.0,0.0,0.4292681288166847,0.0,0.0,0.0,0.0,0.98,0.44082334309811233,,,0.18816800894164298
B001614,16090.674848925577,6.217416865890872,18.133342536692123,11.246942990177379,0.04621657593216895,0.38341764014236185,0.01496066913603995,0.33362292173369085,1.496066913603995,0.31291770918809975,0.9981299709825004,1.1142224310434838,1.772069525238705,0.5240103158340889,2.359883134967385,0.44125083213912863,0.44125083213912863,0.0,0.29060356534595766,0.0,0.26814560251491376,0.0,0.0,0.0,0.0,1.0,1.0289862452216518,,,0.18696941873279815
B001615,20382.740908508888,6.289028358071239,15.554640211414654,9.885044221757388,0.11179482835297898,0.40038583946571427,0.038055176085791044,0.7874663812059695,1.7927925297944305,0.7090966820917526,0.5121566993529272,0.717504978865062,1.700545261642617,0.8569322063244487,2.2974389917292353,0.5972082300194463,0.5157716916238716,0.08143653839557478,0.11408836755271226,0.0,0.2887034024278412,0.0,0.0,0.0,0.0,1.0,0.7561464337394489,0.44729342308062553,,0.18696941873279815
B001616,21284.53411909072,8.062323529958606,15.833457723660757,13.82792817666317,0.0,0.30242974642776826,0.017942413790660007,0.5045733993785712,2.9693062483028796,0.2616620644391558,0.0,2.674485483478952,1.3312741735394082,0.8255955601982087,2.549358153828931,0.6317058925669128,0.4665830010589553,0.16512289150795753,0.0,0.0,0.36829410743308694,0.0,0.0,0.0,0.0,1.0,0.25326398119055643,,,0.1858426376147888
B001617,71121.45233050981,17.487448323213624,31.795831936279058,7.150578496897015,0.0,0.45300000000000007,0.07694579157715975,5.006451620480306,14.819818081414923,0.7149806092555872,0.0,1.1329293594288847,0.0,0.8197202731142293,3.4301210313406623,0.0981562416737501,0.03337095462160862,0.06478528705214148,0.040885359375529354,0.0,0.8609583989507205,0.0,0.0,0.0,0.0,1.0,0.12008076826094445,0.26070067598903585,,0.18699916418064566
B001618,1824.0093934834294,1.7882445034151269,7.339425275059799,1.9636734587558826,0.0,0.431181528748679,0.4459065058271215,20.856582607892957,0.4763226569829674,0.0,0.0,0.2570661174410839,0.6852378968084438,0.3696178321826317,2.170191063363983,0.8009432876921471,0.2739996776601025,0.5269436100320445,0.0,0.0,0.19905671230785296,0.0,0.3,0.3,0.3,1.0,,,,0.32025669999791706
B001619,18759.093315716662,5.507660985236836,12.65933136202041,9.021727386013904,0.0,0.37470939626003386,0.01514848850503498,0.5704149237360966,1.1023466194848355,0.0,1.2927932008709617,0.9964136495371027,1.3485300955112933,0.7675774198326417,2.441044683252274,0.7953932528490764,0.13490653159476682,0.6604867212543096,0.0,0.0,0.2046067471509235,0.0,1.0,1.0,1.0,1.0,0.23835448439721213,,,0.6061389938239665
B001620,2125.905012452815,6.234325549715,11.973013628724848,7.199271187927874,0.41515688388198113,0.12082785823937671,0.01457968891214716,0.2433657818405831,2.9366610916532974,0.0,0.38770916526582044,0.2941123265445741,2.1252856610067528,0.49055730524455554,1.4254229101075808,0.9386628490285291,0.8914865628049105,0.04717628622361874,0.0,0.0,0.0613371509714708,0.0,0.0,0.0,0.0,1.0,0.22650792448842305,,,0.1858426376147888
B001621,8353.650931513675,4.424603247623769,7.5286188227647655,4.8989114615463984,0.0,0.12669345781781596,1.6642140387984221,60.27077738068171,1.0109395628216662,0.0,1.3243471071028203,0.2992051090829585,1.190990309477124,0.5991211591391993,2.6382940842618576,0.6457335793561055,0.3765590923291061,0.2691744870269995,0.06762303699063786,0.0,0.2866433836532564,0.0,0.0,0.0,0.98,0.98,0.2930492672501604,,,0.18816800894164298
B001622,270.007744110014,0.36936763900138714,2.70183494025991,0.050715094828236065,0.6564757913044796,0.23999999999999996,0.3713471766133996,13.442767793405066,0.2042409471373698,0.0,0.011690069952077796,0.0,0.0,0.15343662191193969,3.3852937825281475,0.2110296631038901,0.17938078887201975,0.03164887423187036,0.0,0.0,0.7889703368961101,0.0,0.0,0.0,1.0,1.0,0.9960758332966212,0.3055330880103532,0.3387640437040554,0.18877684261687888
B001623,4275.4447435030215,1.627500854017138,2.753630525552601,0.5758196367816747,0.0,0.36500000000000005,0.012695104638795546,0.26091311865975536,0.8684894751952472,0.0,0.0,0.3040327682207243,0.0,0.45497861060116634,1.861969390741144,0.8131904094119002,0.8131904094119002,0.0,0.18680959058809976,0.0,0.0,0.0,1.0,1.0,1.0,1.0,,,,0.6061389938239665
B001624,945.1795349977632,1.6788268827668973,7.493959743912625,1.5446175488017413,0.0,0.021,0.673478005247369,24.245915640945416,0.36794906196478455,1.075053813966012,0.0,0.0,0.0,0.23582400683610066,2.6508243929060242,0.7618817053204819,0.12152156753533917,0.6403601377851427,0.0,0.0,0.23811829467951806,0.0,0.0,0.0,0.0,1.0,0.7786399222605472,,,0.18877684261687888
B001625,4557.9371931620535,12.090019080005447,22.028765570976695,9.858879895976095,0.0,0.30751271595384067,0.032380067842877634,0.45356325836473677,4.230377588653219,0.5972464981951363,0.0,1.9097992341974572,1.7314663535330486,3.6211294054265872,2.200747254388402,0.7538152164881994,0.5612007271050166,0.19261448938318265,0.15796494790946158,0.0,0.0882198356023394,0.0,0.0,0.0,0.0,0.5,,,,0.18699916418064566
B001626,24082.608280964505,9.59084360054341,14.497746881190071,11.779456791576449,0.0,0.40736537246088705,0.022591780983241716,0.42096295119776067,3.9787091179030436,0.9474314521323153,0.0,2.014538150071176,2.1996264360490243,0.45053844438785506,2.432519550683108,0.5851554583084215,0.3751073922595671,0.2100480660488545,0.0,0.0,0.41484454169157886,0.0,0.0,0.0,0.0,1.0,0.1996603099109595,,,0.1858426376147888
B001627,7700.354944527848,2.7277204904455714,8.754237007651218,4.111438552485195,0.03310935252435571,0.409838215122944,0.009233733227944647,0.021329923756552138,0.36934932911778584,0.9547170717178903,0.0,0.1911585472593897,0.7623884253837434,0.4501071169667618,2.1406520142135723,0.8645941435673077,0.5150176470079509,0.34957649655935674,0.0,0.0,0.13540585643269223,0.0,0.0,0.0,0.0,1.0,0.4830408847019421,,,0.18696941873279815
B001628,1532.7401430164377,2.6335741288942227,5.414144123723018,1.7598412810268491,0.0,0.7518950786303019,3.4116915031128126,123.3630210441636,1.428176925009018,0.1962879800503737,0.0,0.0,0.1195082786743849,0.8896009451604465,1.7030802604368394,0.9190490399486462,0.9190490399486462,0.0,0.0,0.0,0.0809509600513539,0.0,0.0,0.0,0.0,1.0,,0.3933447401485491,,0.18699916418064566
B001629,52872.91493454217,11.910996831390442,20.277037791433003,16.831827552606363,0.0,0.3792573971585857,0.018635342163409407,0.4724585687308861,3.4237734175468124,1.2115281720202722,1.9106938360035475,2.6825441168795567,1.8834450748024765,0.799012214137775,2.7128150022602013,0.5521393104990325,0.292297645638019,0.2598416648610135,0.1604142678443229,0.0,0.2874464216566444,0.0,0.0,0.0,0.0,0.9,,,,0.1858426376147888
B001630,760.1896431591961,2.282851781258847,10.964636591310578,2.628464600983922,0.0,0.06549920662454904,0.5799110012712964,20.94283154045858,0.3180326057624263,1.5164740868605542,0.07628798992539049,0.17952704417155257,0.0,0.19253005453892338,2.6992263261919898,0.16297908684431114,0.08433751858947029,0.07864156825484082,0.6977071791790347,0.0,0.13931373397665422,0.0,0.0,0.0,1.0,,,0.3540509392196985,,0.18877684261687888
B001631,18263.78026949987,5.379611272312186,20.645973722045742,5.7623002558371965,0.0,0.021000000000000008,0.011547913964605184,0.4180344855187077,1.1547913964605183,0.8976648482741723,1.1200356259742827,0.0,1.9928605038142344,0.21425889778897875,2.4425940498966168,0.7825723071322433,0.6157080482044136,0.16686425892782975,0.0,0.0,0.21742769286775682,0.0,0.0,0.0,0.0,1.0,0.8660960367493191,,,0.18696941873279815
B001632,6047.3020255437,2.2828622217983012,9.208217209925557,3.0787584276227986,0.0,0.365,0.48882496604445147,10.909098603861398,0.6804528787995533,0.6994105706720941,0.0,0.579414933041288,0.0,0.3235838392853662,2.7761732962458345,0.42277173725886313,0.16896100461427105,0.25381073264459203,0.30637441190872244,0.0,0.27085385083241453,0.0,0.3,0.3,0.3,1.0,1.1821754348818627,0.36015540734135293,0.605480531204753,0.32025669999791706
B001633,8871.54809480871,6.98547094079426,13.060570896408436,8.9950630471814,0.0,0.08970655350412655,0.026337727416886014,0.4645427164842753,3.4663357979765186,0.0,0.0,2.35985443276956,0.1439753906488405,1.0153053193993407,2.443533405239829,0.6163378384302571,0.278514597481918,0.3378232409483391,0.0,0.0,0.38366216156974303,0.0,0.0,0.0,0.0,0.5,,,,0.18699916418064566
B001634,14781.113461793824,3.937430330792175,7.191870389043604,3.2364084501775787,0.0,0.365,1.550845817981539,34.59266224416944,2.0546854144568347,0.0,0.951732714268555,0.4198241369597186,0.0,0.5111880651070664,2.6723328440239933,0.5079873324061461,0.5079873324061461,0.0,0.0,0.0,0.4920126675938538,0.0,0.0,0.0,0.0,0.98,0.2736875038387171,,,0.18816800894164298
B001635,807.7857066044534,1.4097481790653636,11.57397607153808,2.4466386621172482,0.06786019724533579,0.2404556301030951,0.3504476785380539,12.666471084381367,0.24491811135085764,0.0,0.08035676853354456,0.5935647052540468,0.2596282611275124,0.23128033279940263,2.1266323977759125,0.8756650855566739,0.8186642894380225,0.0570007961186512,0.0,0.0,0.12433491444332621,0.0,0.0,0.5,0.5,0.5,0.7690768480189234,0.49579826479783273,,0.18877684261687888
B001636,6579.080530020837,2.29476125916318,5.083905735027369,0.754081327854622,0.7352196615870453,0.47,0.7331424606472156,34.45769565041913,1.7522520279107063,0.0,0.0,0.061497100027513005,0.0,0.48101213122496034,2.1082380652424977,0.9712247380445215,0.9712247380445215,0.0,0.0,0.0,0.02877526195547851,0.0,0.0,0.0,0.0,1.0,0.734912102728654,0.34437435116071347,,0.18699916418064566
B001637,11336.087842752047,3.2259783274763936,13.042723334815173,5.390092900053494,0.0,0.47107188043386755,1.9560104182989813,70.70928438964138,0.988389784401455,0.0,0.0,1.762582264288324,0.09225546083375075,0.3827508179528644,1.2109140942330932,1.0,0.9714023308687507,0.02859766913124925,0.0,0.0,0.0,0.0,0.0,0.0,0.0,1.0,0.9335341851510244,0.3582525533064203,0.5197956036025684,0.18877684261687888
B001638,7869.447375801691,7.431017352031814,24.07946627894906,11.379445319955181,0.0,0.20720814434306933,0.020058616277973198,0.6176322938524927,1.4463064599802504,1.1279889453971474,0.925812683022878,1.6256007985972207,2.039131006540608,0.26617745849370933,1.7895235777383032,0.9690860985280453,0.8172914125569879,0.15179468597105736,0.0,0.0,0.030913901471954663,0.0,0.0,0.0,0.0,0.95,,,,0.18696941873279815
B001639,1784.6940508293787,1.0370099075127128,6.3546281920810594,1.1275273118053926,0.42452584924223014,0.36499999999999994,0.33196851010569034,11.964660192195359,0.45474605777104465,0.1815918518981482,0.0,0.16100771823263876,0.0,0.239664279610881,2.9410892017626407,0.3352190892987019,0.1799575849811408,0.15526150431756117,0.17511100962738105,0.0,0.4896699010739168,0.0,0.30000000000000004,0.30000000000000004,0.30000000000000004,1.0,0.5746550951430964,,,0.32025669999791706
B001640,18834.210729518993,7.597503319693018,13.063353143642534,9.736076202742126,0.0,0.47,0.017520452358834974,0.2697110424283825,3.4562436142025907,0.0,0.7900970683604598,2.442096496018722,0.0,0.909066141111245,1.9206628013470333,0.8994713861259466,0.7954770823245255,0.10399430380142093,0.0,0.0,0.10052861387405342,0.0,0.5,0.5,0.5,0.5,0.2198048297586778,,,0.4023874260919753
B001641,9023.269607807244,11.509272458937811,17.409303959238517,10.548058772675732,0.0,0.3076412899273733,0.016221860199081933,0.2519535454573391,6.155325424240357,1.2724078779222536,1.1807290722979447,2.184877498080881,0.0,0.7159325863963729,2.8039747644277737,0.45718264416209653,0.2440382461150111,0.2131443980470854,0.0,0.0,0.5428173558379032,0.0,0.0,0.0,0.0,1.0,,,,0.1858426376147888
B001642,2403.834118829221,2.5987395879234825,9.81687398518918,2.957414431635707,0.06462100845895664,0.23100918228051862,0.010744200653321944,0.08857336801285715,0.31786936092237583,1.2555769151254754,0.0,0.15314381763059276,0.39906556402244137,0.4730839302225966,1.9936305620841734,0.877683257530098,0.7241220596798299,0.15356119785026784,0.0,0.0,0.12231674246990201,0.0,0.0,0.0,0.0,1.0,0.49590690347815103,,,0.18696941873279815
B001643,2271.9715214600424,5.071365003259023,15.283928958000073,6.002711007693843,0.0,0.365,0.9309798261720734,33.70146970742906,1.1637247827150916,0.0,0.0,2.0815862244798913,0.0,1.8260539960640385,2.5093800633980687,0.770530265132317,0.770530265132317,0.0,0.0,0.0,0.22946973486768246,0.0,0.0,0.0,0.0,1.0,,0.32075079413997504,,0.18699916418064566
B001644,4208.415794802169,4.229563612866502,8.076570708255266,6.833302546631546,0.20182062036855322,0.4453398825897473,0.7561464132700243,35.383656311040966,1.6551248927753277,0.21791997640469593,0.5279718648631663,0.8052339803887245,0.0,1.0233128984345867,1.8757499806909403,0.8927182359971374,0.702335952127669,0.19038228386946834,0.05152304028287331,0.0,0.0557587237199892,0.0,0.0,0.2,0.0,0.98,,,,0.18816800894164298
B001645,4903.716638311232,6.319222472050556,12.849580294496564,9.891476765956691,0.0,0.26030809403950683,0.010262220467774539,0.32821766248279416,2.6357515668062437,0.0,0.14495761141664965,2.7593941100863253,0.12001725252106205,0.659101931220276,2.576143739211857,0.662849150318494,0.6399099972727219,0.02293915304577204,0.0,0.0,0.3371508496815061,0.0,0.0,0.0,0.0,0.5,0.4653385944267864,0.16103122502215356,,0.18699916418064566
B001646,5745.153899602153,2.685906451426906,5.313938292161497,1.3021033288539927,0.0,0.365,1.5357166384264815,34.18764401098336,1.519207107583138,0.6875105576349082,0.0,0.0,0.0,0.4791887862088594,1.8573075217378134,1.0,0.7440303413137624,0.2559696586862374,0.0,0.0,0.0,0.0,0.2,0.2,0.2,0.98,0.2566737484519359,,,0.27637726888891634
B001647,5097.657198757635,3.540039721359469,14.58993587941598,7.461718159053382,0.0,0.417053414392169,0.6898638875007198,24.868379657170717,0.3774935316612752,0.3184274229023613,0.08061412543443627,1.7371344504518293,0.5911155029361238,0.4352546879734426,1.7688571440444798,0.870592509363204,0.7036126025080571,0.16697990685514674,0.022772096298252355,0.0,0.10663539433854365,0.0,0.0,0.0,1.0,1.0,0.6550213440073942,,,0.18877684261687888
B001648,7338.509884261375,2.182781048263348,10.921657851308746,4.674365290209651,0.0,0.1700380929254959,0.5890411896772374,21.327670331905274,0.32255583310241864,0.4337532045472007,0.0,1.0145241449520501,0.1753735638801267,0.23657430178155123,2.247288454322588,0.7718830308799387,0.5731671748428425,0.19871585603709588,0.08034409315568158,0.0,0.14777287596437982,0.0,0.0,0.0,0.0,1.0,0.32609644575931745,0.4838856443948954,0.38733337134185725,0.18877684261687888
B001649,5685.739972677233,3.8573541198624373,8.646559888069891,5.9129191696766785,0.0,0.40628837764068754,1.5301507912915169,34.05746556427494,1.2571751867865426,0.4666717044809228,0.11738766533552332,1.376132177581936,0.21087749640370484,0.4291098892738092,1.8326656839101676,0.9417466448392159,0.840663091432283,0.10108355340693286,0.05466894919443519,0.0,0.0035844059663490318,0.0,0.0,0.0,0.0,1.0,0.5094445211239826,,,0.18699916418064566
B001650,4796883.82753422,1198.6216460605249,3635.025089602278,2270.1316950576634,0.0005474359779049446,0.36508165931821923,0.015245364098153203,0.3399716193888164,1.5245364098153205,0.9755175500220487,0.37108945880129435,1.5695937803439701,1193.8712351485801,0.3096737129621122,2.6664011328223642,0.0025611718190544845,0.0012516728745771274,0.0013094989444773575,0.9960367719642326,0.0,0.0014020562167129191,0.0,0.0,0.0,0.0,1.0,,,,0.18696941873279815
B001651,9647.418427359957,6.440199217196232,12.025240126287859,8.471973357796783,0.4739202420260128,0.3812634679602162,0.01870548905695407,0.4644799275867318,3.2504259715361545,0.14424202971923047,0.0,1.8082822987384553,0.577261709960264,0.6599872072421277,2.727812276966964,0.488093811263353,0.11767918149087898,0.37041462977247397,0.0,0.0,0.511906188736647,0.0,0.0,0.0,0.0,,0.5756310503639963,,,0.18699916418064566
B001652,3930.813415066779,6.860058315997869,10.077140977707254,5.270976760518105,0.0,0.41186610741332935,1.1250936351873497,52.69910529688106,3.667734894302289,0.8649591695434544,0.0,0.0,1.729211141221231,0.5981531109308937,2.1319605464825937,0.883634495445156,0.631565043325681,0.25206945211947496,0.0,0.0,0.11636550455484394,0.0,0.28,0.28,0.28,0.7,0.4688714523896303,,,0.3110513158581213
B001653,16521.54383959341,5.360656664371645,15.52453543927525,8.013525053717185,0.14626770243384968,0.11032595498199024,0.012901812883637764,0.5028363446146737,2.1295601408236524,0.0,1.6152666710736097,1.3005962643663638,0.0,0.31523358810801877,2.895890744466979,0.29143812810180136,0.29143812810180136,0.0,0.301318807042634,0.0,0.4072430648555645,0.0,0.0,0.0,0.0,1.0,0.3319351199429317,,,0.18696941873279815
B001654,15212.267832258449,3.8886165215384585,11.586527889990908,3.0506969378233273,0.0,0.0659383999023671,0.017648855039267032,0.44780839487467816,1.5379443846839278,0.0,0.0,0.09404182450697571,1.9107749717871947,0.3458553405603595,2.533870981937812,0.5918165497881235,0.567632672569557,0.024183877218566623,0.0,0.0,0.40818345021187646,0.0,0.0,0.0,0.0,1.0,0.7729457513662149,0.38598272328205785,,0.18696941873279815
B001655,515.7324742290831,1.3679906478225017,8.517041928252489,1.7329831266286242,0.0,0.48458007581647755,0.467147098864807,16.920068991748117,0.582765871975746,0.23993071284698422,0.0,0.2300937406652859,0.0,0.3152003223344856,2.68114583624187,0.5234995981979705,0.3553012694801993,0.1681983287177712,0.0,0.0,0.4765004018020297,0.0,0.0,0.0,0.0,1.0,,,,0.18877684261687888
B001656,5332.778454997075,4.969970601115634,14.10118337007299,7.621083066356231,0.0,0.41362334116026883,0.016537749398117,0.5629979635353345,1.5729211321566867,1.0330842860614713,0.0,0.8326620321533273,1.1177432892333246,0.41355986151082313,2.470899098025156,0.6835150027238377,0.2910770030002913,0.3924379997235466,0.0,0.0,0.31648499727616203,0.0,0.0,0.0,0.0,0.95,,0.40851838722120376,,0.18696941873279815
B001657,29985.612629241074,15.228853544561236,38.56424304789624,9.379666838908374,0.02195571718956001,0.26080334584966863,0.07306869779744019,3.816186623526525,11.09669786564011,1.7426174227902653,0.10905297095246358,1.602542337482974,0.026230461637593985,0.651712486057827,3.2699116220970375,0.1569086109560918,0.05167794912105834,0.10523066183503345,0.11442866777142366,0.0,0.7286627212724844,0.0,0.0,0.0,0.0,0.9,0.1195721943933468,,,0.18699916418064566
B001658,2001.7616241355872,1.9683005153742255,11.406848236924644,1.439452089031296,0.0,0.2692444305713358,0.32345664409624447,7.239024653298723,0.8557027697809968,0.5484691543171023,0.05485867330845447,0.0,0.22401791360296544,0.28525200436470644,2.3956039969565692,0.7536540911803868,0.7536540911803868,0.0,0.027871086188291934,0.0,0.21847482263132123,0.0,0.0,0.0,0.0,0.6,,,,0.18877684261687888
B001659,2350.8970464091453,2.1008910155577705,10.591876290203665,6.61704485327268,0.20823091734426072,0.441824351976222,0.5155471523582074,18.631518315312125,0.3553420784627271,0.0,0.0,1.3073059272457124,0.16958067309439634,0.26866233675493545,2.0895275660900134,0.860523888963074,0.7798054357741189,0.08071845318895514,0.0,0.0,0.13947611103692645,0.0,0.5,0.5,1.0,1.0,0.9782844168725194,,,0.4052417822251656
B001660,7053.7712940859465,5.380451025237183,9.478803255858493,7.282576796931911,0.0,0.2523324385163787,1.5161529879145852,71.2591904319855,1.8951912348932314,1.1464477883135664,0.0,1.3860489707850114,0.12292311863523991,0.8298399126101346,2.8812360246529605,0.6477635004939598,0.17707865507490136,0.4706848454190584,0.0,0.0,0.35223649950604036,0.0,0.0,0.0,0.0,1.0,0.6722663185121017,,,0.18699916418064566
B001661,9175.819017178688,6.8681280068702755,10.473387392434516,10.20045685873974,0.09117533468646222,0.4120395227775003,0.014807861526365974,0.33021531203796123,1.8281310526377745,0.300486782779019,1.1845215542514875,2.236723997583534,0.0,1.3182646196184613,2.3188166105699954,0.7338239690918588,0.23569033669410688,0.49813363239775177,0.0,0.0,0.26617603090814146,0.0,1.0,1.0,1.0,1.0,0.27439815551545954,0.28288225193461697,0.3929104530376098,0.6061389938239665
B001662,8001.254471042799,2.402779120433273,10.174188984076032,3.2502047801004204,0.0,0.42025143950270616,0.3318905130799122,11.831093572324114,0.5027492961669524,0.6949613869814857,0.07423714815262987,0.186967438232041,0.616857515402937,0.3270063354972275,2.1861686556070876,0.79076341562503,0.4253273693731908,0.3654360462518395,0.0,0.0,0.20923658437496984,0.0,0.5,0.5,1.0,0.5,1.1291006210680128,,,0.4052417822251656
B001663,602.7661439126099,1.1100665633749722,6.530565374093784,2.619678042766014,0.41735956315822775,0.6051011419847977,0.3084523275314049,11.11857055685193,0.4225065980297762,0.0,0.0,0.4460591851231092,0.03401865062922155,0.20748212959286508,2.5681671378389166,0.619386249464883,0.619386249464883,0.0,0.0,0.0,0.3806137505351169,0.0,0.0,0.3,0.0,1.0,0.9874341537081687,,,0.18877684261687888
B001664,8974.442173410445,9.496764204667137,21.642473041945248,9.440436743281795,0.0,0.021,0.012128012720142268,0.40711878397475626,2.435046308081401,0.0,1.8670367366801484,0.3330376581347048,4.370469578509276,0.49117392326160875,2.5166120872099134,0.7740295572485205,0.5774324114793751,0.1965971457691455,0.0,0.0,0.2259704427514794,0.0,0.5,0.5,0.5,0.5,,0.2778181679833219,0.14529952332783483,0.4023874260919753
B001665,7864.5164784568,3.607576366264587,11.621684822764028,3.065057961646527,0.1663286828352555,0.37136651944727744,0.011472238454448907,0.33392753350585225,1.9016070415048005,0.7366801540865943,0.10157770522791008,0.08569350210600851,0.4158596430215969,0.36615832031767676,2.7141263252308123,0.5991576484399316,0.2515232881354097,0.3476343603045219,0.0,0.0,0.4008423515600684,0.0,0.0,0.0,0.0,0.5,0.5285674335794814,,,0.18699916418064566
B001666,2908.677117262618,8.73476611790576,11.6330168458747,12.908185997965164,0.0,0.3889641622850284,0.021722449878357364,0.21045946133592655,3.132691442915264,0.0,0.9908775687556867,3.8435882151878857,0.0,0.7676088910469231,1.9707034523484226,0.9432607954510214,0.8298201428473478,0.11344065260367367,0.0,0.0,0.05673920454897856,0.0,0.0,0.0,0.0,1.0,0.23246637325517513,,,0.1858426376147888
B001667,5137.459905257369,7.076391054073512,11.54475970046747,4.097628990763162,0.46480882559763725,0.33102427808667134,0.014458734371959268,0.39680071865650246,5.090849019494809,0.7473324398094641,0.5698469816573979,0.0,0.0,0.6683626131118398,1.835788181393526,0.9870499563462307,0.9870499563462307,0.0,0.0,0.0,0.012950043653769314,0.0,0.0,0.0,0.0,1.0,,,,0.1858426376147888
B001668,4415.02192503654,11.437880634809689,19.687543360835633,14.888390579102309,0.0,0.365,0.008243192656281245,0.38248413925144975,5.443617791883841,0.0,0.0,3.3033879984157855,1.903896901847229,0.7869779426628355,2.611074590605702,0.5224469146843231,0.2336357175852419,0.2888111970990812,0.0,0.0,0.47755308531567703,0.0,0.0,0.0,0.0,1.0,0.1891026035925049,,,0.1858426376147888
B001669,25441.448151954097,7.589930832921866,10.3132936785563,4.244121061676351,0.0,0.2740174278244913,0.01848975698823261,0.4429102115948564,4.277131415575214,1.0552622095510975,0.714060823620789,0.6278002036820031,0.0,0.9156761804927631,2.788904115581788,0.5239579610008368,0.3849234648004469,0.1390344962003899,0.0,0.0,0.47604203899916314,0.0,0.5,0.5,0.5,0.5,0.29408309992474535,,,0.4023874260919753
B001670,16412.01876653474,7.626402772553318,14.789329508454442,8.69397155284599,0.0,0.28270775623234806,0.012842808954376918,0.19648772638073334,3.504525158830746,1.0203545494957187,0.0,2.590871224172294,0.0,0.5106518400545594,1.9458535845062739,0.9055257350548853,0.4320094677703324,0.4735162672845529,0.0,0.0,0.09447426494511474,0.0,0.5,0.5,0.5,0.5,,,,0.4023874260919753
B001671,12352.272158079995,4.395826390775799,9.172944223217412,6.16751165464082,0.34450234022916054,0.34104983049305215,0.9644714584165044,21.42799498341361,1.6836771300553788,0.6872586990999505,1.0838165863479385,0.0,0.4997005494028037,0.4413734258697275,2.547755815298399,0.7279399793588124,0.3677080240947023,0.36023195526411006,0.0,0.0,0.27206002064118756,0.0,0.28,0.28,0.28,0.7,,,,0.3110513158581213
B001672,584.2944318948323,1.8033778762186183,7.938729163211321,2.4425950499511173,0.0,0.3753378789205522,0.4605781576087156,21.509455111369316,0.6298685134579513,0.0,0.0904535995314051,0.7610243115813753,0.08782671983531372,0.23420473181257256,2.224485339837467,0.6020272607546054,0.6020272607546054,0.0,0.04870122950574932,0.0,0.3492715097396449,0.0,0.30000000000000004,0.30000000000000004,0.30000000000000004,1.0,0.7226985775461161,,,0.32025669999791706
B001673,4320.081261470483,6.050533979650536,18.737139396096687,3.1916825501396957,0.0,0.24,0.022347094977672226,1.2907266172418805,5.003449183935981,0.0,0.098755525926617,0.6148684134653492,0.0,0.3334608563225911,3.372165135011851,0.1700650620227092,0.1700650620227092,0.0,0.0,0.0,0.8299349379772911,0.0,0.0,0.0,0.0,0.5,,0.10748594551103856,,0.18699916418064566
B001674,30969.232531393765,8.896648242284908,17.01049680187159,8.795136482963073,0.0,0.3564440469903867,0.01878892810087981,0.42722536318869037,4.9788565736538,0.0,1.342656298546954,1.5655094476173974,0.0,1.009625922466757,3.000899404459863,0.2541629708300402,0.2541629708300402,0.0,0.15091709394167552,0.0,0.5949199352282842,0.0,0.0,0.0,0.0,1.0,0.2041474688916937,0.3066654047740815,,0.1858426376147888
B001675,2142.7044171333737,2.5753658859776127,13.7122296083981,4.516138181803162,0.03577400267141231,0.434225879313932,0.32355615414687716,15.148522436977181,0.8646057448486957,0.6274220830137034,0.0,0.651047062366618,0.18949189485557258,0.24279910089302278,2.0757772239252095,0.8446558528374348,0.5918579626768762,0.25279789016055854,0.0,0.0,0.15534414716256537,0.0,0.0,0.0,0.0,0.6,0.5883188300437964,,,0.18877684261687888
B001676,4059.7743250166272,5.546139788274081,10.825955550941401,6.718746304201034,0.0,0.23999999999999996,1.1132399661773242,24.825251245754334,2.4564804964249345,0.0,0.0,2.355532573025933,0.21425120955168186,0.5198755092715321,1.8082411805717429,0.9471521271434067,0.9471521271434067,0.0,0.038630690485779356,0.0,0.014217182370813899,0.0,0.0,0.0,0.0,1.0,0.9538927720455441,0.28711789938476745,0.5123962590828166,0.18699916418064566
B001677,11773.004265381483,4.142506778811219,6.005342067503458,2.667251443535775,0.32989329908546755,0.2745813675704487,2.011315842991679,72.80148257275589,2.617543619086392,0.0,0.0,0.1542911738927705,0.7264663997213188,0.6442055861107377,3.029855522588423,0.39326307971888647,0.39326307971888647,0.0,0.0,0.0,0.6067369202811135,0.0,,0.0,,0.98,0.32939407903803547,,,0.18816800894164298
B001678,4591.130190081523,5.27716113802474,11.383468196250574,7.530124842871281,0.0,0.37494226047329654,1.265764930217918,59.48457253359117,1.655489329258693,0.9516343995802061,0.0,1.071639901094958,1.1376210079706037,0.46077650012027976,2.3712696173375147,0.6720595559222199,0.07308309377293218,0.5989764621492878,0.0,0.0,0.3279404440777803,0.0,0.0,0.0,0.0,0.98,0.3079384855145656,0.374504872487083,0.5086796048691649,0.18816800894164298
B001679,44447.84822894508,14.119392702968575,19.987108560387504,16.873935388320046,0.177095146920325,0.32179320770573616,0.02658219990659557,0.3265761537682964,6.573832477877456,1.417038609337851,1.4295490393379244,2.600744605127612,1.3958711747770214,0.7023567965107147,2.707882217403885,0.4050190935075694,0.14235244385723125,0.2626666496503381,0.10036115852489332,0.0,0.49461974796753777,0.0,0.0,0.0,0.0,1.0,,,,0.1858426376147888
B001680,4962.48527123732,10.127520961708816,26.16799111485953,2.385836913064627,0.0,0.23039439413241877,0.04706707233851263,3.061614537089701,8.321082303346406,0.7726229461551032,0.06074136990396339,0.2575267901911013,0.20714602457005052,0.508401527542191,1.4566651995809043,0.9466505120639207,0.9406528577382846,0.005997654325636122,0.04588218740973582,0.0,0.0074673005263433505,0.0,0.0,0.0,0.0,1.0,,,,0.18699916418064566
B001681,3083.31755380703,1.834216272342076,9.226167729175133,1.1336259472046621,0.0,0.11034725363173971,0.42451757831870374,19.821498442117633,0.8184467459238588,0.5987799565041675,0.050874273269792415,0.08787566958083472,0.0,0.2782396270634229,2.219533663445768,0.7189033803761049,0.6911671346362107,0.02773624573989414,0.0,0.0,0.2810966196238952,0.0,0.0,0.0,0.0,0.6,1.1197338818948583,,,0.18877684261687888
B001682,21198.52205173824,7.38110099294507,16.7674068364202,9.522204248124408,0.0,0.28816511602299644,0.022545637956523788,0.6151492701731014,2.4235918022059333,1.5640415443382962,1.5953808607575266,1.3037420164438882,0.0,0.49434476919942505,1.85600654756051,0.8233675412800859,0.8233675412800859,0.0,0.1766324587199143,0.0,0.0,0.0,0.0,0.0,0.0,0.95,0.6514112156537953,,,0.18696941873279815
B001683,12534.990886130372,2.94940962026597,8.905917446592765,3.4511610723306125,0.5957128587862972,0.3849055345030183,0.016687074966492917,0.35581364761245127,1.9094273437260467,0.0,0.0,0.36222163058577567,0.3245140683221925,0.35324657763195455,3.07371251951954,0.3526069317038913,0.24258014326040317,0.11002678844348812,0.0,0.0,0.6473930682961085,0.0,0.0,0.0,0.0,1.0,,,,0.18696941873279815
B001684,7610.334759319217,4.8473469804580995,9.949028477107674,7.5780704948526685,0.1774198916732124,0.20096113396767537,1.336004520475954,62.79221246236984,1.6700056505949423,0.0,0.1957731749977028,2.379901875257126,0.10767571103362254,0.49399056857470497,2.509142418392848,0.5868140896639052,0.5868140896639052,0.0,0.04038769574098061,0.0,0.37279821459511414,0.0,0.0,0.0,0.0,0.9,0.602473395922815,,,0.18699916418064566
B001685,628.5791534105721,1.415718813987775,8.747185555159055,2.3923975338156076,0.35111573551775105,0.45531827915730605,0.45271230138698454,21.27747816518827,0.5658903767337307,0.3195883355722732,0.018718842663885023,0.2482807277399546,0.0,0.2632405312779315,2.5280409921404114,0.6002805280663471,0.5870583807875679,0.013222147278779234,0.0,0.0,0.3997194719336528,0.0,0.0,0.0,0.0,1.0,1.1147469316687455,,,0.18877684261687888
B001686,8147.657541205022,4.873000921773339,7.8388709340261835,4.971364758699445,0.43021443186145925,0.365,1.7234667947325923,62.330990951372,2.244795110677296,0.0,0.4079905832791388,1.0742732287048624,0.0,1.1459419991120423,2.753611145022443,0.5541789927282114,0.5541789927282114,0.0,0.0,0.0,0.4458210072717887,0.0,0.0,0.0,0.0,0.98,,,,0.18816800894164298
B001687,4189.099207366186,8.727290015346222,14.92061500122005,15.199222883690899,0.0,0.365,1.6056429789381492,35.74332959997824,2.0598151817622474,0.0,0.0,2.8155777395122326,3.24825171293154,0.6036453811402019,2.676493046182539,0.7409694791987163,0.046157064144211765,0.6948124150545044,0.0,0.0,0.25903052080128375,0.0,0.0,0.0,0.0,0.98,0.337247853808093,,,0.18816800894164298
B001688,579.2496379955679,1.8868066384220454,8.786143926596411,1.6349129711764046,0.009227153498726217,0.3531781168930767,0.5537288128616705,26.02372452973136,0.6313201414075396,0.36247531835787106,0.025384182332372912,0.2406995875233465,0.204191934898074,0.42273547390284133,2.06630558004469,0.7744159013693974,0.6468460790983428,0.1275698222710547,0.1921104743732578,0.0,0.033473624257344674,0.0,0.3,0.3,0.3,1.0,0.7159287529913787,,,0.32025669999791706
B001689,31369.735374820844,9.610825788854426,14.20355257411825,10.03421616677944,0.0,0.1277634736388333,0.014423838379198976,0.3216515958561372,1.7807207875554292,0.8081286403641992,1.2394676101784619,0.0,4.511733028984105,1.2707757217722302,2.3678393117083645,0.8147171921875317,0.6016661708156494,0.21305102137188223,0.0,0.0,0.18528280781246836,0.0,1.0,1.0,1.0,1.0,0.2310320075616002,0.3051545711698013,0.20542779854703436,0.6061389938239665
B001690,56498.755427597534,14.717050124406756,31.07930947066334,4.874274381478079,0.23399044776224945,0.3143528247500428,0.06853284678417025,3.00065331551051,12.79932859127236,0.1904396475416162,0.10868256783756179,0.9596846266624912,0.0,0.6589146910927249,3.508037638042733,0.11111292117396251,0.03851908032481895,0.0725938408491436,0.0,0.0,0.8888870788260373,0.0,0.0,0.0,0.0,1.0,0.12951809965381544,0.27102946185726196,,0.18699916418064566
B001691,20703.663284241833,4.911901135051443,9.053250932001376,5.391292614029488,0.11472016543548527,0.35933610941596017,0.01795633210812817,0.3250047754719553,2.718635800074897,0.04393786907544058,0.1469620526696361,1.0416692074853355,0.0,0.960696205746133,2.3662482460013545,0.5444670772212734,0.5444670772212734,0.0,0.21207047512661834,0.0,0.24346244765210787,0.0,0.0,0.0,0.0,0.92,,,,0.18699916418064566
B001692,9429.48397341442,6.631142034749944,17.793528756839702,9.413767441523008,0.0,0.21910319334850928,0.020718233128723205,0.5295910361590175,1.638653842433282,1.2234553922177058,0.0,1.2477570571488286,2.166767010288745,0.3545087326613823,2.2338286484153693,0.735478217328431,0.735478217328431,0.0,0.0,0.0,0.26452178267156884,0.0,0.0,0.0,0.0,1.0,0.5962259706160948,,,0.18696941873279815
B001693,1659.964093347393,3.4085504996866383,7.12435147924697,3.8555280576820503,0.3927595982794936,0.22933214448368813,2.028971391152028,95.33307232430397,1.49745853611868,0.0,0.3103906134795095,0.3724923958945037,0.7580786600872285,0.47013029410671575,1.8169211331079709,0.9990128132347145,0.9990128132347145,0.0,0.0,0.0,0.0009871867652854517,0.0,0.0,0.0,0.0,0.98,,0.29835838761771516,,0.18816800894164298
B001694,18303.370513325615,4.70161071495649,9.59579512469441,7.514931998240798,0.2305645654386435,0.24148303768350213,1.4021497599988006,50.71641494069019,0.8517856916536185,0.2830191385902893,1.0318682034796416,0.8519137991179333,1.112905724733799,0.5701181573812086,2.296390925031108,0.8050291514896262,0.5855579391671931,0.21947121232243297,0.0,0.0,0.19497084851037394,0.0,0.0,0.0,0.0,0.98,,,,0.18816800894164298
B001695,4847.88470117403,4.332336640906193,7.571491948134801,6.39705757187306,0.1646552820907496,0.11833869244005052,1.5678225381578481,56.721546465623526,0.9526922706964424,0.2643609851070404,1.6014953149766689,0.9478086017966518,0.0,0.5659794683293883,2.5940207520539604,0.6618219854763668,0.29216111936193573,0.3696608661144312,0.10092327456178694,0.0,0.23725473996184582,0.0,0.0,0.0,0.98,0.98,0.23525104378336884,,,0.18816800894164298
B001696,18325.784420626333,7.304019298774943,17.370764239452225,15.461304813077641,0.07828669017877575,0.3818869907644141,0.018203246332859354,0.06255338264142048,0.8278471309091678,0.0,0.8022050818843389,1.7862601602146477,3.211500127448182,0.6762067983186084,2.094781633029794,0.9696508589159586,0.5299614227192573,0.4396894361967015,0.0,0.0,0.030349141084041405,0.0,0.0,0.0,0.0,1.0,1.1409659563208367,,,0.18696941873279815
B001697,70738.43852067066,18.236256385839305,33.007808241408405,7.941514508956555,0.0,0.809,0.08493826246100439,5.364241383858076,14.948301300250936,0.0,0.0,2.618833420990028,0.03222128641962565,0.6369003781787177,3.3492782790206848,0.16535491664215224,0.16535491664215224,0.0,0.0,0.0,0.8346450833578478,0.0,0.0,0.0,0.0,1.0,0.12137668287107503,,,0.18699916418064566
B001698,15250.567917586242,4.451420874952202,11.95600208717796,5.122008851128219,0.018965192890266803,0.10854833086572507,1.5376416646682916,55.58348985549833,1.752125279520553,0.9924877736271362,0.07311023409388372,1.105602975257567,0.1452115856944224,0.3828830267586385,1.6636631605103596,0.7428263449052069,0.4618341412719296,0.28099220363327704,0.2393837917499684,0.0,0.017789863344824696,0.0,0.0,0.0,0.0,1.0,0.5255819603624743,0.2446195886202628,0.751750302604286,0.18699916418064566
B001699,1782.6609465914298,4.316370330729854,7.612419128354488,5.665881362867644,0.1343267825713332,0.4334797524512369,1.2480711705731593,45.10336822962409,1.750022557314754,0.958721752868617,0.8911627073006835,0.09078412418985568,0.0,0.6256791890559453,2.591735705805909,0.6184330145938104,0.41197188197130047,0.20646113262250992,0.0,0.0,0.3815669854061899,0.0,0.2,0.2,0.2,0.98,0.2208273497754517,,,0.27637726888891634
B001700,2746.007977566579,4.860191110737308,8.807110532841287,2.0471621579073025,0.0,0.454446627094491,0.01931971131350997,0.5221752106385563,3.1003128350851408,0.7755218946642021,0.0932818675452951,0.0,0.04894724873870664,0.8421272647039638,2.3417968622708227,0.7595825042825338,0.7303184047762852,0.029264099506248656,0.0,0.0,0.2404174957174662,0.0,0.0,0.0,0.0,0.5,0.4935848784328257,0.18926618538392473,,0.18699916418064566
B001701,8447.110184465952,6.599304831614025,9.919643332355145,8.631255205577073,0.05229844015853946,0.5153102819262755,1.5498058089146762,56.10865717668852,2.1929021916992246,0.951307893819575,0.6316732804614358,1.279966603303178,0.11155384421752128,1.4319010181130896,2.6108894106323377,0.6343072062383136,0.6343072062383136,0.0,0.0,0.0,0.36569279376168634,0.0,0.2,0.2,0.2,0.98,0.49690318771041253,,,0.27637726888891634
B001702,7713.420653034061,6.317297832132728,16.525331941012514,8.485526329379203,0.046514738180868424,0.06208919055637056,0.02427074026246185,0.7144163942372136,1.8092416303248318,3.3565778503761305,0.0,0.7152120526196674,0.0,0.436266298812099,2.7829707327003144,0.18227387437312356,0.06905900440423195,0.11321486996889157,0.5313312652924178,0.0,0.28639486033445877,0.0,0.0,0.0,0.0,0.95,,,,0.18696941873279815
B001703,24488.054351934716,9.0932247872019,16.042326266447915,8.960595886463304,0.0,0.21438414673372622,0.02178233892415849,0.6858185313263917,4.724765322210842,0.5430642990092853,0.08346668536392149,2.6122571776154193,0.212582286523576,0.917089016478855,1.619606677969147,0.9604442949768315,0.9604442949768315,0.0,0.0,0.0,0.039555705023168374,0.0,0.0,0.0,0.0,0.5,0.16189884933750973,,,0.18699916418064566
B001704,10022.395339049082,6.984247623030719,14.255015314792184,15.417852922670848,0.0,0.5884153517759255,0.010207000038960965,0.2276161008688295,1.2601234616001191,0.0,0.4857677819271871,2.8322914880808305,1.4520564915429313,0.9540083998796512,2.2857969115465915,0.7807255616507379,0.16729542416591778,0.6134301374848201,0.0,0.0,0.2192744383492622,0.0,1.0,1.0,1.0,1.0,0.2725044793067713,,,0.6061389938239665
B001705,907512.0999586721,330.96721369754636,956.4768364917309,627.3600122082742,7.04632593937481e-05,0.36450944394819257,0.9928719593196313,46.428522999363636,1.2337227043633032,0.49666857822440363,0.053561701953668356,1.8472717576491993,326.9699946422458,0.3659943131099911,1.6763058579913859,0.994771713901036,0.0012676663962463356,0.9935040475047897,0.0015006579433523076,0.0,0.0037276281556116245,0.0,0.0,0.0,0.0,1.0,1.0380380035959262,,,0.18699916418064566
B001706,12441.541089084818,7.7711062392784624,15.436420557005269,14.636377457694586,0.09451051236454626,0.3996628763540575,0.016385254233529874,0.27565924276890014,1.326578269871765,0.5016358094577648,0.0,3.690456571442759,1.257701338915026,0.9947342495911471,2.296390515832449,0.6218891123142019,0.6218891123142019,0.0,0.16184328204883763,0.0,0.21626760563696046,0.0,0.0,1.0,0.0,1.0,0.11815012257910366,,,0.1858426376147888
B001707,15577.687661415586,7.2219228842909535,12.76551739483178,5.294002369816203,0.0,0.2080572786842307,3.308380531991824,119.77599929098092,4.082374148652937,0.4196206780207003,1.4107455767920893,0.666937392507213,0.0,0.6422450883180136,1.3287050419449344,0.9412920032288089,0.9412920032288089,0.0,0.0,0.0,0.05870799677119104,0.0,0.0,0.0,0.0,0.98,0.45193625581512925,,,0.18816800894164298
B001708,2546.311985817846,7.883318841541319,23.673055270007563,4.9088024428177714,0.0,0.32784384052551846,0.024668997675341024,1.4842543724069273,5.483569988542124,0.38778289344432665,0.0,1.5591618751910794,0.12429766028041057,0.32850642408337916,3.0303038564610656,0.3019995151546478,0.3019995151546478,0.0,0.0,0.0,0.6980004848453523,0.0,0.0,0.0,0.0,0.5,,0.20485596620986735,,0.18699916418064566
B001709,1148111.1695547157,398.78817976891827,743.0565665404937,588.6921066215746,0.0,0.2381674795489151,0.016601197819409937,0.5115341734974914,4.980397720168216,0.0,1.387049080737445,386.8769100295405,4.435123429102295,1.108699509369802,2.0221443225744213,0.9867236994810538,0.9867236994810538,0.0,0.0,0.0,0.013276300518946205,0.0,0.0,0.0,0.0,1.0,0.16032904664844563,,,0.1858426376147888
B001710,23748.142652432663,9.015999488395089,14.223726038400308,6.209625986494432,0.2894880996485081,0.36500000000000005,0.008825112637109188,0.4094852263618663,5.827904571675878,0.0,0.0,0.48003599662956203,1.8495069519223337,0.858551968167314,3.180068732712639,0.3136644260403048,0.26042174371235677,0.05324268232794807,0.0,0.0,0.6863355739596951,0.0,0.0,0.0,0.0,1.0,0.23033485192672729,,,0.1858426376147888
B001711,1862.9611685023228,3.905578969606547,14.6461583856602,5.745179475499182,0.0,0.2855177130125961,0.008055603456509913,0.3142196595018165,1.424150559079126,0.20764863457216937,0.0,0.9544571929301123,0.9484273675671532,0.3708952154579857,1.5535663230201973,0.9977893701324235,0.7549502482127611,0.24283912191966225,0.0,0.0,0.002210629867576447,0.0,0.0,0.0,0.0,1.0,0.28729791648291536,,,0.18696941873279815
B001712,28195.404248201445,6.032392864399111,22.067960015741846,11.427445851879446,0.049208039598605854,0.23708064954133304,0.011625135353328517,0.04281905233123022,0.3084859076131274,1.1371113014058332,1.229416788907987,1.6148635948497376,1.3836053438305977,0.3589099277918281,2.0301529431995395,0.947425135291295,0.743622628302147,0.2038025069891481,0.0,0.0,0.05257486470870502,0.0,0.0,0.0,0.0,1.0,1.1471406594789575,,,0.18696941873279815
B001713,1516.5590668728664,2.927720206318275,10.907133132412856,7.65009596862839,0.27312876560548927,0.7056962114153569,0.015030399089044287,0.5493118744303007,1.196485355557526,0.23846612398395786,0.0,0.9592558252327458,0.21517077528217787,0.31834212626186686,2.5048569043261035,0.591325239011772,0.591325239011772,0.0,0.0,0.0,0.40867476098822786,0.0,0.0,0.0,0.0,1.0,,,,0.18696941873279815
B001714,8040.888254283612,4.8264635379853615,7.544245901260376,2.3816088903087205,0.0,0.365,1.8137520600701875,85.25360035122728,2.3721996949703943,0.0,1.2574894940830044,0.0,0.0,1.1967743489319629,2.9986307494855042,0.5010269378858724,0.24048638180660709,0.26054055607926535,0.0,0.0,0.4989730621141276,0.0,0.0,0.0,0.0,0.98,0.34779617805958146,,,0.18816800894164298
B001715,20288.766630779202,8.906394482343812,13.269202108311037,10.426587716648497,0.0,0.1550042442752307,1.4406064434027386,67.579019311297,2.011177160108124,1.6194299562774108,2.8934631768828027,1.005486058608794,0.6218188443932945,0.7550192860733852,2.5268689638823263,0.7719523509615444,0.26524976305050446,0.5067025879110397,0.0,0.0,0.22804764903845587,0.0,0.2,0.2,0.2,0.98,,0.34051184600399254,,0.27637726888891634
B001716,11789.055837387563,4.765180209129977,6.404244277674816,1.2372977331851465,0.0,0.453,0.022582825620881083,0.6551373733507893,3.531502945743129,0.5741061481979081,0.0,0.0,0.0,0.6595711151889408,1.2530588073466171,0.9787404759733778,0.9787404759733778,0.0,0.0,0.0,0.02125952402662219,0.0,0.0,0.0,0.0,1.0,0.21534494156097347,,,0.1858426376147888
B001717,763.6543130092994,1.2921392775115048,10.154836547272401,1.551114722556643,0.0,0.38197477880789443,0.5036001237512491,23.661700294526643,0.5279526131540735,0.0,0.03761231843801543,0.4204469307353003,0.12541163976860897,0.1807157754155066,1.8791657037642933,0.840297448667952,0.8111888849917112,0.029108563676240803,0.0970573698604192,0.0,0.06264518147162886,0.0,0.0,0.0,0.0,1.0,0.667557290876429,,,0.18877684261687888
B001718,2713.182279553299,1.3737631795206577,11.15534276251996,0.8663316657835752,0.13978814239365123,0.1659161088033855,0.2342794567392532,5.224431885285347,0.7632328946213314,0.31345120667038184,0.01594305881098103,0.0,0.15752233651819617,0.12361368289976755,2.3357293582586403,0.73162072999587,0.503450976035982,0.22816975395988795,0.011605390979065244,0.0,0.2567738790250651,0.0,0.0,0.0,0.0,0.6,1.2353200837535359,0.23920216510288825,,0.18877684261687888
B001719,5435.879471492962,6.094035281942782,8.785535815953141,9.603935034929782,0.0,0.0,0.016850078602152024,0.7112513386776533,2.9207891568142017,0.0,0.0,1.9396107196544181,0.0,1.2336354054741627,1.8016221707948363,1.0,1.0,0.0,0.0,0.0,0.0,0.0,1.0,1.0,1.0,1.0,0.11336630376703831,0.2563970139603588,,0.6061389938239665
B001720,1227.479364836181,1.3142177353706435,6.220416137722868,1.1502792811069316,0.042926501415320145,0.3412148768589687,0.6125594848942569,22.197758132769646,0.46146530244439105,0.27017153278216505,0.01733763853154299,0.16080455670191132,0.17069125566398827,0.2337474492466445,2.205110604287713,0.7656178984725134,0.42449198307069225,0.3411259154018213,0.0,0.0,0.23438210152748631,0.0,0.5,0.5,1.0,1.0,0.7358596808910391,,,0.4052417822251656
B001721,2099.2143156558313,5.0220438173584485,7.217030271357799,6.7137755755351725,0.0,0.3882876023721124,1.7630955738098881,82.84935126243155,1.8311415771541313,0.0,0.0,1.2595759120631702,1.3123185822422687,0.6190077458988783,2.089936114306741,0.9062545094697002,0.6449428543012797,0.2613116551684204,0.0,0.0,0.09374549053030001,0.0,0.0,0.0,0.0,0.98,,0.3683335594714598,0.795235762300863,0.18816800894164298
B001722,573.8432438439985,1.328340842231478,9.94426943497944,1.8941999096818312,0.0,0.2516305388126538,0.26663686763481076,5.856136745950614,0.359214402648528,0.0,0.02404453183106134,0.5672684915246147,0.19218925338165255,0.18562416284562158,2.3382345234159567,0.7295766333247092,0.7114754569800377,0.018101176344671416,0.0,0.0,0.2704233666752911,0.0,0.3,0.3,0.3,1.0,0.8230188810057282,,,0.32025669999791706
B001723,16627.804234703064,7.350930254068552,19.556609996805058,12.26967988982116,0.0,0.24928428596905072,0.03816150215423808,0.1921098927988729,0.481667896997836,0.0,1.644692061233295,1.7658820553580135,2.8296839726030294,0.6290042678763784,2.123477685333452,0.5495329495517773,0.5111040675699343,0.038428881981842924,0.38494229638988503,0.0,0.06552475405833774,0.0,0.0,0.0,0.0,1.0,0.5824781228732733,,,0.18696941873279815
B001724,12021.304434205986,8.525747825678003,26.15333696950196,11.277147313678192,0.0,0.04632412969776025,0.015556770125101564,0.45200039266082387,1.9043377649612883,1.2891390038681827,1.017079714690312,1.7027436867542625,2.262620519391409,0.3498271360125502,1.8575611719280885,0.9829538488176778,0.6320306510177808,0.35092319779989717,0.0,0.0,0.017046151182322257,0.0,,0.0,,0.95,,0.4546810486325927,0.6299935189646427,0.18696941873279815
B001725,1099.2386685685437,3.2618358117760944,9.074644963466216,4.6453258056908995,0.23832022454010748,0.3138206943409406,1.552941765215074,72.89199321579565,1.2610085035578849,0.5367910597829089,0.03501436555890936,0.8113066363275933,0.0,0.6177152465487972,1.8515735018837602,0.9938338281909367,0.5805396668957813,0.4132941612951551,0.0,0.0,0.006166171809063391,0.0,0.0,0.0,0.0,1.0,,0.4111074022010102,,0.18699916418064566
B001726,475.87742106260737,1.5203751471648799,11.581173429095825,2.899249646477326,0.0,0.6196565094030456,0.23398454047394182,10.90552411340424,0.6355645018883965,0.3429232137178857,0.0,0.3048961330845111,0.0832646721411694,0.1537266263329172,2.512750474193281,0.5321768440390788,0.276870904613863,0.2553059394252159,0.0,0.0,0.4678231559609212,0.0,0.0,0.0,0.0,0.6,,,,0.18877684261687888
B001727,11097.006071394639,2.706586846681619,12.327080826403968,4.685293495222133,0.0,0.291315231158462,0.45117096369292087,10.031204790029886,0.6184058745946185,0.5320288555437872,0.0,0.8352804371487821,0.47733693449481635,0.2435347448996153,2.3801841744091177,0.5749500033413363,0.08997854445284044,0.4849714588884958,0.19656818187677047,0.0,0.22848181478189333,0.0,0.30000000000000004,0.30000000000000004,0.30000000000000004,1.0,,,,0.32025669999791706
B001728,5054.10167700532,11.460548020420227,15.16926124031519,16.225184289163174,0.0,0.4660077029997401,0.018869618072808854,0.5668479484276981,4.650176328576449,0.0,0.6656574375808522,1.7929024191485736,2.7226246933845335,1.629187141729818,2.4453149238475564,0.5904504963823289,0.43400924977230576,0.15644124661002318,0.0,0.0,0.40954950361767095,0.0,0.5,0.5,0.5,0.5,0.3768155016573327,0.3332544958024875,,0.4023874260919753
B001729,5323.234005113186,9.82146495408337,13.255905301199643,13.903972074869484,0.14296391243336937,0.2997490690283857,0.03990049279590544,0.33951697139959186,4.294167531120307,0.0,1.5189334508922325,1.6019207145212948,1.5072392136604538,0.8992040438890825,2.7564063182039353,0.5627772892133609,0.24501876948092502,0.31775851973243585,0.0,0.0,0.4372227107866393,0.0,0.0,0.0,0.0,1.0,0.13026117220973094,,,0.1858426376147888
B001730,2737.3807935775862,1.0444032024332646,7.545987606065771,0.8403371733086278,0.0,0.39871801728434086,0.39034810520683705,8.692437303947056,0.4869728077916966,0.26258147302858564,0.04343005848576839,0.11195147934729241,0.0,0.13946738377992135,3.0761621161177053,0.22312741243503398,0.22312741243503398,0.0,0.2930013339689157,0.0,0.48387125359605015,0.0,0.0,0.0,0.0,1.0,0.3560816195148517,,,0.18877684261687888
B001731,3086.070629862784,1.9619012268676312,12.631813973740256,1.8191708186405693,0.0,0.10805663613865772,0.2593305184557099,12.132490533929113,0.5589598521947942,1.007859679635022,0.04623922560919951,0.0,0.1271152759132671,0.22172719351534861,2.7042450352584733,0.25766537643551435,0.23409679664364325,0.02356857979187107,0.5785076944777636,0.0,0.1638269290867222,0.0,0.0,0.0,0.0,0.92,,0.32117165054255975,0.5392524320139165,0.18877684261687888
B001732,14185.623761108656,8.772803810209435,22.581264704423514,6.30900407321302,0.2468549520474855,0.3125460628818914,0.028730295740511995,1.2606726426030426,5.871603893048835,0.2946868023020701,0.0,1.6432679155878078,0.3357668814091218,0.627478317861602,2.9114206831759404,0.4494474241001055,0.4158564754504702,0.03359094864963531,0.0,0.0,0.5505525758998948,0.0,0.0,0.0,0.0,0.5,,0.12311011188228918,,0.18699916418064566
B001733,1009.6662987920839,0.9831220046660992,5.366703396399175,0.4700756690831344,0.2653328110189333,0.365,0.2847532489786532,6.356157355181785,0.5300295072346889,0.0,0.0,0.14121892167732975,0.04112544030110412,0.2707481354529764,2.019087217434273,0.9534728615267741,0.7679980566571953,0.18547480486957876,0.0,0.0,0.04652713847322593,0.0,0.3,0.3,0.3,1.0,,,,0.32025669999791706
B001734,4197.332370537784,1.011893049792137,8.289792891323687,2.136322489979846,0.10632734651286793,0.36499999999999994,0.3544374755886766,12.830636616310095,0.19494061157377215,0.0,0.0,0.5492580100535566,0.17134964107154027,0.09634478709326777,2.673807338845344,0.617642703700254,0.07484027001777636,0.5428024336824777,0.16933572288764992,0.0,0.21302157341209574,0.0,0.0,0.0,1.0,1.0,0.45580713808977424,,,0.18877684261687888
B001735,5557.115453172928,7.761334431805765,11.101972233244352,9.122416241274642,0.15955743714863224,0.21749875192148352,2.1120156487218065,76.39863888311795,2.759201186240451,0.0,1.9358821697894855,1.4954374534343207,0.7213336016494394,0.8494800206920702,2.797543855329152,0.42265041408008464,0.17322395439084798,0.24942645968923668,0.1926778786011402,0.0,0.38467170731877537,0.0,0.0,0.0,0.0,0.98,0.4521905826644699,,,0.18816800894164298
B001736,2947.32128667657,4.871605432523256,10.179047661289783,5.395868852700913,0.0,0.365,1.367455866185764,64.25821606855855,2.126322327366134,0.0,0.7548364725521647,1.0947188281108835,0.5444489680460278,0.35127883644804586,1.7816160298772648,0.8565734284686799,0.6318592468146305,0.22471418165404913,0.1117596602572203,0.0,0.03166691127409998,0.0,0.2,0.2,0.2,0.98,,,,0.27637726888891634
B001737,3811.3521464686537,3.6058203845493413,9.481377248217152,5.0918072984460645,0.0,0.38086957148846423,0.015906984204415622,0.059720984457748,0.4351778281718291,0.0,0.5653294290085421,0.6333615344469385,1.0430152520761065,0.9289363408459247,2.2025215995041694,0.8203823622248259,0.35547379559011794,0.4649085666347078,0.0,0.0,0.1796176377751742,0.0,0.0,0.0,0.0,1.0,1.035875819261557,,,0.18696941873279815
B001738,2705.8035871559778,4.4724026233983105,7.9674677388010435,8.412521855315084,0.0,0.47506301506362786,0.034207771998056864,0.8267161892181201,1.4064765402604575,0.0,0.6703605946623209,1.4212282693242524,0.0,0.9743372191512788,2.443702280921645,0.6232626696457434,0.1555970679300151,0.46766560171572835,0.0,0.0,0.3767373303542563,0.0,0.0,1.0,0.0,1.0,0.29520105314798406,,,0.1858426376147888
B001739,1711.3519227428371,1.1657710645387174,7.424648048334205,2.6153337371943928,0.0,0.365,0.8612155647594059,31.127615976457644,0.17948425859806005,0.0,0.0,0.8351468504917929,0.0,0.1511399554488644,1.7017780923530519,1.0,0.2836098991509527,0.7163901008490472,0.0,0.0,0.0,0.0,0.0,0.0,1.0,1.0,0.4274463514625242,,,0.18877684261687888
B001740,5240.429681957912,4.533243669513765,8.576870489186595,3.823985416253615,0.05653863879286465,0.4189328905075268,1.517237885217105,71.26193520413347,1.9826451343758562,0.0,1.4436701073002984,0.30352718487529573,0.0,0.8034012429623127,3.1908327899318194,0.11802820245673856,0.051072352076021656,0.06695585038071691,0.3184629401258605,0.0,0.5635088574174004,0.0,0.0,0.0,0.0,0.98,0.3568655789438414,,,0.18816800894164298
B001741,5999.134271303005,8.309050237261781,16.780334368543414,14.197784092753874,0.0,0.5245584488414707,0.012179169449575086,0.13397086394532595,2.7820437828978624,1.2235256033372963,0.7169882730940216,2.6390389723795664,0.4039381698651767,0.543515435687856,2.576628216932876,0.6565241900703167,0.5092720290651493,0.14725216100516744,0.0,0.0,0.3434758099296833,0.0,0.0,0.0,0.0,1.0,0.2618980532550052,,,0.1858426376147888
B001742,2539.5051669849113,3.386006889313215,5.061239253754395,3.6784311885728833,0.0,0.43725895195234,1.8753816598230664,67.8565611039013,1.1397560463085685,0.0,0.0,0.7572237272093149,0.7678671210259401,0.721159994769392,2.4283106309354054,0.6633922837233963,0.6633922837233963,0.0,0.0,0.0,0.33660771627660385,0.0,0.0,0.0,0.98,0.98,0.3211894467992958,,,0.18816800894164298
B001743,15412.837109412278,5.4539409445903315,19.93875113891263,7.392407993253467,0.20252836185891587,0.04291858650470876,0.012132369177331886,0.29212683618397256,1.648200189847881,0.0,1.3610103626687913,0.7379662102800191,1.450053181428315,0.2567110003653256,2.5633980885015784,0.4408873546408904,0.30557855357805624,0.13530880106283416,0.2495462229048801,0.0,0.30956642245422955,0.0,,,,1.0,0.07540058801641907,,,0.18696941873279815
B001744,1048.4884771905206,2.6277906696504276,14.629623668069868,5.921551892778393,0.15315371740377615,0.43362004265673215,0.3025699594617749,14.182102061667564,0.824465476218048,0.22716973741185426,0.04694491698958493,1.0086909125656727,0.13509647654897267,0.38542314991629445,2.2384595916559364,0.6348407946456898,0.616976009017301,0.01786478562838872,0.05141066908763491,0.0,0.3137485362666752,0.0,0.0,0.0,0.0,0.6,1.1973917363392168,0.35024508336547744,,0.18877684261687888
B001745,7221.696399880497,2.6308547904846984,13.216570899558542,3.881855109315526,0.0,0.4014013260766256,0.32632240175163596,15.31416107711555,0.8915322099715194,0.41944879063432733,0.05218255308951546,0.9034102709973479,0.1347724952133262,0.22950847057866175,2.186499246870425,0.6611245085832856,0.5900620352841043,0.07106247329918114,0.0,0.0,0.3388754914167144,0.0,0.0,0.0,0.0,0.6,0.5798259422029797,,,0.18877684261687888
B001746,1076.3833151336644,3.494751023161248,16.34119318871774,5.981399712562631,0.0,0.2563060245863021,0.3618645863405019,8.04290389179043,0.9886355721790709,1.0176870585804794,0.024048405994373783,0.8325694218739822,0.4452916388340521,0.18651892569928988,2.449973182744272,0.41902269337707776,0.22758585282907723,0.19143684054800045,0.29808574564276974,0.0,0.2828915609801526,0.0,0.0,0.0,0.0,0.6,0.8015240517424799,,,0.18877684261687888
B001747,6034.0137927864325,4.7624418254036565,8.208929501453728,3.770362304726938,0.0,0.26928019070295844,0.012329084498749164,0.5720695207419613,1.5221091973764402,0.0,1.937302400716514,0.4663166209221728,0.0,0.8367136063885289,2.703392423561728,0.6734979587472036,0.1687948862986578,0.5047030724485458,0.0,0.0,0.3265020412527962,0.0,1.0,1.0,1.0,1.0,0.12765158114309347,,,0.6061389938239665
B001748,17790.193333149222,6.392451790567453,11.287584416340678,12.573619683776514,0.0,0.42797701678757016,0.011286270016850933,0.25168382137577583,1.393366668747029,0.0,1.0092958786959891,1.1817004029835476,2.23226401170699,0.5758248284338976,2.2433160520437823,0.7693663067752935,0.5845075950166477,0.18485871175864574,0.0,0.0,0.23063369322470642,0.0,1.0,1.0,1.0,1.0,0.19012734455721805,,,0.6061389938239665
B001749,2321.112787146133,6.575390331858734,18.161558107700447,9.91902146155008,0.03736741930360396,0.258740837133534,0.03143924457116597,0.7010951539370011,2.3046139506311976,1.1923654711200584,1.7079750589618465,0.9685150257914239,0.0,0.4019208253542065,1.8138027205518237,0.9553689841013473,0.5483224135296687,0.40704657057167876,0.0,0.0,0.04463101589865234,0.0,0.0,0.0,0.0,0.95,,0.42763671112634155,0.5278303028617803,0.18696941873279815
B001750,12907.42741431198,5.8537085779192655,15.515046676550797,5.336520256505534,0.0,0.06534299366283404,0.021946899916146196,0.4367032948954948,1.8124267908437015,1.593821627247746,0.0,0.3632107148475229,1.6416187107992803,0.4426307341810153,2.7377716545319837,0.6811592674288616,0.40888373371681624,0.2722755337120453,0.0,0.0,0.31884073257113854,0.0,0.0,0.0,0.0,0.95,0.5411795867450223,,,0.18696941873279815
B001751,19035.97053808816,18.58981497860172,33.31248428286978,2.637141166593212,0.0,0.22132116049547165,0.08085593509923883,5.385005277609306,16.171187019847764,1.6185965526486132,0.15654831358310087,0.0,0.0,0.6434830925222389,3.5425174371868615,0.021494283569272077,0.021494283569272077,0.0,0.09549018472077532,0.0,0.8830155317099525,0.0,0.0,0.0,0.0,1.0,0.23438871630612496,,,0.18699916418064566
B001752,13083.00741829165,10.424707106208487,18.732674889226555,7.085052973603682,0.0,0.39474115890967887,0.04502739672999112,1.9283024328059803,7.563131285723064,0.6950447723119463,0.029671659487367247,1.4157974121683887,0.0,0.7210619765177201,1.8415160318431931,0.7595239811711252,0.6208659779362047,0.13865800323492058,0.0,0.0,0.2404760188288748,0.0,0.0,0.0,0.0,0.5,0.1073077040667515,,,0.18699916418064566
B001753,50498.64842425215,11.419866219867062,21.577851355360302,16.623376227619673,0.07650066641319173,0.12723075953443805,0.018500679171155443,0.39675399738347883,3.079316022409358,0.5687848218486243,1.1839722054208632,2.636739664502944,3.356074877148783,0.5949786285364886,2.7412666188895067,0.4959787873828287,0.09842184624534334,0.3975569411374853,0.2308905913377362,0.0,0.2731306212794351,0.0,0.5,0.5,0.5,0.5,,,,0.4023874260919753
B001754,4088.774627357213,8.19393712897237,18.82067145682105,12.048010294570254,0.0,0.3535249429113335,0.01080725314153172,0.2907344722072773,2.442538664773125,0.6135603063721535,0.9368108370725232,2.2321644216979246,1.4846415567465852,0.4842213423100581,2.3031607676019603,0.7019090302588821,0.6270292384427222,0.07487979181615984,0.0,0.0,0.2980909697411178,0.0,0.5,0.5,0.5,0.5,,,,0.4023874260919753
B001755,25727.778393587076,5.922600919334041,12.302043782365867,8.137656069313731,0.0,0.29308746179853573,0.012779811967579583,0.28498980687702474,3.1477369378274833,0.6393808902618917,0.0,1.680386066135235,0.0,0.4550970251094311,2.834065680662602,0.34636823616977264,0.06264389123717783,0.28372434493259485,0.1079560988441183,0.0,0.5456756649861089,0.0,0.0,0.0,0.0,0.5,,0.2881821786987155,,0.18699916418064566
B001756,2467.80977631388,4.09935178789681,7.949475688494705,3.4761634238249624,0.0,0.4421647302455036,1.2238546049830903,57.46471075781016,1.5163898973670138,0.8964310081069969,0.0,0.0,0.7391079215924996,0.9474229608302992,2.23192737336128,0.8793553220608888,0.8793553220608888,0.0,0.0,0.0,0.12064467793911098,0.0,0.0,0.0,0.0,0.98,,,,0.18816800894164298
B001757,3381.8988896881265,2.525689984830565,9.319428275921723,2.0708496871790905,0.0,0.45299999999999996,0.01206724596397761,0.4303712197823407,1.2615413918022946,0.0,0.0,0.0,0.960874254851098,0.3032743381771717,3.0268692319951955,0.4597914174222064,0.07935111769335508,0.3804402997288513,0.0,0.0,0.5402085825777935,0.0,0.0,0.0,0.0,0.95,0.94707216841367,,,0.18696941873279815
B001758,41759.44577545642,10.138248549516003,15.453604575664457,9.63641232457064,0.29738358089525907,0.36499999999999994,0.009330729107842656,0.20807525910489125,6.1618022410281705,0.8524093066063223,2.270182457951899,0.0,0.45233863826927123,0.4015159056603392,3.0596251557128595,0.3922222156091908,0.34760517588482287,0.044617039724367945,0.0,0.0,0.607777784390809,0.0,0.0,0.0,0.0,1.0,0.14379806156504324,,,0.1858426376147888
B001759,5155.147768579318,2.143512585687866,9.653982065641436,2.131426930012868,0.024808392268544137,0.368763729342257,0.6066382410227776,21.932825688605597,0.7571494129293013,0.6761849946944462,0.05615479854156321,0.12715848840393223,0.23184137818683356,0.29502351293178963,2.659603974993162,0.6467716504280159,0.5612516081527944,0.08552004227522139,0.0,0.0,0.35322834957198423,0.0,0.0,0.0,0.0,1.0,,,,0.18877684261687888
B001760,3985.638365935472,5.551028364812635,9.354959532430147,3.082383013291558,0.0,0.3805547714935759,0.04264108800753702,1.0468105944056063,3.1353090654159494,0.0,0.0,0.3356203439920103,1.2552134796990744,0.8248854757056018,3.030356776610841,0.21063534108257678,0.1501744098937774,0.06046093118879939,0.22612269244663494,0.0,0.5632419664707884,0.0,0.5,0.5,0.5,0.5,0.2493796316335185,,,0.4023874260919753
B001761,10051.106769430864,8.002473542540496,13.788748089772918,14.165919631811054,0.09688257066657899,0.10784919368420363,1.1122566625781303,24.829448899825966,1.9125473569540015,1.3774582617159954,1.6180138919822245,1.6329348631208542,0.7662514798183168,0.6952676889491082,2.27539215865708,0.5888764141261335,0.38482264819484907,0.20405376593128433,0.1721290616449451,0.0,0.23899452422892192,0.0,0.28,0.28,0.28,0.7,0.3659562058061198,0.3246060618595342,0.3115018418762321,0.3110513158581213
B001762,624.5767600238404,1.2643254251494744,5.903358578412812,1.1773631507923938,0.20059133137425128,0.4486624350470675,0.3279554558337749,11.909785735582096,0.5788402484025618,0.21426149728766516,0.12531087181101808,0.0,0.0,0.34591280764822946,2.172874452532383,0.7605188504671252,0.7605188504671252,0.0,0.0,0.0,0.2394811495328746,0.0,0.5,0.5,1.0,0.5,,,,0.4052417822251656
B001763,5498.884433499746,6.593386610910966,9.616531329784447,8.246044016225472,0.0,0.18734480227520872,4.376565839475704,158.3624076004809,1.4380199570644467,0.8321644033713393,1.9665363655895627,0.849793397395003,0.5166011428879352,0.9902713446026795,1.942707023168553,0.9167785974694377,0.8384271866734977,0.07835141079593994,0.0,0.0,0.0832214025305625,0.0,0.0,0.0,0.9800000000000001,0.98,,0.358142220233972,0.4407409627564459,0.18816800894164298
B001764,1841.9788114956316,4.74736807086503,13.246876269651459,5.020000449707579,0.0,0.365,0.011020251925133001,0.3372317822054177,2.2204178923051985,0.5992644021273964,0.8227287620502144,0.7742663020354776,0.0,0.3306907123467436,1.5784874697750055,0.8737691299300914,0.7106753292224508,0.16309380070764065,0.12623087006990863,0.0,0.0,0.0,0.0,0.0,0.0,1.0,,0.16676536091274952,,0.18696941873279815
B001765,12361.458076179168,5.501316455798473,8.638093628997451,3.930690690756778,0.0,0.020999999999999998,3.5253748077646385,78.63294577181304,2.342199825859033,0.0,1.74418952838598,0.991571192380737,0.0,0.42335590917272237,2.0548831433096915,0.7915084296786105,0.7915084296786105,0.0,0.18024252928326012,0.0,0.028249041038129318,0.0,0.0,0.0,0.0,0.98,0.30645857109938623,,,0.18816800894164298
B001766,8978.696683517643,3.263793778087111,8.235592538613137,1.043317749786167,0.16184360223873268,0.4455233260174743,0.010056926111612829,0.22426945228896608,2.4770753969489725,0.0,0.1237152954312239,0.23705447085163128,0.03086363355986212,0.39508498129542063,3.350741329848386,0.23221581884072076,0.15958424743348326,0.07263157140723744,0.0,0.0,0.7677841811592792,0.0,0.0,0.0,0.0,0.5,0.28483582026142434,0.2248140985712663,,0.18699916418064566
B001767,13648.570401776906,6.104011807592534,25.116726406277763,10.171078811583717,0.01655841253001828,0.4309683043127023,0.7205882188726822,33.74555249232359,1.8369480462955472,3.0716400305008733,0.07573104633744158,0.778973168403035,0.0,0.3407195160556372,1.5230666485318067,0.9909000579551002,0.8508767025485223,0.14002335540657776,0.0,0.0,0.00909994204489994,0.0,0.0,0.0,0.0,0.9,,0.36908718355398373,,0.18877684261687888
B001768,13051.217614086594,7.37773748676461,11.218835203437477,8.272435677048415,0.05332346303230026,0.315277725649447,1.761421332156346,63.67260743197884,2.2935346657908777,0.9790315218009747,1.6257974373772044,0.6194424656503975,1.1463929202183145,0.7135384759268409,2.746867853885168,0.326379190793148,0.24241815710746112,0.08396103368568678,0.37575074507174144,0.0,0.2978700641351107,0.0,0.0,0.0,0.0,0.98,0.3765080984033118,,,0.18816800894164298
B001769,56612.144151406275,13.566293829716336,18.510661466621738,21.773807234739532,0.0,0.096398691170314,0.019713878379694755,0.7136423973449502,4.503170188255147,0.0,0.0,5.420808919762921,2.9290324674512,0.7132822542470701,2.509531367557116,0.6680618712244636,0.05257753246392603,0.6154843387605375,0.0,0.0,0.33193812877553647,0.0,0.0,0.0,0.0,1.0,0.20792045575552282,0.28305375709908087,0.5231952151676853,0.1858426376147888
B001770,3585.6101422683178,1.8851788340001672,9.67085856029797,2.7349242448838122,0.0,0.5904719909363303,0.9744284421498587,35.21291007537963,0.7565258771209765,0.14664267469568157,0.0,0.4242998213349238,0.16447524357805451,0.39323521727053096,1.8127540886787916,0.7749286095926504,0.7749286095926504,0.0,0.22507139040734964,0.0,0.0,0.0,,,,1.0,1.1441267821919865,,,0.18877684261687888
B001771,13934.61253033631,5.056100337567601,16.02449718704418,8.760211542706212,0.02631420304256519,0.433,0.017754492890065678,0.6048832215000588,1.5922005601108316,1.2126467202498257,0.9657531666156663,0.8785577133769605,0.0,0.40694217721431714,2.5845629919950825,0.4666560641410703,0.4666560641410703,0.0,0.19100751609693584,0.0,0.34233641976199375,0.0,0.0,0.0,0.0,0.95,0.6564748472801301,0.6274679060349757,,0.18696941873279815
B001772,1379.2320382094574,1.285397985283744,9.175955107465354,2.118334387821506,0.0,0.4120309049470068,0.21300681424530343,7.631680146715471,0.3246503946538045,0.0,0.03715790990279988,0.4387619466218558,0.3242615240294349,0.1605662100758491,2.648136096083251,0.36007696326285255,0.10781149549190681,0.2522654677709457,0.37025097438564847,0.0,0.2696720623514991,0.0,0.0,0.5,0.0,0.5,1.2640279932367338,0.4210348972477989,,0.18877684261687888
B001773,17728.605040971408,5.079829524633642,12.974386354303608,6.465053540922953,0.0,0.021,0.016527315938912705,0.5982888369886401,1.6527315938912708,0.0,1.6225113564812415,1.4078270425702097,0.0,0.3967595316909189,2.4014950870903724,0.6611725492773367,0.38403194136062874,0.2771406079167081,0.0,0.0,0.338827450722663,0.0,0.0,0.0,0.0,1.0,0.7180552871480451,0.44386546218370504,,0.18696941873279815
B001774,26906.866628019485,7.714124606656962,10.38630514235552,11.349782393854225,0.0,0.3185753252371389,0.01869075623758608,0.36593204552354086,1.9152164834410934,1.3277024439591778,1.2138502180486919,2.605305414184335,0.0,0.6520500470236665,2.35982262925015,0.7095956063391959,0.5374824358034977,0.1721131705356985,0.0,0.0,0.290404393660804,0.0,1.0,1.0,1.0,1.0,0.2104072196679394,,,0.6061389938239665
B001775,11783.019882904762,2.591383303915716,11.350492732469187,3.6449070464910456,0.0,0.28406215807767726,0.637137855323457,29.8643612321931,0.7939315930425127,0.3993027109137517,0.059682200324722504,0.8875027030870846,0.27248527359345565,0.17847882295418893,2.408012460949315,0.667203655046635,0.32472143647788015,0.3424822185687549,0.0,0.0,0.3327963449533648,0.0,0.0,0.0,0.0,1.0,,,,0.18877684261687888
B001776,3581.306905681301,2.3939217283965917,5.472603040127538,1.395276281627744,0.3111468792429167,0.3569843847609381,1.1627901567182373,54.65113736575715,1.4534876958977965,0.391714682263491,0.06003570032844863,0.0,0.06852625316517892,0.42015739674167646,2.9876073615094576,0.3677640424609966,0.33913894066576084,0.02862510179523566,0.02507838899505688,0.0,0.6071575685439465,0.0,0.0,0.0,0.0,1.0,1.285018477697717,,,0.18699916418064566
B001777,1458.8824789277082,3.045683672082898,5.903996377419705,4.247752804128851,0.5551436770811722,0.36500000000000005,1.0922854563912294,51.32567756107665,1.5117285908961573,0.0,0.31811536465246676,0.40302667005972065,0.25800601593081096,0.5548070305437417,2.8142436650106655,0.5043498560169655,0.41963783608668664,0.08471201993027873,0.0,0.0,0.4956501439830342,0.0,0.19999999999999998,0.19999999999999998,0.19999999999999998,0.98,0.2929521207511181,,,0.27637726888891634
B001778,1974.2760707908221,1.6302857727422149,10.82372021947923,2.274591855192479,0.0,0.47000000000000003,0.2757435791213562,12.935680158183974,0.7352229336871797,0.0,0.0,0.5725528868552271,0.0,0.3225099521998081,3.0559367084183675,0.19464906803703924,0.19464906803703924,0.0,0.3511978675322469,0.0,0.45415306443071396,0.0,0.0,0.0,0.0,0.6,1.5663247084508043,0.43029541035627356,,0.18877684261687888
B001779,2532.3927202834248,6.378822973006108,16.434111617680077,10.093515526801026,0.0,0.2887948188012003,0.021838846226396067,0.656542348295357,1.772759572249707,1.1938178524540768,0.6188169879446055,1.061247740317456,1.325778757816226,0.406402062224037,2.286990129632568,0.7035017688158134,0.4401201488254552,0.2633816199903582,0.0,0.0,0.29649823118418656,0.0,0.0,0.0,0.0,0.95,0.5953276239379212,,,0.18696941873279815
B001780,2291.5843208402903,4.8345660777221315,13.510305659111129,6.654413247352673,0.1392832542864789,0.4195976353146335,0.010116596450724564,0.3662207915162292,2.310897666409165,0.0,0.8570493917327318,1.078320437735176,0.0,0.58829858184506,2.83182513589016,0.3404921689931475,0.11744827624254092,0.22304389275060663,0.1772753496290078,0.0,0.48223248137784486,0.0,0.0,0.0,0.0,1.0,,0.5021057075503556,,0.18696941873279815
B001781,1566.675762860126,2.922902542649489,10.219996817959403,6.953476027927514,0.0,0.38880344262277367,0.011026114010014746,0.03683821147888934,0.34154444560185654,0.8891082442249204,0.0,1.0868513895284153,0.21128930712984031,0.3941091561644563,2.0150568267424926,0.8499536224516658,0.7776661260172771,0.0722874964343886,0.0,0.0,0.15004637754833428,0.0,0.0,0.0,0.0,1.0,,0.4369453943262006,0.4645286062707061,0.18696941873279815
B001782,2600.5495799929417,5.474841221037772,15.381702247067283,9.23642935831086,0.3058715592255506,0.3755229369473345,0.013377528437800159,0.4413136290206793,2.1718548202475354,0.0,0.46436632849196624,1.0800681650476875,1.1995688016858341,0.5589831055647468,2.489788968911508,0.5828786483149451,0.5210505688400001,0.06182807947494493,0.0,0.0,0.4171213516850545,0.0,0.0,0.0,0.0,1.0,,,,0.18696941873279815
B001783,10918.170432336836,6.923380109281443,11.12390815278626,1.9603092059142269,0.26647091969917475,0.35808230371481936,0.008165082756455463,0.18208134546895682,5.392035782564928,0.26187462359192315,0.0,0.5861579845130466,0.0,0.6833117186115463,3.3833480934989777,0.1818668711876952,0.1818668711876952,0.0,0.0,0.0,0.8181331288123049,0.0,0.0,0.0,0.0,1.0,0.14847916736382108,,,0.1858426376147888
B001784,26656.38001688379,5.835459723485944,20.527739102050667,10.49453808356844,0.0,0.34715695976101063,0.018461928278569746,0.5140969963224743,1.3553426014878618,0.0,1.115947302988479,1.6116539165176806,1.1750275240714236,0.5774883784205005,2.6315335797935737,0.7078882198232059,0.5065283304999542,0.20135988932325186,0.0,0.0,0.2921117801767942,0.0,0.0,0.0,0.0,0.95,1.1444783335232884,,,0.18696941873279815
B001785,7347.86459862566,2.1681512536517142,6.631463398853721,5.530250357998175,0.4268094855238994,0.3925220492365883,0.011178016436191233,0.2601902734058738,0.4191193577583947,0.3062019797637539,0.324972304220501,0.7104443136691183,0.0,0.4074132982399459,2.5403462099665455,0.7832670102397253,0.4555941541728107,0.3276728560669145,0.0,0.0,0.2167329897602747,0.0,0.0,0.0,0.0,1.0,0.9991560969983975,,,0.18696941873279815
B001786,17874.363234609773,7.059385163747936,17.17955137703343,9.187006264901699,0.0,0.3031124843843496,0.012908364669002683,0.47166867216147274,2.359288431525238,0.10628210769716974,0.4597313784084602,1.5567287757913781,1.7247447420818587,0.8526097282438334,2.6332618347296326,0.6398553353377892,0.574731904933493,0.06512343040429625,0.0,0.0,0.3601446646622113,0.0,0.0,0.0,0.0,1.0,0.1980156745770458,,,0.18696941873279815
B001787,6394.78707038489,10.87548821494029,15.461973698006208,15.615480008144672,0.0,0.18562216849968824,0.019664570796861968,0.9124360849743953,1.942632583768573,1.4631999830640834,1.2026900284622952,2.2415938596774443,3.020102104136225,1.0052696558316667,1.80589896646807,1.0,0.7042146457930543,0.29578535420694557,0.0,0.0,0.0,0.0,1.0,1.0,1.0,1.0,0.22970186681361612,,,0.6061389938239665
B001788,3447.894748320953,4.104636605143992,10.188913061396418,2.2816812763098087,0.27387331932390757,0.24,0.012972622012858485,0.4727850174510705,2.698178209030283,0.0,1.1117058561750408,0.0,0.0,0.2947525399386676,1.4921838976817805,0.9735132128590009,0.7026717320853231,0.27084148077367787,0.0,0.0,0.02648678714099901,0.0,0.0,0.0,0.0,1.0,0.18534759960601124,,,0.18696941873279815
B001789,6100.455113395951,5.535803188199592,9.654891813530243,2.802832774464899,0.0,0.39586709449220797,0.022722331687857308,0.6516561989854174,3.5459578819529805,0.45617160341139884,0.0,0.0,0.9608038803458749,0.5728698224893389,1.9150444183658004,1.0,0.8264382154347585,0.17356178456524152,0.0,0.0,0.0,0.0,0.0,0.0,0.0,0.5,0.677407287654437,,,0.18699916418064566
B001790,13408.525577611628,4.685019419151512,9.12552184781631,6.350988180898565,0.0,0.19770115145848977,1.1302826555959524,25.21871167154378,1.5625546618553332,1.1546299639824271,0.0,1.0436191963160186,0.47526708103973014,0.44894851595800483,2.711005807024874,0.30548224292479004,0.08272560032691902,0.22275664259787098,0.3478954726120094,0.0,0.3466222844632009,0.0,0.0,0.2,0.0,0.98,0.4304253985918272,,,0.18816800894164298
B001791,7092.550429397576,4.712658092622974,7.095637768901863,5.520778009442921,0.0,0.2571446262722468,2.2629118352628685,106.23536142972836,1.970205296221021,0.0,0.0,1.1774347250824106,0.8490762193009983,0.7159418520185443,2.1635656456992374,0.9167796414443071,0.9167796414443071,0.0,0.0,0.0,0.08322035855569297,0.0,0.0,0.0,0.0,0.98,,,,0.18816800894164298
B001792,6281.923835369516,3.2083369945707436,6.351388385826407,3.1703205528831804,0.0,0.17454315622226868,1.3782153633083778,49.91840718439981,0.8368856615679348,0.0,1.3063555023668023,0.1227914297107257,0.47240134599217126,0.46990305493310874,2.421728203109471,0.7391528187393839,0.5536383990540131,0.1855144196853704,0.0,0.0,0.26084718126061596,0.0,0.0,0.0,0.9800000000000001,0.92,0.43925335972491086,,,0.18816800894164298
B001793,3597.1737364581195,4.440955230195209,8.969846433103031,3.6464131135777897,0.0,0.1580248370898565,2.45354562979523,88.81450283664863,0.9882166794313713,0.949977420457366,1.5308885309249318,0.0,0.0,0.9718725993815408,1.831246555104516,0.9644598857570095,0.7505470289017495,0.21391285685526001,0.0,0.0,0.035540114242990785,0.0,0.0,0.0,0.98,0.98,0.4107941568879287,,,0.18816800894164298
B001794,8221.073059366496,5.5286301676977105,11.815738440606864,6.344109024987068,0.0,0.22118837000690866,0.015405255247685665,0.2797938491121988,2.8137400824647147,0.0,0.0,1.8702037524684134,0.25573472360401567,0.5889516091605682,2.707072228921092,0.49106017275226055,0.4422127472875365,0.04884742546472415,0.0,0.0,0.5089398272477397,0.0,0.0,0.0,0.0,0.92,0.2661542633636763,,,0.18699916418064566
B001795,1178.3539019295615,3.1676180159396816,10.70513014704919,4.212962347005835,0.0,0.20901428456620091,0.009010205527746772,0.20092758326875304,0.3604082211098709,0.8507709609526926,1.4363108495414385,0.2197545025455839,0.0,0.300373481790096,2.2549949413931563,0.7590714885148768,0.7590714885148768,0.0,0.06937531654377625,0.0,0.17155319494134685,0.0,0.0,0.0,0.0,1.0,,,,0.18696941873279815
B001796,18524.08517597994,4.8428980852235135,8.34437337161685,6.207582148018763,0.0,0.24,1.407623177804037,31.339914084082757,1.963390140583831,0.0,1.447056683936468,0.8181429509897127,0.0,0.6143083097135019,2.4137730112239826,0.5835934011477054,0.41465675689206805,0.16893664425563748,0.0,0.0,0.4164065988522944,0.0,0.2,0.2,0.2,0.98,,,,0.27637726888891634
B001797,6590.163864502154,10.394580227921379,28.2771454921322,8.143567247897813,0.01402809996982483,0.41950415992532014,0.02995248456600249,1.652323755110932,7.536890623562641,0.30588540492346505,0.04292860330520041,1.6457832298747368,0.13566334168853336,0.7274290245667996,2.615283436536636,0.5246518428465204,0.5205219403046277,0.00412990254189273,0.0,0.0,0.4753481571534793,0.0,0.0,0.0,0.0,0.5,,0.20146736011913036,0.36274055735925115,0.18699916418064566
B001798,16966.213789897105,9.136356375819657,12.624014224530416,23.607984928373,0.0,0.6062498004178701,0.015282365575998992,0.3407967523447776,1.8867117995060485,0.6226726241617255,0.5989063613551139,3.0411266374136563,1.6261386965573472,1.3608002568257698,1.9641239408734779,0.7934940667923778,0.7934940667923778,0.0,0.0,0.0,0.2065059332076223,0.0,1.0,1.0,1.0,1.0,0.24052328088323008,,,0.6061389938239665
B001799,1499.2053437370353,4.570747999198279,11.93302707449795,6.960528549558311,0.0,0.2878522002688482,0.01813745346175845,0.6038986058130072,1.6775962461163385,0.0,0.0,1.2713361989982244,1.200199745782269,0.4216158083014454,2.2559725665515042,0.6329711796820577,0.5329033856271962,0.10006779405486146,0.0,0.0,0.36702882031794215,0.0,0.0,0.0,0.0,0.95,0.6709371176038891,0.35198557782944007,0.28023010363793854,0.18696941873279815
B001800,1115.84969948842,3.49796144040257,12.240786944001654,5.230253125058614,0.0586567974880188,0.7130055413530847,0.007606808765155661,0.16963183546297125,1.7375959108223593,0.16773662995040559,0.34214046340677234,0.6551129800054276,0.0,0.5953754562176063,2.849896333009515,0.5032546983644326,0.3159704783502656,0.18728422001416703,0.0,0.0,0.49674530163556757,0.0,,,,1.0,0.19584550415190893,0.32698234521143915,0.5279769005696212,0.18696941873279815
B001801,3629.5079405864567,1.5590669847879968,7.659602310106779,2.462323298772258,0.0,0.3191899870011056,0.5576252246301654,20.194277441947257,0.30624043647815125,0.5505987833453995,0.037781663589596524,0.2520083609931215,0.21989560328719537,0.19254213709453283,2.4035259504348816,0.4464485413800996,0.40984780784056973,0.03660073353952989,0.35315915782814833,0.0,0.20039230079175213,0.0,0.0,0.0,1.0,1.0,0.5782715868017901,,,0.18877684261687888
B001802,44704.87262358932,10.345955247301394,20.51560010568253,15.581513913405837,0.0,0.14845576013441447,0.012876076670404614,0.21972497592356469,2.9100517470435383,0.6076274355798986,1.3913860649638548,1.396191267996687,3.568775548182882,0.47192318353453283,2.4576127849595513,0.7090309923748025,0.5740805470439215,0.1349504453308809,0.0,0.0,0.2909690076251975,0.0,0.5,0.5,0.5,0.5,,0.26304282033434145,0.6606249170336991,0.4023874260919753
B001803,5761.418076769897,1.372092897539866,5.566750412435672,1.8900664757998105,0.0,0.3990108309126482,0.7150974812821832,25.83316253592686,0.392322288808561,0.0,0.04271581465050785,0.6507089670175327,0.0,0.28634582706326445,2.562490840840025,0.7140701700941775,0.23982460830733326,0.4742455617868443,0.0,0.0,0.2859298299058225,0.0,0.0,0.0,1.0,1.0,0.3817587013419853,,,0.18877684261687888
B001804,1060.288006724825,1.2243510470263568,5.785559510062746,1.508498511398426,0.0,0.4021035269707596,0.3673503012730695,17.217986092225743,0.5972577605416931,0.0,0.0,0.2703736886645382,0.10745387613744098,0.24926572168268427,2.058138403559627,0.7537774578666666,0.6660135143486539,0.08776394351801277,0.2208302016984495,0.0,0.025392340434883785,0.0,0.0,0.0,0.0,1.0,,0.3249092810210605,,0.18877684261687888
B001805,10387.024577664803,7.833351868525492,14.835599399679042,8.248725706079728,0.015961371462845493,0.49897029104025703,0.042560605976315356,1.0487975199338393,4.166467349323903,0.14217027015201347,0.6534358076258212,0.2971546744969118,1.9426772184606522,0.6314465484661916,1.645017443208305,1.0,0.8786483107005292,0.1213516892994706,0.0,0.0,0.0,0.0,0.0,0.0,0.0,1.0,0.16975017606947485,,,0.1858426376147888
B001806,8799.36102099686,12.204384217748764,38.20219721116996,4.055896698628352,0.0,0.37686150785281286,0.06722449984902938,4.288002024716434,10.591295318658075,0.0,0.0526546650996054,0.7228716515353505,0.19809787637743,0.6394647060783019,2.0113662467858178,1.0,0.9364551047559518,0.06354489524404783,0.0,0.0,0.0,0.0,0.0,0.0,0.0,1.0,0.18769186115251493,0.3978135726329135,,0.18699916418064566
B001807,2422.3292635549737,5.394942680523327,8.769854713725286,7.8073618400308,0.0,0.23975302069664828,1.7060141980387384,61.672440760961955,1.0353752322036498,0.0,1.5043736428205576,1.0895077899953036,1.1646482371033078,0.60103777840051,2.387028584905095,0.7855594416246854,0.3677318277676368,0.4178276138570486,0.0,0.0,0.21444055837531492,0.0,0.0,0.0,0.0,0.98,,0.3779700605201989,,0.18816800894164298
B001808,7897.085954565534,4.141104328560846,10.131061815408403,4.877091889372569,0.3716777162962961,0.312786259519219,0.02166330557067247,0.7902944596873532,1.8085189083019735,0.9629893650028533,0.5423488393289545,0.4039783314184982,0.0,0.42326888450856626,2.779599458228446,0.5490283580297128,0.31648426143180847,0.23254409659790434,0.0,0.0,0.4509716419702871,0.0,0.0,0.0,0.0,1.0,0.46761501732173666,,,0.18696941873279815
B001809,14080.2694740536,8.78369898568534,14.613738142990998,10.508677586509023,0.0,0.11250056653560513,3.7263129995705815,25.742418185151337,3.5447743325471954,0.38671147828041913,0.0,1.4729502485745287,2.852686310228875,0.5265766160543225,2.154786353863903,1.0,0.5075381606481704,0.4924618393518298,0.0,0.0,0.0,0.0,0.0,0.0,0.0,1.0,,0.12575047021799646,,0.1858426376147888
B001810,307.060375694296,0.8144837551572838,6.6960168792687575,1.2857977876913729,0.018687609857072254,0.4575293567830301,0.34608309731590675,7.797157290355924,0.42623334117924205,0.0,0.012771157724004995,0.0,0.16406172525906135,0.21141753099497537,3.0687820207595555,0.4523335005273817,0.4366534361391867,0.015680064388194918,0.0,0.0,0.5476664994726184,0.0,0.0,0.0,0.0,1.0,,0.3591324585806351,,0.18877684261687888
B001811,5846.2170492792275,4.628833768233751,8.940863451416304,6.442392060088718,0.0,0.4709039030971545,1.1445419753245416,25.531438308746765,1.6011271292011264,0.0,0.5609805038206789,0.5795054040634845,0.8751785418735742,1.012042189274887,2.755473711575479,0.6540970772834478,0.21863869820087692,0.4354583790825709,0.0,0.0,0.34590292271655226,0.0,0.2,0.2,0.2,0.98,0.2427655770617311,,,0.27637726888891634
B001812,17480.349048436077,5.157966671123068,8.755549410431827,8.63336737864271,0.0,0.16424468612153406,1.4419025036240083,67.7601347824841,1.6230131090944655,0.0,0.0,1.7924538639118512,1.1084440539035236,0.634055644213227,1.8211427449519801,0.9996282998268964,0.6521165809267097,0.3475117189001867,0.0,0.0,0.0003717001731037292,0.0,0.0,0.0,0.0,0.98,,,,0.18816800894164298
B001813,9130.884185668665,2.4900147765663116,11.981940235226508,4.030301527169951,0.0,0.43299999999999994,0.36328174569673694,17.04864618583504,0.9925073358274263,0.6951551354064618,0.0,0.5190153032619301,0.0,0.28333700207049345,2.4702365587459476,0.6014050417820903,0.3929663979047865,0.208438643877304,0.0,0.0,0.3985949582179095,0.0,0.0,0.0,0.0,0.6,,,,0.18877684261687888
B001814,4333.85896645701,6.5170811525669325,11.065221951820678,6.819123496927679,0.0,0.13629224352636904,1.6671829771098767,78.21243493661868,2.160835427232433,1.6692808581678116,1.557497224980172,0.4700777750465684,0.0,0.6593898671399475,2.3998029538792465,0.6527751695819782,0.3966358306525681,0.25613933892941004,0.0,0.0,0.347224830418022,0.0,0.0,0.0,0.0,0.98,0.4584351834010757,,,0.18816800894164298
B001815,22557.042834372904,4.946719919818619,14.726060362036794,8.631882915091458,0.2812721003236577,0.17818070292485486,0.01993111413183587,0.5532546013028893,1.537919964803046,1.5701973866445442,0.0,1.0971172735734795,0.38526557548286106,0.35621971931468943,2.6739336144332757,0.6891030845224334,0.29379811601329925,0.39530496850913405,0.0,0.0,0.3108969154775669,0.0,0.0,0.0,0.0,1.0,0.5831909080402462,,,0.18696941873279815
B001816,9171.593570228217,2.66616092157797,11.713383987673819,5.593122152226775,0.40748046262805804,0.4485469346636917,0.9978928494652143,36.14112157995037,1.023598457023342,0.3335498788973715,0.07558098793585237,1.0049510851842107,0.0,0.22848051253719423,2.2575025120665235,0.7573977181063914,0.6039445399722376,0.15345317813415377,0.0,0.0,0.2426022818936089,0.0,0.0,0.0,0.0,,,0.2941515890310651,0.5693971404900829,0.18877684261687888
B001817,10136.488871220681,3.3901300572644417,11.021153264982356,8.945601470052635,0.29348343794956977,0.43484231839242343,0.019558712745794286,0.08656570524493043,0.36641806960920237,0.49209747090781497,0.7935292075828435,1.1426285442714856,0.0,0.5954567648930964,2.423535191203083,0.6548460118472791,0.6548460118472791,0.0,0.23407043216010326,0.0,0.11108355599261781,0.0,0.0,0.0,0.0,1.0,0.6134806299999314,,,0.18696941873279815
B001818,4268.168592857439,3.209149317937924,7.297652488915257,4.717399964347421,0.0,0.1924291212347758,1.2851994338245063,60.272063212751945,1.688112100877106,0.0,0.14027639830026684,0.8450572925999319,0.18614133970823668,0.3495621864523827,1.6806495910669006,1.0,0.6929610955175697,0.3070389044824303,0.0,0.0,0.0,0.0,0.0,0.0,0.0,1.0,,0.264354347257316,0.38753995954383413,0.18699916418064566
B001819,8852.010554088081,5.9489318239839255,9.324992571471087,6.637785066375317,0.04484786599405957,0.3881380802845913,0.017351120623438583,0.3208483528588594,1.6130457716417825,0.2700763178546997,1.7357160824430586,0.0,1.1097401334600114,1.220353518584373,2.7484230712605955,0.6546333504897035,0.4680889142287359,0.18654443626096764,0.0,0.0,0.34536664951029644,0.0,1.0,1.0,1.0,1.0,0.1429773956454743,,,0.6061389938239665
B001820,2078.087173251628,3.4405416775689206,11.557633119603809,4.154618665334241,0.30719690601811106,0.27816063899281906,0.012344526162971691,0.29412143901764726,1.3320269614545799,0.4841870313636413,0.9617875619125289,0.3674513201980547,0.0,0.29508880264011655,2.823464749041948,0.406033608638188,0.126488219555116,0.2795453890830719,0.24753031103040202,0.0,0.3464360803314103,0.0,0.0,0.0,0.0,0.95,0.6124223782872121,0.3365147026105817,,0.18696941873279815
B001821,20673.937935168968,4.505107416685328,8.140885042664065,5.432882192819018,0.2714788786211283,0.23425536292593505,1.5164440205526615,54.90927432262103,1.9809586084849529,0.0,0.7214843534883211,0.5486826424594539,0.6595620365121175,0.5944197757404815,2.8001544532420497,0.46959694352776826,0.309448852315515,0.1601480912122534,0.0,0.0,0.5304030564722316,0.0,0.0,0.0,0.0,0.98,0.24748795713406274,0.3322080492317606,,0.18816800894164298
B001822,18155.404166527926,5.915739383032886,21.74824872190286,8.1712279069485,0.12341350801116306,0.45931238209082,0.014770262720450778,0.28785710731954284,1.2160598902316933,0.8201127715771015,0.4268654855356,1.5666107467176753,0.0,1.8860904889708157,2.4654862468462637,0.6487833119022806,0.6487833119022806,0.0,0.1386323362941397,0.0,0.21258435180357976,0.0,0.0,0.0,0.0,1.0,,,,0.18696941873279815
B001823,2284.7358060682227,2.127314530789779,11.105094980232446,4.593247795024414,0.04931298002133107,0.27709456020110934,0.5319977617424748,19.192340018050327,0.2913855149842724,0.3294588290986326,0.04144347511573945,1.0664197837680414,0.22150841505602514,0.17709851276706798,2.3421371970975327,0.8512125680094056,0.33043238113573287,0.5207801868736729,0.0,0.0,0.14878743199059424,0.0,0.0,0.0,1.0,1.0,,,,0.18877684261687888
B001824,4873.215158168799,8.876530342748268,15.947680914100456,8.785303311153935,0.2844704803711146,0.5283620566841402,0.029379860927560276,1.0940665693841083,6.3740562233868525,0.12442850326697025,0.0,1.5446726457565572,0.0,0.8333729703378864,2.1550988315313577,0.7073892144682276,0.7073892144682276,0.0,0.0,0.0,0.2926107855317724,0.0,0.0,0.0,0.0,0.5,,0.14649122275886162,0.507791348185959,0.18699916418064566
B001825,11130.498978270369,7.7618542386822655,20.493298849884447,14.427528074696449,0.0,0.365,0.015880009551840966,0.36896366675148756,1.6715988039339111,0.7893840845574256,0.0,3.6882079138028336,1.1101989345368204,0.5024645018512726,1.921565641001045,0.7895698248443375,0.6465371292541534,0.14303269559018408,0.0,0.0,0.21043017515566223,0.0,0.0,0.0,0.0,0.95,0.854861303252679,0.3666864567693467,,0.18696941873279815
B001826,5260.933477303662,5.5146053221212386,11.405546724480205,8.932447989890601,0.12638312659272805,0.4156566857019181,1.0652467985913492,49.93456413997803,1.5023064775902435,0.7930441521055841,0.2748967968475394,1.235156692299736,0.7014648651510182,1.0077363381271176,2.4230456693426827,0.6831916624675426,0.4592124980212604,0.2239791644462822,0.0,0.0,0.3168083375324574,0.0,0.2,0.2,0.2,0.98,0.14558080254788172,0.38892794844336304,,0.27637726888891634
B001827,8194.842277854032,7.665895489105736,11.716634756524371,11.804299783568837,0.21647061903043777,0.7241411337625069,0.01556813625035563,0.3471694383829306,4.7430614485088665,0.6038453775803977,0.0,1.2813762959008992,0.38097450054699483,0.6566378665685793,2.3344645315044694,0.6016275118634554,0.4344746596334836,0.1671528522299719,0.0,0.0,0.3983724881365447,0.0,,0.0,,0.5,0.3036235135632275,0.24331990672822648,0.7782280148985107,0.1858426376147888
B001828,11582.750711301473,4.788239235759186,11.169089120991764,8.438063308246333,0.0,0.22756222361098866,0.012885397350179975,0.04638564804681235,0.46659453645595206,0.0,0.7675732396110035,0.8845102160091078,2.035765454175436,0.6337957895076869,2.0650743378123715,1.0,0.8396961384304553,0.16030386156954476,0.0,0.0,0.0,0.0,0.0,0.0,0.0,1.0,0.42152646244090597,,,0.18696941873279815
B001829,2973.152588895762,9.03693796016949,20.620130736524533,14.52423910191136,0.0,0.36500000000000005,0.01368312081451722,0.2475508936508006,2.165049288717898,0.0,0.0,2.1697481230991764,3.9437842460305688,0.758356302321847,2.2009049031658754,0.5324382151150551,0.29234050362667363,0.2400977114883814,0.4364071396099971,0.0,0.031154645274947896,0.0,0.0,0.0,0.0,1.0,,0.26825496781157177,,0.1858426376147888
B001830,21601.283987709336,8.02425110984745,11.170941280633345,3.9974064034379304,0.6483047990479864,0.021,0.013504744907520797,0.2468437020060508,6.592255826151736,0.0,0.0,0.8694676989171137,0.0,0.5625275847785984,3.464840420646717,0.07010343732741095,0.07010343732741095,0.0,0.10835499625006666,0.0,0.8215415664225222,0.0,0.0,0.0,0.0,1.0,0.2927727186586116,,,0.1858426376147888
B001831,7677.184885788119,8.022136766758745,17.253710522887978,8.789682832774856,0.0,0.30527848590541407,0.00982274051881436,0.22943637192876318,4.036418654122,0.6342425107458912,0.0,1.1385231389062818,1.6130033778169566,0.599949085167616,2.771686990207181,0.49683996028992305,0.1811190866430049,0.31572087364691803,0.0,0.0,0.5031600397100773,0.0,0.0,0.0,0.0,1.0,0.1266340894533343,,,0.1858426376147888
B001832,2416.449708879604,2.589978251746628,10.680063483858635,3.929773438707627,0.10569765680953769,0.398322876537821,0.46530982663713655,21.869322754689367,0.6409134780257448,0.21661962066314086,0.03178952254852539,0.8720873277372325,0.4036588689436522,0.42490943382833113,2.231177934998123,0.7471778404140653,0.5076860650725195,0.23949177534154584,0.0,0.0,0.25282215958593435,0.0,0.3,0.3,0.3,1.0,0.39293062259626016,,,0.32025669999791706
B001833,651.2660876310351,1.620064894604565,6.976953474260725,1.7155292580441197,0.40830262597852707,0.314929839199317,0.6279449817789362,22.744682497127833,0.7832969576323773,0.4564347082267648,0.0,0.03590448616564427,0.11524686958442984,0.22918187299534895,3.0789167310913914,0.38191896287894667,0.10018042898017088,0.28173853389877573,0.07113719331135805,0.0,0.5469438438096955,0.0,,,,1.0,0.39965202395479854,,,0.18877684261687888
B001834,3324.7114140061053,3.6535290263803355,9.491181887002444,7.950523075668675,0.0,0.24,1.66527472312652,78.20416592397129,1.131387480335027,0.0,0.0,2.123293605798466,0.0,0.398847940246842,1.739445239085636,1.0,1.0,0.0,0.0,0.0,0.0,0.0,0.0,0.0,0.0,1.0,0.8306272843578834,,,0.18699916418064566
B001835,1234.4412212544341,1.899140340391437,11.784939859522712,3.434934082405777,0.0,0.4431481224668896,0.28391277952743643,10.220726652523007,0.7626426349045634,0.0,0.01677596491410504,0.541179223345987,0.3791344114655413,0.19940810576124027,2.278205173202864,0.8161588591816966,0.3315640057956431,0.48459485338605357,0.0,0.0,0.18384114081830336,0.0,0.0,0.0,0.0,0.6,,,,0.18877684261687888
B001836,5827.5053538449265,6.17975117056726,10.46849178963731,5.942806986845748,0.36607821921527617,0.3841101813132619,1.8135992136824577,40.41395986917739,3.899572066928126,0.31482504491140273,0.38506582225746505,0.4074071790074972,0.7949768331983933,0.37790422426437625,1.7794371328970204,1.0,0.9340738538231306,0.06592614617686943,0.0,0.0,0.0,0.0,0.0,0.0,0.0,0.98,0.1687172364588179,,,0.18816800894164298
B001837,1560.1051802853883,2.7563695764759513,15.182989682907312,6.237043548190226,0.09421957649559953,0.44693731634235523,1.1015690017160515,39.82837675535594,0.20816909823344643,0.5035335204685626,0.03361422007562966,1.5571753994991517,0.17834172075961421,0.2755356174395461,1.772226441403878,0.8076004002844785,0.7954052939524003,0.01219510633207823,0.18267997323941434,0.0,0.009719626476107052,0.0,0.0,0.0,1.0,1.0,0.9549298924319126,0.34237667809347727,,0.18877684261687888
B001838,1949.7216513509,3.644339535235327,11.04099260625061,5.755231858435051,0.28727217085953705,0.28838389754983806,0.007121647540201556,0.1588127401464947,1.673625399986764,0.22266452882063606,0.0,0.9139785343839296,0.178178680427575,0.6558923916164223,1.4895239996815355,0.9967349316618599,0.947843032675815,0.048891898986044784,0.0,0.0,0.003265068338140104,0.0,0.0,0.0,0.0,1.0,0.30683965473418323,0.3002895585389167,0.232906804326618,0.18696941873279815
B001839,19800.324585703573,20.183817110808942,48.882251645053934,8.22201080315067,0.0,0.310680471298137,0.025893788452262496,1.6608057998287291,17.054900187253015,0.745983427630423,0.0,1.4532410738073116,0.5705835367496523,0.35910888536853963,1.991664059955443,0.997503160156979,0.9692338028982824,0.028269357258696646,0.0,0.0,0.0024968398430209185,0.0,0.0,0.0,0.0,1.0,0.16636935500921565,,,0.18699916418064566
B001840,12817.424710926856,6.37048941894973,11.364038467864985,7.809131394942974,0.019079532388284526,0.1955917920756485,1.4976044893156737,54.21375709057859,0.8924808566584288,1.9980834766736564,1.9772936995655204,0.3781776006164041,0.6082446536505958,0.516209131785124,2.601481371069449,0.5371994571368551,0.16745215119591547,0.36974730594093963,0.31364677739360725,0.0,0.14915376546953757,0.0,0.0,0.0,0.98,0.98,0.35546912007279435,,,0.18816800894164298
B001841,22314.654223644964,5.1250928396061015,8.32059837263211,9.113159445359807,0.3750896770107302,0.021000000000000005,1.1693247854016637,54.8715401753997,2.0174892520468073,0.0,0.0,1.442543309948498,1.0787245861299857,0.5863356914808114,2.333998669048442,0.5882996132663763,0.5882996132663763,0.0,0.0,0.0,0.411700386733624,0.0,0.0,0.28,0.0,0.7,0.6029160041778792,,,0.18816800894164298
B001842,4456.408517255174,6.8771736377394665,18.484708667380986,0.763415179064275,0.14099650415184226,0.4247383002861862,0.025010587893337197,1.160491278250846,6.105658888970202,0.1006222615381872,0.0,0.0,0.1737545849186379,0.49713790231243715,3.496541323755652,0.09767144805033981,0.09767144805033981,0.0,0.0,0.0,0.9023285519496599,0.0,0.0,0.0,0.0,0.5,,,,0.18699916418064566
B001843,20640.54353909788,5.865457101192918,13.643869212856586,6.95369632718242,0.0,0.2701899934165383,0.010747553151140501,0.35134723893079134,2.9317483511602807,0.0,0.0762982192170675,2.4688946092141713,0.0,0.38851592160140036,2.347758749996367,0.6945217876836,0.6815137274590098,0.01300806022459016,0.0,0.0,0.3054782123164004,0.0,0.0,0.0,0.0,0.5,,,,0.18699916418064566
B001844,9949.636836484506,6.444065308603954,22.646376945797865,7.7544765542229825,0.10204100074753954,0.29605089336160967,0.014214020182145345,0.057279857198793874,0.35459607574937496,0.7926044605994568,0.874961730433496,0.19240889451116205,2.2184220588182857,2.011072088492179,2.3712284921896023,0.5966224233270785,0.44376653066636107,0.1528558926607174,0.344258158876246,0.0,0.05911941779667552,0.0,0.0,0.0,0.0,1.0,1.2270522595525304,,,0.18696941873279815
B001845,1028.558222629536,1.9082712850269685,10.22751006374908,1.4436995495313385,0.0,0.10659217807746418,0.5586082205269511,20.171335112553432,0.6961518191624545,0.6098826035974995,0.04594809528080831,0.09000653613660485,0.19273786876501292,0.2735443620845884,2.82939562369131,0.30237809066523935,0.27829970325704706,0.024078387408192306,0.31959952884208515,0.0,0.37802238049267556,0.0,0.0,0.0,0.0,1.0,,,,0.18877684261687888
B001846,5216.890859687431,7.255759192889333,12.932162514436314,16.954143872617465,0.13571143132830052,0.6030648978486931,0.01590073075947923,0.35458629593638685,1.4915986137665453,0.5164835191647403,0.7398357722847616,3.036672259021755,0.3763798968796025,1.0947891317719285,1.6135100495742136,1.0,0.5814811133757438,0.4185188866242561,0.0,0.0,0.0,0.0,1.0,1.0,1.0,1.0,0.19953624714211812,,,0.6061389938239665
B001847,2050.7072551511906,4.905998218065049,8.234567610479987,2.2945971951092967,0.0387483988269959,0.32869389877328536,1.7347639886975204,38.58976561055782,2.93912865608026,1.192790248083411,0.10778468721530858,0.0,0.02866134919154721,0.6376332774945224,1.7970306940686396,0.9796575660015312,0.714558624361134,0.2650989416403973,0.0,0.0,0.020342433998468783,0.0,0.0,0.0,0.0,,0.969634548596933,,,0.18699916418064566
B001848,12388.360460012314,4.766587325899313,10.309440883382143,3.3347651429135396,0.0,0.433,0.01402326328550517,0.2851623018407267,2.6882798512671604,0.0,0.0,0.0,1.5873482080268446,0.4909592666053081,2.696386981064085,0.5551244079847449,0.2221087513949731,0.3330156565897719,0.0,0.0,0.44487559201525506,0.0,0.5,0.5,0.5,0.5,0.32415506787555,,,0.4023874260919753
B001849,1258.950261085368,3.780631414670775,7.8790774534942045,4.387162871820218,0.0,0.365,0.0060571975745392515,0.1350755059122253,2.2863577259830676,0.0,0.0,1.2007373409477287,0.0,0.29353634773997966,1.763362853244552,1.0,0.6823976713814907,0.3176023286185097,0.0,0.0,0.0,0.0,1.0,1.0,1.0,1.0,,0.21099616414496286,0.45439269287739315,0.6061389938239665
B001850,11112.952654495506,6.18416953505593,9.309095279083031,9.625577388197254,0.12339825486257786,0.2892610439922101,1.813992635608965,65.64947403727794,1.1014286116092507,0.6999463223119163,1.2320924613022186,1.630538904584789,0.5523063562929434,0.9678568789548118,2.2295003001591853,0.7079530349894299,0.6186433300788337,0.08930970491059612,0.11318355978828869,0.0,0.1788634052222816,0.0,0.0,0.0,0.98,0.98,,,,0.18816800894164298
B001851,2134.0490501751938,1.858927744055047,9.498570227616982,3.1864647623111884,0.0,0.29471539721140017,0.3858339428973489,18.133997057226722,0.5314441263145043,0.3803112221778976,0.06885325414344035,0.678251093057517,0.0,0.2000680483616879,2.4881002485480055,0.699640428703932,0.495054089404756,0.204586339299176,0.0,0.0,0.30035957129606816,0.0,0.3,0.3,0.3,1.0,1.0933426846580379,,,0.32025669999791706
B001852,2271.537442663628,5.869605794996455,7.471301107569742,9.862470711846102,0.31425224676070534,0.26539914896595873,0.02488602103221801,0.33333921487414936,1.791551089079131,0.0,1.072820344463448,0.18591981636594035,2.003989275496243,0.8153252695916936,1.676131849719955,1.0,0.8172244641406798,0.1827755358593202,0.0,0.0,0.0,0.0,1.0,1.0,1.0,1.0,,0.29208094785342403,,0.6061389938239665
B001853,8078.923337432604,14.452456775371385,26.23453481041481,12.118922181617446,0.0,0.426586889489476,0.04352751893737171,2.5528846028873016,9.016421464351886,0.0,0.04649566557495534,2.925906320691553,1.834483305040174,0.6291500197128144,3.0286359067317385,0.348223822285732,0.22129154125193987,0.12693228103379214,0.0,0.0,0.6517761777142679,0.0,0.0,0.0,0.0,0.5,,,,0.18699916418064566
B001854,24184.144071339506,5.661082413703068,18.318133169542868,0.3506211801433891,0.0,0.4402834684628751,0.023926741994830292,1.374590037885043,5.119207348434681,0.0,0.021258145915163264,0.0,0.1340421835157282,0.3865747358374968,3.5444133229704535,0.08887365424270444,0.08887365424270444,0.0,0.0037551380392743185,0.0,0.9073712077180215,0.0,0.0,0.0,0.0,0.5,,,,0.18699916418064566
B001855,3646.818974280128,2.394497028417681,9.652480042955839,3.519776479431466,0.5819003278074902,0.365,0.4223876222174537,19.71615023730987,1.1468413973295903,0.26819072775050157,0.0,0.784958758713109,0.0,0.19450614462447957,2.742295176690043,0.3634130526169891,0.035595248127241436,0.3278178044897477,0.11200294866422364,0.0,0.5245839987187871,0.0,0.0,0.0,0.0,0.6,,,,0.18877684261687888
B001856,2786.9640287203074,8.149017627837155,14.077440583533733,16.516179521177158,0.17482763170373097,0.38874474862132524,1.324226318517878,29.00900784732064,1.8042760739651413,1.031831637009476,0.7078389546423414,3.30057329328878,0.5698987385306632,0.7345989304007533,2.387336895587376,0.7785897446335481,0.37356260590041107,0.4050271387331371,0.0,0.0,0.22141025536645173,0.0,0.0,0.2,0.0,0.98,0.2702298154498577,,,0.18816800894164298
B001857,7196.709492200232,16.208805162613135,20.535277193279285,21.00828560056736,0.07477786823707498,0.11504664661660974,0.02499044298658858,0.5137852388479562,4.6008453811514025,0.8748809665745122,0.0,3.6552262665301662,2.113197165723404,4.96465538263365,2.528164037115415,0.6540798731076989,0.2981977846759812,0.3558820884317177,0.05397566062380051,0.0,0.2919444662685006,0.0,0.0,0.5,0.0,0.5,0.2988143056163995,,,0.1858426376147888
B001858,7494.6694740873,6.4609219604200865,14.198174425076493,9.687630242108018,0.0,0.34860125223245425,0.012030710033756371,0.22185553796211757,2.498734351879546,0.7313813002038654,0.0,1.3003623397242208,1.484806199867767,0.4456377687446859,2.2088534098383494,0.774454005700364,0.3433748877890099,0.4310791179113541,0.11320076371210515,0.0,0.11234523058753075,0.0,0.5,0.5,0.5,0.5,0.22493358527771287,0.2870649700803801,0.875357472201684,0.4023874260919753
B001859,1905.1905858676491,1.076987329489909,6.263832147519567,1.5445509573321725,0.0,0.5700861940055059,0.4563552348633435,16.47668937828419,0.2501978677046662,0.09968588545421063,0.05871354408780293,0.1496090437778635,0.21016827488691633,0.3086127135784496,2.26276948932215,0.7676872690571329,0.574256406723466,0.19343086233366716,0.0,0.0,0.23231273094286706,0.0,0.0,0.0,1.0,1.0,,,,0.18877684261687888
B001860,2565.844583779488,7.31009852928629,10.956441963735045,10.631159760685348,0.0,0.5303343511217106,6.051287608743398,218.58386896088436,2.2026693098986065,1.6065814274928205,0.39055008807442176,1.9418795128887203,0.0,1.1684181909317206,1.8614549429278493,0.6957411980732551,0.4300977864134792,0.2656434116597759,0.2197756187630588,0.0,0.08448318316368589,0.0,0.2,0.2,0.2,0.98,0.46289659157765956,,,0.27637726888891634
B001861,3851.0018119930583,1.1316490778704256,7.975935360035251,1.4302151713999218,0.019889240453260293,0.2684272262033181,0.4212530624882639,15.141819862608164,0.22967187366913025,0.3800870744173404,0.0348143495862251,0.18017047726619184,0.19051597897898173,0.11638932395255615,2.55453523542843,0.43971489506065536,0.43971489506065536,0.0,0.3358700871586453,0.0,0.2244150177806993,0.0,0.0,0.0,1.0,1.0,,,,0.18877684261687888
B001862,6769.2235602782275,10.318938354082665,18.62452724942505,13.486993499225772,0.0,0.2883121108115782,0.01935622589898837,0.3587634209903302,3.381634639472222,1.4602864044389952,1.0742840034002776,2.204831352290383,1.647269794886697,0.5506321595940883,2.605007569954356,0.6647462173937998,0.36359545045504826,0.3011507669387515,0.0,0.0,0.3352537826062001,0.0,0.0,0.0,0.0,1.0,,,,0.1858426376147888
B001863,1871.4911240552826,0.8018385278728717,5.9104393388456336,1.289690087415764,0.0,0.453,0.3762995799067324,13.622044792623713,0.20696476894870283,0.0,0.0,0.1854732639339544,0.17229422360827615,0.23710627138193818,2.7164937780337026,0.32016420029790316,0.32016420029790316,0.0,0.23130999258164914,0.0,0.4485258071204475,0.0,0.0,0.0,0.0,1.0,,,,0.18877684261687888
B001864,5542.766974416878,6.937130130684453,11.465264797292093,9.830183220464324,0.0,0.4309961452256289,1.2226315112619925,27.299371681951257,2.102979469615954,0.6880076913388927,0.6619843432950426,2.2433163523909365,0.0,1.2408422740436296,2.6017216373433567,0.6588720549041531,0.1408900768624154,0.5179819780417377,0.0,0.0,0.34112794509584715,0.0,0.28,0.28,0.28,0.7,,,,0.3110513158581213
B001865,98560.73949356964,22.694160601789,63.41125885409418,4.227181725854098,0.24713920061550404,0.3128817723752529,0.05552771200929403,3.5998233172299328,21.094278362019708,0.3305354066421233,0.09907648718077365,0.5179829895915039,0.2762040851002559,0.3760832712546362,1.353474505798123,0.9995058396239619,0.9723156082864945,0.02719023133746723,0.0,0.0,0.0004941603760381635,0.0,0.0,0.0,0.0,1.0,0.09368446505336689,,,0.18699916418064566
B001866,10067.45134302047,6.195354672627982,9.068641964163612,10.398088736164075,0.039482866668274164,0.44423330668209143,1.9398971621172252,70.08315758595552,1.1848762558313148,0.2444948867183464,0.9398128903457795,1.6989237656307494,0.8071610231192149,1.3200858509825768,2.2758251958641145,0.8219087512926151,0.5476833266955614,0.2742254245970538,0.0,0.0,0.17809124870738485,0.0,0.0,0.0,0.98,0.98,,,,0.18816800894164298
B001867,1432.6867476024906,3.5550539642741703,10.030235405803586,5.049417217355825,0.0,0.35412833423685286,0.009755094055488937,0.02253426726817944,0.3902037622195575,1.4971797023374778,0.42975140639681514,0.48764573359983654,0.0,0.750273359720483,2.6126297404497563,0.31135218923566593,0.19046755268288243,0.12088463655278346,0.4211412027449081,0.0,0.26750660801942583,0.0,0.0,0.0,0.0,1.0,,,,0.18696941873279815
B001868,2864.6285244820424,3.2964655057330754,6.414170360112637,2.265492756733586,0.0,0.453,1.4793333841229253,32.96068881283537,1.931379051517416,0.0,0.0,0.8326142554298316,0.0,0.5324721987858277,2.8126274028582285,0.40536317061855326,0.40536317061855326,0.0,0.0,0.0,0.5946368293814468,0.0,0.0,0.0,0.0,0.98,0.3431581387475365,,,0.18816800894164298
B001869,568.4007285811812,0.9633910653918325,7.583267015645151,2.114090130526434,0.0,0.445694836903859,0.3734990634347133,13.415941981953605,0.2034600148034627,0.29076143753418243,0.02995276489705438,0.28894828793712574,0.0,0.1502685602200074,2.515573249463882,0.4869980944481416,0.45590712218043455,0.031090972267707222,0.3018103945316571,0.0,0.21119151102020137,0.0,0.0,0.0,1.0,0.9,0.5095614453429398,,,0.18877684261687888
B001870,3619.4031433740997,1.4791185710560277,9.673475241003587,2.819707798897101,0.4058808849950558,0.3693411376679149,0.575287337169145,20.760788823444635,0.36124041276529734,0.1989138047563886,0.04255424722523125,0.48337131104988856,0.19317057997554504,0.199868215283677,1.7635480812161557,0.853079236323612,0.8243092323104454,0.028770004013166657,0.0,0.0,0.14692076367638787,0.0,0.0,0.5,0.5,0.5,0.8018861119844037,0.29914829659298325,,0.18877684261687888
B001871,925.1112163153759,1.9353791136304936,12.882554610927379,1.7735551690857783,0.017821768340514924,0.12309832543181849,0.4762578428160791,22.384118612355717,0.595494710009843,0.6822538200350744,0.014328390901872606,0.0,0.4928900514238113,0.15041214125989216,2.200554311736391,0.6327883996139734,0.37071135292402796,0.26207704668994536,0.3525168868621632,0.0,0.014694713523863442,0.0,0.0,0.0,0.0,1.0,0.8197707803535996,,,0.18877684261687888
B001872,5145.726607359382,3.256788991999609,9.843627070799752,2.407200496518811,0.06691426980093171,0.10522243482212135,0.01815407862780378,0.3446580148316562,1.439530669973582,0.0,1.2652160813398938,0.22613460445085695,0.0,0.32590763623527597,2.86030870546714,0.5076470359181388,0.4382122014826373,0.0694348344355016,0.0,0.0,0.49235296408186113,0.0,0.0,0.0,0.0,1.0,0.460546058485916,,,0.18696941873279815
B001873,1328.302643691652,4.2710695938638334,11.353241222532905,4.334842063814336,0.0,0.23218855246700823,0.02186800043781255,0.6454966573211703,1.6966123264795308,0.0,0.6279832034611468,0.0,1.597971149112966,0.3485029148101891,2.8206704396120483,0.5977392113265766,0.22360081016150496,0.3741384011650716,0.0,0.0,0.4022607886734234,0.0,0.0,0.0,0.0,1.0,,0.5204380705804328,,0.18696941873279815
B001874,4133.263809933077,11.262299209626914,27.446871386613843,3.3489550223941333,0.06215436882992583,0.3216938494505998,0.09274330936968488,4.244585405543116,9.545923495984455,0.0,0.06309139240564722,0.9996050730469083,0.09099052854531531,0.5626887196445861,1.453062788331969,0.9504755233827287,0.9504755233827287,0.0,0.03133443023813381,0.0,0.018190046379137525,0.0,0.0,0.0,0.0,1.0,,,,0.18699916418064566
B001875,812.3127332236322,2.6459698150606914,5.773167963735407,4.81934549676708,0.14496324247660416,0.5547877689665313,2.674398863782483,96.81265719763526,0.5203877973463725,0.3086083136252636,0.0,1.2140146029899015,0.1389266646094814,0.4640324364896724,1.845892223932201,0.9998749417490883,0.9998749417490883,0.0,0.0,0.0,0.00012505825091175125,0.0,0.0,0.0,0.98,0.98,0.458492730094716,0.2931466492045058,,0.18816800894164298
B001876,8228.833768709928,10.363770489559103,14.669475416702241,11.84721900912532,0.0,0.12131900142843871,0.02139533486776946,0.6485011909929381,3.9216774007725927,0.42154049014387024,0.0,1.9485397459705045,3.3108758785571473,0.76113697411499,2.2804653186165487,0.5815308676709006,0.5815308676709006,0.0,0.0,0.0,0.41846913232909955,0.0,0.0,0.0,0.0,1.0,,0.2345531400166419,,0.1858426376147888
B001877,20297.06376894719,6.834028205032724,18.132150833614478,9.017521178233066,0.0,0.35049259690021156,0.010150837098231759,0.10941327787934337,2.209795622140981,0.0,1.7801454327015078,0.8244328447227494,1.6317472578461947,0.38790704762129014,2.3622489819494654,0.6766481559860051,0.5560117143459752,0.12063644164003003,0.0,0.0,0.32335184401399464,0.0,0.0,0.0,0.0,1.0,0.20581715747986198,0.2331172067468899,0.5080200935174352,0.18696941873279815
B001878,7160.937564288203,13.771033777477314,17.84709093709433,14.526618514738777,0.228340128604938,0.021000000000000005,0.015594831554234297,0.27682089245597435,7.260230278857993,0.0,0.0,1.9092183441549073,3.1450689709712636,1.456516183493152,2.797730827266146,0.472789741411267,0.24440681665836572,0.2283829247529013,0.0,0.0,0.527210258588733,0.0,0.0,0.0,0.0,1.0,,,,0.1858426376147888
B001879,35862.236394386666,11.291636144328296,17.406247376736186,18.87315649834269,0.028416440535819557,0.563259427738302,0.018468242656945796,0.3074644644220352,4.012634274727118,0.8217964457129789,0.6011100681134589,3.061417414041318,1.484073368244551,1.3106045734888698,2.7997504110419675,0.4752979396310915,0.20417536935777955,0.271122570273312,0.13143120707002148,0.0,0.3932708532988869,0.0,0.0,0.5,0.0,0.5,0.17235091592476812,0.3708367946066151,,0.1858426376147888
B001880,4420.828872476216,1.226645081153223,7.909749590302653,1.1471920978771628,0.0,0.300762180965327,0.22122767788728728,7.9453535284125785,0.33816733018827294,0.3955846594715706,0.0,0.16146059522586267,0.1329771004100763,0.19845539585744074,2.405905889235958,0.7243152600666309,0.2701942895787938,0.454120970487837,0.0,0.0,0.2756847399333693,0.0,0.0,0.5,0.0,0.5,0.5708575199604246,,,0.18877684261687888
B001881,4655.941948852128,6.806932673760421,16.383636860505995,9.07651277457811,0.0,0.4303774038077095,0.01921408743932956,0.7147888870035118,2.0838403453155148,1.2863556239536529,0.4090278647379434,0.0,2.163630440663318,0.8640783990899906,2.1972789883728785,0.6909320842006605,0.6909320842006605,0.0,0.0,0.0,0.30906791579933934,0.0,0.0,0.0,0.0,0.95,,0.5101065162933532,0.4356877173253677,0.18696941873279815
B001882,3488.5374949641796,11.4004493299483,20.64142519901676,3.739147698432823,0.059801517165533245,0.3004560019348571,0.03816970249276759,1.6829111558922427,9.31810097020547,0.5436871618201687,0.11704322427288126,0.5673372545795238,0.1543952523426166,0.6998854667276386,3.3967810695441214,0.12390739252105469,0.0741429281425181,0.04976446437853662,0.05795652144668989,0.0,0.8181360860322553,0.0,0.0,0.0,0.0,0.5,,0.2299260168240243,,0.18699916418064566
B001883,7977.843503576033,11.996757148234636,22.92092911805909,7.214549001211867,0.32377316096151676,0.5223619913036482,0.04059382226869075,1.6704002337282402,8.612562621590518,0.7055351047300112,0.03502016627800255,1.4429127350484947,0.028087436908528485,1.172639083679083,3.221533531748765,0.22616614171243685,0.04708042602845661,0.17908571568398027,0.0029191360502913814,0.0,0.7709147222372718,0.0,0.0,0.0,0.0,0.5,0.09590164590558127,,,0.18699916418064566
B001884,29743.490603627415,9.832558877232204,20.636998381494738,19.750962600012432,0.20893792547220913,0.1694514760837354,0.015312342219058583,0.35963273781433786,2.8476082527348505,0.7073402653986264,0.8586007572920965,2.5099383901121333,2.3356505684934525,0.5734206432010422,2.3309202202862074,0.6384513367761119,0.6384513367761119,0.0,0.07193857410165214,0.0,0.28961008912223596,0.0,0.5,0.5,0.5,0.5,0.2030351596388252,,,0.4023874260919753
B001885,35881.92862040044,12.254757042486489,19.783291945647047,9.692945982157841,0.0,0.3113310319231077,0.009744497704865702,0.4521446935057686,7.377557085511248,0.7658969314722408,1.7748356368134506,1.244374206275389,0.0,1.0920931824141569,2.2734308294326597,0.785801708166644,0.6217616434980305,0.16404006466861348,0.14482830060687493,0.0,0.06936999122648077,0.0,0.0,0.0,0.0,1.0,0.22537429589670724,,,0.1858426376147888
B001886,2602.2874782068775,1.3732387747793549,9.551530684965545,2.604198535758706,0.03509881215271117,0.37242562225561426,0.2079863709795926,7.408049306104974,0.3147408023606233,0.26883721085115314,0.01606016161817544,0.6275432056305026,0.0,0.14605739431890055,2.813482227893123,0.2883817052491592,0.0926129753031608,0.19576872994599834,0.4686754984413319,0.0,0.24294279630950913,0.0,0.5,0.5,1.0,0.5,1.2142116426424352,,,0.4052417822251656
B001887,19152.071957365835,10.912861514168567,21.219482284266395,6.466930074198442,0.0,0.07486445715601046,0.04452079507826817,1.6333240441881047,7.816265488536642,0.7358871331471792,0.12685705602478214,1.3917673265765396,0.0,0.8420845098834262,3.0372793059236485,0.3898507142152266,0.3107931555674027,0.07905755864782386,0.0,0.0,0.6101492857847735,0.0,0.0,0.0,0.0,0.5,,0.2165817144979241,,0.18699916418064566
B001888,19459.99845880232,4.93908590324932,9.942166928266598,6.242866373086793,0.0,0.2643150091147138,1.4382544103322668,32.00662050787832,1.6821201666165815,1.278681199019233,0.1482615097739103,1.325992147302369,0.0,0.5040308805372266,2.251330017480584,0.697048209755308,0.42857906925503286,0.2684691405002749,0.25889025298750434,0.0,0.044061537257187755,0.0,0.0,0.0,0.0,1.0,0.538396558858209,,,0.18699916418064566
B001889,1976.1981174780933,3.213330272322103,9.883911628288603,5.616103769972893,0.09397747013522138,0.45227810322343737,0.018444526422396756,0.04260685603573651,0.30474068383665315,0.4246188494007624,0.41004202498720665,0.0,1.2991847695255496,0.7747439445719317,2.1700009277243684,0.5956890019317256,0.46354608059612556,0.13214292133560018,0.4043109980682744,0.0,0.0,0.0,0.0,0.0,0.0,1.0,0.6823220523373895,,,0.18696941873279815
B001890,4346.473607066522,4.058332032741851,6.783715681177173,1.9747684316727792,0.0,0.41089432932053305,1.717886150651441,80.63710731692288,2.4909379556692492,0.47787081987536556,0.0,0.0,0.4988936955133287,0.5906295616839067,2.2498562858215165,0.8289849139016693,0.8289849139016693,0.0,0.12293072412221308,0.0,0.048084361976117505,0.0,0.19999999999999998,0.19999999999999998,0.19999999999999998,0.98,0.2309328745505362,,,0.27637726888891634
B001891,1061.7204815146195,1.503853373250169,10.593818392661207,3.034982010187366,0.28933206214833784,0.28466959202151904,0.4134872731897622,19.421421316657476,0.3783657196049199,0.22707897276055694,0.0406140367775723,0.4933583804601239,0.20030776834151331,0.16412849530548307,1.9885212027326882,0.9736803283766614,0.6624792590409013,0.31120106933576,0.0,0.0,0.026319671623338755,0.0,0.0,0.0,0.0,1.0,0.7372288835909837,,,0.18877684261687888
B001892,13513.294376637246,3.9815245658919407,12.315990977874305,5.420050164781991,0.08115506219615745,0.08546610501523154,0.013569702681260142,0.23432318255648082,0.36566440495307667,0.0,0.5363029889605461,0.07712986148330102,2.682134506393102,0.32029280410191546,2.2271128957045816,0.8727365938701113,0.7380386960962712,0.1346978977738402,0.0,0.0,0.12726340612988868,0.0,0.0,0.0,0.0,1.0,0.9061993822510086,0.39345643580103434,,0.18696941873279815
B001893,25748.086735394667,5.327557776824885,9.231045667894632,5.537295874486613,0.0,0.15708879018247102,1.447165308933678,67.90907909799819,1.7792456666212129,0.0,0.7369316199451191,1.6550978613642398,0.0,1.1562826288943124,1.9675219549019938,0.861030864651752,0.5503635888196644,0.3106672758320876,0.13832447264125503,0.0,0.0006446627069928951,0.0,0.0,0.0,0.0,0.98,0.39293402736510175,,,0.18816800894164298
B001894,4807.909352074909,5.85616242640062,9.958281394985493,7.572243469683864,0.0,0.11107705677738697,0.030016036085141532,1.0071466875012425,2.7553110524246636,0.7739802332815928,0.15375602523168397,1.4729544114221738,0.10443063157583798,0.5957300724646662,2.0526919298195256,0.572224757595903,0.572224757595903,0.0,0.4277752424040967,0.0,0.0,0.0,0.0,0.0,0.0,0.5,0.4561093007882692,0.17917263886646234,0.3162494293920354,0.18699916418064566
B001895,6164.148445930205,9.25547814704235,14.49361781480691,16.203268211566517,0.14570580055038193,0.20408823179277447,0.018169785531547047,0.4176763991279633,1.692469916837193,0.7812416725916466,2.172805498626877,1.7125490948475197,1.9767337976862434,0.9196781664528716,2.2133009596648883,0.7847317508191947,0.3649420293431642,0.4197897214760307,0.0,0.0,0.2152682491808054,0.0,1.0,1.0,1.0,1.0,0.21149854691705058,0.27681036870375775,,0.6061389938239665
B001896,2621.8693982394725,1.864771975988245,11.082043074138038,2.717274010401641,0.0,0.45299999999999996,0.29772622964633616,13.850389652087902,0.805219839412798,0.0,0.029613622128668957,0.641942103700131,0.2138745240228396,0.17412188672380682,2.668989726388835,0.5681939401807728,0.09337435834830694,0.47481958183246586,0.0,0.0,0.4318060598192268,0.0,0.0,0.0,0.0,0.6,,,,0.18877684261687888
B001897,7836.24756004508,7.289532613995423,9.197945237105218,14.328997964653919,0.20022209813059302,0.27877098683480395,0.01728051886558849,0.3853555707026234,2.133397390813394,0.0,2.4985355239574067,1.8402124710906849,0.0,0.8173872281339372,2.565395668108835,0.7073341318595089,0.7073341318595089,0.0,0.0,0.0,0.2926658681404911,0.0,1.0,1.0,1.0,1.0,,0.3488027319336324,,0.6061389938239665
B001898,9601.912657830391,5.370197235923038,16.94084282352479,6.051753637940729,0.594203961343,0.371590089897611,0.04837224698842243,3.051259281897257,3.788408928229484,0.09291778215681602,0.0447577326343289,0.7768046352924216,0.3286859356405524,0.3386222219694331,1.4940178939904194,0.9726826198424644,0.7668260148861361,0.20585660495632813,0.025636956845865467,0.0,0.001680423311670052,0.0,0.0,0.0,0.0,1.0,,,,0.18699916418064566
B001899,4989.997754956542,1.0374215706770358,6.595124981227298,0.7137090779266,0.2999645137953079,0.2598080552256462,0.4548532089474777,16.4338467637037,0.567235877608829,0.25935771855991646,0.0,0.059715485620518344,0.0,0.15111248888777173,3.004804833008542,0.4532252908153402,0.2032230488235374,0.2500022419918028,0.0,0.0,0.5467747091846596,0.0,0.0,0.0,0.0,1.0,0.5922753431313754,,,0.18877684261687888
B001900,2896.9783604246177,1.1657860605330452,5.333911640270274,0.7326832448780424,0.0,0.6222904961650951,0.5908658525301833,21.399427201241647,0.7373218982066029,0.0,0.05442480389133806,0.08270809654541672,0.0462173675250174,0.24511389436467004,3.116111044410896,0.36753241167640205,0.21025632632165278,0.1572760853547493,0.0,0.0,0.6324675883235977,0.0,0.0,0.0,0.0,,1.1134596768533485,0.27949288533047895,,0.18877684261687888
B001901,9760.201872605698,4.3340150411215355,8.12738578138463,7.079816590477275,0.3631375510007689,0.561240500962717,1.234451231176375,57.9367578348399,1.7230078578671488,0.7116705949653249,0.0,1.0559646409682286,0.12274252117507777,0.7206294261457562,2.709914701320202,0.5149474936102727,0.5149474936102727,0.0,0.0,0.0,0.48505250638972763,0.0,,0.20408163265306123,,0.98,0.31877081882906827,,,0.18816800894164298
B001902,2374.092011426414,4.3641397268867905,14.538392676358747,7.514515576830474,0.0,0.4066983455953709,0.0074661351964192026,0.2702740941103751,1.2793929511881184,0.7274208806417493,0.0,0.9038816419284066,1.0427564720753884,0.41068778105312864,2.1249192472892706,0.7992384139914811,0.3531853002447194,0.4460531137467617,0.1666813911021734,0.0,0.03408019490634566,0.0,,,,1.0,1.027250653148167,0.4112744351278038,0.6304821679750027,0.18696941873279815
B001903,2286.018588101312,4.421699396714337,13.693864323466109,10.68089167880336,0.2586809711577061,0.4013708841583064,0.009638588708463344,0.02226513991655032,0.38554354833853377,0.6955825474633257,1.316255737808218,1.2236211053578887,0.261868753872194,0.5388277038741753,2.0729485432403014,0.6965422668963799,0.6965422668963799,0.0,0.15731113426213394,0.0,0.146146598841486,0.0,0.0,0.0,0.0,1.0,,0.3356429951317763,,0.18696941873279815
B001904,9345.779222359577,10.236340878816623,28.63828084616385,2.6757822669904945,0.0,0.3641054353110137,0.046303795621456846,3.0836175335943405,9.259259090878926,0.23383379453201472,0.0,0.0,0.20692970226825533,0.5363182911374303,3.533995466839351,0.07797405154092896,0.07797405154092896,0.0,0.0,0.0,0.9220259484590712,0.0,0.0,0.0,0.0,1.0,,,,0.18699916418064566
B001905,19312.259824392793,5.230839605740194,12.131378924832024,10.21990638797357,0.0,0.36634649857479107,0.014616207082724528,0.05282362825797982,0.42585693391693324,0.0,1.6598203219743033,1.199289857045995,1.2766565783345807,0.6692159144683824,2.1307130300909973,0.6826856781934478,0.4534127607577986,0.22927291743564915,0.3173143218065524,0.0,0.0,0.0,0.0,0.0,0.0,1.0,0.7428686627831177,0.4797232802218144,,0.18696941873279815
B001906,14924.13232298748,5.733435391082397,10.652040873868394,7.037264287350748,0.0,0.365,1.787205627792641,64.46254203860144,2.152587562135573,0.37234819191427093,0.0,1.8302570072058906,0.5057195886970163,0.8725230411296467,1.396920636910485,0.9946358539027409,0.5872053281247388,0.4074305257780022,0.0,0.0,0.005364146097259018,0.0,0.0,0.0,0.0,1.0,,,,0.18699916418064566
B001907,16201.766320489281,4.557458880587702,16.866899595371333,7.653951709283196,0.0,0.565855987969861,0.009404980082616607,0.2678798124429867,1.5940396396549668,0.21692326762552114,0.2914375486863211,1.0523504355163051,0.9533721313303208,0.4493358577742664,2.5632177310183852,0.602637576173379,0.602637576173379,0.0,0.04759741630352308,0.0,0.34976500752309786,0.0,0.0,0.0,0.0,1.0,0.1704083374266885,,,0.18696941873279815
B001908,7410.77803399937,3.066105930492085,9.719191297683022,5.771442898528285,0.19317653261370923,0.4051044580854944,0.012803511689135355,0.044072569801135865,0.32449271051401324,0.4229644994896924,0.5344293293332188,0.0,1.0420993599699149,0.7421200311852462,1.8373194801553376,0.8620515699463097,0.5221744151466822,0.33987715479962766,0.1379484300536903,0.0,0.0,0.0,0.0,0.0,0.0,1.0,1.017650087438535,,,0.18696941873279815
B001909,4281.92697085686,7.148459049844507,19.45149526369159,0.7012145933050713,0.0,0.447994424223342,0.029072781729132965,1.2910168840048364,6.4027088145294515,0.0,0.03832587886257438,0.13711724861117494,0.133883858365389,0.436423249475916,1.9636171793026562,0.753752647838613,0.7350235962441577,0.018729051594455343,0.0,0.0,0.24624735216138668,0.0,0.0,0.0,0.0,0.5,0.23559521697606034,,,0.18699916418064566
B001910,1272.7925771365121,2.6135371193768218,4.758400578598093,5.019500263062978,0.48614956046085184,0.365,1.6057497330051587,58.02782891244356,0.9741175020785906,0.0,0.383093852796549,0.8133069576149264,0.0,0.4430188068867549,2.778760001356907,0.6198416439317909,0.6198416439317909,0.0,0.0,0.0,0.38015835606820897,0.0,0.0,0.0,0.9800000000000001,0.98,,,,0.18816800894164298
B001911,28829.3324953109,11.592011457704423,21.81387767324769,6.924685348102489,0.0,0.34744683937289367,0.03412041357121069,1.9345517589944063,8.084612825864152,0.43618384792651155,0.0,2.2449857610133135,0.18110598533236552,0.6451230375680806,2.0292548689921306,0.9912385803749829,0.9912385803749829,0.0,0.0,0.0,0.008761419625017076,0.0,,0.0,,0.5,0.16440731345100046,,,0.18699916418064566
B001912,7673.144094284197,1.9178065719280672,7.921557766987345,1.4147142632903218,0.052966970919969054,0.2834464360464966,0.6866652392203235,32.18159296552258,0.8555167222680776,0.6589903628561625,0.026310858686396463,0.0,0.15159069096225988,0.22539793715517098,2.86269765375053,0.5170725850296913,0.15973664115835948,0.3573359438713318,0.0,0.0,0.4829274149703089,0.0,0.0,0.0,0.0,1.0,0.6738127628528875,,,0.18877684261687888
B001913,3009.2448267616146,5.206305928653313,14.411966687622192,4.412996947717972,0.0,0.3257336994890334,0.011934166691835378,0.40327862120696883,2.1346763048820296,0.4067183200884191,1.1819584327885204,0.32832753004236215,0.6290831728680246,0.5255421679839576,2.875450584538038,0.3525518880220871,0.16865745000199267,0.18389443802009445,0.22702439099545024,0.0,0.4204237209824629,0.0,0.0,0.0,0.0,1.0,,,,0.18696941873279815
B001914,3552.626552327404,4.820388809128093,15.864531219669225,6.3596809527114395,0.0,0.4499646747539443,0.00788027011597292,0.1757300235861961,1.80006170161818,0.29733152824958037,0.0,0.6569689047930356,1.6199152524850047,0.44611142198229176,2.742733450428127,0.4604574344391416,0.4604574344391416,0.0,0.1362896087446248,0.0,0.4032529568162335,0.0,0.0,0.0,0.0,1.0,0.22463437038253192,0.2309543094641834,,0.18696941873279815
B001915,4212.372046651405,5.738926494075484,10.28376793325278,3.651209407146526,0.1888371726486595,0.28432691532835,0.02107437095912321,0.45053826865900615,3.4661649127889183,0.5547082522166847,0.0,0.9807114446038381,0.17001066163596987,0.5673312228300729,3.1005075152286574,0.3930490466123977,0.2963919012753156,0.09665714533708204,0.0,0.0,0.6069509533876024,0.0,0.0,0.0,0.0,0.5,0.6378944568834739,0.1720182581231546,,0.18699916418064566
B001916,30774.09602360757,6.2778653658930175,14.543392152121413,7.911614589308226,0.0,0.3357843302796742,0.013639069193974177,0.5107801518445243,1.992292732281518,0.10293511163989684,1.5641208647734524,0.5075664923956299,1.2938961336014156,0.8170540312011051,2.1345182530862865,0.7508514799837607,0.6700013083389232,0.08085017164483732,0.24914852001623938,0.0,0.0,0.0,0.0,0.0,0.0,1.0,,,,0.18696941873279815
B001917,7594.803521631927,5.87378462616545,17.825030615400507,4.377868619635662,0.0,0.809,0.021011967602465882,0.8567009900640903,4.503145682246893,0.0,0.0,0.8372943315157192,0.02969935585242173,0.5036452565504164,2.0344126728225658,0.7545953187721784,0.7545953187721784,0.0,0.0,0.0,0.2454046812278216,0.0,0.0,0.0,0.0,0.5,0.10967691627514145,,,0.18699916418064566
B001918,29237.79831390338,9.211656683649458,13.449010451232176,15.701753655290203,0.0,0.23924889493353066,0.03075475400439836,0.7135403295063356,1.818861933544236,1.3897620352324573,0.934229202335139,1.3298307076326041,2.614461088053822,1.1245117168511984,1.945932095322099,0.8449727822512197,0.41678793655593,0.4281848456952896,0.15086993392830875,0.0,0.004157283820471571,0.0,1.0,1.0,1.0,1.0,0.3059271795796221,,,0.6061389938239665
B001919,12135.371096665353,10.74877865072219,32.025053427057244,3.8480785823747667,0.2184336539410589,0.450513692317542,0.04576336319267969,3.047839988632467,9.152672638535938,0.18689358767392744,0.07884614004333669,0.8565308341545221,0.0,0.4738354503144657,3.471773688111588,0.13129532530100704,0.051608984928096555,0.0796863403729105,0.0,0.0,0.8687046746989929,0.0,0.0,0.0,0.0,1.0,0.15060974273114053,0.28258316149000734,,0.18699916418064566
B001920,7263.310730036491,8.50504769325116,14.008338764397342,14.572921691709798,0.21616368824164955,0.7237566863837751,0.016277597326561487,0.3629904203823212,3.718232891854147,0.6323880863656822,0.0,2.600263823368659,0.3966199232396143,1.1575429684230591,2.875910089204891,0.5628204536930934,0.25708862041578034,0.30573183327731296,0.0,0.0,0.43717954630690686,0.0,0.0,0.0,0.0,1.0,,0.2616986198195037,0.9237911819426906,0.1858426376147888
B001921,2541.55981328661,6.705962568038548,10.764634209568984,8.384685506663168,0.09139338055728718,0.43105189039724384,1.7704994831838943,83.20750286631566,2.3007329040026496,0.459812169995595,1.3655958569547602,0.6117537545259513,0.7910914925750092,1.1769763899845826,2.6273497092314217,0.4357103908324801,0.31774201797793283,0.11796837285454734,0.2036390515305528,0.0,0.36065055763696685,0.0,0.0,0.0,0.0,0.98,,,,0.18816800894164298
B001922,2587602.313498158,999.4601442634832,5236.873895245652,1891.6631937215825,0.0,0.3649910248810527,1.07824787237312,24.048710145384586,1.0664414634602706,996.8428355313695,0.09096549211889243,1.2150196207445743,0.0,0.24488215579010078,1.9988548719515882,1.0,1.0,0.0,0.0,0.0,0.0,0.0,0.0,0.0,0.0,1.0,0.4556618231681411,,,0.18877684261687888
B001923,1530.801076372214,2.085560049553425,4.867588955753527,2.7496492821614558,0.0,0.0,0.011019681647967435,0.02545546460680477,0.6740072822202562,0.0,0.0,0.8050643140254884,0.0,0.6064884533076808,1.9605751547230528,0.9092604012891997,0.9092604012891997,0.0,0.0,0.0,0.09073959871080038,0.0,0.0,0.0,0.0,1.0,1.3116008036093105,0.509893457539322,,0.18696941873279815
B001924,11924.699631556517,2.406599320193041,12.778358836020804,4.5163997337895125,0.0336929682829179,0.3237072230066975,0.2620713492422913,9.508461202728071,0.4029467228703021,0.38553113484993023,0.024745899745039976,1.245069589626224,0.14021915708615748,0.20808681601538753,2.103351216406578,0.8208720766622983,0.6606746014884894,0.16019747517380897,0.010282517549724493,0.0,0.16884540578797724,0.0,0.5,0.5,0.5,0.5,,0.36960062571263197,,0.4052417822251656
B001925,11385.09463952462,4.099782009191436,15.564585616927456,3.4553392240961567,0.0,0.09781209240002965,0.008755294434589682,0.26300218158310573,1.5797084186208532,0.0,0.4073763060421295,0.0,1.8679200601881176,0.2447772243403352,2.5473974051535966,0.5868033652389427,0.4874380074885015,0.09936535775044116,0.0,0.0,0.41319663476105695,0.0,0.0,0.0,0.0,1.0,,0.31935862438949303,,0.18696941873279815
B001926,11573.087556232971,2.6629285679321146,12.987276289467628,4.879515706614679,0.0,0.36545166447777383,0.35434489718054163,16.4722376480108,0.9596777085801587,0.37180956669623544,0.07128072122276066,0.8293729430404952,0.13792456888106722,0.2928630595113978,2.5619489267626454,0.6352030642387918,0.4437844352467515,0.19141862899204026,0.0,0.0,0.36479693576120814,0.0,0.0,0.0,0.0,0.6,,0.28662017627322844,0.40912999913218256,0.18877684261687888
B001927,12040.793264275972,6.719192669796859,9.807646628265143,7.123873057269482,0.0,0.2498483440822498,1.4346335467564182,32.06564662781695,2.4711299719069055,0.0,2.2125388569057383,1.0735506018562397,0.07417015966175171,0.8878030794662236,2.680488294607411,0.617043829360424,0.28775741570373237,0.32928641365669153,0.0,0.0,0.382956170639576,0.0,0.28,0.28,0.28,0.7,0.4647364870206058,,,0.3110513158581213
B001928,12795.78954979457,23.2650719087174,44.77700383135082,31.77748623313619,0.0,0.37718640947403326,0.07849897824260837,3.6412093335037845,14.556538695277796,0.0,0.13893825406559449,7.75453573039295,0.0,0.8150592289810646,3.3053536044069385,0.02100053614258646,0.02100053614258646,0.0,0.3333123474029467,0.0,0.6456871164544671,0.0,0.0,0.0,0.0,1.0,,0.3342609258321132,0.42258738162390347,0.18699916418064566
B001929,5638.0099983806085,5.543765976775426,17.009377123064017,8.876982836422185,0.1316266901100975,0.3352347597900197,0.016791291173685097,0.2876981295780357,1.7187484210184258,0.5811533114163662,0.0,2.097003102068856,0.8552257639383614,0.29163537833341785,1.5942349375921403,0.9966837265780568,0.7375856547308378,0.259098071847219,0.0,0.0,0.0033162734219432475,0.0,0.0,0.0,0.0,0.95,,,,0.18696941873279815
B001930,1982.9272788723508,5.6173577305165745,10.905501839860493,10.92662550970022,0.08233244249024153,0.5054771148751341,1.0381353543616438,48.548544417130195,1.7615287568352438,0.6758808596578157,0.9917685301372945,1.4539222224447665,0.13916332481786725,0.595094036623586,2.4213717590858583,0.6872449484343316,0.6872449484343316,0.0,0.0,0.0,0.31275505156566846,0.0,0.28,0.28,0.28,0.7,0.4922986893132487,,,0.3110513158581213
B001931,7608.063817977306,4.707960283401798,8.121628069077092,5.53290925123143,0.0,0.2772332388392007,1.49140952277422,70.10056398086046,1.9479281859487445,0.448038163251441,0.0,0.8723976019492569,0.8250953931406059,0.6145009391117511,2.7347672685131434,0.40094528880346963,0.40094528880346963,0.0,0.18530266812677837,0.0,0.4137520430697524,0.0,0.0,0.0,0.0,0.98,0.27614190402449257,0.3401936719652374,,0.18816800894164298
B001932,6680.717927030667,1.9818208030349056,11.213109453894164,3.294633535639803,0.0,0.11006876563768113,0.29620208483172555,13.900628378994666,0.8092417127071351,0.0,0.0,0.7687791487091035,0.24782397485785893,0.15597596676080822,3.0070817693512546,0.5916675657718979,0.20375199463054333,0.3879155711413546,0.0,0.0,0.4083324342281021,0.0,0.0,0.0,0.0,0.6,0.6363463355225043,0.36766964878537833,,0.18877684261687888
B001933,2573.4118279807585,2.846694499978715,12.200086219109915,4.70794115597907,0.0,0.24535820218252005,0.7015534940354176,25.40204242515132,0.3839760290206209,1.0403551069359855,0.0452544884649201,1.1661810098214267,0.0,0.21092786573576222,2.333080302872053,0.8167689623967106,0.4354110065609078,0.38135795583580284,0.0,0.0,0.18323103760328946,0.0,,,,1.0,0.4630930969115849,,,0.18877684261687888
B001934,13768.867629430208,4.831181624361476,7.76307914300026,3.6985425848452054,0.1223744383134524,0.4032192574792735,1.3622747383285285,49.16604770970244,2.3721816818678807,0.3263819234382514,0.0,0.6398572642175708,0.46720212499692265,1.0255586298408503,2.836990804156586,0.5345907603806078,0.4378852002664874,0.0967055601141204,0.0,0.0,0.465409239619392,0.0,0.28,0.28,0.28,0.7,0.5186265255909427,0.48534570531182736,,0.3110513158581213
B001935,26410.158058550263,6.538786347747032,10.385235230789391,10.045796854830723,0.0,0.16274357738732886,1.3067146387816226,47.078163868621196,2.2610102030320607,1.5573508518327832,0.8279654521718413,1.260252091546819,0.0,0.6322077491635254,2.651277239427976,0.6464578628060786,0.2816629028321231,0.36479495997395534,0.0,0.0,0.35354213719392114,0.0,0.28,0.28,0.28,0.7,0.5362166261976389,0.5119586038003324,,0.3110513158581213
B001936,7416.941473589199,5.914626374473046,14.293180290478785,7.823484499461691,0.0,0.30024657144203626,0.008424816905168825,0.09267298595685708,1.9944043743720898,0.4504296826315092,0.5856343208504936,1.5969226515849597,0.9090816106294834,0.3781537344045108,1.8994288207347372,0.8901960257102279,0.8901960257102279,0.0,0.09901459260014032,0.0,0.010789381689631759,0.0,0.0,0.0,0.0,1.0,0.142294177884464,,,0.18696941873279815
B001937,1292.8688076754736,2.985840202483773,12.782570830698372,1.3645364804864275,0.08057580149996282,0.10054215206519775,0.3292494167212453,11.882056549401288,0.5062360836404426,0.7628892937553318,0.03497201999497394,0.03275989576537795,0.0,1.648982909327646,2.3063281518603103,0.8143567544752789,0.8033850032951164,0.010971751180162493,0.011712622787342216,0.0,0.17393062273737883,0.0,0.0,0.5,0.5,0.5,,0.3566457873441,0.5519200481842091,0.18877684261687888
B001938,2660.8485683303143,4.964269717034169,10.026757625227955,7.969256946354576,0.042804782717261035,0.20888918609380097,2.8227004484418385,102.09227975770419,1.7141522662674182,1.6017633332677639,0.10671753897718798,1.0318366168804758,0.0,0.5097999616413221,1.8168764759369282,1.0,0.4479918204842037,0.5520081795157961,0.0,0.0,0.0,0.0,0.0,0.0,0.0,1.0,0.9392009277187029,,,0.18699916418064566
B001939,10342.305285029415,5.339341912766864,9.480043699054967,7.608361507359635,0.0,0.30690434926276333,1.5904271881507084,35.476280592187216,1.983679388569451,1.5082563715710224,0.0,1.2293817065561303,0.18007174124176234,0.43795270482849774,2.54029135178909,0.611192232297305,0.09846273812851906,0.5127294941687861,0.0,0.0,0.3888077677026949,0.0,0.0,0.0,0.0,0.9,0.7851302241610114,,,0.18699916418064566
B001940,1609.5978210060362,1.3247718691407706,8.401229926849595,1.407646651477486,0.036685112589383895,0.3330629664417722,0.8590583117530772,31.0979108854614,0.3615047984878204,0.487608183541652,0.01813195616959282,0.0,0.21200003121248429,0.24552689972922082,1.9060331056193116,1.0,0.8262855720726182,0.17371442792738168,0.0,0.0,0.0,0.0,0.0,0.0,1.0,1.0,1.3958563737654908,,,0.18877684261687888
B001941,20850.27340545813,7.637462785882099,10.950619522068244,13.011853287833699,0.0,0.46159354845052925,0.014967447001526555,0.6944895408708321,1.4378519814328448,0.4395560395777359,0.20219528888485502,4.019348444632814,0.0,1.5385110313538521,1.5830272276180937,0.9424473739642624,0.9159732300563387,0.026474143907923763,0.0575526260357377,0.0,0.0,0.0,1.0,1.0,1.0,1.0,,0.25332313154022795,0.6235152463556758,0.6061389938239665
B001942,2259.181363543182,2.002820357751048,5.710337243288554,0.44166169481041456,0.0,0.4953191254328007,1.5472768026130455,34.47912765849348,1.187806658735098,0.0,0.01659299915095114,0.0,0.16475125336222543,0.6336694465027736,1.9681368149228415,0.9094555576033756,0.9094555576033756,0.0,0.09054444239662446,0.0,0.0,0.0,0.0,0.0,0.0,1.0,,0.30054022499149896,,0.18699916418064566
B001943,19479.706181767437,4.970580806779137,11.802332290875604,13.201690850676458,0.0,0.5688048449652316,0.026402848701423374,0.5471622931847522,0.5190657821603035,0.3937579275647854,0.5983001780243106,1.0559519719722947,1.4732498423570939,0.9302551047003482,2.0251172579146313,0.8955724084693735,0.5627637862374505,0.3328086222319231,0.0,0.0,0.10442759153062647,0.0,0.0,0.0,0.0,1.0,0.5561721328429527,,,0.18696941873279815
B001944,5978.1014591451185,12.200207059479833,19.293502214873588,7.158945326603912,0.06522912961385043,0.2540335356063565,0.012233125075545683,0.4865104491536293,7.067872004487309,0.6970897481384142,2.237170734790732,0.17631411216839918,1.090680221491803,0.9310802384031764,1.9343330254309852,0.8961497679930178,0.8961497679930178,0.0,0.10385023200698215,0.0,0.0,0.0,0.0,0.0,0.0,1.0,0.15655435148281904,0.23998391186547863,,0.1858426376147888
B001945,29309.732487656624,7.28373073748922,18.389185956646145,0.5264153986541312,0.0,0.372317846692932,0.031042346090115434,1.836727316138815,6.59089741397483,0.0,0.13379780290687684,0.0,0.15173486636331,0.40730065424420403,3.5440394591131463,0.07634638634400522,0.07634638634400522,0.0,0.0,0.0,0.9236536136559949,0.0,0.0,0.0,0.0,0.5,0.14480555101032697,,,0.18699916418064566
B001946,1469.9557437747258,4.772583583684175,6.395244461401953,4.776682112255321,0.0,0.8089999999999999,0.03470212050808109,1.6088370569143857,2.3387832864178515,0.0,0.611415310368681,0.0,0.0,1.822384986897641,1.9721366737716055,0.9297922845811354,0.9297922845811354,0.0,0.0,0.0,0.07020771541886457,0.0,1.0,1.0,1.0,1.0,,,,0.6061389938239665
B001947,16070.411011273649,12.352352814199577,15.98977297710549,13.870281965770571,0.2703302297899598,0.3774715124111359,0.0112652016946713,0.25121399779117,7.439284137990481,1.4760331118146084,0.0,2.030377239955207,0.0,1.4066583244392792,3.090106461275122,0.3941481707865038,0.11028238387835775,0.2838657869081461,0.0,0.0,0.6058518292134961,0.0,0.0,0.0,0.0,0.9,0.32831533600121066,0.22540201070694432,0.6925952590556252,0.1858426376147888
B001948,3776.065814216924,6.190271826585121,10.01759351804529,10.296162183584771,0.17567552201997635,0.273593176966868,1.3166057827976898,29.373937396219528,1.8858064771061744,0.0,1.4600957984687302,1.5443714652485843,0.6629181297405458,0.6370799560210879,2.688630742239289,0.717989414643919,0.2781147929723814,0.4398746216715377,0.0,0.0,0.28201058535608103,0.0,0.2,0.2,0.2,0.98,,,,0.27637726888891634
B001949,2797.1661967193854,1.6131292945325175,8.063446762126011,1.4090895116116395,0.026813673946738743,0.4052429720886648,0.3431292783820919,15.994392879054974,0.7456718882110293,0.3054016025518181,0.024616136220080954,0.0,0.1690562227071504,0.3683834448424392,2.3637919385136206,0.7215530461651292,0.7215530461651292,0.0,0.015259865593857851,0.0,0.2631870882410132,0.0,0.0,0.0,0.0,0.6,1.1864388649158844,,,0.18877684261687888
B001950,2731.9640216034454,8.672901655883953,12.944680738874471,13.713250892143067,0.15822567256332062,0.4199320111154754,0.0146930288549317,0.5697781233885706,3.923863604092225,0.35266764748941815,1.5085170060394801,1.8168566350017257,0.0,1.0709967632611066,2.4533431330360314,0.5475719938055381,0.5315435833065233,0.01602841049901484,0.0,0.0,0.452428006194462,0.0,0.5,0.5,0.5,0.5,0.2664368251720019,0.24791922559917928,0.329715385187404,0.4023874260919753
B001951,3556.481960410538,0.811982182742132,4.31821228206176,0.3563516825359268,0.0,0.2718348924832614,0.6956180646636135,25.151143343036217,0.4187756743085112,0.0,0.06717116802555897,0.0,0.1371962505664763,0.18883908984158543,2.4648903221606298,0.573762137106725,0.573762137106725,0.0,0.08272492851840212,0.0,0.3435129343748729,0.0,0.5,0.5,1.0,0.5,,,,0.4052417822251656
B001952,4635.503775047449,3.4185131084420717,8.794266797527001,3.3255749905783865,0.0,0.05400614395071721,0.011971927253818298,0.027655151956320272,0.47887709015273194,0.0,1.9657598867159682,0.3363101232953177,0.0,0.6375660082780541,2.230054328456883,0.8599165558353024,0.8599165558353024,0.0,0.0,0.0,0.14008344416469765,0.0,0.0,0.0,0.0,1.0,0.6422095799518673,,,0.18696941873279815
B001953,1431.9538682028685,1.2083998887787921,5.234629330897,0.0,0.0,0.0,1.3510894728551555,48.8697331385524,0.9422984571084695,0.0,0.0,0.0,0.0,0.2661014316703226,1.426870928620004,0.9378348921488239,0.9378348921488239,0.0,0.0,0.0,0.06216510785117616,0.0,0.3,0.3,0.3,1.0,,,,0.32025669999791706
B001954,4847.005823858111,5.777122555254007,12.702541571448132,7.1441694078735125,0.0,0.23835416494239098,0.9084383383722788,32.762333959279324,1.562818746611233,0.4678214710419276,0.3954290246503176,0.7317581991197168,1.8060411998028043,0.8132539140280033,2.4989124942211323,0.7294814621528273,0.2901971342455858,0.43928432790724137,0.0,0.0,0.2705185378471722,0.0,0.28,0.28,0.28,0.7,0.35826563053989685,0.36473808748489456,0.659406500081406,0.3110513158581213
B001955,1450.3449891153023,1.3972495078182103,11.591983632422894,1.5207018962802992,0.01590259284725532,0.20234466433981396,0.17157315745443633,6.1917860919369,0.2638016010855831,0.37342507065143016,0.010962609696656527,0.199840169618308,0.42414538714450306,0.12507466962172947,2.090912417575469,0.7911018589495383,0.4796986382602172,0.3114032206893212,0.0,0.0,0.20889814105046164,0.0,0.5,0.5,1.0,0.5,0.6299073401871428,0.35601470929116147,,0.4052417822251656
B001956,2720.5591308145863,8.025248173494354,17.128608940832486,8.17253040620863,0.0,0.44064189450412955,0.010958596387243787,0.3202310734066523,4.294024334073404,0.49424911365452145,0.0,0.6315351131276316,2.2102488176129875,0.3951907950258096,1.7663355358942097,0.9384132299750031,0.8597196993233961,0.07869353065160704,0.06158677002499668,0.0,0.0,0.0,0.0,0.0,0.0,1.0,0.14058906886212194,,,0.1858426376147888
B001957,857.4080246909048,2.499731850410801,7.526686848347631,2.9800808021502987,0.0,0.3730219746850152,1.0129020098192651,47.52178927941791,0.7558064717609656,0.0,0.09729709315199395,0.8783155846420917,0.16492538231636256,0.6033873185393873,1.7762134552469557,0.9572595259766778,0.9572595259766778,0.0,0.03892301213668351,0.0,0.0038174618866386166,0.0,0.0,0.0,0.0,1.0,0.9643462458956287,0.2942748788827222,,0.18699916418064566
B001958,6712.213374390012,3.371277435655456,6.728877045366808,3.9278962196083618,0.0,0.021,1.388973581298037,50.22201803112115,0.8284316367580853,1.5495488289015318,0.0,0.4981884322024089,0.0,0.4951085377934296,2.6937992080122872,0.6829708890386997,0.2233383436678785,0.4596325453708211,0.0,0.0,0.3170291109613003,0.0,0.0,0.0,0.9800000000000001,0.98,0.3522210988775803,0.42375415871910366,,0.18816800894164298
B001959,5691.5700527321205,4.564210146537386,8.057572930407742,4.873989293880939,0.16757290267087924,0.22365094980698574,0.016113698626114087,0.2968766216917989,1.3513203375391518,0.7775761574883574,1.4530265597658143,0.35940016259236995,0.0,0.6228869291516923,2.015309315807191,0.8296362059318714,0.5112839580915426,0.318352247840329,0.1703637940681284,0.0,0.0,0.0,1.0,1.0,1.0,1.0,0.26683103914891215,,,0.6061389938239665
B001960,49719.95147954133,18.394358667976814,31.280957235013712,2.601780277691476,0.0,0.3327548166281674,0.08126206970009915,5.412053842026603,16.25241394001983,1.0564978338341398,0.16974080806562736,0.0,0.188473263909587,0.7272328221476274,3.5341897585780075,0.04679823526829164,0.04679823526829164,0.0,0.05743597006583451,0.0,0.8957657946658739,0.0,0.0,0.0,0.0,1.0,0.14391961072921441,0.35869572422267965,,0.18699916418064566
B001961,9505.880947969172,4.245592205435092,7.686430064255425,4.1739618811920876,0.0,0.39754599360275406,1.4610141465304596,68.2345991734727,1.898772177869729,0.3984808276046896,0.0,0.0,1.5207418830899544,0.427597316870721,2.8493072675827507,0.5426263965459523,0.18443328484220894,0.3581931117037434,0.0,0.0,0.4573736034540481,0.0,,0.0,,0.98,0.4379845800664226,0.28455959472567083,,0.18816800894164298
B001962,11861.660530685136,5.683593929413099,12.962779138764523,5.198737996071052,0.0,0.17914034234118534,0.025815775247916426,0.9379858684008601,1.9789908244709855,0.0,1.7821201663200126,0.45852195040165156,1.0321762746103342,0.4317847136101141,2.753608455915513,0.4702001697379777,0.4702001697379777,0.0,0.18160626663856672,0.0,0.34819356362345555,0.0,0.0,0.0,0.0,0.95,0.6581569323389639,0.3652037402865756,0.3166949854736584,0.18696941873279815
B001963,10888.779539670028,8.954588437228642,16.39248738805337,12.660825147275228,0.1680582071793943,0.37107321776554664,0.016660383426389588,0.4654387171410209,3.9046909272794466,0.8224177461003555,0.6063247421814194,2.5242285595298366,0.0,1.0969264621375832,2.353875630324579,0.7278428445591661,0.28639642013421324,0.441446424424953,0.0,0.0,0.27215715544083385,0.0,0.5,0.5,0.5,0.5,0.19111166741568747,,,0.4023874260919753
B001964,6661.63418524126,4.658485444224657,10.230057505048508,9.04183307143953,0.0,0.6153226808509294,0.9636258330906933,44.633445073467236,1.6382363776270665,0.0,0.30261551626779076,1.4474281717089823,0.4975803278429297,0.7726250507778876,2.52802439530867,0.6483328332262872,0.33762494564376233,0.3107078875825247,0.0,0.0,0.3516671667737129,0.0,0.27999999999999997,0.27999999999999997,0.27999999999999997,0.7,0.7251315532527927,0.33288615508963026,,0.3110513158581213
B001965,7037.921631449564,5.307633206221391,8.111203080642674,7.208372275289538,0.0,0.306460840024537,1.7667391295878625,63.98068139435211,1.0724390725741781,0.0,1.9175330216521533,0.6882029100943017,0.8898406974792565,0.7396175044215005,2.5721837474331255,0.7979440117834238,0.1393497771388104,0.6585942346446132,0.0,0.0,0.20205598821657625,0.0,0.0,0.0,0.98,0.98,0.40253518542851385,,,0.18816800894164298
B001966,560.1986266109759,1.2178231013282086,8.61095200455281,2.335969891329249,0.1257751949434445,0.43820809392238247,0.402569875575483,14.573029495832486,0.2214134315665157,0.40340602838786566,0.02357780917828768,0.38936759538396193,0.029126286814682975,0.15093194999689466,2.4900776278037156,0.7820110784157327,0.45075933261792817,0.33125174579780453,0.019360619085458917,0.0,0.1986283024988085,0.0,0.0,0.0,0.0,1.0,0.9176152702823124,,,0.18877684261687888
B001967,2235.984247999213,2.543781852103769,12.918282803119983,4.080749085158247,0.33409273317322935,0.25709063106994123,0.6853143779242734,24.738073796796826,0.8029070443097439,0.5220185975194206,0.03789227764049521,0.7243151262172629,0.2498675140807883,0.20678129233605838,1.730272232214943,0.7162923253255212,0.6180655399295402,0.09822678539598112,0.22010962720598704,0.0,0.06359804746849168,0.0,0.3,0.3,0.3,1.0,,,,0.32025669999791706
B001968,3962.5564863921572,3.16751118016959,10.637848786423184,3.248695104532194,0.0,0.13091450759606582,0.008588425232227045,0.019839262286444472,0.3435370092890818,0.5480743186309484,1.5386301909227025,0.0,0.0,0.7372696613268582,2.2298466377944166,0.8264041366901504,0.8264041366901504,0.0,0.0,0.0,0.17359586330984977,0.0,0.0,0.0,0.0,1.0,1.1298767403784038,0.356376161990045,,0.18696941873279815
B001969,1177.5997208330098,2.3551994416660196,9.841896612755724,3.838232442415644,0.0,0.26305372687729683,0.67991013753595,24.617858877905295,0.3722967259346856,0.43466240297547554,0.05537755251322868,1.0239585802712015,0.24173539951086118,0.2271687804605674,2.0789339174335613,0.8419256053868074,0.8184127123665645,0.023512893020242794,0.0,0.0,0.15807439461319273,0.0,0.0,0.0,1.0,1.0,0.7170210246946431,,,0.18877684261687888
B001970,3076.4565162698577,4.1856551241766775,10.655091885885584,7.706366195123169,0.0,0.44303449589832966,0.01241563621913071,0.028680119666191942,0.49662544876522846,1.3888088969657781,0.0,0.37379474084574155,1.363169327067519,0.5632567105324106,2.072468590037845,0.8813506048559328,0.792046844809704,0.0893037600462287,0.0,0.0,0.11864939514406726,0.0,0.0,0.0,0.0,0.9,1.417852984555562,0.47685569287880275,,0.18696941873279815
B001971,4637.542206652141,7.833686159885374,20.870749860274223,8.535277075222211,0.0,0.47128353143306184,0.010283652349452091,0.22932544739278163,2.3490576432758585,0.43069296168691173,0.5759762601515818,0.7976761393771533,0.8150658903067924,2.865217265087076,2.581225980777348,0.7001338073377411,0.42073554639597854,0.27939826094176257,0.0,0.0,0.2998661926622589,0.0,0.0,0.0,0.0,1.0,0.14526722482120108,0.3868037723985965,,0.18696941873279815
B001972,7328.258466108593,8.703394852860562,25.811337749672166,13.134534707755783,0.08422218843191083,0.18597716335274944,0.027425197252724517,0.8942239364666646,3.0048399741038407,0.5501477097566086,0.91612242472471,1.6802231120004187,1.8885867318460416,0.6634749004289423,1.6142634621774525,0.8947396458264092,0.7016858845750539,0.19305376125135545,0.1052603541735908,0.0,0.0,0.0,0.0,0.0,0.0,1.0,,,,0.18696941873279815
B001973,5086.634892053194,3.071639427568354,5.980821073414899,2.0415654706196285,0.01785454295542244,0.4495803842729666,1.3149697040924713,61.80357609234615,1.643712130115589,0.7853186084940067,0.0,0.0,0.14880581155381326,0.49380287740494516,2.974470974152285,0.41889606677235014,0.41889606677235014,0.0,0.0,0.0,0.5811039332276502,0.0,0.0,0.0,0.0,1.0,0.6620641295350712,,,0.18699916418064566
B001974,6607.625459353333,9.063958106108824,13.83373331217973,5.714299301005223,0.0,0.25882200797289745,1.378772720599204,30.757308092844678,1.9223432372065974,0.0,0.670852127946725,0.4690861073347594,1.346114304438487,4.655562329182257,2.3710154665765932,0.7580276582910522,0.7580276582910522,0.0,0.05175289888184832,0.0,0.19021944282709946,0.0,0.2,0.2,0.2,0.98,0.3294138281757863,,,0.27637726888891634
B001975,17503.479403659658,5.705175816055951,9.030758758053201,5.234817930976055,0.24556745578051956,0.1512567649581742,1.8437245875070016,86.66242900640492,2.4114006541358664,1.332451560283877,0.367847365524703,0.9313833697090255,0.0,0.6620928664024792,2.7751286486040914,0.5709083179183772,0.17410460792194862,0.3968037099964284,0.0,0.0,0.429091682081623,0.0,0.0,0.0,0.0,0.98,,,,0.18816800894164298
B001976,30902.914598296178,10.242928272554252,22.19654660354017,13.702430342609343,0.06890418598748428,0.365,0.011228093057366243,0.1709591297912085,4.138574777689791,0.20391074390232786,1.0234548694270722,2.2729679992679364,2.3445173529273196,0.2595025293398044,2.917817144246004,0.3259817915920539,0.3259817915920539,0.0,0.24879878380659132,0.0,0.42521942460135465,0.0,0.0,0.0,0.0,1.0,0.1781927751458967,,,0.1858426376147888
B001977,1448.2576145910898,4.656776895791285,11.865995938641255,4.247382025983079,0.0,0.2904062774149916,0.010164306394785357,0.11180737034263892,2.3217958769814264,1.021234135223432,0.0,0.9864126860526883,0.0,0.3273341975337379,2.876408827354539,0.49853505669228126,0.27923442063509646,0.21930063605718492,0.0,0.0,0.5014649433077184,0.0,0.0,0.0,0.0,1.0,0.08765780983942578,0.22837008781087806,,0.18696941873279815
B001978,804.902270335311,1.3130542746089902,6.2983795176075725,2.758004620275848,0.0,0.365,0.5847661302877065,21.178152489287005,0.32109235015027715,0.32891091481603424,0.0,0.4311981881937772,0.0,0.23185282144890162,2.0949503147070265,0.6625242370604526,0.6625242370604526,0.0,0.0,0.0,0.3374757629395475,0.0,0.0,0.0,1.0,1.0,0.35780939685568164,0.33075723867776363,,0.18877684261687888
B001979,3095.4895561468547,6.803273749773307,14.726905694069146,3.113476863988225,0.0,0.365,0.006334532849491255,0.2939223242163942,4.183182070418753,0.5719514619952324,1.0719643221905504,0.0,0.0,0.9761758951687709,3.014671797987475,0.3498041768849303,0.26573414192355754,0.08407003496137289,0.0,0.0,0.6501958231150695,0.0,0.0,0.0,0.0,1.0,0.22210091464427367,0.27575165919240535,,0.1858426376147888
B001980,2436.305264717652,4.296834682041714,7.9749352900592685,4.70338810746306,0.21146032971270756,0.695337840822737,0.01793749390911455,0.30850910856270874,2.8131042157950272,0.0,0.0,0.6357372675861667,0.32060931228355366,0.5273838863769664,2.8176456539392944,0.4382142257516424,0.29025943702235263,0.14795478872928974,0.0,0.0,0.5617857742483575,0.0,0.5,0.5,0.5,0.5,0.3020321469004864,0.19149948692583,,0.4023874260919753
B001981,5698.567702564526,17.53405446942931,33.42931013262236,9.27628951416377,0.05911155098081917,0.3493091605244396,0.0744359381823766,3.2999894893343056,14.120106896869393,0.872439980946006,0.12630413972678986,1.7372120604312273,0.0,0.6779913914558964,3.3515576868549557,0.194703830680585,0.18750046879146798,0.007203361889117066,0.0,0.0,0.8052961693194151,0.0,0.0,0.0,0.0,1.0,,,,0.18699916418064566
B001982,9586.354470658942,8.110282970100627,12.239901585734536,7.82021947474263,0.0,0.20335981015524265,1.039079992239109,23.18755419074633,3.4090576227719835,0.0,1.1837544732691767,1.2229615777855596,1.3831114310747694,0.9113978651991392,1.5662463685582804,0.9615350212485164,0.7909970219982131,0.1705379992503034,0.0,0.0,0.03846497875148369,0.0,0.0,0.28,0.0,0.7,,0.4321666729228427,0.348233383378546,0.18816800894164298
B001983,2449.664086987364,4.166095386032932,11.075570109893635,7.302708926429242,0.0,0.365,0.015387002841530736,0.3389622300007356,2.2347845596480727,0.0,0.0,1.3958796024737499,0.20647187531477007,0.32895934859633996,2.7368483425992185,0.40890092667572153,0.07384388329800284,0.3350570433777187,0.049560045122101284,0.0,0.5415390282021773,0.0,0.0,0.0,0.0,0.5,0.6696909320439703,,,0.18699916418064566
B001984,2028.8034676956627,3.2409001081400364,13.0914069617194,5.241186208820913,0.014276429648814625,0.2971719205598485,0.440743873636775,20.61144993880265,1.2041384765054126,0.747389483658165,0.0347739693680397,0.8202922110473418,0.0,0.4343059675610768,2.7639783856575484,0.6205975786194867,0.12614986020671493,0.49444771841277185,0.0,0.0,0.3794024213805131,0.0,0.0,0.0,0.0,0.6,1.1187827496324998,,,0.18877684261687888
B001985,12179.415318344652,11.999423958960248,17.075455756340073,15.55701100273266,0.0,0.6114244904243952,0.012621789401353204,0.19221997545402786,5.581013507104286,0.6987461001590833,0.5037843935097287,3.9003583332341787,0.0,1.3155216249529749,2.058700135194832,0.9652801981657412,0.9652801981657412,0.0,0.0,0.0,0.03471980183425888,0.0,0.0,0.0,0.0,1.0,0.1851251026768068,,,0.1858426376147888
B001986,14303.31470275063,8.32556152663017,17.167048970186332,15.720171536860267,0.0,0.45759445989066655,0.020141860075688935,0.5062741511915827,2.8646645321341144,0.39789914759541284,0.6318190475109042,1.7042578203763197,2.172148595906479,0.5547723831069373,2.634927515376945,0.6475572051676517,0.3669662972252815,0.2805909079423701,0.0,0.0,0.35244279483234836,0.0,0.0,0.0,0.0,1.0,0.28579276424837,,,0.1858426376147888
B001987,3646.2472184222,9.325440456322763,13.647968889353178,8.748650803061135,0.11298634165189653,0.2736893402651677,0.011797213847172708,0.2630778687919514,3.9617509188266564,0.7034627280548396,1.7585398680020026,0.0,2.179940757976535,0.7217461834627301,2.8316630653750483,0.5696766015863607,0.1473393785431103,0.42233722304325044,0.0,0.0,0.43032339841363937,0.0,0.5,0.5,0.5,0.5,0.29280386355094506,0.22369594923219693,,0.4023874260919753
B001988,4567.0834841376845,2.242063566096065,14.74625025217976,4.666730798855504,0.22035833767359891,0.2691987872644784,0.33508144962742265,11.582096730639082,0.34482048315349084,0.33939898893861065,0.04765380520307351,1.220776005212014,0.15568953617722023,0.1337247474116564,1.6490712980436713,0.8992805311366726,0.7266481401578432,0.1726323909788293,0.0,0.0,0.10071946886332787,0.0,0.5,0.5,1.0,0.5,0.6364696597630348,,,0.4052417822251656
B001989,4677.5979246182715,4.5369524002117085,8.128363832241472,2.023245990973948,0.0,0.6016735147161234,0.013663068252255422,0.4497673377123164,3.3674810312479235,0.4988321385844918,0.0,0.08802287930881901,0.05002360424263617,0.5325927468278364,2.567831434992926,0.5963125891806398,0.5852867727668944,0.011025816413745471,0.10994872649781706,0.0,0.2937386843215427,0.0,0.0,0.0,0.0,0.5,0.34236810132187434,,,0.18699916418064566
B001990,4435.027468888736,5.034083392609235,11.309398371060661,9.406961571932968,0.0,0.3939624041071547,0.028337256183148387,0.31639341031010576,1.2097012502015692,0.4798887291550109,0.2225269998369602,2.55616408292319,0.0,0.5658023304925046,1.5733605114392286,0.9949746591391565,0.4872031576427749,0.5077715014963816,0.0,0.0,0.005025340860843522,0.0,1.0,1.0,1.0,1.0,0.2425872863185667,,,0.6061389938239665
B001991,12777.468550437789,3.8164481930817766,7.993780972462266,4.0964264791526945,0.23147719418004384,0.13655741872556074,1.3466514314940297,37.18325230988671,1.6406327578626303,0.0,0.0,0.7532267291653492,0.9070540688029383,0.5155346372508591,2.4594222369247936,0.636588606258123,0.636588606258123,0.0,0.0,0.0,0.3634113937418771,0.0,0.0,0.2,0.0,0.98,,,,0.18816800894164298
B001992,1067.833280221697,0.7632832596295188,4.3997817888066395,0.6035395595653247,0.0,0.313930290805281,0.47315297131698825,17.128137561674976,0.2602341342243436,0.2713597961379879,0.062361984002845636,0.0,0.0,0.1693273452643418,2.3927369591025167,0.627533191181472,0.627533191181472,0.0,0.0,0.0,0.37246680881852806,0.0,0.0,0.0,1.0,1.0,0.550677417800549,0.40369683480860974,0.5123113037733229,0.18877684261687888
B001993,2302.2246843734574,7.598101268559265,14.849682997518714,7.755722050386992,0.38275284797028597,0.13505892445130702,0.010129720055374,0.18296893282629487,4.851180847693832,0.0,1.1322231683699433,1.1294698336383209,0.0,0.48522741885716836,3.108850438654207,0.3511909100793733,0.20217694878156184,0.14901396129781158,0.0,0.0,0.6488090899206265,0.0,0.0,0.0,0.0,1.0,0.18286497967970358,,,0.1858426376147888
B001994,1939.2971885851136,0.8040203932774103,5.571477882849713,0.970492351780663,0.18362372028708818,0.4597358427872745,0.19571578002420426,7.070044292320557,0.2993375321164838,0.16167483812019562,0.0,0.11774892973628862,0.0,0.22525909330444224,2.5310181012901456,0.6276990799993258,0.4812489019680058,0.14645017803131993,0.0,0.0,0.3723009200006743,0.0,0.5,0.5,1.0,0.5,0.46022726041793277,0.278603316097628,,0.4052417822251656
B001995,19333.75865239419,4.706367734273172,10.762807219176066,7.267456542884429,0.27387331932390757,0.24,0.025354214737750465,0.504526943505397,2.0730222581658833,0.0,1.1858818368034783,1.0132443597858045,0.0,0.43421927951800593,2.9596368286141956,0.530272378539353,0.27829847769698307,0.2519739008423701,0.0,0.0,0.4697276214606469,0.0,0.0,0.0,0.0,0.95,0.9722829722255205,0.44743963983050367,,0.18696941873279815
B001996,6585.2646315436905,2.801048333281025,6.990906132983431,1.7162236639384634,0.0,0.3728062198160435,1.101263856623521,39.70526852964844,1.3698504061482781,0.557295176406558,0.13397267066539267,0.0,0.1863554926799659,0.5535745873808309,2.944752039553407,0.38010088374960993,0.3322714089513429,0.04782947479826703,0.06653062371889785,0.0,0.5533684925314923,0.0,0.0,0.0,0.0,1.0,0.5747158352285048,,,0.18699916418064566
B001997,5685.926251192399,6.611542152549301,12.967386414072212,9.16205782203609,0.0,0.4323153864799897,0.013534249913917917,0.5210259632084219,1.3416669936990504,1.128231318856176,0.6418524868089003,0.4834596649284085,1.786199927539586,1.2301317607171804,2.3370811188056897,0.7587242279810069,0.22083402760870538,0.5378902003723016,0.0,0.0,0.2412757720189931,0.0,1.0,1.0,1.0,1.0,0.17588259659852826,,,0.6061389938239665
B001998,781.708874011697,0.9164230644920247,6.948541630105344,1.1845775814052186,0.26917781231833027,0.2192410635125484,0.3582366442625947,12.934566373579042,0.19641229804888086,0.3493409501248302,0.0,0.08694379134186075,0.10513676213685316,0.1785892628395998,2.297268590712474,0.7411481658194956,0.5315500435972177,0.20959812222227797,0.0,0.0,0.2588518341805045,0.0,0.0,0.0,1.0,1.0,1.0095738371893939,,,0.18877684261687888
B001999,12700.48991071947,11.514496745892538,22.614562094699465,10.248765711753748,0.5611869201162063,0.4659759555414801,0.04078684842680265,1.8106695046466414,8.525919697155715,0.0,0.0,2.2227445632251324,0.17329169762032062,0.5925407878913715,3.259418991807776,0.2534135897889557,0.2534135897889557,0.0,0.0,0.0,0.7465864102110443,0.0,0.0,0.0,0.0,0.5,0.11241750177758034,0.2244736228902499,,0.18699916418064566
B002000,26861.272283930386,7.072478221150707,17.676887278664676,19.27241349513775,0.0,0.7759775647389637,0.01588185855464987,0.4431537213114812,2.561828197991775,0.4356240570820269,1.810006769680542,1.5058060975957834,0.0,0.7592130988005805,1.355592556050814,0.9802116318009892,0.7673009588359496,0.21291067296503963,0.0,0.0,0.01978836819901088,0.0,0.0,0.0,0.0,1.0,0.22535134538835547,,,0.18696941873279815
