batch_id,gwp_total,gwp_per_unit,gwp_per_kg,energy_per_unit,renewable_elec_share,renewable_elec_share_location,water_per_unit,aware_per_unit,gwp_fibre,gwp_spinning,gwp_fabric,gwp_wet,gwp_garment,gwp_transport,dq_score_gwp,primary_share_gwp,gwp_share_measured,gwp_share_calculated,gwp_share_estimated,gwp_share_imputed,gwp_share_default,gwp_share_zero,recycled_content,recycled_content_declared,certified_material_ratio,mono_material_share,chem_intensity,waste_ratio,waste_recovery_rate,mci
B000001,11261.12038633125,10.554002236486644,14.647616312074696,18.212464715263028,0.0,0.23866240936166003,0.01585283979131042,0.35351832734622235,1.9571407149765954,1.00664582462663,3.153379615913276,1.5328548197921348,2.130519292312901,0.773461968865106,2.0459475778854963,0.8037393388397607,0.6585001409084922,0.14523919793126855,0.0,0.0,0.19626066116023913,0.0,1.0,1.0,1.0,1.0,,,,0.608845443987547
B000002,4225.548933357932,8.0949213282719,15.103178099600985,13.32523366401008,0.060838996492763434,0.453,0.01734312245461661,0.17807264037946907,3.3322549250152527,1.161424759315312,0.0,1.9250409977966807,1.2315269620768121,0.44467368406784297,2.9239515081360143,0.34064606467737335,0.19717033313950394,0.14347573153786936,0.23780848753568276,0.0,0.421545447786944,0.0,0.0,0.0,0.0,0.9,,,,0.188624025984382
B000003,20013.396217388683,18.095294952430997,22.910848987204094,25.546826504009147,0.0,0.44248521197494095,0.019206165632482525,0.5640500747528648,6.936654686910745,0.6556204783328945,2.6978955387071895,5.028746207512394,1.71675090575107,1.0596271352167017,2.4738593338130523,0.6166597612724268,0.5217869830024913,0.09487277826993555,0.0,0.0,0.383340238727573,0.0,0.0,0.0,0.0,1.0,0.2750282551522103,,,0.188624025984382
B000004,2435.422065149643,7.269916612386994,19.83517766058655,0.7147112106017812,0.16693638788832807,0.23442768461758745,0.026977272706594852,1.082725094085395,6.41966243879701,0.0,0.0,0.23412987172167654,0.10577259229680003,0.5103517095715071,2.9876635900132644,0.36336799138229414,0.34881863711369393,0.014549354268600174,0.0,0.0,0.6366320086177057,0.0,0.0,0.0,0.0,0.5,,,,0.18835914010109434
B000005,44132.752225666765,11.150265847818789,15.776725709674663,18.41219615424365,0.0,0.3149738045828135,0.021346704575779626,0.9294290023591257,2.281309219783236,1.0207414051078596,0.0,4.687619507456244,2.1644823843493857,0.9961133311220624,2.228374112730571,0.6782534447915706,0.6782534447915706,0.0,0.28566348398593006,0.0,0.03608307122249933,0.0,1.0,1.0,1.0,1.0,,0.24169486167756551,0.7588967546797708,0.608845443987547
B000006,20427.03693392627,6.55132679086795,10.453579901918191,9.04441261597547,0.0,0.42887498131034646,1.298501524540116,28.938674885694123,2.165327112010174,0.0,0.9083870129300842,1.5122597907108195,1.262978498297041,0.7023743769198336,2.616963653058831,0.6003345829675635,0.36950198386431116,0.23083259910325254,0.13865695330544436,0.0,0.2610084637269922,0.0,0.28,0.28,0.28,0.7,,0.47658539387221316,,0.3131956702029707
B000007,29533.758054926064,10.999537450624233,15.31619915925042,14.466246323727088,0.08263923383573807,0.3826087299989838,0.02441829537319149,0.3630724465723609,4.394017540517768,0.4239213850570697,1.7397153946708939,3.443073089079152,0.0,0.9988100412993489,2.31731741294043,0.5568446931054081,0.5568446931054081,0.0,0.021517811047901923,0.0,0.42163749584669,0.0,0.5,0.5,0.5,0.5,0.31696448014841516,,,0.40513160691334116
B000008,1577.5095218295187,3.429368525716345,15.366147931966738,5.403143517154098,0.0,0.24890341165978316,1.048572559234648,37.96284897745381,0.698719875280506,1.0581029352110005,0.0238115941025897,0.4938952011658887,0.7421085855711056,0.41273033438525386,1.6133849926424952,1.0,0.7836019721980477,0.21639802780195222,0.0,0.0,0.0,0.0,0.0,0.0,0.0,1.0,0.5032341309850089,,,0.18837769891077183
B000009,7426.938576060846,16.395007894174054,32.262510064220784,5.4773005027082675,0.0,0.4153366174558855,0.07349958864856103,4.744698118525796,13.652011907632982,0.6364771609707767,0.0,1.2501805285237166,0.24774200072572164,0.6085962963208544,3.318854840423437,0.163219406621595,0.08696567520570674,0.0762537314158883,0.0,0.0,0.8367805933784049,0.0,0.0,0.0,0.0,1.0,0.10138618427861311,0.304944087785013,,0.18835914010109434
B000010,16213.165778058958,13.311301952429357,29.984170359200988,4.545172807985274,0.18183887249271705,0.45100187023737665,0.06576562669167851,4.235847685483151,11.739958160074549,0.3384686371387579,0.0464194463814199,0.7218035437114958,0.0,0.4646521651231335,3.4656151419782706,0.09261867544001176,0.038393811013450956,0.054224864426560784,0.025427162447996775,0.0,0.8819541621119914,0.0,0.0,0.0,0.0,1.0,,,,0.18835914010109434
B000011,3205.400493207641,8.928692181636883,13.11567474081627,4.066741902672739,0.0,0.488,0.01704425858462668,0.4980232050237877,6.362460234442778,0.0,1.1549547003590577,0.0,0.0,1.4112772468350465,3.214003224186244,0.2424826990927392,0.2424826990927392,0.0,0.0,0.0,0.7575173009072608,0.0,0.0,0.0,0.0,1.0,0.14142764756830278,0.23402584254699987,,0.188624025984382
B000012,3436.791300418092,1.0706514954573494,5.662079201968188,1.2344128974022466,0.0,0.47000000000000003,0.37751005486338585,17.73948090693267,0.5199788794507099,0.0,0.029045862855964215,0.33380998439853093,0.0,0.18781676875214473,3.1258456161972052,0.48356131583548967,0.1717792039019164,0.31178211193357325,0.0,0.0,0.5164386841645106,0.0,0.3,0.3,0.3,1.0,0.8789888682174598,,,0.31989570700826886
B000013,2184.965535051913,1.7938961699933602,3.588888651285994,1.8253588806753953,0.0,0.0,2.1775989613107187,78.80311501036611,0.731017656216158,0.0,0.0,0.3686494795412028,0.0,0.6942290342359988,1.7715071557890019,0.9555579002899423,0.9555579002899423,0.0,0.0,0.0,0.044442099710057525,0.0,0.0,0.0,0.9800000000000001,0.98,0.5820100492121052,,,0.19030060538549587
B000014,6295.472054597413,8.683409730479191,23.95805717410147,4.96066039400632,0.0,0.4627387313740371,0.02807256259494072,1.5894940329631264,6.152327748566959,0.29779943145592325,0.0,1.4932828353618732,0.04023335762834979,0.6997663574660852,3.136498008810951,0.29079910545280907,0.29079910545280907,0.0,0.0,0.0,0.7092008945471908,0.0,0.0,0.0,0.0,0.5,0.151056706239967,,,0.18835914010109434
B000015,2389.3640198447724,4.305160396116707,10.125514331744856,7.614979611016109,0.0,0.4359826561255638,0.018372504318553952,0.665084656331653,1.091972684160038,0.32321918529645177,0.0,1.141773932696222,1.338615182907849,0.40957941105614676,2.199625264844148,0.6869540377966631,0.611876884901733,0.07507715289493008,0.2652105444726548,0.0,0.04783541773068217,0.0,0.0,0.0,0.0,1.0,0.48759341447082893,0.42644044391776326,,0.1914861261152433
B000016,14134.087882044529,5.343700522512109,8.79447777685454,13.179803899852663,0.39072369211858865,0.2696622983809157,0.013276634508758827,0.24008085262757636,1.126033038223722,0.49342585514798065,1.2264870920464555,1.2088969654640804,0.5171630198873737,0.7716945517424975,1.9135329620493335,1.0,0.8108822021784503,0.18911779782154967,0.0,0.0,0.0,0.0,1.0,1.0,1.0,1.0,0.20459914688042485,,,0.608845443987547
B000017,1406.15902404756,1.9502899085264356,10.235743746585605,2.4405992458392705,0.0,0.4148956938927019,0.32834471388328884,7.369566034058859,0.8939385818240697,0.34148639688699667,0.04795460546054044,0.4942740151516219,0.0,0.17263630920320663,2.8282615011238343,0.5322232311882388,0.2541986061098832,0.27802462507835546,0.0,0.0,0.4677767688117612,0.0,0.0,0.0,0.0,,0.551931780006575,0.4320142066142784,0.4522919237961873,0.18837769891077183
B000018,10660.185955331726,2.7739229652177273,16.187289575127963,5.419365107257243,0.0,0.43618292104390394,0.47945340260812624,17.315242625024066,0.4854161698449243,1.218198918930538,0.0,0.47980511348917554,0.22475250451551626,0.3657502584375731,1.7421788426911986,0.9727729771292813,0.8917496367792817,0.08102334034999968,0.0,0.0,0.027227022870718588,0.0,0.5,0.5,0.5,0.5,0.6760342780234928,,,0.4049048318617571
B000019,7663.723611466992,11.507092509710198,19.760950620825792,7.027685479748803,0.0,0.365,0.05606151797121852,3.045744719789809,9.194331258273534,0.0,0.0,1.4947128479746266,0.1957141167885515,0.622334286673483,3.3270597380320295,0.19400976935563122,0.1770016400976628,0.01700812925796844,0.0,0.0,0.8059902306443685,0.0,0.0,0.0,0.0,0.5,,,,0.18835914010109434
B000020,6714.9707914307555,8.425308395772591,16.952276311760876,10.764854613507858,0.15528481615769163,0.38997768229410346,0.011478799186776339,0.3250121092130235,4.657962383651412,0.45131020880324796,0.9285313408210091,1.8345824950212655,0.0,0.5529219674756571,2.8923238871184775,0.4301715741821536,0.26639815666350314,0.16377341751865063,0.0,0.0,0.5698284258178464,0.0,0.0,0.0,0.0,1.0,,,,0.188624025984382
B000021,26893.897166502924,5.406895288802357,13.279330593859926,9.12051945802089,0.29140205150446397,0.1370746144478952,0.03678402544437447,0.5258292656147605,1.7869414770968308,0.0,0.0,2.7726398011511524,0.5304252597015664,0.3168887508528065,2.7997398421702058,0.15431203833725102,0.05621040489151489,0.09810163344573612,0.5127970217757444,0.0,0.33289093988700436,0.0,0.0,0.0,0.0,0.95,,,,0.1914861261152433
B000022,71988.38739411427,24.140974981258974,40.36926321297288,11.980385685621256,0.0,0.11741038291137296,0.11193329588534127,7.332721210523298,17.926312123742665,1.9007728690175332,0.0,3.604313974077156,0.10204360440830305,0.6075324100133198,1.7549479932619,0.9957730122960021,0.9170366368806293,0.07873637541537297,0.004226987703997918,0.0,0.0,0.0,0.0,0.0,0.0,1.0,0.1236046874199433,,,0.18835914010109434
B000023,30943.334781325128,7.753278572118549,13.72996537424766,6.520814298650535,0.0,0.28583638496254316,5.522688873908072,209.29976214254862,3.3013596205871245,0.0,1.6129278252963404,0.6901724073666687,1.403208284367527,0.7456104345008879,2.6176759551839583,0.5402279634545857,0.3592453931373546,0.1809825703172312,0.0,0.0,0.4597720365454142,0.0,0.5,0.5,0.5,1.0,,0.247800274305526,,0.40513160691334116
B000024,6621.655535839272,2.0200291445513336,10.582707943294533,2.648613405005879,0.0,0.36902232756704517,0.38471752904308354,8.575592380138973,0.5267401889959118,0.3020586138675484,0.07966020585042616,0.6009735393221086,0.0,0.5105965965153391,2.4102502336960536,0.6130049530586228,0.5237866703061921,0.08921828275243085,0.14953180981685207,0.0,0.23746323712452533,0.0,0.3,0.3,0.3,1.0,0.585311338918691,0.33638392244507925,,0.31989570700826886
B000025,2486.332084307005,2.048049492839378,16.816895261274908,2.9913478044339037,0.0,0.19344877880755984,0.18803582830827298,4.168314286243712,0.6637845911852738,0.5881616517573064,0.03723183298262204,0.4578592063323123,0.1679147818706909,0.13309742871117286,1.8902587320110522,0.9852766200040751,0.9056031461147569,0.07967347388931836,0.0,0.0,0.014723379995924823,0.0,0.3,0.3,0.3,0.92,1.1933918049597814,,,0.31989570700826886
B000026,7118.346077893602,3.458865927062003,5.376041764410282,1.042047228706172,0.0,0.488,1.8486606020314555,86.87773143833289,2.4178564495045154,0.0,0.0,0.0,0.29594141295255283,0.7450680646049357,3.3382704471719156,0.20351704258205694,0.20351704258205694,0.0,0.0,0.0,0.7964829574179433,0.0,0.0,0.0,0.0,0.98,0.5336414046582542,,,0.19030060538549587
B000027,5492.263915643009,6.665368829663845,14.65534847305801,7.710842289767635,0.0,0.30224194833619,1.2666596492992974,28.21494763523216,1.654081107078234,1.0269343789572687,2.007392870702304,0.2845172311335144,1.0337969111505487,0.6586463306419774,2.2699744140708713,0.6996645739273173,0.24442686282639944,0.4552377111009178,0.04268589457004789,0.0,0.25764953150263514,0.0,0.0,0.0,0.0,0.98,,,,0.19030060538549587
B000028,2440.273309336957,5.648780808650364,13.980240951998434,8.990764414452261,0.032550004484575894,0.21574175952088812,0.014536403907241471,0.32416180713148485,2.8098632355893574,0.0,0.04618556871465071,1.9915577669962021,0.09777067270330674,0.703403564646847,2.1917918459589645,0.6587717770684041,0.3062075982731507,0.35256417879525326,0.0,0.0,0.3412282229315961,0.0,0.0,0.0,0.0,0.5,,,,0.18835914010109434
B000029,13507.96220304809,9.245696237541472,21.352006931070093,6.6249185460002815,0.20020073215890896,0.4564216229107494,0.02796039097481249,1.8080311264855602,6.825773565279722,0.36891194975531305,0.04786218740010502,0.6739817791033018,0.8109161924283067,0.5182505635747247,3.307097442960232,0.24562455616073994,0.04511938341240081,0.2005051727483391,0.0,0.0,0.7543754438392604,0.0,0.0,0.0,0.0,0.5,0.1438412977508317,,,0.18835914010109434
B000030,20540.104034675755,7.596192320516181,13.778246258110782,13.683409291784818,0.01466884181517905,0.3264180163236759,0.020478930547323075,0.6246020048071699,2.8845722700183516,1.1751409319793884,0.13937419643289894,2.438593736055405,0.23484605895192492,0.723665127078212,2.185020200852209,0.8233273589529275,0.6686260451373846,0.15470131381554258,0.0,0.0,0.1766726410470726,0.0,0.0,0.0,0.0,0.5,0.6308118039143955,,,0.18835914010109434
B000031,911.9801794564911,1.2935889070304838,10.123721935507323,3.1008560988974834,0.0,0.43300000000000005,0.3580783301774592,12.925521089352728,0.2820687062569312,0.27863571626938244,0.03222879341742105,0.4856287564589922,0.12543656057395094,0.08959037405380595,1.8362000777084573,0.855833024965158,0.855833024965158,0.0,0.0,0.0,0.14416697503484194,0.0,0.5,0.5,1.0,0.5,0.8803764771228136,0.33422020498275207,0.5139817969663028,0.4049048318617571
B000032,4590.212114372681,8.595902835903896,14.52794554265605,11.095380686533797,0.0812354251299728,0.44132964847123507,0.01769413972440681,0.5210262512784887,4.020950170252687,0.499384656700822,0.0,1.27867355493607,1.7115045009880754,1.0853899530262414,2.1027407597203425,0.9110770221017827,0.7042275211732485,0.2068495009285341,0.0,0.0,0.08892297789821735,0.0,0.5,0.5,0.5,0.5,0.2877179422969389,0.20905364266027923,0.704865367884574,0.40513160691334116
B000033,6950.098036825656,2.5420987698703934,10.698501600187548,4.422572491082442,0.0,0.4192480397836849,0.4583438370659782,16.560878709740358,0.6288226123700227,0.6807804807226672,0.07362893347840069,0.6097754898501885,0.0,0.549091253449115,2.3057373145750186,0.7526364357581266,0.4838017109124701,0.2688347248456565,0.0,0.0,0.2473635642418735,0.0,0.0,0.3,0.0,1.0,1.1197635485795039,,,0.18837769891077183
B000034,11265.732632906556,5.458203795012866,10.715143165008342,3.132505404741913,0.0,0.38802873620744377,0.014061947581310371,0.31358143106322134,2.8044042156251567,0.5049634844393547,0.0,0.0,1.0938352911323448,1.0550008038160097,2.8935201045937906,0.4984572636288747,0.29805520239917543,0.20040206122969914,0.09251458967155776,0.0,0.4090281466995675,0.0,0.0,0.0,0.0,0.5,0.36732670249239496,,,0.18835914010109434
B000035,10991.748169458273,3.0172243122312032,8.865404837092818,4.087336522282009,0.0,0.18538241016080245,0.711490748120966,33.4400651616854,0.7231025366295882,0.25161060930462514,0.07953872030679697,0.6393257181749027,0.7212541860554889,0.6023925417598013,2.0618796326133713,0.7117273517070895,0.4726817550202029,0.23904559668688655,0.23825356158227018,0.0,0.05001908671064031,0.0,0.0,0.0,0.0,1.0,0.788032494175347,,,0.18835914010109434
B000036,23839.211437997557,11.91960571899878,18.65246393358542,11.12727635789249,0.0,0.24,0.018912949308032286,0.5810695555635701,5.745758118504925,1.5108930213171512,1.0972462365806068,2.951724609463661,0.0,0.6139837331324357,2.723372736062633,0.5179573675539701,0.39120040453556054,0.12675696301840955,0.0,0.0,0.48204263244603,0.0,0.0,0.0,0.0,1.0,,,,0.188624025984382
B000037,25234.8193536966,6.462181652675185,15.15218694881483,10.338643653782814,0.0,0.59550284365571,0.027477880296188393,0.5154105783291253,2.6162857450480907,0.21467481824777931,1.0265052064239812,1.7555027415648023,0.3785062779242117,0.4707068634663197,2.764506660459039,0.3130156396804352,0.27979546268975763,0.03322017699067763,0.27165790686773206,0.0,0.41532645345183256,0.0,0.0,0.0,0.0,1.0,0.121533354864266,,,0.1914861261152433
B000038,13072.443375465693,3.4292873492827107,28.442198486239445,13.753468484773665,0.0,0.0,0.19993742888060848,9.352091225224362,0.542343962617151,0.0,0.0,2.777650495184889,0.0,0.10929289148067013,2.5587246985933576,0.020977546827636882,0.020977546827636882,0.0,0.8099789292273447,0.0,0.16904352394501834,0.0,0.0,0.0,0.0,0.6,0.7242373890799034,,,0.18837769891077183
B000039,25164.54371736813,10.275436389288743,15.019743214913818,15.426640022158201,0.0,0.3411925816513321,0.018286627505671473,0.20115290256238622,3.0492335700721447,0.45780586697932657,1.258736415547583,2.3194866766206643,2.251729087358911,0.9384447727101118,1.6490618076400816,0.9460858685022414,0.9460858685022414,0.0,0.04455342329368607,0.0,0.009360708204072681,0.0,0.0,0.0,0.0,1.0,,,,0.188624025984382
B000040,7727.563015577786,8.238340101895295,11.059258587776606,14.693082541716148,0.11479152658003271,0.27400733527365084,0.024995894389396204,0.47216402477708347,4.4858329637516485,1.1083384386428712,1.7763431868487927,0.10650448358227256,0.0,0.7613210290697099,2.7411060902146662,0.4554931080449511,0.32095891487806666,0.13453419316688434,0.0,0.0,0.544506891955049,0.0,0.0,0.0,0.0,1.0,0.17588106445635202,0.2919656121902261,,0.188624025984382
B000041,17485.846294923205,6.042103073574017,15.622067945609219,11.913093405489656,0.5140302864237126,0.28266059421311845,0.014262196190482895,0.2595027780420807,2.1110105450054313,0.1799940016829135,0.58884806523619,2.4171462242800374,0.3387685867689452,0.4063356506004996,1.7073196232567671,1.0,0.8166845814775422,0.18331541852245767,0.0,0.0,0.0,0.0,0.0,0.0,0.0,1.0,0.2874614763863527,0.17775087764312159,,0.1914861261152433
B000042,5164.263480214898,13.041069394482065,28.201781684645052,3.509548044936449,0.0,0.021,0.03292541481917929,1.7545053506738355,11.033489869868971,0.57045076123166,0.0,0.9160842234981345,0.0,0.5210445398832954,1.8093400247209521,0.7686994627669423,0.7686994627669423,0.0,0.07024609683357316,0.0,0.16105444039948422,0.0,0.0,0.0,0.0,0.5,0.18695738474278228,,,0.18835914010109434
B000043,9360.076039898982,7.748407317797171,13.40473813071956,8.917023836887378,0.0,0.4041798957272959,0.013527235454759682,0.3996149722622801,3.4328863011982462,0.0,0.0,1.1013539098751763,2.334856198557795,0.8793109081659528,2.50541017851611,0.5527346489297328,0.4105952563160407,0.14213939261369202,0.0,0.0,0.44726535107026716,0.0,0.5,0.5,0.5,0.5,0.2851035214510703,0.23440721927434036,0.9968796800387895,0.40513160691334116
B000044,10937.80559869584,4.931382145489558,8.702227699471344,5.102325497258236,0.0,0.43299999999999994,1.2622469186713534,45.65805971605457,1.7643184627086093,0.4177170269345238,1.1376335072945154,0.0,0.873356402465881,0.7383567460860281,2.7346563412825047,0.4758565884394551,0.2451639603422712,0.23069262809718385,0.08470587243306314,0.0,0.43943753912748157,0.0,0.19999999999999998,0.19999999999999998,0.19999999999999998,0.98,0.4141909374054854,0.36411621669512517,,0.2785184786737387
B000045,488.1529024710154,1.4108465389335705,8.524993327223587,3.0475820598446455,0.35609555252704306,0.27540331131967133,0.3295488907554526,15.470377078750287,0.4513205463487538,0.08764147015787642,0.025806769838225364,0.6533811867045356,0.0,0.19269656588417933,2.6271085877517018,0.6638903422303218,0.601770566805191,0.06211977542513077,0.0,0.0,0.3361096577696782,0.0,0.30000000000000004,0.30000000000000004,0.30000000000000004,1.0,,0.3081616253348821,0.8151960103354884,0.31989570700826886
B000046,2941.712325958094,9.192851018619043,20.91332730028165,6.062975767427359,0.0,0.6238296496754594,0.04563179043940369,2.952499782521768,6.961325530952813,0.15526358126311474,0.0,1.2085849942845022,0.15101440035407301,0.7166625117645405,1.7080849087456498,1.0,1.0,0.0,0.0,0.0,0.0,0.0,0.0,0.0,0.0,0.9,,,,0.18835914010109434
B000047,1995.897779316693,1.8227376980061123,8.411057184452215,1.6776841025180615,0.0,0.0821518577875564,0.29430997292905886,10.64078751894495,0.45060012200119437,0.8675872728965857,0.09250796781603876,0.15746909248547664,0.0,0.25457324280681687,2.585102411351418,0.7083153883964894,0.2323350683286941,0.4759803200677952,0.0,0.0,0.2916846116035106,0.0,0.5,0.5,1.0,0.5,0.9728992629309292,0.32296874939174214,0.5425396550115067,0.4049048318617571
B000048,59017.85809580597,14.52211075192076,18.4614015681842,15.084118327029895,0.0,0.22671655906755137,0.02153748039369963,0.3581059970645945,4.669929261781384,1.5387739143303445,4.36399314732396,0.6656090055091798,2.503824449430324,0.7799809735455664,2.44528574370968,0.6784262741444994,0.27195870462306604,0.4064675695214332,0.0,0.0,0.3215737258555006,0.0,0.5,0.5,0.5,0.5,,,,0.40513160691334116
B000049,6942.813409255677,6.806679812995761,13.613019235083062,5.631345009537479,0.0,0.43895921912497443,0.0075860422447087735,0.16916874205700566,3.608493303219467,0.7785553180198339,0.0,0.0,1.8818298551919068,0.5378013365645542,1.975953099799373,0.9624434119047021,0.8480623422188084,0.11438106968589368,0.0,0.0,0.03755658809529794,0.0,0.0,0.0,0.0,1.0,,0.17999621821138628,0.962024852876203,0.188624025984382
B000050,6904.653786726848,5.911518653019562,12.258214181677067,6.268030941793892,0.0,0.2947463307982527,1.0966406006979401,39.56995383737284,1.5284344154422391,1.155427310380362,0.8131650705594949,0.3281569752570017,1.5424695830201716,0.5438652983602914,2.466206762049174,0.7338401353221623,0.08439298568727358,0.6494471496348887,0.0,0.0,0.2661598646778377,0.0,,0.0,,0.98,0.2150747317425099,0.47681349614534707,0.6165276932356178,0.19030060538549587
B000051,6014.033814767958,9.56126202665812,18.734546238469502,14.070707460522003,0.0,0.2967120332107529,0.016115935103659072,0.35938535281159734,3.7093280888756337,0.5237549673581142,0.0,4.848787894606988,0.0,0.47939107581738294,1.775584198573748,0.9917268252418802,0.9917268252418802,0.0,0.0,0.0,0.008273174758119782,0.0,0.0,0.0,0.0,1.0,0.14625409801299794,0.27442650013434755,0.9211580262667918,0.188624025984382
B000052,47442.112135046365,13.211392964368244,33.14799024841943,4.423333676639897,0.0,0.437419495131655,0.058003043563735625,2.570942787359388,11.145703959758686,0.2258235677545228,0.10358918450281948,1.2361215239466277,0.0,0.5001547284055866,1.7106991007571977,1.0,0.9829069070639577,0.01709309293604238,0.0,0.0,0.0,0.0,0.0,0.0,0.0,1.0,0.09721753868635173,0.27639001624099613,,0.18835914010109434
B000053,16524.55788506137,9.404984567479437,20.333004940612447,10.830159923437082,0.0,0.3035285877184874,0.005619666324615474,0.12531855903892505,3.7209049049337013,0.8332680538323503,1.5620829279337567,1.0394283114660243,1.7873027408460762,0.46199762846752646,1.8311317415106163,0.9085844079035771,0.6319745718390622,0.27660983606451506,0.0885985562074844,0.0,0.002817035888938271,0.0,0.0,0.0,0.0,1.0,0.21887794115558176,0.22974767494915369,,0.188624025984382
B000054,5019.238441934428,4.182698701612023,13.38498086775087,5.22984749813268,0.2813748823684063,0.44178164603928377,0.008387884750315888,0.09226673225347476,1.9160142830670808,0.11692329222331449,0.0,0.9029382109866891,0.6860507248572182,0.5607721904777191,2.8894341432977826,0.3260445719010696,0.2980905401707296,0.02795403173034002,0.2158745526276359,0.0,0.4580808754712941,0.0,0.0,0.0,0.0,1.0,0.13995665638388002,0.38407368588159463,,0.1914861261152433
B000055,8342.203899094682,5.557764090003119,16.681472944590226,7.046362394711958,0.03620010166394568,0.31794595669868425,0.016790577871965744,0.40205278734721395,1.5019879102582552,0.13292996079706787,0.9328006190989632,0.6200259091531214,1.9745811226337981,0.395438568061913,2.244049191013591,0.709773551555099,0.4259439719137186,0.2838295796413804,0.0,0.0,0.29022644844490086,0.0,0.0,0.0,0.0,1.0,0.5984705746356308,,,0.1914861261152433
B000056,22040.942223905484,13.976501093155031,27.155530978620046,3.378522543107776,0.23051727504536032,0.16269654691805166,0.03837202872699374,1.5100447223041464,11.711966048505381,0.7815496721313985,0.07864789728569684,0.7992376207705146,0.08152347494890613,0.523576379513132,2.0724702288754577,0.8368863480306132,0.7751346162253623,0.061751731805250835,0.00562715208631254,0.0,0.1574864998830742,0.0,0.0,0.0,0.0,0.5,0.14784061786365701,,,0.18835914010109434
B000057,3575.097949103094,5.242079104256736,8.83469126758548,3.8766088098447113,0.0,0.7053097165257174,0.029142951887024385,0.6891882119141396,3.450860442816827,0.10688176307454329,0.0,0.701413504329422,0.0,0.9829233940359435,3.1005331179286872,0.33518812423397654,0.23025534827514643,0.10493277595883016,0.0,0.0,0.6648118757660233,0.0,0.0,0.0,0.0,0.9,0.17055396588374544,0.24997085267021282,0.6109472554343364,0.188624025984382
B000058,925.2800010293421,1.810724072464466,11.556487305494743,1.8014700443569447,0.0,0.23999999999999996,0.3079415780312432,14.466807374225708,0.42335939404624234,0.6025432422992334,0.0,0.09899308648627787,0.5072500709779986,0.17857827865471404,2.6450755808936592,0.7661933143297566,0.4313862795731272,0.33480703475662965,0.0,0.0,0.23380668567024337,0.0,0.3,0.3,0.3,1.0,,0.30431793494450277,,0.31989570700826886
B000059,7778.658103264561,11.19231381764685,21.303943283932973,5.857819550616025,0.2628761792192976,0.4365254307179039,0.040489805085344485,1.6640347918844403,8.705529182948409,0.4035857137169445,0.0,0.8777319526517255,0.12364612417720083,1.081820844152571,3.3452489709725572,0.22218682170772808,0.10770489355195881,0.11448192815576926,0.0,0.0,0.777813178292272,0.0,0.0,0.0,0.0,0.5,0.2325317135767282,,,0.18835914010109434
B000060,2588.4402471199137,6.723221421090685,13.571224145659901,6.3269375958073075,0.0,0.3729775337623516,0.024944993883719777,0.36357831153427866,3.4546856666499917,0.7321845161691185,0.0,1.4040668465824724,0.17742803229453635,0.9548563593945675,1.9496245165141195,0.653499991657572,0.653499991657572,0.0,0.2088384062702334,0.0,0.137661602072195,0.0,0.0,0.0,0.0,0.5,0.4847352614060302,0.1717163172178163,,0.18835914010109434
B000061,17271.93275192673,5.555462448352117,13.489827952632544,5.352432601092911,0.0,0.36499999999999994,0.009937966499147428,0.22161665293098762,3.249708576764747,0.0,0.0,1.7211229748614134,0.15767670041362503,0.4269541963123316,1.7941797321335509,0.8568104415239851,0.8568104415239851,0.0,0.0,0.0,0.14318955847601478,0.0,0.0,0.0,0.0,0.5,0.6552098284181308,,,0.18835914010109434
B000062,7527.394074138134,2.805588547945633,7.7721114228129675,4.5145144456137976,0.02161677929843449,0.41983067869938684,0.9589758004090803,34.669891194234104,1.1936484914376337,0.0,0.05945273978657942,1.0307682434365912,0.0,0.5217190732848288,2.7095810957971826,0.5564982425258659,0.5564982425258659,0.0,0.0,0.0,0.4435017574741341,0.0,0.0,0.0,0.0,1.0,0.6058584739260277,0.2431989850623631,0.47424639787444,0.18835914010109434
B000063,10432.812412292886,7.116515970186143,18.66804889542887,12.06117139179169,0.0,0.13160017422289447,0.011633082354210051,0.25941773649888417,0.46532329416840207,3.490926343824616,0.0,1.9973370188125121,0.7355903200112814,0.4273389933693337,1.9539452284299224,0.9346136092270682,0.8312497830102854,0.10336382621678301,0.0,0.0,0.06538639077293194,0.0,0.0,0.0,0.0,1.0,1.1950338103343172,,,0.1914861261152433
B000064,3072.6953263651903,2.1699825751166597,9.114256299629458,4.299153640042028,0.0,0.4097146052553775,0.34262194642224636,12.23608604203827,0.5201633365719041,0.21829442277716515,0.09868807114449481,0.7102495095098967,0.1628200276205444,0.4597672074926543,2.6943190998978146,0.37817085614265133,0.2320948011749663,0.14607605496768505,0.32730654967204664,0.0,0.2945225941853017,0.0,0.5,0.5,1.0,0.5,,,,0.4049048318617571
B000065,19144.695547526124,8.067718309113411,21.08048490998181,4.853214059817191,0.0,0.3238736866580479,0.028767869845131456,1.6963972993188514,6.384635583538026,0.0,0.10556108851228677,1.0648803155055828,0.0,0.5126413215575141,3.3044295030960815,0.20861942138883915,0.20861942138883915,0.0,0.0,0.0,0.7913805786111607,0.0,0.0,0.0,0.0,0.5,0.17174369003348,,,0.18835914010109434
B000066,1737.7576106356173,1.082040853446835,7.389154847933206,1.2979549552958687,0.0,0.6867951505050423,0.41603568275848,15.060491715856978,0.49563738266653756,0.11154487243247727,0.04063736261813827,0.0,0.16133073546981333,0.2728905002598688,1.6208930023620784,0.9335149086310118,0.9335149086310118,0.0,0.037556218407732184,0.0,0.028928872961256128,0.0,0.0,0.0,0.0,1.0,0.6711010559856778,,,0.18837769891077183
B000067,13714.685137653418,5.806386595111523,8.70385796978161,9.223007634477332,0.2896390086275988,0.1528969706482703,6.251622991330774,226.22930048065774,1.592502262253339,2.0086960591178937,0.3009931763217276,1.234903736449141,0.0,0.6692913609694214,1.5587705925815258,0.9805600485896099,0.7678798013789224,0.21268024721068754,0.0,0.0,0.01943995141039006,0.0,0.0,0.0,0.98,0.98,,,,0.19030060538549587
B000068,2490.554612536913,5.07241265282467,20.5284649753895,7.1912813336722285,0.0,0.45591148327275083,0.7541574409739921,27.281527967535038,1.1821732406895438,0.5627240234658981,0.057991688445951026,1.3589886125666961,0.14077025817666008,1.7697648294799186,2.3104096923885393,0.8655945787273721,0.4867388413175907,0.3788557374097811,0.0,0.0,0.13440542127262778,0.0,0.0,0.0,0.0,0.6,0.7338973410061271,,,0.18837769891077183
B000069,10182.651724007863,3.0459622267447988,12.941448174112901,5.153013198288896,0.0,0.24002508115173035,0.37068433283618407,17.33510554850732,1.0127316441694603,0.5813941581293682,0.07613959908261403,0.9254746310617666,0.24893823254410757,0.2012839617574818,2.724631672274687,0.4172794952913179,0.3355522071594008,0.08172728813191696,0.2158706209284429,0.0,0.36684988378023925,0.0,0.0,0.0,0.0,0.6,0.9061007601361771,,,0.18837769891077183
B000070,4155.686299494536,8.328028656301676,12.414289152425132,13.74778194890613,0.0,0.29585144027295224,0.014305190083209417,0.6637608198609168,1.7660728497789404,0.5722134602836534,1.8893771900859855,3.1247333705579052,0.0,0.975631785595194,2.576469219253864,0.7407410306514787,0.13866450479204864,0.6020765258594301,0.0,0.0,0.2592589693485216,0.0,1.0,1.0,1.0,1.0,0.2032488203321559,,,0.608845443987547
B000071,4737.772841324626,5.172241093149155,14.812265648824155,9.817206373685078,0.0,0.2525853664341616,0.008889289920438708,0.3454649558636702,2.1894802759701255,0.2519404815044517,0.0,2.1393523038252384,0.1557542620751747,0.43571376977416526,2.432388983402632,0.4978627305309075,0.40807452629752833,0.0897882042333791,0.07882361557345707,0.0,0.42331365389563563,0.0,0.0,0.0,0.0,0.5,,,,0.18835914010109434
B000072,3058.4134956242415,5.291372829799726,11.808059676882383,4.871017097142928,0.0,0.453,0.011607738734967744,0.2588525737897807,2.6515139242312107,0.0,0.0,0.0,2.2601519330743187,0.3797069724941974,2.875800467003883,0.48636488869482863,0.48636488869482863,0.0,0.0,0.0,0.5136351113051716,0.0,0.0,0.0,0.0,1.0,0.15000479224534993,0.23482657396874437,0.28282368142702563,0.188624025984382
B000073,20457.18165065562,6.3003331230845765,9.927006253817927,7.717925943994793,0.0,0.20679806456048316,0.7465175399778049,35.09271966258582,1.7371938923162307,1.7262461571676986,1.5380016488256214,0.6806750946968081,0.0,0.6182163300782171,1.9879996310473307,0.9541855963247314,0.572154804485251,0.3820307918394803,0.0,0.0,0.04581440367526849,0.0,0.2,0.2,0.2,0.98,0.2747407104389873,,,0.2785184786737387
B000074,13841.162835449139,7.758499347224854,11.86852955067784,6.365912118968666,0.0,0.47761030384394093,0.02063695936839591,0.7543827825090694,3.72979692412991,0.22843321911222725,2.099958510131954,0.4053399927204053,0.0,1.2949707011303577,2.9198574647788225,0.5192631000911244,0.21915458360629356,0.3001085164848311,0.0,0.0,0.4807368999088754,0.0,0.0,0.0,0.0,1.0,,,,0.188624025984382
B000075,22292.899789260693,6.308121049592726,12.547711291932579,10.846857897161529,0.0,0.4366381075605655,1.0098549059731918,36.48380936335665,1.6522937091642167,0.23749977585302776,0.8188240935354206,1.824781233405235,0.7941287453556172,0.9805934922792089,2.4390421217600204,0.7079190041985363,0.5404644070080388,0.16745459719049754,0.0,0.0,0.2920809958014637,0.0,0.28,0.28,0.28,0.7,0.27236339493258,0.4373245483382051,0.4196003225123997,0.3131956702029707
B000076,15833.773566256576,8.029296940292381,18.612727889449513,3.013287999373399,0.0,0.0,0.040870058652104545,1.9150901846679125,6.916346827082422,0.0,0.0,0.6085636443534516,0.0,0.5043864688565066,3.0952032696250984,0.256142523397462,0.256142523397462,0.0,0.07579289306135577,0.0,0.6680645835411821,0.0,0.0,0.0,0.0,0.5,,,,0.18835914010109434
B000077,13081.352363305155,5.4871444476951154,12.702097443392995,10.022600698907944,0.15430406270122188,0.436239115334698,0.023024447014365124,0.4606748605017644,1.9602248057258909,1.1805862259285236,0.6039787519719332,0.6276084537993496,0.656142557530374,0.4586036527390442,2.751165630638051,0.5111586888711352,0.2867091199722131,0.22444956889892212,0.11957814557004925,0.0,0.3692631655588155,0.0,0.0,0.0,0.0,1.0,,,,0.1914861261152433
B000078,16873.9747043611,11.866367583938889,16.315909646595692,18.094097045895722,0.0,0.05296403926111987,0.020705266522053265,0.4461429901157148,1.0771551637547245,0.4233452798864829,4.606008853989019,1.3390828901130305,2.7536900467226233,1.6670853494730073,1.9109700002667613,0.9643239367993723,0.4633204323951498,0.5010035044042225,0.03567606320062764,0.0,0.0,0.0,1.0,1.0,1.0,1.0,0.27243207301556216,0.2766738017577694,,0.608845443987547
B000079,6196.952005770552,11.18583394543421,20.426225175501795,2.3102646339236013,0.0,0.3724586637627878,0.04202117574362649,1.82559139817507,9.188330527392367,0.5218348517448493,0.0611948746332858,0.41966078123820855,0.20584732987755427,0.7889655805479467,3.3635135813547765,0.1785743850468277,0.14105721973887106,0.03751716530795668,0.0,0.0,0.8214256149531725,0.0,0.0,0.0,0.0,0.5,0.15169779842153638,0.14264590110144273,0.5455880243172797,0.18835914010109434
B000080,20517.07999027022,7.8730161129202685,20.350539992080297,2.838790291668412,0.0050235269258044534,0.4466418937181036,0.026621465706055822,1.677924750972019,6.101896023525419,0.16198696666999016,0.0599292614591263,0.0,1.1000133420386182,0.44919051922711684,3.3735772376760393,0.20438585411811122,0.0646664217860212,0.13971943233209005,0.020574956833145076,0.0,0.7750391890487438,0.0,0.0,0.0,0.0,0.5,0.15841435654881297,,,0.18835914010109434
B000081,28719.964845636216,7.681188779255473,10.605582390941576,18.3807560913966,0.0,0.43299999999999994,0.020561319711977943,0.6529998969742936,1.0435732680003338,0.7612154716982475,0.0,2.693597067394337,2.3149854022866214,0.8678175698759367,2.124378198038894,0.939114019803164,0.5884395155299567,0.35067450427320745,0.0,0.0,0.06088598019683603,0.0,1.0,1.0,1.0,1.0,0.23879952824331327,0.26429863031516015,,0.608845443987547
B000082,2644.3505695313697,2.8342449834205463,12.671557796225956,6.019790503168914,0.017137349139964626,0.3950092001814785,0.4839105283286733,17.484306954195823,0.8962864219080813,0.3510141684839414,0.09273122455700411,1.1538547552374214,0.10314981179371122,0.23720860144038663,1.967105406334634,0.7549841786101389,0.7549841786101389,0.0,0.0,0.0,0.24501582138986094,0.0,0.0,0.0,0.0,0.92,0.687562049246108,,,0.18837769891077183
B000083,36072.17036311989,7.51816806234262,13.50177067323,11.793008748086589,0.31856589864579654,0.16369072627975376,0.021083213126715218,0.5882049065284722,3.5972946780852353,0.8857465375335976,0.0,2.3400212438719867,0.0,0.6951056028518011,1.5740495780132835,0.955601002743457,0.8377868583682905,0.11781414437516627,0.0,0.0,0.04439899725654326,0.0,0.0,0.0,0.0,1.0,0.24969117126688534,0.3480369866926303,,0.188624025984382
B000084,6182.453009970615,2.0670187261687114,9.10895969693466,3.9397468605756805,0.2566642938677071,0.29995767828586567,0.6270357718515616,22.665913831307332,0.3438214413587334,0.7064442457952381,0.07151996566936557,0.38018426128686633,0.17700784469460445,0.38804096736390314,2.3247455058731714,0.7671194888980295,0.3907493082047047,0.37637018069332473,0.0,0.0,0.23288051110197044,0.0,0.0,0.0,0.0,1.0,0.8461121481378601,0.3853606629966552,,0.18837769891077183
B000085,18140.57956281286,11.101945876874456,22.77269578458886,16.71648475217617,0.0,0.31407112916358526,0.013283790262677526,0.36026990238441625,3.347420208908233,1.0634788153837327,1.0719153764194316,2.885699607421979,2.096217899697776,0.6372139690433005,2.1460366970220517,0.7805638984449207,0.7805638984449207,0.0,0.0,0.0,0.21943610155507898,0.0,0.5,0.5,0.5,0.5,0.22249908163724594,,,0.40513160691334116
B000086,7114.7023785995125,12.525884469365339,15.887811553844976,16.11981827835752,0.0,0.28935526991087124,0.02406258903003028,0.4045099428302155,4.589175006644158,1.519533433786009,0.0,3.013548079103772,2.627829881006561,0.7757980688248413,2.641451051776261,0.512313205876177,0.512313205876177,0.0,0.12131146806457817,0.0,0.3663753260592449,0.0,0.0,0.0,0.0,1.0,,,,0.188624025984382
B000087,33431.838919332055,10.072864995279318,14.497463300820995,13.15181285148048,0.0,0.23494915405053632,1.4326758281491359,51.819207848241746,2.4834634334341272,0.24149946019994853,3.9270210641992294,2.0937573957004827,0.0,1.3271236417455288,2.0917334359595987,0.766187189170957,0.3523505571548651,0.41383663201609167,0.0,0.0,0.23381281082904318,0.0,0.28,0.28,0.28,0.7,,0.41665658194516947,0.45282840286795045,0.3131956702029707
B000088,1592.9180440598925,4.841696182552865,18.88309315383216,8.736847747889398,0.2226796246080864,0.2590587711154588,0.012630197785377315,0.46803737861319605,0.9155882794165379,0.6563477460228262,0.3192394941464405,0.5753295486056864,1.8871970125843194,0.4879941017770529,1.7759921414297624,0.9464096222181388,0.8275815241894157,0.11882809802872313,0.0,0.0,0.05359037778186095,0.0,0.0,0.0,0.0,0.95,0.6714528038340111,0.2708820436958566,,0.1914861261152433
B000089,648.4286298499976,1.5662527291062744,5.949870287050554,1.565108109967566,0.0,0.34118441451565373,0.01003155823423023,0.19644416281444482,0.33055004452124737,0.0,0.0,0.28195005056707445,0.538243462646901,0.41550917137105153,2.7448529190017656,0.6872650842870612,0.16359894920425805,0.5236661350828032,0.0,0.0,0.3127349157129387,0.0,0.0,0.0,0.0,,1.0969359050526204,,,0.1914861261152433
B000090,16132.91314151189,8.010383883570949,28.29926101958145,14.765666556353247,0.04366801429334287,0.3913167449306063,0.009011669426582592,0.1728309887253143,1.65716270650797,0.23311764328168522,0.7459876859585143,2.9257127528211173,2.1130042849789197,0.33539881002274285,2.290480310847031,0.4121720793812805,0.38307014785465254,0.029101931526627874,0.3652400178750065,0.0,0.22258790274371315,0.0,,,,1.0,0.16657427851129072,,,0.1914861261152433
B000091,14127.41673292131,6.679629660955702,21.795093552899814,12.14697022802699,0.0,0.2641281318081286,0.015590771675457813,0.2703150951627095,1.7951631242299517,0.5438800002634439,0.06178174638570444,3.9069444485059504,0.0,0.3718603415706519,2.501338169486223,0.1979288182765764,0.1979288182765764,0.0,0.5849043505125935,0.0,0.21716683121083005,0.0,0.0,0.0,0.0,0.5,0.47708518503728325,0.13741784208162558,,0.18835914010109434
B000092,5696.116388665006,3.944678939518702,7.321865990320782,5.837019300153117,0.0,0.45300000000000007,1.7361916254174605,62.79802845781025,1.6730454364831653,0.6973972293034946,0.0,0.30353571542058533,0.7819507862334704,0.4887497720779878,1.8360688764973474,0.9525886076158534,0.9525886076158534,0.0,0.0,0.0,0.047411392384146635,0.0,0.0,0.0,0.0,0.98,0.2325094514576301,0.3457026718702083,,0.19030060538549587
B000093,2644.9989005039088,3.141328860455949,6.487752389825553,5.174936442513729,0.3324917987020149,0.20811856434945106,2.121852111325112,76.82182412661966,0.8329493293941568,0.0,0.7922854699961033,0.5509661447342007,0.36219991385738315,0.6029280024741047,1.6177328370898285,1.0,1.0,0.0,0.0,0.0,0.0,0.0,0.0,0.0,0.98,0.98,0.2724886432078975,0.3204633449867272,0.36126271868438126,0.19030060538549587
B000094,10278.41131861585,4.2808876795567885,7.984481825326454,3.0779030918791057,0.0,0.2035514170217296,1.6740091164123057,78.67266118664554,1.5061318576770277,0.862413666929167,1.0054025364503194,0.0,0.0,0.9069396185002735,1.8830633976097206,0.9339399280340919,0.9339399280340919,0.0,0.0,0.0,0.06606007196590816,0.0,,0.0,,0.98,0.35501271740086154,0.315897043320054,,0.19030060538549587
B000095,2124.2970488214473,0.7699518118236489,4.897011134962761,0.9365129522315156,0.2782963770676794,0.3040073235982418,0.4380329297827504,15.856792058135564,0.24091811138051275,0.263013773453919,0.040857533596272276,0.0,0.09583004128463084,0.12933235210831398,2.709046198697342,0.6870997539314927,0.29243699402387585,0.39466275990761684,0.0,0.0,0.31290024606850725,0.0,0.0,0.0,1.0,1.0,0.4900701376358042,,,0.18837769891077183
B000096,4271.983773288279,10.679959433220697,22.2083041999725,5.6354350558706985,0.02530938597704268,0.08984812448830354,0.07822735475567998,5.2099418267282855,8.206766848879344,0.7543155919767139,0.0,1.1255720550996349,0.12043405976482849,0.4728708775001776,1.4511919562360514,0.9800201324779588,0.9800201324779588,0.0,0.0,0.0,0.019979867522041214,0.0,0.0,0.0,0.0,1.0,0.14062142661270746,0.2933927415865216,,0.18835914010109434
B000097,481.83862132070635,1.534517902295243,7.423502710901571,1.5762561498457461,0.0,0.10777861191311466,0.5492070253114117,19.881294316273106,0.30206386392127643,0.8480419088527043,0.03695851807383836,0.0,0.14409727740514044,0.2033563340422835,2.06301408376386,0.764780551206735,0.7406957764259665,0.024084774780768568,0.0,0.0,0.23521944879326495,0.0,0.0,0.0,1.0,1.0,0.9152723865365863,0.2578059808188254,,0.18837769891077183
B000098,6608.743054119574,4.939269846128231,10.086142456663358,6.722319599285443,0.0,0.4515607304373459,1.3150604768357022,47.55656375156616,1.717480335898785,0.42602620526883866,0.945178949255123,0.6027861442849031,0.7292838277812999,0.5185143836392812,2.4055920586969766,0.6522805213314931,0.6522805213314931,0.0,0.0,0.0,0.3477194786685069,0.0,0.0,0.0,0.0,0.98,,0.31361367562623377,0.3514552065830928,0.19030060538549587
B000099,1626.3384740808476,4.913409287253316,7.490505778801241,5.67959772206793,0.0,0.635917266374751,1.4403603469355057,67.63991590006796,2.029923162185389,0.29337143405936966,0.0,0.4879040134800518,0.9305710757033101,1.1716396018251967,2.62660996690192,0.5336565935764922,0.47394826949682456,0.05970832407966761,0.0,0.0,0.466343406423508,0.0,0.2,0.2,0.2,0.98,0.34882566225520456,,,0.2785184786737387
B000100,9781.869985976697,6.214656916122425,19.25635865381466,10.672991120496444,0.0,0.41061030836549856,0.01448180264488537,0.5242412557448504,1.4481802644885369,1.3464648579580871,0.7115761875306893,1.0166721333418398,1.3826492486866973,0.30911422411657286,2.4109234671932613,0.5429281543532646,0.5429281543532646,0.0,0.21665956401631917,0.0,0.2404122816304161,0.0,0.0,0.0,0.0,1.0,1.050597414185373,,,0.1914861261152433
B000101,3739.3553798962903,8.291253613960732,14.81982611378708,12.280269245134745,0.0,0.19524755046684925,1.8882617356754097,88.58761139910574,2.0924362438824917,0.0,2.4562625457167107,2.3030254345472896,0.7933622772562133,0.6461671125580265,1.653201725886937,0.9590288952851734,0.8633422459321302,0.09568664935304326,0.0,0.0,0.04097110471482658,0.0,0.28,0.28,0.28,0.7,0.24621840113315335,0.4254417041306539,,0.3131956702029707
B000102,2814.723808756743,6.984426324458419,10.276699369145568,2.354085388330085,0.0,0.24,2.5477184168271454,119.73274485436731,4.6896750813619885,1.579591295569487,0.0,0.0,0.0,0.7151599475269442,1.7104189949846649,0.9701200092485329,0.9701200092485329,0.0,0.0,0.0,0.029879990751467217,0.0,,0.0,,0.98,,,,0.19030060538549587
B000103,3419.0987162196307,1.446319253900013,10.168647110966587,1.1774129929647044,0.0,0.3219155198654702,0.23707987757426854,5.286881269906189,0.6477163261210437,0.49903698183650097,0.06894794477747433,0.08937992089415793,0.0,0.14123808027083606,2.632153385703833,0.5521622737341906,0.5521622737341906,0.0,0.0,0.0,0.44783772626580937,0.0,0.0,0.0,0.0,0.6,1.1418075460161499,,,0.18837769891077183
B000104,1058.685865913564,3.1415010857969254,7.764403124868942,4.91403335816519,0.0,0.4253604098432586,1.0861000714502576,39.282665465421694,1.3537785666689435,0.0,0.1247459394756373,0.9883973086340243,0.181909465284059,0.49266980573426195,2.6329734616445424,0.5617278751847914,0.5617278751847914,0.0,0.0,0.0,0.4382721248152086,0.0,0.0,0.0,0.0,1.0,0.5073776640033932,,,0.18835914010109434
B000105,3765.5937362600075,9.41398434065002,18.528283726489107,14.640878537924664,0.0,0.38394323291209875,0.02686163532928034,0.5400949846164526,3.02482157667497,0.7162430877247862,0.9354608003236587,1.3680700518373963,2.71199180667132,0.657397017417889,2.533435552469016,0.6786884843632413,0.4572824288462356,0.2214060555170059,0.0,0.0,0.3213115156367587,0.0,0.5,0.5,0.5,0.5,0.2553889399399627,,,0.40513160691334116
B000106,1931.0603567777407,1.0068093622407408,6.393545238576209,1.086665307117888,0.0,0.43691325123419245,0.1665559245755423,6.005736263734613,0.285040212767515,0.41604570055736456,0.0,0.0,0.09865554901821022,0.207067899897651,1.697815471448122,0.902011688887513,0.902011688887513,0.0,0.09798831111248689,0.0,0.0,0.0,,1.0,,0.5,0.9039520893048641,0.40023588587453657,,0.18837769891077183
B000107,11530.308710731564,3.7668437473804524,6.487840716382589,4.338560496007408,0.0,0.4401621325849605,1.5560211316399724,56.323551846874906,0.9461218062205915,0.0,1.3256091731929285,0.0,0.7209016156064312,0.7742111523605018,2.4661288507437904,0.676600611672961,0.32468551720832145,0.35191509446463953,0.0,0.0,0.32339938832703924,0.0,0.0,0.0,0.98,0.98,0.24131445664648135,0.3239642799830643,0.4010313762704078,0.19030060538549587
B000108,7875.067973441544,5.484030622173777,16.463196634133187,4.88166658904172,0.0,0.2628446500071003,0.009816419774437478,0.3560014418854124,2.1752817478257067,0.5339242312790378,1.1807008677109359,0.0,1.2603783434904472,0.3337454318676513,1.4821128713123615,1.0,0.5548749853198706,0.4451250146801296,0.0,0.0,0.0,0.0,0.0,0.0,0.0,1.0,0.18989812680480184,0.40531587365855415,,0.1914861261152433
B000109,36124.67558616428,18.180511115331797,30.71311987465417,1.8517920899423175,0.0,0.2906420687470754,0.08169297295639341,5.4407519988958,16.338594591278678,0.886568061178048,0.11534356274573003,0.0,0.1448025661678904,0.6952023339614493,3.5156690422224837,0.08289230855073719,0.027783207515681217,0.055109101035055966,0.0,0.0,0.9171076914492629,0.0,0.0,0.0,0.0,1.0,,,,0.18835914010109434
B000110,7644.664855146137,5.290425505291444,10.40750538070585,8.384041910391925,0.0,0.21383986489444612,3.9369074727464723,142.47847888416354,0.6382120446200775,0.0,1.7554042464425985,0.9369193665686042,1.00112160762203,0.958768240038135,2.043293532057791,1.0,0.5320069193781911,0.46799308062180917,0.0,0.0,0.0,0.0,,0.0,,0.98,,,,0.19030060538549587
B000111,4533.093776060219,5.82659868388203,17.717114288878246,9.122452730308016,0.0,0.1616993389799487,0.01639913869419156,0.6138339107662029,1.438062969054473,1.4669732951691359,1.1833970867193118,0.9804414153734963,0.4256006216906632,0.33212329587495154,2.5572183455503725,0.4766124746395535,0.281350387891189,0.19526208674836457,0.25177180972274377,0.0,0.271615715637703,0.0,0.0,0.0,0.0,1.0,,,,0.1914861261152433
B000112,7574.932005149452,2.107660546786158,5.593050164906902,0.6592087940487253,0.0,0.453,1.064742112645522,50.042879294339535,1.3309276408069026,0.0,0.0,0.0,0.30587288043860855,0.4708600255406473,3.223670165522373,0.3685284649673061,0.2234041085309647,0.1451243564363414,0.0,0.0,0.631471535032694,0.0,0.0,0.0,0.0,1.0,0.9756166956588819,,,0.18835914010109434
B000113,1004.3727776430276,2.998127694456799,7.492891959913664,1.8091798492549753,0.0,0.021,1.0623734580223725,23.69092811389891,1.3279668225279657,0.0,0.0,0.0,1.2591891750814628,0.4109716968473703,2.6660545220271255,0.5404631871235437,0.12047134441131968,0.419991842712224,0.0,0.0,0.45953681287645626,0.0,0.0,0.0,0.0,1.0,0.5582695296740559,,,0.18835914010109434
B000114,3784.6313256619023,6.674834789527164,21.246123061800184,4.957449851740515,0.0,0.45300000000000007,0.022862508246604265,1.3398390872289063,5.000877690358209,0.0,0.0,1.2679089650426696,0.0,0.4060481341262866,3.185410250191864,0.2507862968826434,0.2077073740879418,0.04307892279470167,0.0,0.0,0.7492137031173566,0.0,0.0,0.0,0.0,0.5,0.16201561924107624,0.1450176702700484,0.4148491178085431,0.18835914010109434
B000115,3769.194817026391,4.653326934600482,10.001027240885657,5.9904420215383345,0.0,0.341151164325016,1.0420264344169783,37.729473145112216,1.457715688423444,1.065648310420706,0.7009166522479333,0.3373724730149682,0.6684502843923104,0.423223526101121,2.438448194542322,0.6591832741612471,0.27954844783234895,0.3796348263288984,0.0,0.0,0.3408167258387527,0.0,0.0,0.2,0.0,0.98,0.3490152077841909,,,0.19030060538549587
B000116,1448.6239920438727,0.7652530333036834,4.361484061590756,0.2514659866452617,0.7467263095905238,0.021,0.3406479843740353,12.33145703434008,0.4826561285761371,0.0,0.0,0.0,0.044328044041273426,0.23826886068627307,3.008914109413895,0.4124071538911518,0.4124071538911518,0.0,0.0,0.0,0.5875928461088485,0.0,0.3,0.3,0.3,1.0,0.7347739478966385,,,0.31989570700826886
B000117,4769.439063987483,3.974532553322902,14.699849644029133,7.33687567639261,0.0,0.4050176497078494,0.008115502852782492,0.1809757136170496,0.32462011411129976,0.0,1.0829076528672517,0.6891329053339625,1.3504977356060524,0.5273741454043361,2.539512523831498,0.5038311659914977,0.23136952721038162,0.27246163878111607,0.3397878159223959,0.0,0.1563810180861064,0.0,0.0,0.0,0.0,1.0,1.3026770350644905,,,0.1914861261152433
B000118,363745.6714439273,296.45123997060085,667.6212709976533,557.4652274171196,0.0,0.36643806016451824,0.006817890541855954,0.1997275657450938,2.975719133094309,0.1399699931618196,0.0,290.5367622839003,2.1783154415848824,0.6204731188595541,2.325065626764059,0.9999530319657615,0.019431809298962783,0.9805212226667989,0.0,0.0,4.696803423846957e-05,0.0,0.5,0.5,0.5,0.5,,,,0.40513160691334116
B000119,3486.3175481472754,1.4502152862509465,7.387012603480908,2.0466450702006314,0.0,0.4712834084965659,0.5622592419102365,20.27870315558539,0.30786194878580747,0.06987944045023063,0.0,0.42749893129515837,0.25071618088727005,0.3942587848324797,2.4469023195185926,0.48527017280224066,0.43708460951881883,0.048185563283421794,0.2947830817590648,0.0,0.2199467454386943,0.0,0.0,0.0,1.0,1.0,,0.3636246564983354,,0.18837769891077183
B000120,12314.3916252082,5.0140031047264655,10.384422350186792,6.15560395771088,0.0,0.3714538248988767,1.2606989368612995,45.604727124058286,1.6715594192437255,0.7101436507503628,0.5326711162215784,0.7213808938352221,0.894479030143162,0.48376899453241506,2.4049638131147444,0.68610538057068,0.68610538057068,0.0,0.0,0.0,0.3138946194293202,0.0,0.0,0.0,0.0,0.98,,0.32206755987145214,0.6529124301504976,0.19030060538549587
B000121,582.0332756548886,1.7690981022944943,9.901956471806153,3.2780206867706174,0.05991276849781082,0.27157961454222224,0.4920753438770783,10.958426647829636,0.6138901006773133,0.39855307802057754,0.0,0.6054021403091062,0.0,0.1512527832874972,2.671728648324649,0.4277065938939356,0.4277065938939356,0.0,0.22528602427624567,0.0,0.3470073818298188,0.0,0.0,0.0,0.0,1.0,0.577895065933927,,,0.18837769891077183
B000122,3297.032526262571,0.9740125631499471,4.370315491058204,1.069124637746858,0.0,0.6613957552035606,0.5872015702414448,21.256696842740308,0.3229608636327947,0.08102110910686608,0.06042637724086381,0.0,0.1434692882093777,0.3661349249600448,2.769080801315704,0.6684222813427145,0.43794230006788987,0.23047998127482466,0.0,0.0,0.33157771865728547,0.0,0.0,0.0,0.0,1.0,1.2993158069116673,0.29171119175105653,0.6029165269770546,0.18837769891077183
B000123,6074.2507260200555,7.698670121698423,19.915271516058365,13.980872854030508,0.0,0.31322706737519407,0.022647076790477703,0.741851714455184,1.2859673568464023,1.4821707765616494,1.435050015950957,1.1533129294811602,1.5914369078268813,0.7507321350313697,2.0972376871902854,0.9210951006883766,0.7143792805960888,0.20671582009228764,0.0,0.0,0.0789048993116233,0.0,0.0,0.0,0.0,0.95,0.9874849505767368,0.4512725765464318,,0.1914861261152433
B000124,17815.27093250802,15.161932708517465,29.769756598635794,3.4851427328472058,0.6374142504658418,0.1277307138252913,0.07175936967954967,3.3289652206211344,13.682341425939617,0.613182758858416,0.1278693869059437,0.06127136262444306,0.0,0.6772677741890449,3.54856869725417,0.057143672932456195,0.04466896056124683,0.012474712371209366,0.04044225565741698,0.0,0.9024140714101269,0.0,0.0,0.0,0.0,1.0,,0.32519513041577147,,0.18835914010109434
B000125,2624.5483746808086,4.999139761296778,8.519324192108083,6.082602419277793,0.0,0.4415739010275121,1.5468772813505036,55.97782785962394,2.0214176112472333,0.9036113441237108,0.0,0.8170150868381281,0.7293315470991758,0.5277641719885313,2.8093669300602353,0.414526653756925,0.414526653756925,0.0,0.1807533670331541,0.0,0.4047199792099212,0.0,0.0,0.0,0.0,0.98,0.2613179440400454,,,0.19030060538549587
B000126,18712.49912985298,4.265443157021422,7.963271976644016,4.9514596868318606,0.0,0.36499999999999994,1.355786035711574,49.079454492758984,1.6947325446394674,0.0,0.0,1.4256104262894185,0.6002782850032312,0.5448219010893054,2.779532879127005,0.6026831252340716,0.12772926071994753,0.474953864514124,0.0,0.0,0.39731687476592864,0.0,0.0,0.0,0.0,1.0,,0.23999686128420297,,0.18835914010109434
B000127,932.502734521701,1.975641386698519,10.721151263208254,1.685027808920611,0.0,0.365,0.5910901062070194,27.781234991729914,0.8771012373249515,0.6673974687029741,0.0,0.0,0.2222972144071086,0.20884546626348524,1.6047359898921125,0.9867200941851713,0.9867200941851713,0.0,0.0,0.0,0.013279905814828727,0.0,0.0,0.0,0.0,1.0,,0.3279806557637246,,0.18837769891077183
B000128,6300.245968663857,3.370918121275472,5.466022364255037,2.8586206704863693,0.31912965336821436,0.433,1.2648680499962057,59.379182982511054,1.766857341383305,0.4890964669979707,0.0,0.37602546897270805,0.0,0.7389388439214867,3.080727834163992,0.3641774955494852,0.21908454181944667,0.1450929537300386,0.11154986726002984,0.0,0.5242726371904846,0.0,0.19999999999999998,0.19999999999999998,0.19999999999999998,0.98,0.2117948797316258,,,0.2785184786737387
B000129,4742.442136104592,6.072269060313177,10.04547416662691,5.90066761857946,0.0,0.07518122654452218,2.038032468716287,73.77238367906433,1.4187815852997967,0.23375468570509386,3.0908145955527595,0.0,0.7457993300170372,0.5831188637384899,1.5596437738861264,1.0,0.49099511815878716,0.5090048818412126,0.0,0.0,0.0,0.0,0.0,0.0,0.0,0.98,0.2649351943226629,,,0.19030060538549587
B000130,6300.358633343286,3.8843148171043684,16.51735295115995,7.3570106095686585,0.0,0.07675179954281738,0.3365490820440019,12.05073172770326,0.5207857397802229,1.7774263677294144,0.09077806705518887,1.09971983106542,0.18620799912947478,0.20939681234464835,2.0151580978936257,0.8659259703958672,0.5828078703327976,0.28311810006307,0.0,0.0,0.13407402960413284,0.0,,0.0,,,0.913413533717632,,,0.18837769891077183
B000131,3155.1865865968393,1.4041773861134133,10.001049001323153,1.065595806957418,0.10884804243078787,0.34679367333682015,0.22891102736725275,8.265399196442731,0.6322966806219492,0.11779241834369394,0.018670481968620464,0.11552230550654236,0.2802172135890811,0.23967828608352634,2.8600807912599624,0.4934849341577881,0.32732734882875625,0.16615758532903183,0.0,0.0,0.5065150658422122,0.0,,0.0,,0.6,0.84541523865006,,,0.18837769891077183
B000132,1859.0869142475497,4.706549149993797,15.530658430073908,8.982554145474554,0.0,0.4352414285078059,0.010463779947523613,0.19536322244362983,1.8449224495824954,0.1541261762959365,0.7637233295955633,0.2694141121632172,1.2718899795494034,0.4024731028071809,2.6485698383871195,0.561697358101031,0.3994291430550734,0.16226821504595781,0.0327471723728073,0.0,0.40555546952616156,0.0,0.0,0.0,0.0,1.0,,,,0.1914861261152433
B000133,3419.789950105135,5.8961895691467845,15.686702723494694,5.310103808050361,0.0,0.059251490419551266,0.017413338711868474,0.41446697547587963,1.8505361648036498,0.0,3.0503021503182977,0.622342955685157,0.0,0.3730082983396808,2.225268103633243,0.6666605578905125,0.6666605578905125,0.0,0.0,0.0,0.33333944210948757,0.0,0.0,0.0,0.0,0.95,1.1087803658032742,,,0.1914861261152433
B000134,3110.304976082277,3.452058796983659,7.296569217088823,2.916451708656689,0.4611571475092067,0.2310035870080866,1.3865413055820763,50.13663642864369,1.8106211198373043,0.0,0.22993338270935687,0.0,0.7906763693790599,0.6208279250579378,2.8193695989025995,0.4709946574560627,0.24194978427199718,0.22904487318406552,0.0,0.0,0.5290053425439373,0.0,0.0,0.0,0.0,,0.43816937692027047,,,0.19030060538549587
B000135,28861.4723124876,8.343877511560452,17.293113477851364,12.056959981625408,0.0,0.42590601406587636,0.008555314062819034,0.1907835036008645,2.873053230051168,0.0,0.0,2.301689690289817,2.2033047429775077,0.9658298482419562,2.428566399057469,0.6556692945131863,0.6556692945131863,0.0,0.0,0.0,0.34433070548681355,0.0,0.5,0.5,0.5,0.5,0.21427935248817256,,,0.40513160691334116
B000136,1455.2888587355553,1.0417243083289587,8.191066663200194,1.0763610323947381,0.0,0.19389190499091352,0.1850446806649837,6.677950660391752,0.28451468607352914,0.4389889397235713,0.02076613348711911,0.0,0.18002666805884357,0.11742788098589566,2.5313207370566984,0.7268810146804366,0.2855405664113659,0.4413404482690708,0.0,0.0,0.27311898531956336,0.0,0.5,0.5,1.0,,0.5479246889596758,,,0.4049048318617571
B000137,13106.430442784389,4.234710966973955,9.651142331350302,3.7491510792769582,0.04380169135768371,0.433,0.01848919510379393,0.6605970047253832,1.9648687000133553,0.16677388068359553,1.5396537136405963,0.0,0.0,0.5634146726364078,2.60153641074037,0.5360087818655983,0.4966261930692799,0.03938258879631849,0.0,0.0,0.46399121813440175,0.0,0.0,0.0,0.0,0.95,0.549477272005124,0.32403966634910014,,0.1914861261152433
B000138,6038.847393990115,4.9825473547773225,12.536365140176455,7.150132236829863,0.0,0.24,0.018142343775487346,0.40457426619336784,1.9280083978356894,0.0,1.703294126019975,0.9313770974726719,0.0,0.4198677334489855,2.9632204872296364,0.6130476520233985,0.08426768549352803,0.5287799665298704,0.0,0.0,0.38695234797660144,0.0,0.0,0.0,0.0,0.95,,,,0.1914861261152433
B000139,6647.4617551971505,8.875115828033579,20.26962787127519,3.185299124938029,0.0,0.3658562563413734,0.031249338085732277,1.8060786373560864,7.008403256260564,0.0,0.09064596764474522,0.9340422780748772,0.12355075599194235,0.718473570061449,3.4018120040882227,0.10508823904609076,0.10508823904609076,0.0,0.10524282681748717,0.0,0.7896689341364219,0.0,0.0,0.0,0.0,0.5,0.11505382344079755,,,0.18835914010109434
B000140,7586.245325743221,6.213141134924832,13.771473771964345,6.874592710178792,0.0,0.31172732478570114,0.01379904939835203,0.29817506738272115,2.766581588233462,0.07800935295479178,1.0378925931585452,1.0248672606668603,0.0,1.3057903399111728,1.6729789374499249,0.9575702104358579,0.7926186604210103,0.16495155001484757,0.0,0.0,0.04242978956414219,0.0,0.0,0.0,0.0,,0.21756083321829447,,,0.188624025984382
B000141,25909.88014543346,5.675767830324964,11.683592708628245,7.7224027952733625,0.0,0.34187938139840984,0.01217478527183938,0.39654415142302857,2.9987155841968915,0.7987920310487736,0.11190526071898806,1.1322217036165714,0.26264902504116194,0.37148422570257766,2.9289565645660525,0.4597761922569569,0.2405764290657401,0.21919976319121695,0.0,0.0,0.540223807743043,0.0,0.0,0.0,0.0,0.5,0.48258166660657464,,,0.18835914010109434
B000142,12824.060820703371,9.555932057156014,14.788808468529586,12.53457008797751,0.0,0.43506677680336614,0.0171825821586909,0.3982062005920632,3.814525964350729,0.0,0.0,2.59569154660022,2.143140345864782,1.002574200340282,2.8742287010118517,0.5969173049904258,0.1663316047204461,0.4305857002699797,0.0,0.0,0.4030826950095741,0.0,0.5,0.5,0.5,0.5,0.2667982955816465,0.3973572871770309,,0.40513160691334116
B000143,10018.836161970616,6.142756690355988,18.493603778320978,7.550404414081959,0.0,0.25376258659999334,0.010212695487408538,0.22774310936921038,2.3328492230121025,0.0,2.1008919128043533,1.385067537913042,0.0,0.32394801662648925,2.2762940658950153,0.6171611622713546,0.6171611622713546,0.0,0.0,0.0,0.3828388377286453,0.0,,,,1.0,0.1383334390546208,,,0.1914861261152433
B000144,5466.318462510776,3.1093961675260386,5.523943469640358,1.2682100280356228,0.04415295140303948,0.2939031441890435,1.517142257400638,71.30568609782998,1.8964278217507973,0.5312209598473899,0.14345569865212437,0.0,0.0,0.5382916872757264,3.1877626048612036,0.1964430757642164,0.1964430757642164,0.0,0.1708437687662202,0.0,0.6327131554695631,0.0,0.0,0.0,0.0,1.0,1.0982328513636959,0.32041131506579135,,0.18835914010109434
B000145,2153.931172005557,6.948165070985668,10.173155410082936,9.821912771046412,0.11809989984678017,0.3578684585124829,1.4601471418320504,52.8686967725778,2.047962196814715,1.0254805856147022,0.0,1.253380237267774,1.7448747297495186,0.8764673215389591,2.7216860206877693,0.48200192986976914,0.3344117999379212,0.14759012993184795,0.1803901065191546,0.0,0.33760796361107637,0.0,0.2,0.2,0.2,,0.392012087166913,0.3126761122689414,,0.2785184786737387
B000146,2294.2164486909255,4.759785163259181,12.830573710661639,7.498727591997995,0.0,0.44806206250364855,0.02110509580384565,0.4021394394263926,1.7307190663166552,0.19453644348522323,0.0,1.119238756383782,0.9256943894966578,0.7895965075768644,2.778822585902869,0.27687552951448074,0.23600468412699319,0.04087084538748756,0.3799354793792698,0.0,0.34318899110624956,0.0,0.0,0.0,0.0,0.95,,,,0.1914861261152433
B000147,2019.2524973079899,3.50564669671526,5.83174500381139,3.871642246073394,0.07187276452509046,0.3122618231523569,1.703816020661966,61.5495067888391,1.0334192535834728,0.0,1.2111920665320615,0.6842020239607023,0.0,0.5768333526390228,2.3010519991529326,0.7050837045832454,0.35958623398333267,0.34549747059991265,0.0,0.0,0.2949162954167545,0.0,0.0,0.0,0.0,0.98,,,,0.19030060538549587
B000148,24272.965714910126,6.878142735877055,15.379232027166916,8.00235982678134,0.0,0.3946289118326758,0.02007651624306481,0.4477063122203453,2.1335552007460397,1.2501700361946335,1.7209578691243914,0.0,1.0816808368498503,0.691778792962141,2.800113142301974,0.6892310196076827,0.10000091814016952,0.5892301014675131,0.0,0.0,0.31076898039231754,0.0,0.0,0.0,0.0,0.95,0.6680060342937625,,,0.1914861261152433
B000149,6555.27566996521,11.520695377794745,16.573356290145973,4.257322765344245,0.0,0.19794105114778185,0.012455828355481351,0.2050525210075151,8.011223287395122,0.0,2.3080413508341926,0.5690626950810882,0.0,0.6323680444843436,1.8538103413617546,0.9872564764053983,0.7375229358883321,0.24973354051706617,0.0,0.0,0.012743523594601814,0.0,0.0,0.0,0.0,1.0,0.16937236029396743,,,0.188624025984382
B000150,17136.945802280094,8.83347721767015,13.817184069918245,12.440508099775686,0.1993610734896733,0.31802187198789866,4.4864365818489835,112.3786140590701,3.7413999136954312,0.6495205869242853,0.0,1.0442255669252203,2.4753327772516998,0.922998372873515,2.974645490920433,0.48161138604058057,0.0831773087854167,0.398434077255164,0.07352943477626331,0.0,0.4448591791831561,0.0,0.0,0.0,0.0,1.0,,,,0.188624025984382
B000151,4143.796286090486,1.9481881928022973,12.26550705738799,2.0346536477530885,0.0,0.07993959891063047,0.23980524863792171,8.701493475555225,0.3678658885596759,0.8607331743222221,0.02873464084329871,0.23908598441152443,0.2424591317773471,0.20930937288822926,2.2701101276754003,0.7990852812575678,0.7843358638504301,0.01474941740713789,0.0,0.0,0.20091471874243214,0.0,0.5,0.5,1.0,0.5,0.5972200881717575,,,0.4049048318617571
B000152,1114.7565895645778,3.113845222247424,8.558896289980312,9.005741367332014,0.5619702477519989,0.021,0.014084942332173469,0.2652544895329847,0.43670580100552836,1.0258932937295686,0.0,1.280642793625717,0.0,0.37060333388660976,1.8244500955309206,0.8597535298526061,0.44847978237282266,0.41127374747978335,0.0,0.0,0.14024647014739386,0.0,0.0,0.0,0.0,1.0,,0.4310266976006478,0.5024141980365373,0.1914861261152433
B000153,17629.82260768609,5.88641823295028,8.47340889624896,7.118012368012929,0.0,0.18262265331028207,2.0464213500382593,74.09458899292484,1.2437865053792865,1.364953877913499,0.0,1.7505848687041206,0.8153254304869696,0.7117675504664042,2.2641307596186087,0.7887023218267146,0.5568204160740916,0.23188190575262313,0.0,0.0,0.2112976781732852,0.0,0.0,0.0,0.98,0.98,,,,0.19030060538549587
B000154,13639.35525484775,3.5162039842350477,5.56348956930777,0.6181292086415426,0.0,0.24,1.7305757234205792,81.33618977294871,2.2622945261186262,0.0,0.0,0.4147646989984752,0.0,0.8391447591179457,3.1127243282429045,0.3564777098178029,0.3564777098178029,0.0,0.0,0.0,0.643522290182197,0.0,0.0,0.0,0.0,0.98,0.2981627382642067,,,0.19030060538549587
B000155,1767.2570392127525,1.9991595466207608,8.470291930275561,4.51401551198328,0.0,0.42884340335251303,0.6869156512306893,24.72627178845145,0.3752278431366007,0.543020976570295,0.0,0.819670090902383,0.0,0.26124063601148206,2.360123306405864,0.39541951320988233,0.39541951320988233,0.0,0.41000734147902096,0.0,0.19457314531109673,0.0,0.0,0.0,1.0,1.0,0.8827688911594346,,,0.18837769891077183
B000156,6202.6866986938285,15.353184897757002,32.058975552071786,4.666796219998159,0.014718695074986635,0.4268774648205145,0.06823002738345277,4.3825699973038414,13.11027400120021,0.23312839482196465,0.10092891882578388,1.2031537123139182,0.0,0.7056998705951217,3.4948707719118337,0.1288469210661239,0.03529746427910151,0.09354945678702237,0.0,0.0,0.8711530789338761,0.0,0.0,0.0,0.0,1.0,0.094926373172706,,,0.18835914010109434
B000157,679440.9730632883,353.13979888944294,915.6377030992315,662.0766793672075,0.0009138109504821293,0.3645790278674683,0.012590316987381854,0.23926358200876005,2.2838428923280083,347.9102029735611,0.0,0.6876108452914891,0.14231781310487085,2.1158243651575748,2.670612746521783,0.008147081017578111,0.005796939059616064,0.0023501419579620496,0.9851911454547806,0.0,0.0066617735276417135,0.0,0.0,0.0,0.0,1.0,0.1389932658566089,,,0.1914861261152433
B000158,9803.767058660162,8.637680227894416,21.070073565715596,7.025013625589271,0.0,0.476709624658431,0.026153437045000186,1.6939112446999183,6.542988377595392,0.2787392519575927,0.07545798217169887,1.2541584685229736,0.0,0.48633614764675936,2.8963702633987847,0.4435188680408147,0.2660525020678945,0.1774663659729201,0.0,0.0,0.5564811319591855,0.0,0.0,0.0,0.0,0.5,0.1891264253771644,0.12811973046834257,0.7500227042712235,0.18835914010109434
B000159,11054.590466423428,4.269830230368261,9.369020675056833,3.8695212800477843,0.0,0.2395830350100253,0.9847421590527631,35.65533619656097,1.3775793462536734,1.2643398522278426,0.9771999315147379,0.0,0.0,0.6507111003720081,2.421618360614707,0.6713004089318526,0.4424388667176889,0.22886154221416366,0.0,0.0,0.32869959106814767,0.0,0.20000000000000004,0.20000000000000004,0.20000000000000004,0.98,0.26170524437509896,0.34855375697954943,,0.2785184786737387
B000160,32429.32172799672,11.682032322765389,21.14101378107221,5.556897991413608,0.0,0.021,0.039586572282665475,2.2681723105085254,8.78289826348609,0.0,0.0,1.7339087034125125,0.22199788029196207,0.9432274755748264,3.3443149891595976,0.246806025031446,0.09838076344116996,0.148425261590276,0.0,0.0,0.7531939749685541,0.0,0.0,0.0,0.0,0.5,0.16134067718021095,,,0.18835914010109434
B000161,5330.001200849955,5.6461877127647835,9.937399949807903,8.399170116391241,0.22626474567104207,0.20694908862935607,1.5246192718341767,55.07717774549629,1.9593630900757943,0.4487501064408528,1.101284315053204,1.587278296968356,0.0,0.5495119042265746,2.4939181067662086,0.6179603309634651,0.33683643326168117,0.2811238977017839,0.0,0.0,0.38203966903653475,0.0,0.0,0.0,0.0,0.98,,0.2815356487340268,,0.19030060538549587
B000162,1763.9878313245267,0.7211724576142792,4.7736458825260595,0.4698018610155171,0.0,0.4115048874512786,0.5199123944461952,18.77264628566504,0.3475417736262823,0.0,0.07841144658310616,0.0,0.15293657869649496,0.1422826587083957,1.6237759722493292,0.9700572861806493,0.9700572861806493,0.0,0.0,0.0,0.02994271381935071,0.0,0.0,0.0,0.0,1.0,0.7033480936657281,0.3263245553871704,,0.18837769891077183
B000163,5884.415445048392,1.7487118707424643,8.616482803045626,1.211567691840364,0.0,0.06299209889008985,0.5578893987275743,12.465388223724025,0.695402242632295,0.0,0.07987392338011769,0.15588117529658801,0.6016882214277723,0.2158663080056911,2.7031863303543626,0.602334578802257,0.16911890193794135,0.4332156768643157,0.0,0.0,0.39766542119774295,0.0,0.0,0.0,0.0,1.0,0.5885266568474972,0.27824026085927867,0.6909108118015432,0.18837769891077183
B000164,838.2952024361387,0.9635577039495846,4.105348049606542,0.9579261740893469,0.4746979215625547,0.4416808677478678,0.88639159388707,31.994803684693615,0.5087972548126829,0.0,0.06505735831377882,0.08246842334121676,0.09384504189746116,0.21338962558444516,1.5583758980408797,0.9626974335055981,0.8653031191715483,0.09739431433404983,0.0,0.0,0.03730256649440187,0.0,0.0,0.0,1.0,1.0,,,,0.18837769891077183
B000165,31445.59516124146,7.806751529603143,11.891806200058138,10.171477787043674,0.09634867968550366,0.43300000000000005,0.013694748053837007,0.22564212653042504,3.396851218012164,0.45340005189301436,1.539747385836629,1.6213834096443471,0.0,0.7953694642169884,2.682779613163189,0.5822778320080917,0.31650999583836115,0.26576783616973054,0.0,0.0,0.4177221679919083,0.0,0.5,0.5,0.5,0.5,,0.2576180565999243,,0.40513160691334116
B000166,5370.236347678599,8.93550141044692,11.577400459448608,13.25195034744881,0.0,0.03554151326763216,0.018967974607059762,0.5050127492933077,1.7732835717955169,1.5730573909781607,0.0,1.5196374538372512,3.2020156221532163,0.8675073716827733,2.0838565106585385,0.615765700889374,0.2574180855658973,0.35834761532347675,0.3461131841129358,0.0,0.03812111499769012,0.0,1.0,1.0,1.0,1.0,0.1909760454360873,,,0.608845443987547
B000167,11201.355707565142,2.262900142942453,14.127472902772176,5.3966921877790694,0.0,0.4133808323068086,0.3243848367412559,11.5882413958425,0.3163330216949649,0.1612004967511462,0.058000384441154074,1.4364421642744596,0.0,0.29092407578072843,1.5967428193262057,0.9899970293498804,0.8931297937911461,0.09686723555873436,0.0,0.0,0.010002970650119538,0.0,0.5,0.5,1.0,0.5,1.2767900039126086,0.39885027038954335,0.455883949787671,0.4049048318617571
B000168,663.0698825816585,1.6872007190372988,13.853661763794364,2.78725208046061,0.0,0.44990152420870566,0.33875116225947427,7.533529857807414,0.421828938725431,0.10839358176251991,0.0,0.4782319635374676,0.43489797521976226,0.2438482597921183,2.3189977773678594,0.7499829546266895,0.4922199212705212,0.2577630333561682,0.0,0.0,0.25001704537331076,0.0,0.0,0.0,0.0,1.0,,0.2719418359178745,,0.18837769891077183
B000169,3010.4192050794477,2.1411231899569327,9.384730439048083,4.300597584055038,0.0,0.5397723937504153,0.6294111500673742,14.026172101370028,0.7828540403534031,0.36999035196132796,0.08936352018264904,0.6442705268998566,0.0,0.2546447505596963,2.6947909532907794,0.4459581302263173,0.4459581302263173,0.0,0.1728019918222314,0.0,0.38123987795145137,0.0,0.0,0.0,0.0,1.0,1.3240386922246394,0.294724596071865,0.606694490630478,0.18837769891077183
B000170,18544.34846360522,6.016985225050363,10.631554032854913,9.900993185810217,0.17206479428626578,0.32595657426254654,1.2435124419642383,45.02885038245271,1.7395792808415937,0.4839461795969784,0.0,2.4018634075254317,0.5946979871938369,0.796898369892522,2.691472378216458,0.7108885570136938,0.23127800801184628,0.4796105490018476,0.0,0.0,0.289111442986306,0.0,0.2,0.2,0.2,0.98,,0.3687530481051702,,0.2785184786737387
B000171,15122.703363800018,5.115934832138031,7.925469928229208,4.660672869526695,0.2097940831465565,0.3071804799902072,1.8208107395393653,85.30346819873668,2.3837221546399925,1.2667486892318873,0.0,0.36432623337761544,0.23082334028538387,0.8703144146031511,2.7328831251095616,0.5117612846994205,0.4666427779437512,0.04511850675566935,0.0,0.0,0.4882387153005795,0.0,0.0,0.0,0.0,0.98,0.2805271931246102,,,0.19030060538549587
B000172,6777.510556136086,4.769535929722791,14.708497137787333,5.379433085695807,0.1653034830340083,0.40038919533816014,0.009118754645474963,0.2166734011872612,1.88784751868762,0.0,0.3101595866213875,0.2608020290106429,1.672708722603956,0.6380180727991839,2.704279257263993,0.6041863303884696,0.6041863303884696,0.0,0.0,0.0,0.39581366961153036,0.0,0.0,0.0,0.0,1.0,0.11924759804441556,,,0.1914861261152433
B000173,3323.198475566005,0.7744578129960394,6.317293546834587,1.3846595542953524,0.2780809663546826,0.3800056797571807,0.16873600237791525,6.096259646796638,0.2580895012534602,0.12961304047515954,0.04108795926964626,0.1869546266217762,0.0,0.15871268537599717,2.574370437811005,0.666748146997156,0.2579877706607438,0.4087603763364121,0.0,0.0,0.33325185300284405,0.0,0.5,0.5,1.0,0.5,1.392646248558602,,,0.4049048318617571
B000174,318.52992418679423,1.0512538752039413,5.971417110663416,1.1023355331582572,0.022137885765315776,0.3293526871431808,0.480200930519087,17.38327368479095,0.2641105117854979,0.521719445806096,0.06251969226141517,0.0,0.0,0.20290422535093278,2.476674845415089,0.7238194526213633,0.7238194526213633,0.0,0.0,0.0,0.2761805473786371,0.0,0.0,0.0,1.0,1.0,0.8213189971953265,0.3290892131834958,,0.18837769891077183
B000175,4985.97454320363,5.226388410066698,7.922497420325075,5.647474542346574,0.191869098317512,0.3130731712251362,1.8979525777979391,68.70050042690947,2.482325244579635,0.9624117610853694,0.0,1.0356434453084196,0.0,0.7460079590932741,2.909968216441651,0.5179846834741734,0.5179846834741734,0.0,0.0,0.0,0.4820153165258265,0.0,0.0,0.0,0.0,0.98,,,,0.19030060538549587
B000176,13124.886215560358,9.905574502309705,12.383273899676642,12.205110238224437,0.0,0.4345163228967125,0.019975355511826467,0.7231078695281181,3.451709460854057,0.0,1.5366767147819262,1.3810729065814096,2.4800590874105786,1.056056332681734,1.5158266563186604,0.9953977314123384,0.8559739245186159,0.1394238068937225,0.0,0.0,0.004602268587661631,0.0,0.0,0.0,0.0,1.0,0.2743105114109482,,,0.188624025984382
B000177,5731.7217456678245,8.790984272496663,13.975109798988372,10.18508487197365,0.01640286220006979,0.20592907353081125,1.7833041652425448,64.5666722889467,2.3323770045306493,1.9840827288376284,2.3345264486435173,1.0160977956675932,0.44229876081379493,0.6816015340034813,2.6113512589629604,0.6922203064131562,0.20096596632836278,0.4912543400847934,0.0,0.0,0.3077796935868439,0.0,0.0,0.0,0.0,0.92,,,,0.19030060538549587
B000178,2728.415850086815,5.719949371251185,11.438521388406093,7.657162584114422,0.0,0.294807967343729,0.9631680723807827,34.40007889978515,1.633676179845969,1.1227597137072096,0.699052653421034,0.9193885642103246,0.7444954699364474,0.6005767901302016,2.437342782994026,0.5659719840660246,0.5659719840660246,0.0,0.16073368915312916,0.0,0.2732943267808465,0.0,0.28,0.28,0.28,0.7,0.37846040413987686,0.30940026322212305,0.8951486128930438,0.3131956702029707
B000179,463.38702774107105,0.8613141779573812,4.228883938470091,0.0902270832179016,0.0,0.020999999999999998,0.3906451603991373,8.718881485964767,0.5310072157337673,0.0,0.06279804991965951,0.0,0.0,0.26750891230395435,3.0484159858702466,0.42028123188757416,0.3473716577428805,0.07290957414469361,0.0,0.0,0.579718768112426,0.0,0.0,0.30000000000000004,0.0,1.0,1.059457770101064,,,0.18837769891077183
B000180,641.3423202237552,0.930830653445218,7.645708019648148,2.5074786826327395,0.0,0.24476423077927467,0.5172174524913944,18.723271780188476,0.16288122185299658,0.36096595063421993,0.023230544452683053,0.1251680276630053,0.1380370946158783,0.12054781422643487,2.2131494565901253,0.8241900202551763,0.41144416399775346,0.41274585625742294,0.14829453037990456,0.0,0.027515449364919137,0.0,0.0,0.0,1.0,1.0,,0.2812905124097635,,0.18837769891077183
B000181,2428.4709532496586,3.974584211537903,7.5622163244454415,3.217328554076208,0.0,0.24000000000000002,1.185131410074727,42.914813834516345,1.6579086597509631,0.0,1.2167630192262024,0.47813631278204216,0.0,0.6217762197786953,2.5131397826353767,0.5753939942175459,0.5753939942175459,0.0,0.0,0.0,0.4246060057824543,0.0,0.2,0.2,0.2,0.98,,0.3890327916432303,,0.2785184786737387
B000182,1733.8607845686345,2.5311836271074957,10.183211569872263,4.948713615816809,0.5025345898213137,0.035526652944310955,0.6718317952065042,24.32031098647545,0.3695074873635773,0.8048258842082949,0.03673223179013969,0.2692990882920323,0.5447893713596934,0.5060295640937582,2.450175346342473,0.5360536631971506,0.2144300358422189,0.32162362735493183,0.31796424233669995,0.0,0.1459820944661495,0.0,0.0,0.0,1.0,1.0,0.5913289523483376,,,0.18837769891077183
B000183,2015.792587909218,1.2646126649367742,8.298161241592588,1.5478731524780365,0.03465069305725692,0.34441120331621455,0.30339953809544323,6.756356954572783,0.4166362929199723,0.0,0.05272408445671224,0.3796701862801206,0.14637234793033893,0.2692097533496299,2.6923366888383713,0.6705423688439792,0.37031590677616266,0.3002264620678164,0.0,0.0,0.32945763115602084,0.0,0.3,0.3,0.3,1.0,0.7385521332358589,0.2988790205853656,,0.31989570700826886
B000184,16612.549046916418,4.106934251400845,6.784526780582513,9.869111127690386,0.16020670393428396,0.2937149033549953,1.6772122430897147,60.71032636447144,1.0198107497260458,0.0,0.0,1.9900192069274802,0.4136617301416301,0.6834425646056882,2.3081773345828793,0.7317622306530333,0.7317622306530333,0.0,0.0,0.0,0.2682377693469667,0.0,0.0,0.0,0.98,0.98,0.4053081009208543,0.2991371584995716,0.6525980454658311,0.19030060538549587
B000185,5316.400562858601,5.986937570786713,11.491896560935139,4.306728637716032,0.0,0.020999999999999998,2.8985962096227396,104.88208467733648,2.5436163657251556,1.6803803698493667,1.3171027620009907,0.0,0.0,0.445838073211199,1.7280695256539236,0.9740878234379087,0.6934133801217146,0.2806744433161939,0.0,0.0,0.025912176562091282,0.0,0.0,0.0,0.0,0.98,0.25699623364026736,,,0.19030060538549587
B000186,5800.857863201065,1.8270418466775007,10.366379029099207,3.371574355807717,0.0,0.3530811000362011,0.49753601324641944,18.010803679520386,0.38403765449627986,0.7830214537738056,0.0,0.4302209134964333,0.040338927413991664,0.18942289749699,1.8218850126702733,0.740556849912326,0.31198349501203176,0.4285733549002943,0.2354740337660003,0.0,0.023969116321673558,0.0,0.0,0.3,0.0,1.0,0.9599700907960275,,,0.18837769891077183
B000187,863.888675610793,1.64237390800531,13.361948040933564,2.98703511570564,0.0,0.22314093460014692,0.3249753431195783,15.27384112662018,0.2980496736135551,0.28693102607206505,0.0,0.6947074718555432,0.19733015010562305,0.16535558635852324,1.669210870687222,1.0,0.825294943694918,0.1747050563050819,0.0,0.0,0.0,0.0,0.0,0.0,0.0,1.0,,0.40873189393914733,,0.18837769891077183
B000188,7064.485882143548,12.98618728335211,16.468738012109046,9.751881215383555,0.0,0.1129031675418979,0.01471757210570012,0.25837219489959645,6.838831063622965,0.7549095430120193,0.0,1.2260761244557035,2.729651110264266,1.4367194419971585,2.9700267510254776,0.37551694748859255,0.16532044787676303,0.21019649961182943,0.09441386433934269,0.0,0.5300691881720648,0.0,0.0,0.0,0.0,1.0,,,,0.188624025984382
B000189,1880.7832222564166,5.343134154137547,11.105845312710855,6.49972244012359,0.0,0.43473812960300534,0.9104685030043378,42.72353328559457,1.575988106178098,0.5178020458647352,0.7710425986043529,0.0,1.8092285007998095,0.669072902690552,2.6789880906241623,0.545078593411877,0.206470494006624,0.3386080994052531,0.09690979693327864,0.0,0.3580116096548443,0.0,0.28,0.28,0.28,0.7,0.25756470262432507,,,0.3131956702029707
B000190,23252.60724380078,4.748337194976675,17.2544900000514,10.832317169069945,0.5617518171306661,0.06481511223559006,0.01278639872076019,0.28513669147295223,1.278639872076019,0.8222890030437666,0.0,2.3144519079511126,0.0,0.33295641190577885,2.9435963563382974,0.5342780761706337,0.04685441333565227,0.48742366283498145,0.17317409637918646,0.0,0.2925478274501802,0.0,0.0,0.0,0.0,0.9,0.7430050582411478,0.46981486022609253,,0.1914861261152433
B000191,1660.1331917471007,1.859051726480516,7.11907538378632,1.565938345281771,0.6269044335353497,0.021,0.011271579652566914,0.2756772493158471,1.2042784835959832,0.0,0.0,0.17488741572962152,0.23174686344158546,0.24813896371332603,3.015981160481183,0.42322356031296116,0.20449146513827166,0.21873209517468944,0.0,0.0,0.576776439687039,0.0,0.0,0.0,0.0,0.95,,,,0.1914861261152433
B000192,9698.934325445063,9.641087798653144,17.706184100745425,12.963483895716163,0.0,0.4436945687366391,0.02143497814006379,0.1984577857815456,3.6350405096845786,1.2385579148068258,1.894753199945582,1.2906406009258085,0.8841510189524163,0.6979445543379328,1.7678381512737924,0.8476925272234546,0.6275193498714358,0.2201731773520187,0.13386877371930067,0.0,0.01843869905724488,0.0,0.0,0.0,0.0,1.0,0.2351931452859773,0.21910226464511665,,0.188624025984382
B000193,7573.721215461967,11.669832381297331,16.572939017195548,12.256546416918729,0.0,0.4318152160404638,0.021298095425292724,0.5067936633836985,5.256846750155964,0.3579522738285933,0.0,2.29506269610931,1.8297669003438248,1.9302037608596396,2.036089704394476,0.803333705136374,0.7726604047724146,0.03067330036395946,0.19666629486362586,0.0,0.0,0.0,0.0,0.0,0.0,1.0,,0.31576546291470875,,0.188624025984382
B000194,10694.744288142054,5.670596123086985,10.303619820251159,3.0129327543358713,0.0,0.3749397119096998,2.1487122621616797,77.63494534622109,3.18953784248188,1.2518864173627449,0.0,0.15925597543821318,0.1579059679746388,0.9120099198295073,1.3812495002268121,0.9440690296878005,0.9440690296878005,0.0,0.05593097031219954,0.0,0.0,0.0,0.0,0.0,0.0,1.0,,,,0.18835914010109434
B000195,505.0544261545849,1.2916992996280945,7.385894655367032,2.2760156938865164,0.0,0.2936386409276806,0.27319854601541405,9.195398128808078,0.3831864691889178,0.0,0.0,0.4719679475323598,0.19513176475499425,0.2414131181518222,2.763861483053701,0.2897654534784988,0.2897654534784988,0.0,0.36538530884722836,0.0,0.3448492376742726,0.0,0.5,0.5,1.0,0.5,0.8117314335189716,,,0.4049048318617571
B000196,5657.6324308654985,6.414549241344103,9.476401491182276,6.182974956324541,0.0,0.41242320275360767,1.3932323153962456,31.177487573553883,2.4038071004803774,0.9878710889039478,1.5746537515040004,0.0,0.4778615733158007,0.9703557271399793,2.6790462618804787,0.4652226832044302,0.21974109248644422,0.24548159071798598,0.15400475571015332,0.0,0.380772561085417,0.0,0.2800000000000001,0.2800000000000001,0.2800000000000001,0.7,0.4447670828420289,0.40216823794944345,,0.3131956702029707
B000197,8739.480420380192,8.443942435149944,12.528013200366814,12.395758405086921,0.0,0.32345600304115046,0.010656302956478266,0.17023394462081004,1.6413283251457462,1.8380775148835033,1.1542835159666698,0.0,3.1717850642481564,0.6384680149058686,2.2079626643994557,0.6125922708252719,0.3949122559506959,0.217680014874576,0.37562845656607474,0.0,0.011779272608653368,0.0,1.0,1.0,1.0,1.0,,,,0.608845443987547
B000198,1185.6281876591993,0.9530773212694528,4.5868632828935665,1.5505695789770761,0.5769175288608881,0.05671096849314954,0.5662532185977571,20.449397102146545,0.31053577555916745,0.3445566795342352,0.08499010537592816,0.0,0.0,0.21299476080012195,2.363524190248777,0.6616295226855828,0.5724551152380051,0.08917440744757776,0.0,0.0,0.3383704773144171,0.0,0.0,0.0,0.0,1.0,0.9253464037031347,,,0.18837769891077183
B000199,4740.837259967275,3.072480401793438,9.814937131064552,1.5573726356900675,0.0,0.3176821918377673,0.015997495144894017,0.35674414173113655,1.9220600896808646,0.496270262402815,0.0,0.0,0.3395259608360644,0.3146240888736951,1.3989061385533703,0.9923685019614663,0.8308474513753874,0.16152105058607927,0.0,0.0,0.007631498038533615,0.0,0.0,0.0,0.0,0.5,,,,0.18835914010109434
B000200,7078.470181916529,4.200872511523163,12.534604570680653,5.943871980337406,0.4542872351980141,0.18235081502054384,0.023945811496760297,0.1917209170291663,1.993360408413335,0.4863220143837133,0.0,0.9764651094989227,0.27977662565861344,0.46494835356857933,3.019671039495898,0.4854741184198541,0.18643106683673322,0.29904305158312094,0.0,0.0,0.5145258815801461,0.0,0.0,0.0,0.0,1.0,0.14157016729467195,,,0.1914861261152433
B000201,7889.833897762398,3.714611062976647,7.3996322507263,3.1192329917072716,0.0,0.43300000000000005,1.1499310769931141,53.94397798530205,1.5878682293273294,0.802740979273306,0.6820139247793552,0.0,0.0,0.6419879295966565,2.584649997739891,0.5487325837922944,0.3651295327011706,0.18360305109112385,0.0,0.0,0.45126741620770555,0.0,0.2,0.2,0.2,0.98,0.24801872319489532,0.3722952262130946,,0.2785184786737387
B000202,36778.65988043431,11.313029800195112,17.243130529079803,10.620352987788365,0.0,0.19096840154451733,0.012857572405701234,0.22797501467770878,5.974869782476753,0.0,0.0,1.927912331269213,2.4492760246072383,0.9609716618419107,2.990468209100552,0.4381367027704306,0.4381367027704306,0.0,0.0,0.0,0.5618632972295695,0.0,0.0,0.0,0.0,1.0,0.2645256118684806,,,0.188624025984382
B000203,1761.3557106245366,5.321316346297694,11.602513484815367,8.52029192612491,0.0,0.25633182113062775,1.2451883055280135,27.767699213274703,1.5564853819100173,1.7881938292686068,0.0,1.2593920219586823,0.11726686284827258,0.5999782503121137,2.4277603893405826,0.6854627434576779,0.34941923224776,0.3360435112099176,0.02203719065299717,0.0,0.2925000658893249,0.0,0.0,0.0,0.0,1.0,0.6835751846265109,,,0.18835914010109434
B000204,3146.0882855329387,2.367259808527418,9.612805634206007,4.358349733830851,0.0,0.2401140936298838,0.3586252447009656,12.947024993077031,0.5472914763183759,0.5169363753757551,0.09835288758451502,0.6334694451421524,0.2900259234152893,0.28118370069133014,2.4977030749401483,0.76880802253014,0.5504389303360214,0.21836909219411849,0.0,0.0,0.23119197746985998,0.0,0.5,0.5,1.0,0.5,,,,0.4049048318617571
B000205,9136.612214791508,8.00754795336679,16.896911608722778,9.013628866973548,0.04643071033135374,0.46722449005659417,0.006762794590145074,0.3137936689827314,4.465996427454294,0.0,0.0,1.4612729836736242,1.3265190308276373,0.7537595114112369,3.001903183619058,0.24145138656774975,0.058964438979851895,0.18248694758789785,0.16565858094797914,0.0,0.5928900324842713,0.0,0.0,0.0,0.0,1.0,0.28761215609938745,,,0.188624025984382
B000206,850.5041257026487,1.7755827258927948,10.375177407417072,3.315985907179537,0.16000559212825477,0.42053222199612084,0.46471189441020316,16.754081403667684,0.575853899337631,0.27502435169647615,0.07433816668950409,0.41347777743116526,0.17191322720651522,0.2649753035315032,2.462652343298992,0.6756817404561754,0.5207892943392597,0.15489244611691577,0.0,0.0,0.3243182595438246,0.0,0.0,0.0,0.0,1.0,0.7316155984037919,,,0.18837769891077183
B000207,8011.259511386253,5.528819538568842,16.50331674512106,5.6065940005370605,0.0,0.17996415434585072,0.015330790825836018,0.3648988060461275,1.6292213301354552,0.0,1.0296936836179746,0.0,2.396586895386167,0.47331762942924693,2.1111328575346784,0.7018657104471874,0.7018657104471874,0.0,0.0,0.0,0.29813428955281257,0.0,0.0,0.0,0.0,0.95,1.0059254700943063,0.4849029294731721,,0.1914861261152433
B000208,1670.6926634088131,1.3582867182185472,8.148882705447454,2.263273333322677,0.2531258525971452,0.5696318412014174,0.2610612842229743,5.7967557325666155,0.5888634356261002,0.051901613132907365,0.062303442805094,0.3360434858647486,0.0,0.3191747407896968,2.1487811907008605,0.9195029977507495,0.6338894422368863,0.2856135555138631,0.0,0.0,0.08049700224925048,0.0,0.0,0.0,0.0,1.0,,0.27352034332375047,,0.18837769891077183
B000209,15200.87162950658,7.197382400334555,11.266735419994054,13.678822045248456,0.13619044508134198,0.3223638782021031,0.012658437151378165,0.4219351864625626,1.7084379711689348,0.7972461232355614,0.0,1.5984303040784356,2.2171941264894914,0.8760738753621315,1.9266538810411136,0.9919321905875077,0.5731076677186197,0.4188245228688881,0.0,0.0,0.008067809412492261,0.0,1.0,1.0,1.0,1.0,,,,0.608845443987547
B000210,1348.9438202069746,4.295999427410747,8.91481773986697,1.3689573668920474,0.014402735158297113,0.2992220996520994,0.01182390893786633,0.3380706022520382,2.912292841838998,0.5949456755028825,0.0828574909389132,0.0,0.14549335852017786,0.5604100606097764,3.0648553322370984,0.3220918924576597,0.3220918924576597,0.0,0.0,0.0,0.6779081075423404,0.0,0.0,0.0,0.0,0.5,0.42809252358188116,,,0.18835914010109434
B000211,11954.23068859758,5.926738070697858,10.789040594678367,5.9481658360653045,0.0,0.35158527953681196,0.017721111213678007,0.3349865258017403,3.403316028886349,1.1409471025774014,0.0,0.7124140646770561,0.17431261934471887,0.49574825521233096,2.9955052985112234,0.4132184764114657,0.10050663641678392,0.3127118399946818,0.0,0.0,0.5867815235885341,0.0,0.0,0.0,0.0,0.5,0.374881883372234,,,0.18835914010109434
B000212,1330.252997630895,4.30502588230063,11.526948893092202,5.8237428761423615,0.0,0.27344294425546134,0.015384342541957769,0.27711091971127,0.4442714475294436,1.4532590436621402,0.0,0.4744398750499898,1.6034832223660844,0.3295722936929728,2.6318223546872703,0.524333946907377,0.4141279021538328,0.11020604475354429,0.37246773102074215,0.0,0.10319832207188086,0.0,0.0,0.0,0.0,,,,,0.1914861261152433
B000213,2774.2136709104425,6.333821166462197,11.024381629780244,5.2958416939913855,0.0,0.2626767526611911,1.163882025539775,26.01686976709772,2.5258766819574765,1.523775360388734,0.7466139915858149,0.0,0.7320844255227088,0.8054707070074638,2.3324464282076134,0.7424984451524759,0.7424984451524759,0.0,0.0,0.0,0.25750155484752413,0.0,0.28,0.28,0.28,,,0.4008975890887045,,0.3131956702029707
B000214,2547.499370303106,4.422741962331781,11.652635415715983,2.6241474300471754,0.0,0.09823019400597705,0.01005140884610675,0.3638610002290644,2.2960070968264152,0.0,0.0,0.3110647767001568,1.4163666783898998,0.3993034104153084,2.979702143430009,0.46247363119066154,0.46247363119066154,0.0,0.0,0.0,0.5375263688093384,0.0,0.0,0.0,0.0,1.0,0.09162701395854157,,,0.1914861261152433
B000215,69150.72908979627,44.04505037566641,193.8309562293455,331.59209571419655,0.0,0.8089128238207981,0.39183960852424293,14.102549563705425,0.5949876692498138,0.0,0.03732613601633787,1.049992249175319,42.03885018389424,0.3238941373307086,1.3638340124696897,0.9912029245292038,0.9912029245292038,0.0,0.0008474535889499052,0.0,0.007949621881846409,0.0,0.5,0.5,0.5,0.5,0.6117645440557166,,,0.4049048318617571
B000216,2352.2236346463537,6.093843613073456,9.605115573293297,9.335568598986683,0.0,0.13233675178517026,0.015341657621923072,0.38927476812984463,2.04780132389451,1.0498610384813147,1.0466854034901132,1.4072001391473874,0.0,0.5422957080601316,2.087076445925778,0.7867881605457865,0.7867881605457865,0.0,0.17228224174131915,0.0,0.04092959771289481,0.0,1.0,1.0,1.0,1.0,0.1550108563447865,,,0.608845443987547
B000217,6294.490974077105,10.543535969978402,15.544745143470053,12.422492498188788,0.0,0.14972483937002207,1.8332073526858157,66.35941821632393,2.3957163400478203,1.6765898295497486,0.0,2.9180476750374646,3.0491865674959726,0.5039955578473931,2.3602874551694484,0.7691036193964426,0.4799040020974445,0.28919961729899796,0.0,0.0,0.23089638060355738,0.0,0.0,0.0,0.0,0.98,0.22459078625756707,0.3412702017449181,0.656363175326159,0.19030060538549587
B000218,562.6456730739459,1.0192856396267136,6.518129944101914,0.5666676070751349,0.0,0.29645590656059245,0.30018005304069567,10.806607942386472,0.41070632057242606,0.0,0.0,0.13513308220240575,0.20850233904852492,0.2649438978033568,2.710215371283163,0.4644882832110427,0.4644882832110427,0.0,0.13257626414897267,0.0,0.4029354526399846,0.0,0.0,0.3,0.0,1.0,1.133485128909358,,,0.18837769891077183
B000219,2089.332423523086,4.129115461508076,11.69627407301186,5.976136443569807,0.07809521402568656,0.25371417561631954,1.320814513605326,29.403444328222758,1.7733677307659832,0.5007204914579336,0.04094544931482754,1.190132459371257,0.0,0.6239493305980747,2.027379995833988,0.9951630052975533,0.9951630052975533,0.0,0.0,0.0,0.004836994702446741,0.0,0.0,0.0,0.0,1.0,0.6300763537243718,,,0.18835914010109434
B000220,9703.496147225935,6.110513946615828,11.793284125196134,7.76914159654017,0.0,0.33539509672198836,0.016418476384792834,0.4179186655578433,2.9921162059616124,1.1128692461546121,0.0,1.5632104360751264,0.0,0.4423180584244804,2.8886388105671683,0.4556093571585748,0.27348568378557664,0.18212367337299834,0.0,0.0,0.5443906428414256,0.0,0.0,0.0,0.0,1.0,0.3211658096520356,0.2503060980951842,,0.188624025984382
B000221,2157.3692029054077,6.235171106663028,13.898938279548908,6.554958676510564,0.0,0.24,0.006180596857386945,0.13782730991972889,4.081526226576284,0.0,0.0,1.7263134286092736,0.0,0.4273314514774706,3.0415910126938117,0.33037321563503014,0.33037321563503014,0.0,0.0,0.0,0.6696267843649699,0.0,0.0,0.0,0.0,1.0,0.1814432256701542,,,0.188624025984382
B000222,5425.908834559284,1.9875123936114591,5.165934665542363,6.39443363214695,0.718980036653783,0.453,1.047133175195156,49.023934173111705,1.3030273696015346,0.0,0.0,0.05441559845081987,0.0,0.6300694255591044,3.1800974758333482,0.34439283307620716,0.34439283307620716,0.0,0.0,0.0,0.6556071669237927,0.0,0.0,0.0,0.0,1.0,,,,0.18835914010109434
B000223,12158.735134502838,9.958014033171859,24.875783553543297,11.270447577944855,0.0,0.24770238833210276,0.03413566485566985,0.6603772690648926,3.3974711266723525,0.0,0.9449583710202585,1.6566579410139797,3.5145995581014176,0.44432703636384757,2.071642507227086,0.6270914006977026,0.6270914006977026,0.0,0.35294181614864995,0.0,0.01996678315364717,0.0,0.0,0.0,0.0,0.95,0.7995690001666979,,,0.1914861261152433
B000224,3011.549695851275,1.9517496408627835,15.825804279646398,2.091614535985129,0.0,0.11051856617464623,0.34717323557636937,7.756352885276906,0.43321394342841824,0.4890228761785981,0.0,0.29907504290270853,0.0,0.7304377783530589,2.3368518845495356,0.7780381590146402,0.6248038319057082,0.1532343271089321,0.0,0.0,0.2219618409853598,0.0,0.0,0.0,0.0,1.0,0.910431203487395,0.3823977054921255,0.5408055334034155,0.18837769891077183
B000225,6197.844242710421,6.317884039460164,17.646059839249684,6.807331644004656,0.0,0.11169156267222505,0.017112511186946264,0.5494836203684919,1.5904479443577448,2.141655543602538,1.0687983446563436,0.27835646236860057,0.9475873937653339,0.2910383507096015,2.179556638440974,0.7482625615753401,0.7482625615753401,0.0,0.0,0.0,0.2517374384246599,0.0,0.0,0.0,0.0,,,0.398416331153787,0.7320725259980208,0.1914861261152433
B000226,8310.004804625101,2.6841100790132755,10.706144678315843,2.9622598293381253,0.0,0.20248957227760536,0.011533942600030376,0.3180773059680026,0.6306853740479067,0.4916318929293339,0.0,0.2447863894012132,1.0703784041751936,0.24662801845962845,1.6933855254750714,1.0,0.41805281783422643,0.5819471821657736,0.0,0.0,0.0,0.0,0.0,0.0,0.0,1.0,,,,0.1914861261152433
B000227,45645.32394625545,9.193418720293142,16.07119577708969,14.009727489479332,0.0,0.3742871885458279,0.01599938855010925,0.4845307538035716,2.3252450593777563,0.5963681775938776,0.0,1.610028752942947,3.919612722996587,0.742164007381974,2.268241508597672,0.38595058865367027,0.38595058865367027,0.0,0.6014782578904679,0.0,0.012571153455861843,0.0,0.5,0.5,0.5,0.5,0.3127021958094933,,,0.40513160691334116
B000228,43504.45062786284,9.406367703321695,27.315707692810385,3.1072348498987723,0.0,0.4495763151978288,0.028818180871026257,1.2661166116836822,7.496775056032725,0.24017029257523792,0.06524257677362123,0.7692620053887776,0.0,0.8349177725513327,1.7712849666359507,0.982797098272641,0.8919115034958663,0.0908855947767745,0.006936001103867325,0.0,0.010266900623491775,0.0,0.0,0.0,0.0,1.0,0.1460041418347192,,,0.18835914010109434
B000229,6895.103392338965,4.204331336792052,10.950568705112504,6.08955532855846,0.0,0.453,0.008557663277743611,0.1908358910936825,2.37583346714843,0.0,0.0,1.2699617723618042,0.20115152765271216,0.35738456962910664,2.523691694854646,0.5706167156442961,0.5706167156442961,0.0,0.0,0.0,0.42938328435570416,0.0,0.0,0.0,0.0,0.92,0.6530645703834909,0.17706835907863758,,0.18835914010109434
B000230,4870.345903215912,6.080331964064809,12.20540127481932,6.4969183182248536,0.0,0.3708081138830169,0.016398343279579123,0.2822895763207539,2.962470225413438,0.0,0.12249036423292195,2.1804595914814393,0.16068989654996302,0.6542218863870474,2.066833721536624,0.84797811191928,0.8278327703562125,0.02014534156306739,0.0,0.0,0.1520218880807203,0.0,0.0,0.0,0.0,0.5,0.5775212054153392,,,0.18835914010109434
B000231,9539.099807448809,6.106978109762362,8.12541347735025,4.371286034268488,0.0,0.18639456170446378,0.013538390381743324,0.6281813137128902,2.594080188476619,0.4396751398570475,1.9649013568209197,0.0,0.0,1.108321424607775,2.014538754604149,0.9462726421826373,0.8742771098662202,0.07199553231641703,0.0,0.0,0.053727357817362854,0.0,1.0,1.0,1.0,1.0,0.23998997147545517,0.23259339983549618,0.32829660236249064,0.608845443987547
B000232,7035.810678675026,4.665656948723492,9.103404526202313,5.485705951000819,0.0,0.4291975621827296,0.014880531977669125,0.32221116861501614,2.7493293293694,0.3605129834487673,0.0,1.0311525031981892,0.0,0.524662132707135,1.7253369858971974,1.0,0.7789909299953333,0.22100907000466655,0.0,0.0,0.0,0.0,0.0,0.0,0.0,0.5,0.5485509894929819,,,0.18835914010109434
B000233,10421.607785370816,3.456586330139574,9.335458246235635,2.7036034608378174,0.0,0.2502525308581541,1.1431741337013581,53.729184283963825,1.4705297454523694,0.9513331108148755,0.0,0.0,0.6276779990326034,0.40704547483972625,1.9891847862711762,1.0,0.5431877120847957,0.4568122879152044,0.0,0.0,0.0,0.0,,,,1.0,0.9635265170489437,,,0.18835914010109434
B000234,28153.18558908816,19.456244360116212,32.880483418077986,6.48441344206076,0.0,0.4176607249830779,0.0808805052131527,3.752855441890285,16.17610104263054,0.9340663910288939,0.1594334955523202,0.9553409402560143,0.14131102057989248,1.089991470068551,3.399707720564427,0.15024248807124374,0.08794270757416316,0.06229978049708052,0.0,0.0,0.8497575119287561,0.0,0.0,0.0,0.0,1.0,0.18916922587397922,,,0.18835914010109434
B000235,11879.436338472207,7.841212104602117,12.83139645282759,12.736918642953452,0.16453128420945423,0.166689377004962,1.9179857303181143,69.25810503266541,1.9445659676152445,0.5221768467609784,1.386918901727724,1.0805853961603364,2.06885097379413,0.8381140185437049,1.771762474633274,0.8449927817792955,0.40427394527522825,0.4407188365040673,0.0665938938770073,0.0,0.08841332434369718,0.0,0.28,0.28,0.28,0.7,0.40445358528509606,0.42814898970373994,,0.3131956702029707
B000236,17054.990140693535,4.091888229532998,8.445983927546672,4.625296526766612,0.0,0.3186023718540616,1.4552069248035697,52.6743634842033,0.88482281899911,0.5236322429056665,1.112037089916911,0.0,0.8609082457421808,0.7104878319691296,2.272862175050727,0.655698563398196,0.38393232064238475,0.2717662427558112,0.12796836412255277,0.0,0.2163330724792513,0.0,0.0,0.0,0.98,0.98,0.20135837018752864,0.46341447888515175,,0.19030060538549587
B000237,11027.633174935349,4.379520720784491,8.718918571868747,5.774193630086699,0.06038837460210498,0.3100417084053911,1.4314139603061438,51.84651813286112,0.8683259463890574,1.049436773947088,1.142236980536759,0.03393893869945024,0.7457713985067674,0.5398106827053692,2.5244401599699255,0.750832417515245,0.5034592957247683,0.24737312179047669,0.0,0.0,0.24916758248475504,0.0,0.0,0.0,0.98,0.98,0.3659724734939689,,,0.19030060538549587
B000238,3645.6154311614264,1.7757503317883225,10.806478041113916,1.699299333765809,0.0,0.43299999999999994,0.2741769331446634,9.880130172177003,0.7490676883278051,0.6769773118264442,0.0,0.0,0.13188917104608092,0.21781616058799275,2.609417001563048,0.5651838117614988,0.5651838117614988,0.0,0.0,0.0,0.4348161882385015,0.0,0.0,0.0,0.0,0.6,,0.3186829055043437,,0.18837769891077183
B000239,6362.099936711152,5.275373081850043,17.394230150152545,4.388348487204099,0.17698421671333436,0.1874824842189016,0.03493865355231328,1.3056079104572424,2.5007516588132535,0.4504565798375381,0.0,0.2604197708915388,1.5849560846733663,0.4787889876343461,2.160240791947342,0.9517433680201636,0.8663547949565186,0.08538857306364493,0.0,0.0,0.048256631979836526,0.0,,0.0,,0.95,1.056527754254479,,,0.1914861261152433
B000240,567.1322573572464,1.4885361085492033,6.367308570446393,2.0367526267110865,0.0,0.365,0.3215126874900666,11.665109230836899,0.49434050749886244,0.0,0.0,0.6607721945949945,0.0,0.3334234064553469,2.951727453132209,0.6471812602923929,0.20327385972619902,0.4439074005661938,0.0,0.0,0.3528187397076075,0.0,0.5,0.5,1.0,1.0,,0.26865775826406507,0.7396734996138657,0.4049048318617571
B000241,12185.140895683835,5.15882341053507,9.692079344037323,6.740371316974023,0.0,0.34670078328730725,3.5993314272680705,130.04280305011866,2.194468928019715,0.6117088915259526,0.13304737414771436,1.5132466778323959,0.1473098118063099,0.5590417272029835,1.2874914975975902,0.9590981979469643,0.9333079423867503,0.025790255560214026,0.04090180205303575,0.0,0.0,0.0,0.0,0.0,0.0,1.0,0.6335282172630925,,,0.18835914010109434
B000242,13267.069357240041,10.742566281166026,13.660087178882096,11.058063788497735,0.38144535513843136,0.4515734992280023,0.019758829103293116,0.9150362575349903,7.192674877329998,0.5793491960154701,0.0,1.8304421322313957,0.0,1.140100075589165,3.2468575831612085,0.3304509658981333,0.10612921026030808,0.2243217556378252,0.0,0.0,0.6695490341018671,0.0,0.0,0.0,0.0,1.0,0.14638651579931777,0.24803651518100825,,0.188624025984382
B000243,28230.831424933996,18.921468783467827,32.02472761161545,9.721916310233617,0.0,0.41449267479184193,0.09561669053444188,3.77898241979841,15.79524083462272,0.4416817349292285,0.0,1.7059627616929944,0.18320576713826284,0.7953776850846201,3.360765042231815,0.14187832058055838,0.05171815483361929,0.09016016574693915,0.02334288843977785,0.0,0.8347787909796638,0.0,0.0,0.0,0.0,1.0,0.11167047791341421,,,0.18835914010109434
B000244,1183.4373011983384,3.0036479725846155,7.060571482058333,0.5347089544879335,0.0,0.3913732060249041,0.010215138432502158,0.2926917186451073,2.089687272989542,0.0,0.10380779081566026,0.0,0.17632132606203405,0.633831582717379,2.324654217413223,0.739845984733587,0.7052854131342678,0.0345605715993191,0.0,0.0,0.2601540152664131,0.0,0.0,0.0,0.0,0.5,0.4046757605760232,0.16983290222234684,0.4615703275948913,0.18835914010109434
B000245,640.892801400665,1.4801219431886028,8.760582703864799,1.3115829695085763,0.040790466578503076,0.19950824393578964,0.5830980199052727,21.050853326640755,0.3229213118605275,0.7173522285703933,0.0,0.13154647845411996,0.0,0.30830192430356196,1.695310519510818,0.9957973932197625,0.511139874377083,0.48465751884267927,0.0,0.0,0.00420260678023763,0.0,0.0,0.0,0.0,1.0,0.6062525861109805,0.49391977974432877,,0.18837769891077183
B000246,15372.863873640099,4.348759228752503,15.445629241849009,3.8924829634451665,0.0,0.4097503981053232,0.009953450471919024,0.2748978871490889,2.1077402163041805,0.8462156085256992,0.8521562452502853,0.15386376358622972,0.0,0.3887833950861081,1.8571026478633539,0.9729104903766034,0.7769566101028644,0.19595388027373895,0.0,0.0,0.027089509623396558,0.0,0.0,0.0,0.0,0.95,0.48046300862676317,,,0.1914861261152433
B000247,733.9131187988069,2.005227100543188,10.617325076840254,3.3756105306541655,0.019941319673558815,0.38541571329455854,0.3727960982764479,17.519979922639433,0.5134859189791211,0.3729402881687165,0.06879394544758995,0.8143211341243246,0.0,0.23568581382343584,2.3871531095616016,0.6758262977598695,0.4898422323800967,0.18598406537977277,0.0,0.0,0.3241737022401304,0.0,0.3,0.3,0.3,1.0,0.5252413108856078,,,0.31989570700826886
B000248,4363.748049509157,6.4840238477104855,10.178491584268873,9.428702326918279,0.33703168628639335,0.29018839087109716,1.8587312577212787,41.168651502612605,2.4067089167489604,0.9805521965989427,0.29078032572758294,1.4555552583647495,0.7822960418017798,0.56813110846847,2.465168239254424,0.6248398976700243,0.4003565687139305,0.22448332895609374,0.0,0.0,0.37516010232997576,0.0,0.0,0.0,0.0,0.98,,,,0.19030060538549587
B000249,21436.0914714386,5.682951079384571,15.967353635344367,7.64391952614569,0.0,0.24000000000000002,0.011173877224739812,0.27894311916844294,2.116558390021417,0.0,2.123990716157914,1.1318598243670819,0.0,0.31054214883815895,2.4879146763833186,0.41889522159068315,0.41889522159068315,0.0,0.19916761706307973,0.0,0.3819371613462373,0.0,0.0,0.0,0.0,1.0,,0.28949364041938536,,0.1914861261152433
B000250,2935.977243446932,1.3260963159200234,10.165066115631674,2.0836128663954714,0.0,0.343105613576387,0.26775159916538377,9.653397619865656,0.36699291226884356,0.0,0.0405559726912652,0.3420014695069143,0.4526317554700985,0.12391420598290169,2.7781017172103444,0.7232531997389421,0.09344284008279752,0.6298103596561444,0.0,0.0,0.27674680026105797,0.0,0.3,0.3,0.3,1.0,,,,0.31989570700826886
B000251,16445.317249746968,4.021843299033252,14.095258298269254,5.62728649282751,0.11094118024441003,0.2735799693164256,0.005911572868843226,0.13182807497520396,1.615373782258474,0.0,1.2534385466777833,0.7183445973831083,0.0,0.43468637271388705,1.522397991254165,0.9684035198423137,0.7956655135931554,0.17273800624915825,0.0,0.0,0.031596480157686554,0.0,0.0,0.0,0.0,1.0,0.2554277849890949,,,0.1914861261152433
B000252,57620.005105467666,13.81443421372996,20.14352808531729,16.779821378120275,0.0,0.24000000000000002,0.009640044688290366,0.21497299654887517,6.366067246984203,1.4735372921822119,1.908053819681018,3.437387422938433,0.0,0.629388431944097,2.4919489893495506,0.5374954458371334,0.4308289498095447,0.10666649602758867,0.0,0.0,0.4625045541628668,0.0,0.0,0.0,0.0,1.0,0.14759693398608745,0.20106441966853877,0.47323020648035136,0.188624025984382
B000253,10417.258300155338,6.32883250313204,13.060968573810033,2.326016809987609,0.0,0.27200656597425954,1.3530072351671156,63.460404011066785,1.6871795311913333,0.32878937251056245,0.0,0.7075053237114359,0.11228252933538972,3.4930757463833175,2.714642029248353,0.71567235194861,0.5519305092455281,0.16374184270308187,0.017741428498830213,0.0,0.2665862195525596,0.0,0.0,0.0,0.0,1.0,,,,0.18835914010109434
B000254,9820.543775874836,4.856846575605754,12.519563089794271,5.48843550677311,0.0,0.29936116033678845,0.020766429351410896,0.4209743405441876,2.217465848742774,0.3563570348952151,0.7687142169656386,1.1120750607158258,0.0,0.4022344142863023,2.8969223699434568,0.30024109369443563,0.30024109369443563,0.0,0.22897059715688586,0.0,0.4707883091486789,0.0,0.0,0.0,0.0,1.0,,0.2072607397153731,0.5663408316528347,0.1914861261152433
B000255,24631.70924094355,6.45992899054381,10.989229475205978,7.928085615333469,0.27459690388988495,0.36500000000000005,3.4012954534132147,123.06766655264359,3.0461513889022265,1.283633452568713,0.2973838422636195,0.3601265163671609,0.8452395008639895,0.6273942895781006,1.5975516297272054,0.9442522484543836,0.813408782202468,0.13084346625191548,0.055747751545616404,0.0,0.0,0.0,0.0,0.0,0.0,0.98,0.23718037475893966,,,0.19030060538549587
B000256,1968.2974979953776,5.858028267843386,11.429036745782192,3.4852956792016805,0.0,0.15925781045517542,0.013050891741356496,0.1370377764232028,3.810819502538545,0.7073955800608571,0.0,0.8835202662241366,0.0,0.45629291901984764,1.6162052676971748,0.8462649700000762,0.8462649700000762,0.0,0.15082212407100618,0.0,0.002912905928917725,0.0,0.0,0.0,0.0,1.0,0.18610933853045342,,,0.188624025984382
B000257,4606.975946252615,3.6738245185427556,7.44737724420316,5.162014337844723,0.08496662444649077,0.40401100235764525,1.3450829089061649,48.68818643759318,0.8178631031504534,0.5921430747751628,1.360104937775784,0.0,0.41473340353781374,0.4889799993035423,2.469124075264021,0.7773810101646165,0.2459870900964587,0.5313939200681577,0.0,0.0,0.22261898983538378,0.0,0.0,0.0,0.98,,,,,0.19030060538549587
B000258,13303.18038061826,3.227360596947661,5.258050352907627,7.497440090596674,0.15846100804525698,0.3843949317047553,1.7314180092378666,62.55124364866974,1.049979658806932,0.781560229327562,0.0,0.09620070506908034,0.5963628380322872,0.7032571657117995,2.6775618712442655,0.6732768399025081,0.6732768399025081,0.0,0.0,0.0,0.3267231600974919,0.0,0.0,0.0,0.9800000000000001,0.98,0.21460039754777616,,,0.19030060538549587
B000259,1174.8141689535216,1.666403076529818,10.160340947459623,2.887004856196229,0.069028117785402,0.12931225275538982,0.4749188343654625,17.19206180402974,0.2612053589010044,0.8084257169788258,0.07008690958316292,0.27482064779050536,0.06545601516825694,0.1864084281080624,2.18357846950926,0.8432519943224368,0.6454189455370075,0.1978330487854293,0.0,0.0,0.15674800567756303,0.0,0.0,0.0,1.0,1.0,,,,0.18837769891077183
B000260,30044.152494250513,12.104815670528007,17.41380243531641,17.75033662996929,0.17226774493200236,0.20099253088295313,0.010784684169277966,0.24049845697489866,4.309370308992128,0.0,0.955614734360843,2.049628727914029,3.7518658947543333,1.038336004506673,1.724730926506896,0.9633215816622005,0.574428371121487,0.38889321054071346,0.036678418337799425,0.0,0.0,0.0,0.0,0.0,0.0,1.0,0.23162045778969573,,,0.188624025984382
B000261,5874.707105595536,10.96027445073794,21.9328855750034,13.255805469390769,0.0,0.2015488270763175,0.012153194193340934,0.3967488380962672,4.551595229543649,0.20591194250268413,1.804361687683723,1.1628014520442338,2.539204777527694,0.6963993614359545,2.7625039019577113,0.56965329449725,0.28014639423737536,0.28950690025987463,0.0,0.0,0.43034670550274984,0.0,0.0,0.0,0.0,1.0,0.2527043555367766,0.24230840239181575,,0.188624025984382
B000262,44635.79819005978,11.530818442278424,33.46632821917082,4.682772751622673,0.17679356121999243,0.20749230738191873,0.050369388416705,3.2043962155766703,9.57084669547803,0.38139326668868917,0.0,1.002661253255332,0.16721682946138633,0.40870039739498437,3.3603057136377656,0.16588119056403391,0.1328051978582353,0.033075992705798606,0.0,0.0,0.834118809435966,0.0,0.0,0.0,0.0,1.0,0.15253293259489767,0.3021812090321569,0.9249883194236675,0.18835914010109434
B000263,8031.219473539449,7.767136821604883,16.19869777334616,5.033871772576316,0.039543473917181465,0.12856855252907276,0.7020906985964476,32.927389936097235,1.3582198385323112,0.0,2.6311801589577395,0.0,0.48923405191001734,3.288502772204815,1.84727725215555,0.9810215546751447,0.9810215546751447,0.0,0.0,0.0,0.01897844532485535,0.0,0.2,0.2,0.2,0.98,0.3024193043300326,,,0.2785184786737387
B000264,9971.231946479882,7.413555350542663,23.64809579043181,12.807086828280454,0.07957738763424978,0.3888639381758698,0.01646632385571548,0.6164416259755047,1.6963054434969917,1.5518639190982344,0.3325121957165318,2.376159081747033,1.119068061546029,0.33764664893784324,1.9610567416757028,0.9693763729678393,0.9245244523988249,0.04485192056901448,0.0,0.0,0.03062362703216086,0.0,0.0,0.0,0.0,0.95,,,,0.1914861261152433
B000265,2190.2078460808048,1.7893854951640562,8.356210361959034,1.180847247197266,0.13584867358083122,0.3580466298073868,0.3658778531290545,8.192254365173428,0.9996000557388811,0.4598259185750977,0.0,0.0,0.03786927482442425,0.29209024602565326,2.8211958750286175,0.44137243850451874,0.42020915371945217,0.021163284785066554,0.0,0.0,0.5586275614954813,0.0,0.0,0.0,0.0,0.6,0.458231340599923,,,0.18837769891077183
B000266,738.4664154619212,2.27220435526745,8.941934323476529,1.6841786707908684,0.0,0.4495088200766511,0.010626394748376735,0.3956260797336328,1.1292795774969853,0.0,0.6450482215500608,0.13993854415458068,0.0,0.3579380120658235,2.814594136549711,0.4509207828008334,0.16703424765943972,0.2838865351413937,0.0,0.0,0.5490792171991667,0.0,0.0,0.0,0.0,0.95,,,,0.1914861261152433
B000267,2827.675947938999,2.0535046825991277,6.989843383403932,2.0165576835068264,0.0,0.021,0.009201732477911702,0.20519863425743096,0.3680692991164681,0.0,0.0,0.0,1.403524147720751,0.28191123576190885,2.1166677939611995,0.8207604286294582,0.13728297683017351,0.6834774517992849,0.0,0.0,0.17923957137054178,0.0,0.0,0.0,0.0,1.0,1.50335533235478,,,0.1914861261152433
B000268,35566.69176271181,7.193910146179573,22.20552892385691,11.482327197541139,0.0,0.419525676097635,0.008913659221091559,0.1987746006303418,2.036115050503148,0.12448990748346238,3.6680552600531042,0.7195179316938455,0.0,0.6457319964460145,2.4958739231756857,0.7169668498591891,0.08976092046255812,0.6272059293966309,0.0,0.0,0.2830331501408112,0.0,0.0,0.0,0.0,1.0,0.16705761961862944,0.29720978192785497,,0.1914861261152433
B000269,8037.739958034859,2.317019301826134,9.553412481151183,4.645433567983587,0.0,0.38172994606129884,0.4863909142148906,10.854931685993323,0.6699503742754346,0.5796208967301852,0.0,0.6441421502965788,0.17050920560896726,0.2527966749149684,2.7488772190524355,0.16752651628496165,0.16752651628496165,0.0,0.5281626467514828,0.0,0.30431083696355554,0.0,0.3,0.3,0.3,1.0,0.4859934996756219,,,0.31989570700826886
B000270,11455.179744218753,3.6458242343153255,6.614586542873376,3.5945277091370675,0.0,0.2189060788516738,2.723934495474727,98.60176388124702,0.8032016222676998,1.3000444325731153,0.8218843419848721,0.0,0.0,0.7206938374896383,2.0134990784017774,0.9737655190876736,0.617181013357309,0.3565845057303646,0.0,0.0,0.026234480912326382,0.0,0.0,0.0,0.98,0.98,,0.6476449269603861,0.4126418106399269,0.19030060538549587
B000271,9740.296199926906,10.64513245893651,16.014922254502252,18.70455571228296,0.0,0.2900480587378791,0.01751977259124787,0.40109408220792586,1.7042420561021028,0.47821102194783743,3.013917406150103,1.9506604966573493,2.591587968553314,0.9065135095258042,1.8747933760054813,0.8399041005195382,0.5567777591821937,0.28312634133734443,0.0,0.0,0.16009589948046202,0.0,1.0,1.0,1.0,1.0,0.11838067822501872,0.2557245951196838,,0.608845443987547
B000272,2069.7858113006437,3.117147306175668,5.0593990893150345,2.4050700583909728,0.26236894864986166,0.48577759723633224,0.015004946650129962,0.670435572541732,1.5658374729750677,0.1329743049867425,0.0,0.49331423327997254,0.0,0.9250212949338854,2.1510107736103468,0.814017991553575,0.814017991553575,0.0,0.0,0.0,0.18598200844642496,0.0,1.0,1.0,1.0,1.0,,,,0.608845443987547
B000273,3519.0718152581712,8.034410537119113,20.73323105546718,4.876134273979476,0.0,0.45620386597671037,0.025742512510100277,1.1349934281555407,6.284338497040754,0.2007977161247842,0.0,0.9310087496203948,0.08742913580464998,0.5308364385285285,3.3194013762330186,0.17832505509290184,0.17832505509290184,0.0,0.024992215072542703,0.0,0.7966827298345553,0.0,0.0,0.0,0.0,0.5,,0.15484548010619084,,0.18835914010109434
B000274,4813.479026170302,8.076307090889769,13.62666076374485,7.972822577645708,0.0,0.348404990505197,0.9224454781729401,33.427767422292455,3.1530584944067455,1.6910595911125255,1.0290549968547473,0.39253345948279317,1.0672133513853592,0.7433871976475979,1.989346631382092,0.8954322541984786,0.5100273887790848,0.38540486541939367,0.0,0.0,0.10456774580152153,0.0,0.28,0.28,0.28,0.7,,0.3572661565195324,,0.3131956702029707
B000275,20700.891962610258,11.111589888679687,17.40984399836496,11.678721628317748,0.053186706048204704,0.3196130684871752,0.021936270424037806,0.4147438796401836,3.948805232860289,0.6140052198990111,3.4704689251960557,0.0883047649474199,2.3205352224584908,0.6694705233184184,2.5423133858510503,0.5874869139666534,0.2751581689387511,0.3123287450279023,0.05525808872090842,0.0,0.3572549973124379,0.0,0.0,0.0,0.0,1.0,,0.32788139122028603,0.3192112462447255,0.188624025984382
B000276,662.2371667493455,1.8446717736750573,12.85743806621727,1.896416641495438,0.0,0.2096723887018558,0.40451209155263435,14.643337714205366,0.5056401144407929,0.4449306574111807,0.015317502310136127,0.05267501210626833,0.6217722969439476,0.20433619046273158,2.4653198925534965,0.7131376162690721,0.3677700509678271,0.345367565301245,0.0,0.0,0.28686238373092793,0.0,0.0,0.0,0.0,1.0,0.9754623152752848,,,0.18837769891077183
B000277,1124.0793230406475,1.6338362253497785,12.369259630276408,2.1478533819707377,0.0,0.0,0.2525633168153968,9.11296983657611,0.34641366042411703,0.0,0.0,0.4337804690228102,0.0,0.853642095902852,2.453297410089312,0.7772778754541825,0.7772778754541825,0.0,0.0,0.0,0.22272212454581805,0.0,0.3,0.3,0.3,1.0,0.48993967092580487,,,0.31989570700826886
B000278,1847.6150899133108,5.434162029156797,9.10165492451926,5.138427689196396,0.0,0.4218756827297994,1.6166833600586366,36.05203892930759,2.0208542000732956,0.962233316983595,0.1356079528895876,0.4858677623953151,0.9538277737729666,0.8757710230420366,2.6211999391227576,0.6281203635021414,0.45259601059266985,0.17552435290947138,0.0,0.0,0.37187963649785866,0.0,0.0,0.0,0.0,0.9,0.8922849521627197,,,0.18835914010109434
B000279,3459.5603076650154,5.072669072822603,9.537363445924838,9.15800864396769,0.0,0.433,1.1592776845738055,41.80006999164035,1.6406110542038255,0.3450662265430425,0.0,2.3497932987989523,0.0,0.7371984932767828,2.733874232559168,0.6314235413998543,0.1681973255624691,0.46322621583738527,0.06802458855275494,0.0,0.3005518700473906,0.0,0.2,0.2,0.2,0.98,0.31740709244360904,0.35688774480995716,0.6234857309743946,0.2785184786737387
B000280,443.6807190785796,0.6921696085469261,3.4383230607753466,0.3386610558331363,0.0,0.24,0.551239336010094,19.959079587677444,0.30181775641636155,0.22724156846403448,0.0,0.0,0.0,0.16311028366653005,2.78561213424275,0.4966392480044085,0.1683359453773495,0.32830330262705903,0.0,0.0,0.5033607519955915,0.0,0.0,0.0,1.0,1.0,,,,0.18837769891077183
B000281,5787.657067097014,10.757726890514896,20.134852769138632,19.061178197964374,0.0,0.3741613230031063,0.01551847820005506,0.46960077076038975,2.776469908655575,0.29977890956065983,0.0,2.1593663834312666,4.608899949279419,0.9132117395879759,2.3523366512075747,0.45548218911958244,0.45548218911958244,0.0,0.4562933144517796,0.0,0.088224496428638,0.0,0.5,0.5,0.5,0.5,0.21841836077876353,,,0.40513160691334116
B000282,54807.67588178308,11.794206129068879,21.861045851488306,7.634583850960558,0.12748984463328247,0.3333718284336885,0.03870944744989998,2.3540447714630295,8.854350765358474,0.5029740179110217,0.17922856367158946,1.4185859528293572,0.19670503310307672,0.6423617961953573,3.247254044909415,0.2403673884846229,0.2403673884846229,0.0,0.0,0.0,0.7596326115153769,0.0,0.0,0.0,0.0,0.5,,0.15749719357194247,,0.18835914010109434
B000283,33650.1226358834,7.345584509033705,13.199569906066893,8.279792680051836,0.17388015939320872,0.35593294186273877,0.016935023343216168,0.5756033419609435,3.948853105952556,0.2531296308922549,0.22887197113322644,2.290696831939656,0.14693438019038788,0.47709858892562407,2.4008964699633863,0.6332073851749833,0.31429289584652104,0.31891448932846217,0.0,0.0,0.3667926148250167,0.0,0.0,0.0,0.0,0.5,0.681830591761214,0.14505667816113987,0.5162195781872109,0.18835914010109434
B000284,4543.200857538676,4.57983957413173,11.007820307723811,4.954854162529728,0.028362910173026886,0.41727080476689044,0.013932161074172389,0.34967316302102175,2.455842515079366,0.2726441325370129,0.0,1.3398014668437366,0.09860857939491462,0.4129428802766995,3.150984563729394,0.3991006191818862,0.10655730076275953,0.29254331841912673,0.059531371814197716,0.0,0.5413680090039158,0.0,0.0,0.0,0.0,0.5,0.8185423131780883,,,0.18835914010109434
B000285,22884.57272678668,12.283721270416898,17.02415412619934,9.28814732701432,0.0,0.4213255990740487,0.016482808411008295,0.27480925441100734,7.058835436227099,0.0,1.7651790137709213,0.0,2.7584824385420164,0.7012243818768601,2.890599484239304,0.41362733460677686,0.26992666158499207,0.1437006730217848,0.0,0.0,0.5863726653932232,0.0,0.0,0.0,0.0,1.0,,0.3124106994210703,,0.188624025984382
B000286,2376.469783164725,5.09972056473117,15.884271900899805,9.900400427929831,0.0,0.36499999999999994,0.012143100644175894,0.2270593915314398,0.37646293186651697,1.9973341322904057,0.0,0.9747776322555867,1.4722095195983544,0.2789363487203047,2.0419148861547542,0.926179694144406,0.7350363520960221,0.19114334204838374,0.0,0.0,0.07382030585559389,0.0,0.0,0.0,0.0,1.0,0.7164844441338939,,,0.1914861261152433
B000287,20653.16380882278,8.208729653745143,11.68697816089463,7.331690995680896,0.0,0.453,0.026290506965766496,0.2524681754503099,4.185595887617725,0.0,1.5979998234030002,0.0,1.8039047985929357,0.6212291441314827,2.8277362057155733,0.4769238442447194,0.2822530619423774,0.194670782302342,0.0,0.0,0.5230761557552807,0.0,0.0,0.0,0.0,1.0,,,,0.188624025984382
B000288,18977.300175319313,7.890769303667074,15.130768974488252,11.836939545719007,0.0,0.09941765357511949,1.4224946278388182,51.30343795438045,1.7701415390034387,1.550701633628073,0.0,2.8939184549399335,1.2245351974624095,0.45147247863321927,2.5552439465187295,0.4089220183162818,0.05721526777159822,0.35170675054468364,0.36674731494114826,0.0,0.22433066674256988,0.0,0.0,0.0,0.0,1.0,,,,0.18835914010109434
B000289,1136.7240039193432,3.6201401398705197,9.408358464391458,4.987812301562348,0.0,0.43842211395433317,0.862881910498357,19.257688777874165,1.0638045220082404,0.9086326327075754,0.06605518773284907,0.6088660070157961,0.49991052601436814,0.4728712643916905,2.089784515558816,0.9620375300201556,0.8239460455197104,0.13809148450044487,0.0,0.0,0.037962469979844725,0.0,0.0,0.0,0.0,1.0,0.6580549153758757,0.35643120153572877,,0.18835914010109434
B000290,4674.93908143232,1.755515990023402,13.93227154343259,2.22206596491805,0.0,0.049143828434582135,0.4087985959669785,14.766305839838322,0.6386882368872208,0.5681910519852182,0.01486840748835316,0.3038694758590906,0.0,0.229898817803519,2.394090822972098,0.4479525993633964,0.4479525993633964,0.0,0.323660425318965,0.0,0.22838697531763844,0.0,0.0,0.0,0.0,0.6,1.0376757212393493,,,0.18837769891077183
B000291,3075.4923124465927,6.213115782720389,14.164032405704296,9.54066947363858,0.0,0.27645402687307247,0.020685875330669908,0.45392521738435654,1.8452601848978267,0.9818385005455769,1.4157809665531689,1.145302983896906,0.0,0.8249331468269104,2.4900727411848633,0.70300566584808,0.5134191099057724,0.18958655594230758,0.0,0.0,0.29699433415191995,0.0,0.0,0.0,0.0,1.0,0.38354993567300355,,,0.1914861261152433
B000292,2475.3398037995985,5.289187614956407,12.131796959929114,12.370657206102099,0.0,0.5547403963259611,0.03885577239561351,0.39563186017939245,1.143340818115962,0.15389885522080787,0.7878081422602994,2.3938603444431847,0.0,0.8102794549161528,2.497137177599905,0.7508884958320315,0.2691965262638483,0.4816919695681831,0.0,0.0,0.24911150416796848,0.0,1.0,1.0,1.0,1.0,,,,0.608845443987547
B000293,15080.463451595899,9.99368021974546,21.404249318725956,2.3679462037887107,0.0,0.2548054166671423,0.03299050962503213,2.0570984698723245,8.053741047702237,0.36872046506968076,0.16600186857004876,0.7050963172009683,0.25517417007482646,0.4449463511276996,3.3720955261547916,0.15454615855173345,0.1379354741071719,0.01661068444456159,0.036895363565982914,0.0,0.8085584778822836,0.0,0.0,0.0,0.0,0.5,0.09997618259268448,,,0.18835914010109434
B000294,327.45901959068374,0.7149760253071697,4.682311167202028,0.40830705848108106,0.0,0.38682368194844546,0.22053272980371721,7.94111216526159,0.3359906277464047,0.0,0.02613823925268286,0.0,0.17077771673055447,0.18206944157752783,2.7731526108244573,0.5001316208655292,0.46357341705519406,0.036558203810335164,0.0,0.0,0.4998683791344711,0.0,0.5,0.5,1.0,0.5,0.9669008051001441,,,0.4049048318617571
B000295,24404.69897011807,5.367208922392361,14.971083311464486,7.4042122149362255,0.1407886275693506,0.3962259777811115,0.01649793571241214,0.36790396638679074,1.6497935712412144,0.0,1.1171273240252355,0.3776018733414414,1.6901702691619156,0.5325158846225548,2.3756081181902102,0.6806976042943687,0.6806976042943687,0.0,0.0,0.0,0.3193023957056314,0.0,0.0,0.0,0.0,1.0,0.5805847644318892,0.4114530422349011,,0.1914861261152433
B000296,1442.5354102763908,4.331938168998171,7.7616243179836895,5.469518145715641,0.0,0.12381103731256991,1.6715924558637836,60.488780364568996,1.0157046136911791,0.0,1.0815788818333123,0.8044905498332211,0.8745552383408569,0.555608885299601,2.1789932150964098,0.7614412586314594,0.5757298014387838,0.18571145719267554,0.0,0.0,0.23855874136854047,0.0,0.0,0.0,0.98,0.98,,,,0.19030060538549587
B000297,1988.3481784142366,6.583934365610055,11.42207332353637,9.040761540043427,0.0,0.43369107622196595,0.011821742016586662,0.5485288295696211,1.4594743230353904,0.0,1.3202617986751075,0.39335985108071386,2.594376126948683,0.8164622658701598,2.629617305519781,0.5288795607093744,0.4691341517734417,0.059745408935932776,0.20052778860786447,0.0,0.2705926506827611,0.0,1.0,1.0,1.0,1.0,0.15262285364022565,,,0.608845443987547
B000298,841.2149958946408,2.1242802926632343,10.433936661472615,1.8582719101203446,0.0,0.2971154577458991,0.352142808305313,7.869357239186507,0.9594687003827774,0.547764512744241,0.0,0.29292220016552334,0.12679353928245463,0.19733134008823802,2.880039663829051,0.5352001684693736,0.3973077250017164,0.13789244346765722,0.0,0.0,0.46479983153062643,0.0,0.0,0.0,0.0,0.6,1.1240959847330734,,,0.18837769891077183
B000299,3874.4491289249313,1.770771996766422,6.3649245169879896,8.00733381982384,0.0,0.43728968958515546,0.020801745873507603,0.08063137055501078,0.20029547978292234,0.0,0.9556451919516261,0.2543599946708026,0.0,0.36047133036107104,1.689519585960543,0.9497246878099439,0.9497246878099439,0.0,0.0,0.0,0.050275312190056105,0.0,0.0,0.0,0.0,1.0,0.4095014016923759,,,0.1914861261152433
B000300,2509.318276933118,4.410049695840278,7.916373969064215,6.333731363272843,0.21622427307077263,0.29461546525080606,1.3118313388165281,29.276794542135725,1.5068138564202613,0.3653292817085126,0.9939505301176803,0.7859747774446947,0.0,0.757981250149128,1.9981095988683502,0.8339552570949527,0.8339552570949527,0.0,0.08284017344591485,0.0,0.08320456945913242,0.0,0.0,0.2,0.0,,0.10438007464048142,,,0.19030060538549587
B000301,598.2016718765777,1.488063860389497,5.972396268227566,0.9029469904221373,0.0,0.24000000000000002,0.8172859215406035,29.58981021093828,0.6187571077296945,0.6058774305732542,0.0,0.0,0.0,0.26342932208654823,1.5749783949463776,0.9746523008711577,0.5674940822617313,0.4071582186094267,0.0,0.0,0.02534769912884211,0.0,0.3,0.3,0.3,1.0,0.7305701418028598,,,0.31989570700826886
B000302,362.25008710608057,1.0977275366850927,7.458508059952359,2.174705592251258,0.0,0.3949877199100998,0.40412322598462036,14.629260780643259,0.2222677742915412,0.3019096217850151,0.02256417032052679,0.25583805919906205,0.1221796180945388,0.1729682929944085,2.54482555575713,0.6362344938358625,0.6362344938358625,0.0,0.11130231684220628,0.0,0.252463189321931,0.0,0.0,0.0,0.0,1.0,0.6493238576083155,0.27106715415211835,,0.18837769891077183
B000303,21874.219441313937,5.029712449140938,15.628300917212957,4.149162752513027,0.0,0.3271283666446332,0.018583160121437993,0.3476824922634066,2.1660970842286327,0.7538690215547497,1.421613586374703,0.23588671595104807,0.0,0.4522460410318035,1.7482842044427152,0.972019629499652,0.539493390688322,0.43252623881133007,0.0,0.0,0.02798037050034788,0.0,0.0,0.0,0.0,1.0,,,,0.1914861261152433
B000304,3467.103072964734,1.4163002749038947,8.536346186922955,0.7365981740707951,0.0,0.2304556333675236,0.2781878358851215,9.995683973524741,0.7310535208058947,0.09382620328224876,0.04568899469549097,0.0,0.23704306162522912,0.3086884944950313,2.3669838959093186,0.7043420009527352,0.6058352079725484,0.09850679298018689,0.0,0.0,0.29565799904726475,0.0,0.0,0.0,0.0,0.6,,,,0.18837769891077183
B000305,1196.704096102914,2.535390034116343,10.239388061609572,2.870762324122167,0.0,0.06356280872968371,0.6795941468190929,24.49567059582626,0.37183426535552627,1.7508335875711334,0.08339667671801455,0.10414724674383688,0.0,0.22517825772783254,1.887956473824765,0.768859655539571,0.7359666191247298,0.03289303641484128,0.041077406372363214,0.0,0.19006293808806574,0.0,0.0,0.0,1.0,1.0,,,,0.18837769891077183
B000306,2279.184194894586,6.4934022646569405,19.646021716988706,3.7221424881441125,0.0,0.4214287381677284,0.05052565811309797,3.30332362598207,4.868263780092146,0.05948724367435306,0.03699031722676757,0.7073691058627526,0.24759372833220467,0.5736980894687156,1.5116066813313278,0.9931204886344832,0.8841838977639457,0.10893659087053714,0.0,0.0,0.006879511365516808,0.0,0.0,0.0,0.0,0.5,0.22627498572521745,,,0.18835914010109434
B000307,29223.52616144115,8.05277656694438,24.353208564210533,5.477727787689115,0.0,0.29569527647352645,0.024573665402818926,1.4966711441954132,5.460989035294813,0.6708665352994804,0.10064449646131673,1.2423212902480476,0.25658372231202586,0.32137148732869536,3.1157318302292776,0.3218501730556543,0.19418057418797663,0.12766959886767762,0.0,0.0,0.6781498269443457,0.0,0.0,0.0,0.0,0.5,0.10611133249590535,,,0.18835914010109434
B000308,19677.409329698523,16.063191289549813,20.140740844382314,16.86244247412491,0.0,0.22572023815440026,0.01926846104580071,0.5253117560459702,8.253250265432357,1.154029371191457,1.8728663372444068,1.937319683104637,2.057304135917069,0.7884214966598851,1.487569945002767,0.9971858319854039,0.797267058111515,0.19991877387388857,0.0,0.0,0.00281416801459623,0.0,0.0,0.0,0.0,1.0,0.17696344062237543,,,0.188624025984382
B000309,5735.124274401339,5.810662891997304,15.884560264641104,9.410107442568039,0.0,0.32805523711037704,0.00888328913090079,0.2893370414019849,2.1880022489903426,1.0603291734522986,0.0,1.6006940220342447,0.6218995045789149,0.3397379429415029,2.542639772045145,0.6140425788267468,0.3245353901808438,0.28950718864590325,0.0,0.0,0.3859574211732529,0.0,0.0,0.0,0.0,0.5,0.7119655122811703,,,0.18835914010109434
B000310,65769.98099530874,13.305680962028877,18.781269760414418,19.750072157224608,0.0,0.29822237309490235,0.015784543693866174,0.35199532437321573,5.166416230535082,0.9297102905605201,2.4696548752603285,2.212810847140008,1.7525484367806972,0.7745402817522404,1.3499252810428135,1.0,0.8336942804013696,0.1663057195986303,0.0,0.0,0.0,0.0,0.0,0.0,0.0,1.0,0.23450177109099188,,,0.188624025984382
B000311,3238.2584440955657,2.37235050849492,10.30396246889402,4.40402732745931,0.0,0.0,0.7495544469976796,27.133870981316,1.133989937122024,0.0,0.0,0.9888450638890934,0.0,0.2495155074838028,2.215266754533371,0.7531710180027251,0.7531710180027251,0.0,0.0,0.0,0.24682898199727488,0.0,0.0,0.0,0.0,0.6,,0.4172604134209946,,0.18837769891077183
B000312,17884.390895544188,4.85329467993058,7.540197745519836,5.24508706849943,0.0,0.43300000000000005,1.2202735157849354,57.209344177333804,2.098428823081485,0.7644832033600518,0.0,1.0654642918021833,0.0,0.9249183616868594,2.562581371683166,0.5452745030754926,0.5452745030754926,0.0,0.0,0.0,0.4547254969245073,0.0,,0.2857142857142858,,0.7,0.40513957984077914,0.24921504986752185,,0.19030060538549587
B000313,754.7382034652107,2.1876469665658282,9.032868608422824,3.490550912835533,0.0,0.24,0.8073142601913161,29.243998658977038,0.8472671466275105,0.0,0.0,0.7848906427568935,0.27659337257496897,0.2788958046064558,1.9792433970305363,0.6062785717742549,0.479844381613689,0.12643419016056584,0.35878304623758195,0.0,0.034938381988163555,0.0,0.5,0.5,1.0,0.5,,,,0.4049048318617571
B000314,25262.3566672291,15.291983454739166,21.879604071872002,13.737353876614296,0.0,0.5565888915303537,0.016967938115744083,0.35724055955545264,10.50477099127374,0.0,0.0,1.9628568441789156,1.6208914821353417,1.2034641371511687,1.3604248692371765,0.9550568019115218,0.9550568019115218,0.0,0.0,0.0,0.044943198088478055,0.0,0.0,0.0,0.0,1.0,0.1377172077063904,,,0.188624025984382
B000315,11450.946823939472,5.21683226603165,8.9744277244957,5.932409701567382,0.28574779837335523,0.3876380223972717,1.650186098605942,59.74697256986108,2.1582723713658614,0.5607867148102477,0.5606062740858551,0.0,1.2215162167115539,0.7156506890581328,2.8305120494445615,0.5369153573274023,0.08780963835249157,0.4491057189749107,0.0,0.0,0.4630846426725979,0.0,0.0,0.0,0.0,0.98,,,,0.19030060538549587
B000316,24007.076171811783,9.312287110865704,13.741152435014849,14.825031532590113,0.0,0.11087515993574536,1.9333533847681736,43.03904838353169,2.520809529663865,1.8807224388693102,1.7671682140981375,2.4507892775910673,0.0,0.6927976506433211,2.3866456831429805,0.7293028555012495,0.2763574682432003,0.4529453872580491,0.0,0.0,0.2706971444987505,0.0,0.0,0.0,0.0,0.98,,,,0.19030060538549587
B000317,1620.488026676158,2.64785625273882,5.5081906587369485,0.0,0.0,0.0,1.3642589684196176,64.12017151572202,1.7053237105245218,0.0,0.0,0.0,0.0,0.9425325422142979,3.1920525122971286,0.35596061577715404,0.35596061577715404,0.0,0.0,0.0,0.6440393842228458,0.0,0.0,0.0,0.0,1.0,,,,0.18835914010109434
B000318,1595.1508782275441,3.8717254325911266,12.42483401519343,5.565415683714751,0.0,0.3096827096699425,0.02192303335046217,0.0554711887852459,0.12290403350012721,0.0,1.6526124231050519,0.0,1.6381231480662664,0.4580858279196807,1.8865767858437021,1.0,0.573158672566548,0.4268413274334518,0.0,0.0,0.0,0.0,0.0,0.0,0.0,1.0,0.6084699014387698,,,0.1914861261152433
B000319,7899.797761249595,7.369214329523876,11.729716968258202,2.7103426407729967,0.0,0.453,0.012682768233354798,0.3490939758649908,5.570153490893156,0.0,0.0,0.0,1.2575989853186706,0.5414618533120499,3.404466271612042,0.23931424013503155,0.0686584647587814,0.17065577537625018,0.0,0.0,0.7606857598649686,0.0,0.0,0.0,0.0,1.0,0.20926108319917291,,,0.188624025984382
B000320,7929.426589303245,2.024879108606549,6.6360655484259174,0.5433408514575065,0.0,0.39347854265728627,0.01039213521653014,0.32092894080294027,1.3762658666878231,0.0,0.04538909647265796,0.0,0.20907408990214982,0.3941500555439181,2.404578827654325,0.7243450854531449,0.7019293786192228,0.022415706833922126,0.0,0.0,0.27565491454685515,0.0,0.0,0.0,0.0,0.5,,0.11105135307576497,,0.18835914010109434
B000321,2993.974878465366,2.5699355179960226,14.903581990486849,3.7016429410948932,0.06233701102845294,0.41129309190653285,0.7300701092645581,34.29221396792305,0.870160731459175,0.5817251739382907,0.0,0.71043421479442,0.1756004558053466,0.2320149419987902,1.724386767324994,0.9727707229787246,0.6963302403986791,0.2764404825800456,0.0,0.0,0.027229277021275387,0.0,0.0,0.0,0.0,1.0,1.1905648814332106,0.2788999353213879,0.9179614845410471,0.18837769891077183
B000322,3301.155887008809,5.4836476528385525,12.929979347106963,4.9831470566848255,0.0,0.06520596403198474,1.1518512408903019,41.66678718254939,1.4364100265994157,3.10938942021399,0.04050257497205707,0.1775569589334567,0.0,0.7197886721196342,2.1023078111043785,0.7380557399861618,0.7056763877421229,0.03237935224403891,0.0,0.0,0.26194426001383825,0.0,0.0,0.0,0.0,1.0,0.6512735193291403,,,0.18835914010109434
B000323,28788.52769656541,7.8829484382709225,17.363162836749463,6.719925169355848,0.0,0.36968451659145535,0.07941033285564746,4.917600867711581,5.5399725853427935,0.5495211382165034,0.0,1.1800280336645346,0.20159444252773656,0.4118322385193541,1.541323131758478,0.9839990912595181,0.9142889894467708,0.06971010181274731,0.0,0.0,0.01600090874048183,0.0,0.0,0.0,0.0,1.0,0.17113653731332124,,,0.18835914010109434
B000324,15735.608020416203,6.207340441978778,17.866551523539812,7.647579490414129,0.0,0.3172340864890348,0.009710071397471485,0.09962283181169736,2.038245059476398,0.0,1.3265531839865454,1.0136098502838509,1.5167470081283625,0.3121853401036237,1.7049750402854034,0.9669819136065262,0.7532747395943875,0.21370717401213882,0.0,0.0,0.03301808639347395,0.0,0.0,0.0,0.0,1.0,,,,0.1914861261152433
B000325,9274.370613090736,2.7825894428715077,4.221191961669267,1.7983448067732946,0.0,0.453,1.7301179910082365,62.64100287762542,1.0519795170790747,0.0,0.0,0.0,0.8344319903428086,0.896177935449625,2.8374103396264263,0.621942245280181,0.3220661739177769,0.29987607136240413,0.0,0.0,0.3780577547198191,0.0,0.0,0.0,0.98,0.98,0.45474478950709585,0.2538432258572703,,0.19030060538549587
B000326,1937.42329242449,5.058546455416423,10.05202752973489,7.901888352086072,0.11054950660437218,0.42345860079630915,2.770058708198134,100.27220415783569,1.8767332229446498,0.543244394628116,0.0,0.8536979141963684,1.0874257415926136,0.6974451820546756,1.93637056586598,0.769138827785817,0.4929839439399422,0.2761548838458749,0.2149680251385763,0.0,0.01589314707560676,0.0,0.0,0.0,0.0,0.98,0.39599950668630285,0.3311176155274916,,0.19030060538549587
B000327,6975.288918715848,5.620700176241618,12.018948987175483,9.306394430008954,0.0,0.19235165324360085,0.6202938961323219,13.879391359730375,1.4481575041304942,0.0,1.622099552647869,0.4594831931230991,1.5162697863043997,0.5746901400357554,2.096883102552524,0.8807817096617664,0.32242256568572253,0.5583591439760438,0.0,0.0,0.11921829033823353,0.0,0.28,0.28,0.28,0.7,0.6236802788332061,,,0.3131956702029707
B000328,4387.122802278066,5.6535087658222505,15.868705389790312,8.417924154558163,0.0,0.4326146528400505,0.01072975044314722,0.13034348150208783,2.099289315543732,0.5509015547824856,1.6314227403156811,0.5197573277908699,0.32050160244349696,0.5316362249459856,2.340957377824603,0.5996551299931152,0.5996551299931152,0.0,0.0,0.0,0.4003448700068851,0.0,0.0,0.0,0.0,1.0,0.1145149177287115,,,0.1914861261152433
B000329,1749.3100535340382,3.786385397259823,7.385183064330264,5.581312236377183,0.0,0.365,1.3986841107077916,50.63236480762207,1.7483551383847398,0.6030481356999027,0.0,0.8965359073535231,0.0,0.5384462158216581,2.738055350137631,0.5382521970293859,0.5382521970293859,0.0,0.0,0.0,0.46174780297061424,0.0,0.0,0.0,0.0,1.0,0.820205592553012,,,0.18835914010109434
B000330,9394.45707769708,3.506702903209063,15.135571736241504,6.040672279669798,0.0,0.5155790792157143,0.4193722486039302,15.032832073202353,1.2464765909449635,0.0819398460327749,0.0,1.5145280449845013,0.2082796259077261,0.4554787953390979,2.2572963249455147,0.8492002401200303,0.766438888516815,0.08276135160321528,0.0,0.0,0.15079975987997,0.0,0.0,0.0,0.0,0.6,,,,0.18837769891077183
B000331,2177.7912257837115,6.222260645096319,9.895959364285442,9.903430341353216,0.0,0.3525521944618213,1.7679409275982483,63.882072854750525,1.0726926695899217,0.0,1.590634863766802,1.6349267934899152,1.1886183870693279,0.7353879311803512,2.646458110528946,0.812913110966881,0.10349569885560882,0.7094174121112722,0.0,0.0,0.18708688903311896,0.0,0.0,0.0,0.98,0.98,0.2921718057738329,,,0.19030060538549587
B000332,2651.270291473898,7.961772647068763,11.431632989250627,11.108660865841317,0.0,0.591170122417893,0.016967716489443868,0.5664564975422663,4.10157803290257,1.136501021473811,0.0,1.3347550260307566,0.41730116534285877,0.9716374013187669,2.6142471042701043,0.5816759129085917,0.27128573259938704,0.31039018030920473,0.0,0.0,0.4183240870914084,0.0,0.5,0.5,0.5,0.5,0.25830567676706817,,,0.40513160691334116
B000333,16812.801030371065,5.789532035251744,10.571210769702763,8.163419095224244,0.23997204464162264,0.2708006020121549,1.5297108445530456,55.32551376087987,1.9987055408475853,0.6017945780417929,0.7778596385906428,0.9194614162647167,0.7733033798681681,0.7184074816388382,2.5296462176315972,0.5215360495103376,0.5215360495103376,0.0,0.10394528856175943,0.0,0.3745186619279029,0.0,0.0,0.0,0.0,,,0.3635680185077968,0.6041154262667844,0.19030060538549587
B000334,1260.7728820740122,1.479780378021141,10.344627581515763,1.3728346471140656,0.006574632599061236,0.36499999999999994,0.49445181430211305,17.88282865450815,0.6569832140643341,0.5104469450173865,0.03793032814840135,0.0,0.1717137540625472,0.10270613672847215,1.7751603279958637,0.6387011489804325,0.6387011489804325,0.0,0.34494777238497343,0.0,0.016351078634594254,0.0,0.0,0.0,0.0,0.9,,0.3796250931119688,,0.18837769891077183
B000335,2587.9218777812225,7.6115349346506544,12.859836757053403,8.378796444946838,0.0,0.15623532394038167,1.002340151564774,47.09384769600723,1.5665094359590068,0.0,3.8264893193033926,0.4181227137042432,0.9943963128809997,0.8060171528030118,1.8148772066486745,0.9641349882592836,0.4614125607652272,0.5027224274940566,0.0,0.0,0.03586501174071631,0.0,0.2,0.2,0.2,0.98,0.36166792770693973,0.30331597303473773,0.47205972879563624,0.2785184786737387
B000336,5886.1137627887065,16.914120008013523,25.898623707113757,17.148189250067958,0.0,0.03651096588640619,0.01604674144608236,0.3578423342476366,3.6654993150949555,0.8346735154511674,0.8149585413440055,0.0,10.255144079234837,1.343844556888557,2.362170715575871,0.7777389543217483,0.17143226651439078,0.6063066878073576,0.0,0.0,0.22226104567825153,0.0,0.0,0.0,0.0,1.0,0.1595754562460465,,,0.188624025984382
B000337,1760.492844422838,1.606289091626677,10.135826578302558,2.6044346289893343,0.06634759771403317,0.25682959108468423,0.2924462310931682,10.588424985251741,0.38771491819001375,0.592909595698067,0.04768451938729226,0.38641930773977357,0.0,0.19156075061153072,2.295449538213311,0.7725267451521769,0.4034091318976216,0.36911761325455544,0.0,0.0,0.22747325484782313,0.0,0.3,0.3,0.3,1.0,,,,0.31989570700826886
B000338,2041.433633639644,4.390179857289557,12.279355442779305,7.889795149861582,0.0,0.33936132801169966,0.01380405399369535,0.4051425349265027,1.763299291012864,0.5208139585248839,0.06267841699884036,1.7374362161945347,0.0,0.30595197455843465,2.399670227992344,0.6196575609029895,0.605380602091207,0.014276958811782542,0.0,0.0,0.38034243909701043,0.0,0.0,0.0,0.0,0.5,0.7868318808925874,,,0.18835914010109434
B000339,6428.528553646539,5.110118087159411,18.642185137101354,6.600631152250274,0.0,0.13769350194079522,0.013122656159770254,0.29694174978471877,1.1584614223398095,0.0,0.7575955974109264,0.4086913336041087,2.4663549634870288,0.31901477031753667,2.0620409410857836,0.7713258687031902,0.5430949528764788,0.2282309158267114,0.0,0.0,0.22867413129680966,0.0,0.0,0.0,0.0,1.0,0.7845821463248757,0.4069616851755659,,0.1914861261152433
B000340,3232.2817950773738,5.290150237442511,7.668361474415055,3.5480184897007137,0.0,0.10304683872840326,1.415642609732252,51.11484542579781,2.235487253097442,1.8804436136642901,0.0,0.4468103315063081,0.0,0.7274090391744685,2.7635930286378865,0.663183313995196,0.2232612246944402,0.43992208930075577,0.0,0.0,0.3368166860048037,0.0,0.0,0.28,0.0,0.7,0.2351903204350239,,,0.19030060538549587
B000341,1282.3855598994887,4.045380315140343,13.775483548693378,3.690659784141386,0.0,0.38012394870545946,0.009473206819406988,0.18000292818965682,1.7180697908671958,0.39072144485259613,0.0,0.09338176707476008,1.421881298779264,0.4213260135665286,2.737598145505218,0.5490966303514914,0.5490966303514914,0.0,0.0,0.0,0.45090336964850913,0.0,0.0,0.0,0.0,1.0,,,,0.1914861261152433
B000342,3713.8793559377964,5.115536302944623,14.78848113028209,4.849617732155057,0.0,0.04415179117983655,0.010393105985267851,0.21403372610230167,2.121056644633116,0.0,0.0,0.8053375189220393,1.8009979778796865,0.38814416150978004,2.89259788250782,0.42793990888684424,0.42793990888684424,0.0,0.15742973389876405,0.0,0.41463035721439134,0.0,0.0,0.0,0.0,1.0,,,,0.1914861261152433
B000343,30856.487661255323,17.000819648074557,30.865333647963947,4.777353145416868,0.2821389568585611,0.46296278646961436,0.11750677441700157,7.4772805271150276,14.767937749083883,0.0,0.0,0.8470637175627942,0.20876189314036592,1.1770562882875155,1.7377273932320578,0.9795715500970187,0.917467155570209,0.06210439452680968,0.0,0.0,0.020428449902981337,0.0,0.0,0.0,0.0,1.0,0.13036732284417965,0.2480770911452411,0.6668218574993598,0.18835914010109434
B000344,1792.6585676869513,4.755062513758491,16.146796692254757,7.830680506640224,0.10555991593495635,0.4589423923951084,0.009435158438142941,0.2156239756581303,1.7293918623397218,0.2693222297973759,0.0,0.9554185744650588,1.0698430908408947,0.7310867563154403,2.4495306023592294,0.6327762224064598,0.5761371710757763,0.05663905133068346,0.0,0.0,0.3672237775935402,0.0,0.0,0.0,0.0,1.0,0.25555137782853266,,,0.1914861261152433
B000345,13106.26925274075,3.19977276678241,7.164088409232086,3.1686704625439255,0.0,0.06032617218782691,0.013898553561944372,0.3099377444313595,0.5559421424777748,0.0,0.0,0.3818010841336094,1.809368480146679,0.452661060024347,2.4184683035130994,0.7649514933718565,0.7649514933718565,0.0,0.0,0.0,0.23504850662814342,0.0,0.0,0.0,0.0,1.0,0.7438317516097637,,,0.1914861261152433
B000346,1722.8020160577437,4.533689515941431,11.142704612904872,13.278449798514224,0.0,0.45299999999999996,0.026231360706173306,0.757161544689283,1.9776690700329942,0.9572822854608714,0.8871876508723816,0.3456512972845291,0.0,0.365899212290654,2.733669407272845,0.5637837432230233,0.15694733992551055,0.4068364032975127,0.0,0.0,0.4362162567769767,0.0,0.0,0.0,0.0,1.0,0.45069582693963645,,,0.1914861261152433
B000347,19986.514296348945,9.467794550615322,18.5364238875208,11.460528354095256,0.0,0.42169556254263224,0.03054482484617258,1.0472126122126661,4.674974275525649,0.0,0.9706379032017799,1.333636189720685,2.004252963098158,0.48429321906905487,2.8288867843267425,0.26284328085736497,0.26284328085736497,0.0,0.24338023819630805,0.0,0.49377648094632737,0.0,0.0,0.0,0.0,1.0,0.1368090532346343,0.26998870767242694,,0.188624025984382
B000348,23971.281955660914,6.74108041497776,13.178713563404164,2.035425168213343,0.0,0.3134363967908142,1.0482473086490338,23.47069995692013,1.808588772844641,0.0,0.5633922975894686,0.6313794021888665,0.0,3.7377199423547838,2.570287559075968,0.7311442480626574,0.7311442480626574,0.0,0.0,0.0,0.26885575193734246,0.0,0.28,0.28,0.28,0.7,,,,0.3131956702029707
B000349,8465.464058980191,4.5391228198285205,8.28321649915205,3.4716208465409046,0.0,0.24000000000000002,0.013475924659506035,0.6127712731065298,1.4819713654502704,0.0,0.0,0.26292414973625744,2.06653343829269,0.7276938663493023,2.484444962652475,0.6155875078849603,0.16031596747514165,0.45527154040981854,0.0579239998943651,0.0,0.3264884922206746,0.0,1.0,1.0,1.0,1.0,0.2960414312807606,,,0.608845443987547
B000350,3234.8134652582976,5.175701544413276,13.281251870465544,6.472784555767419,0.0,0.5856878184374613,0.013965247762584178,0.2617171869468437,2.4808130811036606,0.0,1.495309092520697,0.31428262094530385,0.3502267728092799,0.5350699770343335,2.555125930661263,0.5206808082314008,0.5206808082314008,0.0,0.0,0.0,0.47931919176859894,0.0,0.0,0.0,0.0,1.0,0.12285169424875089,,,0.1914861261152433
B000351,10488.38569588099,3.2262029209107936,5.7380719980528925,0.427938503273202,0.0,0.365,1.6004676316263762,74.90391618874331,1.9908184348382891,0.0,0.0,0.22595152972825064,0.0,1.009432956344254,3.2630249961407305,0.2502039781226756,0.2502039781226756,0.0,0.07003636636236817,0.0,0.6797596555149563,0.0,0.0,0.0,0.0,1.0,0.5604733782185531,0.33292071167800813,,0.18835914010109434
B000352,2051.6033680216597,2.4867919612383753,10.976555019227867,3.2095761876053435,0.02138784094889656,0.21807481463911008,0.6116511140772324,28.669469396699785,0.7621648209639521,0.9215510022444927,0.08362645213526163,0.46905751303653337,0.0,0.25039217285813636,2.7083519612227347,0.5048953216869178,0.5048953216869178,0.0,0.18861952280196032,0.0,0.30648515551112226,0.0,0.0,0.0,0.0,1.0,1.1889019861704333,,,0.18837769891077183
B000353,7166.888950390616,4.668983029570434,8.28585656891102,5.142560364247284,0.021091167090844555,0.4247840821718709,2.5548619799766557,92.46376267284565,1.9601804495383193,0.8231186170041681,0.7255341276504712,0.287768036005705,0.26657518523202994,0.6058066141397412,1.650330093112085,0.8824089345075111,0.8824089345075111,0.0,0.06163398628419964,0.0,0.05595707920828949,0.0,0.0,0.2,0.0,0.98,0.30875223441067645,,,0.19030060538549587
B000354,21552.45684992454,6.923371940226322,11.23696748256097,9.842458292724254,0.0,0.1538820876465357,0.019964274897677135,0.5997941479204317,2.849710789502264,0.36892683125552816,0.0,1.170382590070831,1.9832681045295268,0.5510836248681705,1.4527275495033514,0.9948621736345612,0.708402321173609,0.28645985246095196,0.0,0.0,0.005137826365438753,0.0,0.0,0.0,0.0,1.0,0.18823977261868285,0.2538145885080699,,0.188624025984382
B000355,10893.637208377873,4.683420983825397,10.825729869393438,1.103406209316003,0.0,0.43585290716752767,0.022397154238056542,1.4372002968706374,3.7126770376947755,0.27608013052416314,0.07303163921144859,0.0,0.17422083660885454,0.4474113397861548,1.8598074926072687,0.8935741815880544,0.8935741815880544,0.0,0.05894839081893983,0.0,0.04747742759300591,0.0,0.0,0.0,0.0,0.5,0.1330324644188756,0.2419629438555239,,0.18835914010109434
B000356,21700.147532943156,11.179880233355567,25.577311786058004,4.339502269162203,0.0,0.5600156248391859,0.1287780473835588,7.787408781209489,9.02601798205472,0.10485071078449965,0.0,1.2357860528430225,0.16652463756359664,0.6467008501097343,1.5047092606788082,0.8972405395547596,0.8972405395547596,0.0,0.08534027043745802,0.0,0.01741919000778246,0.0,0.0,0.0,0.0,1.0,0.13306121680863486,0.36755766939558165,0.4408081899829977,0.18835914010109434
B000357,3050.6142367046486,2.2170161603958203,10.180305519243337,3.6594466321852632,0.37489634045274167,0.3314913317451103,0.49366951415874677,23.103027611361615,1.0349223585461533,0.34814743614838356,0.0,0.4687555397170286,0.1495944013606567,0.21559642462359782,2.00313297984706,1.0,0.6315304369637231,0.36846956303627687,0.0,0.0,0.0,0.0,0.0,0.0,0.0,0.6,,0.2970108669507841,,0.18837769891077183
B000358,12724.093204002153,5.116241738641798,9.125910206885516,10.904526540614683,0.043731791047665294,0.6072139097456375,4.7980440072487225,173.60838464514455,1.385979731199344,0.18547200184771143,0.07110541023752158,1.9962664258882101,0.2085045554590834,1.2689136140099284,1.6735509135700353,1.0,1.0,0.0,0.0,0.0,0.0,0.0,0.0,0.0,0.0,1.0,0.8479793055149903,,,0.18835914010109434
B000359,1095429.5848520536,1182.9693140950903,3040.79277826989,3464.51881017057,0.0,0.4033846428853378,0.020576163615406776,0.3953552689222702,1.6610318537249316,1.6264803893991104,0.0,1177.9708009632157,1.3183960121254656,0.39260487662485544,2.003537965188264,0.9971591556326789,0.0013845510612137755,0.9957746045714649,0.0013749134233826538,0.0,0.0014659309439383884,0.0,0.0,0.0,0.0,1.0,1.1314865287688145,,,0.1914861261152433
B000360,1479.565377381764,3.51440707216571,7.535991160547489,0.16868342980329773,0.0,0.021,0.01202729637243504,0.26820870910530137,2.9623882690726693,0.0,0.11740366714309522,0.0,0.0,0.4346151359499462,3.508565650875082,0.11022416335692417,0.11022416335692417,0.0,0.0,0.0,0.8897758366430759,0.0,0.0,0.0,0.0,0.5,0.5824129675795283,0.1770601323791279,,0.18835914010109434
B000361,22352.629166403487,6.712501251172219,13.678787432905937,10.637582492265741,0.24565257028393445,0.365,0.015070144492013979,0.34372462979966917,2.8174761833659834,0.0,0.0,0.9207215898333394,2.4210994149390745,0.5532040630338195,2.6813090419727157,0.5802643339732766,0.5802643339732766,0.0,0.0,0.0,0.41973566602672313,0.0,0.0,0.0,0.0,1.0,0.2548500289220762,,,0.188624025984382
B000362,4820.370221032443,4.954131779067259,18.723553008667448,5.172694364567793,0.0,0.3253047547959944,0.007935634262428794,0.2672011756250934,1.5461827436998532,0.0,1.4156660749865293,0.13482338273143296,1.3665583203339584,0.4909012573154849,2.439801390493493,0.6879003602138816,0.4021457339505761,0.2857546262633055,0.0,0.0,0.3120996397861184,0.0,0.0,0.0,0.0,1.0,0.0937098571967759,0.22488124522761962,0.35959470860438597,0.1914861261152433
B000363,3219.7946222777,3.984894334502104,6.898934513608488,2.8827362438791546,0.0,0.40185048714578053,1.1692450914693013,42.283184845443394,1.9999984203318144,0.6972382069584125,0.0,0.0,0.7436116442982117,0.5440460629136663,2.9593907079240496,0.33313871158933517,0.33313871158933517,0.0,0.17497031249274758,0.0,0.49189097591791753,0.0,0.28,0.28,0.28,0.7,0.609265170012049,,,0.3131956702029707
B000364,16811.33211241778,4.731587985482065,9.692870811920475,7.417416356214111,0.0,0.4064412524486946,0.9392214139198193,33.95278982757718,1.6502934748751086,0.0,0.6663412669351555,0.8454478505283096,0.9373354057878674,0.632169987355625,2.529873625595393,0.642537466901955,0.4638558375795377,0.1786816293224173,0.0,0.0,0.3574625330980452,0.0,,1.0,,0.7,0.21878883440841393,,,0.19030060538549587
B000365,25744.349073673093,7.090153972369345,21.18073996430956,11.888990231929734,0.0,0.19957895916133986,0.015374889539683904,0.260644932551417,0.40958620199076895,1.7506996700652893,1.7590898526528558,1.3436546831272915,1.4845099759008051,0.34261358863233476,2.027259145205273,0.9353816037745581,0.2883921971188362,0.6469894066557219,0.0,0.0,0.06461839622544198,0.0,0.0,0.0,0.0,1.0,,,,0.1914861261152433
B000366,3246.3235341603213,6.1952739201532845,9.88025837290073,7.152026112592881,0.0,0.4464571122779271,1.7611859610128957,63.76585610068781,2.3034486860013597,1.0957056088271968,1.2572122104809431,0.513545646357834,0.3148021305819812,0.7105596379039706,2.7993287368429387,0.4107288260894972,0.23386729858498187,0.17686152750451534,0.20293085127216406,0.0,0.38634032263833873,0.0,0.0,0.0,0.0,0.98,,,,0.19030060538549587
B000367,1926.9683199776769,4.76972356430118,8.338542115957656,3.523742086774914,0.2665254964568728,0.16089459377855939,1.615761881966569,58.48657908180661,2.1225445676243293,0.2607444844480179,0.0,0.0,1.455155545896463,0.9312789663323698,2.6253433796597005,0.5766332117583478,0.27155147562011106,0.3050817361382368,0.0,0.0,0.42336678824165214,0.0,0.0,0.0,0.0,0.92,,,,0.19030060538549587
B000368,3819.918230791169,7.262201959679029,10.736542625650772,9.732919686166042,0.0,0.021,1.4948901371279475,33.27203341090588,1.893611403841582,2.0996829849266327,0.0,1.5584007040563792,0.9698821747510027,0.7406246921034316,2.0468148750713264,0.9718111910772581,0.7572205321133676,0.21459065896389043,0.0,0.0,0.028188808922741785,0.0,0.2,0.2,0.2,0.98,,,,0.2785184786737387
B000369,10791.175487673216,2.1712626735761,8.731551680974153,2.738719991395737,0.0,0.3886326563292476,0.3281450029669612,15.068550668149884,0.704629430301837,0.46055509989887333,0.09796445754039469,0.44036461496305224,0.09164300887578324,0.37610606199616053,2.258076250023388,0.5138644169590469,0.5138644169590469,0.0,0.4571361797064121,0.0,0.028999403334541644,0.0,0.0,0.3,0.0,1.0,,0.2727004214535477,,0.18837769891077183
B000370,2215.5091424481275,1.9816718626548546,8.125284511143295,4.60661518529006,0.0,0.4507420577531231,0.3985261716637565,14.314715468476304,0.45561942272016165,0.0,0.048291735163121345,0.8703425283375773,0.20822840602407483,0.3991897704099195,1.7817509185929894,0.9929889128507455,0.9686197243522903,0.024369188498455385,0.0,0.0,0.007011087149254402,0.0,0.5,0.5,1.0,0.5,,,,0.4049048318617571
B000371,11700.937398053748,7.0402752094186205,12.305803570732431,6.853294324951858,0.0,0.3277128444127167,1.2203480945066756,44.15143457544867,2.09258767180573,0.0,1.4193227266686683,0.10830439506047913,2.460155695319984,0.959904720563759,2.357058771068773,0.6887977289799364,0.13775699454975254,0.5510407344301838,0.015383545648270588,0.0,0.29581872537179316,0.0,,0.2857142857142857,,0.7,,0.4733240151492767,0.487777033636831,0.19030060538549587
B000372,8158.199879154224,1.8549795086753578,9.414586934399585,4.180144592377424,0.0,0.1638716713839785,0.2891908582227636,10.479921106122674,0.31949395691289073,0.4136553828822314,0.0,0.7342869882693555,0.15018380537736498,0.23735937523351502,2.3240904795869146,0.677073502784441,0.677073502784441,0.0,0.22299727891744905,0.0,0.0999292182981099,0.0,0.5,0.5,1.0,0.5,0.6966207803227519,,,0.4049048318617571
B000373,2409.4301534210413,3.234134434122203,13.138259780543963,4.583999185605873,0.0,0.36251622737160205,0.4212251115667552,15.254709157911499,1.19975867996984,0.8497641963353069,0.0,0.7284691415961023,0.20292352878968295,0.2532188874312713,1.7908198501609762,0.8395880083111359,0.8395880083111359,0.0,0.0,0.0,0.1604119916888643,0.0,0.0,0.0,0.0,0.6,,,,0.18837769891077183
B000374,1955.2390905218995,4.056512635937551,9.441784000488882,2.3966563383963204,0.0,0.021,0.019994168349040733,0.44586995418360836,1.9994168349040733,0.0,1.668072811523839,0.0,0.0,0.38902298950963843,2.579312180494246,0.507109427642159,0.507109427642159,0.0,0.0,0.0,0.4928905723578409,0.0,0.0,0.0,0.0,1.0,1.0797960077066844,,,0.1914861261152433
B000375,20168.57308526277,11.753247718684598,31.489282539847828,3.2581147076795793,0.0,0.25715560726566683,0.05172582735270948,3.4449401016904515,10.345165470541897,0.7871476600382883,0.05447763087116838,0.0,0.0,0.5664569572332447,3.463527043537593,0.11886832793007673,0.051895549096620426,0.06697277883345629,0.0,0.0,0.8811316720699233,0.0,0.0,0.0,0.0,1.0,0.2153616109386118,,,0.18835914010109434
B000376,6927.0499286562135,5.3907003335846015,9.238485136377475,3.008941673954037,0.0,0.0471351955811941,0.02021493475856068,0.7487131746761909,1.9565176640903421,1.9351160263444767,0.0,0.12070214937950756,0.0,1.3783644937702755,2.1205140811351177,0.9613497651839151,0.6023767363385699,0.3589730288453451,0.022390810453239464,0.0,0.01625942436284555,0.0,1.0,1.0,1.0,1.0,0.17190407734677812,0.3666842262191387,,0.608845443987547
B000377,3697.2170840019458,12.202036580864508,29.430494887513134,2.6870012998270068,0.0,0.433,0.053639709539633845,3.572404655339614,10.727941907926768,0.5266563059756324,0.0,0.5382824913181161,0.0,0.4091558756439899,3.418314816454787,0.12080726550594392,0.0766931139255215,0.044114151580422416,0.0,0.0,0.879192734494056,0.0,0.0,0.0,0.0,1.0,0.07288199094919086,,,0.18835914010109434
B000378,3770.6007684913093,3.4624433135824697,9.287729141644567,4.283552136169358,0.0,0.17007652886627178,0.010375335610227352,0.21127657080235623,0.261728896850886,1.313705833033789,0.0,0.6388278189258,0.6858790898761893,0.5623016748958044,2.40627029893933,0.7861613751000601,0.22224350695758607,0.5639178681424738,0.1980910668445093,0.0,0.015747558055430582,0.0,0.0,0.0,0.0,1.0,0.880298683882029,,,0.1914861261152433
B000379,6238.54881237199,10.177077997344192,15.373280448640488,15.454971397788354,0.26076345042898946,0.3793470462713622,0.01090062987958147,0.4018834462245995,3.660659287919151,1.2944028494662463,0.972624444662793,3.4658880839424633,0.0,0.7835033313535377,2.4584615896637487,0.6115746684541606,0.48438660427660063,0.12718806417755993,0.0,0.0,0.3884253315458392,0.0,0.5,0.5,0.5,0.5,0.32091344172296243,,,0.40513160691334116
B000380,5892.274657575107,6.2286201454282315,12.049915714633505,5.347943439801427,0.0,0.15444620908677809,0.035991460232965365,1.2413848206522766,3.204063415775685,0.6215468601342706,0.10611324728391713,1.6358545118740213,0.0,0.6610421103603377,2.889868749340594,0.4453420613979582,0.18270692332893848,0.2626351380690197,0.017036397276819586,0.0,0.5376215413252223,0.0,,0.0,,0.5,0.45859905215597596,0.25988312527311114,,0.18835914010109434
B000381,45960.91150588231,14.362784845588221,22.59165323495166,20.774449516741026,0.0,0.4084126134157402,0.013251958912717491,0.21993145551281715,5.633486368559561,1.300475157338188,1.6426961343840927,2.75530322506715,2.2041134172739563,0.8267105429652739,2.84315082646985,0.3880439957639814,0.18312751728409055,0.20491647847989083,0.19183628068573966,0.0,0.420119723550279,0.0,0.0,0.0,0.0,1.0,0.23650122056624376,,,0.188624025984382
B000382,3437.2681369954125,3.3018906215133645,11.131532451069033,6.813503501154774,0.18452391095978357,0.24146354249922036,0.009054022768605592,0.2019047077399047,0.36216091074422363,0.3574747486391231,0.782685123792995,0.7052152472889603,0.6085564963661183,0.4857980946819447,2.377295926496396,0.6630274754216805,0.37045835192888654,0.29256912349279385,0.21357922721429734,0.0,0.12339329736402241,0.0,0.0,0.0,0.0,1.0,1.01275147052868,,,0.1914861261152433
B000383,2295.289085476469,1.5829579899837718,11.67261941364413,1.7263954572735478,0.027980554938600046,0.36425915800994996,0.29840695052194816,10.73209972635698,0.5489016868153122,0.6156098858959659,0.05674499528281309,0.09227464369244999,0.11872339777272986,0.15070338052450166,2.0654152378704675,0.7603848639259868,0.7245374215795258,0.03584744234646103,0.0,0.0,0.23961513607401363,0.0,0.0,0.0,0.0,0.6,0.9818163446492315,0.34228418149496564,,0.18837769891077183
B000384,24391.644385550473,11.642789682840322,23.088946983303916,23.455473327517304,0.0,0.29107778880734025,1.1316249566354113,40.97955224080837,1.5830572029795915,0.2762583209246968,2.432061771347879,4.434104725189009,2.0207110492626192,0.896596613136526,2.510232401407083,0.858092112553006,0.07106974795345862,0.7870223645995473,0.0,0.0,0.14190788744699404,0.0,0.19999999999999998,0.19999999999999998,0.19999999999999998,0.98,0.25980274099266853,,,0.2785184786737387
B000385,13173.956944422538,14.335100048337909,32.565238298808865,2.2590715128697365,0.0,0.11115312331781724,0.069757088117582,3.160259293175506,12.152133023979959,1.0273630060774326,0.07012450554311832,0.4239678875679123,0.0,0.6615116251694855,3.4619061741827006,0.07396914261578852,0.07396914261578852,0.0,0.0765594595028864,0.0,0.8494713978813251,0.0,0.0,0.0,0.0,1.0,,,,0.18835914010109434
B000386,18641.592152473022,9.868497698503452,26.98614555179351,7.23152105425325,0.0,0.3245865999390969,0.02808076361243801,1.2713267338276724,6.4657562168408855,0.5837839428153797,0.11875514496126605,2.0457075844857133,0.130739615583954,0.523755193816253,1.7469838199960939,0.9903394743802406,0.9311831609624535,0.05915631341778698,0.0,0.0,0.009660525619759221,0.0,0.0,0.0,0.0,0.5,0.09121374604353788,0.13998873823304436,,0.18835914010109434
B000387,3492.6561026502736,4.700748455787717,8.570136062997035,3.18133319985677,0.3858958253263194,0.3966082619717146,0.014049432799596638,0.31330235143100504,3.2092612994002474,0.530206542329307,0.42819928030137655,0.0,0.0,0.5330813337567858,3.100461262857829,0.3172871661641671,0.3172871661641671,0.0,0.0,0.0,0.6827128338358328,0.0,0.0,0.0,0.0,1.0,,,,0.188624025984382
B000388,8834.479315874383,9.398382250930196,14.368478934637588,12.084388015134266,0.0,0.23999999999999994,0.04166316767131603,0.6198635906998603,3.8409947772069355,0.0,0.9629780952780326,1.4830620780708874,2.2182613629683363,0.8930859374060032,2.3691165229012126,0.6645959152703775,0.2707703246297235,0.3938255906406541,0.0,0.0,0.3354040847296224,0.0,0.5,0.5,0.5,0.5,0.18240496863443748,,,0.40513160691334116
B000389,16478.752878741958,4.544609177810799,8.46905390101633,5.596938647132953,0.0,0.277176732964663,0.7866132236151677,36.55305749547471,1.5679108893036948,0.9536521550888485,0.5400796366911619,0.8512296723762648,0.0,0.6317368243508299,1.892898899808224,0.8801038915245138,0.8031641666134168,0.07693972491109692,0.0,0.0,0.1198961084754864,0.0,0.28,0.28,0.28,0.7,,,,0.3131956702029707
B000390,16980.138359756973,4.53893032872413,8.299373461516655,3.2552330800551412,0.0,0.45660225709412894,1.0940165905925703,51.3362955983893,1.8830771910020503,0.4272670858668529,0.7004792609902682,0.24082051846021987,0.0,1.2872862724047383,2.7458620674637393,0.4909936682111774,0.43793700044604045,0.053056667765136914,0.09413387184265405,0.0,0.4148724599461683,0.0,0.0,0.28,0.0,0.7,0.48145296484828765,,,0.19030060538549587
B000391,2874.848295393068,1.3735538917310406,10.345097442714316,2.6439703990762724,0.0,0.40319765794900314,0.19063279150896306,6.872947015768164,0.2645259714625125,0.16945435656237387,0.04077149598957321,0.5894792112530441,0.1511384227431103,0.15818443372042632,1.9209818131777405,0.9246742292895719,0.771621732538238,0.15305249675133387,0.0,0.0,0.07532577071042812,0.0,0.5,0.5,1.0,0.5,0.5243013045365773,,,0.4049048318617571
B000392,11282.369126914089,8.84891696228556,14.856502808840538,10.686184363330385,0.0,0.41985469295688344,0.00854560264391803,0.19056693895937205,5.643322500700585,0.5401011882804913,0.0,2.070250378846313,0.0,0.5952428944581687,3.0983077835256134,0.3622583956033654,0.12830316835128436,0.2339552272520811,0.0,0.0,0.6377416043966344,0.0,0.0,0.0,0.0,1.0,0.16166749305717495,,,0.188624025984382
B000393,7319.620170271492,6.326378712421341,21.837263983720362,11.134376692111246,0.0,0.3973095522961023,0.014518484861104249,0.3348823360957911,1.306477747325312,0.7740954385000863,0.6607654493453575,0.7723649278268044,2.3543698298965916,0.4583053195271906,1.9725042400878656,0.7908822393262858,0.6687958194427704,0.12208641988351526,0.0,0.0,0.2091177606737144,0.0,0.0,0.0,0.0,0.95,0.6877049150558626,0.379522219395241,0.6394143348597086,0.1914861261152433
B000394,4886.77540396966,9.255256446912234,12.265890719313907,5.09956565336225,0.0,0.3839511262401815,0.013266470527383256,0.2958422927606466,5.674416397366942,0.6764975872687307,1.1702177106603244,0.7719522692773598,0.0,0.9621724823388768,2.5149956548473393,0.5373984123674151,0.5373984123674151,0.0,0.0730933379479102,0.0,0.3895082496846745,0.0,0.5,0.5,0.5,0.5,,0.2893009131936104,,0.40513160691334116
B000395,24597.575976578864,7.747268024119327,16.65973699458245,5.574965533500392,0.0,0.436147643215185,0.010789230238406538,0.17528240478718715,4.430762766863107,0.0,1.3692722692801962,0.21851315966706628,1.0600044911663775,0.6687153371425816,3.0086473117708077,0.2371864229779102,0.2371864229779102,0.0,0.16502819404893115,0.0,0.5977853829731588,0.0,0.0,0.0,0.0,1.0,0.25102762896451936,,,0.188624025984382
B000396,1150.3515771459315,2.890330595844049,4.29786068723668,3.535665407083652,0.3942832389886846,0.18065690358456926,1.9232038118169104,69.42701889855182,1.1220316722165886,0.5369516171702532,0.0,0.0,0.6521816847545644,0.5791656217026429,2.79063187550713,0.44953038518588084,0.44953038518588084,0.0,0.1857751559431733,0.0,0.364694458870946,0.0,0.0,0.0,0.0,0.98,,0.43267498527050635,0.673464711876049,0.19030060538549587
B000397,5066.558878280759,9.895622809142107,29.47411279310259,1.6962139321952323,0.0,0.45470381051673053,0.04603992583132911,2.9818207955663185,8.80105376963835,0.2421764522362886,0.05552446664064294,0.1938246815894734,0.17914297656945902,0.4239004624678917,3.477607995837713,0.10496501832401492,0.10496501832401492,0.0,0.0,0.0,0.895034981675985,0.0,,,,1.0,0.19189156586572523,,,0.18835914010109434
B000398,1190.6747692289234,3.068749405229184,7.9653609272560475,9.755376578017009,0.0,0.43432604224114196,0.015291212706380716,0.25535299700404845,0.8655197367266253,0.9047951575467303,0.6285900069047212,0.0,0.0,0.6698445040511077,1.9205587602023297,0.9444216549286308,0.6495799985832322,0.2948416563453989,0.0,0.0,0.055578345071369106,0.0,0.0,0.0,0.0,1.0,,0.3190954111861099,0.9082253257567147,0.1914861261152433
B000399,5976.855585608576,11.255848560468127,20.716967196843424,3.3449105558661727,0.23275331103631827,0.1896285400721,0.036543277637679124,2.2461558627482527,8.77965564775943,0.4146537990201959,0.051596841219788275,0.32086751772861577,0.6901951745965297,0.9988795801435725,3.3491563616635687,0.2164841894326191,0.12665864790249248,0.08982554153012659,0.0,0.0,0.7835158105673812,0.0,0.0,0.0,0.0,0.5,,,,0.18835914010109434
B000400,2919.9874185770564,5.309068033776466,11.532928080936895,3.1206557115655156,0.0,0.021,0.01456569625089162,0.3686714881732603,2.6850117103016227,0.0,0.0,0.0,2.171976375249599,0.45207994822524433,3.0582187157785223,0.456335963166108,0.456335963166108,0.0,0.0,0.0,0.5436640368338921,0.0,0.0,0.0,0.0,1.0,,,,0.188624025984382
B000401,7742.938300604805,4.919274650956038,7.561001407418163,6.186965070684366,0.0,0.3946856463673622,3.5238218293505925,127.57393506252669,1.1087568238803225,0.0,0.9404750034041996,1.0476821937783398,0.8644649683198291,0.957895661573346,1.9666654162254482,0.954861188515609,0.954861188515609,0.0,0.0,0.0,0.04513881148439095,0.0,0.0,0.0,0.0,0.98,0.31213879977368725,,,0.19030060538549587
B000402,7933.046830070234,5.850329520700763,18.63230843825676,7.112691645832936,0.0,0.26457292934205784,0.01748281950889212,0.3388557426375262,1.4296615110967819,2.0566532017482193,0.0,0.6024701289269552,1.44522535870063,0.31631932022817605,2.387222985418966,0.644816638663759,0.644816638663759,0.0,0.10298054610345952,0.0,0.25220281523278143,0.0,0.0,0.0,0.0,1.0,0.8219986824617711,0.45840433524378804,,0.1914861261152433
B000403,3264.9468789091793,4.93940526310012,8.119948821622,3.8975145279346917,0.0,0.37674276167923393,1.1520610152596913,41.60464152060415,2.159882923875512,0.6103216115591212,0.0,0.0,1.1732399899478037,0.9959607377176826,2.5940789043658232,0.6044417173711365,0.24335338658948544,0.36108833078165115,0.0,0.0,0.39555828262886333,0.0,0.28,0.28,0.28,0.62,0.5058578555860506,0.3094444040671765,0.5505963844324306,0.3131956702029707
B000404,7238.991749177157,18.419826333784112,38.980900324574016,2.537769587312992,0.0,0.2782382506200206,0.05145584556419238,3.225167298616041,16.227921307215176,1.042879319176914,0.11751295549719479,0.23710708285128898,0.16965979882846463,0.6247458702150768,1.3763681912536894,0.9963514815359112,0.989971782109448,0.006379699426463228,0.0,0.0,0.0036485184640887083,0.0,0.0,0.0,0.0,1.0,,,,0.18835914010109434
B000405,1030.4841689676766,1.540335080669173,12.30203775214783,2.211592253761672,0.0,0.3985849837657282,0.24246830685712048,8.745665336763917,0.43543317671848,0.3194333875508091,0.0,0.4177848665783259,0.20089350089733501,0.16679014892422284,1.8438651942143123,0.7246971379257027,0.7246971379257027,0.0,0.20737915506802365,0.0,0.06792370700627398,0.0,0.3,0.3,0.3,1.0,0.8552571304863178,,,0.31989570700826886
B000406,5146.232620532477,1.74804097164826,10.163832626682263,3.00805029651242,0.019656176150689514,0.35638197317341336,0.49175288409945234,17.80372493970586,0.2697295013028602,0.4879835668028354,0.0,0.7177574714055346,0.08906690392455192,0.18350352821247778,2.437715677357065,0.5183448689009815,0.5183448689009815,0.0,0.2791602569490729,0.0,0.2024948741499454,0.0,0.0,0.0,1.0,1.0,0.7171896472823083,,,0.18837769891077183
B000407,32728.18474431199,19.34289878505437,34.85829120487462,12.260347443074616,0.0,0.5124905473694322,0.08735536773245528,3.558773119267711,14.968462496297665,0.18719273566144787,0.0,3.2507507276326444,0.16498462718923446,0.771508198273379,3.3673473516346126,0.2179272067108048,0.04986807742743214,0.1680591292833727,0.0,0.0,0.7820727932891951,0.0,0.0,0.0,0.0,1.0,,,,0.18835914010109434
B000408,5033.836298087494,7.150335650692463,13.284007865662455,7.649567034746422,0.0,0.14469236650610465,0.015181154866385622,0.3385397535203994,2.9953306063689435,0.7757140968419786,0.0,1.0434111411916387,1.8212251863745637,0.5146546199153362,1.8264681327403332,0.997575257848416,0.6343840161945998,0.36319124165381605,0.0,0.0,0.0024247421515838376,0.0,0.0,0.0,0.0,1.0,,,,0.188624025984382
B000409,10785.965622027634,7.490253904185857,13.710268242743421,9.789770235800582,0.01328368021647344,0.38767409780970935,0.024177382462089215,0.445327230809862,4.055004133728972,0.5366968577924237,0.0914752258806997,1.8422166799894133,0.2121213433108736,0.7527396634834718,1.9601634033983646,0.9523078541676792,0.6347066662490156,0.3176011879186637,0.0,0.0,0.047692145832320496,0.0,0.0,0.0,0.0,0.5,0.39915529094203195,0.19551704078561263,0.5709409082177657,0.18835914010109434
B000410,1368.7881595349957,1.9415434887021215,8.388397503660524,3.045911359529025,0.0,0.3931907653134791,0.6366692119992267,23.03164257733048,0.3493860311605803,0.541842852121208,0.06100202173923372,0.3734883974033096,0.1725551650993368,0.4432690211784531,2.14956577020979,0.8010177709987468,0.6086510279529971,0.19236674304574977,0.0,0.0,0.19898222900125323,0.0,0.0,0.0,1.0,1.0,0.5774180536679939,0.3229856095592826,,0.18837769891077183
B000411,6718.152427860217,7.286499379457936,11.521182882448715,10.398758981223724,0.1410363677271788,0.2245336096663615,4.906215400460257,177.56288114628936,1.7334097172063738,1.649153245284348,0.9868380008220882,1.1529919169279685,0.7945469107445521,0.9695595884726068,1.7753053778792538,0.7950616405042309,0.7950616405042309,0.0,0.15823674125032902,0.0,0.046701618245440106,0.0,0.0,0.0,0.9800000000000001,0.98,0.40075733336888264,0.38284249248534913,,0.19030060538549587
B000412,2190.5334006394937,3.6387598017267337,7.083794924639957,2.188268155317696,0.0,0.35991592888969687,1.3683015016265037,64.31017057644567,1.7103768770331294,0.545618534502532,0.10156440460741877,0.0,0.5560175285568779,0.7251824570267744,2.908171220181806,0.529956092121967,0.22720567080076828,0.30275042132119867,0.0,0.0,0.4700439078780327,0.0,0.0,0.0,0.0,1.0,,0.24185028232717679,0.6400595913782196,0.18835914010109434
B000413,1240.829521784899,4.068293514048849,14.416007692798127,6.558759387267347,0.06611661102086763,0.3741360729944828,0.0149217752865812,0.3957871888044194,1.3054851858459775,1.2631952389399488,0.8264548071060871,0.4770371896057121,0.0,0.19612109255112414,2.576170695848559,0.6643374107531828,0.34393476718518284,0.3204026435679999,0.0,0.0,0.33566258924681736,0.0,0.0,0.0,0.0,0.95,1.4998153641875027,,,0.1914861261152433
B000414,8327.017050132921,8.436694073083,13.434383992980536,11.936087009204817,0.0,0.24,0.012445909675123643,0.5526389153779884,1.428876183838608,0.0,0.0,1.419314116849508,4.698612666519201,0.8898911058756833,2.444748845127932,0.26375844392514075,0.26375844392514075,0.0,0.7251568837713053,0.0,0.011084672303554068,0.0,1.0,1.0,1.0,1.0,0.17635491642097378,,,0.608845443987547
B000415,20975.410598970604,10.707202960168761,17.964746422191055,0.9402789527151635,0.0,0.16791972570099353,0.042871428317186884,2.4685621945701524,9.565290826037508,0.0,0.0,0.37493041281222705,0.21203731869329615,0.5549444026257317,3.507724688932963,0.10664896690379508,0.05182907288580854,0.05481989401798653,0.0,0.0,0.8933510330962051,0.0,0.0,0.0,0.0,0.5,0.13111135168928623,,,0.18835914010109434
B000416,6488.6106113951755,5.991330204427678,18.80599599497849,5.20034191630273,0.1093170050398647,0.32576690174182527,0.011227078983175022,0.1983563430680754,1.9651821100713607,0.0,0.0857509921793311,1.6546373885054884,0.1914729817394154,2.094286731932081,2.433449517522491,0.6719956932737468,0.6300169342777854,0.04197875899596127,0.0,0.0,0.3280043067262531,0.0,0.0,0.0,0.0,0.5,,,,0.18835914010109434
B000417,685787.5032303651,518.3579011567385,971.2512181963195,1084.078074689801,0.00038443741592043986,0.43251826274208044,0.01377818062087121,0.6197568716104721,1.4170490352861749,514.1761060060271,0.7830330134758682,0.32581396101905125,0.9540337588385981,0.7018653820917156,1.3443453549579922,0.9969424625915779,0.9951019702276926,0.0018404923638853188,0.0,0.0,0.0030575374084221073,0.0,1.0,1.0,1.0,1.0,0.16168409210526175,0.32674862475752914,0.47114048865461655,0.608845443987547
B000418,1358.3251388707909,2.8476418005676956,12.982635067604365,5.385788163030563,0.0,0.45560163080044885,0.36421850369501674,13.151682065151197,0.9950666143934456,0.0,0.046500386397654137,0.7360618428834649,0.8460967498943911,0.22391620699874043,2.7191428920939815,0.643174316965817,0.0875712237458613,0.5556030932199557,0.0,0.0,0.3568256830341831,0.0,0.0,0.0,0.0,0.6,0.8711425238461633,,,0.18837769891077183
B000419,35386.69294273706,7.944924324817482,11.073455080647118,5.637687909181613,0.0,0.3958108927905189,0.020979483806815566,0.5175489682675811,4.2347076907830274,0.9158843154417774,1.934486029510697,0.0,0.0,0.8598462890819815,3.0082072399274526,0.46179260604491407,0.10302640155775476,0.3587662044871593,0.0,0.0,0.5382073939550862,0.0,0.5,0.5,0.5,0.5,,0.23627546596363178,,0.40513160691334116
B000420,7276.584980473924,4.139126837584712,7.813360007231276,4.416445353338421,0.14380538174842322,0.3114786797523373,1.392317824625025,31.045992329528126,1.8197598182050168,0.6039643390691223,0.0,0.35860661880488953,0.8441642100424775,0.512631851463206,2.824524408243713,0.5594808819327161,0.3410210519553165,0.21845982997739957,0.0,0.0,0.440519118067284,0.0,0.0,0.0,0.0,0.98,0.34428184127985095,,,0.19030060538549587
B000421,1515.7225234502584,0.9945685849411144,6.872145900086152,1.2931755739303792,0.0,0.365,0.9994604557735721,36.18046849900332,0.17909269087246357,0.510509006435747,0.0,0.0,0.17228769659949314,0.13267919103341094,2.326642300922916,0.4867030648610598,0.4867030648610598,0.0,0.5132969351389405,0.0,0.0,0.0,0.0,0.0,1.0,,0.787398698641445,,,0.18837769891077183
B000422,5242.541892371,8.651059228334985,13.779604216257757,17.311089768417233,0.0,0.3337211237841421,0.01944886271788593,0.34688455856738,1.7059485281927018,0.8052299487162928,1.812807084817021,2.1222645662218023,1.5411353840530155,0.6636737163341506,2.4807226135828797,0.5201126909739991,0.31056527753363133,0.2095474134403679,0.27122289546743733,0.0,0.2086644135585634,0.0,1.0,1.0,1.0,1.0,,,,0.608845443987547
B000423,25192.102420057374,16.551972680721008,31.99639992207523,2.8369254658970577,0.0,0.30773424938828525,0.016097048960654937,0.6568289741509773,14.019742969199513,0.3889889497084784,0.0849319834182113,0.0,1.2355077730622854,0.822801005332519,1.705627610073294,0.9881980421271853,0.8900528388872775,0.09814520323990773,0.0,0.0,0.01180195787281471,0.0,0.0,0.0,0.0,0.92,,0.1974124230509834,,0.18835914010109434
B000424,6347.644512651759,3.015508082019838,6.401164357518507,1.804599929296016,0.28513902601551366,0.4388580720552519,1.3182310735452436,47.71996486233782,1.6477888419315545,0.5225667948696845,0.054587260042691425,0.0,0.0,0.7905651851759081,3.17995198380958,0.40383374722578086,0.23054063022651858,0.1732931169992622,0.0,0.0,0.5961662527742194,0.0,0.0,0.0,0.0,1.0,0.8733885684437371,,,0.18835914010109434
B000425,3830.596797257024,1.820625854209612,11.709259847708186,1.8968595796193402,0.0,0.06828998787566,0.4586060734041522,16.496720305419146,0.25029940030196707,1.1800144342831658,0.0217615441430308,0.05791248330025527,0.0,0.3106379921811931,2.0911674639899305,0.8307110256126587,0.8307110256126587,0.0,0.03180910738269001,0.0,0.13747986700465126,0.0,0.0,0.0,0.0,1.0,0.8893223383648254,,,0.18837769891077183
B000426,670.1274735042932,1.4167599862670046,5.70558211344454,1.0404207200263356,0.0,0.3758007814914408,0.8315592468664089,30.13168758698088,0.5800913524118204,0.4928342885542975,0.032962913444771175,0.0,0.0,0.310871431856115,2.4440664622705515,0.7501736576578106,0.7501736576578106,0.0,0.0,0.0,0.24982634234218887,0.0,0.5,0.5,1.0,0.5,0.581290665016048,,,0.4049048318617571
B000427,2005.8405923364176,0.8160458064834897,3.320206402336195,0.45583808625163535,0.0,0.453,0.6569588792610722,23.644294154547676,0.3587883194846757,0.0,0.0,0.21150887202075883,0.0,0.24574861497805506,3.0059516826452297,0.30114561342706575,0.30114561342706575,0.0,0.25918749945201525,0.0,0.43966688712091895,0.0,0.0,0.0,1.0,1.0,0.8251429115729426,,,0.18837769891077183
B000428,15193.741725050972,16.641557201589237,22.355321159092497,30.220351094293825,0.0,0.4841083060394968,0.013068234808151826,0.4817985106172572,4.3885863161703895,1.7147329925639954,1.2765880568913728,7.769825636832293,0.6053498878912649,0.8864743112399188,2.4589047100611197,0.7096300106968116,0.6065907955685398,0.10303921512827188,0.0,0.0,0.2903699893031883,0.0,0.5,0.5,0.5,0.5,0.2761808672993407,0.21430204834231928,,0.40513160691334116
B000429,2997.098591695802,8.013632598117118,21.338604439379953,10.899232339364568,0.0,0.23237917646971323,0.0180155906715668,0.4514258638314855,2.096169041755534,2.12606375331151,0.0,1.2177425285418892,2.2525988143501205,0.32105846015806666,1.5942334691445328,0.9999101380827078,0.9999101380827078,0.0,0.0,0.0,8.986191729216756e-05,0.0,0.0,0.0,0.0,0.95,1.022684929382211,,,0.1914861261152433
B000430,3718.9779262247016,1.3835483356490705,9.185725799496568,1.1225578073426843,0.0,0.223530588353321,0.42322904436873815,19.841444554082347,0.5274912142287823,0.2272510508925968,0.0,0.04705340368993882,0.3869922434785604,0.19476042335919233,2.9206911049830415,0.575037838980993,0.13107554395716609,0.44396229502382684,0.03400922286380724,0.0,0.39095293815520005,0.0,0.0,0.0,0.0,1.0,,,,0.18837769891077183
B000431,11404.597314161158,9.814627636971736,21.028295580078883,9.871235046472234,0.0,0.1896977020072666,0.05064995028461783,2.077962754645537,6.610338400998098,0.41505647814806723,0.0,2.23840083890059,0.0,0.5508319189249783,1.971462664973148,0.7624683121241245,0.5344004809546027,0.2280678311695215,0.0,0.0,0.23753168787587545,0.0,0.0,0.0,0.0,0.5,0.14411349746111463,0.16204097055820482,,0.18835914010109434
B000432,4083.7958776516252,7.292492638663616,19.654333743908197,0.8859207726469831,0.0,0.2411308942881114,0.028285501826218317,1.0911936879238149,6.390453303093366,0.2993307699716017,0.0,0.2220284791633708,0.0,0.38068008643527884,2.9163665164155463,0.3989640806031784,0.3989640806031784,0.0,0.0,0.0,0.6010359193968218,0.0,0.0,0.0,0.0,0.5,0.08753430912803793,,,0.18835914010109434
B000433,547.3526875968843,1.147489911104579,7.896004997074559,1.5101544892813141,0.0,0.42047340847577236,0.477824381551558,17.27386320011385,0.267918089705317,0.4417143797304163,0.0,0.05207633275337543,0.24264473651461574,0.14313637240085492,1.671776422888115,0.7813512225614652,0.7813512225614652,0.0,0.21145696721729323,0.0,0.007191810221241718,0.0,0.0,0.0,1.0,1.0,0.6526096134405746,,,0.18837769891077183
B000434,15794.145387823382,6.0981256323642405,10.252560490844697,6.880676536144346,0.0,0.18425135858955008,1.3619420984813506,49.25399156321742,1.8984170371946394,1.9916996867779853,0.8939591109475585,0.4838771830873685,0.0,0.8301726143566874,2.3503410880178097,0.7017234588023284,0.6223749487422348,0.0793485100600936,0.0,0.0,0.2982765411976716,0.0,0.2,0.2,0.2,0.98,0.3077204696314773,0.40993805446353004,,0.2785184786737387
B000435,5757.966462651558,1.5507585409780658,6.251512878287207,1.5631585980593847,0.0,0.30313016931162506,0.7331135398988945,26.641640049391178,0.3975513021665763,0.6605836916118362,0.10096594155041147,0.0,0.18443038087780156,0.20722722477144,2.4320262791717995,0.591242426200246,0.10016040856909561,0.4910820176311505,0.1189291408071053,0.0,0.2898284329926485,0.0,0.0,0.0,0.0,1.0,,0.33031921994600255,,0.18837769891077183
B000436,10305.181236623357,6.436715325810966,10.05840274231665,9.077229691833578,0.0,0.38954843538642747,1.2002549092496857,26.765684476267992,2.070854401923816,0.0,1.0236249835570885,2.0538383054297378,0.7519727200420365,0.5364249148582881,2.355949916801697,0.536835289749705,0.536835289749705,0.0,0.11682553631456351,0.0,0.34633917393573166,0.0,0.28,0.28,0.28,0.7,,,,0.3131956702029707
B000437,1176.197603147312,1.0830548831927367,5.418324116816629,0.6227061102007946,0.0,0.4098452755810607,0.3822472044726848,8.499043951627899,0.5239574621786507,0.0,0.058365476178256534,0.11195609797593845,0.13711251364749838,0.25166333321239254,3.041214743948412,0.46328212281328746,0.3599114629203159,0.10337065989297159,0.0,0.0,0.5367178771867124,0.0,0.0,0.3,0.0,1.0,0.4788419136431972,0.31974404603714884,0.44025674221325656,0.18837769891077183
B000438,19826.66592773917,4.381583630439596,7.708591914201251,10.10081731028237,0.0,0.7222256981927485,0.015557767859930297,0.7211230806771168,1.4532133014426174,0.5015172118954195,0.0,1.0584185298206534,0.5005108025281685,0.8679237847527353,2.7065534394914987,0.6344119916968055,0.39285126409420046,0.24156072760260527,0.0,0.0,0.36558800830319405,0.0,1.0,1.0,1.0,1.0,0.1336524332824445,0.2682972801509705,0.18286256785152427,0.608845443987547
B000439,4052.155839167414,3.9303160418694607,6.209138669143213,8.294320330423096,0.15684287490022222,0.36499999999999994,1.717184241905032,61.97055031714683,0.9974518459127165,0.0,1.1614468016902084,1.1816855372284898,0.0,0.5897318570380461,1.6711654599899035,0.9644959606654785,0.6794177923301516,0.28507816833532673,0.0,0.0,0.035504039334521516,0.0,0.0,0.0,0.98,0.98,0.5877612529577197,,,0.19030060538549587
B000440,36783.526956037975,10.563907798977018,14.564880056615353,11.366182480575704,0.0,0.16456032042251928,0.02243929003670897,0.44918357305411544,4.395038552219812,0.7893892538531396,0.0,1.9916506284629345,2.685673248138649,0.7021561163024821,2.854533983307805,0.3168168932913028,0.3168168932913028,0.0,0.263258628836706,0.0,0.41992447787199105,0.0,0.0,0.0,0.0,,0.16086097376156547,0.2641998523724788,,0.188624025984382
B000441,2127.9683991092106,2.5183057977623795,10.354057670179714,7.879668039056452,0.09699779124390485,0.436488863542876,1.407333550792908,50.71437321836864,0.6348436337556349,0.6240666343680153,0.10197469025965326,0.06743573601266262,0.8467038032478983,0.243281300118515,2.1464291539673015,0.9839253506879213,0.3998936421786707,0.5840317085092505,0.0,0.0,0.01607464931207876,0.0,0.0,0.0,1.0,1.0,1.291554600373776,,,0.18837769891077183
B000442,750.0921657847018,0.6345957409346039,3.270600349739025,0.08398636723180215,0.0,0.021,0.2751709317368485,9.915234962164302,0.39960890576426755,0.0,0.05845451159333429,0.0,0.0,0.17653232357700213,2.354072049029249,0.7643763929248809,0.6722634022085469,0.09211299071633404,0.0,0.0,0.23562360707511928,0.0,0.5,0.5,1.0,0.5,1.2219952183429665,0.3352530936300127,,0.4049048318617571
B000443,2218.465828762223,1.2498399035280128,5.162031465638884,1.4615936599576684,0.1523365734091951,0.43131670953320983,0.7557750096179109,27.307418647264768,0.41472673387570913,0.38875626347081943,0.0,0.03165312337975552,0.16238912219245513,0.25231466060927404,2.732455868703944,0.668176113832636,0.3318055229562722,0.3363705908763636,0.0,0.0,0.33182388616736447,0.0,0.0,0.0,0.0,1.0,0.8510399817476776,,,0.18837769891077183
B000444,3392.2303083734573,5.899530971084274,18.60962370934026,0.623994366500006,0.3296544932805914,0.33978069230016034,0.02463974112441744,1.4697019466188208,5.001697103820624,0.0,0.0,0.020021344674588586,0.23705588161716898,0.6407566409718913,3.0956316572353204,0.30103475727502216,0.29764103923663565,0.0033937180383865105,0.040182157323872904,0.0,0.6587830854011049,0.0,0.0,0.0,0.0,0.5,0.07445019008203219,0.14215407540231034,0.739065777428887,0.18835914010109434
B000445,2118.508244645527,4.825759099420336,16.85046684346619,9.472578632877154,0.0,0.41701006470449914,0.01646841778648686,0.4915310369246163,1.1033285651730964,0.0,0.8373657536943198,0.9440903086713998,1.6556388727499074,0.2853355991316119,1.9934622066513183,1.0,0.6308443862065751,0.36915561379342493,0.0,0.0,0.0,0.0,0.0,0.0,0.0,0.95,0.5068565087122747,,,0.1914861261152433
B000446,2231.8066900010836,2.0088269036913444,9.975374017391328,3.384313201479067,0.20603268980294745,0.30290260529507224,0.4937959082442508,17.858847907064412,0.5960230814220939,0.3887202202723873,0.060418128967105696,0.4400140074656374,0.19354550572769086,0.33010595983642904,1.9935710367984978,0.9296905146724749,0.42079662660914136,0.5088938880633335,0.0,0.0,0.07030948532752519,0.0,0.3,0.3,0.3,1.0,0.5252989780109293,0.34104548973207166,0.7239440290540468,0.31989570700826886
B000447,2342.4135199671205,5.56392760087202,8.76235910026539,8.000822996492188,0.30005788980979736,0.2976052702337551,1.8774110781593092,88.20495911697026,2.1039387717309492,1.2878445860477077,0.865818869432782,0.6561054651114702,0.0,0.6502199085491118,2.109278554271921,0.7306907572821115,0.5750778644585088,0.15561289282360258,0.2314632177898697,0.0,0.03784602492801902,0.0,0.2,0.2,0.2,0.98,0.32684644095883264,,,0.2785184786737387
B000448,13715.3224598877,10.88517655546643,19.438270969004964,13.762709541207622,0.0,0.2842228462381327,0.03506376389963347,0.3516443251214809,5.295756297924417,0.9408663109217972,2.1840288528429586,1.9721185183516619,0.0,0.4924065754255942,3.0633833693509587,0.5026230937565506,0.03437035976146009,0.4682527339950905,0.0,0.0,0.4973769062434493,0.0,0.0,0.0,0.0,1.0,,,,0.188624025984382
B000449,6955.836530965347,1.4518548384398553,7.492903795144965,2.5174186392538522,0.2265952474242937,0.41328281127192384,0.26481436397303526,9.529307146949561,0.40313088729893914,0.15711541662257383,0.0,0.6157394349080856,0.0,0.27586909961025685,2.793953775252754,0.2754826471690687,0.16726561853595268,0.10821702863311601,0.42410537100923346,0.0,0.30041198182169787,0.0,0.5,0.5,0.5,0.5,,0.3430607418610611,,0.4049048318617571
B000450,46477.408525172614,17.739468902737638,34.91452299094339,8.267620038382683,0.0,0.40428488068575696,0.07056958907823614,4.6999346326105265,14.113917815647227,0.347192618925684,0.0,2.1133429821599186,0.5646575608980618,0.6003579251067472,3.292648808598542,0.2043776567928084,0.15297531860426075,0.051402338188547725,0.0,0.0,0.7956223432071915,0.0,0.0,0.0,0.0,1.0,0.08077453126069227,,,0.18835914010109434
B000451,6502.537359831976,11.822795199694502,14.88345940173629,6.5738177678934235,0.0832572984837542,0.42395576854669637,0.011080170180672486,0.5141198963832033,7.317093515538434,0.668582988803527,2.1835476274825956,0.05327133119469668,0.0,1.600299736675247,2.9961914951152724,0.35132802984630107,0.34682221457208623,0.004505815274214782,0.0,0.0,0.6486719701536988,0.0,0.0,0.0,0.0,1.0,0.2259865513065438,,,0.188624025984382
B000452,1116.1733262774258,2.1971915871602867,15.897886143217924,2.895578088588591,0.0,0.2698402048758345,0.38903071265779166,14.061525784302512,0.7359374099944718,0.4410040358727438,0.0,0.2731584566438279,0.5565225698557903,0.19056911479345384,2.1442194791804496,0.635767161995945,0.2581573844289728,0.37760977756697206,0.20071259987059661,0.0,0.16352023813345876,0.0,0.0,0.0,0.0,0.6,0.7382294280350484,,,0.18837769891077183
B000453,6232.812156251351,3.0227023066204417,10.213136970105095,3.6255480982514525,0.0,0.15879712843283325,0.008842931418582134,0.1971973706343816,0.3537172567432854,0.30381925740750354,1.7788103385111007,0.0,0.0,0.5863554539585519,2.1012266194591502,0.8798383010120319,0.19084236801620008,0.6889959329958318,0.0,0.0,0.12016169898796802,0.0,,,,1.0,0.7660581521685447,0.46198754477668225,,0.1914861261152433
B000454,22092.611259153327,4.478534615680788,7.646681863231187,0.46940147260975823,0.24565257028393445,0.365,0.019740036064766337,0.5517475907594408,3.7125345284412066,0.0,0.0,0.0,0.18696046742636063,0.5790396198132219,3.4606735042395993,0.14405839630598077,0.14405839630598077,0.0,0.0,0.0,0.8559416036940195,0.0,0.0,0.0,0.0,0.5,0.6448416015229279,,,0.18835914010109434
B000455,4895.20068412619,2.6662313094369225,14.13940046492317,1.414895223911278,0.3368517861020502,0.267343629343926,0.5232771286654981,11.72275959023442,0.651288899273619,0.32771669198009945,0.0584715580586621,0.018356985714398262,0.20550941328670574,1.404887761123439,2.6026300732114294,0.7557267829807449,0.6039975484160982,0.15172923456464665,0.0,0.0,0.24427321701925545,0.0,0.0,0.0,0.0,1.0,0.9264527812825956,,,0.18837769891077183
B000456,25543.559483201305,8.424656821636315,21.746340869552256,3.5869864698711442,0.0,0.43300000000000005,0.03111061727262826,1.1868418556277351,6.401123152534141,0.38846713782275893,0.0,0.943650565000916,0.0,0.6914159662785004,3.348163745729821,0.09228357335833705,0.09228357335833705,0.0,0.112010564344582,0.0,0.7957058622970812,0.0,0.0,0.0,0.0,0.5,0.15429124525566548,,,0.18835914010109434
B000457,25480.8664932226,6.368624467188853,18.969079562119486,10.535224129114479,0.0,0.33508559291847484,0.014512682621083918,0.3236328224501714,1.5751550568018784,1.8109573248472677,0.0,1.145259367674406,1.5376842404663178,0.2995684773989813,2.2751703804045853,0.4889043281389917,0.37508914697588064,0.11381518116311105,0.28435611711403586,0.0,0.2267395547469723,0.0,0.0,0.0,0.0,0.95,1.079926742100261,0.4634329087185607,,0.1914861261152433
B000458,686.4693494664883,1.8755993154822086,7.837305639337872,3.7990042125434056,0.0,0.021,0.8051645817432946,29.11106382954005,0.6702515248017101,0.0,0.11444714107737854,0.8759162309867942,0.0,0.21498441861632614,2.1244598842684095,0.8103400232175937,0.8103400232175937,0.0,0.0,0.0,0.18965997678240645,0.0,0.5,0.5,1.0,0.5,0.7954140741451275,,,0.4049048318617571
B000459,3765.77922091119,0.88857461559962,6.3837052602237785,1.6414859099582522,0.16637800356366675,0.43855884638091835,0.3947948903615504,14.273456858824257,0.21655782953925226,0.0,0.057552406544048286,0.26473816111076537,0.09538994838426504,0.254336270021289,2.5484381203981066,0.704964877284209,0.3422597515730401,0.36270512571116875,0.0,0.0,0.295035122715791,0.0,0.0,0.0,1.0,1.0,0.6453531488578036,0.2618814958266471,,0.18837769891077183
B000460,3798.809027846322,2.326276195864251,4.148961417278981,1.2439069552005662,0.0,0.021,1.4510381499972775,52.52247504964207,0.8750315219901926,0.0,0.0,0.0,0.8657592408195939,0.5854854330544644,2.692832241817385,0.6207494991142887,0.6207494991142887,0.0,0.0,0.0,0.37925050088571144,0.0,0.0,0.0,0.98,0.98,0.1814019159587316,,,0.19030060538549587
B000461,6068.297696471441,4.846883144146518,12.870263075444399,9.050593197755573,0.10726975457861357,0.32220295477731675,0.010814390608627003,0.16509020322401818,0.5183230171856582,0.6848776257696605,1.0047695776760424,1.007070089680164,1.223219828727775,0.4086230051072184,1.7121672585048766,1.0,0.39902264083026484,0.6009773591697352,0.0,0.0,0.0,0.0,0.0,0.0,0.0,1.0,,,,0.1914861261152433
B000462,15131.004511126463,8.277354765386468,18.063583964383465,12.30736938182872,0.0,0.2700631417094399,0.010159357824954732,0.47139420307789953,1.254241706784535,0.7364653969050841,2.1949702256934702,0.715647211242437,2.7959049095589097,0.5801253152020323,2.1742109280452686,0.8228246752324784,0.647392710636755,0.17543196459572338,0.0,0.0,0.17717532476752165,0.0,1.0,1.0,1.0,1.0,,,,0.608845443987547
B000463,1495.527536743084,1.4366258758338943,9.903659291429326,2.3033026149699785,0.0,0.021,0.21131543666785585,7.6152928766511465,0.3906361975289769,0.43045474806024675,0.0,0.34026890284599276,0.0,0.27526602739867784,2.306979258799925,0.8646195655384906,0.32813775501919284,0.5364818105192977,0.0,0.0,0.13538043446150927,0.0,0.0,0.5,0.5,0.5,0.8750093875373103,0.4755228723969221,,0.18837769891077183
B000464,22536.598100638796,9.735031576949805,12.803840134980996,8.989075715808895,0.07568043192795261,0.42453034289917624,0.019214359819090643,0.5176558304925459,4.532901980144722,0.0,1.8406544678801662,0.562560982422383,1.6720079947287008,1.1269061517738357,2.7384072083577995,0.47284316309685986,0.28376781667082557,0.18907534642603419,0.0,0.0,0.5271568369031406,0.0,0.5,0.5,0.5,0.5,0.20501057944337384,0.217423289015762,1.0133495175332317,0.40513160691334116
B000465,1137.9547783595617,2.127018277307592,11.942263005910199,1.9408606581248742,0.0,0.058133476987917404,0.450598094455862,20.285043099979507,0.6057058539821187,1.1217917596470448,0.0,0.22081998619494145,0.0,0.1787006774834874,1.6880708658734735,1.0,1.0,0.0,0.0,0.0,0.0,0.0,0.3,0.3,0.3,1.0,,,,0.31989570700826886
B000466,2209.8959034062023,5.045424437000462,11.79740098718289,6.431173653903146,0.0,0.23506592016976688,0.009327690370820197,0.3376623914236912,2.575841052157049,0.595417266316893,0.0,1.0632462912662968,0.38989938333151286,0.4210204439287104,1.464370278253892,1.0,0.9227221835942686,0.07727781640573149,0.0,0.0,0.0,0.0,0.0,0.0,0.0,1.0,0.132734109247345,0.22504311635123506,,0.1914861261152433
B000467,1370697.1602946362,3122.31699383744,8840.377352261658,9162.147124713278,0.0,0.0917497361690524,0.9530465729234852,34.38732589157042,1.1865873849833541,0.8502128453139112,0.12283025532251736,3119.8525546585643,0.0,0.3048086932553886,2.333618186551094,0.00037690025906654404,0.00037690025906654404,0.0,0.9992107018013417,0.0,0.0004123979395914618,0.0,0.0,0.0,0.0,1.0,0.7395033830997833,0.245482003904939,,0.18835914010109434
B000468,8887.647419411463,4.254498525328609,12.718506444320028,8.228496821313577,0.37848642492458784,0.5299410183675981,0.01696911906391361,0.37841135512527346,1.373800506481177,0.16109264189987121,0.4472362889261489,1.6485416813307252,0.0,0.623827406690687,1.8671510395444229,0.966153852648424,0.9282897798462295,0.037864072802194414,0.0,0.0,0.033846147351576074,0.0,0.0,0.0,0.0,0.95,0.6990251551666579,,,0.1914861261152433
B000469,9470.199672917031,2.841344036278737,8.435110936565298,10.305480133220849,0.0,0.0,0.020039724364547123,0.44688585332940084,0.3936963617590308,0.0,0.0,2.0812947677052827,0.0,0.36635290681442334,1.5869324510003908,0.9411430003703175,0.20863938900507037,0.732503611365247,0.0,0.0,0.05885699962968238,0.0,0.0,0.0,0.0,1.0,,,,0.1914861261152433
B000470,1099.873637128573,1.1457017053422633,4.643736867695739,0.5098957410575957,0.0,0.4172964179348886,0.661008554220131,23.928509662768747,0.6882637897631604,0.0,0.10923062661300408,0.0,0.14060107319081178,0.20760621577528718,1.4867683375135146,0.8706431662102017,0.8706431662102017,0.0,0.12272048870592284,0.0,0.006636345083875489,0.0,0.0,0.0,0.0,1.0,0.9328310406448781,,,0.18837769891077183
B000471,23940.7462212859,5.892381545972409,9.006586256954995,4.587521433929807,0.0,0.3338460663111365,1.3274839067841968,48.11012361840986,2.290368379801566,0.0,1.0618026951790271,0.0,1.5814419904334402,0.9587684805583747,2.8068655999189036,0.30841068688376716,0.30841068688376716,0.0,0.2683875743780366,0.0,0.42320173873819616,0.0,0.27999999999999997,0.27999999999999997,0.27999999999999997,0.7,0.5925523726352723,0.34422782969483096,,0.3131956702029707
B000472,36445.05619224681,12.032042321639754,33.120592083747134,5.50930868023054,0.0,0.40785591475938504,0.04786694277121868,3.1183110334440296,9.342490344596465,0.0,0.09706814310983963,1.3566561508054968,0.7655554866502894,0.4702721964776613,3.3698339667857886,0.10907587057844075,0.0454494748107472,0.06362639576769356,0.11275360529322082,0.0,0.7781705241283384,0.0,0.0,0.0,0.0,1.0,0.0992969250705778,,,0.18835914010109434
B000473,6862.384690951537,4.961955669523888,8.288634297294847,5.689001046577255,0.0,0.37178623510418757,1.681570759935651,60.86809231286113,1.0224608987162296,0.9387578958326357,1.3312311884785257,0.0,0.8040514445586169,0.8654542419378802,2.213665076105845,0.7939399368285092,0.6318966824929123,0.162043254335597,0.0,0.0,0.20606006317149086,0.0,0.0,0.0,0.98,0.98,,,,0.19030060538549587
B000474,7071.740411967331,3.0867483247347582,16.40759530577027,6.1332995038362546,0.0,0.3910724970806265,0.3218048979867789,11.625076204304909,0.8909380634652639,0.7280204359147755,0.0,1.2232241532596313,0.0,0.24456567209508792,2.064247868241765,0.8585618932404345,0.8585618932404345,0.0,0.0,0.0,0.14143810675956556,0.0,0.0,0.0,0.0,0.6,,,,0.18837769891077183
B000475,9606.19545422946,7.047832321518313,13.396138144338012,8.323835560322939,0.0,0.43299999999999994,0.016750393163143577,0.3180649531947691,3.0375783787286115,0.0,0.0,0.9415126922781705,2.4314817598694183,0.6372594906421122,2.1636278167615375,0.5386059443431636,0.40501696984336455,0.1335889744997992,0.34499710676226825,0.0,0.11639694889456798,0.0,0.5,0.5,0.5,0.5,0.3059398096897366,0.2776027055236684,,0.40513160691334116
B000476,5707.305446373815,2.925323140119844,10.226983505069619,4.6394823677034,0.0,0.45300000000000007,0.01561813430313695,0.3895478096231431,1.2973043619599183,0.0,0.0,0.7543094038849955,0.5939239079974595,0.27978546627747125,2.74193900262396,0.34788308600201107,0.34788308600201107,0.0,0.20302847909415156,0.0,0.44908843490383765,0.0,0.0,0.0,0.0,1.0,1.1588789033042999,,,0.1914861261152433
B000477,1699.327911780927,4.206257207378532,11.123818887841779,4.086521697552734,0.11405161784666193,0.4166831536398503,0.018300377424947223,0.6624736627830894,1.8338798036039043,0.33895655121389007,0.0,0.04536373795965108,1.2036570162822462,0.7844000983188396,2.151048905547761,0.88733305880667,0.7959643501838652,0.09136870862280466,0.0,0.0,0.11266694119332983,0.0,0.0,0.0,0.0,1.0,0.9603515592365572,0.46375254789123155,,0.1914861261152433
B000478,10345.744153641668,7.042712153602225,17.477802410366465,16.942547282578314,0.0,0.3056760708799604,0.012132027809006553,0.2705442201408461,0.48528111236026206,1.588350763585461,1.6540868454009092,1.922805619850641,0.7926926707957496,0.5994951416092025,2.114235281653792,0.6328608201496378,0.5203057911342462,0.1125550290153916,0.27302061732952687,0.0,0.09411856252083535,0.0,0.0,0.0,0.0,1.0,0.943906793837247,,,0.1914861261152433
B000479,8229.875657886916,12.031981955975024,15.475952033173842,21.328594809095662,0.1005716490977368,0.18906776864901242,0.019575736240555842,0.872204786934496,1.8922931505799492,0.0,4.967413389878499,2.398831106514273,1.676393903701423,1.0970504053008796,2.0128185653612034,0.7993584644430624,0.38650766329872505,0.4128508011443373,0.0,0.0,0.20064153555693767,0.0,1.0,1.0,1.0,1.0,0.12466330354344515,,,0.608845443987547
B000480,1814.7883589865469,1.4576613325193148,6.785830619153887,2.969163347346154,0.6437453481822482,0.021,0.30679483681118463,14.419140205354896,0.5340305423250522,0.22935106017382553,0.0,0.458985232408925,0.0,0.23529449761151217,2.197617981839508,0.7404993845055194,0.7404993845055194,0.0,0.15734180159490957,0.0,0.10215881389957118,0.0,0.30000000000000004,0.30000000000000004,0.30000000000000004,1.0,0.8331319233766861,0.3650495626026219,,0.31989570700826886
B000481,1920.5258713187886,1.4483603856099463,5.862977820028722,2.0987950811984266,0.0,0.1645436655985358,0.36705076610677473,13.266164381863652,0.5616822710429035,0.0,0.10309487500505563,0.33704829076220033,0.1890769924569629,0.25745795634282403,2.439698086446761,0.6121943981460368,0.3083037572943134,0.3038906408517235,0.0,0.0,0.38780560185396323,0.0,0.5,0.5,1.0,0.5,0.5809164958529567,,,0.4049048318617571
B000482,10393.518283364885,6.403892965720816,14.771039526229451,6.613978721723585,0.12128712291789533,0.28004804524397986,0.01135504629190638,0.25321753230951227,2.5937923001816605,0.7208946541117919,0.8003447411167363,0.0,1.7076542918681434,0.5812069784424843,2.4206538642243376,0.5844964748490314,0.4719251595614954,0.11257131528753597,0.0,0.0,0.41550352515096844,0.0,0.0,0.0,0.0,1.0,0.2861166234653061,,,0.188624025984382
B000483,17229.16668562653,6.732773226114314,13.356496041729534,8.083154101512767,0.14591391946713414,0.31583080875936115,0.008214401227311659,0.18318114736904997,3.3791166504748094,0.7270845186000804,1.4026933934851296,0.7480538815566351,0.0,0.47582478199765965,1.9008042157732605,0.9811496614621938,0.5537133440648339,0.42743631739735993,0.0,0.0,0.01885033853780618,0.0,0.5,0.5,0.5,0.5,,,,0.40513160691334116
B000484,3578.5956921412244,0.9882893377910037,4.733766198093781,1.12532518600216,0.2779821094422717,0.28836930150281775,0.5735424693215687,20.76223738944079,0.31544835812686284,0.3559507441480925,0.0,0.0,0.13424480812526216,0.18264542739078624,2.7136364764400045,0.6808137596304095,0.3206452031794175,0.3601685564509919,0.0,0.0,0.3191862403695906,0.0,0.0,0.0,1.0,1.0,,,,0.18837769891077183
B000485,5988.734528664015,12.172224651756128,31.93121892189371,20.054662251568725,0.0,0.4512029559151873,0.012301818919056188,0.38311699459544624,2.3349634201684966,0.0,0.0,0.21623467303259844,9.115338875093181,0.5056876834618524,2.5950244272542213,0.7904082313471741,0.04154439290511247,0.7488638384420617,0.0177645976162132,0.0,0.19182717103661276,0.0,0.0,0.0,0.0,1.0,,0.36203532912787456,0.6701627365345109,0.1914861261152433
B000486,4652.509320888319,1.902866797909333,11.071886126113279,3.002185323114687,0.3006368934584787,0.2333231601955664,0.4909512486576252,17.772435201406033,0.6136890608220316,0.28413749293172824,0.025683003667218637,0.45071378373547055,0.34919882535633384,0.1794446313965503,2.6805027137168906,0.5012150867022731,0.08084272539423877,0.42037236130803435,0.1628177531603077,0.0,0.3359671601374193,0.0,0.0,0.0,0.0,1.0,0.5315576522439083,,,0.18837769891077183
B000487,21783.61312571112,6.4031784614083245,12.020084434872784,7.751958987576159,0.0,0.06646938123481116,1.1089902633400073,51.92633518944251,1.9368991704929492,1.5334797402070297,0.0,1.5815605398454817,0.8275879187631868,0.5236510920996759,2.4669966860045367,0.674415819184904,0.4349285474417775,0.23948727174312645,0.0,0.0,0.32558418081509594,0.0,0.28,0.28,0.28,0.7,,,,0.3131956702029707
B000488,48035.36243326403,11.639293053856077,25.644503969621123,9.95909289321959,0.0,0.3338923883250794,0.02450832089731673,1.3606055998886961,7.2205321620676095,0.38973615291122965,0.04678845487011825,3.4194426370718776,0.0,0.562793646935245,1.9067344322090305,0.8249766593857462,0.8249766593857462,0.0,0.0,0.0,0.17502334061425376,0.0,0.0,0.0,0.0,0.5,,,,0.18835914010109434
B000489,4754.565893547788,5.653467174254207,10.60186894489427,5.267049945951525,0.0,0.453,0.009017390799037184,0.3291283995285291,2.5571306302632384,0.0,0.0,0.0,2.443911174921508,0.65242536906946,1.8493371223300141,0.8706368769673568,0.8706368769673568,0.0,0.0,0.0,0.12936312303264302,0.0,0.5,0.5,0.5,0.5,,0.25538115093036795,,0.40513160691334116
B000490,2038.5421039551106,5.364584484092396,9.32974137452689,9.455795418058337,0.1462988703071353,0.2819217480566593,1.5632656192356535,56.49253423126715,0.9486245734386047,1.4956740982558983,1.0511075502257614,0.5095502222371012,0.7466179335455719,0.6130101063894585,2.4210561874205934,0.6812250204545942,0.4024198114601193,0.278805208994475,0.09498409872154509,0.0,0.22379088082386064,0.0,0.0,0.0,0.98,0.98,0.4568118740139412,,,0.19030060538549587
B000491,15507.637218558613,6.849663082402214,16.868356345137475,10.5315535214809,0.0,0.365,0.024025399619035902,0.708273351562476,1.8627669273110667,0.0,1.1971456500369257,1.9801054797286626,1.4848932774150188,0.32475174791053973,2.5341312942426475,0.7280498464082436,0.3364920580635151,0.39155778834472815,0.0,0.0,0.2719501535917565,0.0,0.0,0.0,0.0,1.0,,,,0.1914861261152433
B000492,34574.3221660447,11.350729535799312,18.595249262066393,18.340399961932924,0.0,0.41618983677866345,0.02894725769477721,0.7937685052787514,3.65407977725762,0.0,2.2489070236022353,1.8172865478754676,2.6501667846239547,0.9802894024400342,2.2271852878974654,0.7516628733965364,0.5535340203999639,0.1981288529965725,0.0,0.0,0.24833712660346358,0.0,0.5,0.5,0.5,0.5,,,,0.40513160691334116
B000493,32463.310088884435,6.671457067177237,13.443039388685417,9.235195586851505,0.0,0.3886843005327346,0.012765700903606151,0.28467513015041723,2.5391981249429274,0.7441466873297529,0.13114247071577273,2.5485600267070154,0.0,0.7084097574817685,1.6232602205191595,0.9859323664450107,0.9859323664450107,0.0,0.0,0.0,0.01406763355498929,0.0,0.0,0.0,0.0,,,,,0.18835914010109434
B000494,220935.43743493847,268.12553086764376,672.786378779106,391.456247376062,0.0,0.24048188717163224,0.029668925837816416,1.7179143506663659,6.667791343913986,0.36048650860725723,0.0,1.6221778799826962,258.92835500966606,0.5467201254737064,1.3950304487662,0.97491592700602,0.97491592700602,0.0,0.0,0.0,0.025084072993979956,0.0,0.0,0.0,0.0,0.5,0.16848062499936672,,,0.18835914010109434
B000495,7763.553063635377,10.188389847290521,18.24560371907706,8.01677344571456,0.0,0.0641516433942443,0.016074514126113187,0.2933463812456973,4.335568415645284,0.5309729913378335,0.0,0.9231722033909142,3.9565831716992745,0.44209306521721514,2.081088152940311,0.9243265772333831,0.833716361367289,0.09061021586609395,0.0,0.0,0.07567342276661694,0.0,0.5,0.5,0.5,0.5,0.30491533811090554,,,0.40513160691334116
B000496,19610.104886761605,19.6691122234319,33.08442838202802,7.774666109597065,0.0,0.29579012454054604,0.08034920443464157,5.148030154620767,15.395900045521048,1.5881136000642213,0.1793162527118987,1.7346452453622678,0.042063284324451944,0.7290737954480082,3.366094051124331,0.20281374518985315,0.1055057692968662,0.09730797589298697,0.0,0.0,0.7971862548101466,0.0,0.0,0.0,0.0,1.0,,,,0.18835914010109434
B000497,728.801983627102,2.156218886470716,10.531943068129664,3.366962022824115,0.0,0.2852196668058531,0.3976754259066251,18.623631138295806,0.5454906161121791,0.39064804203181114,0.07226847369113899,0.7567199446943058,0.15901066706334702,0.232081142877934,2.2084275038514654,0.7416019481419566,0.7416019481419566,0.0,0.0,0.0,0.2583980518580436,0.0,0.3,0.3,0.3,0.92,,,,0.31989570700826886
B000498,3972.2979549002775,3.2268870470351563,10.935592483426287,2.330414391468112,0.1843966182906235,0.24000000000000002,0.012734607926947604,0.29930827718609015,1.3890564472816518,0.4889687742433706,0.786396804787041,0.0,0.0,0.5624650207230928,2.597109320035669,0.6077559385311866,0.45622637858187504,0.15152955994931153,0.0,0.0,0.3922440614688133,0.0,0.0,0.0,0.0,0.95,0.9590132160811683,0.4487435349262731,,0.1914861261152433
B000499,973.6842492910602,1.8131922705606334,10.562219649963376,3.9844976280970648,0.37240374425006256,0.05250115522340876,0.45162413651902505,16.348793741988707,0.3748721421454139,0.2842823907706187,0.06300742620559532,0.5196611401231496,0.4178302132139142,0.15353895810194132,1.7858898620832329,0.7473894203438218,0.5169504205764542,0.23043899976736743,0.24961755913210157,0.0,0.00299302052407654,0.0,,,,1.0,,,,0.18837769891077183
B000500,4162.857407524825,1.0475232530258745,7.71043162885669,1.3245691639620418,0.0,0.56813675623542,1.3071237917912093,47.27537807035633,0.39801228738505723,0.09274702097048312,0.027531741250446697,0.17233357013398906,0.12202670488813598,0.2348719283977626,1.920938999772956,0.8232671560915829,0.6324691849657821,0.19079797112580085,0.11649068842686763,0.0,0.06024215548154954,0.0,,,,1.0,1.2741094464072975,,,0.18837769891077183
B000501,878.6743164135968,2.368394383864142,8.462866353273657,3.2811411378672495,0.0,0.0,0.014269094579624275,0.5018937595540728,1.2949503207703008,0.0,0.0,0.6626592642036696,0.0,0.4107847988901717,2.9444972748068556,0.40173073508785323,0.40173073508785323,0.0,0.0,0.0,0.5982692649121467,0.0,0.0,0.0,0.0,1.0,0.5766755167641818,,,0.1914861261152433
B000502,10902.073348356453,6.651661591431637,15.017821970520014,4.73918600399316,0.0,0.27791773681436654,0.0059374328886846175,0.27549688603496625,3.9209462472445584,0.0,0.9078906958859211,1.1299970108927688,0.0,0.6928276374083898,3.128456485103402,0.36953493301751833,0.19965301774564415,0.16988191527187413,0.0,0.0,0.6304650669824818,0.0,0.0,0.0,0.0,1.0,0.12646426756323942,0.21497104575116632,,0.188624025984382
B000503,21914.694554297013,6.642829510244623,10.525469449757741,7.307641703371043,0.0,0.22408310482536356,2.913355709798086,105.34037344107178,1.8498123641282682,1.5382329305985571,1.1546209633153912,0.3852946124114469,1.1811503195212967,0.5337183202696637,1.671567518542228,0.9842962416251367,0.8104816101439697,0.17381463148116713,0.0,0.0,0.015703758374863288,0.0,0.0,0.0,0.0,0.98,,,,0.19030060538549587
B000504,3452.196880300451,6.863214473758352,23.820411276563338,11.214438387183936,0.0,0.4067504099596966,0.008662471515068612,0.2095938860471305,1.738292430309985,0.7248314000101497,0.8595631813048138,1.8799559194800461,1.3587416597782358,0.30182988287512164,2.3081273960252275,0.7467232829519779,0.5158701473880332,0.2308531355639446,0.0,0.0,0.25327671704802224,0.0,0.0,0.0,0.0,1.0,0.15382031738406104,,,0.1914861261152433
B000505,1067.3113634540623,1.2571394151402382,7.969571774047248,2.1950653922301124,0.0,0.488,0.4519945562019072,16.36543563389042,0.5626162104131349,0.0,0.0,0.4441041041653389,0.06167211109835491,0.18874698946340956,2.5931360326082253,0.5034056573257245,0.5034056573257245,0.0,0.0490574954182589,0.0,0.44753684725601667,0.0,0.0,0.0,0.0,1.0,0.7506765071420491,,,0.18837769891077183
B000506,3366.4235450805486,9.24841633263887,19.984750494895938,10.547167708069196,0.0,0.35677610995342807,0.014387169851346589,0.42187419970028195,2.88433291410918,0.0,0.8112311031591654,0.4656135967620562,4.391288977118114,0.6959497414903547,1.5926340593149841,0.9101449797199633,0.8224293023562372,0.08771567736372603,0.0,0.0,0.08985502028003665,0.0,0.5,0.5,0.5,0.5,0.21523582081951134,,,0.40513160691334116
B000507,17067.857852221066,5.498665545174313,10.55374787656837,10.046529659985218,0.0,0.41297300530088105,1.4399356678376516,52.0507005062286,0.9179662514032192,0.8053278304093434,1.2942891915677406,0.8615273444318718,0.9704217674503134,0.6491331599118225,2.443714351447017,0.8176711755995174,0.249126266336297,0.5685449092632203,0.0,0.0,0.1823288244004823,0.0,0.0,0.0,0.98,0.98,0.3300528557266125,,,0.19030060538549587
B000508,1516.8594366696625,3.0956315034074744,6.450613382304618,3.424676338845792,0.36307256672387217,0.36499999999999994,1.2950905386655651,28.82325216580809,1.5893318341916327,0.0,0.0,0.2418544470635053,0.7898192275011281,0.4746259946512082,2.0434381767700542,0.9735906281960395,0.9537582696820193,0.019832358514020196,0.0,0.0,0.02640937180396057,0.0,0.0,0.0,0.0,0.98,0.22170047752644262,,,0.19030060538549587
B000509,7145.930730648514,16.57988568595943,30.367815744825823,16.216297403357053,0.0,0.416598767525414,0.043870959063686696,2.5864401323816724,9.034250519944854,3.7814755818645014,0.0,3.060920627226346,0.0,0.7032389569237216,2.691800655341482,0.5792164861063277,0.3511403911627528,0.22807609494357492,0.0,0.0,0.42078351389367186,0.0,0.0,0.0,0.0,0.5,0.09520029513945284,,,0.18835914010109434
B000510,1881.3761500043197,4.295379337909406,13.225304021057868,4.268409998215402,0.0,0.30925253094491373,0.014479589261596969,0.5241611312698103,1.447958926159697,1.248606777737051,1.277331995428366,0.0,0.0,0.32148163858429213,2.582317667714405,0.3722170984765255,0.3722170984765255,0.0,0.29068603248083735,0.0,0.3370968690426373,0.0,0.0,0.0,0.0,1.0,0.777120994414172,,,0.1914861261152433
B000511,781.6295921766838,0.8422732674317713,5.762229691956911,1.8941449181281504,0.5145565850754396,0.17159923390684612,0.6619662954057184,23.96317989368701,0.23264708050194466,0.3140877882492285,0.0,0.028872015686209875,0.11530412718975742,0.15136225580463059,2.318437533060614,0.4650052954977154,0.4650052954977154,0.0,0.5098011916587024,0.0,0.025193512843581903,0.0,0.0,0.0,1.0,1.0,0.9830772995539382,0.3136201705467197,,0.18837769891077183
B000512,4249.582377354967,8.415014608623698,14.353391872275964,13.119781045121481,0.0,0.3841062140909504,1.1939257385160136,56.02596040493711,2.0599343957040155,0.7273347909185733,1.4182946737028157,3.438328082132175,0.0,0.7711226661661156,2.365380717299739,0.7552072703958232,0.5866639297521422,0.16854334064368098,0.0,0.0,0.24479272960417645,0.0,0.28,0.28,0.28,0.7,0.46176360175441417,,,0.3131956702029707
B000513,19209.801720561452,5.405121474553026,8.527341031048095,6.335766351422109,0.052579619825222385,0.315577127258414,1.7891847244418173,83.98447851279327,2.288138477610389,0.8264469722049719,0.0,0.989104033336379,0.6862197068163357,0.6152122845849515,2.723126661366008,0.5345492683230126,0.5345492683230126,0.0,0.0,0.0,0.4654507316769877,0.0,0.0,0.0,0.0,0.98,0.2611418442203325,,,0.19030060538549587
B000514,16563.53274862894,5.875676746587066,11.148259240686595,8.791055508149359,0.0,0.15711688884098435,1.5057770854529233,54.51853237301029,1.466385436217415,1.7458083181716002,0.0,1.3250820554410232,0.7714039961133483,0.566996940643678,1.861924433770714,0.9558070820064416,0.4331625414611545,0.522644540545287,0.0,0.0,0.04419291799355833,0.0,0.0,0.2,0.0,0.98,0.15887314472183464,,,0.19030060538549587
B000515,12017.448275230694,2.569477929277463,10.544423516561562,2.3324413459373425,0.0,0.3680178084298732,0.2773238040996396,6.224105063345032,1.1087369263818985,0.890907881382875,0.037113995185941995,0.0,0.2983879823363148,0.23433114399043317,2.2976817673229335,0.7115962277809633,0.5954683642424659,0.11612786353849769,0.014444177458406288,0.0,0.2739595947606305,0.0,0.0,0.0,0.0,0.6,,,,0.18837769891077183
B000516,14230.119219395707,5.877785716396409,15.151648539148288,9.195947510137948,0.0,0.4121072328595291,0.021312810480771275,0.6470960920315266,1.7152742029671524,0.787997639183755,0.7829394260167687,1.3243093861346402,0.858557782356319,0.4087072797377749,2.4959640860314205,0.6992281577419066,0.3278523924768121,0.37137576526509464,0.0,0.0,0.30077184225809345,0.0,0.0,0.0,0.0,1.0,0.7208903685305292,0.34736314550920544,,0.1914861261152433
B000517,4399.617306176807,8.285531650050483,13.891636083946526,10.639133749837155,0.0,0.2257616489868236,0.014564862533390881,0.27925884304214843,1.44698034181661,0.5475771193864326,2.997201470689031,0.2295223345717355,2.566624119226241,0.49762626436043267,2.0217053335410267,0.7571054972571596,0.3953663117372094,0.3617391855199502,0.06608835045402262,0.0,0.17680615228881777,0.0,1.0,1.0,1.0,1.0,,0.16394148819561422,,0.608845443987547
B000518,2125.517129575059,5.159022159162764,19.235075882628642,4.288509800525803,0.06013522816574994,0.4426275222921191,0.0071298861360283225,0.15899646083343158,1.6286541935090078,0.0,1.058682840882387,0.0,0.8382139908247829,1.6334711339465864,2.505766059197554,0.6761491292154299,0.6761491292154299,0.0,0.0,0.0,0.3238508707845699,0.0,0.0,0.0,0.0,1.0,0.181056232330637,,,0.1914861261152433
B000519,3268.2370826872216,3.16077087300505,8.49838554947853,1.3441289706795618,0.0,0.3854525479095732,0.007132412691020614,0.15905280300975969,1.9664162856823857,0.3695521500819719,0.13582275782286513,0.0,0.19289977896208693,0.49607990045573963,1.623163198166125,1.0,0.8830816389640334,0.11691836103596664,0.0,0.0,0.0,0.0,0.0,0.0,0.0,0.5,0.6887777319315951,0.20785040712724823,,0.18835914010109434
B000520,7035.365696177387,8.838399115800737,18.63761447860447,12.220409263441187,0.0,0.14577239796960725,0.013057384199380382,0.33391080376484855,2.7332955124428304,0.9042504014788852,2.3763522057229802,1.450956602854978,0.8569084779211039,0.516635915379962,2.342908387106406,0.6867850311132142,0.09852618849075334,0.588258842622461,0.0,0.0,0.3132149688867859,0.0,0.5,0.5,0.5,0.5,,0.2583942717404802,,0.40513160691334116
B000521,4770.255337492367,2.0043089653329274,12.000235246964584,3.908368656263845,0.07134769075532442,0.12417620300350452,0.4584842086016289,16.606248277728405,0.19440541373693404,0.8829339964334499,0.0,0.5614352558102768,0.15008217196208828,0.21545212739017805,1.8419182899159443,0.9251202411614426,0.9251202411614426,0.0,0.07487975883855748,0.0,0.0,0.0,0.0,0.0,1.0,1.0,,,,0.18837769891077183
B000522,9685.412708501779,4.486064246642788,10.520458510054645,8.261878629835975,0.15893810623575136,0.365,0.013015761445768574,0.2902514802406392,0.520630457830743,1.2300663972160613,0.4580085018534716,0.0,1.980865780181464,0.29649310956104735,2.0754582397766246,0.8785531354599911,0.8785531354599911,0.0,0.0,0.0,0.121446864540009,0.0,0.0,0.0,0.0,1.0,1.1307690017768182,0.5537781955411516,,0.1914861261152433
B000523,4921.819693254639,7.989967034504284,12.706565186384513,10.25850436150266,0.0,0.021,1.3543271032811097,48.95289886043758,2.3300402013463413,0.0,3.4078517185606807,1.5008542027565825,0.0,0.7512209118406792,2.290790158251024,0.6961889836116817,0.0818302634668732,0.6143587201448085,0.0,0.0,0.3038110163883182,0.0,0.28,0.28,0.28,0.7,,,,0.3131956702029707
B000524,29998.090916761234,6.579971686063003,14.049420593209861,7.8058865299026765,0.0,0.30603457892422564,2.145192491056742,77.61147451410123,1.9793779101927225,0.823541521054411,0.6724143899755781,0.8976683191932596,1.5132106481443286,0.6937588975027033,1.9684213982374852,0.7467422131860038,0.6103178694316673,0.13642434375433637,0.2299722126995547,0.0,0.02328557411444158,0.0,0.0,0.0,0.0,0.98,,,,0.19030060538549587
B000525,51583.11850293917,11.508951026983304,21.986261044231842,17.77584772442865,0.0,0.4235408608201279,0.015587465771088079,0.24412215119396924,4.11592848754308,0.3363275828772452,1.4068812449346715,3.0641181820676415,1.963670432529271,0.6220250970313933,1.8691630523527032,0.8732241351952208,0.7509817829916038,0.12224235220361689,0.02922313094292508,0.0,0.09755273386185395,0.0,0.5,0.5,0.5,0.5,0.26296258645415715,0.21083065205190024,,0.40513160691334116
B000526,23591.85953186264,6.44586326007176,19.178960601346095,10.899574614708161,0.0,0.3176564413879197,0.016113204855590847,0.3593244682796759,1.6113204855590848,1.2710184680400525,0.7761264322047707,1.6454777574620287,0.7871854723597815,0.3547346444460416,2.586937229874737,0.3726234094305199,0.17543981791481916,0.19718359151570067,0.37739913672861997,0.0,0.2499774538408602,0.0,0.0,0.0,0.0,1.0,0.8720025342126844,,,0.1914861261152433
B000527,11800.3960404474,13.850230094421832,19.504474163835326,17.503772465828913,0.0,0.15513153019432493,0.0182667893215419,0.49272105048021275,4.149428070733712,0.5671785316623659,4.338805437507918,2.612674886488811,1.2706863383415858,0.9114568296874402,2.3528686902300855,0.6565241414089715,0.2515134132400061,0.40501072816896533,0.04095083820237735,0.0,0.3025250203886513,0.0,0.5,0.5,0.5,0.5,0.23518754358078953,0.3145109783337771,,0.40513160691334116
B000528,7053.875388795912,4.0539513728712135,5.819600788166619,7.1191139538751145,0.41369128583673104,0.14393463194774533,0.020347794746207855,0.4366415381013305,1.209082189617341,0.3945682892837682,0.0,1.8266219575832523,0.0,0.6236789363868535,2.1001873978287113,0.804622300131114,0.6893668910305712,0.1152554091005428,0.09732930984919905,0.0,0.09804839001968707,0.0,1.0,1.0,1.0,1.0,0.13664406070190718,,,0.608845443987547
B000529,1834.1329771007277,1.6245641958376684,8.344023436293922,2.8499270601940374,0.0,0.20443699737931842,0.5174083655721874,24.212190600422147,0.5583020371479716,0.0,0.059112049796376305,0.6067338986730176,0.20681230919961607,0.19360390102068684,1.7756766455635242,0.9827240189680782,0.9463376145724692,0.03638640439560873,0.0,0.0,0.017275981031921888,0.0,0.0,0.3,0.0,1.0,1.2198261979271572,,,0.18837769891077183
B000530,2762.6490354766556,3.4837944961874596,6.565609857470874,2.168526208825915,0.6437453481822482,0.021,1.160475162057808,25.98722244950045,2.517529850234674,0.5376930944401304,0.0,0.0,0.0,0.4285715515126552,2.1764696883191603,0.8208691329936203,0.8208691329936203,0.0,0.15434122047915355,0.0,0.024789646527226185,0.0,,0.20408163265306123,,0.98,0.3443099813225712,,,0.19030060538549587
B000531,6013.5932728759435,13.333909695955528,24.242047189912043,19.73056109703629,0.0,0.39016279863399217,0.035467258177028324,1.560164520302254,8.464426941346986,0.3691513818285248,0.0,3.69037751003333,0.1804057587132027,0.6295481040334855,1.9711021120780539,0.8242617420033033,0.5474953925842201,0.27676634941908324,0.0,0.0,0.17573825799669662,0.0,0.0,0.0,0.0,0.5,0.16690426233179387,0.1542801398849491,0.5521341095049501,0.18835914010109434
B000532,27421.18851628318,12.837635073166282,37.42966719955265,8.855594071235494,0.0,0.3017655968233111,0.055991819983997354,2.2489286782364815,9.431705246693216,0.6594526909943019,0.08241054856674229,2.269348931065365,0.0,0.39471765584665547,3.28609959607077,0.26530819789326077,0.030746913555107162,0.23456128433815357,0.0,0.0,0.7346918021067391,0.0,0.0,0.0,0.0,1.0,0.13442093819366396,,,0.18835914010109434
B000533,25467.77531061151,6.354235356938999,10.502220065551455,4.23262258303577,0.29024960746131234,0.021,0.016162172572159975,0.3604164483591675,3.691866831204055,0.8651670293020173,1.2256904263832982,0.0,0.0,0.5715110700496276,3.036409692542025,0.22590566595453368,0.22590566595453368,0.0,0.13615596223662554,0.0,0.6379383718088407,0.0,0.0,0.0,0.0,0.9,0.2773975050000395,,,0.188624025984382
B000534,5338.788437795907,1.517995006481634,10.822449153812641,2.7025564482973183,0.2116479898229043,0.31622499061958437,0.3938911174828029,14.258858452877467,0.4923638968535037,0.2761231506530633,0.0,0.43684633420917984,0.06003184669148247,0.25262977807440484,2.6639409972162373,0.6756485398494884,0.4542018315868068,0.22144670826268154,0.0,0.0,0.32435146015051186,0.0,0.0,0.0,0.0,1.0,0.5966159786166029,,,0.18837769891077183
B000535,3054.6797027795683,8.580560962863956,23.839607032037872,6.9065268406644575,0.0,0.36205325739902994,0.027766889149799256,1.2035942504928452,5.963991435378067,0.3353277365461739,0.06674225241126484,1.520277127032267,0.17455141900483806,0.5196709924913431,3.097523630290808,0.29295382158601563,0.29295382158601563,0.0,0.0,0.0,0.7070461784139841,0.0,0.0,0.0,0.0,0.5,,0.14312405413172735,0.5809744021471839,0.18835914010109434
B000536,4384.43985764809,6.7143029979296935,21.087020690521488,9.801675457719924,0.040204612147307146,0.19664740081296042,0.011421237835804406,0.4182437263690856,1.96462658213067,0.5364381239416531,1.0486508131586458,1.081461014659108,1.61348975737248,0.46963670666713647,2.442867024598376,0.7003698526528227,0.6204750185788971,0.07989483407392546,0.0,0.0,0.2996301473471774,0.0,0.0,0.0,0.0,1.0,,0.3246463294237748,0.19090698854315447,0.1914861261152433
B000537,16406.844635493686,11.489386999645438,14.559404038145194,17.253855807419228,0.10921540486663187,0.433,0.03769261318012797,1.0243079371473223,5.355998378359593,0.8530849680769055,1.530512906275117,2.8088880816012725,0.0,0.9409026653325507,2.050888028501289,0.8409309555264411,0.766681131049014,0.074249824477427,0.0,0.0,0.15906904447355893,0.0,0.5,0.5,0.5,0.5,,0.2975209319935819,,0.40513160691334116
B000538,11084.911095668009,4.0529839472277915,9.558263810264128,6.010316613409843,0.0,0.6255811195707149,0.018994625754223237,0.4235801543191782,1.8994625754223238,0.18428623497486304,0.0,1.1388659999131656,0.0,0.8303691369174381,2.6854692300736893,0.4696729166803728,0.3491957891413241,0.12047712753904859,0.0,0.0,0.5303270833196271,0.0,0.0,0.0,0.0,1.0,,0.4560206437398218,,0.1914861261152433
B000539,2011.3956186371488,4.0470736793504,14.815744831352612,5.189516965784671,0.0,0.31402316186446216,0.006801900695259024,0.15168238550427623,1.5537336613535844,0.4477766523145538,0.781483691529497,0.3455290936931061,0.6586555456513311,0.2598950348083277,2.7157100275728965,0.4229862024014573,0.06421801415042282,0.3587681882510345,0.19309845914516036,0.0,0.3839153384533824,0.0,0.0,0.0,0.0,1.0,,,,0.1914861261152433
B000540,25302.469960619477,7.519307566305937,16.82162816872101,10.80873769343227,0.0,0.3710240862560034,0.031052719232966635,0.7227962319131239,2.4568384894159054,0.0,1.2129486848807027,2.0814403322400854,1.3406109482429274,0.4274691115263165,1.700785377228613,0.9623003678419887,0.9623003678419887,0.0,0.0,0.0,0.037699632158011386,0.0,0.0,0.0,0.0,0.95,0.43299878755564,,,0.1914861261152433
B000541,9427.46391962548,2.185825161053902,14.300138207409178,3.8742878170391175,0.0,0.4208922798319554,0.2537576913408477,9.081160097730072,0.6857813043832561,0.3933043803387395,0.0,0.8164323339243711,0.1483345620554856,0.1419725803520498,2.373927272000983,0.45656618956608214,0.45656618956608214,0.0,0.22969357329042892,0.0,0.313740237143489,0.0,0.0,0.0,0.0,0.6,0.5318467353831272,,,0.18837769891077183
B000542,970.3646381217147,1.0139651391031501,4.549608243914741,1.8225822403010206,0.0,0.365,0.6049345733229101,21.751229354768427,0.3299489672465465,0.0,0.0,0.29989917828894386,0.1782732835614385,0.20584371000622134,2.5152953314039745,0.5977474659713484,0.3019787390955862,0.2957687268757622,0.0,0.0,0.40225253402865163,0.0,0.0,0.0,1.0,1.0,1.4473398027798317,0.34049986042927444,,0.18837769891077183
B000543,1513.020504726175,0.5472045225049458,4.170792864759793,0.24531560195625524,0.0,0.488,0.611696789345469,22.14342377430598,0.2786866731525101,0.0,0.0,0.0,0.06966963095557648,0.19884821839685907,1.8602555078058984,0.7500273727198721,0.7500273727198721,0.0,0.12731917974041743,0.0,0.12265344753971044,0.0,0.0,0.0,1.0,1.0,0.6020835777729281,0.4022674009489114,0.5281167534815917,0.18837769891077183
B000544,366.50591695964783,1.1382171334150555,4.685714291429905,0.0976655394790973,0.0,0.453,0.6802236524605276,24.624096219071102,0.8502795655756595,0.0,0.04531681031830115,0.0,0.0,0.24262075752109458,3.289556223644567,0.2529724420642666,0.2529724420642666,0.0,0.0,0.0,0.7470275579357333,0.0,0.0,0.0,0.0,1.0,0.4925881853644368,0.3395526389345488,,0.18837769891077183
B000545,2824.578029529239,1.304654978997339,9.821028945696236,1.22120499746135,0.0,0.2822837295043067,0.6289597831333644,22.68911860132111,0.5511759553282783,0.0,0.0,0.3590450950508558,0.1558590020673951,0.23857492655080903,1.6600295884555403,1.0,0.7247968996931342,0.2752031003068652,0.0,0.0,0.0,0.0,0.0,0.0,0.0,,0.8758881263496978,,,0.18837769891077183
B000546,5457.008469139282,8.773325513085663,22.507474984947944,10.052388072902007,0.0,0.15211079288317864,0.020131185090816038,0.47613237816778015,2.0909430314989423,2.0229407827930457,2.5030530140847396,0.5800298220342524,1.246775503484518,0.3295833591901628,2.0084646659638983,0.7678970060918631,0.2743716794474333,0.4935253266444296,0.23057856223113712,0.0,0.0015244316769996403,0.0,0.0,0.0,0.0,0.95,1.1968696903235656,,,0.1914861261152433
B000547,5725.5105679942235,5.10295059536027,13.110190125446037,6.524381700658953,0.24413828087538064,0.3108288095494489,0.010368200525426877,0.34249211178052985,2.207631214236281,0.9280077557414701,0.5439183323638863,0.6560835874854726,0.0,0.7673097055331621,1.4725531389485662,1.0,0.8934110134520152,0.10658898654798468,0.0,0.0,0.0,0.0,0.0,0.0,0.0,,,,,0.1914861261152433
B000548,10708.297951080709,12.901563796482781,20.253596020192667,10.424047057585955,0.08558679044267825,0.2169878405085943,0.01485226759307058,0.6409671279260621,6.065075505447384,1.0151684771897693,3.0197287415054217,0.0,1.751811786312465,1.0497792860277393,2.713577185895505,0.5298960962313075,0.4512104040777312,0.0786856921535763,0.0,0.0,0.4701039037686921,0.0,0.0,0.0,0.0,1.0,0.2571557580911864,,,0.188624025984382
B000549,3760.9893998689254,4.8591594313552005,8.69642429431391,7.153096557146061,0.17680965156690628,0.44160929064318927,1.5130032093279124,33.73997156801245,1.8912540116598904,1.4485475300871478,0.0,0.7119199452801013,0.0,0.8074379443280617,2.658229874003821,0.6107857668847002,0.4642748414175872,0.14651092546711306,0.0,0.0,0.38921423311529973,0.0,0.0,0.0,0.0,1.0,0.48479289226738204,,,0.18835914010109434
B000550,3035.882498067842,3.887173493044612,6.304613133250336,6.118763037027363,0.0,0.488,1.6958596176723781,37.770777212205125,0.9551005914483663,0.6057392012270905,0.0,1.1670174017722192,0.0,1.159316298596936,2.4932755507458153,0.8314078408748874,0.3753549772269606,0.4560528636479268,0.0,0.0,0.16859215912511277,0.0,0.20000000000000004,0.20000000000000004,0.20000000000000004,0.98,0.42204916696384914,,,0.2785184786737387
B000551,3736.7956169909194,8.036119606432084,18.86601142748878,12.159708232628718,0.03269278464951117,0.32267471347611265,0.021453188023078964,0.7683502153903361,2.2896501964308977,1.2768964435395527,1.2882698767396297,0.831609467842267,1.7137697418806652,0.635923879999072,1.9515251960235886,1.0,0.5243630209033789,0.47563697909662117,0.0,0.0,0.0,0.0,0.0,0.0,0.0,0.95,0.6946308274676299,0.5058751264164244,0.8982678865923911,0.1914861261152433
B000552,1785.7275855427765,1.8221710056558944,12.131647132379623,2.9061072851701812,0.0,0.3102231007748406,0.28334284137100496,13.299827976115168,0.392189093805331,0.40565041147518366,0.04909445903891255,0.8060661488151613,0.0,0.1691708925213061,2.546390780600484,0.5732022597651647,0.5732022597651647,0.0,0.22261928777050696,0.0,0.20417845246432845,0.0,0.3,0.3,0.3,1.0,0.8562918517654199,,,0.31989570700826886
B000553,13672.646535084143,5.345053375717022,16.037533893517,6.588280165469689,0.0,0.44290621839772853,0.01648285926089058,0.32846511460158834,2.072294295512418,0.0,0.8551216219845379,0.871294762887848,1.1583125010497293,0.38803019428248886,1.707756341111088,0.9621441634977781,0.5854530471505682,0.37669111634720975,0.0,0.0,0.03785583650222196,0.0,0.0,0.0,0.0,0.95,1.219314722348919,,,0.1914861261152433
B000554,687.5681048263451,1.749537162408003,7.337870245566234,0.43066973172691236,0.0,0.1052934956650182,0.43737404538863395,9.753441212166537,1.1434519206905114,0.0,0.111228689302726,0.0,0.1843733050334998,0.3104832473812652,2.3017851806234297,0.6223474161668506,0.6223474161668506,0.0,0.0,0.0,0.377652583833149,0.0,0.0,0.0,0.0,0.6,0.5901745887799035,,,0.18837769891077183
B000555,2038.2888775963995,1.2827494509731905,6.821170824337807,3.390003039086151,0.020979715568863317,0.28433947984477365,0.5261656046463686,19.003286343838262,0.2885809618108481,0.4119462055701807,0.07668998197588582,0.11530336691611993,0.17957407809222387,0.21065485660793185,2.478016296090225,0.766706832330215,0.766706832330215,0.0,0.0,0.0,0.233293167669785,0.0,0.0,0.0,1.0,1.0,0.44810764266748704,,,0.18837769891077183
B000556,2555.8982980200303,8.03741603150953,11.73123917103521,11.704848504040424,0.06873750488379296,0.29359777824177,1.5094337849418993,54.65250020060467,2.0805968903959844,1.5750538726138008,0.5703146644031826,1.8229320113164647,0.8295580824879057,1.1589605102921903,2.257810445036174,0.7509901013359843,0.5957520547251112,0.15523804661087318,0.0,0.0,0.24900989866401574,0.0,0.0,0.2,0.0,0.98,0.5460611168512676,0.3481355689198404,,0.19030060538549587
B000557,540.0016827785826,1.336637828659858,5.890606572487249,1.292908534427473,0.0,0.40147687845330055,0.6279953576078892,22.713945836847454,0.34477434437579413,0.48020733853789876,0.0,0.10889268259413862,0.0,0.4027634631520267,2.530344405799939,0.7420585165381172,0.6605909115823927,0.08146760495572447,0.0,0.0,0.2579414834618831,0.0,0.0,0.0,1.0,1.0,0.8017184283573376,,,0.18837769891077183
B000558,15391.828296431471,4.248365524822376,15.37714671280592,4.742554682419535,0.0,0.2539587791007091,0.011872822427032468,0.26476394012282406,1.26173892572023,0.9181021884313532,0.5441928001757135,0.0,1.274303246677279,0.2500283638178008,2.660136585730857,0.34677051639193257,0.046819102317090786,0.2999514140748417,0.3442017830300053,0.0,0.3090277005780621,0.0,0.0,0.0,0.0,,0.6462716217463245,,,0.1914861261152433
B000559,1114.0302806231482,3.5706098737921415,5.8099587485724475,1.237392816643326,0.0,0.23999999999999996,1.2503470122893106,45.046434863335534,2.1239686839033562,0.0,0.8302905799676716,0.0,0.0,0.6163506099211146,3.123908341577681,0.3274161598605497,0.3274161598605497,0.0,0.0,0.0,0.6725838401394506,0.0,0.28,0.28,0.28,0.7,0.3459903064000594,,,0.3131956702029707
B000560,10144.914178244018,4.2025327996039845,10.425124179021177,4.114139489564953,0.14823533701939692,0.35660518964728344,0.01751441661733197,0.4147353909994608,1.8483067825736756,0.6939461608884827,0.9014771593243036,0.27838428776849095,0.0,0.48041840904903116,2.817070761587345,0.5465034051906048,0.10062762091169294,0.4458757842789117,0.0,0.0,0.45349659480939525,0.0,0.0,0.0,0.0,0.95,1.4096300378488953,0.4937622940819463,,0.1914861261152433
B000561,13251.129255185264,4.727481004347222,10.650585381728055,6.880831356917723,0.0,0.43713332967098684,0.00901638441309069,0.3423563432431765,0.8486142310659238,0.0,0.6598252702796222,0.0,2.5983860089680513,0.6206554940336247,2.305606377033328,0.8263626922931353,0.8263626922931353,0.0,0.13957227319853227,0.0,0.03406503450833241,0.0,1.0,1.0,1.0,1.0,0.11613421817017643,0.2386799649714623,0.797071039183911,0.608845443987547
B000562,15695.08155677387,8.637909497398939,13.308713347627855,13.101593918112943,0.0,0.3730036010799888,1.365733397531005,64.17635029583639,2.233563522349969,0.0,1.543243844662849,2.897832215465691,0.9111667514497919,1.052103163470638,2.00728549635836,0.7936555507159747,0.6149961372169617,0.17865941349901307,0.0,0.0,0.2063444492840252,0.0,0.28,0.28,0.28,0.7,0.4888955478490441,0.4814410453426755,0.5945678467344259,0.3131956702029707
B000563,4030.3943755210867,1.8370074637744243,7.887860081453212,1.2998516378262535,0.0,0.33131785213963266,0.3211246684504255,7.131291460062688,0.8931427103445141,0.6191217002587945,0.0885817714041161,0.0,0.0,0.23616128176699958,2.099961740845591,0.9650904313149674,0.9650904313149674,0.0,0.0,0.0,0.03490956868503259,0.0,0.0,0.3,0.0,1.0,,,,0.18837769891077183
B000564,13768.034580445716,6.6097141528784045,17.9226977217345,9.020163066282084,0.0,0.2081333751200656,0.013010365932232785,0.22651694290043048,2.2636794797244244,0.45007863295175027,2.0434754854901827,1.5320916342272604,0.0,0.3203889204847857,2.4520304639492663,0.5894288240143659,0.2802663643034134,0.3091624597109526,0.06809350942290744,0.0,0.34247766656272655,0.0,0.0,0.0,0.0,1.0,0.17741089224653014,0.3763316621813299,,0.1914861261152433
B000565,13146.555311226028,10.081714195725482,14.554926018170852,11.990909630827995,0.0,0.24000000000000002,0.02013483843672104,0.49195880755124466,3.97039587857013,0.0,2.047339610781134,3.417562613590114,0.0,0.6464160927841043,2.7704792360949386,0.6061784929140795,0.40310393921871884,0.20307455369536065,0.0,0.0,0.39382150708592073,0.0,0.0,0.0,0.0,1.0,0.14419169531178525,,,0.188624025984382
B000566,8594.149381789559,4.590891763776474,15.52070975661951,5.576868453740559,0.0,0.37603162619321906,0.018179230002660272,0.3377518456266487,1.3356594882873547,0.47412506487970696,0.901463174593649,0.13320854871970247,1.437612031276243,0.3088234560198177,2.607195694375709,0.7090631718163969,0.4094289590634054,0.29963421275299146,0.0,0.0,0.2909368281836031,0.0,0.0,0.0,0.0,0.95,,,,0.1914861261152433
B000567,15664.018126594325,6.13313160790694,19.50384620802357,5.715051270228311,0.0,0.12758077070471843,0.008327561665052703,0.1857046251306753,1.9022348981084856,0.362217164369314,1.143226508862168,0.0,2.314386962688849,0.4110660738781234,2.3285887916787136,0.6307837158494318,0.2534256040970115,0.3773581117524204,0.05905908881888941,0.0,0.3101571953316787,0.0,0.0,0.0,0.0,1.0,0.26691508682465553,,,0.1914861261152433
B000568,35106.11566075269,19.069047072652193,37.558548744794344,10.796358471411788,0.0,0.2722405632436275,0.07713044542803082,4.906059289124084,14.452129691586048,0.9108132159229284,0.0,1.3756912252459965,1.4074350670965745,0.9229778728006404,3.272598898050113,0.24211578918841073,0.12054451852202228,0.12157127066638848,0.0,0.0,0.757884210811589,0.0,0.0,0.0,0.0,1.0,0.16726280811309688,,,0.18835914010109434
B000569,10923.281095918679,3.922183517385522,16.166696859820107,6.356764274911067,0.4233784357851453,0.11627152388419495,0.4490586906421364,21.004521303289806,1.2180292825910926,0.3282902460028128,0.0,1.7222668985983494,0.17265022539432479,0.48094686479894105,2.2430813595924177,0.6057503373466155,0.6057503373466155,0.0,0.08370088868805582,0.0,0.31054877396532826,0.0,0.0,0.0,0.0,0.6,,,,0.18837769891077183
B000570,3956.73693207461,12.601073032084745,17.74353497115657,5.383495820591282,0.0,0.2375209344938653,0.026205072773546435,0.539758856072453,4.117644840365708,1.3885261028783433,1.1037059240116465,0.6854152394907724,0.0,5.305780925338274,2.5827795396259843,0.6732306185448339,0.5856423694170493,0.08758824912778457,0.0,0.0,0.3267693814551662,0.0,0.5,0.5,0.5,0.5,0.31966799354843534,,,0.40513160691334116
B000571,6276.0225964577185,2.965984213826899,14.969106963799197,3.120448072942444,0.0,0.1475621214735173,0.4051568335632432,14.66933898506483,0.5915297015897609,0.0,0.03236484139573565,0.6744457688249962,0.37530055407470414,1.2923433479417024,2.0880865185073527,0.7343067323101115,0.5968598121377199,0.1374469201723917,0.22739358007397617,0.0,0.038299687615912306,0.0,0.3,0.3,0.3,1.0,,,,0.31989570700826886
B000572,1366.741381671041,3.9846687512275247,7.229300016297597,3.733899359799251,0.0,0.3139776049181141,1.8404934496461445,86.46678854617232,1.2771040360233339,0.0,1.679084344999801,0.3854554996478137,0.0,0.643024870556576,2.0399409814967386,0.9301384971396425,0.4120176761776469,0.5181208209619955,0.0,0.0,0.06986150286035757,0.0,0.2,0.2,0.2,,0.8186328354652435,,,0.2785184786737387
B000573,2604.0635624827087,2.3978485842382216,5.953798560328159,5.672128368671648,0.0,0.6603291797507266,0.01254808821295725,0.27982236714894665,0.50192352851829,0.0,1.067556566791711,0.0,0.43895839642245194,0.38941009250576875,2.210925677652684,0.7319009978223446,0.2866866611836258,0.4452143366387189,0.0,0.0,0.2680990021776553,0.0,0.0,0.0,0.0,,0.9156572591864707,,,0.1914861261152433
B000574,21941.313090588905,10.508291710052157,21.615824175055646,7.692960475066586,0.0,0.4070268244448264,0.054366228122928933,2.0482250645716364,7.8352324684500445,0.36498703586673115,0.0,1.511881730205149,0.20870115539561326,0.5874893201346185,3.213597105752176,0.2445509659402163,0.2445509659402163,0.0,0.0,0.0,0.7554490340597838,0.0,0.0,0.0,0.0,0.5,0.16623548424412873,,,0.18835914010109434
B000575,13124.975783461128,6.55920828758677,13.59801512967278,8.354642614809995,0.0,0.19395894321542315,1.5657306726283815,73.57218101680948,1.5526962699747324,1.177656432843265,0.6275245745597359,0.3490904299877848,2.3531706380071182,0.49906994221413625,1.8430788314644133,0.9880608803662527,0.5336317660769894,0.4544291142892637,0.0,0.0,0.011939119633747339,0.0,0.0,0.0,0.0,0.98,,0.36027663102914637,,0.19030060538549587
B000576,1372.4670183522653,2.7449340367045307,11.67116625147033,3.6145994420624836,0.0,0.20702029371974554,0.6393366334515327,29.910519763958543,0.9508842322128042,0.5729729222211937,0.1127844989687092,0.4993049934182583,0.14444027849758828,0.46454711138597654,2.461681946640279,0.7223072665071207,0.3316684018563729,0.3906388646507478,0.052620673781654186,0.0,0.2250720597112249,0.0,0.3,0.3,0.3,1.0,0.5088138502665306,0.3973714103760372,,0.31989570700826886
B000577,577.4229373784138,1.7083518857349522,11.844006664643983,2.2280544077696027,0.0,0.22277719063434517,0.1369657609635074,3.038888218225955,0.6325687808774074,0.21675098774724702,0.0,0.4891857397129794,0.20276148128426133,0.16708489611305705,2.59278438452159,0.7868300601461675,0.37360329266639575,0.41322676747977155,0.0,0.0,0.21316993985383254,0.0,0.0,0.0,0.0,0.6,0.6309701625143512,,,0.18837769891077183
B000578,6887.309209697897,6.289780100180728,14.657920436147332,7.218922952076437,0.0,0.365,0.035431621500927844,0.5503613650561245,2.1129620823094326,1.195707698675548,1.7896927483324836,0.0,0.8261908716883274,0.36522669917493605,2.4967078888365632,0.664064236164835,0.5327097438727137,0.13135449229212132,0.0,0.0,0.3359357638351648,0.0,0.0,0.0,0.0,0.95,0.6942139011829644,,,0.1914861261152433
B000579,3903.119324992461,4.2703712527269815,9.840983109941554,4.689008027646811,0.0,0.365,0.01082114081161197,0.3917252973803534,2.4718341955458816,0.0,0.0,1.5262327748062363,0.0,0.2723042823748635,2.8359316770167617,0.4154578981893679,0.3348485343830367,0.08060936380633117,0.0,0.0,0.5845421018106323,0.0,0.0,0.0,0.0,1.0,,,,0.1914861261152433
B000580,6869.805172694604,18.92508312037081,48.311126528271195,4.400582522494776,0.0,0.0,0.13234395715542793,6.140759612011856,17.309375531303626,0.0,0.0,0.9945668547439994,0.0,0.6211407343231798,1.4399763939581967,0.9446334775654446,0.9446334775654446,0.0,0.05255283944689551,0.0,0.0028136829876598316,0.0,0.0,0.0,0.0,1.0,,,,0.18835914010109434
B000581,67904.79590840497,23.09686935660033,44.53325574217283,4.017413930131348,0.11896559239129512,0.365,0.06890286657684998,4.4377086761241795,21.090423851711805,0.0,0.0,1.2968012420156179,0.20166848415693497,0.5079757787159725,1.3949085733505617,0.991797297507907,0.991797297507907,0.0,0.0,0.0,0.008202702492093063,0.0,0.0,0.0,0.0,1.0,0.16701074524526452,,,0.18835914010109434
B000582,5187.091002151015,6.754024742384135,13.308561944023733,14.047605450749238,0.0,0.4727202732380703,0.017653334852935267,0.464600847021287,1.4078681127381587,0.22142113733780489,1.5333625270555522,2.6295152099315664,0.0,0.9618577553210549,1.8998015928042389,0.9890413167193859,0.9562577327404437,0.03278358397894237,0.0,0.0,0.010958683280614124,0.0,1.0,1.0,1.0,1.0,,0.33172456473459433,,0.608845443987547
B000583,18712.984105041967,5.29662725871553,15.009348168619558,7.709867228872298,0.0,0.3919864465159796,0.02685185626696252,0.6472732300710133,1.703843836743003,2.1822397178451336,0.0,0.8815874086817959,0.0,0.5289562954455971,2.356407448442648,0.66850929220388,0.5020661264645588,0.16644316573932127,0.0,0.0,0.3314907077961199,0.0,0.0,0.0,0.0,0.95,0.41331042870147316,,,0.1914861261152433
B000584,17331.332642974867,7.571573893829125,21.93070684067798,4.998734903402663,0.0,0.3832884101751206,0.025886823461985658,1.5836169331164498,5.396460555544876,0.35682358235429296,0.05516417209753551,0.829052912126072,0.23038377322561282,0.7036888984807353,2.8449051242396792,0.4589975002946298,0.4589975002946298,0.0,0.007285694212466793,0.0,0.5337168054929033,0.0,0.0,0.0,0.0,0.5,0.13803666291295733,0.1527431552674692,,0.18835914010109434
B000585,2086.7886130959805,4.302656934218517,12.119663336056684,6.2640849039980715,0.0,0.38729105322719604,0.024433767677086334,0.5326349939836749,1.7083130080888103,0.597493291362181,0.14190887673619274,0.9253475142810013,0.24897364142167164,0.6806206023286584,2.0768421272444866,0.8149647286473826,0.6431169193977079,0.1718478092496747,0.0,0.0,0.18503527135261727,0.0,0.0,0.0,0.0,0.5,0.29002760754644913,0.1441302268634571,,0.18835914010109434
B000586,6085.2061247536585,6.607172773891052,11.119255592223134,9.899325515844398,0.378467649406786,0.18836047313330792,0.019982609715649198,0.3670668296169342,3.7134459451989787,0.30634084442869386,0.0,1.8836236675529385,0.18691368608053013,0.5168486306299103,3.1074160034637273,0.10651489537119906,0.10651489537119906,0.0,0.3314525875024051,0.0,0.5620325171263958,0.0,0.0,0.0,0.0,0.5,,0.21049153918618058,0.8116951525226989,0.18835914010109434
B000587,1776.9157222643425,1.1253424460192163,8.729900044095542,2.277159468763043,0.0,0.38982236946504006,0.3743017669153483,13.441224365830148,0.20386413422954008,0.27559547116208477,0.03653367518982749,0.34442685148986624,0.14634495925292268,0.11857735469497527,2.634129196723511,0.5582174924278314,0.21968896004437538,0.33852853238345587,0.24489920569243212,0.0,0.1968833018797368,0.0,0.0,0.0,1.0,1.0,0.47200056544735014,0.48576785652949545,,0.18837769891077183
B000588,5084.478162201683,3.061094619025697,10.837476205420362,1.5099216525516064,0.0,0.24000000000000002,0.007880334259689651,0.08668367685658615,1.800076353736215,0.0,1.0131574288621281,0.0,0.0,0.24786083642735432,3.168634432188672,0.3735241758584963,0.042545374169379646,0.3309788016891166,0.0,0.0,0.6264758241415038,0.0,0.0,0.0,0.0,1.0,0.16484390161383053,,,0.1914861261152433
B000589,23072.27327159969,4.964982412653258,7.129741248243407,3.195229332792409,0.0,0.33248991763941377,1.5670887954749169,73.44567873830688,2.1853644144764934,0.2939523327616042,0.0,0.6386985088438157,0.5914374428541296,1.2555297137172161,2.9907900710728446,0.4795067264290876,0.2916609771211829,0.18784574930790474,0.0,0.0,0.5204932735709127,0.0,0.2,0.2,0.2,0.98,,,,0.2785184786737387
B000590,8782.896148086184,4.569665009410085,8.98229764362223,5.163902150121521,0.0,0.4295322379373624,0.012931262802828459,0.527712240460189,1.3739210917827767,0.0,0.0,0.13904401671882546,2.3326671356582964,0.7240327652501866,2.2338896454249464,0.6689111553284479,0.6689111553284479,0.0,0.030427616998729444,0.0,0.3006612276728226,0.0,1.0,1.0,1.0,1.0,,,,0.608845443987547
B000591,26592.529786741645,5.628048632114634,8.190518332457371,7.945253580021464,0.18921698188181238,0.2066034978276868,3.9903579869691255,144.44543283770477,1.4126580695859334,0.0,1.336134694514425,0.7023984793657628,1.5679046790953934,0.6089527095531182,2.251824636085771,0.5228160434026067,0.5228160434026067,0.0,0.40339082102212265,0.0,0.07379313557527056,0.0,0.0,0.0,0.0,0.98,,,,0.19030060538549587
B000592,4843.227933275109,2.9140962294074058,8.726049644040101,3.7170661403659184,0.0,0.4796634049181166,0.9147468502382726,42.99310196119881,1.1434335627978407,0.18503814370962088,0.05540668390988211,1.0043532554469774,0.0,0.5258645835430845,2.900504956210819,0.22996785468408662,0.1664702454279745,0.06349760925611204,0.3446534281577987,0.0,0.42537871715811465,0.0,0.0,0.0,0.0,0.9,0.47393490608852273,0.28465654697917825,0.5373615834436539,0.18835914010109434
B000593,8059.951050709458,4.664323524716122,12.911507571828047,8.4159762025633,0.0,0.40879564849866623,0.020896329065582683,0.39876316898193864,1.653673313947664,1.012502284451306,0.0,0.795047512584098,0.7998137566559611,0.40328665707709344,2.471730876865737,0.585743111443296,0.4142683515091343,0.17147475993416195,0.0,0.0,0.41425688855670406,0.0,0.0,0.0,0.0,1.0,,0.43554326073087996,,0.1914861261152433
B000594,1354.3617788403274,3.344103157630438,13.71643141906477,5.203233689478828,0.0,0.41581172689739926,0.4028901220874615,14.54808786244745,1.1007197758789142,0.41539072534372795,0.02597611941246345,1.404529384125273,0.16989393258314925,0.2275932202869089,2.5100746802670213,0.6507597327302113,0.5265438500963558,0.12421588263385547,0.007767738669541998,0.0,0.34147252860024646,0.0,0.0,0.0,0.0,0.6,,,,0.18837769891077183
B000595,7897.558845172705,4.111170663806718,9.093124446111752,4.3764153756909145,0.23695999609585008,0.27349409674320047,1.276203848593943,59.9751490873309,1.669142352476469,0.5825318564552433,0.17729311229458475,0.2770172494121695,0.9293678325521313,0.4758182606161195,2.8034228018446967,0.5939982820049277,0.45230339651071866,0.1416948854942088,0.0,0.0,0.40600171799507223,0.0,0.0,0.0,0.0,0.92,0.34870975085181377,,,0.19030060538549587
B000596,6322.564178355859,7.491189784781824,18.761001819685017,12.804714301562486,0.0,0.41918417891122517,0.0204083412997467,0.4307325060377255,1.8117143082770593,1.0459502984706057,0.8723431502615976,1.8098509896773165,1.4548255072806024,0.49650553081464216,2.385087044990226,0.5265288808668033,0.4100796684821776,0.11644921238462576,0.24159726848116786,0.0,0.23187385065202878,0.0,0.0,0.0,0.0,0.95,0.8968832040632743,,,0.1914861261152433
B000597,473.02293921577484,0.846194882318023,6.243136002168517,0.5406151071760829,0.0,0.1258703374560758,0.19260193805140002,6.901657452340794,0.29355376980871256,0.0,0.05869028392901448,0.13739808568155634,0.17370777138542023,0.1828449715133195,2.561329401472871,0.5824308326298181,0.5824308326298181,0.0,0.0,0.0,0.417569167370182,0.0,0.5,0.5,1.0,0.5,0.4254678780640173,,,0.4049048318617571
B000598,11030.869497420777,4.139163038431811,6.726711666856782,1.6581564740666255,0.0,0.453,1.1792545903939893,26.3467578306203,2.4908678596395135,0.0,0.7693846039669142,0.0,0.0,0.8789105748253829,2.268904979963849,0.757361689159615,0.757361689159615,0.0,0.18587926999329024,0.0,0.05675904084709435,0.0,,0.0,,0.98,0.42583173310069844,0.4389428024091693,,0.19030060538549587
B000599,35597.61018045934,8.245913870849975,14.546192282652498,11.654538554599108,0.07705171123224465,0.31349943567646565,0.016255413196801415,0.24113300056784154,3.183934138771525,1.0277978418879603,1.9395790788110288,1.59040175330611,0.0,0.5042010580733519,2.7054673731803143,0.6138773471759136,0.3786603525299217,0.23521699464599188,0.0,0.0,0.3861226528240866,0.0,0.0,0.0,0.0,1.0,,0.20573484351581536,,0.188624025984382
B000600,3952.223148044173,6.698683301769784,17.547449369132842,9.37376081975458,0.03462679498429352,0.24000000000000005,0.02190653704505113,0.6000501712149456,1.7352747584863266,1.7234755593808828,1.222054082367384,1.685222413835357,0.0,0.33265648769983364,2.4904568462994723,0.739083981058014,0.31813823064823604,0.4209457504097779,0.0,0.0,0.2609160189419861,0.0,0.0,0.0,0.0,0.95,0.417555618345374,,,0.1914861261152433
B000601,13699.56331923173,5.904984189324021,17.493259454009834,8.485732121152633,0.0,0.3334317880095545,0.014705050211606051,0.32792261971881503,1.577289789325479,0.9360143518503772,1.2225382647066045,0.6994710055091112,1.1508899851377776,0.31878079279467203,1.5908820461499247,0.8169264049653395,0.6984720648548738,0.11845434011046588,0.1585125923863868,0.0,0.024561002648273565,0.0,0.0,0.0,0.0,0.95,,0.4538212766289317,,0.1914861261152433
B000602,2348.8942798595235,5.387372201512669,9.316298575069059,8.450694401435376,0.0,0.303714458673011,2.7599543535636246,99.91034759900323,1.7602684553535834,0.8241979600774487,0.1331783759694123,0.9882694550893341,1.170284128479544,0.5111738265433451,1.6113838990885951,0.8017465168413062,0.5845192519140842,0.21722726492722205,0.18344183734174657,0.0,0.014811645816947118,0.0,0.0,0.0,0.0,1.0,,,,0.18835914010109434
B000603,20343.64123196876,11.9598125996289,15.501180974219757,11.622297326930155,0.4814724908202152,0.365,0.015966556465209628,0.5313667506016391,7.0950164713271855,0.0,0.7568260770594456,2.9003179626299675,0.0,1.207652088612296,2.9126617883929797,0.4067619026449176,0.4067619026449176,0.0,0.0,0.0,0.593238097355082,0.0,0.0,0.0,0.0,1.0,0.17628898355040415,,,0.188624025984382
B000604,854.3621188798343,0.940927443700258,7.2603892765035285,0.5405702631698157,0.0,0.021,0.358289209358184,7.989849368687502,0.44786151169773,0.0,0.0,0.0,0.37623690316619174,0.11682902883633618,2.9852315465803314,0.5110763400647517,0.1112188317253032,0.3998575083394484,0.0,0.0,0.48892365993524833,0.0,0.0,0.0,0.0,1.0,,0.3911430048155281,,0.18837769891077183
B000605,4225.024619061229,0.882419511082128,6.787091510314228,1.3596936279332181,0.0,0.30129309471241317,0.1871431775440363,6.7682629385361635,0.28660865753143744,0.0,0.0,0.2844955429237427,0.15599121674500654,0.1553240938819414,2.3850686598567936,0.6752013595212059,0.4742546608924938,0.20094669862871217,0.0,0.0,0.3247986404787942,0.0,0.5,0.5,1.0,0.5,,0.36631229527002956,0.3849912807638705,0.4049048318617571
B000606,2565.3097693940026,7.246637766649725,19.941068380670277,3.3008902775061744,0.05716837709311781,0.39667854994014035,0.020387388755772087,1.3149148319540176,5.524594092244651,0.3007072624321534,0.0,0.8211024575232286,0.12503005192724168,0.47520390252245115,1.679806398734598,0.9515916516912141,0.9515916516912141,0.0,0.04149610786619693,0.0,0.006912240442589148,0.0,0.0,0.0,0.0,0.5,0.11203954603740383,0.15859615303300384,1.0759858164134102,0.18835914010109434
B000607,12559.921305908174,3.3209733754384385,6.03559990089644,4.387842239688158,0.2892386526399337,0.1430116310667,1.573703213448807,56.963593059214304,0.9568732046679137,0.0,1.2662135085243202,0.0,0.6185317168426988,0.47935494540350587,2.4110420001977784,0.5160725342803085,0.5160725342803085,0.0,0.18625012817545988,0.0,0.2976773375442317,0.0,0.0,0.0,0.98,0.98,0.2816247263869575,0.4656793015193951,0.3652270379214082,0.19030060538549587
B000608,2129.4622214783603,3.1178070592655347,10.193878841639728,1.467471296342372,0.0,0.36499999999999994,0.007166661013658939,0.20491001899250846,1.7651874417879159,0.6033737143519827,0.0,0.0,0.17145113011678964,0.5777947730088459,3.033226586546532,0.4338368576906924,0.24031182458806033,0.1935250331026321,0.0,0.0,0.5661631423093073,0.0,0.0,0.0,0.0,0.5,0.6556513917343801,0.11993132617772385,0.2286239789436104,0.18835914010109434
B000609,299670.9304151238,159.56918552456008,806.2904317307476,229.01902040004214,0.0,0.021881538287324486,0.5600179419015662,20.2726494968367,0.3080098680458615,0.5064609737248151,0.0,0.26987289505522494,158.28880408257186,0.19603770516232152,2.003933255622559,0.9962006474321629,0.9930267202603226,0.003173927171840225,0.0016912594632106303,0.0,0.0021080931046266738,0.0,0.0,0.0,1.0,1.0,1.2074329427152128,,,0.18837769891077183
B000610,7145.732076591358,4.1520813925574425,13.361250771908534,5.70853375854374,0.0,0.21739394089818057,0.012283835774353071,0.2276135142694504,0.37490836875256894,0.0,1.8290017049811267,0.32361457011411987,1.258336227154173,0.36622052155545404,1.9957662737382353,0.8987034773801037,0.4582011047003219,0.440502372679782,0.0,0.0,0.10129652261989622,0.0,0.0,0.0,0.0,1.0,0.8614622034262486,,,0.1914861261152433
B000611,10278.103706018448,3.2649630578203457,9.151491795686626,4.635438886390688,0.0,0.44253099665996165,0.9812157006186473,21.828454808420968,1.2224084987140598,0.41387783396382904,0.03670587326297853,1.1853140938431503,0.0,0.40665675803632734,2.840382278824536,0.23622990745793596,0.23622990745793596,0.0,0.3742829384176666,0.0,0.3894871541243973,0.0,0.0,0.0,0.0,1.0,0.9079176471118307,,,0.18835914010109434
B000612,19184.986252889692,12.258777158395969,19.210721617998782,11.710732481592995,0.0,0.3627278310368554,0.009185944761821762,0.4262278369485297,4.981295667260312,1.056393861664541,2.185526966852961,0.4524016287141874,2.6637179385205183,0.9194410953834519,1.8331949594555257,0.9562182995332351,0.8700438101845138,0.08617448934872127,0.0,0.0,0.04378170046676515,0.0,0.0,0.0,0.0,1.0,,,,0.188624025984382
B000613,46057.40595453768,9.581320148645242,18.111655484940606,12.457820166393974,0.0,0.08400272545619336,0.015259343319545345,0.33794083273788594,3.3130257820823443,0.0,1.642038423195062,1.3237258346246592,2.340019788922122,0.9625103198210541,2.5921445609614913,0.6298714390035819,0.6298714390035819,0.0,0.0,0.0,0.37012856099641805,0.0,0.0,0.0,0.0,1.0,0.19335225859013452,,,0.188624025984382
B000614,8873.729498852586,20.259656390074397,34.62268007085698,10.235358935431773,0.0,0.12696963031453698,0.08166811589556003,3.7682269855272335,15.835421013776672,0.981929640598245,0.0,2.2878663448755185,0.2840632292929113,0.8703761615310549,3.2800407736767037,0.21837662451497694,0.21837662451497694,0.0,0.0,0.0,0.7816233754850233,0.0,0.0,0.0,0.0,1.0,0.087886535640887,0.31381269522392485,,0.18835914010109434
B000615,2482.085270583309,1.0589100983717188,6.834336342684956,2.6142498716117926,0.0,0.3794235270434868,0.22013460273282048,7.932871215096405,0.20564983299001757,0.0,0.06026485575191291,0.5030880217989002,0.16614045783821593,0.12376692999267219,1.811753573759133,0.9693222380636324,0.9693222380636324,0.0,0.0,0.0,0.030677761936367655,0.0,0.5,0.5,1.0,0.5,1.0728957325827002,0.29694424191834184,,0.4049048318617571
B000616,10353.378682216839,10.673586270326638,22.684591576827774,13.489931821333691,0.0,0.43076978827501705,0.011132608655145199,0.17711396564047205,4.417221550194225,0.5611559493514577,1.3110082159077923,1.6178121243584607,2.1456480488432494,0.6207403816714516,2.674992076750362,0.4993295553343091,0.3477579950934837,0.15157156024082538,0.052574264651002345,0.0,0.44809618001468854,0.0,0.0,0.0,0.0,1.0,0.2227572996091144,0.2789663344190406,,0.188624025984382
B000617,1216.1040974374484,2.9023964139318577,16.337625183534062,4.663409866364045,0.0097885260809983,0.12533263706793032,0.29369811618849445,10.57005329572684,0.7967157383401661,1.0251418101329308,0.05045905456654973,0.5606557308344838,0.16783945548194987,0.30158462457577745,2.3205959182088303,0.7254972702847089,0.7254972702847089,0.0,0.0,0.0,0.27450272971529077,0.0,0.0,0.0,0.0,0.6,0.5168259672778679,,,0.18837769891077183
B000618,4738.530821374997,5.378582090096478,9.377682007806582,8.194876324565099,0.0,0.1948299208285535,2.8344406039314025,102.60226917780848,0.4819799863390499,0.0,0.7090853326135363,1.2326751024638791,2.304832839247577,0.650008829432435,1.9598635144329284,0.8296791240188331,0.4011585956268913,0.42852052839194177,0.13183499307729582,0.0,0.03848588290387109,0.0,0.0,0.0,0.98,0.98,0.3073674789090902,0.35105864917470503,0.8191715561693053,0.19030060538549587
B000619,6973.072631064346,8.29140622005273,18.03179204981991,7.679770630423642,0.5223411138405916,0.2849017173808153,0.0309373869093396,1.3640366616362154,7.552526641520517,0.0,0.13593513185453912,0.0508429962829246,0.0,0.5521014503947479,3.5253214149192136,0.08911390407398379,0.08911390407398379,0.0,0.0,0.0,0.910886095926016,0.0,0.0,0.0,0.0,0.5,0.122823798754131,,,0.18835914010109434
B000620,4107.961826280341,2.338054539715618,15.219019957851385,3.441599357109192,0.0,0.04020379220679932,0.3042339908871923,10.983015850548686,0.4175509688255454,0.9145825334594451,0.03973642361031091,0.4599270769975096,0.273841297429783,0.23241623939302403,2.271629256761032,0.8214109372844942,0.6246973580309275,0.1967135792535667,0.0,0.0,0.17858906271550573,0.0,0.3,0.3,0.3,1.0,,0.39762740100040045,0.5052268908698457,0.31989570700826886
B000621,1848.3581462621985,2.2819236373607388,14.242947017679226,0.9410082991886443,0.0,0.4456694781275039,0.2617814690662431,12.250813697836271,0.756739908347576,0.0,0.02481667620144591,0.2161766770678019,0.0,1.284190375743915,2.3118176225861626,0.8578213502105083,0.7953638177639256,0.06245753244658267,0.0,0.0,0.14217864978949166,0.0,0.0,0.0,0.0,0.6,0.3550741677590281,,,0.18837769891077183
B000622,7255.471805598335,12.956199652854169,16.934108436584406,9.197971813429271,0.0,0.26548168316407766,0.010564780121745866,0.23559459671493285,6.976741589832176,0.5502342635258407,2.030268165226627,0.0,2.6310773323864076,0.7678783018831183,2.9146312806817694,0.26234202353625796,0.26234202353625796,0.0,0.19917124603617847,0.0,0.5384867304275636,0.0,0.0,0.0,0.0,1.0,0.15125760103086444,0.2359016205445872,,0.188624025984382
B000623,9988.393507347955,5.085740075024417,10.547091528552663,6.55631719284559,0.09279933833833474,0.44718422341146324,1.3614395959271106,30.360102989174564,1.7806218751056475,0.42361379824204265,0.0,0.7020328148441014,1.4791579557015224,0.7003136311311036,2.6935540461096252,0.34570090810432125,0.2076614478708505,0.13803946023347072,0.2908441905958831,0.0,0.3634549012997958,0.0,0.0,0.0,0.0,,0.2947939514700401,,,0.19030060538549587
B000624,2928.200539561005,7.320501348902512,20.528739005267113,10.43844187711239,0.019705003848315288,0.31404125737223376,0.01668140426477249,0.37199531510442646,1.6681404264772488,1.6832372506471298,1.4771298471588574,0.6408405208622809,1.4617714460688784,0.3893818576881168,2.0668574077824555,0.7647516678724979,0.6772111443046199,0.08754052356787771,0.0,0.0,0.23524833212750224,0.0,0.0,0.0,0.0,1.0,0.6878677425671081,,,0.1914861261152433
B000625,6578.55374435929,4.5213427796283785,7.214692707945762,2.39683870496564,0.0,0.3176764837668278,1.779052683170139,83.54522595571945,2.300686942806405,0.9609966992671952,0.0,0.45917476327871914,0.0,0.8004843742760585,2.799315923911623,0.44784283919646595,0.44784283919646595,0.0,0.0,0.0,0.5521571608035342,0.0,0.0,0.0,0.0,0.98,0.39882810039511707,,,0.19030060538549587
B000626,3177.8127602712952,5.684817102453122,11.801283174001009,6.821248649979392,0.10721649088004023,0.2400063518706113,1.105411060027466,51.9397948357314,1.5564927450094554,0.7234986524380991,1.0668464859841702,0.3034007609332982,1.3746102914172182,0.6599681666708813,2.295856969397472,0.730349117054493,0.5426831874815253,0.18766592957296777,0.0,0.0,0.2696508829455069,0.0,0.19999999999999998,0.19999999999999998,0.19999999999999998,0.98,0.19881881454198175,,,0.2785184786737387
B000627,1463.973440515879,2.0677590967738406,9.008258376375396,2.130045525511631,0.0,0.44577048662213314,0.39417089323152765,8.81504520775092,1.0707339365452402,0.4072494271111635,0.07082941794683645,0.11026112987910497,0.1614952182251619,0.24718996706633342,2.950709444412696,0.4596409611131778,0.3720627958866374,0.08757816522654045,0.0,0.0,0.540359038886822,0.0,0.0,0.0,0.0,0.6,,0.30238467123229207,0.4520002843750149,0.18837769891077183
B000628,13357.7066758507,5.876685735086098,8.915466201233922,7.282018283899419,0.17919063565297452,0.41454026000631156,1.3144989659125914,47.54576420924582,2.259502041745226,1.493606606764226,0.7386154484052199,0.0,0.7408962697429939,0.6440653684284333,2.7199071985457066,0.6155142296864506,0.23567052937724195,0.3798437003092088,0.0,0.0,0.3844857703135494,0.0,0.28,0.28,0.28,0.7,0.5930522057969304,0.42403229008765086,,0.3131956702029707
B000629,1719.8806806476334,2.4746484613635014,4.59496705774671,1.226635845708376,0.0,0.021,3.2584368164290725,117.96463540835973,0.9132654345742781,0.0,0.0,0.0,0.8537385486130296,0.7076444781761936,1.589446077114584,0.9650607433314917,0.9650607433314917,0.0,0.0,0.0,0.03493925666850831,0.0,0.0,0.0,0.9800000000000001,0.98,0.3542370177810923,0.293743319510075,,0.19030060538549587
B000630,2914.180128294102,2.0741495575046986,9.95726275832108,3.656129491475037,0.5046863914453963,0.0953093231703389,0.6009884752735352,13.402042998599835,0.7512355940919189,0.33191512285821334,0.053003227675392256,0.7122907067997143,0.0,0.22570490607946034,3.007272912436427,0.4603801489481627,0.09141257295726275,0.36896757599089997,0.1600246817580132,0.0,0.3795951692938242,0.0,0.0,0.0,0.0,0.9,0.8292297716275798,0.3495810475998734,,0.18837769891077183
B000631,1629.8414331129557,3.5125892955020594,9.27808349760621,6.492490855613408,0.0,0.3849838996635468,0.02752013219270683,0.8651035318550641,0.7206772502970076,0.0,1.1619951240950355,1.1177626158369307,0.0,0.5121543052730854,2.1648791533533647,0.9469702240006947,0.6161615167080449,0.3308087072926497,0.0,0.0,0.053029775999305244,0.0,0.0,0.0,0.0,1.0,0.6305835123780615,,,0.1914861261152433
B000632,19955.26169002216,8.714088074245485,15.121594314938745,6.519256322716844,0.19888216618014265,0.23291795431448487,0.007961278690442988,0.17753651479687863,5.2574481918019735,0.4304614666752003,1.29358063796352,0.0,1.1826579103891972,0.5499398674155932,3.063658068754484,0.3378018902079625,0.20208396994909494,0.13571792025886756,0.04939833784184837,0.0,0.6127997719501892,0.0,0.0,0.0,0.0,1.0,0.22806086180757465,0.2402986030660167,,0.188624025984382
B000633,3325.0640167227525,9.109764429377405,22.20856640154463,9.187295819944488,0.0,0.4011968483599733,0.015479555652028994,0.4202349751852409,2.4371366267081895,0.0,1.4494139836212812,2.2903388344723243,0.0,2.9328749845756095,2.3815387537450787,0.7298714041137963,0.7298714041137963,0.0,0.0,0.0,0.2701285958862037,0.0,0.0,0.0,0.0,1.0,,,,0.1914861261152433
B000634,22865.97332437799,8.381955030930348,19.7992024948318,10.945211789921952,0.0,0.15970746610786574,0.02037421627054993,0.4382102588599356,1.9366423392765553,3.5992757826528217,1.0628484342014262,1.159437639835822,0.0,0.6237508349637225,2.3208102340864953,0.7312875028481305,0.4661600873660901,0.2651274154820403,0.0,0.0,0.26871249715186957,0.0,0.0,0.0,0.0,1.0,0.4960922482408578,,,0.1914861261152433
B000635,28072.55355942735,9.972487942958207,19.267787964926914,13.561216797258979,0.0,0.33526723243157525,0.014113180131941773,0.2032676255308741,4.693801403023868,0.45868417803442496,0.8658164236396467,2.2840009760566495,1.2690663619228593,0.401118600280757,2.772186960163675,0.5293249357761053,0.08621747985389219,0.44310745592221323,0.0,0.0,0.47067506422389455,0.0,0.0,0.0,0.0,1.0,0.17449582880120396,0.16750754981247762,,0.188624025984382
B000636,6637.544149581238,2.621462934273791,7.745189676389684,8.962497565779495,0.0,0.39649173760870415,0.01112934107170159,0.03102257911919677,0.2672520240237792,0.6063956307560162,1.2381901200271677,0.0,0.0,0.5096251594668274,1.905339800500057,0.9736052695557431,0.7422857178551189,0.2313195517006242,0.0,0.0,0.026394730444256782,0.0,0.0,0.0,0.0,1.0,0.8972386260475897,,,0.1914861261152433
B000637,2725.7648724909523,1.473386417562677,8.326007660543818,1.3414266729487212,0.0,0.14202042199357784,0.2667912090550544,9.590357322281644,0.4056231906658534,0.6384075448365479,0.0,0.09643650369787166,0.11496807055466814,0.21795110780773547,2.675995021285961,0.6876257556388117,0.2543330788319885,0.43329267680682315,0.0,0.0,0.3123742443611881,0.0,0.5,0.5,1.0,0.5,,,,0.4049048318617571
B000638,27363.98508108336,11.965013153075365,37.11052933230523,1.9569806748359726,0.0,0.27087834292982177,0.027015440633715714,1.7992283462054663,10.048951086871032,0.8494864032236039,0.0,0.2535574587204555,0.14903565027501942,0.6639825539852557,1.4681285096326304,1.0,1.0,0.0,0.0,0.0,0.0,0.0,0.0,0.0,0.0,1.0,0.14632560829633307,,,0.18835914010109434
B000639,793724.967517734,842.5955069190383,2665.0643707294175,1810.9560197583594,0.0,0.45260026924097707,0.010406125750752254,0.19799972816645733,1.891119406253121,837.3432889032746,1.0952510792163526,1.1663717933008875,0.7458391864769462,0.3536365505164298,2.335227086788099,0.9975355005684059,0.002883711889594279,0.9946517886788117,0.0,0.0,0.002464499431594016,0.0,0.0,0.0,0.0,1.0,0.3327647078667735,0.3445700121632438,,0.1914861261152433
B000640,9437.911606695758,10.823293126944677,18.72257146993342,13.923792372689006,0.0,0.3224577109762671,0.009802650115835301,0.21859909758312723,3.2919347403924517,0.3008388974825293,1.1117638891724335,2.3879170962012983,3.0112370499701853,0.7196014537257814,2.1978697094923225,0.6680517107191027,0.3898335182843359,0.27821819243476703,0.027795504931266108,0.0,0.3041527843496314,0.0,0.5,0.5,0.5,0.5,0.19786763309891847,,,0.40513160691334116
B000641,30793.019033778502,13.399921250556355,16.916691547343508,11.744980638565274,0.058055691442367156,0.4350943397090978,0.016584426055410228,0.3529162887442184,7.566762602629172,0.7758756586898954,1.1000813268376526,0.37044274846303893,2.194218155736784,1.3925407581998106,2.875530281820963,0.3996794057031614,0.3720342620089282,0.02764514369423316,0.0,0.0,0.6003205942968386,0.0,0.0,0.0,0.0,1.0,0.11947643719924245,0.39540748457646596,0.23821642001462767,0.188624025984382
B000642,6840.786479414784,4.071896713937371,8.37081088601314,5.5877182786337,0.17513223589311322,0.1865973600317172,1.3706231138859521,49.54899277936142,0.8318154295661386,0.5451572993978759,0.9763380210011771,0.3594738815868256,0.8750880984118677,0.4840239839734866,2.3804438230939806,0.5865557600541255,0.49827408032575443,0.08828167972837106,0.13388288989057615,0.0,0.2795613500552985,0.0,0.0,0.0,0.9800000000000001,0.98,,0.37250641745053636,0.4020865580479348,0.19030060538549587
B000643,12426.928573602407,3.251420348927893,12.335953560986693,4.468640409472604,0.0,0.4428059547781783,0.007999265892541615,0.25880532491264535,1.5875352145653692,0.0,0.0,0.692634130917382,0.6707877610362408,0.30046324240890054,2.809883158446479,0.4997212135856478,0.4997212135856478,0.0,0.0,0.0,0.5002787864143522,0.0,0.0,0.0,0.0,1.0,0.3335906436289862,0.4018395008670559,,0.1914861261152433
B000644,3143.711326885135,5.564090844044487,8.912299363135459,9.961082649513894,0.2965913836211836,0.35206508740907655,1.775402990569507,83.43557497522073,2.3310906647013696,0.9754519153391,0.6126748828566513,0.16375102774095976,0.8265829270823135,0.6545394263240921,2.8245971481053354,0.5622525612678505,0.452140253609821,0.11011230765802944,0.0,0.0,0.43774743873214944,0.0,0.0,0.0,0.0,0.98,0.5955779268241796,,,0.19030060538549587
B000645,14043.128644771421,6.21102549525494,12.858630228491135,3.679859611658345,0.0,0.021,0.008674512494179136,0.19344162862019476,2.913082554015382,0.0,2.561182289714208,0.0,0.0,0.7367606515253514,2.6918660815710935,0.524920131586516,0.11255951711618671,0.4123606144703292,0.0,0.0,0.4750798684134842,0.0,0.5,0.5,0.5,0.5,0.21101527750145374,,,0.40513160691334116
B000646,5135.826191757348,3.311299930211056,8.224690739914001,5.60591222349539,0.0,0.365,0.019375673417205894,0.3252185661198384,0.5080464218004082,0.9889785502065057,0.0,1.3920417371705804,0.0,0.42223322103356176,2.2262723021254374,0.541001462057027,0.541001462057027,0.0,0.29866776524332245,0.0,0.16033077269965043,0.0,0.0,0.0,0.0,1.0,0.3887172528078312,,,0.1914861261152433
B000647,5164.790673365398,2.033382154868267,12.599785806892138,3.091196964196161,0.0,0.28746471314434235,0.28705618996631127,13.41571549517095,0.780454882276918,0.23654817470332057,0.06646576264860264,0.5755332558063363,0.1453885179946071,0.22899156143848223,2.663872418432209,0.5565884255037031,0.12452640949020265,0.4320620160135005,0.0,0.0,0.44341157449629676,0.0,0.0,0.0,0.0,0.92,1.1365911913120215,,,0.18837769891077183
B000648,11711.956275057611,5.795129280087883,10.993739642996601,3.2776090434638148,0.0,0.07775505458502396,0.029325009503571826,0.8155993023843914,3.075871968532178,1.4985995061231112,0.19142674155953388,0.5699543862747732,0.0,0.4592766775982858,2.673502768492405,0.6091981415879997,0.31756940200326056,0.29162873958473895,0.0,0.0,0.3908018584120003,0.0,0.0,0.0,0.0,0.5,,,,0.18835914010109434
B000649,12897.324973438572,6.17687977655104,9.0493607335738,10.502397640565146,0.0,0.6311848546742006,1.4219774906887546,51.48683130399211,2.445489902563523,0.3408315291117999,1.1371952383878536,1.1008002864601216,0.0,1.1525628200277422,2.6088626258933867,0.5385783881219585,0.4833997961076408,0.055178592014317726,0.0,0.0,0.46142161187804137,0.0,,0.28571428571428575,,0.7,0.22788875757175833,0.46474882566970255,,0.19030060538549587
B000650,7351.226864646518,16.822029438550384,33.348054776312964,9.284330055852791,0.23175352390906362,0.23062093964223118,0.0838675980403214,4.9488870434887495,12.435094634130829,0.8518940806523272,0.09629166350982514,2.782259582125234,0.0,0.6564894781321676,1.5513570952619118,1.0,0.9493584240971499,0.050641575902850046,0.0,0.0,0.0,0.0,0.0,0.0,0.0,1.0,0.1629788274355954,,,0.18835914010109434
B000651,15206.43581133534,10.90067083249845,16.02300274151458,11.085588691283421,0.19397574788450347,0.40846304659545457,0.01460584311317766,0.2384060876591857,6.044260906161759,0.6542871308036651,0.7500200802083324,0.4226258024563348,2.540470959453018,0.4890059534153403,2.871175477613654,0.4143175206265584,0.37554689733644403,0.03877062329011437,0.0,0.0,0.5856824793734415,0.0,0.0,0.0,0.0,1.0,,,,0.188624025984382
B000652,1359.6571418140536,1.3086209257113124,5.35547391936527,0.41489749742778137,0.0,0.021,0.6104922412867062,28.625945538102172,0.7864910858683517,0.0,0.0,0.0,0.2887686582097358,0.23336118163322478,1.8591061543320324,1.0,1.0,0.0,0.0,0.0,0.0,0.0,0.0,0.0,0.0,0.9,0.7914354895723597,,,0.18837769891077183
B000653,5619.03917772516,9.412125925837788,18.03280931801837,12.314395320248455,0.0,0.21543063412323665,0.007509749483236013,0.16746741347616312,4.959268526665292,0.7929056795655931,0.0,0.21855725585857058,2.9932151659435196,0.4481792978048148,2.628400756841126,0.46539409781492935,0.46539409781492935,0.0,0.0,0.0,0.5346059021850708,0.0,0.0,0.0,0.0,1.0,,,,0.188624025984382
B000654,6453.861644478191,2.2277741265026547,10.723061614434183,5.0689857579876705,0.0,0.38254789023024677,0.5843532826622756,21.092213798944794,0.3202619247736688,0.6300688795001035,0.047399954094187326,0.8954740660276456,0.1147281736961917,0.2198411284108581,2.549348510778106,0.7993643554850222,0.37612844080904256,0.4232359146759797,0.051499015241864544,0.0,0.14913662927311322,0.0,0.0,0.0,0.0,1.0,0.493034964531151,,,0.18837769891077183
B000655,2160.3574283544526,5.6851511272485595,11.53370588089176,2.6027328520331463,0.0,0.365,0.03241075109113671,2.041437571232911,4.258328452654452,0.0,0.0,0.8871940730031974,0.0,0.5396286015909102,1.8375165948794148,0.9507578965059362,0.7947032810444522,0.1560546154614842,0.0,0.0,0.049242103494063647,0.0,0.0,0.0,0.0,0.5,0.27083993759259145,,,0.18835914010109434
B000656,2107.4668273098796,5.987121668493976,19.27723280191139,1.6327385252760458,0.0,0.021,0.022455482232355325,0.9297999395769991,4.9507854673001095,0.0,0.08263985935141584,0.3479502422405037,0.22661741740931668,0.379128682192629,3.059487336216394,0.2937867957865471,0.25593598366728704,0.03785081211926012,0.05811644751960226,0.0,0.6480967566938504,0.0,0.0,0.0,0.0,0.5,0.18914441602510965,0.17028370323000797,,0.18835914010109434
B000657,4954.643683255836,3.4891856924336873,6.379457393830221,2.642442668394776,0.0,0.365,1.3604886404439642,49.20499728077245,1.8484322524604413,0.0,0.0,1.0758550017780977,0.0,0.5648984381951478,1.518263627565269,0.9402799279891829,0.9402799279891829,0.0,0.0,0.0,0.05972007201081697,0.0,0.2,0.2,0.2,0.98,,,,0.2785184786737387
B000658,7563.787320684614,5.20921991782687,13.474729150589592,5.3934141948999175,0.21837788029481975,0.442695652768895,0.013742955006218902,0.3569455886337219,2.6311342464822096,0.0,0.666689678746347,0.0,1.3226995804849806,0.5886964121133338,1.6113315997981463,0.9729307294470088,0.844948096871867,0.1279826325751419,0.0,0.0,0.027069270552991253,0.0,0.0,0.0,0.0,1.0,0.14460122691331764,0.3850812679525953,,0.1914861261152433
B000659,38815.26161597003,14.483306573123144,18.113409883336747,21.217051340295743,0.0,0.32963593666771224,0.011299238245831827,0.5242846546065969,4.153181540334597,1.6833570983580615,2.0843688148013793,2.9209593716556532,2.6529606049693095,0.9884791430041402,1.9153206363018356,0.9890779359577058,0.6434850175736203,0.34559291838408523,0.0,0.0,0.010922064042294077,0.0,0.0,0.5,0.0,0.5,0.3057813172408643,0.22046781951481523,,0.188624025984382
B000660,840.3389711269566,1.570727048835433,8.78091843794695,2.372022575548709,0.0,0.365,0.5275840435235233,11.745806333705563,0.6579623110928856,0.37023744295145944,0.0,0.3776176236967083,0.0,0.16490967109437943,2.9719902046421804,0.34070026007549004,0.10498938769574676,0.23571087237974322,0.24040944859049906,0.0,0.41889029133401084,0.0,0.0,0.0,0.0,1.0,0.48284779013941925,0.30074473163053356,,0.18837769891077183
B000661,3665.573709729887,5.390549573132187,8.534053043605345,3.0719072008115305,0.0,0.488,0.01612015071470858,0.35947936093800137,3.682267929755767,0.0,0.8724216450304746,0.0,0.0,0.8358599983459452,3.190181655630409,0.31690305787946216,0.31690305787946216,0.0,0.0,0.0,0.6830969421205377,0.0,0.0,0.0,0.0,1.0,,,,0.188624025984382
B000662,46349.40940621737,13.078275791822056,17.382673095834292,18.85702465454117,0.17577242974224455,0.3786700457084422,0.021568512736122994,0.6082704291133334,5.133886892233274,0.6547242381596404,0.9164924495347094,3.8644615558207707,1.5240345035486806,0.9846761525249831,1.7255121048654005,0.9421628804977114,0.7555536521918311,0.18660922830588034,0.05006196906851011,0.0,0.007775150433778492,0.0,0.5,0.5,0.5,0.5,0.20047188707656666,0.24298031915326856,,0.40513160691334116
B000663,1287.0937285730654,3.97251150794156,15.130656191287791,6.635378182193403,0.03319702424681275,0.41031307278491913,0.013171698572600747,0.338707316138321,1.128975556133195,0.9284545199163133,0.0,0.43541657261792815,1.2626656249513655,0.21699923432275747,2.578989964381433,0.48208329367040414,0.3724759151272647,0.10960737854313943,0.23371978106550825,0.0,0.28419692526408746,0.0,0.0,0.0,0.0,0.9,0.4771579091541078,0.3419695582227259,0.3982229160161585,0.1914861261152433
B000664,2465.293507617396,3.0739320543857804,11.589299840193119,4.221197533921878,0.0,0.488,0.008889709258477955,0.19214844001136858,1.6089499838685315,0.0,0.4615791695267541,0.5242717543817665,0.0,0.47913114660872863,2.753764850125054,0.4765824502942618,0.4765824502942618,0.0,0.0,0.0,0.5234175497057383,0.0,0.0,0.0,0.0,1.0,0.252290149318617,0.27005189109827704,,0.1914861261152433
B000665,1403.9662000639798,4.046012103930778,7.482004592113611,3.8444387706764633,0.0,0.45148776473268193,1.2409459696090082,27.625590393073413,1.7310679679287426,0.47618678291658373,0.0,0.8011791855956276,0.0,1.037578167489825,3.022242763856374,0.42717912053767315,0.21711230427557193,0.21006681626210116,0.0,0.0,0.5728208794623273,0.0,0.0,0.2,0.0,0.98,,,,0.19030060538549587
B000666,2007.865815236629,0.57482559840728,4.551022658084138,1.2966978982509425,0.0,0.0,0.3432868300712629,12.400816415903375,0.18831690531231912,0.0,0.0,0.2618811075307603,0.0,0.1246275855642005,2.483255386866352,0.6597666667773652,0.6597666667773652,0.0,0.0,0.0,0.3402333332226348,0.0,0.0,0.0,1.0,1.0,0.5995565749147889,0.3247107234032134,,0.18837769891077183
B000667,1606.180800377719,2.817861053294244,10.80175669609049,1.9108387113492171,0.0,0.05760967373268348,0.012129217366801968,0.3066754098632023,1.264731310130301,0.0,0.0,0.21433756608777776,1.1076204256667253,0.23117175140943977,1.706927014195347,0.9613550961614805,0.4922198312380887,0.4691352649233918,0.0,0.0,0.03864490383851941,0.0,,0.0,,0.95,0.5572664812960183,,,0.1914861261152433
B000668,19942.44710252258,5.556546977576645,8.800078769423145,6.184867815169492,0.0,0.25288684629843855,1.812530935912549,65.62486267547433,1.102089816163925,1.8052456507100885,1.3918997005551796,0.35215753550707457,0.0,0.905154274640377,2.498791186891408,0.7506579881449744,0.11189745915178928,0.6387605289931854,0.0,0.0,0.24934201185502528,0.0,0.0,0.0,0.98,0.98,0.329502667396299,0.4001053869638135,0.2623169472670554,0.19030060538549587
B000669,8431.94757328295,2.034245494157527,9.80228739834787,2.9295937961379397,0.0,0.3218370316433061,0.4190555496494736,15.141908898498228,0.5825268140988323,0.6211385984920289,0.09972756153974359,0.46660983999305494,0.0,0.2642426800338675,2.122674154809851,0.7343060288612523,0.5049286792084271,0.229377349652825,0.0,0.0,0.26569397113874776,0.0,0.3,0.3,0.3,1.0,,,,0.31989570700826886
B000670,6661.1405662913685,1.675758633029275,10.147432301278283,2.8582421182961837,0.0,0.10093480592413552,0.33918563234291715,7.534658089018058,0.46408231822569385,0.0,0.031241899122247927,0.6700381169251864,0.32595910265032907,0.18443719610581757,2.1792814373171,0.7230613591488586,0.5099035721429439,0.21315778700591473,0.0,0.0,0.2769386408511413,0.0,0.3,0.3,0.3,1.0,,0.41738816155708536,,0.31989570700826886
B000671,4596.855447375225,4.1713751791063745,10.240550575568776,3.873566152411267,0.0,0.4235309469576474,0.025417859359425764,0.4851703888606541,1.969885988925328,0.0,0.6849019584508134,0.0,1.1954511554741736,0.32113607625605833,2.765350250419362,0.5222457424254215,0.35805481520282156,0.16419092722259968,0.0,0.0,0.4777542575745784,0.0,0.0,0.0,0.0,0.95,,,,0.1914861261152433
B000672,6925.48398538087,3.207727644919347,7.204950275777684,3.9807857685569132,0.0,0.47,0.02145391918785135,0.545494745757728,1.9816967101061607,0.0,0.0,0.8529589832473217,0.0,0.37307195156586437,3.0832047713562862,0.3822116683612684,0.11630412331195426,0.2659075450493142,0.0,0.0,0.6177883316387315,0.0,0.0,0.0,0.0,0.95,0.5832320166691811,0.3672360115653849,,0.1914861261152433
B000673,3939.990686113713,3.3732796970151653,10.399324426216237,4.715504707967675,0.09224514697082398,0.44008947533333226,0.018143325612380794,0.529206434446307,1.4661561554766924,0.8480531496073944,0.0,0.5746892561019095,0.0,0.4843811358291683,2.5614169550935264,0.5176097293047756,0.34724459278484177,0.17036513651993376,0.0,0.0,0.48239027069522444,0.0,0.0,0.0,0.0,0.95,1.2364883937830546,0.37641088278704116,,0.1914861261152433
B000674,592.4722017311412,1.7425652992092389,7.403499043744164,3.475893789884741,0.5777990032469267,0.05623993256309817,1.0767026197655942,38.97663483551451,0.4546333367619493,0.4829172808250028,0.0,0.5621365978869932,0.0,0.24287808373529382,2.0225914168385484,0.7005005719489459,0.37790916137621966,0.3225914105727263,0.27713009150598056,0.0,0.022369336545073653,0.0,0.0,0.0,1.0,1.0,,0.3460789058570865,0.4973339260947589,0.18837769891077183
B000675,3231.255596815339,4.570375667348428,10.869863030001097,3.514698270870409,0.0,0.31829907535559826,0.01392903027016285,0.4701735028235943,2.7253640345896915,0.0,0.08651666596630235,1.0974550312396594,0.20111738164218482,0.4599225539105907,2.6849709258292824,0.5930713234432236,0.3931286502432411,0.19994267319998235,0.0,0.0,0.40692867655677684,0.0,0.0,0.0,0.0,0.5,0.4347234969887808,,,0.18835914010109434
B000676,2933.001413422311,1.9020761435942355,12.466993156307526,3.0556350246884585,0.3348370767036839,0.433,0.27644810060172964,6.127522747007227,0.742957279547585,0.0,0.0,0.9688106206909254,0.06676751949633795,0.12354072385938697,2.03924009536178,0.7832904763815545,0.7832904763815545,0.0,0.0,0.0,0.2167095236184455,0.0,0.0,0.0,0.0,0.6,0.8776750360288923,,,0.18837769891077183
B000677,4686.591181476584,6.5363893744443295,13.04490228772856,8.218190130987379,0.0,0.15231450111616798,2.5115679631569674,90.91721135226939,1.2569562090200772,0.9414403602828617,2.5254773997733975,0.5333895569551677,0.8003191288671484,0.4788067195456757,1.655568303502245,0.9868747397074904,0.4780622534679786,0.5088124862395117,0.0,0.0,0.01312526029250953,0.0,0.0,0.0,0.0,0.92,0.23566371939693195,,,0.19030060538549587
B000678,1101.4733179928867,1.091648481657965,7.720506541947175,0.8512852685646402,0.18680001760528753,0.32580218442424197,0.40458129799480885,9.022162945284236,0.5057266224935111,0.16149394482204543,0.07350405789272993,0.1659939215415263,0.0,0.1849299349081522,2.9586788389759078,0.4794605122830902,0.33152466339446907,0.14793584888862116,0.0,0.0,0.5205394877169097,0.0,,,,1.0,,0.34275446812663757,0.5143842221356251,0.18837769891077183
B000679,6868.0148056472735,3.940341253957128,8.037023700901823,5.743452370447502,0.0,0.4672694773184374,1.3273141293876631,48.00919325088331,1.7312871855520633,0.7123015016895893,0.0,0.5794490846901258,0.4812248734826296,0.43607860854272007,2.837183867946174,0.4236467909031486,0.2428752648394471,0.18077152606370153,0.12212771495345857,0.0,0.4542254941433928,0.0,0.0,0.0,0.0,0.98,0.45939649784543396,0.31961027587788327,0.5747515245650515,0.19030060538549587
B000680,1117.9613773276126,3.28812169802239,7.813678854197874,4.401283558807468,0.3214360793543053,0.365,0.01556629342941698,0.37510035675121484,1.3417756247757202,1.0834524014781353,0.49344717466183996,0.0,0.0,0.36944649710669436,1.9008067305577285,0.6113754436658559,0.6113754436658559,0.0,0.32950495783953726,0.0,0.059119598494606754,0.0,,0.0,,0.95,0.9765249100464822,0.48064653510454813,0.8224777837939476,0.1914861261152433
B000681,6417.2801447228385,7.922568079904739,14.798067084135871,9.495745704024932,0.0,0.27451164621078855,0.022146869462614467,0.4402782134771342,3.3239724579088468,1.0709536223026883,0.0,2.7294093055071413,0.187052936056217,0.6111797581298484,2.8304664665832378,0.22696423245951922,0.09178664717386961,0.13517758528564963,0.3445106786056119,0.0,0.4285250889348691,0.0,0.0,0.0,0.0,0.5,,,,0.18835914010109434
B000682,1501.834689380737,4.860306438125362,10.669021618803859,7.5133447466081575,0.0,0.365,0.01126726770357605,0.2512600697897459,2.7751890895507514,0.4757132727942526,0.0,1.3354347781811817,0.0,0.2739692975991777,3.0966434477121565,0.15275392035349483,0.15275392035349483,0.0,0.27476349386238774,0.0,0.5724825857841176,0.0,0.0,0.0,0.0,0.5,,0.17371647082175665,0.5599207299476983,0.18835914010109434
B000683,2557.023640329655,1.7720191547676056,8.692428426541722,2.1009094410766,0.0,0.41203214405517663,0.5984343942816075,15.963814856917066,0.7782473968891199,0.0,0.0,0.5098306864014474,0.2147827822896752,0.26915828918736323,2.599706493527008,0.4127610154831454,0.4127610154831454,0.0,0.28771172423828,0.0,0.2995272602785746,0.0,0.3,0.3,0.3,1.0,,,,0.31989570700826886
B000684,394.34868513793236,0.9883425692680009,5.75315064413757,0.9920054663589768,0.0,0.44154429546007296,0.23422733289603254,8.49853840354229,0.3639017738529934,0.17063156486857933,0.04150467190414616,0.0,0.15782110716034428,0.2544834514819379,2.8796746579678403,0.5398248033898976,0.3251864347017608,0.2146383686881367,0.0,0.0,0.4601751966101027,0.0,,0.0,,0.5,0.7925194794072025,,,0.18837769891077183
B000685,7023.315405536874,7.037390185908691,10.366351126223142,10.918702254640039,0.0,0.433,1.0807090859334227,24.025781062367972,2.265934332215679,0.0,1.172639965756894,2.041329846085586,0.7059709446338246,0.8515150972167088,1.921942486742676,0.8842371029542251,0.8842371029542251,0.0,0.0,0.0,0.11576289704577485,0.0,0.28,0.28,0.28,0.7,0.4431452621598081,,,0.3131956702029707
B000686,2631.7422635541707,3.754268564271285,11.22873620178399,3.772706540609408,0.0,0.3589473065388222,0.009519250915995816,0.2885700397790318,1.9547764415243973,0.3694025657728096,0.02803399282850116,0.5315355868233239,0.32539594463004207,0.5451240326922112,2.8506052017643477,0.47931896505016697,0.3377373020114981,0.14158166303866881,0.0,0.0,0.5206810349498333,0.0,0.0,0.0,0.0,0.5,,,,0.18835914010109434
B000687,994.2578836695526,2.967933981103142,11.481022850562164,3.113993529793055,0.0,0.365,0.012355069883907782,0.2527727249268523,1.1415169319288179,1.1093384984615031,0.40973885633882584,0.1251112289304043,0.0,0.18222846544359125,2.448468067640147,0.6416084929741734,0.46139893013530153,0.18020956283887196,0.0,0.0,0.3583915070258265,0.0,0.0,0.0,0.0,0.95,0.7198882057074378,,,0.1914861261152433
B000688,15918.814023225237,4.718083587203687,14.29405388742118,7.407944149749734,0.0,0.340528690958402,0.018223625783808737,0.3511388314478797,1.475109130668396,0.8022084997147966,1.0402070787292885,0.9429953450594445,0.0,0.4575635330317601,2.4163754036521676,0.6873499370233364,0.31745317438276827,0.3698967626405679,0.0,0.0,0.31265006297666376,0.0,0.0,0.0,0.0,1.0,1.1225519327999243,0.43179795781816055,0.31056219337354607,0.1914861261152433
B000689,3651.42413214757,7.090143945917612,13.246995645156941,8.306763398040081,0.13231582858301133,0.3139014569876126,0.010843063868855835,0.412515780524161,2.7056435658988667,0.5581800100059834,1.096587394977131,0.0,2.055109988585944,0.6746229864496872,2.659111594110838,0.6233113844348188,0.25473071547722786,0.368580668957591,0.0,0.0,0.37668861556518113,0.0,0.5,0.5,0.5,0.5,0.24648628574626227,,,0.40513160691334116
B000690,11263.367695095832,5.258341594349128,14.039555556725295,5.556600663994711,0.0,0.46767565276012635,0.013772065459153238,0.49854876962134725,2.2362094179045697,0.0,0.38941271750663475,0.10372278869155516,1.9829777083820372,0.5460189618643325,2.2784302924808513,0.6100674618849052,0.5360112769605335,0.07405618492437174,0.37711085763485624,0.0,0.012821680480238672,0.0,0.0,0.0,0.0,1.0,,,,0.1914861261152433
B000691,1518.5538657965183,4.11532212952986,8.788536239302127,5.1167049064404075,0.09193839357106134,0.26586893701173914,1.3143454508955068,47.64677886931129,0.7955643424393457,1.4833353025340152,1.126404381552285,0.04578685941069633,0.0,0.6642312435935175,2.4482462063211567,0.7686159376486211,0.13446395587303156,0.6341519817755896,0.0,0.0,0.23138406235137884,0.0,0.0,0.0,0.9800000000000001,0.98,0.27318010089468037,,,0.19030060538549587
B000692,1864.201106644395,4.842080796478948,13.283246900273529,7.675933433609101,0.0,0.2892589784857922,0.013099485519625628,0.2921185270876515,0.858753747309234,1.2425892579740532,0.0,1.0099907552515042,1.3571664243082968,0.3735806116358607,2.2677458931055923,0.6981536082279312,0.23294451571060212,0.4652090925173291,0.28028578649393826,0.0,0.021560605278130723,0.0,0.0,0.0,0.0,1.0,,,,0.1914861261152433
B000693,2523.2656604910408,7.7878569768242,10.862020945613226,6.216454512699274,0.0,0.453,0.018454182256745763,0.4115282643254305,4.215422342911469,0.0,0.0,0.5607091500003899,2.3237257438920733,0.6879997400202679,2.7125467482718864,0.4558074480621242,0.4558074480621242,0.0,0.0,0.0,0.5441925519378759,0.0,0.0,0.0,0.0,1.0,0.16406568640374114,,,0.188624025984382
B000694,1853.5628803702634,2.8385342731550742,14.74931597985031,4.102793900391852,0.0,0.4437778020173929,0.34707088580831086,12.550372732704314,0.9433774229657386,0.602992821694359,0.0,0.8156402084272788,0.187844546522351,0.2886792735453467,2.416171742230703,0.6285928755118757,0.6285928755118757,0.0,0.0,0.0,0.3714071244881243,0.0,0.0,0.0,0.0,0.6,,0.3527817780841064,0.43205162931252694,0.18837769891077183
B000695,20440.080238083265,4.595341780144619,7.710157076817923,3.610992089649036,0.13159767743144835,0.14373358219951826,1.7570012070609775,63.61040216945819,2.2960557198982103,0.059866267846166624,0.0,0.4019981325698285,0.9857422095445749,0.8516794502858372,2.921655991824066,0.4346610240902315,0.3471815390371791,0.08747948505305242,0.0,0.0,0.5653389759097681,0.0,,0.0,,0.98,,0.44115661349896396,,0.19030060538549587
B000696,14945.204331926816,7.7677777192966815,12.564515918289384,6.168802448520496,0.06399562371920478,0.221597860727424,0.017140393572816572,0.1885443293009823,3.6136940529135964,1.3342182063134629,1.964016266288694,0.13097244640924416,0.0,0.724876747371686,1.719225032645242,0.9768180397210966,0.7881938661581885,0.18862417356290803,0.0,0.0,0.023181960278903544,0.0,0.0,0.0,0.0,1.0,0.24827098209264775,,,0.188624025984382
B000697,26005.12835024912,7.235706274415448,15.653572979153346,9.905098910418277,0.0,0.20017074008224484,0.01552411565175802,0.26464120752948084,2.748952673984615,1.4650332951274283,0.6171857074739459,1.9105665486343033,0.0,0.4939680491951569,2.7046516941339016,0.5255148053964201,0.3230420626446031,0.20247274275181715,0.08529723071488368,0.0,0.3891879638886963,0.0,0.0,0.0,0.0,1.0,,,,0.188624025984382
B000698,4416.218513118212,3.3866706388943344,11.182748094830659,2.693080507855391,0.0,0.4257197726111906,0.007951248811536667,0.1773128484972677,1.816275109234264,0.15223667520644704,0.0,0.0,1.1446626524242631,0.2734962020293611,3.200301164939903,0.06256742702165709,0.06256742702165709,0.0,0.382942265697888,0.0,0.5544903072804551,0.0,0.0,0.0,0.0,0.9,0.2720139907673786,0.26836058341121805,,0.1914861261152433
B000699,2303.0526512271013,4.463280331835468,7.194168206178713,4.704928349226963,0.0,0.25378756514910566,1.6782314561286524,60.76002411726382,1.057674796003051,0.8106559745795858,1.2923864550780688,0.0,0.6091011396617503,0.6934619665130115,2.2443121574103113,0.7852782570856124,0.7852782570856124,0.0,0.0,0.0,0.21472174291438773,0.0,0.0,0.0,0.98,0.98,0.19000649161333416,0.3332399702111559,0.6098133633011626,0.19030060538549587
B000700,27913.379255968593,12.141530776845844,20.42069199305152,1.549616255698349,0.0,0.4006451508521161,0.04494357656367005,1.940102281240079,10.085328199810837,0.5265433003343071,0.09126621185712692,0.0,0.10996326170128404,1.328429803142288,3.468227978800928,0.13639877889355362,0.13639877889355362,0.0,0.016573649341000713,0.0,0.8470275717654457,0.0,0.0,0.0,0.0,0.5,0.12811218218348344,,,0.18835914010109434
B000701,817.4474562728417,1.692437797666339,7.330322594410662,0.9490494171813704,0.0,0.05475394178105337,0.6682458477774867,14.868273929917217,0.8325828872574665,0.5957250963718433,0.04916870881726167,0.0,0.0,0.21496110521976738,3.01977665676776,0.4851675074241805,0.10412319012145109,0.3810443173027295,0.0,0.0,0.5148324925758195,0.0,0.0,0.0,0.0,1.0,,,,0.18837769891077183
B000702,5070.340625972486,6.007512590014794,10.66191321566448,6.784911627656411,0.1534347694105278,0.28661458657269206,1.6117886449537528,36.001270767804314,2.105279267656707,0.8211852555943673,1.0386460851041837,0.0,1.1722419786441511,0.8701600030153832,2.657110714693406,0.5737611043410943,0.37863176235809815,0.19512934198299606,0.0,0.0,0.42623889565890555,0.0,,0.0,,0.98,0.21345673003875168,0.3912727228509406,,0.19030060538549587
B000703,23558.31075765752,10.512409976643248,13.506341552883645,8.711990481131403,0.0,0.33418759528751346,0.02209039538519147,0.7085509075617308,4.729440681654218,1.6676490904427739,0.0,0.0,2.930597522949789,1.1847226815964669,2.8919036350179916,0.4620951009843966,0.1833200599175939,0.2787750410668028,0.0,0.0,0.5379048990156033,0.0,0.5,0.5,0.5,0.5,0.19050839499157476,,,0.40513160691334116
B000704,3812.6863602555236,5.7943561706011,15.158282571434917,5.959289364312892,0.0,0.07361189313248792,0.013037453048270394,0.24819749914907255,2.3711818363507993,0.0,2.0396803992422297,1.011229609545211,0.0,0.37226432546285987,2.7205147275546784,0.5772381088299618,0.05070678784094802,0.5265313209890138,0.0,0.0,0.42276189117003815,0.0,0.0,0.0,0.0,1.0,,,,0.1914861261152433
B000705,7999.088013450287,1.9242453724922508,10.802522938627904,2.5150635653243762,0.0,0.2548624581056084,0.3615364492439558,13.090043114960357,0.48674427542463705,0.0,0.07300561085908541,0.3998720159568785,0.6775463764668551,0.2870770937847948,2.4069023022339535,0.5574911736998636,0.1674411322366805,0.390050041463183,0.20780718596140932,0.0,0.2347016403387272,0.0,0.3,0.3,0.3,1.0,0.8410508827255551,0.45862230870317977,,0.31989570700826886
B000706,38792.62638712484,10.000677078402896,12.577004859164722,6.2856675699769315,0.40896094719129056,0.434438250892525,0.010816535715176271,0.24120874644843085,7.142995283606972,0.6395054156459762,0.9999655995164926,0.11430036269206621,0.0,1.1039104169413925,3.306983627910486,0.22180262013861493,0.11038356786115588,0.11141905227745903,0.06394621190469485,0.0,0.7142511679566904,0.0,0.0,0.0,0.0,1.0,0.20870195440331973,0.2538959806244318,0.5995174453066014,0.188624025984382
B000707,5116.03132251094,1.233075758619171,7.148304005962715,0.5877177321052984,0.29403813009114316,0.3280636486865097,0.2889785758801724,10.315771216844329,0.7783792314614499,0.14196175413030304,0.0,0.08120046158973332,0.0,0.2315343114376849,3.217333200565542,0.34931915055788015,0.2341909817182987,0.11512816883958156,0.0,0.0,0.65068084944212,0.0,0.0,0.0,0.0,0.6,0.9137496788115482,,,0.18837769891077183
B000708,3161.7462643169392,9.8190877773818,15.592414430119657,19.387000688786276,0.0,0.4238358169063972,0.010272464232678497,0.22907595238873044,3.136728631595411,0.4908852551940587,0.0,2.804044670664434,2.8411950398703687,0.5462341800575286,2.522358892017095,0.6577601172022975,0.6577601172022975,0.0,0.049992959256847616,0.0,0.292246923540855,0.0,0.5,0.5,0.5,0.5,0.31720841776402126,,,0.40513160691334116
B000709,8145.122160349329,4.643741254475102,13.698684484889903,4.874600381056777,0.28786988901040506,0.26630337344190186,4.869620546393728,33.7707123957597,2.085777911110093,0.5182173737962603,0.4894428104313693,0.0,1.2076721734260625,0.342630985711317,2.760901073404474,0.43924625809051643,0.17918177403636126,0.26006448405415517,0.11159479940809842,0.0,0.44915894250138527,0.0,0.0,0.0,0.0,1.0,,0.33427666855806665,,0.1914861261152433
B000710,1628.7322473551824,4.6535207067290925,16.144234444751405,6.806971251297892,0.0,0.4355860983940146,0.027342677671574854,0.8253053380829095,1.3524496517293436,0.0,0.42950446053217717,0.9885500528805562,1.3089392729146083,0.5740772686724073,2.569556319618657,0.6896300354094084,0.47719946613073483,0.21243056927867351,0.0,0.0,0.31036996459059163,0.0,0.0,0.0,0.0,1.0,0.79527303545293,0.5374867938477292,0.5761717537585259,0.1914861261152433
B000711,9234.111687363671,11.456714252312247,23.409989759942334,5.597098905313684,0.0,0.021,0.032712054538634815,1.2900308959100855,7.574074376768824,0.0,0.0,0.33141997027091996,2.874960774611367,0.6762591306611333,2.2456353365272204,0.7441937927027583,0.4932526667135919,0.25094112598916646,0.028928012253079564,0.0,0.22687819504416173,0.0,0.0,0.0,0.0,0.5,0.1915271879652923,0.19969612233370843,,0.18835914010109434
B000712,6233.450910122667,1.8199856671890997,4.148769072224288,0.22048665746657117,0.21363272833093278,0.021,1.4365889301054715,51.861208002834815,1.2280702080895343,0.0,0.12067490992490815,0.0,0.0,0.47124054917465724,1.555132070153356,0.8591527195666794,0.8591527195666794,0.0,0.0,0.0,0.14084728043332057,0.0,,,,1.0,0.7011336016004256,,,0.18835914010109434
B000713,14720.69331196111,4.34623363211134,13.649959508054755,4.120421576279636,0.18578455417487724,0.021,0.013781907672377613,0.3243567806060825,1.4643702870395339,1.6563727527546226,0.0,0.0,0.6786452271850907,0.5468453651320931,2.1975397116495046,0.6917399119734348,0.6917399119734348,0.0,0.0,0.0,0.3082600880265653,0.0,0.0,0.0,0.0,0.95,0.7909230637448673,,,0.1914861261152433
B000714,3081819.595862094,654.5920976767404,1100.0361699957634,1246.0627451237835,0.0,0.36500000000000005,0.020892826132146575,0.30041955714054663,3.523151644523697,650.4970591299369,0.0,0.0,0.0,0.5718869022797898,2.3412512597986135,0.9940615551510398,0.9940615551510398,0.0,0.0,0.0,0.005938444848960195,0.0,0.5,0.5,0.5,0.5,0.21975816123904574,,,0.40513160691334116
B000715,31735.368846206202,17.025412471140665,22.865066769519196,27.09227453064322,0.0,0.07466296526514239,0.023308914190190155,0.43311928865440447,5.533722964674743,1.283279356465591,5.139191624308513,0.45740404188741846,3.799152749655332,0.8126617341490697,1.8322223974326963,0.9931730159304253,0.4681728499071352,0.5250001660232901,0.0,0.0,0.006826984069574756,0.0,0.0,0.0,0.0,1.0,0.1717263731218172,0.34188279601290955,,0.188624025984382
B000716,12656.088402831385,13.535923425488113,18.02886286703987,15.354737292011968,0.0,0.36573972747146655,0.017238900136514048,0.48485343651369367,7.1329593046765885,0.5496153984130492,0.0,2.420004179376048,2.4269349427231597,1.0064096002992713,2.8072425030626555,0.43507512981862184,0.43507512981862184,0.0,0.0,0.0,0.5649248701813785,0.0,0.0,0.0,0.0,1.0,,0.32081846309116313,,0.188624025984382
B000717,7647.001513660544,11.911217310997733,16.21606610261039,14.868852756991494,0.0,0.16952143479215767,0.024827318226216456,0.42141730637269076,4.41175484460987,0.8209321791334724,1.7941004848092352,4.0263764100065655,0.0,0.8580533924385902,2.5843545868053233,0.6208321790619699,0.6208321790619699,0.0,0.0,0.0,0.3791678209380302,0.0,0.0,0.0,0.0,1.0,0.3432287897666405,0.28409550446406934,0.40746251265190153,0.188624025984382
B000718,1964.3051514193019,1.890572811760637,11.389733636337919,2.3896037062116835,0.08244843936597761,0.12938941264676881,0.28607105368511837,13.378153514234942,0.7815631330603129,0.602880134227309,0.05680068773546043,0.27743897189458566,0.0,0.17188988484296885,2.436344354325706,0.562742634353641,0.385949835075639,0.17679279927800198,0.0,0.0,0.437257365646359,0.0,0.0,0.0,0.0,0.6,0.5129530088704477,,,0.18837769891077183
B000719,3131.8246665933375,1.6431399090206387,7.867907950288375,0.8839107303428761,0.0,0.433,0.36067136367425534,12.994545838258851,1.2170723795939853,0.0,0.0,0.24311092558886177,0.0,0.1829566038377916,2.3410652709072317,0.7022289787837726,0.7022289787837726,0.0,0.0,0.0,0.2977710212162273,0.0,0.0,0.0,0.0,0.6,0.6081408709745716,,,0.18837769891077183
B000720,1534.1819549088161,2.8622797666209254,12.444057497030325,5.343070696818965,0.0,0.3112258578517173,0.7124250054856036,25.794790592054003,0.3890824035845285,0.5283904217481551,0.0,1.5076568726592965,0.2208277282605628,0.21632234036838263,2.046356678686345,0.8897466727472386,0.8897466727472386,0.0,0.07715099370641247,0.0,0.03310233354634897,0.0,0.30000000000000004,0.30000000000000004,0.30000000000000004,1.0,,,,0.31989570700826886
B000721,6116.71908331075,2.2612639864365063,4.416228004174057,0.4917988742603712,0.0,0.43300000000000005,0.01425422795652233,0.32584493721178576,1.4081210095645815,0.0,0.0,0.23409626414793672,0.0,0.6190467127239886,3.129110651755088,0.3772858816968032,0.3772858816968032,0.0,0.0,0.0,0.622714118303197,0.0,1.0,1.0,1.0,1.0,0.1148536974377742,,,0.608845443987547
B000722,11730.106347216964,6.455754731544834,10.153034980712055,10.13764244234218,0.26005751713994757,0.19972713788754,1.826942652143511,66.14665619625562,2.3894516221668853,1.1281045716958926,0.0,1.1033493437881032,1.2748935632658462,0.5599556306281073,2.465150583549243,0.6298726141977982,0.28421916107319056,0.3456534531246076,0.0,0.0,0.37012738580220195,0.0,0.0,0.0,0.0,0.98,,,,0.19030060538549587
B000723,17008.85810411078,9.402353844174007,13.581153523588616,11.113366540430293,0.0,0.23006525043807136,2.0028168501314694,94.10399679419741,2.6168450208351977,1.8021950701174951,1.6385975762500493,1.3152984930672833,1.306818180496641,0.722599503407339,2.335980715640428,0.6844217332051347,0.6844217332051347,0.0,0.0,0.0,0.31557826679486534,0.0,0.0,0.0,0.0,0.98,,,,0.19030060538549587
B000724,2220.2003879027097,6.8950322605674215,14.344096499001136,7.916474879610144,0.10319144122079674,0.36120278836701464,0.008206695413415012,0.1830093077191548,2.8896527911047105,0.3146525065970597,0.0,0.3537062284984084,2.845326810314832,0.49169392405241236,1.7378371967142519,0.901446764443143,0.901446764443143,0.0,0.0,0.0,0.09855323555685738,0.0,0.5,0.5,0.5,0.5,,0.2600924220759231,,0.40513160691334116
B000725,2351.271451720929,1.0610430738812855,7.876397407689152,1.8801594924631255,0.08751023026065531,0.25905062803383333,0.20679917736691153,7.339821870884235,0.3114772625981169,0.0,0.0407159045109038,0.3970873127944199,0.11304576475135103,0.1987168292264942,2.244390252598641,0.7064423959163734,0.33219998995835864,0.3742424059580147,0.0,0.0,0.2935576040836269,0.0,0.5,0.5,1.0,0.5,1.0908199675234826,0.47230508007560323,,0.4049048318617571
B000726,4143.343009784996,5.1215611987453595,11.652962827615099,9.556192402893462,0.0,0.4867686883899159,0.009279163300135533,0.2069253415930224,1.1455757160661153,0.15398270313094795,0.0,1.3229732465502704,1.7227781885348998,0.7762513444631269,2.7578140079057305,0.18163095421410883,0.151565375154218,0.030065579059890848,0.5946919927133341,0.0,0.22367705307255717,0.0,,,,1.0,,,,0.188624025984382
B000727,6423.4143797270135,7.299334522417061,10.54041466848681,9.724755734121686,0.06271820858473039,0.23185810475510718,1.8976781266712661,68.69262088510519,1.153128923611567,2.4990706028375067,1.722663098941703,0.4768214961054309,0.738268874167196,0.7093815267536583,2.4538360836908297,0.7257728138653546,0.14740040350194433,0.5783724103634106,0.10114194272092762,0.0,0.17308524341371764,0.0,0.0,0.0,0.98,0.98,0.4107503993478114,,,0.19030060538549587
B000728,11954.136765688821,2.964815666093458,11.927796468316666,1.3887367104589827,0.0,0.5900090300377373,0.49910207940707746,23.457541270887155,0.6874586163685836,0.11820132331805173,0.042891457084959374,0.22691750256374132,0.0,1.8893467667581219,2.539380916898825,0.7681277037791687,0.7282596861247025,0.03986801765446613,0.0,0.0,0.23187229622083136,0.0,0.3,0.3,0.3,1.0,1.0914527439950665,0.3945321801795221,,0.31989570700826886
B000729,10520.548760147816,2.2836007727692245,10.525521570469055,2.069983472557299,0.0,0.366571848201049,0.6506196548005256,23.55243150377903,0.8132745685006569,0.4968613716319753,0.06673088904132952,0.0,0.5707453432600096,0.3359886003352524,2.625969907008524,0.5467674564106085,0.05003544551811259,0.4967320108924959,0.0,0.0,0.4532325435893913,0.0,0.0,0.0,0.0,1.0,,,,0.18837769891077183
B000730,19459.91086984501,5.842062704846896,11.226799953230934,5.302066252005286,0.0,0.2504176679729234,3.1504337289258264,114.00548410270775,2.334877914124651,0.84266127732516,0.0,0.7318344467221465,1.1582790814914328,0.7744099851835037,1.7399274389022579,0.9655097490700832,0.8212693805738596,0.14424036849622343,0.0,0.0,0.034490250929916706,0.0,0.0,0.0,0.0,0.98,0.36586651120723435,0.5198397682540203,,0.19030060538549587
B000731,2209.035361799969,6.329614217191888,14.208243743938018,9.93097343425918,0.0,0.28735933344917436,0.011993206120525507,0.5350819941948689,1.1697818769346713,0.0,1.2341279345767453,0.7597224785618943,2.5711798396500316,0.5948020874685452,2.704756798222706,0.24800080832933635,0.05302400686413395,0.19497680146520238,0.5262409688673996,0.0,0.22575822280326402,0.0,1.0,1.0,1.0,1.0,0.28565258317613157,0.3632599847312988,,0.608845443987547
B000732,1131.6917782249752,1.0881651713701685,7.8583198192348815,1.0800598342543124,0.00749048903278539,0.30166135996080723,0.2606581056870901,9.4007196704715,0.3623970905769857,0.2921900090670648,0.03399811731005617,0.09433757428566125,0.1746092629805048,0.13063311714989562,2.8109207581062527,0.3706764207018197,0.210214325815393,0.16046209488642676,0.2685162296631423,0.0,0.36080734963503786,0.0,0.30000000000000004,0.30000000000000004,0.30000000000000004,1.0,,,,0.31989570700826886
B000733,35840.80902611137,9.414449442109632,15.761575587575274,14.211014085624628,0.10137633926971165,0.13321734193992132,1.2558079481985136,28.022029456607527,2.158101305483059,0.889231677355736,3.0822525926387154,2.523394887701732,0.0,0.7614689789303927,2.1697313502855797,0.7579778267882324,0.3361279571367466,0.4218498696514858,0.0,0.0,0.24202217321176786,0.0,0.2800000000000001,0.2800000000000001,0.2800000000000001,0.7,0.42697040001470393,0.37635428586796876,,0.3131956702029707
B000734,740.2836463468352,0.8152903594128141,6.109610879227471,0.6579422437932094,0.0,0.388099007680378,0.20056805028309863,7.251213128001341,0.3070605461143223,0.0,0.04634504319672684,0.0836112937827057,0.20091191414955054,0.17736156216950846,2.5701247995577226,0.6233727744119619,0.5208187667294426,0.10255400768251935,0.0,0.0,0.37662722558803774,0.0,0.5,0.5,1.0,0.5,0.5107866812182412,0.42187247579880266,0.5932657995482546,0.4049048318617571
B000735,6552.800575726293,5.629553759215028,16.5395061842466,8.795005806980543,0.14584619194697243,0.47138508301016857,0.009758148035883407,0.20190341273579235,2.0049682690557793,0.061259566204539796,0.46381213805853355,1.33266096583819,1.1870268753080273,0.5798259447499572,2.3543106983972057,0.6404190198086599,0.5580302270381284,0.0823887927705315,0.0,0.0,0.3595809801913398,0.0,0.0,0.0,0.0,1.0,0.17129307662505336,,,0.1914861261152433
B000736,4283.961952325843,5.666616339055349,14.553201309035984,11.334126425906332,0.0,0.365,0.012353271655700137,0.18980583738594875,0.585288976444804,1.8052314531214573,0.0,1.6940206240161642,1.2772135909273201,0.3048616945456023,1.9965878741846446,0.6814269142099008,0.6814269142099008,0.0,0.3185730857900992,0.0,0.0,0.0,0.0,0.0,0.0,1.0,,,,0.1914861261152433
B000737,9227.449210536768,9.975620768147857,15.031926009413361,13.959722109341808,0.0,0.4099636776491738,0.02161905821522904,0.3156715102667676,3.7690732164523872,0.0,1.3629095982901849,3.279432668474897,0.7745426575258538,0.789662627404539,2.3530675069652913,0.5881426291802899,0.37387503566461416,0.21426759351567579,0.0,0.0,0.4118573708197105,0.0,0.5,0.5,0.5,0.5,0.2246094706212405,,,0.40513160691334116
B000738,8083.497517749385,8.394078419262081,15.084480668109013,7.730094379483829,0.2050980130538175,0.020999999999999998,0.013005242307019308,0.20814976170334437,5.082323020931899,0.7401074328097893,0.0,1.410929420353527,0.6328807107049184,0.5278378344619501,2.923166672859834,0.36543264745300624,0.1877973372923191,0.1776353101606873,0.0,0.0,0.6345673525469938,0.0,0.0,0.0,0.0,1.0,0.34571031380549216,,,0.188624025984382
B000739,40653.15195545022,8.542372758026943,14.911103083691824,13.678660644282221,0.0,0.3707211868820521,0.6952878949069458,25.168567652589935,1.3037761194523225,0.6140119009918115,4.048166424040721,1.1692003216309543,0.6259134161372034,0.7813045757739309,1.7208916443424631,0.9807317482155758,0.5068392433214511,0.47389250489412477,0.0,0.0,0.0192682517844241,0.0,0.2,0.2,0.2,0.98,0.4322662833856813,,,0.2785184786737387
B000740,3952.728945951209,11.870056894748375,15.568812982922438,14.522833823652494,0.0,0.10919621206537772,0.02448752246558273,0.48053937061054347,4.21116654081092,0.0,3.8278654910621057,3.0878494652514235,0.0,0.7431753976239255,1.6347067544301543,0.9902401322858675,0.6677593282759344,0.32248080400993306,0.0,0.0,0.009759867714132398,0.0,0.0,0.0,0.0,1.0,,0.2867638294610533,,0.188624025984382
B000741,7663.958407287453,6.578505070633007,11.902597297254925,7.019541072268289,0.0,0.2742154894125674,1.048098485643721,49.130054903952455,1.800747637343648,0.30574415087152773,2.574019919776212,0.5826743349765766,0.17616711194908624,1.139151915715956,2.4402027860081663,0.63769550274271,0.1999419341541189,0.437753568588591,0.08857245357728509,0.0,0.27373204368000487,0.0,0.28,0.28,0.28,0.7,0.3056173651615478,0.22659933187007542,0.37023349475687106,0.3131956702029707
B000742,24924.8704521229,9.743889934371737,22.027703958185498,12.482923439354112,0.0,0.4411970826116517,0.00993518614011279,0.29284786220599224,3.7926099210491415,0.0,0.9204744408786145,1.774475177149039,2.649947073338091,0.6063833219568495,2.315989257199674,0.610770447265558,0.610770447265558,0.0,0.0,0.0,0.38922955273444193,0.0,0.0,0.0,0.0,1.0,,,,0.188624025984382
B000743,19774.474092003184,7.527397827180504,29.66572281978658,9.796329871113326,0.0,0.1345882017033944,0.012587725319694076,0.24966124308850243,1.4929923733691886,0.8295564600439364,1.453885567598711,0.8740320816832239,2.6414953574352467,0.23543598705019766,1.6628732948235705,0.9698605912543269,0.6665098078803673,0.3033507833739596,0.0,0.0,0.030139408745673182,0.0,0.0,0.0,0.0,0.95,1.2793222326987561,,,0.1914861261152433
B000744,4502.696270292758,3.939366815654206,7.063026772911201,6.802060612539829,0.4115460058185263,0.42186792307850185,1.4852057277574444,69.80466920459988,1.8565071596968052,0.0,0.0,1.1636545100022024,0.31407067830124874,0.605134467653949,3.0176251304582817,0.43028514602707957,0.1348938904125765,0.295391255614503,0.07972618265788264,0.0,0.48998867131503765,0.0,0.0,0.0,0.0,1.0,0.5667286124723433,0.22778364039978602,,0.18835914010109434
B000745,2086.3094583239613,4.932173660340334,9.733999883751792,1.7192446048768837,0.0,0.4944247884981738,0.013005688653995194,0.29002685698409286,3.203371589653989,0.09839993138219809,0.0,0.6377822395797725,0.0,0.992619899724375,3.2119012924139474,0.29378341918753115,0.29378341918753115,0.0,0.0,0.0,0.706216580812469,0.0,0.0,0.0,0.0,0.5,,0.23848068108152307,,0.18835914010109434
B000746,6786.118570503015,6.0107338976997475,11.986043948752007,5.202984651046122,0.0,0.365,0.012827433857849131,0.46435310565413856,2.8177688826935485,0.0,0.0,0.1791979167753612,2.567977978976991,0.4457891192538464,1.4333969945465364,0.970187015458472,0.970187015458472,0.0,0.02981298454152805,0.0,0.0,0.0,0.0,0.0,0.0,1.0,0.18543967283261867,,,0.188624025984382
B000747,2174.4544660495776,4.864551378186975,11.635193707997841,9.299730728820382,0.0,0.3538417811011764,0.01335123731319854,0.29773259208432745,0.3946557567228616,0.0,1.1038129694404222,1.1002448199209605,1.6576681845822547,0.6081696475204752,1.7674090984330573,0.9620824517810235,0.7359064420353882,0.22617600974563523,0.0,0.0,0.0379175482189765,0.0,0.0,0.0,0.0,1.0,0.9077941478866612,,,0.1914861261152433
B000748,11468.007203982621,21.678652559513463,36.25182418157905,8.286330803776487,0.0,0.3430774456578331,0.10316441097080473,4.6443807437168525,17.28116630407891,0.9999900871200912,0.17749611407594795,2.196648971019031,0.20564829342444718,0.8177027897950382,3.3164595681192948,0.2028486892053059,0.0933333455474221,0.10951534365788379,0.0,0.0,0.7971513107946941,0.0,0.0,0.0,0.0,1.0,0.22871070762431778,,,0.18835914010109434
B000749,9170.129114246334,5.246069287326278,8.13378398120174,9.194301817802867,0.2254700491735799,0.35167214901496197,1.7913310549122718,64.7897785613065,1.0738185716305533,1.1629967717621785,1.2694179364154923,0.3900782065326686,0.7170919113829323,0.6326658896024534,2.358494837455594,0.8080397394467494,0.27001922158415453,0.5380205178625952,0.0,0.0,0.19196026055325047,0.0,0.0,0.0,0.98,0.98,0.2874154303484141,0.37726040581859455,,0.19030060538549587
B000750,2382.7120323180875,1.701937165941491,5.480779431569929,0.3356731858555638,0.22061557830503498,0.021,0.016582106873176617,0.3148256867025455,1.301820955999289,0.0,0.0,0.1820864424782354,0.0,0.21802976746396674,3.3175446352312004,0.23509458395361066,0.23509458395361066,0.0,0.0,0.0,0.7649054160463894,0.0,0.0,0.0,0.0,1.0,0.4579252180247251,,,0.1914861261152433
B000751,5944.885369676893,5.921200567407264,12.97424882027489,4.854181520945726,0.0,0.4016345437957295,0.01549312990895183,0.47561629643577524,2.8595405046970455,0.4333988213819715,0.1113119758691179,0.9722221313466402,0.9012824166144645,0.6434447174980228,2.9620364214943615,0.506930345564889,0.1717252632112405,0.3352050823536486,0.0,0.0,0.49306965443511064,0.0,0.0,0.0,0.0,0.5,,,,0.18835914010109434
B000752,6945.078756298073,9.823308000421603,16.309887544822995,5.625809837790484,0.0,0.3216862589012558,1.6614285651188305,60.162155638762854,2.1666939559989062,0.0,2.327223744593756,0.0,1.0010884063271803,4.328301893501759,2.7403614605318207,0.7794333684838229,0.4406155129530699,0.33881785553075294,0.0,0.0,0.22056663151617711,0.0,0.0,0.0,0.0,0.98,0.44553114801321925,,,0.19030060538549587
B000753,14523.437320614388,5.013267973978042,17.99272668531219,8.368891102393865,0.0,0.3755933002802625,0.013047924752145314,0.36091604021369456,1.77295451781911,0.979088770550758,0.49661025340408993,1.2090137350339702,0.0,0.5556006971701145,2.082992284495327,0.7706769442870682,0.5295141456276914,0.24116279865937715,0.19529950835120596,0.0,0.03402354736172567,0.0,0.0,0.0,0.0,0.95,,0.4657200706636059,,0.1914861261152433
B000754,1838.0555016692917,5.519686191199074,13.956845490173107,7.318107380300737,0.0,0.43877990388644017,0.02467864436174426,0.5472833518432995,1.9954447010305774,1.1028591246707753,1.1476819028984961,0.22587791266532845,0.4744082243398496,0.5734143255940475,1.6716856434654506,0.9286063087344314,0.8426579037152702,0.08594840501916126,0.040922238120254376,0.0,0.03047145314531417,0.0,0.0,0.0,0.0,0.95,,,,0.1914861261152433
B000755,659.6956416911215,1.3141347444046245,5.95490496102079,2.073949097574651,0.0,0.0,0.30899168914581554,14.457784366943962,0.41640929927316755,0.0,0.0,0.6072274083806868,0.0,0.2904980367507699,1.8228930411469169,0.8983857457472163,0.8983857457472163,0.0,0.0,0.0,0.10161425425278343,0.0,0.3,0.3,0.3,1.0,0.4857248151990954,,,0.31989570700826886
B000756,2020.7892585993231,2.976125564947457,8.761623919827471,3.0840294545937366,0.0,0.021,0.009351572535998453,0.20854006755276552,0.3571076667667322,0.0,1.7606270490587226,0.0,0.38585745133851806,0.47253339778348347,1.8189534795945652,1.0,0.2787654776134632,0.7212345223865367,0.0,0.0,0.0,0.0,0.0,0.0,0.0,1.0,1.0340874986210555,0.529652683625858,,0.1914861261152433
B000757,8375.509347846188,8.147382634091622,11.486978958628944,12.656998074568019,0.0,0.1506953029573379,0.02696354380786765,1.0468851350959352,1.8283124027958186,1.684735964369445,0.0,3.7606939282434695,0.0,0.8736403386828904,1.6159373585528314,1.0,1.0,0.0,0.0,0.0,0.0,0.0,1.0,1.0,1.0,1.0,0.35159519851230114,0.19736992803014386,,0.608845443987547
B000758,15267.412213116786,3.746604224077739,15.999972404105243,4.840583561526679,0.0,0.433,0.5976091700035567,21.48404431459409,0.6569579586029338,0.5635688399349433,0.0,1.0188793179546496,0.0,1.5071981075852114,1.8758132738384017,0.9138019465794054,0.9138019465794054,0.0,0.0,0.0,0.0861980534205947,0.0,,1.0,,,,,,0.18837769891077183
B000759,2784.0912039846016,6.874299269097782,10.13634440487675,8.41405208094902,0.0,0.43300000000000005,0.01362684105827967,0.6322854251041766,1.682326056577737,0.0,1.6308616779180516,0.0,2.3742271126136814,1.1868844219883123,2.307269686745957,0.755273084466901,0.755273084466901,0.0,0.0,0.0,0.244726915533099,0.0,1.0,1.0,1.0,1.0,0.13606316260127663,,,0.608845443987547
B000760,4330.439230568605,4.506180260737362,11.041484560847017,6.221903508088925,0.0,0.616350516585036,0.01841778117679282,0.41071652024247995,1.8417781176792825,0.2667095087720346,0.0,1.0249503331873275,0.5623190206623215,0.8104232804363956,2.880434724895296,0.5912773100253416,0.17984706193351066,0.4114302480918308,0.0,0.0,0.40872268997465844,0.0,0.0,0.0,0.0,1.0,0.6437645595888357,,,0.1914861261152433
B000761,10538.57890438355,2.912818934323812,5.566185366938959,3.00834274822775,0.0,0.3637395611564059,1.724859168095515,80.88555625885566,0.9510921290871979,1.183108152967527,0.0,0.0,0.16748476318142294,0.6111338890876641,2.296351992090002,0.8506510607082889,0.4444781472373813,0.4061729134709076,0.0,0.0,0.1493489392917111,0.0,0.19999999999999998,0.19999999999999998,0.19999999999999998,0.98,0.23536261484919457,0.36496855186303784,,0.2785184786737387
B000762,3263.924091668563,2.7590229008187346,5.182322626416541,5.628524873666279,0.5532998826294163,0.021,1.4458078178055078,52.33414246820609,0.8791077937278949,0.5539209683548818,0.0,0.8923580298416344,0.0,0.433636108894324,2.4376875194755643,0.639295062601573,0.639295062601573,0.0,0.0,0.0,0.36070493739842735,0.0,0.0,0.0,0.98,0.98,,,,0.19030060538549587
B000763,26621.22043280911,5.790998571418123,12.587029467477343,8.633490517006578,0.0,0.2987262236911377,0.9280452872945634,33.59016701910074,1.5892328772928632,0.47391459693317717,0.7299941891906792,1.2630521509389778,1.0532005929376047,0.6816041641248224,2.3589447257282994,0.7232119910089793,0.7232119910089793,0.0,0.0,0.0,0.27678800899102096,0.0,0.28,0.28,0.28,0.7,0.4919468849180179,,,0.3131956702029707
B000764,32756.19758539458,8.309537692895631,12.6285558486716,14.518334245607534,0.19046399214252524,0.29805414750661047,1.5108666712145564,33.70308825756956,2.1135875031594873,0.47835513201157476,0.9425640736868556,1.4788043452633342,2.116062342015569,1.180164296758811,2.5087813384193156,0.6534202537707351,0.10736932667221473,0.5460509270985203,0.057566997068988796,0.0,0.28901274916027625,0.0,0.2,0.2,0.2,0.98,0.47625740401565225,0.2982273008214139,,0.2785184786737387
B000765,11832.316995809586,11.120598680272167,32.58514349386694,2.573194293910334,0.0,0.3522721703892939,0.05343996311788747,2.192565955490869,9.256687048014744,0.6586123664862753,0.1212607146410882,0.39698093880990676,0.190275946934889,0.4967816653852629,3.400220856499064,0.16760892878582,0.09748023306093512,0.0701286957248849,0.0,0.0,0.8323910712141798,0.0,,,,1.0,0.0651340913871888,,,0.18835914010109434
B000766,16440.724174749277,11.88772536135161,17.434210561286754,7.956739057943369,0.0,0.23661391026460102,0.009282961659922455,0.20701004501627077,6.130257699948791,1.4214167353303209,1.4460968997556083,0.0,1.949053741151278,0.9409002851656131,2.8034761474852643,0.455384375697596,0.33581425676201615,0.11957011893557982,0.0,0.0,0.5446156243024041,0.0,0.0,0.0,0.0,1.0,,,,0.188624025984382
B000767,42952.0176239914,19.949845621918904,33.41388625109249,4.4729004808511466,0.0,0.3701436416142678,0.08833979987920655,5.686712853958167,17.015604419558805,1.5879463431266412,0.1781639484660236,0.4169385969690029,0.16104897934849122,0.5901433344499407,3.4088495609706877,0.14708089766550608,0.11725096530847638,0.029829932357029718,0.0,0.0,0.852919102334494,0.0,0.0,0.0,0.0,0.9,0.18361686913987335,0.3324764024821085,0.3457137163126911,0.18835914010109434
B000768,5770.0339623893915,1.3566973812342797,6.852910617014976,2.2490466004184517,0.0,0.365,0.5695729621104133,20.546879657854372,0.3119473804546617,0.0,0.0,0.6882927443879785,0.18063695907560334,0.17582029731603607,2.622427686350906,0.2627389580919999,0.2627389580919999,0.0,0.5073296034240089,0.0,0.22993143848399117,0.0,0.0,0.0,1.0,1.0,,,,0.18837769891077183
B000769,7632.557574853443,17.190444988408654,27.477624770227877,50.68223589817482,0.0,0.4207817229543118,0.021111087708262474,0.4563922457246448,3.762356767103719,1.1740375159679772,1.1665664236597093,8.588891464790413,1.6254878896360327,0.8731049272508032,2.215303101961084,0.7811367437177665,0.6449794807029968,0.13615726301476969,0.0,0.0,0.21886325628223344,0.0,0.0,0.0,0.0,1.0,0.0798062163668672,,,0.188624025984382
B000770,2678.8937840614626,6.172566322722264,13.336973486535616,8.493487724537488,0.032777962854319574,0.17318982063059896,0.911869333656051,32.989607440216545,1.760996680864353,0.0,1.9979587252798827,0.8333703814011418,1.13215908262436,0.44808145255252835,2.3451370733827908,0.6326487766839615,0.3089651383364787,0.3236836383474824,0.18341788867568587,0.0,0.18393333464035322,0.0,0.28,0.28,0.28,0.7,,0.32970611370800745,,0.3131956702029707
B000771,17137.91358239967,4.4341302929882715,10.342960848410026,4.892619743420913,0.0,0.24,0.022431745137858523,0.5429771022178426,1.9691412724807404,0.0,0.629646212151515,1.1759383159966321,0.0,0.6594044923593846,2.756959308771456,0.5449801585204759,0.40298022379885096,0.1419999347216251,0.0,0.0,0.4550198414795241,0.0,0.0,0.0,0.0,1.0,0.7553204295586938,0.511481565846043,,0.1914861261152433
B000772,10331.279043683253,9.728134692733759,16.244864363639778,11.742438118679901,0.0,0.16168558869461047,0.0510681690109264,0.49894866016394435,3.728007900302412,0.6614270448373325,0.0,2.0477772019936364,2.4572457822909346,0.8336767633094423,2.702754310376294,0.40628031120805097,0.40628031120805097,0.0,0.21050049846895968,0.0,0.3832191903229891,0.0,0.5,0.5,0.5,0.5,,,,0.40513160691334116
B000773,4598.355960625123,7.322222867237457,11.68296151670721,14.725110058538364,0.0,0.433,0.02692176678455163,0.5013485027988599,1.5120140488967238,0.46065995501564055,1.7788848585014587,2.7920240641094396,0.0,0.7786399407141933,2.0546776131253277,0.9370874168448468,0.31283587390657225,0.6242515429382745,0.06291258315515316,0.0,0.0,0.0,1.0,1.0,1.0,1.0,0.22009651444150677,0.205487381508261,,0.608845443987547
B000774,19944.557940850013,7.818329259447281,20.056708992324126,14.536291825174821,0.0255178036026426,0.2604842541197889,0.020046886282248686,0.5356760813892122,1.794509089552628,0.967572685234006,1.6649269147705452,1.5341304644202367,1.4402127870742756,0.41697731839558727,2.242949757670653,0.6011672470255356,0.2811879948558591,0.31997925216967665,0.18420978949357936,0.0,0.21462296348088478,0.0,0.0,0.0,0.0,0.95,0.3238273433764499,,,0.1914861261152433
B000775,1630.972137695648,3.71519849133405,5.311971767809137,2.905706795959038,0.0,0.1539368247137793,2.0048792142559613,72.57094140608046,1.2190451047710191,0.0,0.0,0.5928878769829511,1.240837910328146,0.6624275992519345,2.538692886635518,0.6427945867840557,0.6427945867840557,0.0,0.0,0.0,0.35720541321594457,0.0,0.0,0.0,0.98,0.98,,0.29265886993774276,,0.19030060538549587
B000776,2744.623355644424,5.741889865364904,10.252643736095719,6.654089817997956,0.0,0.14959341689508956,0.9200110585288519,43.13950588168532,2.028328620222115,1.7170077228793188,0.0,0.613475193175141,0.7776007950638804,0.6054775340244489,2.0643578795474946,0.8599893818864772,0.5609575712562677,0.2990318106302098,0.10684203416642056,0.0,0.03316858394710227,0.0,0.2,0.2,0.2,0.98,0.28763791034934577,,,0.2785184786737387
B000777,3541.0442635557124,5.872378546526886,17.411729980402068,5.8357995383686045,0.0,0.25152753539362355,0.015891074282250894,0.5669604888838564,1.661132688654801,0.0,1.4244514434534663,0.14654641773749805,2.279446240106822,0.3608017565742988,2.3847942333432073,0.6897778942016903,0.44720983899756306,0.24256805520412725,0.024955206238223577,0.0,0.285266899560086,0.0,0.0,0.0,0.0,0.95,0.7852428911874311,,,0.1914861261152433
B000778,770456.8764269728,424.0268995195227,663.0914529657757,2089.170086022724,0.0,0.433,3.1896694802933903,115.45884653216692,0.6586911923701242,0.0,0.0,421.8995356955825,0.9383869006084765,0.5302857309616363,1.6694611505780423,0.9997082006556693,0.9997082006556693,0.0,0.0,0.0,0.0002917993443307927,0.0,0.0,0.0,0.0,0.92,,,,0.19030060538549587
B000779,1452.1851541180886,1.0910481999384587,7.662072564843769,1.2515532488966523,0.1573265723660601,0.3469861767903342,0.20503721445431525,7.442353282043744,0.3422374612752128,0.224050765914777,0.026889542359882827,0.12662358361551868,0.1826414443689789,0.18860540240408852,2.056957740768024,0.8951971662297799,0.6651978790408051,0.22999928718897505,0.0,0.0,0.10480283377021998,0.0,0.5,0.5,0.5,0.5,1.0326413094600626,,,0.4049048318617571
B000780,23671.493337368855,12.949394604687557,18.44527392002171,10.175930362862712,0.0,0.3143604706380709,0.013307776097562786,0.44963908005834496,6.542971582529534,0.8346113201384013,2.216435351122588,0.0,2.4304374223309315,0.9249389285661016,1.8851118018576711,0.9924008024230884,0.8047134628581069,0.1876873395649814,0.0,0.0,0.007599197576911644,0.0,0.0,0.0,0.0,1.0,,0.21717496885649692,,0.188624025984382
B000781,1496.3322127637782,1.8869258672935412,10.399178118451957,2.52475727843305,0.0,0.39090270599828886,0.7280443248213634,26.365034788931993,0.6999346768933664,0.49268434397948613,0.0628941005932889,0.49026359038734,0.0,0.1411491554400601,1.6620612012586686,1.0,0.9666684835459387,0.033331516454061474,0.0,0.0,0.0,0.0,0.0,0.0,0.0,1.0,1.2016631873515735,0.36020959003242103,,0.18837769891077183
B000782,1813.9798161392566,3.280252832078222,9.786512293532828,5.755623674881124,0.0,0.24,0.018234142034586582,0.5661388682512954,1.5082948696755694,0.0,1.4085537148427492,0.0,0.0,0.3634042475599034,2.5808707803526163,0.49229390839371723,0.49229390839371723,0.0,0.0,0.0,0.5077060916062829,0.0,0.0,0.0,0.0,1.0,0.5027912852898011,0.46649356839148337,,0.1914861261152433
B000783,3339.2823643710185,4.464281235790132,28.62502325795786,6.61952826310364,0.004442470222000698,0.04087859003794951,0.5212864833694714,24.500464718365155,0.6744480041051121,2.9416684620583853,0.05414396960192569,0.37609972201481723,0.28974948163384373,0.12817159637604833,1.7480771337381231,0.9081421064290779,0.9081421064290779,0.0,0.08424642224589855,0.0,0.007611471325023606,0.0,0.0,0.0,0.0,1.0,0.4539786454140711,0.26939301128375975,0.4668484671061626,0.18837769891077183
B000784,36967.402514526504,14.406626077368085,20.94884894895752,15.955208325393077,0.0,0.1260946650771699,0.009949385658130541,0.2218713001763111,6.570349019520169,0.0722662847894947,2.0471057603996514,1.8679366829784805,2.5563828830665285,1.2925854466137612,2.745720180606301,0.5439356179416791,0.4142774541948671,0.12965816374681183,0.0,0.0,0.456064382058321,0.0,0.0,0.0,0.0,1.0,0.18094802198611057,,,0.188624025984382
B000785,28991.998358074154,8.978630646662792,21.014838786500988,13.464846695519725,0.10499500316036053,0.13361669836087595,0.010909430408951796,0.24328029811962507,2.492001870065131,0.6463306958900118,1.8290674477502094,2.743184612787896,0.8392218193595182,0.42882420081002387,2.416310562648637,0.7127950453904164,0.5473408047928608,0.16545424059755542,0.0,0.0,0.2872049546095836,0.0,0.0,0.0,0.0,1.0,0.1555742461038551,0.21581037250675092,,0.1914861261152433
B000786,4595.840200353956,3.1413808614859575,10.01760532973684,8.817656473004789,0.0,0.43680505249221413,0.013861890943522094,0.30912016804054265,1.3861890943522093,0.0,1.0605063067741596,0.24288762660172758,0.0,0.45179783375786126,2.5325516905533503,0.5587325588733278,0.5587325588733278,0.0,0.0,0.0,0.4412674411266721,0.0,0.0,0.0,0.0,1.0,,0.4023606916065868,,0.1914861261152433
B000787,32308.577116681234,6.773286607270699,14.001903674339873,8.073225520526906,0.05872671118629011,0.2926446445352296,0.011833796718891322,0.5355319478756403,1.2640675705106639,1.0170074686282002,1.0482163408481882,0.37065191130526204,2.2337117624523697,0.8396315535260156,2.119908086760879,0.7903540543697832,0.31042172320412353,0.4799323311656599,0.0,0.0,0.2096459456302167,0.0,0.0,1.0,0.0,1.0,0.23783055779026693,0.21238886610217658,,0.188624025984382
B000788,3093.154951559164,4.568914256365088,15.314204375666279,7.062772504461322,0.0,0.453,0.008153608914391241,0.295160642700963,1.862499498211197,0.0,0.0,0.9386505418457686,1.502953692354376,0.26481052395374477,2.3876092749409046,0.5584969086733765,0.5584969086733765,0.0,0.031780143073794946,0.0,0.4097229482528283,0.0,0.0,0.0,0.0,1.0,,,,0.1914861261152433
B000789,4850.136797441725,4.338226115779719,9.397465876143096,4.371542226115995,0.0,0.29359218536135384,1.3419802390262219,63.06630793859809,1.755171053286693,0.8364022610315113,0.0,0.6365364038384355,0.7005508117461396,0.4095655858769388,2.691286838317784,0.5774295780035372,0.5774295780035372,0.0,0.0,0.0,0.4225704219964626,0.0,0.0,0.0,0.0,0.98,0.17931152296720143,,,0.19030060538549587
B000790,6157.825567680638,1.4550627522874855,8.505781074897387,3.2535964695207755,0.0,0.365,0.3881826593598417,14.05221226882627,0.16845910930748337,0.5037581675878512,0.045177560958917055,0.43610093504982245,0.15014398987096955,0.1514229895124421,2.3474361063724705,0.6809542629732309,0.6499057319817708,0.031048530991459985,0.29971280232707065,0.0,0.019332934699698656,0.0,0.0,0.0,1.0,1.0,,,,0.18837769891077183
B000791,16682.828854094,3.7915520122940913,6.644530696487184,0.014832871696554891,0.0,0.47,0.014044037655714292,0.5433412828147904,3.141560866272545,0.0,0.004568524482538906,0.0,0.0,0.6454226215390078,2.380372530275998,0.690456143526599,0.690456143526599,0.0,0.0,0.0,0.309543856473401,0.0,0.0,0.0,0.0,0.5,0.6467509005662685,,,0.18835914010109434
B000792,1573.7584380823678,1.0272574661112062,8.112285501866252,1.3140880590713437,0.0,0.209906124829647,0.3015610043812058,10.918753963128863,0.29801079344744436,0.0,0.05526869913718512,0.4386116931503517,0.0,0.23536628037622498,1.849062313764613,0.8638373363191469,0.8638373363191469,0.0,0.0,0.0,0.1361626636808531,0.0,0.3,0.3,0.3,,0.7331652003473043,,,0.31989570700826886
B000793,7829.620556616328,4.933598334351814,11.02611577029906,3.447309254661919,0.0,0.365,0.01658451009244113,0.393959691655399,3.3502972520211576,0.3369522109775025,0.0,0.8224831230621337,0.0,0.42386574829102036,2.5923660625181157,0.5034713597243504,0.3367607628491807,0.16671059687516968,0.06829745515182317,0.0,0.4282311851238265,0.0,0.0,0.0,0.0,0.5,,,,0.18835914010109434
B000794,4741.082724335752,8.557911054757675,16.07588420804915,1.8803960282687973,0.0,0.365,0.03917350374405094,2.4513005822786433,6.566121956584592,0.9928491029259251,0.0,0.0,0.0,0.9989399952471589,2.375755607026482,0.7218631312405465,0.6058477746221855,0.11601535661836095,0.0,0.0,0.27813686875945376,0.0,0.0,0.0,0.0,0.5,,0.30189852691620245,0.42370841619402416,0.18835914010109434
B000795,4228.944081311887,11.337651692525167,16.581885836806418,3.555595786926927,0.0,0.11070520415835694,0.023393120571573757,0.9047578792137325,4.020402590702478,0.0,0.0,0.21879349077734778,1.9802782080224592,5.1181774030228775,2.8410279563829755,0.6192290327127672,0.42526720018887354,0.19396183252389376,0.0,0.0,0.38077096728723225,0.0,0.0,0.0,0.0,1.0,,,,0.188624025984382
B000796,2093.3834791472277,4.621155583106463,9.45246828053164,6.490785795805609,0.0,0.37867298455695525,1.4187400338374507,51.35838922491572,1.7734250422968134,0.0,0.0466250764483301,2.1715595199787328,0.17691371868431455,0.452632225698272,2.8633516582090963,0.14230960541729745,0.14230960541729745,0.0,0.4699169895766533,0.0,0.38777340500604923,0.0,0.0,0.0,0.0,1.0,0.7377478032951426,,,0.18835914010109434
B000797,1840.8820660872786,1.8997750940013196,9.217056811662216,3.4359903481271523,0.15331117697922242,0.2713935220108634,0.47751517715961245,17.319857363972883,0.601013572329948,0.0,0.04650622025826915,0.700305752361342,0.2375885988891394,0.31436095016262106,1.8271347912507372,1.0,0.8749385652863104,0.12506143471368952,0.0,0.0,0.0,0.0,0.5,0.5,1.0,0.5,,0.3366109007133416,,0.4049048318617571
B000798,2472.2911665298243,1.3920558370100362,10.7993700410251,1.927397772382221,0.19439520275926184,0.1923551697054771,0.3651098673348376,13.184920180609577,0.45504760594589805,0.28546538783218883,0.05348207653148495,0.2315240696897616,0.2211925594486794,0.14534413756202347,2.717757131014916,0.4938501278283114,0.33495380085067106,0.15889632697764028,0.16631809122473612,0.0,0.33983178094695266,0.0,0.0,0.0,0.0,1.0,0.6286388155896094,,,0.18837769891077183
B000799,2889955.092953555,1967.2941408805682,4886.243144627982,7051.356232069809,0.35203200621802405,0.34110062334709257,0.030051159303891677,0.4824786132122979,1.7881104876882175,0.7739082205176321,0.0,1963.7169764718137,0.6386413317568599,0.376504368791645,2.3344370152016816,0.999091081272225,0.0005160111441668413,0.9985750701280581,0.0,0.0,0.0009089187277749184,0.0,0.0,0.0,0.0,1.0,0.8442819078397873,0.4295406583013676,0.6232942340049138,0.1914861261152433
B000800,12306.788761160667,6.053511441790786,8.816324512068181,6.730673949525683,0.24554672655393586,0.3616257428485463,1.8879130746791826,88.73946462138123,2.4691946151180493,0.0,0.7665700811847146,0.5425257321664924,1.5200478267911353,0.7551731865303922,2.9679750364593636,0.25138190987955517,0.12474960918005508,0.12663230069950002,0.340723492272357,0.0,0.4078945978480875,0.0,0.0,0.0,0.0,0.98,0.17555609396690777,,,0.19030060538549587
B000801,10148.560395325247,3.051280936658222,10.64226625350596,7.0381836970645555,0.0,0.36499999999999994,0.01168578621028985,0.21092801831001512,0.3433464660769318,1.1526211407112816,0.0,1.2471838314636983,0.0,0.30812949840631065,2.6763377054810764,0.0860709097705395,0.0860709097705395,0.0,0.7864909924692999,0.0,0.12743809776016077,0.0,0.0,0.0,0.0,1.0,,0.4021679461696482,0.21655111079006845,0.1914861261152433
B000802,2070.2207225173847,2.1276677518164284,7.021433772925926,0.9455802916717407,0.0,0.365,0.8414475281667438,39.54803382383696,1.0518094102084299,0.0,0.0,0.0,0.49926639400267914,0.5765919476053193,2.992464697122303,0.5056514771582727,0.2709971738365035,0.23465430332176931,0.0,0.0,0.49434852284172714,0.0,0.0,0.0,0.0,1.0,0.5807221272694718,0.3022597688281605,0.5308042317846271,0.18835914010109434
B000803,1651.494766809821,5.177099582475928,9.338172336239388,5.897346684160133,0.0,0.1547798052409757,1.568242551737599,56.78010789250378,0.9535529084223721,1.3508812855329648,1.157432646094704,0.0,1.2109402045534914,0.504292537872395,2.080918128657708,0.7622915550626895,0.7622915550626895,0.0,0.0,0.0,0.23770844493731047,0.0,0.0,0.0,0.98,0.92,0.36676476405702524,0.4267403754469512,0.6189610558666201,0.19030060538549587
B000804,3799.283406999263,4.1934695441492975,6.691436179629162,4.510485413622975,0.0,0.021,2.692058845189969,97.47220817757773,1.5722790616343207,0.0,0.0,0.8593388366039506,1.0965234504460752,0.6653281954649505,1.9425784452006212,0.9510406880291358,0.7461175742311842,0.2049231137979516,0.0,0.0,0.04895931197086413,0.0,0.2,0.2,0.2,0.98,0.2878254598869004,0.3282625065932537,,0.2785184786737387
B000805,7370.32837898096,2.9936345974739886,6.435568810259388,2.1377412145899486,0.0,0.45281220116086746,1.0558031946254247,38.221833964878,1.4769883276082036,0.23775205164858054,0.0,0.4460460849580672,0.0,0.8328481332591378,3.129924693658078,0.268350014550797,0.18893081895184372,0.0794191955989533,0.14899817276779145,0.0,0.5826518126814118,0.0,0.2,0.2,0.2,0.98,,,,0.2785184786737387
B000806,11158.535938410712,2.3771912949319796,10.709164549562756,4.450164273219186,0.0,0.4033246907266021,0.5625617390769344,12.548650202558191,0.5212505405596641,0.7043400002603883,0.0,0.5587494167740191,0.1636998621436355,0.4291514751942725,2.298171136396842,0.9757194118598818,0.44438252713914683,0.5313368847207347,0.0,0.0,0.02428058814011837,0.0,0.3,0.3,0.3,1.0,1.0413872170831773,,,0.31989570700826886
B000807,594.3400576009186,0.505821325617803,3.4681723006524168,0.12939652489895517,0.0,0.33495647430861825,0.4296985233419083,15.555086544977081,0.23633418783804958,0.0,0.044106921271650175,0.0,0.030303782326857237,0.19507643418124615,2.936334777178308,0.5327714039154158,0.4455727844863543,0.08719861942906143,0.0,0.0,0.4672285960845844,0.0,0.0,0.0,0.0,1.0,0.5945956929292509,0.3626880890867121,,0.18837769891077183
B000808,558.5491839822948,1.8313087999419502,10.816051166088652,2.5018094177280514,0.0,0.36625709107742527,0.5158661290156785,11.465083830383676,0.6418087038472094,0.2236118726810628,0.062395905660599583,0.6439163752626749,0.0,0.2595759424904035,2.5688797157426433,0.4510140720147973,0.41694231652354574,0.03407175549125163,0.12210495176354254,0.0,0.42688097622166005,0.0,0.0,0.0,0.0,,1.2615111632051517,,,0.18837769891077183
B000809,8600.084374899025,4.367742191416467,6.993803899396047,3.4313845933686173,0.0,0.453,1.7851230969066676,83.83814069591938,2.332514241073466,1.057862418349867,0.0,0.3208563818699235,0.0,0.6565091501232115,3.15702132268963,0.30877354081040775,0.06657462613344042,0.24219891467696728,0.0734604671723697,0.0,0.6177659920172227,0.0,0.0,0.0,0.0,0.98,0.4651358522959344,,,0.19030060538549587
B000810,14768.41046785831,6.815140963478685,12.169219632023108,5.716007949133863,0.12715445936289899,0.3475012916633294,0.010005766083985564,0.36889168794562605,3.360145326711571,0.8270265269340042,0.0,0.5849706452681355,1.3385817008828333,0.7044167636821412,3.0255498009927067,0.4164621673245483,0.09869790691937014,0.3177642604051782,0.08583397590789467,0.0,0.4977038567675571,0.0,0.5,0.5,0.5,0.5,,,,0.40513160691334116
B000811,4919.267261305057,4.2517435274892454,12.787012271763013,5.00781606758444,0.27583532272285527,0.4072274151816055,0.014273852723723066,0.13718564381950432,2.5074940882886647,0.24483485762438797,0.23615467310285293,0.20281410099481464,0.6788586308360537,0.38158717664247227,1.5559162447868617,0.9402906012570015,0.9402906012570015,0.0,0.0477013958352707,0.0,0.012008002907727914,0.0,0.0,0.0,0.0,1.0,0.18983441489091998,0.26593187944574126,0.6050018713156287,0.1914861261152433
B000812,4393.02400247214,1.3247961406731423,7.245826391837393,2.5416012121348004,0.027117104574369787,0.5978635258091988,0.26038750875846145,9.328711379062945,0.39683692449686614,0.07861870714787074,0.06851238377691087,0.4444407738622271,0.0,0.33638735138926734,2.5430877978165936,0.46333738644958794,0.4039933826937167,0.05934400375587129,0.2371169609677971,0.0,0.29954565258261495,0.0,0.5,0.5,1.0,0.5,0.5454667107990078,0.361204918056168,,0.4049048318617571
B000813,1245.506403092539,1.6922641346366019,11.352826761804698,3.816795074948748,0.0,0.3473612701563204,0.20630082299661182,7.4896936828897935,0.31273435211769657,0.5310189393260459,0.03783154013185323,0.6189722425198686,0.0,0.1917070605411371,2.3444013342818026,0.8032272354753774,0.46707966381981286,0.33614757165556464,0.0,0.0,0.1967727645246223,0.0,0.5,0.5,1.0,0.5,0.8031048819804757,0.255512909349071,,0.4049048318617571
B000814,5779.182475813733,1.9066916779326073,9.545910719930546,0.974726625443242,0.0,0.2634712133768783,0.35856939418260003,16.827497684377253,0.9796329112184822,0.10728424784977023,0.0,0.18361672008409902,0.22502989223862158,0.41112790654163445,3.0477927270464553,0.3624242648391697,0.3061570407822121,0.05626722405695748,0.09630121230884663,0.0,0.5412745228519839,0.0,0.0,0.0,0.0,0.6,0.8291404350744165,,,0.18837769891077183
B000815,12643.577116591445,9.60028634517194,17.080356794860116,11.897633975044911,0.054516451551963455,0.40075105144070267,0.017293838033087386,0.4332253749084216,3.253774207520357,0.65870717852873,2.0100217010992867,0.0,2.979210385711261,0.6985728723123072,2.3130203344310862,0.6426159395018309,0.5740026549762086,0.0686132845256224,0.0,0.0,0.3573840604981692,0.0,0.0,0.0,0.0,1.0,0.23203756968847963,0.21134975501180836,0.454593581963354,0.188624025984382
B000816,3743.0130789074083,2.419530109183845,9.330507003880456,5.658384186225221,0.0,0.45299999999999996,0.011541522731519144,0.2573759569128769,1.1541522731519143,0.0,0.4185315882039612,0.0,0.6071905115362161,0.23965573629175368,3.208078675549748,0.27694407412034727,0.025990176406285186,0.25095389771406207,0.17298052486114343,0.0,0.5500754010185094,0.0,0.0,0.0,0.0,1.0,,,,0.1914861261152433
B000817,1030.3029770878209,1.8012289809227637,5.357355635693621,2.416825543159769,0.0,0.433,0.00935554982893085,0.20862876118515797,0.37422199315723403,0.0,0.0,0.0,1.15040895854405,0.27659802922147986,2.4175914788601225,0.7771363862735509,0.7771363862735509,0.0,0.0,0.0,0.2228636137264491,0.0,,,,1.0,0.47497905752435554,0.34852519157057665,,0.1914861261152433
B000818,7587.761113019308,7.8792950290958546,22.211624974979536,3.843437683879286,0.0,0.32382119094155665,0.02434003782411404,1.5739245579747898,5.941962217460028,0.0,0.12630772648274124,1.187491632678825,0.17605646793185487,0.44747698454240614,3.2302327000102617,0.2458764146388532,0.2458764146388532,0.0,0.0,0.0,0.7541235853611469,0.0,0.0,0.0,0.0,0.5,0.2347181778771391,0.2572350604880356,,0.18835914010109434
B000819,5564.807785591851,9.019137415870098,11.511796743903968,11.69265513340916,0.0,0.24000000000000002,0.02071348262636758,0.2278483088900434,4.731506183688026,0.8520533758111385,0.0,2.609662948853849,0.0,0.8259149075170847,2.9527612560860246,0.2660939211499128,0.2660939211499128,0.0,0.20929868398298437,0.0,0.5246073948671027,0.0,0.0,0.0,0.0,1.0,0.19897085215475907,,,0.188624025984382
B000820,4099.573842034019,2.9136985373376114,5.0937772097242116,3.586889541658237,0.1598854354792511,0.3743597583973616,3.7662851955186833,136.33664720181307,0.7986575765202798,0.0,0.17701821195097825,0.45979390781464957,0.9298457958424835,0.54838304520922,1.7391164229221472,0.927857530363305,0.927857530363305,0.0,0.06075378412782828,0.0,0.011388685508866611,0.0,0.0,0.0,0.98,0.98,0.2905151991507142,0.3504843237827032,,0.19030060538549587
B000821,387.3938542439665,1.2220626316844367,7.7495427764607125,2.5228422380456466,0.0,0.3407391422681642,1.079427685297529,39.075282207770556,0.21406539040538486,0.0,0.04282685763496398,0.5283213171321993,0.21188417831701192,0.22496488819487703,2.0389860931855384,0.5913168221903303,0.5913168221903303,0.0,0.3528049177266883,0.0,0.05587826008298165,0.0,0.0,0.0,1.0,1.0,,,,0.18837769891077183
B000822,4765.185080782148,13.892667874000432,30.67240955147139,8.594471940157153,0.03306710902413227,0.24789290681649323,0.0471749397560853,2.090756831123338,10.10800406874928,0.0,0.115320595527015,3.037585436375585,0.1403052662053417,0.4914525071432071,2.074338272974738,0.8405859187575394,0.8405859187575394,0.0,0.010099231297965262,0.0,0.14931484994449504,0.0,0.0,0.0,0.0,,0.15405416069491729,,,0.18835914010109434
B000823,603.9410812149082,1.0727195048222171,5.767293612498466,1.1775383600789613,0.022070550495355404,0.35995960441099883,0.5342471875017961,19.339748187565018,0.29383595312598787,0.4033440845140473,0.06658173565875704,0.0,0.08292140437441055,0.22603632714901437,2.8343485532017625,0.23771124356485507,0.23771124356485507,0.0,0.4533016195776613,0.0,0.30898713685748375,0.0,0.0,0.0,1.0,1.0,0.472445366166442,,,0.18837769891077183
B000824,3702.34271307916,11.533777922364985,26.62046663622661,5.825110192400516,0.0,0.28172502298403085,0.03583222596511102,2.155866974216807,8.466698307490475,0.6975829392824666,0.045278522718603526,1.4393134835135837,0.0,0.8849046693598581,2.9234592394721335,0.4585117641832553,0.2732388694578918,0.18527289472536354,0.0,0.0,0.5414882358167448,0.0,,0.0,,0.5,0.12291184556540022,0.1876003700715828,,0.18835914010109434
B000825,21539.297281118506,5.609192000291277,11.777378779468792,1.7970510057198856,0.2432588454677449,0.42582949823272803,0.011296684630256659,0.18115933375707763,4.541514808134908,0.5763813851491337,0.0,0.06214622923055997,0.0,0.42914957777667717,3.4344164270244124,0.17418767973169005,0.06035174501122839,0.11383593472046168,0.0,0.0,0.8258123202683102,0.0,0.0,0.0,0.0,1.0,,,,0.188624025984382
B000826,2630.0871621068914,2.154043539809084,14.677081835537589,3.111670632849284,0.0,0.12048859859841549,0.40267572122315987,14.576861108278386,0.5033446515289498,0.8432108397342328,0.0,0.4875640567106118,0.1927635916935133,0.1271604001417755,2.817540704730535,0.23384487468186455,0.23384487468186455,0.0,0.48094405348907954,0.0,0.28521107182905575,0.0,0.0,0.0,0.0,,,,,0.18837769891077183
B000827,17419.64134070576,5.718857958209376,11.993315077197018,4.542962309946404,0.0,0.39368197522558435,0.010029423320230296,0.46464963892827804,2.567992509124826,0.6927258361978883,1.405652471327796,0.17172004209883848,0.0,0.8807670994600288,1.71547959870228,0.9714409330592414,0.8503108330882352,0.12113009997100659,0.0,0.0,0.028559066940758646,0.0,0.0,0.0,0.0,1.0,0.3262819900029193,,,0.188624025984382
B000828,6255.316864745455,6.495656141999434,9.461446988991737,11.634126661290772,0.0523192931304436,0.46439936142521,1.3134633802712201,47.414318819135495,2.2490425761782658,0.0,0.7650846743819432,1.601471561117111,0.47635284219036744,1.4037044881317453,2.5968986534219582,0.5973511777376446,0.35080617503001044,0.24654500270763416,0.0,0.0,0.4026488222623551,0.0,0.28,0.28,0.28,0.7,,,,0.3131956702029707
B000829,2122.9200757937233,0.998081840993758,7.773833533677132,1.007960460535516,0.0,0.23719185145215443,0.18538669127147625,6.692967534912869,0.2813965438601619,0.29231256457019095,0.01884135009858967,0.0,0.2736428153245505,0.1318885671402651,2.3249858770533987,0.7180626554832571,0.7180626554832571,0.0,0.0,0.0,0.2819373445167426,0.0,,0.0,,0.5,0.6588498480665289,,,0.18837769891077183
B000830,34673.73690806601,9.44788471609428,19.748591622537024,11.901598180203012,0.0,0.21855147456500582,0.015452166546179535,0.4686225902016657,2.8366454385455584,0.0,1.4232114634481126,1.8817903905321913,2.638410628024512,0.6678267955438996,2.3210670117351513,0.6770244298143585,0.6770244298143585,0.0,0.0,0.0,0.3229755701856408,0.0,0.0,0.0,0.0,1.0,,,,0.188624025984382
B000831,2329.8278461454806,4.631864505259405,13.56505916497625,3.917540542382626,0.0,0.44078719562891294,0.009840120112161389,0.24988658712849346,2.4190712211057286,0.0,0.7077543864353659,0.0,1.1386909189861254,0.36634797873218583,1.8166889430053146,0.9884894250673273,0.8356882397926455,0.15280118527468206,0.0,0.0,0.011510574932672669,0.0,0.0,0.0,0.0,1.0,,,,0.1914861261152433
B000832,10403.990767550871,11.809297125483395,27.408910147393513,15.759923765235586,0.0,0.21073689651406532,0.010108881487822451,0.29057014042977636,0.5915731935822311,0.7086117344433079,2.878629905697819,1.073397218964477,3.8270542513235304,2.7300308214720292,2.168862243294639,0.6253223233080207,0.38156269264499026,0.2437596306630304,0.37349324187794,0.0,0.0011844348140393353,0.0,0.0,0.0,0.0,1.0,,,,0.1914861261152433
B000833,1907.7350234587118,1.0759926810257823,7.727318432715271,0.6518485309071839,0.16005522616951404,0.24000000000000002,0.3472658010665675,16.261711357315736,0.561079527967213,0.3110815219632613,0.0,0.056302228602864664,0.0,0.14752940249244317,1.5630274638715989,0.9820330464210208,0.6405960115372092,0.34143703488381155,0.0,0.0,0.01796695357897926,0.0,0.0,0.0,0.0,0.6,0.9007196361958975,,,0.18837769891077183
B000834,2315.098812522802,1.6776078351614505,8.421249801788823,1.6047496322913954,0.0,0.4611727345766271,0.34409785707341006,12.425139221698597,0.9400958111254869,0.34350450826168755,0.032839738207650855,0.0,0.18223789860899942,0.178929878957626,2.985078035559246,0.43284443717415544,0.43284443717415544,0.0,0.0,0.0,0.5671555628258447,0.0,0.0,0.0,0.0,0.6,0.7255432638986967,0.39122410665236335,,0.18837769891077183
B000835,2372.8610356448926,5.4548529555055,11.170397674441082,12.05352588517696,0.18949623967283577,0.21488482958073638,1.3912661017195618,49.369481311907776,0.8257409129205809,0.0,0.2941004894233753,2.127811093786116,1.508511427096527,0.6986890322789023,2.3890727372339198,0.848622699886498,0.4585459900022199,0.39007670988427817,0.0,0.0,0.15137730011350228,0.0,0.0,0.0,0.98,0.98,,,,0.19030060538549587
B000836,4647.539763951765,1.1745109335233168,6.641577437552837,2.0343439167702875,0.0,0.4435144739413128,0.49551282209021164,17.924978033170685,0.2723006121772915,0.0,0.02744082341344445,0.6196880808784315,0.05867597489555954,0.19640544215858977,2.348618442800987,0.709635696802336,0.6862720799723699,0.023363616829966002,0.0499577936831481,0.0,0.24040650951451578,0.0,0.0,0.0,0.0,1.0,,0.34684783950857445,,0.18837769891077183
B000837,20391.89313554531,5.023871183923457,8.482580962412015,4.039443154325258,0.0,0.17546081117458234,1.390013944854847,50.28525544891796,1.935747626699175,0.5818339631201647,0.0,0.37583473400787576,1.5490709710143258,0.5813838890819159,2.4997000960262588,0.5780557606186029,0.26971366459285273,0.3083420960257502,0.0,0.0,0.4219442393813972,0.0,0.19999999999999998,0.19999999999999998,0.19999999999999998,0.98,,,,0.2785184786737387
B000838,4203.55369348726,3.608200595268034,11.734423774580627,5.2903366340444435,0.0,0.3038949511628542,0.011229010747784212,0.2915376552424557,1.596130010237319,0.40845649204860507,0.0,0.8480418676082417,0.4964150661407364,0.2591571592331319,1.6281476258477483,0.884109908832873,0.7465302335809598,0.1375796752519133,0.11320226835067716,0.0,0.00268782281644991,0.0,,,,1.0,0.21955575698544597,,,0.1914861261152433
B000839,13098.111690836276,5.821382973705012,9.596732649872294,2.8816087046843024,0.0,0.33530472732909816,0.016140683539657245,0.6011738009155679,3.435392159688149,0.598257053461311,0.0,1.0684075381006246,0.0,0.719326222454928,2.9562317058452345,0.40986666309265385,0.40986666309265385,0.0,0.0,0.0,0.5901333369073463,0.0,0.5,0.5,0.5,0.5,0.31063619662109865,0.2892903209520484,,0.40513160691334116
B000840,10885.047729099027,9.949769405026533,12.708491511800636,8.66429476717407,0.11727777450727635,0.2989770242998321,0.02100203908365953,0.6347667160041226,4.778690835631492,1.2524071309999967,1.259262203516437,0.26684238417255807,1.658501449443692,0.7340654012623585,2.510259819883031,0.5376415545072546,0.5376415545072546,0.0,0.12587298057051372,0.0,0.33648546492223186,0.0,0.5,0.5,0.5,0.5,,,,0.40513160691334116
B000841,16720.85311599615,7.471337406611327,14.613399747134858,16.97411317856443,0.012927786092735552,0.6628972045769499,0.019740369091965238,0.33940143775419535,3.0158757589742224,0.0,0.6259881722375025,2.2231651318220154,0.5710719532294505,1.0352363903481343,2.578851151220257,0.596340575342575,0.596340575342575,0.0,0.0,0.0,0.40365942465742455,0.0,0.0,0.0,0.0,1.0,0.24900021879246462,,,0.188624025984382
B000842,684.5087494871801,1.8108697076380427,14.682659742568909,3.7823254152722425,0.0,0.3169365346842085,0.18088658979655642,6.557920062997332,0.3123997953208127,0.22986409041627012,0.043764350064626,0.9124993465641763,0.16382624182991007,0.14851588344224712,1.7008804140766816,0.9453534304916656,0.8184176882641995,0.12693574222746645,0.0,0.0,0.054646569508334214,0.0,0.5,0.5,1.0,,1.1285950245073504,,,0.4049048318617571
B000843,2298.617951485503,6.367362746497238,9.906876906010844,9.783112124216572,0.0,0.3685174511838995,1.3349668342366112,48.275373142443556,1.874586385811129,1.3450201587213284,1.171660350426912,0.6144468941645913,0.63571046179851,0.7259384955747666,2.532919978448917,0.5436112029404251,0.3323745870492949,0.21123661589113013,0.09983889517653471,0.0,0.35654990188304003,0.0,0.0,0.2,0.0,0.98,0.3793783707046876,,,0.19030060538549587
B000844,2714.8320454897926,4.443260303583949,15.191885993337193,7.820085125969398,0.0,0.2621607646046937,0.007724982794154097,0.2796443771483783,1.7645899783600731,0.31312733299898393,1.132555621568342,0.0,0.9234648819227612,0.30952248873378824,2.577856950133966,0.5323890185584753,0.5323890185584753,0.0,0.07047242601258683,0.0,0.39713855542893783,0.0,0.0,0.0,0.0,1.0,,,,0.1914861261152433
B000845,3337.929809636493,3.664028331104822,11.945130392958616,5.614923211059082,0.1778918133569945,0.2701111073011566,0.008628873155412881,0.019932696989003757,0.3451549262165152,0.0,1.0779782467330103,0.0,1.6195106501190202,0.6213845080362761,2.248287751895106,0.8797320545795501,0.8797320545795501,0.0,0.0,0.0,0.12026794542044998,0.0,0.0,0.0,0.0,1.0,0.5451146278569259,,,0.1914861261152433
B000846,5170.621178459558,1.211769669196053,7.34984464045105,1.4618251017870094,0.0,0.4232437579433931,0.4673834782396808,16.919281912276443,0.25706091303182443,0.5288554257845258,0.04958418657841649,0.0,0.13179884753743734,0.2444702962638484,2.3438103493512887,0.7467346887334495,0.7058158674104889,0.04091882132296071,0.0,0.0,0.25326531126654994,0.0,0.0,0.0,1.0,1.0,1.1297576644149812,0.3287188471985186,,0.18837769891077183
B000847,34921.38647270401,14.454216255258283,20.851625336374077,21.69153936796662,0.0,0.351628417120981,0.010087609599615261,0.22495369407142032,6.661628980878002,0.0,1.9453167674053946,3.764293079856334,1.418396840681223,0.664580586437334,2.8478783988658947,0.26876595334910514,0.26876595334910514,0.0,0.260428722898547,0.0,0.47080532375234807,0.0,0.0,0.0,0.0,1.0,0.2519986261826417,0.2922329094173391,0.377874972457543,0.188624025984382
B000848,2517.223757160835,6.124632012556775,18.071103110865323,7.504415983962392,0.0,0.2967379450815491,0.01313023167247099,0.2509976085460883,1.9652804494116336,1.0284839443023144,1.8804432644613416,0.8960831240900375,0.0,0.3543412302914474,1.6180659807796103,1.0,0.4921601562874013,0.5078398437125986,0.0,0.0,0.0,0.0,0.0,0.0,0.0,0.95,1.1617048404427344,0.6716624848222593,0.5398980336755901,0.1914861261152433
B000849,2342.714978272902,1.674563958736885,10.175474137324569,2.914974529418645,0.0,0.30769822564456223,0.32759758102105996,11.861103599205013,0.4495517759910844,0.19012054595800063,0.04666107242947351,0.753070280379042,0.0,0.2351602839792841,2.4610833333404702,0.6996427611188665,0.6717781506415994,0.027864610477267,0.0,0.0,0.3003572388811333,0.0,0.3,0.3,0.3,1.0,,,,0.31989570700826886
B000850,2376.94199677832,1.1606162093644141,9.253457315317283,1.2064518587334128,0.0,0.31384823202077905,0.17132454677328843,6.217542004407192,0.19385969592890095,0.5035436601254027,0.025139372219024195,0.0,0.19127323710561805,0.24680024398546827,2.1150554619132373,0.8872497733681546,0.45339088352793977,0.4338588898402146,0.0,0.0,0.11275022663184557,0.0,0.5,0.5,1.0,0.5,0.7697520524209528,0.27928806567643905,,0.4049048318617571
B000851,1620.886578002384,4.867527261268421,16.11799275345855,7.8572403477810004,0.0,0.4793878539197889,0.008026067679765669,0.17898130925877442,1.8333657136520565,1.0656688927789202,0.9921284187248265,0.34951968589521615,0.34340070521724225,0.2834438450001594,2.4893548135638426,0.6233476228802256,0.3326068621792049,0.2907407607010207,0.0,0.0,0.3766523771197745,0.0,0.0,0.0,0.0,1.0,,,,0.1914861261152433
B000852,5268.898190419876,6.833849793021889,15.163285897778788,10.06617962652539,0.0,0.2646872053443611,0.015693829169805523,0.3515096843683577,2.787047301363652,0.46520456045922376,0.0,1.9375421041217955,1.0844119978895257,0.5596438291876884,2.7532563376532897,0.5540997576103583,0.11264477741983546,0.44145498019052287,0.0,0.0,0.44590024238964115,0.0,0.0,0.0,0.0,0.5,0.4211334708615732,,,0.18835914010109434
B000853,9244.001513729265,2.357562232524679,9.476591656897842,2.9284569105597105,0.0,0.4104958724681414,0.7030722137507024,25.45440858426024,0.8764914094789544,0.5695876530184836,0.07726256797164811,0.5587762806945411,0.0,0.27544432136105146,2.7627353314321312,0.6142322455290664,0.13561754847198113,0.4786146970570852,0.0,0.0,0.38576775447093364,0.0,0.0,0.0,0.0,1.0,0.44680816021041503,,,0.18837769891077183
B000854,3201.453420149193,2.7503895362106467,12.805553194685686,0.9562413132537992,0.0,0.3020399996801951,0.6074272366227876,21.994003577365092,0.7417682633073455,0.0,0.0712862751920561,0.3153622358908838,0.1780971548103443,1.443875607010017,1.953244826742872,0.9801629717797711,0.9801629717797711,0.0,0.0,0.0,0.01983702822022895,0.0,0.3,0.3,0.3,1.0,,,,0.31989570700826886
B000855,19748.995248451487,16.134800039584547,32.76075512201226,4.2412176599200215,0.0,0.33750010762521343,0.07215763269030642,3.239916211949461,13.892020455384863,0.0,0.14898094743425036,1.2166964604357708,0.09739666180020301,0.779705514529465,3.505092272196926,0.05929803866684914,0.050064521854199094,0.009233516812650033,0.07540821438448389,0.0,0.8652937469486671,0.0,0.0,0.0,0.0,1.0,,,,0.18835914010109434
B000856,4132.78024352328,3.0841643608382685,12.458930934512495,7.249058823791476,0.44440888446813476,0.06995859975385792,0.34965006652526714,12.6025118622145,0.5332376975163597,0.5609720976198229,0.11903189020683007,1.4354817002701967,0.17233205620779923,0.2631089190172602,2.4140076005084214,0.7685230701293706,0.26449234783203057,0.5040307222973401,0.05587641774090139,0.0,0.17560051212972802,0.0,0.5,0.5,0.5,0.5,0.6992627000840578,,,0.4049048318617571
B000857,12885.605452781056,7.885927449682408,21.921498756083306,3.8919297504367107,0.018843190788346016,0.4148960143225076,0.02409732537800709,1.50257064005769,5.882710535318185,0.0,0.09570918476440185,0.6502457130205206,0.8387800820971888,0.41848193448210974,3.1619331769759085,0.23380903894526656,0.12744487474908575,0.10636416419618078,0.0,0.0,0.7661909610547333,0.0,0.0,0.0,0.0,0.5,0.1209292210184007,,,0.18835914010109434
B000858,8117.238137409543,4.689334568116432,8.923815947022403,5.790671169132051,0.09664397882768594,0.36998597338527384,1.3694355872104818,49.58587527077764,1.6184343330417719,0.0,1.4230816364533951,0.7838980400502783,0.4144840827265733,0.44943647584441243,1.6851648225488711,0.9816156276216136,0.5869925103510363,0.39462311727057725,0.0,0.0,0.018384372378386398,0.0,0.0,0.0,0.0,0.98,,,,0.19030060538549587
B000859,11567.636967921675,6.182595920856053,10.298428099556594,10.460972758757043,0.2565991749420132,0.2771891147629727,1.311369565207402,29.264055768027983,2.49263219382857,0.7728551443007237,0.0,1.6413699920869074,0.21666822083697132,1.0590703698028816,2.248677196173673,0.8067079183110585,0.5061807228241163,0.3005271954869423,0.12500495814284315,0.0,0.06828712354609855,0.0,0.2,0.2,0.2,0.98,0.34748161921650444,,,0.2785184786737387
B000860,22648.446995978138,5.470639371009212,9.905124705115472,7.176345379568593,0.0,0.021000000000000005,1.3811748278457758,64.71407176326821,1.9990088871581189,1.2012079351850178,0.12577987879611882,1.7209426327011854,0.0,0.4237000371687711,1.991929254978429,0.9967097955848333,0.7771362039584814,0.21957359162635162,0.0,0.0,0.003290204415166705,0.0,0.0,0.0,0.0,1.0,0.8612102845960163,,,0.18835914010109434
B000861,1558.654580793473,1.5295923265882956,11.948895692898098,3.463878112283722,0.5100106875298532,0.12842844278454152,0.37706217595694014,17.679889604302794,0.46943776195726356,0.37349127522354164,0.04873787651141334,0.33854764391954983,0.06753144448385662,0.23184632449267062,2.6053674500777664,0.44891915150952016,0.44891915150952016,0.0,0.24417700633776152,0.0,0.30690384215271843,0.0,0.0,0.0,0.0,1.0,0.5976729258723114,,,0.18837769891077183
B000862,17952.86901564861,7.940233974192219,13.161539004979906,6.309773001969638,0.0,0.10947487691084705,0.033734517877311944,0.4706590837022095,3.0782518726711365,0.6449758288589641,2.838512567890022,0.6100155404601758,0.0,0.7684781643119228,1.5849506838861485,1.0,0.9231741101782541,0.076825889821746,0.0,0.0,0.0,0.0,0.0,0.0,0.0,1.0,,0.3164356901214916,,0.188624025984382
B000863,5901.23692676403,2.5928106005114366,4.376408894457582,1.9968160375868642,0.0,0.6486424016194607,1.6043491297442338,57.97623160001016,0.9508057901696102,0.14046270029150534,0.0,0.41734535288359814,0.0,1.0841967571667221,2.6750265229322725,0.6293578389885214,0.5751839242938659,0.0541739146946556,0.0,0.0,0.37064216101147823,0.0,0.0,0.0,0.0,0.98,0.2635655410763294,,,0.19030060538549587
B000864,9768.805580314485,4.556345886340711,7.319640179838693,8.229980718683017,0.2777632792952445,0.4090265747601501,0.013675189596168058,0.3049567279945477,1.6882950118725997,0.6446487731411918,0.0,1.3222748835047466,0.0,0.9011272178221721,2.6326140527050286,0.601407434349148,0.31120231900249656,0.2902051153466514,0.0,0.0,0.3985925656508519,0.0,1.0,1.0,1.0,1.0,0.17314631017839893,,,0.608845443987547
B000865,7415.889994738619,3.7971786967427645,8.219476040538435,0.8278719470092359,0.0,0.365,0.01763142081356065,0.41473218212499385,2.8475054986354094,0.0,0.0,0.43711638802087666,0.0,0.5125568100864785,3.3715724512963505,0.13498358940182398,0.13498358940182398,0.0,0.11511609616788299,0.0,0.749900314430293,0.0,0.0,0.0,0.0,0.92,0.3611639328058993,,,0.18835914010109434
B000866,672.7467542058534,1.6249921599175203,3.0423027117784405,0.0,0.0,0.0,1.2252549147631686,44.3501171225017,0.6311081395381686,0.0,0.0,0.0,0.0,0.9938840203793515,2.104789908006804,0.8349000266557789,0.8349000266557789,0.0,0.0,0.0,0.16509997334422094,0.0,0.0,0.0,0.98,0.98,0.2854830738310443,,,0.19030060538549587
B000867,8539.404411821171,2.4961719999477263,10.09843605483088,3.9605932495190634,0.0,0.37525038029753205,0.5149344199304247,18.559343792755527,0.7042598939569742,0.7246363705645378,0.04572981294739581,0.7143156045509953,0.0,0.3072303179278237,2.5028959017052714,0.6627847553169552,0.3541657244456585,0.30861903087129666,0.0,0.0,0.337215244683045,0.0,,0.0,,1.0,,,,0.18837769891077183
B000868,23093.688219602707,12.578261557517814,20.542287657692558,7.209520231687758,0.0,0.29907854872909373,0.02102388445216642,0.609695911041061,3.6463884890987748,0.6206483077898726,3.1830693933442022,0.5956613690941993,0.0,4.532493998190768,2.4544546323871175,0.7101039382569218,0.457042783598253,0.2530611546586687,0.0,0.0,0.28989606174307847,0.0,0.0,0.0,0.0,1.0,,,,0.188624025984382
B000869,3274.623760809924,1.0001905194898975,4.782400867975994,0.6329152584896676,0.0,0.4121722529295152,0.5917138583018217,21.38820163211443,0.32485713155693025,0.0,0.030482474755807194,0.1481932559802935,0.11657885240922951,0.38007880478763684,2.8444753374399236,0.4104830745174755,0.4104830745174755,0.0,0.26472167375127514,0.0,0.3247952517312493,0.0,0.0,0.0,1.0,1.0,0.9460423635261878,,,0.18837769891077183
B000870,2659.3735274806054,2.485395820075332,11.907345061592126,3.770009451651987,0.0,0.07278727559318081,0.30316020816105604,10.884776772071584,0.47872694882674033,1.1909031502481566,0.09798717389888945,0.4197054295507271,0.13939835043303123,0.15867476711778808,1.876191264014375,0.9242048492941121,0.7159110237118653,0.2082938255822468,0.0,0.0,0.0757951507058882,0.0,0.0,0.5,0.5,0.5,0.6011510033612625,0.3652215188651372,0.7879898002107463,0.18837769891077183
B000871,2872.445888276518,4.502266282565075,9.219211503839649,4.482211252338173,0.11307465805371114,0.31070648852787863,0.9689045484605531,45.4259487165689,1.6630565724234052,0.0,1.2728833655423768,0.3962242791824335,0.690382808360289,0.47971925705657,2.8476213520711555,0.47727672396958476,0.19455613712389147,0.28272058684569346,0.1533411764279205,0.0,0.36938209960249446,0.0,,0.9333333333333332,,0.7,0.5026513106666829,0.3843472611918803,0.40897960668967004,0.19030060538549587
B000872,2867.7761602085607,3.7003563357529816,6.259954715321984,3.955102529690665,0.49114445553780556,0.3950980508657967,1.6572099236547018,59.84874222125053,2.1614431849424696,0.0,0.36496125072134167,0.09686162369436253,0.5279908507498916,0.549099425644916,2.97137932931344,0.3897934675314487,0.3636171712762795,0.026176296255169238,0.0,0.0,0.6102065324685512,0.0,0.0,0.0,0.0,0.98,0.2290780302315382,,,0.19030060538549587
B000873,874.7217081512829,0.9795315880753448,4.241049465662113,1.5474021281157926,0.1362137985817317,0.1886041541401261,0.6483777386687272,23.471274139807925,0.23368869374338946,0.0,0.08066313167506861,0.36529992219615864,0.08150001611965838,0.21837982434106962,1.9427604729067678,0.9582865451811171,0.5853532711108784,0.37293327407023863,0.0,0.0,0.041713454818882875,0.0,0.0,0.0,0.0,1.0,1.1469547926502104,,,0.18837769891077183
B000874,1303.8196168675395,2.682756413307694,10.618842382264214,1.8457650971490778,0.0,0.5158886402298318,0.008454006772037968,0.10836709103071876,1.5028740588451532,0.0,0.6849016103783006,0.05208270947621122,0.0,0.44289803460802907,2.8184946243349267,0.43980226777570514,0.43980226777570514,0.0,0.0,0.0,0.5601977322242948,0.0,0.0,0.0,0.0,1.0,0.2201572109218563,0.32587705544922596,,0.1914861261152433
B000875,16970.66956123536,4.735119855255403,14.288365188334012,8.976232808140908,0.0,0.4657514702132909,0.019578508566398402,0.7097029408131996,1.5820631323980472,0.9265937865967342,0.0,0.934958280679111,0.8138235512112353,0.4776811043702757,2.279627121839152,0.6658874155757324,0.6658874155757324,0.0,0.0,0.0,0.3341125844242678,0.0,0.0,0.0,0.0,0.95,,0.4510758189298813,,0.1914861261152433
B000876,1521.028933766394,2.0638113076884586,10.218219892517544,2.7326128405290704,0.0,0.36499999999999994,0.5691982519944642,26.75071091291812,0.7100792421360473,0.0,0.0,0.7077771898796564,0.35266311295793074,0.29329176271482443,1.812920141557457,0.9740459021017821,0.8031663688595081,0.17087953324227392,0.0,0.0,0.025954097898217923,0.0,0.3,0.3,0.3,1.0,1.1556180116026429,,,0.31989570700826886
B000877,6440.190398458938,2.0998338436449098,6.404595511512748,1.5710753480517154,0.0,0.47292729830614616,0.8732961671467949,31.497780844055686,1.086775341160167,0.40519710102240847,0.0725620979039469,0.0,0.0,0.535299303558387,3.0750639230177312,0.3695434050628967,0.3695434050628967,0.0,0.034556114105672754,0.0,0.5959004808314305,0.0,0.0,0.0,0.0,1.0,0.5226832821873153,,,0.18835914010109434
B000878,2566.0504214256607,7.167738607334248,11.955445594923813,8.2311290198726,0.0,0.24,0.010754671912409232,0.3057409372695497,4.363680428721554,0.0,0.0,2.1748037212581437,0.0,0.6292544573545503,1.4362712385495326,0.9881480887876302,0.9881480887876302,0.0,0.0,0.0,0.011851911212369965,0.0,0.0,0.0,0.0,1.0,0.1293384187912853,,,0.188624025984382
B000879,8088.504299534492,7.68869229993773,10.396910219987822,12.872799507177234,0.0,0.453,0.02252527501112208,0.4032584017581171,2.017060494121415,0.0,0.0,1.74295880767258,3.21079989718759,0.7178731009561437,2.819065851100035,0.6923734091962985,0.04808195993381602,0.6442914492624825,0.0,0.0,0.3076265908037013,0.0,1.0,1.0,1.0,1.0,,,,0.608845443987547
B000880,22571.833979206825,5.971384650583817,8.838624853081248,7.2903593892238145,0.1107971301587336,0.15733023581135577,1.8796870128779153,67.95702065830525,2.4540067942510344,0.8756892868158836,0.0,1.5462379326837912,0.37721433443061103,0.7182363024024955,2.4546358067812655,0.5890389017208748,0.464241770106823,0.12479713161405197,0.0,0.0,0.4109610982791251,0.0,0.0,0.0,0.0,0.98,0.17766921788763376,0.3776592977668883,,0.19030060538549587
B000881,15256.644556169014,4.154859628586333,10.298302966819689,9.485648019637797,0.0,0.46637118322742693,0.012786748115825754,0.27155730416625273,0.4044541047646252,1.649674448410892,0.6242171345367674,0.7537889402724697,0.0,0.722725000601579,2.1811266991127427,0.5487144258973423,0.5487144258973423,0.0,0.3970469753203634,0.0,0.05423859878229429,0.0,0.0,0.0,0.0,1.0,0.393822381809141,,,0.1914861261152433
B000882,4758.190375204687,5.718978816351788,18.20677953922065,7.116303210783254,0.0,0.22924241695219266,0.009967864924671064,0.10372930389973721,1.7398851013827645,0.0,1.3532429158296428,0.6100960239743576,1.5747279775091054,0.44102679765591457,1.7464149654364411,0.9981970558107826,0.9981970558107826,0.0,0.0,0.0,0.0018029441892173509,0.0,0.0,0.0,0.0,1.0,0.24085825847969192,,,0.1914861261152433
B000883,2640.1839976438073,3.055768515791444,5.612670452193767,2.6359711413951765,0.0,0.433,3.3794146495897444,122.3441396126194,1.426268026044167,0.0,0.0,0.6530225515543425,0.0,0.9764779381929342,2.105849258336681,0.9713780139642966,0.9713780139642966,0.0,0.0,0.0,0.028621986035703446,0.0,0.0,0.0,0.98,,,,,0.19030060538549587
B000884,10873.139750603928,7.4219383963166745,11.00383749759648,8.84482259108536,0.0,0.3196004516250928,1.74831841719267,63.18962143309501,1.993010089681803,1.6845537694756987,0.8378031570458534,1.4131673844029897,0.40739320044688987,1.0860107952634404,1.562907827342665,0.9704475115532454,0.6885875905707741,0.2818599209824714,0.0,0.0,0.02955248844675464,0.0,0.19999999999999998,0.19999999999999998,0.19999999999999998,0.98,,0.36485495442654525,0.6530260947404316,0.2785184786737387
B000885,19058.99023651532,4.277152207476508,12.357019363516299,7.974012240016955,0.0,0.36800206165777816,0.012393905049552893,0.33594129282225094,0.39607886270643144,1.509773104597299,0.0,0.47168846584290264,1.5722286923613429,0.32738308196853283,2.021896439335906,0.8751761467053026,0.7648951833534757,0.11028096335182697,0.0,0.0,0.12482385329469747,0.0,0.0,0.0,0.0,1.0,,0.378295405329496,,0.1914861261152433
B000886,3953.941951350819,7.322114724723739,20.771797205427088,7.357957633333679,0.0,0.433,0.016528223321358566,0.3685793800662961,1.7746311747439572,1.595541212383717,0.0,1.364276649739633,0.0,2.5876656878564326,2.38896681820857,0.5961182702782557,0.5961182702782557,0.0,0.1863227634405997,0.0,0.2175589662811445,0.0,0.0,0.0,0.0,0.95,,0.5877979338911049,,0.1914861261152433
B000887,778375.5323660006,757.174642379378,1955.8998228958676,1413.8560786542082,0.0,0.3649925095371391,0.05534707362895836,3.6045114156103817,10.500747909915402,744.7324189100573,0.07459040528927631,1.1488109452731914,0.0802550143254909,0.6378191945175047,1.6958831522932243,0.9858703950818306,0.984353161301176,0.0015172337806547756,0.00010599273910348359,0.0,0.014023612179065816,0.0,0.0,0.0,0.0,1.0,0.22566486264014599,0.321551870068592,,0.18835914010109434
B000888,31503.214188030044,6.507584009095237,18.579210157549397,0.605297269531342,0.0,0.29624628714021695,0.022692120978791377,1.435403380912659,5.78772942669772,0.2557205702233596,0.08420069339029455,0.0,0.0,0.3799333187838636,3.0067832943586055,0.33989237036144515,0.3269535142095134,0.012938856151931744,0.0,0.0,0.660107629638555,0.0,0.0,0.0,0.0,0.5,0.08861055307804823,,,0.18835914010109434
B000889,15856.011914378241,3.7707519415881667,6.429664378532491,1.9288808558890278,0.0,0.40639832780289176,1.1631845444351994,42.06514696884841,2.0068952149499504,0.0,0.0,0.3984183660649499,0.5589670937537148,0.8064712668195515,2.931481656955959,0.4350842231262623,0.4350842231262623,0.0,0.0,0.0,0.5649157768737377,0.0,0.28,0.28,0.28,0.7,0.32413660112239984,,,0.3131956702029707
B000890,14607.572283267718,9.890028627804819,16.243763575472446,16.42212025704718,0.0,0.36308398002494363,1.2662597882103372,28.29391860973057,2.1480913281025162,0.9744840096402423,1.27476685948001,2.973335021092056,1.5787294358766526,0.9406219736133431,2.471470701478258,0.7702860125996513,0.1811237830721079,0.5891622295275435,0.0,0.0,0.22971398740034868,0.0,0.28,0.28,0.28,0.7,0.3969159138200249,,,0.3131956702029707
B000891,8136.342696815754,4.797371873122496,11.688934872331865,8.442865198215788,0.0,0.3196489272476849,1.1501580238740226,25.6639534734405,1.430809341873867,0.7212019736618017,0.07693182071923321,1.24529022398439,0.8156932091000557,0.5074453037831491,2.6357392594022166,0.5487255967365433,0.37869641603658233,0.1700291806999611,0.15033272231872832,0.0,0.3009416809447284,0.0,,,,1.0,1.0140039453286267,0.3383538929114689,,0.18835914010109434
B000892,27425.9730999602,5.740052971946463,8.389209502100176,9.292744832194018,0.21752359778664213,0.3321767152564281,1.8572735199852566,67.22803390623966,2.429121253439195,0.8369471297918479,1.104519656886211,0.2542656837144975,0.37579649898398976,0.7394027491307201,2.8151151003222226,0.5082334235212024,0.5082334235212024,0.0,0.0,0.0,0.49176657647879735,0.0,0.0,0.0,0.0,0.98,0.3227736776131698,,,0.19030060538549587
B000893,3591.7557977469246,6.006280598239004,11.823096875709492,7.085127203222008,0.0,0.24,0.017539569028220438,0.3089281313137191,2.833632182829755,0.5862031551643737,1.2641662343744813,0.8739814376359399,0.0,0.4482975882344529,2.7033931111218616,0.5282218110721375,0.3827105544231915,0.14551125664894587,0.0,0.0,0.47177818892786233,0.0,0.0,0.0,0.0,1.0,0.19691520947986593,0.2267957541409001,,0.188624025984382
B000894,2816.0112520323246,1.392686079145561,10.818422127366999,1.7635129102328597,0.0,0.32796416209989965,0.17307779451471705,8.134523072976656,0.4585582052957286,0.2512696215636271,0.01642389865647108,0.32842986103206234,0.178704971650034,0.1592995209476383,1.9591964201687788,0.9760769463697716,0.7838631199887878,0.19221382638098397,0.0,0.0,0.023923053630228487,0.0,0.30000000000000004,0.30000000000000004,0.30000000000000004,1.0,0.6581402856620213,,,0.31989570700826886
B000895,4105.781263899275,8.379145436529132,20.627825922444327,12.397772718733437,0.0,0.3385734363172531,0.022402820899721204,0.4422930063633235,1.9480428651377357,1.258641406082171,1.0460927736527112,1.664785217883704,1.7949679545792872,0.6666152191935237,2.1793893647798366,0.7888712043266098,0.44980790130213805,0.33906330302447196,0.0,0.0,0.21112879567339016,0.0,0.0,0.0,0.0,0.95,0.9483916168783258,0.5142714418298303,,0.1914861261152433
B000896,2388.7327388481676,5.159249975913969,11.840546992074911,9.0239311422755,0.04837802977727933,0.23531475640460967,0.012929940468283701,0.28833767244272657,0.5171976187313481,1.2526951682835972,0.0,2.184669977774245,0.7110036083574041,0.49368360276737505,2.231500741099724,0.8617625760242901,0.6189569019182045,0.2428056741060856,0.0,0.0,0.13823742397571015,0.0,,,,1.0,,,,0.1914861261152433
B000897,1603.7734114619886,3.791426504638271,17.03748101722181,7.0923748170148375,0.0,0.12591823017161274,0.30192852228446293,10.806522678138904,0.46216483507863043,1.0257183972763946,0.10312246503460869,1.2940955801408782,0.6879664871842321,0.21835873992352647,2.096081225497672,0.530336671107613,0.34888346705826556,0.1814532040493474,0.3413215523386083,0.0,0.12834177655377862,0.0,,1.0,,1.0,1.0457615499732185,,,0.18837769891077183
B000898,4661.591944222112,2.133451690719502,9.745085572284223,4.43709365740266,0.0,0.4009529941836282,0.306816255772199,11.132540754037086,0.47112943419081516,0.5944541195402827,0.0,0.7605268812786814,0.0,0.3073412557097231,2.4194362822593005,0.3895208815884674,0.3895208815884674,0.0,0.3564771982355951,0.0,0.2540019201759377,0.0,0.5,0.5,1.0,0.5,0.6044684381887865,0.3132073000679212,,0.4049048318617571
B000899,1718.8136428983798,2.143159155733641,11.081619801342281,3.5131127039109433,0.0,0.4484749928344118,0.3803387786630194,17.87240476204096,0.5238751376103535,0.32791621839108814,0.08977025919137972,0.8848997474822452,0.039528570438841386,0.27716922261973265,2.2659210378227184,0.5460533003416173,0.5460533003416173,0.0,0.15300600401692366,0.0,0.30094069564145914,0.0,0.3,0.3,0.3,1.0,,,,0.31989570700826886
B000900,4102.9774368721755,5.2134401993293205,11.834219971135232,8.207327238034564,0.0,0.40111599226497724,0.013201591886862716,0.29439549907703855,0.5280636754745087,1.2065162343605162,1.4259368239252204,0.5895308789555618,0.8186741813497054,0.6447184052638085,2.2325665439924034,0.8987110899358851,0.39717636532119555,0.5015347246146896,0.0,0.0,0.10128891006411486,0.0,0.0,0.0,0.0,1.0,0.4255554542423509,0.5156152274592956,,0.1914861261152433
B000901,32370.424644590585,9.41000716412517,22.85946265978505,11.434115433048069,0.0,0.3722359269867707,0.017240225651951845,0.6162764466378093,1.8013457424640262,0.7999471069830522,1.8682802635427593,1.3932278438484755,1.3153371522208839,2.2318690550659728,2.255754424710627,0.8123890031679974,0.43953996683268975,0.3728490363353077,0.0,0.0,0.18761099683200247,0.0,0.0,0.0,0.0,0.95,0.5786669078123211,,,0.1914861261152433
B000902,2683.939119870445,2.747122947666781,8.39900427554918,6.5996853776220075,0.0,0.45299999999999996,0.022721911397405075,0.10380114040167719,0.2608915812720693,1.0077785371798442,0.0,1.0643908035000011,0.0,0.4140620257148663,2.065109551899059,0.5879543657515327,0.5879543657515327,0.0,0.4120456342484673,0.0,0.0,0.0,0.0,0.0,0.0,1.0,0.7319818315020975,,,0.1914861261152433
B000903,4173.970255698638,0.8813281789904218,5.690213704201278,1.2956206444653326,0.0,0.021,0.23151230677754142,8.354888972641827,0.35596079308123124,0.0,0.0664332066919189,0.31090718571144804,0.0,0.14802699350582382,2.4802152433560845,0.5961086896268414,0.24333750504087026,0.3527711845859713,0.0,0.0,0.40389131037315873,0.0,0.5,0.5,1.0,0.5,,,,0.4049048318617571
B000904,12712.730921438266,10.403216793321002,24.44699827324856,5.240436720178268,0.0,0.31891656187561335,0.04031499447333342,2.6849786319240057,7.416632176108879,0.9296457304601112,0.16654969434242378,1.05535507594049,0.27949942978415904,0.5555346866849403,1.7802086007518767,0.8904436325667491,0.8744341907132109,0.016009441853538108,0.10144507193371585,0.0,0.008111295499535072,0.0,0.0,0.0,0.0,1.0,0.15057536200970598,,,0.18835914010109434
B000905,12117.271544210473,4.816085669400029,8.579165299007942,10.650129641457424,0.6437453481822482,0.021,1.2949011068525127,46.68016322424988,1.8097945094352688,0.47667691253613104,0.0,1.9725261397700038,0.0,0.557088107658626,2.7074892902609617,0.6286016827968472,0.21903128160925084,0.4095704011875964,0.0,0.0,0.37139831720315286,0.0,0.2,0.2,0.2,0.98,0.32085598962350437,,,0.2785184786737387
B000906,4642.926749896201,2.024826319187179,8.797871192658674,2.4228699944682317,0.0,0.3741625664956421,0.6705287157227988,14.97725163919685,0.8362008563058674,0.0,0.03916555772297037,0.5490458933194544,0.38347371033249533,0.21694030150639101,2.615162476426231,0.5707533629516076,0.11021035498325565,0.46054300796835196,0.0,0.0,0.42924663704839217,0.0,0.0,0.0,0.0,1.0,0.5578379219797676,0.3630833269690728,,0.18837769891077183
B000907,2650.9636866851147,7.617711743348031,19.398175086552374,1.183313790312788,0.0,0.1747344198996563,0.026445448550936827,1.6489860983518054,6.455941327986386,0.455944399524553,0.14577877027739822,0.0,0.14428788564597397,0.4157593599137205,3.3868567287223295,0.14587966522170934,0.14587966522170934,0.0,0.0,0.0,0.8541203347782907,0.0,0.0,0.0,0.0,0.5,,,,0.18835914010109434
B000908,5584.497608900808,9.497444913096611,14.986220189187772,6.482611317964893,0.0,0.4190319578170531,0.012720798541389224,0.2189912419141776,5.73251348580413,0.703089368325747,0.0,0.0,2.451877268936411,0.6099647900303236,2.991130745873598,0.3865895076023229,0.3865895076023229,0.0,0.0,0.0,0.6134104923976772,0.0,0.0,0.0,0.0,1.0,0.23057099171689968,,,0.188624025984382
B000909,2307.8875412352972,6.121717616008746,8.831005360773228,11.019375950009264,0.0,0.43299999999999994,0.02417527002228978,0.5636554968285933,1.9022831010088264,0.0,0.0,1.715133734557733,2.0383603044699172,0.4659404759722686,2.483415115716046,0.6892566399936164,0.6892566399936164,0.0,0.0,0.0,0.31074336000638364,0.0,1.0,1.0,1.0,1.0,0.3390885960103323,,,0.608845443987547
B000910,15305.294066037133,10.454435837457059,16.560090839384664,15.01872759962079,0.0790711994582731,0.3667665154155437,0.010892321255509058,0.24289876399785199,4.244494387480105,0.9838781749529096,2.174800519904523,0.0,2.1306777559005674,0.9205849992189524,1.7849894244300992,0.9817685850032257,0.6796309331999362,0.30213765180328955,0.0,0.0,0.018231414996774237,0.0,,1.0,,0.5,,0.3129359490674367,,0.188624025984382
B000911,20451.495626383105,5.873490989771138,9.409618425930226,8.076401389075851,0.21118369733689535,0.38011083537849205,1.3440867048947667,48.66651703445885,1.8791254199070588,1.36250576014825,0.7523813292600543,0.6070167375741876,0.6248611039549206,0.6476006389266674,2.3996889405757553,0.6824264684409028,0.32235320143641716,0.3600732670044857,0.0,0.0,0.3175735315590972,0.0,0.19999999999999998,0.19999999999999998,0.19999999999999998,0.98,0.3014169883998337,,,0.2785184786737387
B000912,5700.812476490234,6.6443035856529535,9.97237253955901,8.83178047210715,0.0,0.37269472493033223,1.8854929297223082,68.25022321149805,2.495366013628118,0.6443514293294553,1.5580340785168532,1.0871055192885817,0.0,0.859446544889944,2.6724356523954107,0.5696232867591204,0.17151691432949734,0.3981063724296231,0.0,0.0,0.43037671324087945,0.0,0.0,0.0,0.0,0.98,,,,0.19030060538549587
B000913,1645.3584362495608,3.002478898265622,6.705470149456059,4.6323322008097785,0.0,0.5733324944176327,2.0950787144418346,75.73139843373751,1.068796474382555,0.12902345274728444,0.0,0.9444519029896343,0.0,0.8602070681461481,1.63966309742682,0.9210585915837032,0.6065012091703925,0.3145573824133105,0.0,0.0,0.07894140841629693,0.0,0.0,0.0,0.0,1.0,,,,0.18835914010109434
B000914,1546.7327018922797,4.320482407520334,13.738487501293271,5.607421637233862,0.0,0.46969785993420093,0.008534527341912197,0.190319959724642,1.9495113217565931,0.0,0.0,1.1039651973959026,0.6069080810575667,0.6600978073102732,2.7025240277968323,0.4612316069471059,0.4612316069471059,0.0,0.0,0.0,0.5387683930528943,0.0,0.0,0.0,0.0,1.0,0.15829663063706476,0.4138391635536025,,0.1914861261152433
B000915,1087.3095928539929,3.0119379303434703,5.9209804064813865,4.278250974308537,0.0,0.3827108176628938,3.6615379788338807,132.52612491965286,0.8629515993974058,0.7895464288115833,0.0,0.7063524717031668,0.0,0.6530874304313149,2.0781062199019567,0.6378797571618288,0.40336215154084676,0.23451760562098203,0.26213901052122485,0.0,0.09998123231694649,0.0,0.0,0.0,0.98,0.98,0.13303925055203092,,,0.19030060538549587
B000916,11107.252056830734,6.089502224139657,11.201710961807406,5.546358489529383,0.0,0.38286587510443154,0.038627953875629874,1.097142141891171,2.00438787599883,0.0,0.0,0.22879443616721434,2.503112978611341,1.3532069333622725,1.7622340269588461,0.946063833030772,0.9084918890941658,0.03757194393660626,0.0,0.0,0.053936166969228004,0.0,1.0,1.0,1.0,1.0,0.21190291886037668,0.3064372553267622,,0.608845443987547
B000917,3723.2778443957877,7.56763789511339,10.497143464494652,12.702791834559761,0.0,0.43300000000000005,0.023124294168668222,0.7770714766998865,1.9440971475940036,0.28673522999572926,0.0,2.3838937533292097,1.8841791547060607,1.0687326094883853,2.6054986047740463,0.7052141753465455,0.39020257114854995,0.31501160419799534,0.037889660415818954,0.0,0.2568961642376355,0.0,,,,1.0,0.1810534533562899,,,0.188624025984382
B000918,16303.55050776842,9.42401763454822,12.706622097354279,15.544852440728045,0.0,0.4405088109600497,0.02070866831941385,0.3829073298369284,1.9482407300052842,0.2885922983994433,1.6130436192740376,2.284131649570767,1.9164267121064786,1.3735826251922085,2.249198850566466,0.7822118770173153,0.5092153645173103,0.272996512500005,0.0,0.0,0.21778812298268457,0.0,1.0,1.0,1.0,1.0,0.2701836099818252,,,0.608845443987547
B000919,2194.354950859043,7.055803700511393,16.112491386885395,10.84476544542243,0.0,0.020999999999999998,0.01795568828554118,0.2991802390214849,2.2068756688769886,1.1263475721347251,0.0,2.2993650850749763,0.9556812736885961,0.46753410073610674,1.939707849089163,0.8844644564264931,0.5893841318884934,0.2950803245379997,0.0,0.0,0.11553554357350718,0.0,0.0,0.0,0.0,0.5,0.5949341048900124,0.19569797680198175,,0.18835914010109434
B000920,23355.341284102204,5.233103581470357,13.194529601486893,2.0986715099579323,0.0,0.2968173299970188,1.0295035469211027,22.957929096340592,1.2868794336513782,0.7947348424880494,0.07055450049352467,0.0,0.3099066278766835,2.771028176960722,2.6414749572228415,0.7540886753688525,0.6948682485127864,0.05922042685606623,0.0,0.0,0.24591132463114765,0.0,,,,0.9,0.6465000230642183,,,0.18835914010109434
B000921,710.3494852532987,1.9842164392550241,4.310483104653771,1.546833814594295,0.0,0.365,1.2797376497857886,46.32287338677686,0.7781306256604061,0.0,0.0,0.0,0.8167282541057879,0.38935755948883066,2.7366856901475414,0.5945826117987765,0.5945826117987765,0.0,0.0,0.0,0.40541738820122375,0.0,0.0,0.0,0.98,0.98,0.2750672804137367,0.39926301168229456,0.5493890343020814,0.19030060538549587
B000922,5723.672574723835,6.616962514131601,9.733229416705882,6.781449831332684,0.03909316927830373,0.2988701539913867,1.484134335864998,33.163232945431496,2.0540648810432622,1.1480886815833133,0.8820426595439571,1.0478217876881057,0.6515730941600256,0.8333714101129388,2.7680272101454064,0.23783552713650752,0.23783552713650752,0.0,0.46516103457468677,0.0,0.29700343828880593,0.0,0.20000000000000004,0.20000000000000004,0.20000000000000004,0.98,0.13908473087200715,,,0.2785184786737387
B000923,16946.72523464383,4.621414026355012,12.598489829056048,4.67488188123416,0.0,0.41268187100606224,0.020468188590247186,0.5060396776647605,1.728876089138512,1.5603498038070942,0.737529447556036,0.0,0.0,0.5946586858533699,2.383234202136092,0.5896561400975963,0.5896561400975963,0.0,0.0,0.0,0.41034385990240374,0.0,0.0,0.0,0.0,1.0,0.7533345892818956,,,0.1914861261152433
B000924,1964.5977401114258,2.6021162120681134,12.933401615503696,4.1670599908574895,0.0,0.3956829620467924,0.5803834251822109,27.158270240177707,0.721802336519946,0.37261090001421704,0.0,1.1194551208784085,0.15968339792428254,0.2285644567312597,2.3357095250042788,0.568164228941625,0.568164228941625,0.0,0.14319533396937442,0.0,0.28864043708900045,0.0,0.0,0.0,0.0,1.0,0.5118373389210663,,,0.18837769891077183
B000925,18232.723442254028,6.8880708130918125,17.379054613739466,9.858509792248446,0.28809931192715893,0.377929168761542,0.061958868103762894,2.7459898331153365,5.54690790227444,0.41323384041322725,0.0,0.0972167678717431,0.22305845804585878,0.6076538444865424,1.76997251442488,0.9400073182134224,0.9400073182134224,0.0,0.05999268178657721,0.0,0.0,0.0,0.0,0.0,0.0,,,0.29386909486246127,,0.18835914010109434
B000926,2508.3092633172905,4.619354076090774,8.510167311431445,7.158649885625871,0.0,0.433,1.2215055011179803,44.124379669796255,1.7035463589736561,0.0,0.0,1.6487831133558122,0.5909053660956453,0.6761192376656605,2.7621590037681374,0.6144210077425662,0.2574916435507808,0.3569293641917854,0.0,0.0,0.38557899225743375,0.0,0.2,0.2,0.2,0.98,0.19327871220598392,,,0.2785184786737387
B000927,2094.7288579316482,5.109094775443045,10.379862882743724,8.87165919595671,0.14682258564603523,0.24,0.013402753208258034,0.34828330500197824,1.263699284512514,0.0,0.0,1.5762466856303678,1.7337412679824724,0.5354075373176906,2.5602848518384254,0.7526569108511145,0.41331279135743626,0.3393441194936784,0.0,0.0,0.24734308914888548,0.0,1.0,1.0,1.0,1.0,,,,0.608845443987547
B000928,3401.3305144324613,2.192991949988692,8.280548373354373,1.3371061022436064,0.0,0.453,0.011391310564435935,0.27113249873961665,1.2105680887968355,0.0,0.0,0.0,0.6204172314410333,0.362006629750823,3.0693555449382464,0.4479833412963153,0.16507430852753,0.2829090327687854,0.0,0.0,0.5520166587036847,0.0,0.0,0.0,0.0,0.95,0.7005548867337673,0.4626479889499561,,0.1914861261152433
B000929,6874.914864408641,3.2261449387182735,9.230508358101275,5.227157039111148,0.0,0.24,0.9489376812411608,44.60007101833456,1.186172101551451,0.0,0.0,1.4118907262413694,0.27170684764840985,0.35637526327704283,2.3930610265863455,0.5848639350021064,0.5848639350021064,0.0,0.0,0.0,0.4151360649978935,0.0,0.0,0.0,0.0,,0.38305879221706185,0.32060366121945383,,0.18835914010109434
B000930,3043.249809222394,8.050925421223265,18.39657105855947,8.761063139208085,0.04952488573404746,0.10339076905358034,0.008451132133163584,0.3914528485222307,3.435138021819065,0.2221324232064887,2.9913712069239904,0.7840459236272777,0.0,0.6182378456464426,1.7366035818619245,0.9574082694579863,0.4884662617977505,0.4689420076602359,0.027590918010607743,0.0,0.015000812531405816,0.0,0.0,0.0,0.0,1.0,,0.3452818270454714,,0.188624025984382
B000931,3708.4505681958776,1.5767221803553901,8.370459537812804,1.426742310839101,0.0,0.27558975122855617,0.35439709623163274,7.90683659938394,0.48706155215641694,0.4985260094409891,0.07019769605433897,0.0,0.307783754002763,0.21315316870088202,2.6590173593248903,0.701223765155085,0.5060189549244144,0.19520481023067052,0.0,0.0,0.298776234844915,0.0,0.3,0.3,0.3,1.0,0.670218973622123,,,0.31989570700826886
B000932,3960.998299871174,5.602543564174221,9.725175812111415,6.71338806707591,0.09373193890160476,0.3847596777540917,1.1404947633089566,41.094566199609666,1.9599099165293834,0.4732165784157165,0.6529598346600037,0.8892248077679887,0.8440741269115165,0.7831582998896128,2.7169975101159674,0.563531964109866,0.4790673681642449,0.08446459594562128,0.08664301550793885,0.0,0.34982502038219526,0.0,0.28,0.28,0.28,0.7,,0.41551883366980324,,0.3131956702029707
B000933,17107.54164874665,4.547459236774761,13.295337792691528,7.245377341490781,0.21008377655369453,0.35796510911570323,0.016243354139080474,0.36687491583152887,1.4583311806925363,1.0128557232504336,0.4160265488605118,0.31663611884299125,1.0412008428607458,0.3024088222675413,2.4591994897557994,0.6793085754569966,0.38694931001444294,0.29235926544255364,0.0,0.0,0.32069142454300326,0.0,0.0,0.0,0.0,1.0,1.314881581621602,,,0.1914861261152433
B000934,1607.0696683006483,4.975447889475691,13.86010215592573,13.526222759276164,0.34172877836315935,0.22000537807202059,0.01327959518025912,0.23962258096736483,2.2220384808736666,0.0,0.3939663085592108,0.12295465334400182,1.7195425393974206,0.5169459073013908,2.7631276518226895,0.5133320986988945,0.16772652155383386,0.34560557714506074,0.0,0.0,0.48666790130110527,0.0,0.0,0.0,0.0,1.0,,,,0.1914861261152433
B000935,8185.704226973484,4.215089715228364,9.32958660001313,3.6837767907921988,0.0,0.3456113916814802,0.988690069434739,22.070710452905505,1.3680447294868319,0.0,0.9595193042242617,0.0,1.1192145351625744,0.7683111463546957,2.4700024965438008,0.6373639006264878,0.14419910940585412,0.49316479122063356,0.0,0.0,0.36263609937351216,0.0,,0.20408163265306123,,0.98,,,,0.19030060538549587
B000936,12440.707837266576,5.701515965750035,8.707404767185336,2.303234163359453,0.0,0.2962029725500798,0.01701442920594676,0.2694642541176907,3.677458905868662,0.8505900041385374,0.0,0.5467909136857619,0.0,0.6266761420570752,2.738967245598883,0.5004876939416751,0.35130105494106995,0.1491866390006052,0.0,0.0,0.49951230605832514,0.0,0.5,0.5,0.5,0.5,0.13749542461783656,0.1780598553384716,,0.40513160691334116
B000937,3904.6075505446324,11.35060334460649,20.97856635227605,7.62627963043048,0.023575773830306446,0.36500000000000005,0.036782662293070915,1.6217562274202995,8.97949260319091,0.46930685158086427,0.11164220915858171,1.3126250826858314,0.0,0.4775365979903035,3.349762190529591,0.09102489993989289,0.09102489993989289,0.0,0.11564363962287137,0.0,0.7933314604372358,0.0,0.0,0.0,0.0,0.5,0.2075734171114614,,,0.18835914010109434
B000938,6110.183346461258,3.515640590599113,15.797835795863458,6.465163083051009,0.0,0.3914383114197165,0.45036314015414963,10.105272994690687,0.6156508870032048,0.6845141988276057,0.0,1.8066322341101453,0.08057796221913817,0.32826530843901924,2.2380637045691274,0.8019624500058191,0.8019624500058191,0.0,0.02291985205615304,0.0,0.1751176979380277,0.0,0.3,0.3,0.3,1.0,0.7447296288587952,0.2840602507065649,,0.31989570700826886
B000939,681.577103020383,1.6705321152460368,7.240874474759175,1.8203714607003136,0.0,0.25911923981721796,0.44203395649876315,15.987171276487846,0.6253029449647289,0.0,0.10425779432322405,0.45420303792515754,0.17787325494524175,0.3088950830876844,2.3624854468304535,0.6254631023528685,0.6254631023528685,0.0,0.0,0.0,0.37453689764713144,0.0,0.30000000000000004,0.30000000000000004,0.30000000000000004,1.0,0.9673559492744793,,,0.31989570700826886
B000940,1852.5964933914106,1.777923698072371,12.687103639018286,2.938065948182412,0.3770850088175314,0.035506676755457496,0.5647433156427873,20.383864149553713,0.5014430383787368,0.2658739928691993,0.03068022791895608,0.4910438349386296,0.30045262144645324,0.1884299825203959,1.8366111446784563,0.8504581534306221,0.6814674246540134,0.16899072877660873,0.1495418465693778,0.0,0.0,0.0,0.0,0.0,0.0,1.0,0.6108032116406258,,,0.18837769891077183
B000941,9276.171116606838,3.24795907444217,6.815570476198886,2.370322038768447,0.1704698370475578,0.24000000000000002,1.0784116799933297,39.034662200244334,1.5086158782381702,0.0,0.0,0.3158918199231832,1.003464363840354,0.41998701244046344,2.710636885870456,0.4609934852324469,0.4609934852324469,0.0,0.0,0.0,0.5390065147675533,0.0,0.0,0.19999999999999998,0.0,0.98,,,,0.19030060538549587
B000942,14528.38484028774,5.555787701830876,9.625738517047612,2.1756659688374334,0.025359423479282755,0.021,0.02027156768589922,0.5113499934767696,3.5920420789379093,1.3345117973400804,0.14135086725213716,0.0,0.0,0.48788295830074885,3.0198381784234862,0.34593875327327117,0.34593875327327117,0.0,0.0,0.0,0.654061246726729,0.0,0.0,0.0,0.0,0.5,,,,0.18835914010109434
B000943,3460.002509944681,3.8022005603787705,7.348813748738812,2.9875307983901545,0.0,0.10674551132025789,1.2071965886316183,26.962096097351928,1.6921063928596378,0.29259338065491625,0.0,0.17161777035670153,1.1616526783789292,0.48423033812858624,2.7858434972608106,0.5028294293350813,0.5028294293350813,0.0,0.07695369457990098,0.0,0.42021687608501784,0.0,0.0,0.2,0.0,0.98,0.3817462427703592,,,0.19030060538549587
B000944,22314.218483338434,5.967964290809959,10.050098334656084,5.377430461706678,0.0,0.24239534312912994,1.5923999750542988,74.67930934571697,2.0776988735298647,1.009711525712247,1.2143344171632353,0.34960578348360277,0.6801213444619016,0.6364923464591067,2.673486065355016,0.6085450553332127,0.5499646472664353,0.058580408066777334,0.0,0.0,0.39145494466678726,0.0,0.0,0.0,0.0,0.98,0.2499394352995556,0.36235264270548473,,0.19030060538549587
B000945,5559.219930513539,5.809007241915924,17.9434741047588,5.652173725769127,0.0,0.3712283013222889,0.008446856656752532,0.18836490344558146,2.1548467747402444,0.1057387075656818,1.7799090977786893,0.0,1.1475913504095128,0.6209213114217959,1.5201942880946457,1.0,0.7842436743869817,0.21575632561301852,0.0,0.0,0.0,0.0,0.0,0.0,0.0,1.0,,0.2928215735199063,0.4761507910995218,0.1914861261152433
B000946,2904.002374294747,9.10345571879231,20.269119016114676,1.9199100679895376,0.0,0.2766083486344856,0.03354954789885266,2.015461952419795,7.4265781584382955,0.5850521175723287,0.09637254980414636,0.32591906921092945,0.20051017977307714,0.4690236439935334,3.3217390152083195,0.1842023086784976,0.11993527255016198,0.06426703612833559,0.0,0.0,0.8157976913215025,0.0,0.0,0.0,0.0,0.5,0.1348775731681213,0.1372738849540354,,0.18835914010109434
B000947,21885.535148228762,12.38570183827321,33.22376995462554,4.119354946732262,0.0,0.576001981796874,0.05425189850167533,3.4645269481914407,10.357428309122543,0.12344351431101735,0.0492738296885279,0.9794696539521983,0.2591677202413146,0.6169188109576094,3.4048505166296494,0.15980574991660457,0.08072507554371382,0.07908067437289076,0.0,0.0,0.8401942500833953,0.0,0.0,0.0,0.0,1.0,0.15643193276714285,,,0.18835914010109434
B000948,1486.2658294356258,0.8831050679950243,7.339382686275529,0.6673038311179862,0.0,0.2585160285124208,0.1451659169788721,3.2421957782353803,0.2896569017997603,0.0,0.016546050274503937,0.0,0.411714118296428,0.1651879976243323,2.374440027985,0.8826785644779406,0.39773041494094247,0.48494814953699816,0.0,0.0,0.11732143552205951,0.0,0.0,0.3,0.0,1.0,,0.3164912772855913,0.743544521157844,0.18837769891077183
B000949,14318.653364458596,5.427844338308793,12.23029408046203,3.2367299562139435,0.0,0.23999999999999996,0.011572515812967522,0.2580671026291757,2.643468079104256,0.5061898111511213,0.0,0.0,1.6656559894684348,0.6125304585849803,2.7781115231058613,0.5129801235368684,0.2061076552693979,0.30687246826747056,0.0,0.0,0.4870198764631315,0.0,0.0,0.0,0.0,1.0,,,,0.188624025984382
B000950,1101.183947750618,1.918438933363446,10.356617459789474,2.448088896537384,0.0,0.07479824710565408,0.35539900184978096,12.833899483318087,0.48792816023879976,0.4885636003029548,0.0592819137770752,0.43564458806464196,0.2373739075958123,0.20964676338416155,2.7200995077943344,0.48026642723630475,0.25318357331357877,0.22708285392272615,0.2546672671234811,0.0,0.2650663056402139,0.0,0.3,0.3,0.3,1.0,,,,0.31989570700826886
B000951,14051.540380647162,5.431596590895695,7.495520056722752,1.587803268794718,0.0,0.47,0.02773934585501514,0.7654516821398042,4.185906761498481,0.4890434067887731,0.0,0.0,0.0,0.7566464226084404,3.357427259595398,0.20942036308874856,0.11938359422993912,0.09003676885880946,0.0,0.0,0.7905796369112513,0.0,0.0,0.0,0.0,1.0,0.2115849237006751,0.32477030346311025,,0.188624025984382
B000952,8896.808917547682,2.033091617355503,8.434271359570614,1.2625055776612013,0.0,0.24,0.6909139026245908,25.01359811804263,0.848756442448959,0.0,0.0,0.0,0.847141242610666,0.3371939322958777,1.701020636075681,0.8778768190669605,0.46120044532214827,0.4166763737448121,0.0,0.0,0.12212318093303948,0.0,0.3,0.3,0.3,1.0,1.0773172774014874,,,0.31989570700826886
B000953,3114.5130550292915,6.830072489099323,15.011061365523338,9.600648591068897,0.0,0.28227141191065935,0.815672401135381,29.524766629243523,1.7759064412514303,1.1046204759895544,1.0988442586972318,0.8694537522381843,1.1374939046178594,0.8437536563050634,1.741293072723156,0.9329901509644228,0.4830800670188579,0.449910083945565,0.0,0.0,0.06700984903557716,0.0,0.28,0.28,0.28,0.7,0.34034323558396185,,,0.3131956702029707
B000954,1713.550772060272,3.0653859965300034,7.163335461386304,2.446039456540694,0.0,0.36499999999999994,0.822373593562585,38.472962136490715,1.3750068989349924,1.0756899161947897,0.0,0.0,0.2158189168586969,0.3988702645415246,1.9891053289066274,0.9810875828069204,0.6301725863228028,0.3509149964841176,0.0,0.0,0.01891241719307955,0.0,0.0,0.0,0.0,1.0,0.7785402625632107,0.23661367196623098,,0.18835914010109434
B000955,3238.1048808236424,3.3486089770668483,9.914703483128818,4.385085560805057,0.02222649166730286,0.1254284278138591,0.9008529908862688,32.50858756639653,1.1217913011418381,0.7380692177267664,0.08981196796627786,0.956241578028989,0.10016514227320207,0.3425297699297751,2.4484062776291564,0.5855816128645066,0.36517092210261765,0.22041069076188893,0.029912463043367893,0.0,0.3845059240921256,0.0,0.0,0.0,0.0,1.0,,0.24242072317683588,0.6026824081727159,0.18835914010109434
B000956,4817.342046846396,1.1423623540067338,5.960188516165719,1.4934490146222543,0.0,0.38709743798187474,0.5542473472974481,20.020046134923394,0.30403231949957693,0.0,0.030086670825114698,0.3505335450637662,0.1935010691706608,0.26420874944761513,2.32301718198489,0.7338564962043691,0.7075192567815288,0.026337239422840213,0.0,0.0,0.2661435037956308,0.0,0.0,0.0,0.0,1.0,0.902289191745245,0.4276404593027229,,0.18837769891077183
B000957,549.4244154241104,1.427076403698988,6.770337998569012,0.9703356171118017,0.0,0.36872074826800955,0.43205083461426685,9.617269695226714,0.5931593343442695,0.11498317003847636,0.09345150407683527,0.22767143396747216,0.0,0.39781096127193494,2.66250714154508,0.5843534846439912,0.5037809450515494,0.08057253959244193,0.0,0.0,0.41564651535600894,0.0,0.3,0.3,0.3,1.0,0.8428767793550254,0.39790940165540434,,0.31989570700826886
B000958,6118.46497190039,6.045914003854141,13.962470348143139,4.316268668175968,0.2937448731559065,0.38243813263348203,0.00985123895924266,0.16163956817410435,4.019781397239582,0.0,0.0,0.36867492312457556,1.1988924065753899,0.45856527691459315,3.1478381979174075,0.32430206498671776,0.32430206498671776,0.0,0.0,0.0,0.6756979350132822,0.0,0.0,0.0,0.0,1.0,0.19453047831483938,,,0.188624025984382
B000959,19874.35460753552,18.76709594668132,34.739975979887426,3.210390530610089,0.0,0.26732634682566103,0.09585066252438842,5.70493892241995,15.899215870158073,1.3628846895969335,0.20212230743836693,0.28153685338152495,0.15702520156795235,0.8643110245384589,3.3959618535289104,0.13315217350088543,0.10738051643716054,0.025771657063724862,0.0,0.0,0.8668478264991143,0.0,0.0,0.0,0.0,1.0,0.10946672913855461,,,0.18835914010109434
B000960,10116.535946413715,10.604335373599282,14.145091678794115,18.799547581450952,0.0,0.021,0.021282244369658358,0.4745940494433814,3.8102849394978278,0.0,0.0,3.751649507877803,2.389020522205216,0.6533804040184319,1.5427699417004086,0.9897960969487888,0.4107244424091815,0.5790716545396072,0.0,0.0,0.010203903051211098,0.0,0.0,0.0,0.0,1.0,,0.21890098692444973,0.6099412875603469,0.188624025984382
B000961,197.1891365349929,0.4706184642839926,2.7457342911465736,0.0,0.0,0.0,0.7154127796741397,25.897942624203864,0.24247640583757368,0.0,0.0,0.0,0.0,0.2281420584464189,2.4570471736155466,0.778407303331642,0.778407303331642,0.0,0.0,0.0,0.22159269666835799,0.0,0.0,0.0,0.0,1.0,0.7805737576991066,,,0.18837769891077183
B000962,17322.27257485537,6.345154789324312,14.507073625208621,7.8246802915884395,0.0,0.23189708278322835,0.006341392429957077,0.29424060875000835,1.2063200748963425,0.0,2.6582571818378695,0.0,1.9065443438610024,0.5740331887290989,1.859910630458518,0.9754191234697657,0.5564762812383403,0.4189428422314255,0.0,0.0,0.02458087653023456,0.0,1.0,1.0,1.0,1.0,,,,0.608845443987547
B000963,671.6287663404894,1.8708322182186334,9.09415820720588,2.1176873513803063,0.0,0.4187606081048485,0.5807060367782871,21.021558531373994,0.7258825459728588,0.44533867110903885,0.014873032340269078,0.3226783089685242,0.0,0.36205965982794225,2.9220641533755325,0.2014786192463152,0.2014786192463152,0.0,0.4105215703462988,0.0,0.38799981040738585,0.0,0.0,0.0,0.0,1.0,0.5096738386276765,0.38778686727409756,0.4844622761160053,0.18837769891077183
B000964,3881.165497776041,6.270057346972602,13.168715760709617,9.429842560932979,0.0,0.433,0.009909939457561577,0.16492716332812168,4.217227514202071,0.0,0.0,0.0,1.628124080642469,0.4247057521280619,3.316686069141071,0.06773554508765767,0.06773554508765767,0.0,0.2596665374087181,0.0,0.6725979175036242,0.0,0.0,0.0,0.0,0.9,0.17927083030743587,,,0.188624025984382
B000965,6903.884063695476,1.8049370101164641,13.326976112676611,2.4822564203224933,0.0,0.37998052980411084,0.47385488023027234,17.141800602082775,0.6468299401091546,0.4847634442328302,0.03519280073801439,0.31973839876673704,0.13589867447322124,0.1825137517965071,1.7425427783998575,0.9755293685139561,0.706952990770142,0.26857637774381427,0.0,0.0,0.02447063148604398,0.0,0.0,0.0,0.0,1.0,0.8488743058091491,,,0.18837769891077183
B000966,21820.252634222474,5.32851102178815,7.662047513437999,4.712606577269057,0.2155736595284141,0.2657609965702571,1.360849742190067,49.15605039669484,2.339344799226919,1.1559842031211203,0.0,0.43848684818323885,0.6396986115262792,0.7549965597305938,2.7838036584731896,0.5609758918276805,0.2617420073926842,0.29923388443499627,0.0,0.0,0.43902410817231974,0.0,0.28,0.28,0.28,0.7,0.3339786822681295,,,0.3131956702029707
B000967,2146.66999109679,6.44645642972009,13.04342949642384,8.429713445815828,0.0,0.17357426748281968,0.014631657291680181,0.32628595760446805,3.726995798224917,0.3485378529723273,0.0,1.9783129637333678,0.0,0.39260981478947726,2.254563619293793,0.5664890336896158,0.2596052464025795,0.30688378728703636,0.0540665801083311,0.0,0.379444386202053,0.0,0.0,0.0,0.0,0.5,,,,0.18835914010109434
B000968,26991.56131768803,14.653399195270374,19.6595165844096,24.33020293689488,0.21136094028568841,0.09934834550858386,0.010243715953503063,0.2284348657631183,6.08507511552759,0.6252921720221768,0.0,4.409262103678786,2.6210833776379032,0.9126864264039221,2.180758436374901,0.6491157074348185,0.47024366943807167,0.17887203799674692,0.34357586308888305,0.0,0.007308429476298625,0.0,,,,1.0,0.2479284021035879,0.33942945874224156,,0.188624025984382
B000969,28244.12210770079,7.681295106799236,13.330330975193739,5.62261902467455,0.0,0.34138534861475295,0.018489424354851226,0.4859228446132574,4.521725255058261,0.0,0.06756030251900735,1.9305761656484535,0.1919590909215081,0.9694742926520061,1.962765252271679,0.8612956141368261,0.799411154456735,0.06188445968009109,0.0,0.0,0.1387043858631739,0.0,0.0,0.0,0.0,0.5,0.9347243211272819,0.19272599783334518,0.9572964791924349,0.18835914010109434
B000970,11646.643729864394,8.121787817199717,12.966905678017778,15.631762294332448,0.0,0.39402272803190125,1.295319133244803,46.74582552359255,2.224334520615042,0.6413656533390948,1.4071815414832267,2.709135340011626,0.4983439081208832,0.6414268536298449,2.575230101703926,0.6331957587656732,0.19591950834192715,0.4372762504237463,0.07896853103954014,0.0,0.2878357101947865,0.0,0.28,0.28,0.28,0.7,0.6103090221889749,,,0.3131956702029707
B000971,8920.508589743577,6.952851589823521,20.14184821056363,1.5029170269513357,0.0,0.4146570559548404,0.023139888099561513,1.073690807819654,5.648978107487891,0.5224130443196346,0.0,0.0,0.2140568133379373,0.5674036246780567,3.3357477447048067,0.1875307513026787,0.1875307513026787,0.0,0.0,0.0,0.8124692486973213,0.0,0.0,0.0,0.0,0.5,0.15717833928007163,0.16834895016515536,,0.18835914010109434
B000972,2836.117509091744,1.7115977725357538,9.2528512505905,2.549217764463993,0.0,0.05051784807159833,0.528335077398074,19.125729801810277,0.2905842925689407,0.6245063185369226,0.024836116798227035,0.38725350278907755,0.17306772332038262,0.21134981852220297,2.236543457845627,0.603973663535567,0.603973663535567,0.0,0.22625263306773097,0.0,0.1697737033967019,0.0,0.0,0.0,1.0,1.0,0.889757303751703,,,0.18837769891077183
B000973,4449.810138260345,12.326343873297356,17.8099070690447,19.192904161994083,0.0,0.2521770584622999,0.0233631840156046,0.8250707373794652,4.268840366201993,0.24764391720753806,1.4663546450796703,2.5291602939635047,2.847291816390028,0.9670528344546219,2.2930852540262596,0.7261595070305445,0.7060688848839395,0.02009062214660511,0.0,0.0,0.2738404929694555,0.0,0.5,0.5,0.5,0.5,0.21446460307325085,0.22537640775997464,0.8045989987933757,0.40513160691334116
B000974,946000.2250932227,233.46501112863345,1630.7711737682548,552.4051016695283,0.3706679521614265,0.23999999999999996,0.21750265014063494,7.732882031864029,0.32629272788987806,231.97861456633555,0.0,0.7022559663271141,0.27915975882157246,0.17868810925929296,2.331376745817407,0.9983146693060142,0.004681347358165366,0.9936333219478489,0.0,0.0,0.0016853306939856253,0.0,0.5,0.5,1.0,0.5,,,,0.4049048318617571
B000975,4630.532046036171,4.054756607737453,12.621649052129388,3.101412899537799,0.0,0.46441500007118625,0.008498654344947476,0.18951999189232874,1.9413169823484087,0.2872670424341874,0.9697178822536269,0.0,0.0,0.8564547007012308,2.877445100021354,0.47233835859875883,0.16233579955756158,0.3100025590411972,0.0,0.0,0.5276616414012414,0.0,0.0,0.0,0.0,1.0,0.13943939942674236,0.35165346792997054,0.6113973431418993,0.1914861261152433
B000976,703.7714883255297,1.7377073785815549,13.080896111339527,2.9848391969610364,0.0,0.365,0.2136214871751035,7.660083170019564,0.5787117927796723,0.3159483874307324,0.0,0.6987245373243178,0.0,0.14432266104683228,2.435886454602206,0.485149115876637,0.485149115876637,0.0,0.18181909757938233,0.0,0.3330317865439805,0.0,0.0,0.0,0.0,0.6,0.8754970648334883,,,0.18837769891077183
B000977,12591.484694246516,5.213865297824644,15.559670726148553,9.001010546055939,0.0,0.3194233769836373,0.016690127215318543,0.5139057733580555,1.4751640650928697,1.3089247705157416,0.7011299242695871,0.7859285668700736,0.6054535511982091,0.3372644198781639,2.602902330180223,0.4215896766132513,0.2708514964001984,0.15073818021305282,0.25059785798703615,0.0,0.3278124653997127,0.0,0.0,0.0,0.0,0.95,,,,0.1914861261152433
B000978,19441.025578369838,7.609011968050817,11.482021448519605,10.527283992228126,0.0,0.28319805492915523,1.3580447129485809,63.71226387210979,2.3306598004054404,0.0,1.0368069882841555,2.1977003613551873,1.043546816562216,1.0002980014438148,2.604416510593442,0.6947380837715402,0.2687633065564498,0.42597477721509036,0.0,0.0,0.3052619162284594,0.0,0.28,0.28,0.28,0.7,0.6113967378192245,0.3750733015638023,0.4762353981383321,0.3131956702029707
B000979,2647.7833916722057,6.58652584993086,22.585456704830946,10.816656509572722,0.0,0.36500000000000005,0.008961241797710282,0.19983569208893928,0.3584496719084112,1.882743869588409,0.8666751653337408,0.0,2.9617756021322474,0.5168815409680536,2.3473339320898186,0.4764259663565891,0.34484291558288904,0.13158305077370014,0.44967190133525975,0.0,0.07390213230815142,0.0,0.0,0.0,0.0,1.0,0.5726357528786519,0.4289156759837316,0.36521101383300564,0.1914861261152433
B000980,3748.8809209379538,4.2697960375147535,6.569352820945261,2.7753505999668544,0.0,0.41921485390930197,1.7772207153196693,83.53647635986178,2.3243525486822834,0.5625937528367199,0.0,0.0,0.7933621077099272,0.5894876282858241,2.9172736089122253,0.32386786718754906,0.32386786718754906,0.0,0.13176127100538954,0.0,0.5443708618070616,0.0,,0.0,,0.98,0.34041718382109576,,,0.19030060538549587
B000981,666232.7345347755,663.57842085137,966.3658426011776,3241.8024177529146,0.37884408926373436,0.3876820414908092,0.013141529666062905,0.5344891203357663,6.344481707959571,0.6765105501710593,0.580569076869246,652.8085239974806,1.9287622348137141,1.2395732840756684,1.687941568392809,0.9904389873018782,0.005649527588538503,0.9847894597133396,0.0,0.0,0.009561012698121816,0.0,0.0,0.0,0.0,1.0,0.14368704326034326,0.27899591618334196,,0.188624025984382
B000982,14517.424189205949,6.209334554835735,15.126839539949515,10.898171786952664,0.0,0.43300000000000005,0.022704410187775016,0.5346260813845293,2.8086886264542312,0.3403155990370672,0.5984137533693066,1.8851853605594246,0.0,0.5767312154157048,1.412856560361108,0.9786046716921373,0.67499961644652,0.30360505524561743,0.0,0.0,0.02139532830786273,0.0,0.0,0.0,0.0,1.0,0.17661751466219075,0.25658944115389315,0.8978076706627661,0.1914861261152433
B000983,7612.160308201192,7.65810896197303,23.61387019852955,13.905674237179422,0.0,0.39711095067906854,0.02110463786866187,0.37316376086271813,1.501658892372486,2.333074031381344,0.0,1.6201237857257837,1.8818836068996088,0.3213686455938075,2.0173228869187243,0.7884154627757902,0.7884154627757902,0.0,0.0,0.0,0.21158453722420986,0.0,0.0,0.0,0.0,1.0,,,,0.1914861261152433
B000984,3577.973297144326,2.5411742167218225,6.752057282230955,3.316027067836386,0.0,0.020999999999999998,0.9835141425726728,21.893346487237206,1.226346231297243,0.0,0.09915956318931655,0.8842797639533798,0.0,0.3313886582818827,2.4737916527933352,0.5174096198413108,0.5174096198413108,0.0,0.0,0.0,0.48259038015868905,0.0,0.0,0.0,0.0,1.0,0.4835193455632547,0.19971763285856697,,0.18835914010109434
B000985,6442.922569628089,6.868787387663208,16.74374540788725,10.101819504471273,0.0,0.34124500189530754,0.010715023635555642,0.30636522258863086,2.639168383141784,0.0,0.05608605193606566,3.497444932206093,0.08753510508194029,0.5885529152973252,2.2272214316485512,0.6157737553673734,0.6076084055362228,0.008165349831150675,0.0,0.0,0.3842262446326266,0.0,0.0,0.0,0.0,0.5,,,,0.18835914010109434
B000986,893.0183996987402,0.9802616901193635,6.301258122403822,0.40626487150577756,0.0,0.10206824119977219,0.4469325146125119,16.17895702897293,0.5586656432656398,0.0,0.050551669470205556,0.0,0.2161240589936593,0.1549203183898588,3.163880544755473,0.35130480866582137,0.07925936289165003,0.27204544577417133,0.0,0.0,0.6486951913341786,0.0,0.0,0.0,0.0,1.0,,0.41200634701131844,,0.18837769891077183
B000987,198482.17470798842,122.29339168699225,874.5715842297158,263.48929127894155,0.0,0.45201667174356386,0.39186302284086855,14.143662279610488,0.21475382958777375,0.8332304582824487,0.0,120.90198935377897,0.1903810728595549,0.15303697248350395,2.328861366276995,0.9982439457551604,0.009621521550707486,0.9886224242044529,0.0,0.0,0.0017560542448395932,0.0,0.0,0.0,1.0,0.9,1.0669880310976667,,,0.18837769891077183
B000988,15544.51291168366,4.0094178260726485,12.412084076254306,6.077850875069626,0.0,0.24,0.010856548739383617,0.17604672726638598,0.4433329364537547,0.0,0.0,0.8677750051912494,2.3684745225507173,0.3298353618769274,1.5598879283913862,1.0,0.7835658335361714,0.21643416646382857,0.0,0.0,0.0,0.0,0.0,0.0,0.0,1.0,0.6939789042189346,0.3661646417235105,,0.1914861261152433
B000989,8308.319271289914,6.620174718159294,10.280401152651649,10.178912318632715,0.28602607858321966,0.3631281378839125,1.526617054804891,71.73765397617967,2.1125913089215853,1.3230771201928853,0.7351828714625319,0.857689472046752,0.8538906444284774,0.7377433011070621,2.7895715994136228,0.5307424880157555,0.21983528703062716,0.3109072009851283,0.1295569238820978,0.0,0.3397005881021466,0.0,0.2,0.2,0.2,0.98,0.5120640273796745,,,0.2785184786737387
B000990,6950.272811969023,3.6427006352038904,15.424481281527562,8.20813146478402,0.0,0.36944536346625834,0.33461591607502966,12.12146143626007,0.512791715376903,1.2491416307372638,0.039533384063432396,1.0454193050435967,0.28385790100433483,0.511956698978359,1.9132885863720406,0.7760202395376539,0.7760202395376539,0.0,0.07792512463447238,0.0,0.14605463582787367,0.0,0.5,0.5,1.0,0.5,,0.3322688234665136,0.6617844349272284,0.4049048318617571
B000991,23998.12317869924,10.968063610008793,14.185742418782551,14.981624368746068,0.0,0.06137939817190177,0.019886994673616428,0.379698843044551,1.9633535101325843,1.1104375767788237,5.095098398420979,2.0454650608063027,0.0,0.7537090638701016,1.97457992316605,0.8209936065340698,0.35645414181292245,0.46453946472114727,0.0,0.0,0.17900639346593014,0.0,1.0,1.0,1.0,1.0,,,,0.608845443987547
B000992,5213.538574937071,1.9838426845270436,8.532401840914433,4.303348144034973,0.24118149515197726,0.13535755224290502,0.32134673601439123,11.598687424291223,0.4917021390991769,0.0,0.060865445493509106,0.9325803581269082,0.25023015594341613,0.24846458586403344,2.475237793379296,0.7368460273157318,0.7368460273157318,0.0,0.0,0.0,0.2631539726842683,0.0,,0.0,,0.5,,,,0.18837769891077183
B000993,2286.5495304150786,4.30611964296625,7.966390734118481,4.954503766548861,0.0,0.43299999999999994,1.7547224209092223,39.154726415162656,2.0526982435547496,0.0,0.0,0.796208886278076,0.7360725845402725,0.7211399285931527,2.17534886575062,0.7731919679083687,0.6318151752906764,0.1413767926176923,0.17093639879295885,0.0,0.055871633298672584,0.0,0.0,0.0,0.0,0.98,0.26121070744787384,0.466348359586303,,0.19030060538549587
B000994,2821.5535171487613,5.333749559827526,8.729772671530098,6.345519572071784,0.0,0.1212036679530222,1.7412230951385481,63.04457702329219,1.072834208393038,0.7344835178717921,1.4542847513118495,0.5346704894310577,0.9013118535638156,0.6361647392559723,2.2717132722088014,0.8139293557427203,0.8139293557427203,0.0,0.0,0.0,0.18607064425727968,0.0,0.0,0.0,0.98,0.98,0.3046352899606036,,,0.19030060538549587
B000995,12596.056047232338,7.843123317081157,14.535225492815478,8.788474459280478,0.0,0.45509680312624057,3.267823326280879,118.22775473709132,1.0887699934084842,0.5646393491248008,0.1204756930703374,1.3494239232368685,0.17902286270034004,4.540791495540323,2.074502757082674,1.0,0.7897620103184609,0.210237989681539,0.0,0.0,0.0,0.0,0.0,0.0,0.0,1.0,1.0746843012574154,,,0.18835914010109434
B000996,9718.53324460599,2.0577034182947256,9.37274451668909,2.55064015265438,0.0,0.3476066713787905,0.6269024269059157,13.958678574835448,0.7819692621484413,0.0,0.08977235529998329,0.742905411300933,0.16839599003422837,0.27466039951113974,2.4809423065864116,0.5387175704852203,0.5387175704852203,0.0,0.0,0.0,0.46128242951477977,0.0,,,,1.0,,,,0.18837769891077183
B000997,3273.705673022113,3.9923239914903816,11.829858414868527,5.405436427813863,0.0,0.488,0.015557009252251605,0.3469213063252108,1.5557009252251608,0.0,0.45924526612748506,1.2901692050944007,0.0,0.6872085950433356,2.7269780901572434,0.5952178038795493,0.5952178038795493,0.0,0.0,0.0,0.4047821961204509,0.0,0.0,0.0,0.0,1.0,1.0019974203073265,,,0.1914861261152433
B000998,19922.295410555686,5.069286364009081,11.828198691146287,5.060272766339144,0.0,0.17559317663908813,0.01402288247680874,0.2723052311708769,2.604650492757601,0.0,0.943166529671384,1.0274090787374446,0.0,0.4940602628426501,2.853416710927928,0.4315193450923875,0.2288460287787061,0.2026733163136815,0.0,0.0,0.5684806549076125,0.0,0.0,0.0,0.0,1.0,0.09923288715213854,,,0.1914861261152433
B000999,1297.0087044702377,3.543739629700103,7.876844474856877,1.0604352966572257,0.0,0.27814927306942566,0.016984624289712317,0.3386944857003395,2.5379941351117536,0.0,0.18634100336846926,0.41854769614859016,0.0,0.40085679507129085,2.692149978982327,0.4409248970872947,0.38834174402301636,0.05258315306427825,0.0,0.0,0.5590751029127056,0.0,0.0,0.0,0.0,0.5,0.5865320332522064,,,0.18835914010109434
B001000,19312.219005153136,9.833105399772473,15.214618302530308,14.760950234463929,0.0,0.257311207987266,0.018506367047922207,0.3443455892678978,1.7577019034127372,1.1721610562245786,1.131201150352879,2.0671509611548684,3.0658116938648594,0.63907863476255,2.0727323545200647,0.7062064387276412,0.39442175126402473,0.31178468746361643,0.11504007171315928,0.0,0.17875348955919954,0.0,1.0,1.0,1.0,1.0,,,,0.608845443987547
B001001,10934.272520390294,7.530490716522241,15.985658995023728,12.44487907032783,0.06362517898147929,0.406413383015127,0.010479381190564963,0.37394558021186824,2.829797946812496,0.0,0.0,1.7329600023296576,2.492079977469788,0.47565278991029913,2.580441613130363,0.7128320006988692,0.7128320006988692,0.0,0.0,0.0,0.2871679993011307,0.0,0.0,0.5,0.0,0.5,0.2572965240065661,0.23629258294662162,0.8262875533651769,0.188624025984382
B001002,4944.628860639057,6.2118453023103735,13.187414563550565,6.048281037785546,0.0,0.122199941557914,1.299905129650966,47.06266229696106,2.452084500184014,1.4745786549214708,1.0574435235791684,0.24755390836232424,0.5638510434375396,0.416333671825854,1.7746682510057457,0.8964804920792367,0.6192468393604086,0.27723365271882766,0.09077029706902494,0.0,0.012749210851738347,0.0,0.0,0.0,0.0,0.98,0.29625522164462276,,,0.19030060538549587
B001003,3497.5351631792396,10.929797384935124,14.688483349312571,6.914471012981439,0.056811660274267664,0.4050198749830145,0.010159490500487246,0.47140035922260826,6.709097500321766,0.6418360922674023,1.3487070095076317,0.0,1.2767797237097422,0.95337705912858,3.063485418863018,0.31744057017608157,0.194043313849391,0.12339725632669057,0.0,0.0,0.6825594298239184,0.0,0.0,0.0,0.0,1.0,,0.2679195096776666,,0.188624025984382
B001004,1698.8969039484814,4.616567673773047,8.133561126586752,3.3917829248161437,0.0,0.2958916581874494,1.117861040991704,24.847231240617553,1.9577488687104248,1.2582618503005911,0.0,0.0,0.8007536988204916,0.5998032559415399,2.502825458966601,0.5916857139431196,0.3191321765068898,0.27255353743622995,0.0,0.0,0.40831428605688025,0.0,0.28,0.28,0.28,0.7,,,,0.3131956702029707
B001005,1373.5476980411067,1.795487186981839,12.759482938307434,2.8286851294557755,0.0,0.2892793348641436,0.2772536277292783,6.163645436353149,0.3798320409464287,0.37795777581882195,0.07194755019521147,0.5038772016708136,0.26621044590449444,0.19566217244606926,2.0944255463735675,0.7637416560527599,0.7637416560527599,0.0,0.0,0.0,0.2362583439472402,0.0,0.3,0.3,0.3,1.0,0.7722948262528863,0.34972950843692807,0.5900370599742716,0.31989570700826886
B001006,2819.9697503631396,0.9791561633205346,5.565567297694584,2.105870462266092,0.0,0.021,0.5689901620824864,20.59941180837555,0.2640728127566792,0.0,0.07447489684682175,0.4036910379742252,0.0,0.23691741574280856,1.5009297510637434,0.9521468182488388,0.8760865332435738,0.07606028500526509,0.0,0.0,0.04785318175116122,0.0,0.3,0.3,0.3,1.0,,,,0.31989570700826886
B001007,7733.49190090417,3.1668681002883576,6.558660292917407,3.051048260097833,0.0,0.41753614138830114,1.2988096532325277,61.02383285841304,0.8180989578034514,0.26243303252183886,0.0,0.1792591075188173,0.6543985537476116,1.252678448696639,2.063192997138181,0.9767837684021424,0.8939154504895829,0.08286831791255946,0.0,0.0,0.023216231597857555,0.0,0.0,0.0,0.0,0.92,0.2618598596824922,0.29209780936478597,,0.19030060538549587
B001008,19970.827771976765,5.351240024645436,11.097029962196821,5.986590310565589,0.0,0.4072976627987438,0.9339810590000505,20.900450369346377,1.6114400136491074,0.18276382063217866,1.4090492359202067,0.5391247570890476,0.7814776532107213,0.8273845441441741,2.240850090736154,0.6948997940396586,0.559998617042079,0.1349011769975796,0.0,0.0,0.3051002059603413,0.0,0.28,0.28,0.28,0.7,0.3658693780496672,0.34505784417912755,,0.3131956702029707
B001009,797.6712178020912,2.121466004792796,4.902959539868833,7.327883993527846,0.0,0.4486608705831503,2.217223747456075,80.15331439880518,0.9608603726801411,0.0,0.05268691582083262,0.44067843724379835,0.14023109409197448,0.5270091849560492,1.5927092778022074,0.9635318292114591,0.9635318292114591,0.0,0.02483514499021094,0.0,0.01163302579832993,0.0,0.0,0.0,0.0,1.0,0.5902103959165454,,,0.18835914010109434
B001010,10200.380208265691,2.2758545756951563,9.94950793247253,4.82526605824762,0.16188001423718348,0.3712616115153465,0.3412205101146707,12.318849027866124,0.520588971229025,0.23685147860403388,0.10304350939538459,0.8459825366473003,0.11358004594549492,0.4558080338739174,2.4192355241718397,0.7712556079862825,0.6671841610961894,0.10407144689009312,0.0,0.0,0.22874439201371727,0.0,0.5,0.5,1.0,0.5,0.7103084173876852,,,0.4049048318617571
B001011,1276.7239143130564,4.014855076456152,8.500518121732616,2.942061912656929,0.0,0.2137067088805796,1.0010443160942852,36.192630623269515,1.7234845394688512,0.9005799525939028,0.0,0.0,0.8702101051564493,0.5205804792369505,3.094522135117862,0.09831375775390562,0.09831375775390562,0.0,0.4410595212102649,0.0,0.46062672103582974,0.0,0.2800000000000001,0.2800000000000001,0.2800000000000001,0.7,,0.4696898545293982,0.3336129942631732,0.3131956702029707
B001012,13556.794774121323,6.892117322888319,19.707154646098743,10.516764017732848,0.08479324457022644,0.280745498442698,0.01157534417240323,0.31023517441805526,2.1461159411281843,0.22521785531461047,1.7857386654172684,0.919364623897394,1.4338142025688843,0.38186603456197715,2.406092396135824,0.6480630967015691,0.5146694557018378,0.1333936409997314,0.0326776003314214,0.0,0.3192593029670094,0.0,0.0,0.0,0.0,1.0,,,,0.1914861261152433
B001013,9830.399967257386,7.9792207526439825,11.825095403565838,11.226537519741667,0.0,0.3959238497005986,1.5367845735079677,55.58992013439515,2.1231679570683477,1.163367245029734,1.8382841713881266,0.9282369258870653,0.6379281125775078,1.2882363406932005,2.5457085730425346,0.7086599894315225,0.2149046155496388,0.4937553738818837,0.0,0.0,0.29134001056847747,0.0,0.0,0.2,0.0,0.98,0.2876163680273708,,,0.19030060538549587
B001014,8462.685473560306,5.44224146209666,9.16348635362198,2.2212199241771917,0.0,0.08885714281359432,0.01424306666901859,0.4016767362529679,3.334959433673359,1.1301791460478483,0.1611660285089824,0.0,0.17413932889533834,0.6417975249711331,2.463685840099043,0.4926928711951336,0.4926928711951336,0.0,0.23966567526033458,0.0,0.26764145354453206,0.0,0.0,0.0,0.0,0.5,0.417397662604123,,,0.18835914010109434
B001015,18043.233493324748,22.220730903109295,33.986978654797056,28.94338834367381,0.0,0.03653321315256903,0.02190165446252794,0.22266712313719894,3.5805719656790607,0.4351169452047213,0.0,0.9487425324738112,16.238794763172418,1.0175046965792787,1.6084902937474148,1.0,0.2692051924853575,0.7307948075146422,0.0,0.0,0.0,0.0,0.0,0.0,0.0,1.0,,0.28797683910152627,,0.188624025984382
B001016,5038.44035914373,6.019642006145436,8.842462466078661,9.623691965369643,0.0,0.5127496167809573,1.3251795482712114,62.271568007029295,2.031766624466296,0.9481949787812691,0.0,2.112343283256056,0.17381193994013983,0.7535251797016743,2.260258693880018,0.7078856079586319,0.7078856079586319,0.0,0.0,0.0,0.2921143920413679,0.0,,0.28571428571428575,,0.7,0.26653491604229057,0.33102433463303155,,0.19030060538549587
B001017,4893.304526977497,8.237886409053024,12.240599664822243,11.13675575330248,0.0472445507597903,0.40243395602094495,1.9658021781575037,71.15646352788225,2.5710654890817377,1.0547957758444684,1.511954349386708,0.8665177209980267,1.2381128929186864,0.995440180823396,2.578310322090618,0.5214599447641504,0.20988122204585147,0.311578722718299,0.15029497026786656,0.0,0.32824508496798277,0.0,0.0,0.0,0.0,0.98,0.4023591538545796,,,0.19030060538549587
B001018,4785.830318317643,10.827670403433581,34.11793834395944,1.6978453901525372,0.0,0.4540261378052012,0.017425152066399226,0.8933392809781171,9.672797961064521,0.7402478121607148,0.03156498761202422,0.0,0.0,0.38305964259632047,2.020999745787644,0.865864386700606,0.797498082169765,0.06836630453084105,0.0,0.0,0.1341356132993939,0.0,0.0,0.0,0.0,0.5,0.09675822256320579,,,0.18835914010109434
B001019,2309.6000127016873,1.9689684677763746,9.71441481290934,4.332481162097299,0.0,0.2632446948485624,0.2512426850734557,9.018399571339602,0.38877372216749456,0.0,0.0,0.8801050296774611,0.4857374346711161,0.21435228126030306,2.1083655545171447,0.8546172361972468,0.16093296105439958,0.6936842751428473,0.0,0.0,0.1453827638027532,0.0,0.5,0.5,1.0,0.5,0.7467014604036305,0.41040591436150986,,0.4049048318617571
B001020,5591.246283708218,2.9258222311398314,12.227829808118349,5.692516386220445,0.0,0.33386248874097796,1.6897257799820857,61.096040748490054,0.8500121654659097,0.3860591929824044,0.0,1.464539162307436,0.0,0.2252117103840812,1.9452374543503013,1.0,0.49944355924287104,0.500556440757129,0.0,0.0,0.0,0.0,0.0,0.0,0.0,1.0,1.0047110196667595,0.41367036836654236,,0.18837769891077183
B001021,5196.076830679818,2.90445882095015,21.177138355522274,5.734558979487865,0.0,0.16567467961341018,0.3094885512718322,11.225170116744856,0.33142781054233666,0.5908874397073685,0.020779466515165088,1.5327385968739369,0.24228015391870042,0.18634535339264377,2.031827700042925,0.9055371134581965,0.8221204878992082,0.08341662555898868,0.0,0.0,0.09446288654180347,0.0,0.5,0.5,1.0,0.5,1.0448281911808492,0.4186295964460293,,0.4049048318617571
B001022,4764.037706852072,8.599346041249227,17.483152820008467,9.438343753963979,0.0,0.329335513867797,0.01481582415718837,0.5365223272496419,2.7476238195669103,0.5560143943195389,1.4042923342497418,0.33175296309279456,2.896297632624477,0.6633648973957654,2.359548660095043,0.5175350959739184,0.3542328718845921,0.16330222408932624,0.4014621589111558,0.0,0.08100274511492585,0.0,0.5,0.5,0.5,0.5,0.22149010023174986,,,0.40513160691334116
B001023,4385.122276680528,5.296041396957159,19.19933484820346,7.013504422565762,0.0,0.24507737991807343,0.008090925070564787,0.08900017577621266,1.556682472702757,0.31249122164416276,0.7067079684998644,0.938127481812278,1.4268848473408648,0.355147404957233,1.7977514647472932,0.9695461881312964,0.792408697787796,0.17713749034350057,0.0,0.0,0.030453811868703613,0.0,0.0,0.0,0.0,1.0,0.1519543217968792,,,0.1914861261152433
B001024,3081.8225399776506,5.0771376276402815,19.825150755606188,8.414813786529999,0.0,0.34739205030451986,0.011280961366233518,0.26699833523959676,1.2009728457043554,1.1029167159560875,0.0,1.1811562083368647,1.3681845227332452,0.22390733490972842,2.6256469875038997,0.7846702260133217,0.515190723372945,0.26947950264037673,0.0,0.0,0.21532977398667832,0.0,0.0,0.0,0.0,0.95,0.8831018375275472,,,0.1914861261152433
B001025,5024.7644668351,1.3271961085142896,6.897124752729256,0.3004746470598769,0.0,0.021,0.5435783339548256,25.5481816958768,0.6794729174435319,0.0,0.0,0.0,0.20913035435367433,0.4385928367170834,3.07725311526777,0.4420601635491728,0.28448710180490483,0.15757306174426797,0.0,0.0,0.5579398364508272,0.0,0.0,0.0,0.0,1.0,0.4219792242812395,0.4528887289448742,,0.18837769891077183
B001026,5708.599542745145,5.011939897054561,9.094165789710729,2.0747495053104994,0.0,0.42760787523579374,0.00979092467443877,0.360970934097984,3.2879970921622736,0.6849043794629339,0.0,0.3160937897599152,0.0,0.7229446356694381,3.2746180007857806,0.14424447429912346,0.14424447429912346,0.0,0.19972270014872287,0.0,0.6560328255521536,0.0,0.5,0.5,0.5,0.5,,,,0.40513160691334116
B001027,3429.071044724394,4.101759622876069,8.992750433386306,2.8486397415876556,0.0,0.0978332349334913,1.2505543234167995,45.246250188681515,1.5605108863648465,1.4695373673109975,0.0,0.14160540469684174,0.2950689837115795,0.6350369807918049,2.7811330323216814,0.6195508684463944,0.22675779421984105,0.3927930742265533,0.0,0.0,0.3804491315536058,0.0,0.0,0.0,0.0,1.0,0.6942827146503834,0.2728229840370051,,0.18835914010109434
B001028,4074.004126478707,4.061818670467305,7.1869346694938026,2.7972224696124757,0.0,0.13694786214543953,1.5057485633221108,54.554995655191604,1.5927981059298604,1.4243320058721807,0.0,0.0,0.348356555318735,0.69633200334653,2.194245535349134,0.7810451227604651,0.4303815108596626,0.35066361190080253,0.08576368951464226,0.0,0.13319118772489275,0.0,0.28,0.28,0.28,0.7,0.27503937235011255,0.3897805923484755,0.6012064206078507,0.3131956702029707
B001029,32512.040142683112,11.157186047592008,19.396188715962516,1.8479885363495299,0.0,0.36263984736772414,0.04516673985746708,1.7541595993874368,9.48994028650202,0.5050721197645636,0.1334094082119198,0.3246758186287704,0.0,0.7040884144847357,3.428947939153192,0.1494324602976233,0.1494324602976233,0.0,0.0,0.0,0.8505675397023768,0.0,0.0,0.0,0.0,0.5,,,,0.18835914010109434
B001030,4333.48585445114,8.93502238031163,17.388781052230904,10.005374510629055,0.0,0.3859293818563831,0.00832554307196617,0.1856596105048456,4.922514862610719,0.0,0.0,1.4923376416124494,1.5585346459830882,0.961635230105372,1.415410556917337,0.9696622803353985,0.7952324267048887,0.17442985363050997,0.0,0.0,0.030337719664601484,0.0,0.0,0.0,0.0,1.0,0.26154037700675126,,,0.188624025984382
B001031,20932.891820611585,6.906265859654103,10.504153303539876,6.635333444777439,0.0,0.3842842372570697,1.2835366841891842,46.417534963502334,2.2145442372283033,0.1306279899888652,0.8205868063910728,1.356219759357378,1.2246450074383357,1.1596420592501482,2.538785652052231,0.5605250210029723,0.5605250210029723,0.0,0.1188177262599867,0.0,0.320657252737041,0.0,0.2800000000000001,0.2800000000000001,0.2800000000000001,0.7,,0.3166382358617697,,0.3131956702029707
B001032,10009.470370069068,5.419312598846274,9.75333216023591,8.706465527390506,0.11459708863923126,0.34052829391771455,1.1822878955804472,42.80989616307061,1.6269281950252852,0.0,1.5985878654484345,0.863594128617975,0.7614950328929443,0.5687073768616357,2.6799566608466003,0.6963539303661556,0.24201918787675072,0.4543347424894049,0.0,0.0,0.30364606963384455,0.0,0.0,0.2,0.0,0.98,,,,0.19030060538549587
B001033,13170.966578931213,14.585788016535119,18.330837529634962,22.51869977695785,0.11110235212329199,0.5357621115316222,0.02002945036827978,0.5909286047766217,7.119696113136631,0.6447514949865015,2.0688662560063182,2.9917340493502502,0.4577941476363536,1.302945955419064,2.9464252389807433,0.3700331885581791,0.3258290979560408,0.0442040906021383,0.1418412398192649,0.0,0.48812557162255593,0.0,,,,1.0,,0.2276229642292891,,0.188624025984382
B001034,3037.8046933853057,0.7625011780585607,6.312932507399948,0.08051590143215234,0.0,0.433,0.20458206146997238,7.362677588801567,0.556542054510504,0.0,0.0,0.038325569081704515,0.0,0.16763355446635234,3.382501312848182,0.20055827442321145,0.15029531066060195,0.05026296376260953,0.0,0.0,0.7994417255767887,0.0,0.0,0.0,0.0,0.6,1.1228875399099114,,,0.18837769891077183
B001035,8586.76693614787,4.083103631073642,9.086251958289377,1.2987287388569893,0.0,0.401537414289141,0.012778512991905433,0.4024521739406265,3.0073914337122143,0.40101563423150144,0.0,0.25020245626256604,0.0,0.4244941068673604,1.4090661534929274,0.8523560914881335,0.8523560914881335,0.0,0.09821343528478,0.0,0.04943047322708634,0.0,0.0,0.0,0.0,1.0,0.23549049997699367,,,0.188624025984382
B001036,3173.828883233927,6.223193888693975,13.732678883022713,10.942262033303164,0.0,0.4249961752556715,0.011938141234295166,0.45127204135370846,1.153151489671608,0.1539134022882596,0.9651203314722367,0.8776877613988018,2.4247213015736215,0.6485996022894462,1.910932359051894,0.8041367528954544,0.6383695950440448,0.16576715785140955,0.0,0.0,0.19586324710454556,0.0,1.0,1.0,1.0,1.0,0.24119423809595913,,,0.608845443987547
B001037,972.6294328037503,0.36982107711169215,2.8692540552767483,0.05826987479667319,0.0,0.24,0.3610808701414833,13.071127499121696,0.19859447857781584,0.0,0.03909908598856771,0.0,0.0,0.1321275125453085,3.117522178921105,0.4118583658091706,0.306134034751752,0.10572433105741871,0.0,0.0,0.5881416341908292,0.0,0.0,0.0,1.0,1.0,0.7338697155258153,0.2778866920764007,0.8555882826184876,0.18837769891077183
B001038,42552.49177181666,10.616889164624915,18.146595737009598,18.098119188710598,0.0,0.1620507935373246,0.017910368834097322,0.42324478952284805,3.3598030394068337,0.0,1.4593087339558937,2.293772060941217,2.7677975627458973,0.7362077675750772,2.3968202834114876,0.6760969854176331,0.6760969854176331,0.0,0.0,0.0,0.3239030145823671,0.0,0.5,0.5,0.5,0.5,0.34888841177904295,0.23931978712121185,,0.40513160691334116
B001039,3608.4640978125594,9.300165200547834,16.31936636099303,8.706219888407974,0.0,0.2763992148913928,0.015295292005155742,0.37268945511084056,3.8316286822526826,1.5289358643231041,0.0,1.1298879413805212,1.763963889368805,1.0457488232227192,1.9826270916774344,0.9887978613676337,0.7029079069024156,0.285889954465218,0.0,0.0,0.011202138632366316,0.0,0.0,0.0,0.0,1.0,0.1469146664481946,,,0.188624025984382
B001040,22045.780138328253,7.581079827485644,10.015627073785964,4.258699319960479,0.0,0.433,0.013182532860433258,0.4860124409731226,4.426969990444005,0.0,0.0,0.0,2.0271408763011878,1.126968960740451,3.0250620538410984,0.414354774391259,0.414354774391259,0.0,0.0,0.0,0.5856452256087409,0.0,0.5,0.5,0.5,0.5,,,,0.40513160691334116
B001041,3051.3963877864026,6.202025178427648,10.886761701168842,9.526330977050968,0.0,0.3368276676491556,1.1575927276517024,41.973835917497354,1.9606567954875003,0.9047911016708109,0.0,1.4835198945638952,1.1439454649688605,0.7091119217365819,2.508881370459469,0.44466902488058424,0.2602219399271374,0.1844470849534468,0.23919926989719198,0.0,0.316131705222224,0.0,0.28,0.28,0.28,0.7,0.3678220684763504,,,0.3131956702029707
B001042,8986.87974305199,8.140289622329702,15.780060103629653,8.196792594703027,0.1062272879529702,0.45823816447549703,0.009656157444383417,0.2068612749578052,4.681531863969176,0.0,0.0,1.08507319641254,1.2349713945839977,1.1387131673639874,3.0471454881420983,0.3933889782906943,0.2600923455227317,0.13329663276796272,0.0,0.0,0.6066110217093058,0.0,0.0,0.0,0.0,1.0,0.38553810756858553,0.24729614779061188,,0.188624025984382
B001043,28490.541955630535,10.208005000225917,14.31983876764581,15.958707631054734,0.0786559191485939,0.38175996713452737,0.01931938909399617,0.43657745367766027,4.142308958125627,0.5590899270466784,1.890873984017447,2.70330893184521,0.0,0.9124231991909529,2.872814591493163,0.31984107491551145,0.07983689084527398,0.24000418407023746,0.2648224537297329,0.0,0.4153364713547555,0.0,0.5,0.5,0.5,0.5,0.41333763291179626,,,0.40513160691334116
B001044,808.521875999353,1.5400416685701963,7.494047858247757,2.4147339677486586,0.4454739986984915,0.14274938979638885,0.28630695529227457,10.38777639882689,0.4402100790626184,0.4143309076520968,0.0,0.16379317156880055,0.20115114699867834,0.32055636328800163,2.9414785509449657,0.24415144311224934,0.13779511853249352,0.10635632457975583,0.3996528582386996,0.0,0.3561956986490506,0.0,0.5,0.5,1.0,0.5,,,,0.4049048318617571
B001045,2029.2199276653873,4.4795141891068155,14.162964086283715,2.6626273876810482,0.0,0.1555628591763344,0.01666796034621427,0.3765712701158637,2.1031611838338375,0.5885573249808121,0.0,0.25509502532021106,0.9064413472472138,0.6262593077247401,1.8385592985809218,1.0,0.7407003698320626,0.25929963016793733,0.0,0.0,0.0,0.0,0.0,0.0,0.0,0.5,0.5611145918842675,0.16584128352512267,0.5112170885859049,0.18835914010109434
B001046,10752.763595729686,3.059107708600195,6.241166005919887,3.14603361231845,0.0,0.14272343949278907,2.054972084434257,74.36762277138726,0.8405120741410885,0.0,0.9501053682042476,0.3991602310717736,0.0,0.869330035183085,1.892298764827295,0.8848038774143269,0.8848038774143269,0.0,0.0,0.0,0.11519612258567309,0.0,0.0,0.0,0.98,0.98,,,,0.19030060538549587
B001047,3404.551823325626,9.12748478103385,11.8099663789742,13.5307883287561,0.19002486101299898,0.37153505038369045,0.016613363317387407,0.3704780019777392,3.7496565769215,0.7677854704855841,0.6541498930226541,0.2425542373528294,2.5242334105234403,1.1891051927278429,1.6483259864051092,1.0,1.0,0.0,0.0,0.0,0.0,0.0,1.0,1.0,1.0,1.0,0.289247685177199,0.3193665411696447,,0.608845443987547
B001048,6413.27814307542,11.21202472565633,19.987995546186877,9.438675268341507,0.0,0.33651306341126896,0.02458405495927964,0.28009279487344024,5.174912049408973,0.7922234312527292,2.050864367586413,0.15206139242122643,2.338995388951674,0.7029680960353109,2.6367309152648732,0.5384498182948801,0.4677914447506357,0.0706583735442444,0.0,0.0,0.4615501817051196,0.0,0.0,0.0,0.0,1.0,0.15627340240725882,,,0.188624025984382
B001049,4134.511284294845,5.609920331471974,12.742360206321043,6.385276623530948,0.1869982177387368,0.20846086007875603,0.020446059895499413,0.45594713566963696,2.1867718938468226,1.8372396173814078,1.19128806823715,0.0,0.0,0.3946207520065941,2.223031651975978,0.6377881060607722,0.6377881060607722,0.0,0.0,0.0,0.3622118939392278,0.0,0.0,0.0,0.0,0.95,0.7814720884846085,0.4981783536552358,0.44571456105727664,0.1914861261152433
B001050,953397.0408348902,342.20999312092255,645.9339895569793,1678.6781821197012,0.0,0.267846784954173,1.4264824359783954,66.98653304201983,1.8689000917338767,0.0,0.0,339.0143644973407,0.8064220471553352,0.520306484692658,1.3477530545677798,0.9944696663291686,0.0038078758724902234,0.9906617904566783,0.0,0.0,0.005530333670831528,0.0,0.0,0.0,0.0,0.98,0.45732633102941017,0.3843307428124783,,0.19030060538549587
B001051,2881.0789610146803,3.623998693100227,10.822953161297155,3.8463255194452857,0.0,0.24,0.014088345332410768,0.33532649746278714,1.4971851734612798,0.0,1.2049706858999076,0.6003741153777157,0.0,0.32146871836132374,3.0725575624769563,0.40445656081200904,0.07195901102147931,0.3324975497905298,0.16566620637054172,0.0,0.4298772328174491,0.0,0.0,0.0,0.0,0.95,0.42774825316204046,,,0.1914861261152433
B001052,1010.4038638834513,1.0448850712341793,4.041927953262549,0.4519997990105145,0.0,0.021,0.007302360964951244,0.016868453829037372,0.29209443859804973,0.0,0.0,0.31459186011131807,0.0,0.4381987725248115,2.8113464121971714,0.5662207021848819,0.5662207021848819,0.0,0.0,0.0,0.43377929781511837,0.0,0.0,0.0,0.0,1.0,,,,0.1914861261152433
B001053,1037.0538144532136,1.4565362562545134,8.22268177452768,1.6018945980509087,0.0,0.12135588361093329,0.49546393173847963,17.95277659216129,0.2715711379786058,0.851016698399484,0.04413607594564099,0.0,0.08900358088337662,0.20080876304740597,2.2127858674442487,0.7524437051850661,0.7221416267053054,0.03030207847976062,0.061106327083302096,0.0,0.18644996773163178,0.0,0.0,0.0,1.0,1.0,,,,0.18837769891077183
B001054,2091.226447710014,1.8976646530943864,10.614025140527184,3.921884489297631,0.0,0.3976222316978238,0.25062915690069215,8.979933620840388,0.3795412441572652,0.2997770565895307,0.07493565477893972,0.6679860603607018,0.23807950967452854,0.23734512753342063,2.5315441433118173,0.44267572397875143,0.28470415819092604,0.15797156578782537,0.35200426970669696,0.0,0.20532000631455186,0.0,0.5,0.5,1.0,0.5,,,,0.4049048318617571
B001055,5101.283400863524,6.703394744892935,15.431172783888654,7.388197051535257,0.0,0.4440874554642256,0.008874135307534977,0.18701527672569287,3.6834460027929734,0.0,1.2184263682597407,1.0281820054976862,0.0,0.7733403683425345,2.688841100959068,0.45051035438435827,0.45051035438435827,0.0,0.0,0.0,0.5494896456156416,0.0,0.0,0.0,0.0,1.0,0.27073413356578246,0.17049888341720365,,0.188624025984382
B001056,5097.165664283972,6.925496826472788,19.00763011391453,8.381571410316694,0.4050042089569081,0.43671438384635175,0.028603887932969408,1.128547976204496,6.124204925896871,0.0,0.12360503021861577,0.09291344403638396,0.14769478231136984,0.43707864400954693,3.503881768174083,0.08710797992931693,0.06926015856491544,0.017847821364401495,0.021326236371491055,0.0,0.891565783699192,0.0,0.0,0.0,0.0,0.5,0.13415068422332266,0.19066069154989088,,0.18835914010109434
B001057,5416.396790008062,4.910604524032695,8.210616016440504,4.858416092956603,0.0,0.5040488700076039,1.1243549909307078,40.64146693363087,1.933740459275216,0.14063911212696892,1.314007432933653,0.5275528961351366,0.0,0.9946646235617201,2.669371290344679,0.5192852393144755,0.2230596854256369,0.29622555388883864,0.0,0.0,0.4807147606855245,0.0,0.28,0.28,0.28,0.7,0.5682921317400846,,,0.3131956702029707
B001058,16048.854340217553,11.406435209820577,14.66251204196846,19.587110466129932,0.0,0.35024209794856814,0.01677800853804752,0.7784995961654048,2.0713590787712985,2.8966386379630724,1.2881513789755914,1.5177365133264296,2.530176326145466,1.102373274638718,2.3308743787390087,0.6853446737673458,0.3184649308888962,0.36687974287844927,0.13305967073917246,0.0,0.18159565549348183,0.0,1.0,1.0,1.0,1.0,0.20962655395909202,,,0.608845443987547
B001059,3130.288291925346,3.9177575618590064,14.48694112496082,3.225242457208627,0.07054671104969722,0.19701312388522643,0.00857084205320455,0.16729162835503822,1.6176902230576615,0.23106988699794742,1.007539267262358,0.1722585421298204,0.4954732051587999,0.39372643725241924,2.6756443746315726,0.5332147548440423,0.3477660432571015,0.18544871158694082,0.04396865794015145,0.0,0.42281658721580617,0.0,0.0,0.0,0.0,1.0,0.19043469340706007,,,0.1914861261152433
B001060,5811.592811343304,6.316948707981852,18.954121172968346,7.705890775300058,0.0,0.3250377892046099,0.01414788398156256,0.3154978127888451,1.4147883981562561,0.8440316597922404,1.1233447436010355,0.0,2.5144906489680388,0.4202932574642805,2.6313486110494058,0.2443644981816671,0.2443644981816671,0.0,0.5316684469064281,0.0,0.22396705491190458,0.0,0.0,0.0,0.0,1.0,0.9582050715781498,0.3457554718603968,0.40165066420218076,0.1914861261152433
B001061,4125.600812365819,1.231522630556961,8.129316071606892,0.6460059344107518,0.0,0.3215597784618858,0.2585653831274232,5.766008043741539,0.7428186546440335,0.2980182426763466,0.05677790136742641,0.0,0.0,0.13390783186915467,2.43754870221188,0.7391513672440445,0.49715967721593146,0.24199169002811313,0.0,0.0,0.26084863275595555,0.0,0.0,0.0,0.0,0.6,0.5959102913659913,,,0.18837769891077183
B001062,13526.891530773415,4.58694185512832,10.855893702934363,4.653047281219586,0.0,0.24,1.423382852520735,51.53432569410012,2.1523819254303707,0.0,0.0,1.0691740016578353,1.0156180428453718,0.3497678851947419,1.326977593513422,1.0,0.5454941199718163,0.4545058800281838,0.0,0.0,0.0,0.0,0.0,0.0,0.0,1.0,0.65186730381287,0.26616713000158343,,0.18835914010109434
B001063,8583.091938517244,4.15243925424153,8.871876804957921,5.696355125773377,0.18346158718186462,0.3483898817711864,1.0253656922827472,48.19702144165449,1.434408577982014,0.8071209932775387,0.4940553943509404,0.5550612886437951,0.3449350944740816,0.516857905513159,2.5192286961918864,0.5714943522319856,0.4525147924837521,0.11897955974823352,0.08306806514309531,0.0,0.3454375826249186,0.0,0.20000000000000004,0.20000000000000004,0.20000000000000004,0.98,0.3192865205360543,0.23927771477618381,,0.2785184786737387
B001064,1813.8048689419181,1.1224040030581177,8.972828430746985,1.0974531731533403,0.049496676927280395,0.39610301908248097,0.3450654031241216,12.491367593093202,0.43133175390515194,0.2537345631552848,0.049791683673846364,0.029313729530021558,0.18321071387982196,0.1750215589139914,2.8463892756455174,0.3177154239264786,0.12836787809556888,0.18934754583090976,0.22606348735745424,0.0,0.4562210887160673,0.0,0.0,0.0,0.0,1.0,0.4955488351795234,0.32689610090558974,,0.18837769891077183
B001065,29574.12032268437,10.369607406270818,15.525419374137297,14.86434968659838,0.08037636336243137,0.23999999999999996,0.012264146902869881,0.4521534697331946,4.118556795739885,0.0,1.2227635079415966,2.472403489586016,1.7425355044604993,0.8133481085428212,2.6348694496400173,0.6007401535961322,0.4326975810869034,0.16804257250922874,0.0,0.0,0.3992598464038679,0.0,0.5,0.5,0.5,0.5,,0.3737530973935329,0.9920622382850044,0.40513160691334116
B001066,5876.466222550206,5.275104329039682,10.46652706474699,5.561126888679505,0.0,0.3577055416980582,1.087899563197979,39.381601833313304,1.521888704858049,0.710462312682451,0.7882480282264589,0.7625782104358134,0.7598895837189452,0.7320374891179635,2.339098761468534,0.6757708836593441,0.5263429332229672,0.1494279504363769,0.0,0.0,0.32422911634065554,0.0,0.2,0.2,0.2,0.98,0.30137268944508716,,,0.2785184786737387
B001067,10134.457673810757,6.101419430349643,7.764891797541245,7.288686841809606,0.1559503703771522,0.2816643649368126,0.01673767482529958,0.37325014860418065,2.0663796080616765,0.4378157505974192,2.5032959316261714,0.4128310723663357,0.0,0.6810970676980411,2.6648553381430378,0.5780556156422998,0.16777470310999765,0.41028091253230226,0.07175637662600916,0.0,0.3501880077316911,0.0,1.0,1.0,1.0,1.0,,0.29018884452321886,,0.608845443987547
B001068,17173.210308709426,6.750475750278862,12.37060866842477,9.18497267998316,0.0,0.15562053358245503,3.735290737155464,64.73194339521899,1.6500372336504814,0.0,2.595183310617983,1.424629681548653,0.5453719910034461,0.5352535334582983,2.354934965258041,0.7084920621168732,0.11300618217714062,0.5954858799397327,0.08079015630578583,0.0,0.21071778157734067,0.0,0.28,0.28,0.28,0.7,0.303137963924416,,,0.3131956702029707
B001069,7452.6973194050815,12.504525703699802,20.990693695948945,3.9198641573590516,0.0,0.2995766428105429,0.04141008864362111,1.806525401382152,9.399376553652656,0.5759657878858192,0.0,0.0,1.8183106906144264,0.710872671546898,3.200823300280057,0.24213098098891772,0.09671877314512642,0.1454122078437913,0.0,0.0,0.7578690190110823,0.0,0.0,0.0,0.0,0.5,0.13983386600628614,0.11260125111129815,,0.18835914010109434
B001070,1740.7219225705273,4.3957624307336545,8.915113084786476,6.592450662974889,0.0,0.47,1.013515796204482,22.6867209506644,1.5236341666488014,0.0,0.0,2.203700696310993,0.0,0.6684275677738601,2.2628262301266657,0.6080216174381712,0.6080216174381712,0.0,0.0,0.0,0.39197838256182876,0.0,0.28,0.28,0.28,0.7,,,,0.3131956702029707
B001071,1185.8241240952648,1.1682996296505073,4.858903647439158,0.8541070093616808,0.0,0.35785857685462413,0.5022488718168137,18.17734740010365,0.5277591736838649,0.0,0.08508057511438874,0.10545855223028294,0.20563852683580325,0.24436280178616715,2.647861931276489,0.6649423387315648,0.5746756386883314,0.09026670004323335,0.0,0.0,0.33505766126843517,0.0,0.5,0.5,1.0,0.5,,0.3597892101779194,,0.4049048318617571
B001072,2396.6021619170983,7.39692025283055,10.96840076839788,10.072018679340463,0.057777682833692216,0.2160059114941928,1.3752703446609695,49.480133295080215,2.2409227288761637,1.5431456703995292,0.0,2.2398413237228425,0.5983464765782255,0.7746640532537861,2.1119167392923206,0.7695458699089166,0.7695458699089166,0.0,0.0,0.0,0.2304541300910829,0.0,0.28,0.28,0.28,0.7,,0.3867904856452254,,0.3131956702029707
B001073,19188.363041029424,6.089610612830665,12.07859514861406,9.487150978769737,0.0,0.28289294569208717,0.9843063328741837,35.35751523332503,1.7358718408573395,0.8670573290577912,0.8520016276402218,1.487067119703758,0.614451045060963,0.533161650510591,2.130461040915703,0.6446963749208837,0.5047856841051073,0.13991069081577642,0.1423830494565485,0.0,0.2129205756225678,0.0,0.28,0.28,0.28,0.7,0.33498045652612213,,,0.3131956702029707
B001074,14491.908581099799,8.252795319532915,15.31225153661777,8.025698569845217,0.3584936945577433,0.10212186918748697,0.00657806941226012,0.3052224207288695,4.449781471497761,0.5148719100475498,1.5001955847104789,0.8603195698614154,0.13519875437882425,0.7924280290368879,1.7222577173245017,0.9274040463554615,0.9110218692694949,0.01638217708596657,0.06238757779790547,0.0,0.010208375846632941,0.0,,,,1.0,,0.3460539550152676,,0.188624025984382
B001075,2470.515958849206,4.252178930893642,13.35953763910652,5.4339984941605115,0.0,0.33199552873204574,0.018215977099782878,0.4166903074167823,1.44752563527743,1.2787040710765685,0.0,0.5887915837314104,0.5245324396979911,0.41262520111024165,2.4210840773974596,0.6595802625424285,0.4404502509185855,0.21913001162384307,0.0,0.0,0.3404197374575713,0.0,0.0,0.0,0.0,1.0,1.060059148754259,,,0.1914861261152433
B001076,3865.5512071929966,7.211849267151113,21.20456896125929,7.642492083886822,0.0,0.22093105550135111,0.014947010458037455,0.5102521481811003,1.7886197175564542,0.31680725575717067,1.4092151466945328,1.4927089559196742,0.0,2.2044981912232817,1.982137971005646,0.9531924839702338,0.9092637710948579,0.0439287128753758,0.0,0.0,0.04680751602976614,0.0,0.0,0.0,0.0,0.95,0.5656231245098904,0.31879757282885757,0.7415613417746858,0.1914861261152433
B001077,2608.6528448814,6.123598227421127,11.72787903024729,12.643230955227846,0.0,0.39950538536110364,0.01375761132130802,0.6137225080021426,1.3407267817657031,0.4052852313476948,1.1321514586543369,2.5608254205159016,0.0,0.6846093351374906,2.3047931990526727,0.7781951620749662,0.7120109977493496,0.06618416432561666,0.0,0.0,0.22180483792503383,0.0,1.0,1.0,1.0,1.0,0.19947923837575476,,,0.608845443987547
B001078,14832.940509574672,4.306893295463029,9.465647508015937,6.996063758525785,0.0,0.44141442767952194,0.9886511850304918,21.94828090677048,1.6854886404571114,0.0,0.0,1.505576464067519,0.6768655016472038,0.43896268929119503,2.8027427694861737,0.6086532623799524,0.25907959969981975,0.34957366268013296,0.0,0.0,0.39134673762004746,0.0,0.28,0.28,0.28,0.7,0.5739677452700984,0.4042675421198873,,0.3131956702029707
B001079,8291.552816191232,1.8620150047588664,10.083074733309122,1.1112664760020652,0.0,0.06870249114834943,0.33226012149973705,15.526221574051391,0.9040654169374108,0.604970760687746,0.0,0.16241931628606737,0.0,0.19055951084764225,2.970237211732458,0.5005151621653159,0.17561404206607664,0.32490112009923927,0.0,0.0,0.49948483783468406,0.0,0.0,0.0,0.0,0.6,,,,0.18837769891077183
B001080,1582.8598107098937,1.482078474447466,12.287299828931038,3.0167422584003427,0.0,0.537149121424287,0.19400482880266176,9.033875077855884,0.523068690712826,0.32290500314086845,0.0,0.45303568402290945,0.0,0.1830690965708623,2.5232709268473625,0.6013837134075405,0.3835106326577167,0.2178730807498238,0.0,0.0,0.3986162865924597,0.0,0.0,0.0,0.0,0.6,0.7388386909073659,0.27207498106078915,0.4484023684358084,0.18837769891077183
B001081,6891.33710846958,5.59816174530429,9.835243471072102,4.939033324157205,0.0,0.40389245114101235,0.02236702453923146,0.636789374949204,3.330189072370666,0.2965735440336849,0.0,1.2218397332411772,0.2606131435749759,0.48894625208378445,2.977344032824509,0.39941826224709914,0.18116095050256964,0.21825731174452945,0.0,0.0,0.6005817377529008,0.0,0.0,0.0,0.0,0.92,0.5704240309900774,,,0.18835914010109434
B001082,8798.395447502658,4.4684588357047526,12.999024405296122,7.5260702100752725,0.0,0.3837448064207592,0.008486645827399284,0.2426511808442903,2.090306854039232,0.5249984192421859,0.08305900629317799,1.371183774811865,0.0,0.39891078131829233,2.6034834663085937,0.49825384441285103,0.3807640255412435,0.11748981887160757,0.0,0.0,0.5017461555871491,0.0,0.0,0.0,0.0,0.5,,0.16285727898209215,0.4851035952509525,0.18835914010109434
B001083,6670.1975486309275,6.222199205812433,11.37985967911446,9.275697987856313,0.0,0.41592022784650406,1.5571897281752385,56.363070417462225,1.9082423538576392,0.644353008051317,0.8457731310355576,1.263384246805605,0.5536020589008723,1.0068444071614393,1.8383299168113907,0.8439927825505963,0.7080644551120464,0.13592832743854993,0.0889720885798269,0.0,0.06703512886957672,0.0,0.28,0.28,0.28,0.7,0.5447771270451919,,,0.3131956702029707
B001084,6558.6771598111645,1.4270402871651795,7.062919183610977,1.56587939239211,0.0378337953140533,0.3102950452793606,0.578165092474872,20.79151756358902,0.31540102148871235,0.47661263184044333,0.047004454985903873,0.14566761280862153,0.1562454383059029,0.2861091277355954,2.8108856886052327,0.338454153815768,0.338454153815768,0.0,0.33398680901100275,0.0,0.3275590371732292,0.0,0.0,0.0,1.0,1.0,0.8806576888465683,,,0.18837769891077183
B001085,2931.704890447999,4.952204206837836,15.224985838153856,5.487905191157859,0.07255045271357098,0.35075157362355425,0.008625116693855284,0.19234010227297285,1.9702043209314102,0.7621184869506615,0.6041786072186065,0.22838789735469972,0.978557693608197,0.4087572007742612,2.4668874730211483,0.6021560826972726,0.48015412518825534,0.12200195750901732,0.0,0.0,0.3978439173027273,0.0,0.0,0.0,0.0,1.0,0.17750715301044853,,,0.1914861261152433
B001086,3639.444814187904,3.206559307654541,13.496406513181906,4.709926510467408,0.10210958095464902,0.10367528433005763,0.3997426279181745,14.455812564553533,1.0863323701207217,1.1679369900757621,0.07934503052522271,0.5068781171443857,0.12159781278057898,0.24446898700786993,2.871462707267215,0.29698186002198607,0.10098488331717417,0.19599697670481186,0.3642337090998817,0.0,0.3387844308781323,0.0,0.0,0.0,0.0,0.6,0.5608339086692774,,,0.18837769891077183
B001087,3190.5225984007934,8.077272401014667,11.82222891038031,12.237410927645003,0.0,0.28561346412206307,1.0579100524183407,23.608823255232153,2.8796872636116446,1.0964378214397725,0.0,2.48702619720234,0.7986986899201453,0.8154224288407642,2.076107906525554,0.9052987590770829,0.7695551853798485,0.13574357369723447,0.0,0.0,0.09470124092291697,0.0,0.28,0.28,0.28,0.7,0.3784489976229946,0.33881761929213544,,0.3131956702029707
B001088,776.0919505074772,1.3221327947316477,8.302469503809466,1.034040504847213,0.0,0.433,0.47329667615300447,17.133339676738764,0.5916208451912557,0.4922032803072734,0.0,0.0,0.0,0.23830866923311878,2.6817796280014865,0.552525398697688,0.1802456380952929,0.3722797606023951,0.0,0.0,0.44747460130231204,0.0,0.0,0.0,0.0,1.0,0.5959832077507135,0.40466684071440284,0.40134108822734504,0.18837769891077183
B001089,7743.24018492907,6.4046651653673035,19.523975820617995,10.442914483080527,0.0,0.3842739384141166,0.013693800276988593,0.3053717461768456,1.4552564023172623,0.5819659908841021,1.5337981937233973,1.2256472859066874,1.2225901145312894,0.3854071780045645,2.0742990523891147,0.765124681896562,0.43477732883768255,0.33034735305887947,0.0,0.0,0.23487531810343795,0.0,0.0,0.0,0.0,0.95,0.4514386075840433,0.3338634953134633,0.7051769150307546,0.1914861261152433
B001090,13427.95670411322,4.925882870180931,9.164858169907323,5.74767317851313,0.22847292233295552,0.2137403490777374,1.2118253292073768,56.94512001505339,1.6633278763130164,0.5058042590118146,0.8999949374612731,0.4725531248477084,0.7769489008200229,0.6072537717270977,2.4725981793057668,0.5711314667902256,0.5711314667902256,0.0,0.10268296513376818,0.0,0.3261855680760065,0.0,0.2,0.2,0.2,0.98,0.29956156927131994,,,0.2785184786737387
B001091,1592.613069343802,5.154087603054375,8.226169819576961,1.9512141879891647,0.0,0.45300000000000007,0.015622182711325632,0.3483746744625616,3.5685188934500176,0.0,0.9053633832269724,0.0,0.0,0.6802053263773844,3.3150421003083403,0.13197395519127117,0.13197395519127117,0.0,0.17565929276996436,0.0,0.6923667520387643,0.0,,,,1.0,0.07572202168671253,0.22062961539329207,,0.188624025984382
B001092,21040.600810568914,4.972961666407212,11.08839697076449,9.880804497432912,0.0,0.38963911830924486,0.02550544863946757,0.48395437838563465,0.2937464090760887,1.4411342852741897,0.0,1.9035113827008463,0.906141826532501,0.4284277628235878,2.445405848299904,0.38345470986383556,0.09366074362251561,0.28979396624132,0.564985897279844,0.0,0.051559392856320684,0.0,0.0,0.0,0.0,1.0,0.71011683211896,,,0.1914861261152433
B001093,30425.31101743997,7.003985040847138,8.861591959969877,9.821457868598065,0.0,0.41478989305904096,0.02105572405920772,0.4695426465203321,1.5100984743856913,1.4005481721893582,1.7429451061189962,0.0,1.156605161584796,1.1937881265682961,1.7855097986251027,1.0,0.7511495104638052,0.24885048953619485,0.0,0.0,0.0,0.0,1.0,1.0,1.0,,,,,0.608845443987547
B001094,406.9583139932115,0.5739891593698329,3.7363231665017884,0.2920620289551335,0.0818240912441513,0.23324356170565058,0.2606812199000861,9.455199658817353,0.22501425306729295,0.0,0.06122420736063604,0.09514480994073216,0.0,0.19260588900117176,1.9891602133846444,1.0,0.8342393608179134,0.16576063918208675,0.0,0.0,0.0,0.0,0.5,0.5,1.0,0.5,,0.39254991834364217,0.3321745795262209,0.4049048318617571
B001095,30012.445781685346,10.000814988898815,14.932457952681109,31.758734970482635,0.06244433313149442,0.3843308104823614,0.029088215634532035,0.26585727176473634,3.9632016293242973,0.9910779928720971,1.6476019628061358,0.1238776334760942,2.61923981997977,0.6558159504404195,2.77484658598627,0.601490577234218,0.33958794001043185,0.2619026372237862,0.0,0.0,0.39850942276578183,0.0,0.0,0.0,0.0,1.0,0.2865265077211246,,,0.188624025984382
B001096,5583.178664285317,13.325008745311019,19.21078001508378,15.340670856328007,0.041520842560803226,0.2194249861691879,0.01581914909841722,0.4674847478995947,3.6808645710616528,0.7247788805189213,5.183675977058785,0.0,2.865550599392883,0.8701387172787763,2.2493552693897456,0.7611366717130615,0.4916937356117838,0.2694429361012778,0.0,0.0,0.23886332828693835,0.0,0.5,0.5,0.5,0.5,,,,0.40513160691334116
B001097,17519.024616449777,6.5296401850353245,12.064639149251006,9.963836815145786,0.03010016789587968,0.31653150064093744,0.022746568455808733,0.36138565571098946,3.358580384241877,0.8463387224497876,0.14388010738449297,1.6354796333470558,0.0,0.5453613376121113,2.912492776646786,0.23382667125709145,0.23382667125709145,0.0,0.25047010049577606,0.0,0.5157032282471324,0.0,0.0,0.0,0.0,0.5,0.4478528583699993,,,0.18835914010109434
B001098,4619.220037725967,4.699104819660191,13.504974641458855,6.335340905616686,0.0,0.42607701781163954,0.01186721378321512,0.11821558823169727,2.113104862844298,0.3576406146449572,0.0,1.2066869199394845,0.7129934669134597,0.3086789553179901,2.730026174736496,0.5478196726836094,0.3960900360237871,0.15172963665982214,0.0,0.0,0.4521803273163905,0.0,0.0,0.0,0.0,1.0,,0.29096504256419264,0.5395134772295779,0.1914861261152433
B001099,3092.0797924311423,10.306932641437141,20.499201705002466,16.098422402996714,0.0,0.402715243067146,0.012817611170411141,0.4639975243688833,2.6868694888572513,0.0,1.8160113375187825,2.449417068918096,2.633571554398614,0.7210631917443973,1.4279014595751178,0.9838418675263115,0.9838418675263115,0.0,0.0,0.0,0.016158132473688483,0.0,0.0,0.0,0.0,1.0,0.33965935724307966,0.25977692221857057,,0.188624025984382
B001100,4403.057051888735,14.022474687543744,19.358126494671772,19.54637333771409,0.042091622263402094,0.3554874121042238,8.132659803379877,308.3453747852173,4.108303423031805,0.6687589171533485,3.12153589403215,2.67473093442462,2.561095119454154,0.8880503994476654,1.9555355949122666,0.9580298987662529,0.3823260492045596,0.5757038495616934,0.0,0.0,0.041970101233746976,0.0,0.0,0.0,0.0,1.0,,0.31495246860114195,0.8213158188019788,0.188624025984382
B001101,16118.833943643855,4.2676287910097574,6.745962203180336,3.237111867547357,0.0,0.21125069933737775,1.6972965400158662,61.34890256826097,1.8157673480773646,1.2126402810328396,0.0,0.0,0.7115308038783587,0.5276903580211941,1.9516128286195256,0.6544273198880327,0.6544273198880327,0.0,0.28414849098108147,0.0,0.06142418913088593,0.0,0.2,0.2,0.2,0.98,0.25194343758909643,,,0.2785184786737387
B001102,15157.489198944308,5.174970706365418,14.210718028971908,6.282916557438472,0.0,0.2471295795361855,0.01311471697828464,0.19231110673382193,2.217328373816651,0.7938700713887338,1.0841197714535449,0.6087773847373128,0.0,0.47087510496917434,2.7563720535499834,0.5715283236117161,0.418122610529661,0.15340571308205522,0.0,0.0,0.42847167638828376,0.0,0.0,0.0,0.0,0.9,0.10753435032252144,,,0.1914861261152433
B001103,4528.9351334801895,2.1805176376890656,9.48393272955542,4.999518314189666,0.32047521842810633,0.2102016395370952,0.33465762812501787,11.985180883350424,0.44460661226936365,0.31082505800214677,0.08072053753096692,1.155562283876988,0.0,0.18880314600959958,2.38874465158827,0.8887355197414498,0.17922147928189097,0.7095140404595589,0.0,0.0,0.11126448025854971,0.0,0.5,0.5,0.5,0.5,,,,0.4049048318617571
B001104,8427.52917864364,7.531304002362502,21.302471681239748,6.225015392473008,0.0,0.3782085675903457,0.023605686018774927,1.4680474121603804,5.27036695254477,0.4505550283743925,0.0,1.2354876597706177,0.21334167742010685,0.3615526842526142,2.862182553966716,0.42836221858106605,0.338166840379657,0.09019537820140909,0.0,0.0,0.5716377814189341,0.0,0.0,0.0,0.0,0.5,0.10566415124500982,,,0.18835914010109434
B001105,1879.040057305802,4.605490336533829,8.061778587221532,6.946145757735985,0.0,0.453,0.016070480030391448,0.28653101459288777,1.4300298054589768,0.9715363721354621,0.0,1.6525052033613497,0.0,0.5514189555780401,2.3726723701356947,0.6644216657130095,0.45346988834663765,0.21095177736637202,0.0,0.0,0.3355783342869904,0.0,1.0,1.0,1.0,1.0,,,,0.608845443987547
B001106,9461.277378413435,11.317317438293582,24.219641387732185,16.64746778164481,0.0,0.37848883158732316,0.0063424426318648185,0.29428933811852753,4.188405511608843,0.7214466006927966,1.0699689667206926,3.042697441111889,1.7584311225549236,0.5363677956044381,2.5867047734821758,0.6153017366746595,0.3016367087805887,0.31366502789407097,0.0,0.0,0.3846982633253403,0.0,0.0,0.0,0.0,1.0,0.25576942277613846,,,0.188624025984382
B001107,10256.42469746749,4.593114508494174,8.63628541836299,4.957477566160319,0.0,0.36499999999999994,1.253275257994251,45.33978444285954,1.75112862910411,0.6618949705986064,1.3152893081556856,0.41303470013503996,0.0,0.45176690050073204,2.681706412671876,0.5636598706841532,0.2772987739330741,0.2863610967510792,0.0,0.0,0.43634012931584687,0.0,0.19999999999999998,0.19999999999999998,0.19999999999999998,0.98,,,,0.2785184786737387
B001108,51523.43445910114,11.588716702451899,32.3268985041742,1.9738278139670637,0.0,0.3677282264321499,0.053262388539166206,2.34929289279758,10.04374205378322,0.5349432307217237,0.0,0.2859967610357085,0.19437358198232985,0.5296610749289147,3.49731515373118,0.10431129646801977,0.05815060029632524,0.046160696171694514,0.02467889830935278,0.0,0.8710098052226273,0.0,0.0,0.0,0.0,1.0,0.12687874137872163,0.3611870795848671,,0.18835914010109434
B001109,786.505907651984,2.4732890177735345,15.48931421730396,4.565684029603003,0.0,0.38262528496807047,0.33845737671961423,12.252157037250038,0.45763487184704665,0.6730612383208868,0.019293266125840702,0.9744939294810722,0.1846503360558483,0.16415537594283974,2.4768365823197342,0.5208731456465198,0.5208731456465198,0.0,0.27213206118821465,0.0,0.20699479316526542,0.0,0.3,0.3,0.3,1.0,1.032668728701174,,,0.31989570700826886
B001110,3919.4622160649124,4.297655938667667,7.7434866314256094,3.0114692483090417,0.0,0.40320004774440255,1.4657671453527286,32.615258344595176,1.826603259411631,0.5493919262603851,0.06332345239594507,0.4649100029782613,0.4243091402281976,0.9691181573932471,2.924084260013341,0.5284796228443536,0.19373643027672482,0.33474319256762874,0.01473441645856281,0.0,0.4567859606970837,0.0,0.0,0.0,0.0,1.0,,,,0.18835914010109434
B001111,2923.5486845707246,0.8150400570311471,3.6602467197838155,2.7856151366198265,0.06462154193767819,0.32232476903149293,0.6137373007964062,22.15741141602458,0.3364507391870027,0.0,0.09613269263121449,0.0,0.18792993941459982,0.1945266857983301,2.5352109614540925,0.5871972962745499,0.5871972962745499,0.0,0.0,0.0,0.4128027037254503,0.0,0.0,0.0,0.0,1.0,,,,0.18837769891077183
B001112,6947.313022617401,14.718883522494494,36.77159604640915,8.7655539348615,0.0,0.32027162699995826,0.057328766021213735,3.8180958170128347,11.465753204242747,0.8869174053400651,0.04456392542964521,1.6793889628089296,0.0,0.6422600246731102,3.2648239643334733,0.2210174646249543,0.15773268291266268,0.06328478171229164,0.0,0.0,0.7789825353750459,0.0,0.0,0.0,0.0,1.0,,,,0.18835914010109434
B001113,11012.536128319169,6.228810027329846,21.221169935331833,11.463170881619417,0.0,0.228053826618351,0.0055582695060107995,0.015043917739578357,0.3102411948839853,2.0113567115554827,0.8534610315784401,1.4096772692782344,1.2747332889265939,0.36934053110711057,1.5501886116959842,0.9970457794598624,0.8600274681237082,0.13701831133615422,0.0,0.0,0.0029542205401376074,0.0,0.0,0.0,0.0,1.0,1.0776866516194121,,,0.1914861261152433
B001114,9770.52115035179,4.315601214819695,12.251196778789863,5.778542854899735,0.0,0.09642236129017571,1.7928116753223142,64.60930335770222,1.3318239700034855,0.8716229233270261,0.0,1.527309243469962,0.1935214935467335,0.3913235844724886,1.6925717809322989,0.6460958352163749,0.6460958352163749,0.0,0.3539041647836251,0.0,0.0,0.0,0.0,0.0,0.0,1.0,1.1586761435294517,0.349850636901822,0.6063893393056243,0.18835914010109434
B001115,4886.81560193009,2.7845103144900802,12.337265920106084,4.1125832312153845,0.0,0.3701766005398292,0.4066978985568891,9.16989968366889,1.088372474690053,0.49779717720554056,0.11254057282898813,0.8013848604341153,0.0,0.2844152293313841,2.5127163692220122,0.5672736320914691,0.5672736320914691,0.0,0.0,0.0,0.43272636790853125,0.0,0.0,0.0,0.0,0.6,,0.39248006084125864,0.6252271174130467,0.18837769891077183
B001116,13878.193057381284,6.583583044298522,11.715389370196156,8.341433781686916,0.0,0.14537549427197705,1.245595885413866,58.44704400057184,1.7423161154072644,0.5003971500059512,2.7568804784614183,0.5064765945698639,0.4291398038990123,0.6483729019550127,2.468079570931547,0.49251693523311424,0.07376616382013462,0.41875077141297956,0.21812036679911498,0.0,0.28936269796777103,0.0,0.0,0.19999999999999998,0.0,0.98,0.5213894263596209,0.34900175480671874,,0.19030060538549587
B001117,700.7600884752813,1.7740761733551427,8.514198851585169,4.995576455861924,0.0,0.47429546909578574,0.573373289036898,20.756113063135707,0.3153553089702939,0.0,0.05683740975210334,1.0207349580229916,0.10218423412918413,0.2789642624805693,2.0141814221264585,0.7646439598420255,0.7646439598420255,0.0,0.05759856068408424,0.0,0.1777574794738899,0.0,0.0,0.0,1.0,1.0,,,,0.18837769891077183
B001118,1976.5717533649597,4.325102304956149,7.801962223325085,0.5850708280387285,0.0,0.2977975716614596,0.011735828483700476,0.30843162916813577,2.9859969187959603,0.0,0.14283740321916552,0.0,0.21105999235629724,0.9852079905847251,2.310738973018594,0.7401554742747325,0.7401554742747325,0.0,0.0,0.0,0.25984452572526745,0.0,0.0,0.0,0.0,0.5,0.3026301377261587,,,0.18835914010109434
B001119,1470.577305864906,4.668499383698115,13.201045605064731,5.972112104015566,0.0,0.3284141169612363,0.007127169292790594,0.15893587522923025,2.080020239076344,0.24740911080019912,0.0,1.691818776239205,0.28992497704652753,0.35932628053583915,2.197706266008146,0.6446060822911157,0.5473322573104379,0.09727382498067784,0.0,0.0,0.3553939177088844,0.0,0.0,0.0,0.0,0.5,,,,0.18835914010109434
B001120,6869.700112830645,11.044533943457628,17.44620743308766,13.588973446936148,0.0,0.25626644339108734,0.015469625438940945,0.23524071070444613,5.6895888587000645,0.0,0.0,2.219715316727217,2.2984209247772647,0.8368088432530773,2.8476391552727067,0.2633377617082836,0.2633377617082836,0.0,0.20097863142899694,0.0,0.5356836068627189,0.0,0.0,0.0,0.0,1.0,,0.24765419034954794,,0.188624025984382
B001121,943527.2862507289,660.7333937330034,1689.7653120961966,1558.8170475783736,0.36977990319538195,0.23977797838999748,0.012737145852948455,0.2042544962046354,2.364793448756439,653.6968744247914,0.9647639144350841,1.473787470981544,1.8220975694305444,0.4110769046084047,2.335384332280371,0.996160237584104,0.0025919661218985293,0.9935682714622055,0.0,0.0,0.0038397624158960004,0.0,0.0,0.0,0.0,1.0,0.16979847101787734,,,0.1914861261152433
B001122,1391.6871270615156,2.2160623042380823,7.145840399791555,2.927219034356851,0.0,0.39872689135563844,0.00941136801031888,0.209873506630111,0.37645472041275524,0.7789933100427596,0.6910819884213733,0.0,0.0,0.36953228536119376,2.006585087531321,0.8254944713739005,0.5136431361927004,0.3118513351812003,0.0,0.0,0.17450552862609917,0.0,0.0,0.0,0.0,1.0,0.8898805563084143,,,0.1914861261152433
B001123,10860.924726761867,4.894513171140995,13.538508415661868,9.37901664524543,0.0,0.23146021242648124,0.01862300647161969,0.43841268861760196,0.41463962600074533,0.0,0.5829890693982881,1.0277271441092073,2.1834854458297697,0.6856718858029844,2.1393916986382284,0.9152848073950355,0.9152848073950355,0.0,0.0,0.0,0.08471519260496457,0.0,0.0,0.0,0.0,1.0,,,,0.1914861261152433
B001124,5167.798217790405,8.416609475228674,22.246962816702073,15.770406782229257,0.27699521536974075,0.34714513614535414,0.013825340536373298,0.39106215606942807,2.3224554177428733,0.6741053300690641,0.33306521136868983,3.3356899535079463,1.4612479380385415,0.2900456245015567,2.5643163781431095,0.32465219060746814,0.32465219060746814,0.0,0.3963222914554103,0.0,0.27902551793712144,0.0,0.0,0.0,0.0,1.0,0.13674685891582564,0.3119131873099847,,0.1914861261152433
B001125,2210.006369731292,4.51021708108427,8.35369223052954,5.348301700990186,0.0,0.27772774705918046,0.8365487570063729,18.648497669725625,1.214613111858406,1.3310262612666661,0.0,0.9191617862189314,0.43938739375373725,0.6060285279865281,2.0757279063207883,0.7605076480397523,0.36797362513307874,0.3925340229066736,0.20379546476241053,0.0,0.03569688719783683,0.0,0.19999999999999998,0.19999999999999998,0.19999999999999998,0.98,0.24100004859122645,,,0.2785184786737387
B001126,15093.611334650734,3.279793858029277,5.52800425879122,3.3048803224133434,0.0,0.3962555052491393,1.6473729137586297,59.596420887735405,1.0004719780601603,0.7401867090120996,0.0,0.4235135751305793,0.0,1.1156215958264377,2.581668935560174,0.6949588841960598,0.6949588841960598,0.0,0.0,0.0,0.3050411158039401,0.0,0.0,0.0,0.98,0.98,0.22216897057997176,,,0.19030060538549587
B001127,4610.589270448275,4.333260592526574,6.6503370440874265,5.121309322492222,0.0,0.21940283426055507,1.8090714343791623,65.46219775725447,1.148995421095189,0.5880468465845047,0.0,0.6759438919357128,0.9875420935906084,0.9327323393205588,2.5009569908478744,0.6349652611152655,0.6349652611152655,0.0,0.13570539643950535,0.0,0.22932934244522907,0.0,0.0,0.0,0.0,0.98,0.20822314012194837,0.28168386443961424,,0.19030060538549587
B001128,5636.8215320488525,6.6004935972469,11.486208829244203,6.376271670846927,0.0,0.27527550893328423,3.196037462889763,150.21552531960853,2.327972852945657,0.0,1.5414937480458952,1.210649589027623,0.6567660738852793,0.863611333342444,1.9151368521248775,0.9570784172898078,0.6240336548726332,0.3330447624171744,0.0,0.0,0.04292158271019215,0.0,0.0,0.0,0.0,0.98,,0.37114226781793164,0.49104979244461566,0.19030060538549587
B001129,16378.406950133203,5.369969491846952,10.90304708205578,6.444702792081018,0.15187934763752656,0.3731022549827679,0.9804770017636629,46.05646345806254,1.70076867782877,0.0,0.5540550641451885,0.7461450318858777,1.6683805939705085,0.7006201240166068,2.8039794861803973,0.3618259640455047,0.25864938827791567,0.103176575767589,0.3106871643318563,0.0,0.327486871622639,0.0,,0.28571428571428575,,0.7,0.19403709405308675,,,0.19030060538549587
B001130,834.3473111072877,2.3048268262632257,10.718085251620282,5.4112399878249615,0.043981525825590444,0.17044993673252903,0.2984353349969368,10.827817739504376,0.45885801928901104,0.0,0.09139181209490271,0.9886498423243663,0.5085971441183545,0.25733000843659176,2.3037523844702346,0.800914318568155,0.5405958645409566,0.26031845402719844,0.0,0.0,0.19908568143184505,0.0,0.5,0.5,1.0,0.5,0.9133629284157496,0.3802015135746546,0.43774531972424624,0.4049048318617571
B001131,2558.685040791062,1.44640194504865,8.10024393777664,1.4461006722777032,0.0,0.4187912908914199,0.47439190357754646,22.262276137170165,0.49530836332553907,0.3716378498422153,0.0,0.15954314946019396,0.1728755036031601,0.2470370788175416,2.283009073349402,0.5767508241805239,0.5767508241805239,0.0,0.3672430067732956,0.0,0.05600616904618043,0.0,0.0,0.3,0.0,1.0,0.7932533049470802,,,0.18837769891077183
B001132,29545.652989482493,7.961641872671111,19.240669471559677,13.341340331770066,0.1370412760768989,0.36111276395786,0.04082535499358642,0.9104054163569771,2.479725208854275,0.0,1.636171779724724,1.37483185403229,1.5399323773560438,0.9309806527037795,1.8103163711275116,1.0,0.7944931703922783,0.20550682960772165,0.0,0.0,0.0,0.0,0.0,0.0,0.0,0.95,0.4206278353837964,,,0.1914861261152433
B001133,3913.0010335280867,11.441523489848207,19.606563598883117,17.496509684082724,0.1938718995096827,0.18514679100839068,0.04640512672679798,2.486067596802251,9.551038718447927,0.8305828067982521,0.2363220690225403,0.0876847284456192,0.13731629794928304,0.5985788691845885,3.380313691258666,0.141243861614349,0.12058908873972057,0.02065477287462839,0.0,0.0,0.8587561383856512,0.0,0.0,0.0,0.0,0.5,0.12677963765296557,0.15979042878887764,,0.18835914010109434
B001134,735.6812172871264,1.0133350100373641,7.192903216393808,1.0552617251398282,0.1548736365448148,0.3340604881746432,0.2722039245857416,9.813800407113668,0.3730838043595449,0.1859656371472202,0.0,0.11823099643474072,0.19001364205298124,0.14604093004287702,2.6387130131000442,0.6303303759611255,0.3301368263760338,0.30019354958509176,0.0,0.0,0.3696696240388744,0.0,0.0,0.3,0.0,1.0,0.9996377936669344,,,0.18837769891077183
B001135,846.496508972287,2.0849667708677018,9.16573269593994,3.7738303314101516,0.02184271534273107,0.38038667824678246,0.6388195817420651,23.04709633832328,0.3499132946519936,0.5505113577470186,0.0,0.87078708852243,0.10156821904127007,0.2121868109049897,2.644960633833228,0.14714987505339408,0.14714987505339408,0.0,0.6816887761131781,0.0,0.17116134883342793,0.0,0.0,0.0,1.0,1.0,0.534267276615009,,,0.18837769891077183
B001136,23657.036808905883,14.612128973999928,18.68426609238893,16.21467527421882,0.0,0.15359383360957068,0.02509541647665551,0.41143222226293796,6.507999494614035,1.724668984481275,1.2295015404089549,4.205088112611259,0.0,0.944870841884404,1.6303922856734177,0.9261128583142152,0.8080828992610162,0.11802995905319906,0.0,0.0,0.07388714168578489,0.0,0.5,0.5,0.5,0.5,0.268863266745609,,,0.40513160691334116
B001137,4882.738625374486,2.0610969292420793,6.251295155438759,1.7168081450159214,0.0,0.3417744406984381,0.5063362157805206,23.797802141684468,0.7763868351505887,0.7380476452610696,0.0,0.21404271611974068,0.0,0.3326197327106806,2.0822091789617785,1.0,0.538066188022065,0.46193381197793515,0.0,0.0,0.0,0.0,0.0,0.0,0.0,1.0,0.5096458692655982,0.2696996905031414,0.6478581981926762,0.18835914010109434
B001138,11677.781371796282,5.1924328020437,8.61689833092195,9.435588264968478,0.0,0.4028537266039333,1.668963900141515,60.38312630936751,1.0139038733093846,1.123720848421099,1.0280540940791931,0.622104673927642,0.8053123791588905,0.5993369331474889,2.3237640121672456,0.5696452227611235,0.37165439008736045,0.19799083267376308,0.21641509698090103,0.0,0.21393968025797502,0.0,0.0,0.0,0.98,0.98,,,,0.19030060538549587
B001139,8407.218056232086,8.831111403605133,21.471468040641557,6.936894069709721,0.0,0.6798474011774212,0.027139442867515896,1.1892738902914306,6.5536597775943495,0.060921672066615494,0.14504323478341372,1.0966191506200307,0.19192381099875996,0.7829437575419648,3.2195963573841984,0.2578895817213967,0.24146546156770884,0.016424120153687858,0.0,0.0,0.7421104182786034,0.0,0.0,0.0,0.0,0.5,0.14993823266561984,,,0.18835914010109434
B001140,1431.0314204736728,3.6599269065822835,7.248173117110453,4.83246678751273,0.0,0.809,1.4132478383023606,51.13939302389647,1.8494448459723702,0.1688190412405037,0.0,0.7096001988987884,0.0,0.9320628204706214,2.742239344955983,0.5133790099369415,0.2733689598565757,0.2400100500803658,0.0,0.0,0.4866209900630586,0.0,0.0,0.0,0.0,0.98,0.3773907802870229,,,0.19030060538549587
B001141,1141.0393161617912,3.5108902035747422,5.750761298929211,3.061943709182614,0.0,0.809,1.1884757118722824,43.03462073573838,2.0533192341361866,0.20564245846829496,0.0,0.0,0.18628633630707964,1.0656421746631812,2.8257917448641807,0.4803307565909132,0.4217580167601681,0.05857273983074506,0.0,0.0,0.5196692434090868,0.0,0.28,0.28,0.28,0.62,0.26264305559910683,0.3006282852009449,,0.3131956702029707
B001142,8663.239377304159,8.637327395118803,20.96165781264592,10.725356544058794,0.0,0.2995257739127244,0.03577938669183194,0.6226838903537913,1.6192574490619158,1.2827848994639626,2.211176658829575,0.20938591440293694,2.864381199188077,0.4503412741723373,1.744870833038949,0.9820416701278725,0.5775228417379621,0.4045188283899107,0.0,0.0,0.01795832987212756,0.0,0.0,0.0,0.0,0.95,,0.5329388436860144,,0.1914861261152433
B001143,74372.84921187515,19.690984699993418,35.09137818697475,9.743016165976757,0.0,0.3583458810799367,0.07310035931099904,3.391856672030355,16.31829450905893,0.43218150346195816,0.08149017488145097,1.900555960804601,0.17414231583711473,0.7843202359493653,1.7950648133483038,0.8608690810495521,0.7643499892031582,0.09651909184639386,0.004138450977592715,0.0,0.13499246797285516,0.0,0.0,0.0,0.0,0.5,0.11519049596288798,,,0.18835914010109434
B001144,2811.63095749137,7.599002587814513,17.650886441022855,10.702330510388206,0.0,0.2593417534674437,0.011582428061712058,0.2965354919072672,2.456580419227475,0.9041011717056309,0.0,2.275025228340898,1.4025719826411052,0.5607237858994043,2.3912376686043078,0.6725450644962211,0.36899560156464717,0.303549462931574,0.0,0.0,0.32745493550377897,0.0,0.5,0.5,0.5,0.5,,,,0.40513160691334116
B001145,1720.5324985575746,2.815928802876554,8.242223727554457,0.7204298285680446,0.0,0.2582054323162395,0.01193808287889217,0.2973105437062492,2.079373685117854,0.15780504520990263,0.04669903614199863,0.0,0.18787572720916582,0.34417530919763323,3.3200063236377124,0.20552723916797452,0.20552723916797452,0.0,0.056040140307773455,0.0,0.738432620524252,0.0,0.0,0.0,0.0,0.5,0.6543194568218951,,,0.18835914010109434
B001146,7551.009784785255,3.79257146398054,14.193442004982089,3.6289034686163526,0.0,0.27737366561034726,0.013109327261754204,0.4745576468755022,1.3109327261754204,0.38432874593331046,1.0007944263846031,0.0,0.6419751392297873,0.45454042625741814,2.801786420930294,0.5490044797682367,0.379732748087802,0.1692717316804347,0.10133724560853324,0.0,0.3496582746232299,0.0,0.0,0.0,0.0,1.0,,,,0.1914861261152433
B001147,2548.115590364578,1.6106925349965728,8.052823849041328,2.4353532223746677,0.0,0.021,0.28250795500552,10.22596900672065,0.6150860224607227,0.0,0.06193008116629297,0.6869899225420069,0.0,0.24668650882755078,1.829769530529615,0.9048222530043158,0.8663729029137819,0.03844935009053404,0.0,0.0,0.09517774699568417,0.0,0.5,0.5,1.0,0.5,0.9310682350121215,0.29665838015568485,,0.4049048318617571
B001148,29970.98312033119,7.960420483487701,21.47251488790463,3.9808529196002898,0.0,0.021000000000000005,0.025325693149424972,1.1166157645568981,6.182583318575715,0.49717196041668577,0.0,0.7699247409480592,0.19551291360935333,0.31522754993788754,3.215835777647311,0.21998853272897761,0.12326942818605628,0.09671910454292132,0.0,0.0,0.7800114672710226,0.0,0.0,0.0,0.0,0.5,,,,0.18835914010109434
B001149,5980.5912967250815,13.654318029052698,17.70039162996728,24.330216524633624,0.06942263387764137,0.3923139230982603,0.018807729615984984,0.6098244619137337,5.221616491676027,0.0,2.2520360066948273,3.6342003232741367,1.536594314670239,1.0098708927374702,2.080736723320108,0.6554949927695473,0.4905628444262097,0.1649321483433375,0.2661575858670891,0.0,0.07834742136336383,0.0,0.5,0.5,0.5,0.5,,,,0.40513160691334116
B001150,4958.861468058242,13.153478695114702,19.925037179058975,15.398719612495546,0.0,0.18809187954455506,0.013001244098010572,0.349028264911134,6.0838909338671225,0.642447725070201,0.8757457987036531,2.577684059156071,2.3767179854238263,0.5969921928938257,2.6208947509404275,0.537469054773569,0.4708900288745943,0.06657902589897466,0.0,0.0,0.4625309452264308,0.0,0.0,0.0,0.0,1.0,,0.3192395210926447,0.2721580750373339,0.188624025984382
B001151,20136.08374357156,6.478791423285572,15.302159311682956,7.322532771805796,0.0,0.3621636418079462,0.017996794950394978,0.6430041314480105,1.9125407515080768,1.0616600698797238,1.4874937204373553,0.31586764191019795,1.1445808670893503,0.5566483724608676,2.2274237831852353,0.7036041521288364,0.7036041521288364,0.0,0.0,0.0,0.2963958478711636,0.0,0.0,0.0,0.0,0.95,,0.4045752249564514,,0.1914861261152433
B001152,3060.0408447569666,1.0223992130828488,6.260736809828191,0.25535086574386956,0.0,0.365,0.2701535973309387,12.585321618221927,0.7383251747051763,0.0,0.0,0.13482525711276314,0.0,0.14924878126490937,3.296199456151637,0.2778504078862714,0.14597896727138343,0.131871440614888,0.0,0.0,0.7221495921137285,0.0,,0.0,,0.6,1.1355250151201768,0.37246776307782803,0.36949830912314646,0.18837769891077183
B001153,1296.1747832719907,1.6324619436674945,9.814528148819422,2.962734296316392,0.0,0.47,0.2911154087925325,10.54216838157909,0.7282984673991179,0.0,0.02768143133935125,0.6450488935741251,0.0,0.2314331513549002,2.0162002404121204,0.719525938564605,0.7025690769074432,0.016956861657161853,0.0,0.0,0.28047406143539494,0.0,0.0,0.0,0.0,0.6,,,,0.18837769891077183
B001154,2168.6047960605333,2.492649190874176,12.74910030969039,3.721430286179452,0.0,0.17252709422116003,0.40087529090889473,18.642939894290187,0.5455799956088527,0.5946061101412299,0.0,0.7860317569195961,0.37841616923228677,0.18801515897221072,2.449535672198362,0.38357580268117397,0.38357580268117397,0.0,0.3903566867475146,0.0,0.22606751057131144,0.0,0.3,0.3,0.3,1.0,0.6092641436109467,,,0.31989570700826886
B001155,1851.2043043148462,1.6367854149556553,7.463559585964923,1.5301545741176004,0.3057119010647818,0.5989430544682183,0.3716709453117759,16.76825019463935,0.9721726658799337,0.08029318916143399,0.0,0.0755127645242886,0.1263632279638009,0.3824435674261981,2.96922941745079,0.4060475753284542,0.35699215949460195,0.049055415833852194,0.0,0.0,0.5939524246715457,0.0,0.0,0.0,0.0,0.6,1.0863231755936287,,,0.18837769891077183
B001156,10341.87495169396,6.38387342697158,9.436424394673207,7.960123867344216,0.0,0.40542859659048325,1.7426675870893293,81.77463381143833,2.2807500108400376,1.1327235470646873,0.7691165573952689,1.0172899116791156,0.5539671891402301,0.6300262108522409,2.7194215047987473,0.43547850711615,0.2580433558678527,0.17743515124829712,0.20725406944090233,0.0,0.35726742344294776,0.0,,0.0,,0.98,0.4531167864757778,,,0.19030060538549587
B001157,838.3608190865234,2.661462917734995,8.176083198678382,5.5067069288689385,0.0,0.433,0.012028990389673573,0.2364694658152994,0.4012676737279328,0.0,1.0703513427923979,0.7363498063827012,0.0,0.4534940948319622,2.312954164031513,0.5061561629960234,0.5061561629960234,0.0,0.2766710749475189,0.0,0.21717276205645722,0.0,0.0,0.0,0.0,1.0,0.522712537853261,0.3495454073502777,0.6411703095505099,0.1914861261152433
B001158,51328.811642724184,14.454748420930494,26.269090220865525,7.789230590530797,0.0,0.42034435701480494,0.025232275202777942,0.9276290251475797,11.736155103250704,0.41868992428527524,0.13561190172507062,1.401078463752846,0.20255750748271,0.5606555204338874,1.8669032484372625,0.7988840931628465,0.7988840931628465,0.0,0.028965562878909168,0.0,0.1721503439582444,0.0,0.0,0.0,0.0,,0.14151247380365903,,,0.18835914010109434
B001159,3167.2011094619443,7.43474438840832,13.346020456066263,6.455059290821067,0.0,0.36308090328453657,0.014092304821025638,0.31425839750887175,3.2190544007418973,0.5176124351658995,2.469444423660004,0.4634329495289274,0.0,0.7652001793115907,2.7531835316159383,0.42007213639869656,0.08792293332586845,0.33214920307282814,0.1319541511372465,0.0,0.44797371246405676,0.0,0.0,0.0,0.0,1.0,,,,0.188624025984382
B001160,1605.3498441285396,4.985558522138322,11.467225271391753,8.502544658838596,0.0,0.16794620712604677,1.1922872591152105,26.523282652682024,1.4851123792128222,0.4774604227629183,0.0,2.4228497630434482,0.20043547464598682,0.39970048247314494,2.7473885098134425,0.6877367518581391,0.20176316388704033,0.4859735879710987,0.0,0.0,0.31226324814186074,0.0,0.0,0.0,0.0,1.0,0.7945839011330736,,,0.18835914010109434
B001161,1234.064471260754,2.0066088963589497,13.5278607026241,1.1137133371219647,0.0,0.32297037939103634,0.4502758136691341,16.26289863527493,0.39164374844854305,0.33749849704159846,0.0,0.05282114427137385,0.2512704383736028,0.973375068223832,2.0680470405052223,0.8135479164459494,0.6883264849903526,0.12522143145559672,0.16819346194168644,0.0,0.018258621612364332,0.0,0.3,0.3,0.3,1.0,,0.3520332923064878,,0.31989570700826886
B001162,2146.0311059845308,7.129671448453591,23.665259427034155,7.917320982745977,0.07220502268202161,0.22229755326258677,0.028235797009449275,0.9735442852344242,5.135205365445192,1.2559970521433583,0.10556592720255573,0.03399365318811021,0.21695707942656614,0.3819523710478089,3.1514522602531008,0.27974165393567946,0.08877030424729607,0.19097134968838345,0.0,0.0,0.7202583460643207,0.0,,0.0,,0.5,0.23925231208552847,,,0.18835914010109434
B001163,9648.933092971614,3.133787948350638,7.8659491135983854,11.637400456851307,0.17522658619997458,0.7222372784959123,0.025829698012894205,0.4837791113694147,1.9453323097569528,0.33442078161115474,0.0,0.10978333394377163,0.0,0.7442515230387582,3.019267523164428,0.37923932894667867,0.37923932894667867,0.0,0.0,0.0,0.6207606710533212,0.0,0.0,0.0,0.0,0.95,,,,0.1914861261152433
B001164,9652.307537671324,8.839109466731982,16.94559804780291,5.23209624597923,0.0,0.3638276288339927,1.0541119014401144,38.20875072893267,1.8080741187429912,0.6597468155604116,0.8509305470757685,0.3880203136556075,0.9691167031782434,4.163220968518963,2.570334711310386,0.648044358169233,0.5734048463447081,0.07463951182452488,0.15353775422080107,0.0,0.1984178876099662,0.0,,0.9333333333333333,,0.7,0.47207891980391115,0.3153840649679034,0.8501338608706585,0.19030060538549587
B001165,1026.142952253199,2.9234841944535583,6.292349167562939,4.906046968588728,0.3552212454486186,0.07685800916333592,1.307748375053229,47.29391365478562,0.7928133776702924,0.0,0.7598099428711823,0.6961984545169231,0.0,0.6746624193951599,2.322651947193557,0.7058485044072997,0.4677085288816059,0.23813997552569383,0.0,0.0,0.2941514955927002,0.0,0.0,0.0,0.98,0.98,0.37652532365722097,,,0.19030060538549587
B001166,573.3201802585842,1.5579352724418047,7.006432776902565,1.6494715618797247,0.0,0.15496750743574647,1.2284912587403507,44.471383566400704,0.22349404249285273,0.7206201413222463,0.0680816642842131,0.0,0.2487244790620604,0.29701494528043254,2.3861733323750496,0.8047686261251393,0.34222043553645465,0.4625481905886847,0.1596500724142577,0.0,0.035581301460603246,0.0,0.0,0.0,0.0,1.0,0.7548046637931753,,,0.18837769891077183
B001167,8821.414552322596,3.237216349476182,6.3764666992931485,1.8524700744895064,0.2528015956561086,0.1672666592063331,1.3616419288250112,63.93027228885513,1.7785625329037102,0.0,0.0,0.4158838185806733,0.41516673976327545,0.6276032582285224,2.809163795651237,0.4505889193375961,0.4505889193375961,0.0,0.0,0.0,0.5494110806624035,0.0,0.0,0.0,0.0,0.98,0.20011116104787216,,,0.19030060538549587
B001168,1770.8496983746443,3.438543103640086,5.226262755938169,2.5899475833984895,0.0,0.168536486100983,3.74669619127553,135.4806259760513,0.9548442785218739,0.0,1.1707625330806943,0.5882209203938388,0.0,0.7247153716436786,1.5868337089018663,0.929165987316983,0.929165987316983,0.0,0.0,0.0,0.070834012683017,0.0,0.0,0.0,0.98,0.98,0.311463786722082,,,0.19030060538549587
B001169,23538.345513511314,6.828646798233628,19.121725455706606,2.3789776713273434,0.0,0.4116878868831291,0.025764203103773118,1.5283803062759589,5.793750998210227,0.0,0.09840568881231114,0.36036080887249966,0.19434391232539774,0.3817853900131929,3.001474132069311,0.3519241033791134,0.28474146657858646,0.06718263680052691,0.0,0.0,0.6480758966208867,0.0,0.0,0.0,0.0,0.5,0.08043293534359534,,,0.18835914010109434
B001170,4395.3626406180265,7.933867582343008,11.787425102772128,9.98004566247199,0.0,0.41717010296798446,0.01515189008447319,0.7030476999195561,1.8706037141324927,0.8436134804890472,1.4719614118096513,0.3830787882139177,2.1726586570447974,1.1919515306531014,2.422426671092862,0.6578948203443565,0.6096108296880886,0.048283990656268046,0.10633067312171014,0.0,0.23577450653393325,0.0,,,,1.0,0.19071968364684386,,,0.188624025984382
B001171,7693.16741719113,6.5141129696791955,11.641227457159005,10.350099476415107,0.0,0.0,0.017634431797036842,0.275389257322318,3.112556138450891,0.0,0.0,3.0303849255006265,0.0,0.37117190572767805,1.7699608954747137,0.8898122696365649,0.8898122696365649,0.0,0.0,0.0,0.11018773036343506,0.0,0.5,0.5,0.5,1.0,0.24036475880328104,0.2048489030300336,0.8340081103708624,0.40513160691334116
B001172,11118.794628176072,5.607057301147792,8.480828758178893,5.888450506961088,0.15204822092420153,0.4152008861061845,1.3678987620964131,30.28298102094872,2.19407347407786,0.9092568560020013,0.9988054399147741,0.5527361185685827,0.0,0.9521854125845736,2.706124379720667,0.6315129206400515,0.19263771706729327,0.4388752035727583,0.0,0.0,0.36848707935994823,0.0,0.28,0.28,0.28,0.7,,0.349286289836594,0.1993228214572306,0.3131956702029707
B001173,15877.436918100191,6.233779708716212,11.063220043560422,6.562955501706892,0.14352179388325081,0.4440303278919674,0.01393116308750706,0.31066493685140745,3.6507216144777477,0.572471094895255,0.0,0.9756598457709341,0.18469851327898162,0.8502286402932935,2.0447562205779626,0.8205556057078869,0.6640438437656507,0.15651176194223618,0.0,0.0,0.17944439429211317,0.0,,0.0,,0.5,0.3198243583832238,,,0.18835914010109434
B001174,15374.924256344195,4.206545624170778,7.670706108801915,3.2114082245147855,0.0,0.433,1.61245819548416,35.95781775929676,2.1089281846671017,0.0,0.0,0.5350547603092816,0.7807853950099292,0.781777284184467,2.8642533193446775,0.4600101889093776,0.4600101889093776,0.0,0.0,0.0,0.5399898110906227,0.0,0.0,0.0,0.0,0.98,0.4137112122460419,0.49497844516566103,0.3637449145330328,0.19030060538549587
B001175,3717.8937952842252,7.391438956827486,16.758395916698213,8.16465929090784,0.1720268983435469,0.42185331325770314,0.008280434962166083,0.14102111354272798,3.678277382992597,0.0,0.3332594023126504,1.0892458141649932,1.6649854581432155,0.6256708992140295,2.0331370574073495,0.8244613901892571,0.5992027541011833,0.22525863608807395,0.14736586752960393,0.0,0.028172742281138835,0.0,0.0,0.0,0.0,1.0,0.1457070565141542,0.2961940580440406,0.6594161256732743,0.188624025984382
B001176,15099.871157101625,9.538768892673168,22.773996458133833,5.995238149869801,0.02038770664746904,0.4006045248570783,0.035043844696368204,1.4513917669213685,7.35048190568495,0.36771892012014135,0.0,1.1400656134377252,0.08800423733356155,0.5924982160967897,3.246383251211082,0.22940979193542102,0.22940979193542102,0.0,0.0,0.0,0.770590208064579,0.0,0.0,0.0,0.0,0.5,0.11078272910500372,,,0.18835914010109434
B001177,12060.023395071512,5.897321953580201,8.547196544275982,7.848630934026663,0.22230182489861328,0.4428698700674208,1.5271769219964317,71.62217319118707,2.106450438828092,0.7380618340779983,0.7541660337910527,0.63182042852917,0.7069273686552062,0.9598958496986841,2.604768124741813,0.5885594919327034,0.4606766936511535,0.12788279828154991,0.0,0.0,0.41144050806729693,0.0,0.19999999999999998,0.19999999999999998,0.19999999999999998,0.98,0.2557350405203742,,,0.2785184786737387
B001178,1329.9606993057612,1.5985104558963477,6.285012624633027,2.589524733565194,0.0,0.47018810556599683,0.006481602749861307,0.14453974132190717,0.3745942636344136,0.0,0.0,0.19799717193113642,0.6289265454907673,0.39699247484003036,2.1843918620327996,0.6065546251694028,0.6065546251694028,0.0,0.39344537483059727,0.0,0.0,0.0,0.0,0.0,0.0,1.0,0.6619335272912102,0.33151403155208153,,0.1914861261152433
B001179,12139.492354371823,6.812285271813593,18.85377853009672,4.716418791793786,0.12774657290521746,0.24,0.017707540759251687,0.43258526120594776,1.8417435476081787,0.6855776312027501,1.816173781408695,0.25868384453007476,0.0,2.2101064670638926,2.4317356000350565,0.7648484577098016,0.3976073172128448,0.3672411404969568,0.0,0.0,0.2351515422901983,0.0,0.0,0.0,0.0,0.95,,,,0.1914861261152433
B001180,12582.246860500149,6.128712547735094,12.774585225386632,10.646287482033719,0.3709485446715427,0.24,0.9883343367771723,22.266546772008414,1.7424197067948186,0.7608385786945844,0.0,3.011828164663931,0.0,0.6136260975817597,2.4234116579862093,0.7735953254728147,0.6494520290188541,0.12414329645396034,0.0,0.0,0.2264046745271853,0.0,0.28,0.28,0.28,0.7,0.24276111964439803,,,0.3131956702029707
B001181,11116.745399071526,2.359241383504144,8.706909467592391,3.4512520689659065,0.0,0.453,0.009914170448241603,0.2147859670406098,0.32020276998811315,0.0,0.0,0.0,1.6013809600001807,0.43765765351585006,1.9028289866016228,0.8138011777299503,0.8138011777299503,0.0,0.0,0.0,0.18619882227004966,0.0,0.0,0.0,0.0,1.0,0.8000195720917239,,,0.1914861261152433
B001182,3898.3979921574746,3.7092273950118693,9.791711206425965,2.262027235176993,0.0,0.05344501166220928,0.01883798442022486,0.6856304497662987,1.785271252444716,0.0,0.0,0.2248661941422181,1.3411267364238966,0.3579632120010386,2.1746756580955364,0.9683551718143681,0.9683551718143681,0.0,0.0,0.0,0.031644828185631864,0.0,0.0,0.0,0.0,1.0,,,,0.1914861261152433
B001183,1895.5706405908932,1.6270992623097795,12.12500067634818,3.2205294801000717,0.0,0.45904882024562466,0.38586226723448436,13.968214073888335,0.4823278340431055,0.4855550296621287,0.04575006069943897,0.442264301189682,0.040904441471847595,0.13029759524357656,2.816339106879066,0.12403984372623703,0.09592228399328404,0.028117559732952987,0.5702290894869605,0.0,0.30573106678680234,0.0,0.0,0.0,0.0,1.0,1.1916726225882817,,,0.18837769891077183
B001184,1337.5707350814903,2.7578778042917325,8.313337274401654,3.281903935571557,0.0,0.31858072763255296,0.8902339842888329,32.22647023125576,1.1127924803610412,0.0,0.12252277015991782,1.0497209434816794,0.130208777137071,0.34263283315202314,2.6294199535393767,0.5642409511948414,0.5642409511948414,0.0,0.0,0.0,0.4357590488051585,0.0,0.0,0.0,0.0,1.0,0.5260967567779987,,,0.18835914010109434
B001185,8697.109394780497,3.0219282122239393,13.340528851262802,5.5846904324407625,0.0,0.24,0.3181537717451638,11.543241197051518,0.48917602043944447,0.7094921120226165,0.0,1.1722954472647287,0.3512146607656214,0.29974997173152806,1.926456406080579,0.8381245396695101,0.7219024999317923,0.11622203973771789,0.0,0.0,0.16187546033048988,0.0,0.5,0.5,1.0,0.5,0.5361996458488347,0.3162918441945812,,0.4049048318617571
B001186,3295.4835244264636,10.528701355995091,13.846585281448517,14.527280387444309,0.053081060312649975,0.24443046964816345,0.021667363439892624,0.9581674605808159,1.9894609471152591,0.7480837663699824,1.906404186959131,0.6028473937179231,4.3281296420854405,0.9537754197473561,2.2480950335283056,0.81104403289182,0.7399921774847882,0.07105185540703175,0.0,0.0,0.18895596710818005,0.0,1.0,1.0,1.0,1.0,,,,0.608845443987547
B001187,4041.7211148784686,10.552796644591302,16.379540754545165,6.510774312900778,0.0,0.3509247169529409,0.009411880755851094,0.4367112670714908,6.2153929519771385,0.21892929326343974,1.2283396768503327,0.0,1.7218958610835495,1.1682388614168395,3.036843662268215,0.37469462309632656,0.1907789067500125,0.1839157163463141,0.0,0.0,0.6253053769036733,0.0,0.0,0.0,0.0,1.0,0.25003412219967064,0.24848933382945954,,0.188624025984382
B001188,6166.3414502347605,3.6748161205213115,9.447098625582257,4.142791394498601,0.5064847280214321,0.24214195397973692,0.016125967299544335,0.256857905301887,2.3911405585141243,0.0,0.0,0.7382732389658466,0.18822284268844608,0.35717948035289454,3.124052755369863,0.34931695080979575,0.1632528220589888,0.1860641287508069,0.0,0.0,0.6506830491902044,0.0,0.0,0.0,0.0,0.5,0.5572675235520116,,,0.18835914010109434
B001189,16882.28937119639,6.077138002590494,11.595517033212312,6.1773174279205065,0.0,0.32466940569134667,2.765673368666457,99.95765926265521,3.076230214470174,0.7567163790533983,0.13247747248573322,1.5508425610192844,0.0,0.560871375561904,1.4220437424491212,0.9508348018148934,0.9290354823936029,0.02179931942129045,0.0,0.0,0.04916519818510669,0.0,0.0,0.0,0.0,1.0,0.8482604708220023,,,0.18835914010109434
B001190,2011.8444146054214,1.0747032129302465,8.10880335109741,3.410162861164239,0.009174037165722118,0.20904628691012872,0.2802080944495333,6.25442384771152,0.38595605358806684,0.22451388885569298,0.035295781522656416,0.0,0.2888763204831367,0.14006116848069344,2.6223384761253237,0.4249680133056695,0.4249680133056695,0.0,0.2089078046426805,0.0,0.36612418205164987,0.0,0.3,0.3,0.3,1.0,1.1786339997918585,0.39408267476136827,,0.31989570700826886
B001191,468.81408646930504,0.7018174947145285,4.079956889649694,0.22428604195003518,0.5257874560894004,0.3991467352658995,0.7509811118230281,27.20237019488879,0.3955490596737225,0.0,0.0463614272331633,0.0114779952677446,0.0,0.2484290125398983,2.0079276748959787,0.9663395494982537,0.8839257839017797,0.08241376559647418,0.0,0.0,0.03366045050174631,0.0,0.0,0.0,1.0,1.0,,0.3837026728183753,,0.18837769891077183
B001192,567.8004645206814,1.490289933125148,9.487103260170398,2.3903081796637835,0.0,0.43332237238643945,0.3182946540685457,7.097732598642963,0.43783120424120886,0.0,0.024555740529225527,0.6465237635917223,0.20686763025108537,0.17451159451190634,2.2850777650736798,0.6838495558116867,0.6673723992642142,0.01647715654747259,0.0,0.0,0.31615044418831334,0.0,0.3,0.3,0.3,1.0,0.939546828145222,,,0.31989570700826886
B001193,10289.801074191424,5.869823773069837,14.783929483782662,3.905653110514369,0.0,0.24,0.05622182962340205,1.253746800601866,3.644121592180454,0.0,0.7897285115010145,0.9292896378074061,0.0,0.506684031580962,2.1346771638918196,0.682144772564652,0.5238283266653911,0.15831644589926086,0.0,0.0,0.3178552274353481,0.0,,0.0,,0.92,0.4435218824809765,0.3853501655179106,,0.1914861261152433
B001194,2508.543172343101,1.618414949898775,8.11015676568703,3.25614831198926,0.13553185105466412,0.5145648094867377,0.39139165778337714,8.703768542082885,0.5364320038723496,0.15487880176430074,0.030734027508941737,0.5704443253186467,0.03612924097320858,0.28979655046132824,2.854406457447641,0.2855452343015248,0.1898474024358541,0.09569783186567064,0.3524709935201264,0.0,0.3619837721783493,0.0,0.3,0.3,0.3,1.0,0.29402188955737374,,,0.31989570700826886
B001195,2576.7784633158926,3.6601966808464383,10.927135986460407,6.082445026526796,0.210928268241165,0.34486085180769716,0.030673124173755915,0.7422546893491233,1.3837498609859002,0.5198775831257385,0.0,1.245829808565932,0.0,0.5107394281688686,2.0220613213155683,0.9948430645733033,0.8528076417649548,0.14203542280834872,0.0,0.0,0.005156935426696706,0.0,0.0,0.0,0.0,1.0,0.4875802351878882,,,0.1914861261152433
B001196,8556.702555199348,8.58244990491409,12.344118817933483,10.07009493940306,0.0,0.39873568762213,2.0594268348726157,74.5030611931845,2.690258139575478,0.9990602850511913,2.093871095856959,0.5962889631618218,0.7830053586638209,1.4199660626048205,2.253902293496488,0.6818758655069967,0.6818758655069967,0.0,0.0,0.0,0.31812413449300353,0.0,0.0,0.0,0.0,0.98,0.4016707608363,,,0.19030060538549587
B001197,1993.0555899095782,4.2586657904050815,10.18681636838287,5.9129637726159645,0.0,0.14528195930341248,1.1658562441039424,41.966604699004996,1.447399236191541,0.9643040303816508,0.05662146554134466,1.0282263550180244,0.0,0.762114703272521,2.340249877434682,0.5882246322974936,0.5882246322974936,0.0,0.07190384281023154,0.0,0.33987152489227507,0.0,0.0,0.0,0.0,1.0,0.6655594408669904,,,0.18835914010109434
B001198,2156.5314138706326,1.2783233040134159,9.217504827447119,3.679140366554464,0.04747145410695076,0.4104649320231515,0.2367457719045563,8.507767621838113,0.6192773685887274,0.2886209107431701,0.0,0.11424932946236643,0.13194764859522592,0.12422804662392602,2.197561913206517,0.7232680395584629,0.4974871984856155,0.2257808410728473,0.0,0.0,0.2767319604415372,0.0,0.0,0.0,0.0,0.6,0.9207925041089889,,,0.18837769891077183
B001199,4379.185397670284,11.899960319756207,19.492903301380974,25.576831022108305,0.04450869967193924,0.4337087848484294,0.017229596036717164,0.7623996661762955,1.5889321188774865,4.010479203948217,1.0627050114934353,2.627730802039379,1.7081589468989933,0.9019542364986973,2.3970269487511153,0.828970166048796,0.4026507432000326,0.4263194228487634,0.0,0.0,0.17102983395120408,0.0,1.0,1.0,1.0,1.0,0.19600571663555263,0.261933896226497,0.8485696683238989,0.608845443987547
B001200,6920.443385483659,4.782614640970047,17.40034899249091,7.874247637394293,0.0,0.32975460700233006,0.012527503508669957,0.24110901610199076,0.3532530358980442,1.1713913792549138,0.0,0.8938705222801004,1.9699171189743048,0.39418258456268385,1.5981900213286249,0.9640019111011399,0.7771019433256056,0.1868999677755343,0.0,0.0,0.035998088898860185,0.0,0.0,0.0,0.0,1.0,0.880168162857706,,,0.1914861261152433
B001201,6291.9212188661795,8.642748927013983,20.249588607698072,12.923631516729609,0.0,0.21855848598494296,0.02440855456432586,0.5443107667844667,1.268819716052173,1.7623670123063448,1.5530176200003456,1.433133587315043,2.175386071824455,0.4500249195156195,1.8369979962464138,0.7759945072871229,0.5963042683231983,0.1796902389639246,0.2039127859884774,0.0,0.02009270672439946,0.0,,0.0,,0.95,0.9292285607498839,,,0.1914861261152433
B001202,1265.7756340636024,2.9713043053136206,14.468528283627936,6.276152451559635,0.0,0.2831621901070869,0.2875490872809358,10.440225099066929,0.43510543405869273,0.0,0.05284060784211989,2.2269429466221933,0.0,0.2564153167906157,2.3077623622893264,0.8535641626202379,0.8535641626202379,0.0,0.0,0.0,0.14643583737976223,0.0,0.5,0.5,1.0,0.5,0.47804805090765173,,,0.4049048318617571
B001203,39369.49430048152,10.257815086107744,19.63094149230347,18.579837446390844,0.01501333616477793,0.23355272004294073,0.016721097781673595,0.25999313723135575,3.156803193277224,0.5743515656403588,1.5026876005342444,2.60616695030194,1.6840693116483123,0.7337364647056643,2.3907616368332154,0.6754398473288356,0.3647736006250505,0.3106662467037851,0.0,0.0,0.32456015267116445,0.0,0.5,0.5,0.5,0.5,0.2193232078679202,0.3235168078197811,0.21095945501952423,0.40513160691334116
B001204,28627.895792047333,7.5735174053035275,16.184200651893196,4.848224117202881,0.0,0.31902292114879327,0.010564627516002833,0.17026971142757288,4.2653379932059075,0.8337234953723955,0.0,0.4046234899387125,1.6085003736198609,0.46133205316664916,2.9426649681467274,0.4368088478651927,0.06091384339376984,0.375895004471423,0.0,0.0,0.563191152134807,0.0,0.0,0.0,0.0,1.0,,0.14833194735527339,1.0928165812046287,0.188624025984382
B001205,6811.4328123671685,8.846016639437881,11.449619885903074,15.602749016494489,0.10057299067941694,0.4406898271347163,0.019233986884084002,0.42891790751507325,4.393550303470965,0.6905087511142959,0.0,0.446218952124183,2.5280524807860245,0.7876861519424149,2.7367873437581998,0.47736450151346904,0.39930577980184295,0.07805872171162614,0.0,0.0,0.522635498486531,0.0,0.0,0.0,0.0,1.0,0.22317190283236926,0.26513893769312036,,0.188624025984382
B001206,13425.216795231134,3.5934734462610103,11.160311413040699,3.150139815148214,0.08311450140737368,0.4393877420863795,0.00881337335992279,0.0969471069591507,1.8243026405915586,0.32900563102043545,0.9115904993307616,0.08686312205479918,0.0,0.4417115532634557,1.639941321778535,0.8682775007845909,0.8441050327383389,0.02417246804625196,0.09155643862145803,0.0,0.040166060593951086,0.0,0.0,0.0,0.0,1.0,0.25289409200288454,,,0.1914861261152433
B001207,14466.77299795369,5.000612857916934,9.97243591512903,6.609284698847143,0.0,0.3408767241000488,0.647443848084357,14.422267558204698,1.3219486030614582,0.7069880121521359,1.5558618186807065,0.3618748306057876,0.6876851481878925,0.36625444522895295,2.265585931556459,0.6048252193861982,0.29369099186497,0.3111342275212282,0.35126654289281,0.0,0.04390823772099174,0.0,0.2,0.2,0.2,0.98,0.42852953062527493,,,0.2785184786737387
B001208,23323.53008430894,7.7255813462434375,11.575759815715822,7.392776170602088,0.0,0.32712956369625196,1.9324457675066244,43.11100793788305,2.5274387614196008,1.6440177762697457,1.5886299296908668,0.0,1.077100826593811,0.8883940522694133,2.5440028709169926,0.6346166138685587,0.42898420143355953,0.2056324124349992,0.0,0.0,0.36538338613144133,0.0,0.0,0.0,0.0,0.98,,0.402216330999538,,0.19030060538549587
B001209,450.4379600573306,1.3287255458918308,6.678816443554912,2.0768625987910405,0.0,0.31521823790404796,0.38423198175002393,13.912497851434226,0.5056778695347675,0.0,0.025181124804459255,0.4227738995376191,0.15996724605847973,0.21512540595650526,2.5110679295260785,0.6115104450468388,0.29333044102361794,0.31818000402322094,0.0,0.0,0.38848955495316123,0.0,0.3,0.3,0.3,1.0,,,,0.31989570700826886
B001210,3913.8661987523965,2.0268597611353685,7.482825477220384,0.0,0.0,0.0,0.008231504249884425,0.18356254477242265,1.743623448882943,0.0,0.0,0.0,0.0,0.2832363122524259,1.8908718891431453,0.9017168057460071,0.9017168057460071,0.0,0.0,0.0,0.09828319425399312,0.0,0.0,0.0,0.0,1.0,0.3173409411023644,0.2162275300109287,,0.1914861261152433
B001211,939.4924740832005,1.8640723692126993,12.378470377762262,2.0490758789642354,0.011457042532795215,0.11625463306799179,0.28204393932432176,10.165685291680676,0.3925029234117985,0.88832132154221,0.06014471191439215,0.21127357072617048,0.1762862185293444,0.13554362308878362,2.6219583968911735,0.23468275122373342,0.23468275122373342,0.0,0.571119210635152,0.0,0.19419803814111453,0.0,,1.0,,1.0,0.9740495253233278,,,0.18837769891077183
B001212,1406.877331150851,3.499694853609082,8.618909066155064,9.948575487239266,0.0,0.3195100508461537,0.011969973743714266,0.18510829573108653,0.6487247828357418,1.0174553493845038,0.0,0.0,1.3993725211995691,0.4341422001892681,1.7191511188038766,0.9763208581433451,0.6855939828172731,0.2907268753260721,0.0,0.0,0.023679141856654977,0.0,0.0,0.0,0.0,1.0,0.9578790948432121,,,0.1914861261152433
B001213,40338.306419329696,12.830250133374586,18.14681722333782,13.325411083768675,0.05875840635021859,0.20026176533268952,0.014326455329752666,0.41085326786471177,6.749138710308372,1.1078028456102142,2.476523433347601,1.7753169495851286,0.0,0.7214681945232742,1.4477784171206345,0.9982952765473886,0.9119522330295892,0.08634304351779946,0.0,0.0,0.0017047234526114136,0.0,0.0,0.0,0.0,1.0,0.146422897283811,,,0.188624025984382
B001214,3809.507505260268,6.2246854661115485,15.95535343331759,9.880775587659178,0.18564406809943337,0.365,0.015398075441349822,0.260213783351418,2.3307751808481827,0.1505841015018981,0.8698215052111709,2.605843628747461,0.0,0.26766104980283567,2.2628511763968846,0.6255593646398045,0.4858219417697404,0.139737422870064,0.0,0.0,0.3744406353601954,0.0,0.0,0.0,0.0,1.0,0.21084317840496278,0.2798821217588933,,0.1914861261152433
B001215,10193.075650494788,7.173170760376346,16.18611258421251,19.2328911900864,0.0,0.32752010700253603,0.02519292268485271,0.7327428233866617,2.0621303933774984,0.0,0.998612748137989,3.6806476447597567,0.0,0.4317799741011017,2.511263382963975,0.7075194395262393,0.19440637311338158,0.5131130664128577,0.0,0.0,0.29248056047376075,0.0,0.0,0.0,0.0,0.95,,,,0.1914861261152433
B001216,22621.618793956146,8.987532297956355,22.233598589721012,5.353816623936968,0.31075813978743577,0.36037470505891267,0.030684450077160464,1.810794546082818,7.143006104365316,0.3174844925474044,0.14166539167350814,0.9866210584291795,0.0,0.3987552509409494,2.7145680169333777,0.43939872980866806,0.40407373936389435,0.03532499044477383,0.0,0.0,0.5606012701913321,0.0,0.0,0.0,0.0,0.5,0.14558432675947977,0.17719160142074558,,0.18835914010109434
B001217,5188.417782470079,2.846087648091102,13.394546130805637,4.684438859748547,0.0,0.3216549317231837,0.41982909500955645,15.164695543674853,0.5766068325294273,0.6421392360955056,0.0,0.4846675777005548,0.8698998254120515,0.27277417635356327,2.084486491886904,0.788466825267751,0.48281923707927715,0.30564758818847393,0.0,0.0,0.21153317473224909,0.0,0.3,0.3,0.3,1.0,0.5017982492724168,0.3921499341806534,,0.31989570700826886
B001218,1625.010180947481,1.625010180947481,8.153916694284131,3.4824490157219894,0.0,0.3432098461824824,0.4683075998676273,16.838447994211727,0.4025098179771399,0.0,0.07982411033064299,0.7929370132928596,0.0,0.34973923934683854,2.1814311431413302,0.7808521383134153,0.7808521383134153,0.0,0.0,0.0,0.21914786168658468,0.0,0.5,0.5,1.0,0.5,0.8589263285255542,0.30515211618507054,0.7350676774022904,0.4049048318617571
B001219,3300.513695721858,3.5149240636015526,5.738001899018329,6.183252134923181,0.0,0.409454964711191,2.1934440585792316,79.41262906458068,0.6294033707704716,0.0,0.0,1.856809792789152,0.4911388410748365,0.5375720589670928,2.0705340202784686,0.8282425444731848,0.29997799047693724,0.5282645539962475,0.1397295737227373,0.0,0.03202788180407808,0.0,0.0,0.0,0.98,0.98,,,,0.19030060538549587
B001220,7151.20857283431,5.974276167781379,11.597629385213361,7.7172092422324,0.0,0.18978907215464824,0.0139109007655084,0.5035746077114042,2.570018633648241,0.37058219668087744,1.3902209113688813,1.2584988630857539,0.0,0.38495556299762523,1.5977994012446661,0.9951237614716688,0.9951237614716688,0.0,0.0,0.0,0.004876238528331278,0.0,0.0,0.0,0.0,1.0,0.19414724582943116,,,0.188624025984382
B001221,5456.306599960325,3.1852344424753793,6.118277225363772,2.4116440428874735,0.0,0.6231214195774206,2.0503878502563584,74.07500380968531,1.4115367356423756,0.13941229238865938,0.0,0.2529230679333217,0.20558979105093733,1.175772555460085,1.6653046003765837,1.0,0.8768268498261368,0.12317315017386311,0.0,0.0,0.0,0.0,0.0,0.0,0.0,1.0,,0.2957352025261442,0.29375488844483255,0.18835914010109434
B001222,23542.550426410184,5.184441846820124,12.292111220575153,9.772695772894975,0.0,0.581920867902552,0.017613762723965563,0.6557693423637755,1.8718354623604079,0.18838083192174926,0.0,1.6176997247278109,0.55832801904918,0.9481978087609764,2.614702382761873,0.6389514015846282,0.6026156035396965,0.0363357980449318,0.0,0.0,0.3610485984153719,0.0,0.0,0.0,0.0,0.95,0.6238199179915892,0.4453352457696444,0.3733977841188593,0.1914861261152433
B001223,836.9784093421396,1.9419452652949873,9.957530847323474,3.451622191291062,0.0,0.4222176736889511,0.7452062424235788,26.99896498239108,0.4167935025520129,0.3612955727998951,0.0,0.7262549985203555,0.18343247716150143,0.2541687142612222,2.63791958729835,0.6275086592793104,0.2535254108842867,0.37398324839502367,0.1860482781140658,0.0,0.18644306260662355,0.0,0.5,0.5,1.0,0.5,0.8152273540337857,0.41398210771039745,,0.4049048318617571
B001224,3372.121573297625,1.9357758744532865,9.818122633200218,2.264183063459102,0.0,0.3663698070419462,0.5307808003189934,19.179862072667525,0.6620382329764735,0.32813184201549667,0.034979965004269725,0.06323098218843833,0.6478457875663786,0.1995490647022297,2.7709610306236057,0.6094211785168764,0.08717187893219921,0.5222492995846771,0.03266441276746276,0.0,0.35791440871566077,0.0,0.0,0.0,0.0,1.0,0.7917606894249466,0.3351214958300398,0.6194986952231444,0.18837769891077183
B001225,46687.23314440494,11.92217393881638,17.613633141968226,14.8249276911025,0.3698890090010702,0.4148998520261525,0.01466014539800148,0.4090086417751235,6.206313991678323,0.0,0.7508417984067314,4.257908672571104,0.0,0.7071094761602205,2.942236004816059,0.46306318222169773,0.4000845843367826,0.06297859788491512,0.0,0.0,0.5369368177783023,0.0,0.0,0.0,0.0,1.0,0.19452950900997523,,,0.188624025984382
B001226,2753.683040380507,6.301334188513746,14.040103717424813,8.410976415735488,0.1794429580689286,0.365,0.02168396543390043,0.5161151298106165,2.3043807333992485,3.117661503889844,0.5264286658026563,0.0,0.0,0.35286328542199646,2.298320100470061,0.634302726302036,0.634302726302036,0.0,0.0,0.0,0.3656972736979639,0.0,0.0,0.0,0.0,0.95,0.9188647320214033,,,0.1914861261152433
B001227,7980.546648894083,1.8316609246945337,9.283328704701589,3.1183747732428397,0.20771058688412833,0.23780487155927443,0.552720256988114,19.94162239608692,0.3027668535204756,0.3315565115040071,0.07724291718521344,0.6510143819514932,0.26925021887969475,0.19983004165364945,2.409908471753539,0.4611291550568189,0.28011502354702505,0.18101413150979395,0.35542297876997236,0.0,0.1834478661732087,0.0,0.0,0.0,1.0,1.0,0.5164211570911779,0.33721124581838086,0.5321265884803953,0.18837769891077183
B001228,7205.850605870245,14.184745287146152,33.244873032698784,4.508634068404658,0.0,0.4069865145279222,0.06004768756373944,2.7862127029575103,12.009537512747887,0.48887533834433844,0.10735711768188184,0.6708281818594093,0.0,0.9081471365126341,3.3859296584121537,0.13741188093260293,0.12984338988756694,0.007568491045035971,0.0,0.0,0.8625881190673971,0.0,0.0,0.0,0.0,1.0,0.16090934580086874,,,0.18835914010109434
B001229,29434.901259479684,7.115035353995573,19.298744830577093,7.182656905015833,0.0,0.21850463544746193,0.021655107791877824,0.6320387867762478,1.6577337304090143,1.0201311179420662,1.342239890083141,0.888703163581654,0.0,2.2062274519796983,2.534743767109695,0.6421048150434457,0.6421048150434457,0.0,0.12490495399753526,0.0,0.23299023095901905,0.0,0.0,0.0,0.0,1.0,,,,0.1914861261152433
B001230,5819.575843039433,9.86368786955836,16.691767067086364,21.49591563907767,0.0567453983505705,0.3496844298746785,0.022009214039016085,0.21589701346413004,3.7290552528345753,0.8474272227493185,1.7214190242659004,0.10997679240194906,2.593472168872236,0.8623374084343801,2.884370336163736,0.6219410729385194,0.2730959516080915,0.3488451213304277,0.0,0.0,0.37805892706148064,0.0,0.0,0.0,0.0,1.0,,0.34315637522454084,0.46489340323917416,0.188624025984382
B001231,2857.0611981472866,3.1604659271540783,12.82884446111317,2.7444759085962724,0.020856100157525804,0.2880944580707889,0.4054668856648285,9.067151363223953,1.0511952023607747,1.4034213088539838,0.07434829114039011,0.043082557202626034,0.14067995986166726,0.44773860773463653,2.2457000842317285,0.8418140295470786,0.8418140295470786,0.0,0.0,0.0,0.1581859704529214,0.0,0.0,0.0,0.0,0.6,1.0500086340820773,0.306345365529793,,0.18837769891077183
B001232,10032.16820150801,27.187447700563713,50.30904123794177,7.826553263461442,0.18557647357127804,0.16793006857137635,0.046558257605561856,3.1007799565304195,24.095316742159703,1.2211076473450717,0.0,1.0823020002926451,0.1550421696048685,0.6336791411614293,1.696274014741587,1.0,0.960191114215175,0.03980888578482505,0.0,0.0,0.0,0.0,0.0,0.0,0.0,1.0,0.19961235641479289,0.37700789474312457,,0.18835914010109434
B001233,2115.813322489095,1.2707587522457027,9.141116242462175,0.7946149579012078,0.0,0.3905040583000933,0.23088292796585785,8.357961992364055,0.6307858912204283,0.33256158817697923,0.046792824100264786,0.0,0.0,0.2606184487480302,2.8328496623636545,0.40146832109753106,0.40146832109753106,0.0,0.03682274390601037,0.0,0.5617089349964584,0.0,0.0,0.0,0.0,0.6,0.5428711257397507,,,0.18837769891077183
B001234,1653.9850890791315,2.7704942865647095,4.380188701953584,1.711615377219757,0.0,0.021,1.7548858083514225,63.47681405798323,1.0273975901939454,0.0,0.0,0.0,1.1912843025449509,0.551812393825813,2.682641333549218,0.6076757507623782,0.6076757507623782,0.0,0.0,0.0,0.39232424923762177,0.0,,0.0,,0.98,0.308964618784446,,,0.19030060538549587
B001235,6840.0699267695745,6.705950908597622,15.725449331265063,6.806053189765586,0.0,0.29602954486294125,0.02273352698025078,0.8514314243385843,2.236161983996439,2.1718405961159184,0.0,0.3479876385260364,1.610780424150101,0.33918026580912713,1.9712515236048884,0.9691260173051045,0.9691260173051045,0.0,0.0,0.0,0.030873982694895524,0.0,0.0,0.0,0.0,0.95,0.37885614207286705,,,0.1914861261152433
B001236,2659.2747354925527,3.882152898529274,6.5621581112871645,2.597939412664746,0.0,0.40635983530586933,1.2655187998118278,28.105974180679404,2.1692561021456083,0.7270099324323409,0.0,0.5665563710965064,0.0,0.41933049285481744,3.1080334707153234,0.3721574511135656,0.22621874496133182,0.14593870615223378,0.0,0.0,0.6278425488864341,0.0,0.28,0.28,0.28,0.7,0.3815316378764852,0.419281316470953,,0.3131956702029707
B001237,12863.799813523854,7.522689949429155,15.088999857709158,1.0666033283063872,0.0,0.021,0.007395217614334908,0.16491335279966848,6.144727923829308,0.7423559165012454,0.0,0.0,0.0,0.6356061090985999,1.6901004961988846,1.0,1.0,0.0,0.0,0.0,0.0,0.0,0.0,0.0,0.0,1.0,0.25569803194609275,0.18595495948691337,,0.188624025984382
B001238,3791.741376123844,4.861206892466467,9.591711512668473,7.635318294672908,0.0,0.379206011070737,1.0874415119226861,24.273407293914534,1.1606793360610972,0.0,0.8256253972315218,2.002114784607093,0.4714778830498556,0.4013094915168989,2.320930302175676,0.7950615761992,0.21336648599005187,0.5816950902091483,0.09698782493304628,0.0,0.1079505988677535,0.0,0.28,0.28,0.28,0.7,,0.34324859386528206,,0.3131956702029707
B001239,3724.719611425774,3.4392609523783695,5.994094518555096,5.75578793918379,0.03279214863729149,0.5158074639686867,1.6488632873111424,59.63561935567185,1.0015664369496087,0.9141471366929502,0.0,0.6791072972910637,0.18193094350963127,0.6625091379351159,2.6568138398739056,0.4429868509053449,0.4429868509053449,0.0,0.2657975505059555,0.0,0.2912155985886998,0.0,0.0,0.0,0.98,0.92,0.2250502358575082,,,0.19030060538549587
B001240,7953.483311195397,3.2636369762804254,11.498364516260983,5.678187792826567,0.0,0.3218290388319062,0.024365658153285032,0.11878300322084887,0.3465023775207436,0.4929721463021201,1.1427656357865237,0.8115861956399363,0.0,0.4698106210311016,2.491876569320092,0.632417183700884,0.13121628605910707,0.5012008976417769,0.24867538930904717,0.0,0.1189074269900688,0.0,0.0,0.0,0.0,1.0,0.8937059857591134,,,0.1914861261152433
B001241,14408.19779357402,8.796213549190488,24.937545543603456,1.6583000829678691,0.1861985264590732,0.42525128599862516,0.02907671481000133,1.2929514558928064,7.617396595411294,0.24568701717297295,0.06394874911600908,0.2299526292721209,0.11907935602932626,0.5201492021887626,1.8671306825751444,0.7841615305530544,0.7841615305530544,0.0,0.02614222903823013,0.0,0.1896962404087154,0.0,0.0,0.0,0.0,0.5,,0.16193686377671285,0.3552131274932019,0.18835914010109434
B001242,8775.190244314581,6.597887401740286,15.751692877202442,9.38812347972438,0.0,0.4408105323986808,0.012409881546097297,0.24990540771432096,2.451870618782552,0.5604040701218543,0.899935966050076,1.3621167962470235,0.7538971016355266,0.5696628489032542,2.642348874835869,0.4940892488046943,0.2876418341537948,0.2064474146508996,0.11426340822922737,0.0,0.3916473429660783,0.0,0.0,0.0,0.0,1.0,0.24577964357445964,,,0.1914861261152433
B001243,10813.763348575456,2.275623600289448,16.17776984533619,3.3901042440817597,0.0,0.11864907128830461,0.285970557858588,10.278350336984328,0.390381371089234,1.0637939480066019,0.04431876120823452,0.4751795989458071,0.16031002783881992,0.14163989320075088,2.1342222633550914,0.828450816277534,0.6001624648612613,0.2282883514162729,0.0,0.0,0.171549183722466,0.0,0.3,0.3,0.3,1.0,0.7712589308945013,,,0.31989570700826886
B001244,20874.118675045655,9.786272233964208,20.294877404223552,15.730197947012377,0.1079231991342843,0.431358121237448,0.008680649256596154,0.40278212550606163,2.915143407065873,0.33580827605706265,0.6008130903537003,2.4989763776701546,2.781137900165291,0.654393182652123,2.6106859604898722,0.6511229475587961,0.5897294898672637,0.061393457691532455,0.03431421771526112,0.0,0.31456283472594254,0.0,0.5,0.5,0.5,0.5,0.2747120201825924,,,0.40513160691334116
B001245,5996.828437691741,4.40295773692492,8.347027052246649,1.130842170349963,0.0,0.13350338007169682,0.03831220085228888,0.7525753097390013,3.2064765181186763,0.5721447858101248,0.0,0.0,0.14698645060724408,0.4773499823888727,1.508936617337555,0.9930502686725549,0.9930502686725549,0.0,0.0,0.0,0.006949731327445077,0.0,0.0,0.0,0.0,0.5,,,,0.18835914010109434
B001246,13490.47165962128,7.3557642636975356,16.507601811926577,11.89699496489039,0.0,0.3718450948116935,0.023200227925794306,0.8006357850191071,1.9667573340690994,1.8011093354499823,0.0,1.2583159584281474,1.7265680022990604,0.6030136334512457,2.449982363565167,0.7141169611011177,0.4793938323543076,0.23472312874680995,0.0,0.0,0.28588303889888245,0.0,0.0,0.0,0.0,1.0,,0.4613284624033858,,0.1914861261152433
B001247,2330.3348347440356,6.7350717767168655,13.907381805296584,8.282861414057994,0.0,0.14494034538112407,0.012630944886995251,0.22357812780846115,2.6746870021958706,1.4512174695758664,0.0,1.2543949672026622,0.807617682692931,0.5471546550495398,2.1502964652444345,0.8618958960865757,0.3402637240855746,0.521632172001001,0.0,0.0,0.13810410391342506,0.0,,1.0,,0.5,,,,0.188624025984382
B001248,2218.7422545463646,3.578616539590911,7.13411686130469,5.26933417328604,0.0,0.39503097912438706,1.4288265063024337,51.73233874901725,0.8683752158423372,0.0,1.3510426159303839,0.3130104732242575,0.6150729577715206,0.4311152768224122,2.6270075331464917,0.5767925277504956,0.19926042812944253,0.3775320996210531,0.08746689391315429,0.0,0.33574057833635024,0.0,,0.0,,0.98,0.2662467562503577,,,0.19030060538549587
B001249,4205.820139390492,3.9941311865056903,15.22927120551915,4.800803738060391,0.0,0.4006550849263671,0.01108741135816578,0.24724927328709692,1.1782723595881262,1.6628407050925476,0.409958237013597,0.3563042592387163,0.0,0.38675562557270465,2.3350230296041468,0.6946486744799053,0.5920085212474189,0.10264015323248646,0.0,0.0,0.305351325520095,0.0,0.0,0.0,0.0,0.95,,0.3148953105580248,,0.1914861261152433
B001250,6004.500206559112,2.379904957019069,5.4555396919944625,0.9430108845903423,0.0,0.36500000000000005,1.218847863725297,43.95095419466536,1.5163992448944013,0.0,0.0,0.22944568556295097,0.26846406150074986,0.36559596506096714,3.005813048652623,0.3628320154457955,0.3628320154457955,0.0,0.0,0.0,0.6371679845542045,0.0,0.0,0.0,0.0,1.0,0.6903339995926848,0.4186257170249547,,0.18835914010109434
B001251,3106.8040726295017,4.2558959899034265,13.840439650801548,7.396352341249272,0.0,0.282724757301835,0.007342115571092281,0.16372917723535788,1.8084028500227292,0.17115966667084798,0.08555512930538835,1.7808518455690203,0.0,0.40992649833544104,2.7798626948340766,0.5253036287180403,0.505200898409697,0.020102730308343305,0.040217069937071435,0.0,0.43447930134488844,0.0,0.0,0.0,0.0,0.5,0.5107550766217785,,,0.18835914010109434
B001252,10066.8337404006,3.133157093184127,13.740725117046363,6.856571468047078,0.0,0.3805208287787411,0.484921039115632,17.432300403474756,0.4486067981467326,0.6699984176783319,0.0,1.5261118856408935,0.17863837000487112,0.30980162171329695,1.879001125737954,0.8926711815881656,0.6788298714489939,0.2138413101391715,0.0,0.0,0.10732881841183432,0.0,0.5,0.5,1.0,0.5,1.1617469535593627,,,0.4049048318617571
B001253,20766.023158450487,4.45909881006023,15.741826048917812,5.508674909466546,0.04220412728089585,0.4367808081325185,0.009026461368189641,0.13594156887354739,1.7506574951668714,0.0,0.0,0.6127612731880595,1.7040618552840474,0.39161818642125007,2.4030890018802165,0.5630802020835989,0.4256620152953624,0.13741818678823647,0.0,0.0,0.436919797916401,0.0,0.0,0.0,0.0,1.0,0.178281959301057,,,0.1914861261152433
B001254,1715.9504771175143,5.345640115630886,14.452382823504738,6.027813571624642,0.0,0.37556145211198094,0.0127502828528746,0.33436344121774486,2.179894751652712,0.6581034330333841,1.10182177064291,0.9305059148700118,0.0,0.47531424543186657,2.525299670682328,0.5708871286031929,0.39681893569413945,0.17406819290905343,0.0,0.0,0.42911287139680687,0.0,0.0,0.0,0.0,1.0,,0.31028972755328327,0.6532719483450805,0.1914861261152433
B001255,6710.085063887427,6.294638896704903,12.682052512370767,11.190721555814141,0.0,0.32474478045977717,0.010649283951921135,0.4941267753691406,1.3147264138174242,0.41717783898757654,1.6238793055857546,1.1085258505056756,1.23211998603171,0.5982095017767628,2.445820014181015,0.713380951955293,0.2596616300872009,0.4537193218680921,0.06627510264424531,0.0,0.22034394540046168,0.0,1.0,1.0,1.0,1.0,0.23108966471243847,0.21265208216436296,,0.608845443987547
B001256,1382.6652538758851,3.716842080311519,10.404721033430953,5.689295206301223,0.5844471433007523,0.3367107116997813,0.011592768580142907,0.1171492366826528,2.0730798116247744,0.4442931955151102,0.2923335550622026,0.5581284206028989,0.0,0.3490070975065337,2.848190945921009,0.4422470024739326,0.29208500781740415,0.15016199465652857,0.0,0.0,0.5577529975260674,0.0,0.0,0.0,0.0,1.0,,,,0.1914861261152433
B001257,20942.069481777795,4.790043339839386,7.7635959505272965,6.333384009724928,0.10390334022305975,0.4015707653378385,1.8648926095144458,67.50382333827068,1.1339277650179653,0.0,1.2700945701278374,0.7676366048085738,0.38177538267504324,1.2366090172099657,2.569618940341755,0.5903686965489781,0.3252156530338383,0.26515304351513963,0.07970186396848854,0.0,0.3299294394825334,0.0,0.0,0.0,0.98,0.98,,0.40067468532423683,0.5986460778392639,0.19030060538549587
B001258,3896.3931246661027,11.392962352824862,24.479162788835197,9.795545180148544,0.08519265421047525,0.30215049463612353,0.03692608881775875,2.289451073636951,7.714324230175212,0.8990786929800428,0.0,1.2707967879731419,0.9056624852069103,0.6031001564895544,2.970778640029136,0.3147642983869282,0.23261229225001284,0.08215200613691526,0.0,0.0,0.6852357016130719,0.0,0.0,0.0,0.0,0.5,,,,0.18835914010109434
B001259,27552.628743028024,5.604684447320591,9.171491037039852,6.411255549116219,0.16353424579216352,0.37912389667629,1.605419477805746,35.96534737748366,2.4515174110002933,0.6403829312665916,0.6590106964136544,0.30089231383334225,0.926275810409702,0.6266052843970079,2.001964356846095,0.9685256502445833,0.8005812719397662,0.16794437830481707,0.0,0.0,0.03147434975541677,0.0,,0.0,,0.98,,,,0.19030060538549587
B001260,2761.8844777673603,8.685171313733838,23.570497137746855,4.6033111513339255,0.0,0.4481781851851354,0.02782727216584163,1.6592922556021659,6.996820990533969,0.16256430477336428,0.036968802002733135,0.9276803774707948,0.0,0.5611368389529768,2.8092415943232067,0.4585779147853457,0.4585779147853457,0.0,0.018717455177458826,0.0,0.5227046300371955,0.0,0.0,0.0,0.0,0.5,0.11378499411637279,,,0.18835914010109434
B001261,1946.0342372185723,5.8090574245330515,12.174465938681346,7.31630835273065,0.13772842380359407,0.2980584856578276,1.0313528541250245,22.99207710607686,1.9783484953987658,1.3814155162901693,0.4727100077365113,0.7182724102059157,0.7961129326073305,0.4621980622943597,2.126651482492964,0.9864465007747679,0.6672681231955999,0.31917837757916817,0.0,0.0,0.013553499225231906,0.0,0.0,0.2,0.0,0.98,,0.3099601540055843,,0.19030060538549587
B001262,6074.0193757299085,6.248991127294144,16.91077226737697,9.997447140933899,0.1740694305363872,0.1624609570670922,0.019024941425195212,0.6922842866977322,1.6918231363039007,1.3057258174513733,1.1952525617821874,1.0056345652508318,0.6493335385647006,0.4012215079411503,2.5362869678464306,0.3497992562351664,0.2458891169282689,0.10391013930689742,0.3698773667011174,0.0,0.28032337706371624,0.0,0.0,0.0,0.0,1.0,1.0642002854938244,,,0.1914861261152433
B001263,1963.1959723482398,2.1223740241602593,10.317439166366619,4.113527424538527,0.17060064168638142,0.34465350855637206,0.5863923123213982,21.181565005681733,0.7310362336677402,0.2080903485072573,0.07303190273625085,0.7009154820703342,0.218853861560541,0.19044619561813567,2.4473596897932994,0.6265353208674425,0.198238602084687,0.4282967187827554,0.0,0.0,0.3734646791325576,0.0,0.0,0.0,0.0,1.0,,,,0.18837769891077183
B001264,3972.3691583451805,2.4355420958584797,10.697066701213798,4.8152673542332245,0.0,0.4087475029990189,0.3531159848063942,7.874486461182591,0.5242685682959336,0.5658675166842712,0.10523014114166562,0.8135728772329704,0.13209736658745674,0.2945056259161819,2.108109586548418,0.6659581952550065,0.6659581952550065,0.0,0.33404180474499345,0.0,0.0,0.0,0.0,0.0,0.0,1.0,0.6781160740569006,,,0.18837769891077183
B001265,1241.5332825247947,3.467970062918421,8.031266504180572,3.40691075471344,0.0,0.453,0.023966876169219716,0.4868784422848544,1.4401661131253016,0.0,0.0,0.0,1.580806590187036,0.4469973596060821,1.9177770809139372,0.9470665447988329,0.4912360267992825,0.45583051799955004,0.0,0.0,0.0529334552011671,0.0,0.0,0.0,0.0,0.95,0.7284377526295942,,,0.1914861261152433
B001266,2299.4782024582787,2.5836833735486278,6.108410313183022,2.6298491780246387,0.0,0.29220833004053587,0.012825773635451641,0.27509611494670805,0.4847076325156959,0.0,0.0,0.38731411317824577,1.094735866344547,0.6169257615101397,2.5930793422431284,0.7302366276188786,0.15661758640980353,0.5736190412090751,0.0,0.0,0.26976337238112147,0.0,0.0,0.0,0.0,1.0,0.4358894800959739,,,0.1914861261152433
B001267,10938.863439234252,3.743621984679758,11.52915439038628,5.216468449598743,0.0,0.20303844454338923,0.00827043040685306,0.18443059807282325,0.16529518643866092,0.15424938925069978,2.791930986870045,0.0,0.0,0.632146422120351,1.6611157457043868,0.902147138561463,0.8609438894401725,0.04120324912129043,0.0,0.0,0.09785286143853691,0.0,0.0,0.0,0.0,1.0,0.8063635732731943,,,0.1914861261152433
B001268,1682.4906168136724,2.1110296321376065,10.812412934963469,3.109385062352619,0.0,0.455312821353984,0.3403248149074709,15.881987482968828,0.9265059444594475,0.4195450269766476,0.0,0.4173830261178951,0.08194132611983894,0.265654308463777,2.62799570884606,0.5611118241285521,0.3633964440297624,0.1977153800987897,0.0,0.0,0.43888817587144774,0.0,0.0,0.0,0.0,0.6,1.0025683559757574,,,0.18837769891077183
B001269,4677.640362409728,1.4668047545969671,12.058995856833443,2.56459584334582,0.0,0.39042716779762,0.2016387592570806,7.268096798572397,0.5384594297235623,0.26389401876524926,0.05762120479903397,0.3403467489608589,0.14951653746151786,0.11696681488674522,2.0921401531422092,0.7272874509466467,0.49525469546626527,0.2320327554803814,0.10193349659723486,0.0,0.1707790524561188,0.0,0.0,0.0,0.0,0.6,0.5232192546975462,,,0.18837769891077183
B001270,2699.82347605993,3.430525382541207,8.94029787609637,0.0,0.0,0.0,0.01234627317097594,0.13580900488073533,2.8659719219103312,0.0,0.0,0.0,0.0,0.5645534606308753,1.5945907814210087,0.9274826427243642,0.9274826427243642,0.0,0.0,0.0,0.07251735727563573,0.0,0.0,0.0,0.0,1.0,0.10234554725709404,0.22683671090521568,,0.1914861261152433
B001271,5183.373811317794,6.5778855473576066,15.950248973927952,11.477362988918852,0.0,0.4193207874375517,0.018791145758533714,0.4472611184526932,1.9969573543390915,0.4771146532386957,0.7361629386669581,1.4411167963795855,1.1259836101204157,0.8005501946128593,2.497346721056364,0.6781970924613213,0.3865788458670414,0.29161824659428,0.0,0.0,0.32180290753867846,0.0,0.0,0.0,0.0,0.95,,,,0.1914861261152433
B001272,4306.993499881502,1.3738416267564602,6.114932653173353,0.41702359974814,0.22061557830503495,0.021,0.3833202206854342,8.520911919089166,0.953388436825298,0.0,0.0,0.2262151011975082,0.0,0.19423808873365375,2.39318121870653,0.6534176350713703,0.6534176350713703,0.0,0.0,0.0,0.3465823649286294,0.0,0.0,0.0,0.0,0.6,,,,0.18837769891077183
B001273,4853.259031881403,6.497000042679254,11.201975438221075,8.344741182391232,0.09159503747911368,0.13925023166322123,1.588480455618254,74.53874283468411,2.07345441225149,0.48467355066000195,0.0,0.6330064615758445,2.585608218884134,0.7202573993077837,2.591647876082209,0.652348669409188,0.08234894541460322,0.5699997239945849,0.0,0.0,0.34765133059081205,0.0,0.0,0.0,0.0,0.98,,,,0.19030060538549587
B001274,7639.5418156010755,16.21983400339931,37.05583622752919,10.640937515954946,0.22261196404664285,0.39224672708198965,0.02714761405993809,1.2596492923811273,14.664983337247962,0.815314648390209,0.0,0.09030070444122279,0.0,0.6492353133199146,1.6747402238873317,1.0,1.0,0.0,0.0,0.0,0.0,0.0,0.0,0.0,0.0,1.0,,0.3157351659373067,,0.18835914010109434
B001275,6355.402917428823,1.7998875438767552,8.933552131972103,3.113287621773332,0.0,0.43544855631357093,0.2830932770602112,10.162862815645658,0.43250856956677536,0.383586835728642,0.04612789744739503,0.5209832996559192,0.2087066638080801,0.20797427766994353,2.8212535226834268,0.759702448612317,0.2315038752813077,0.5281985733310092,0.0,0.0,0.24029755138768313,0.0,0.5,0.5,1.0,0.5,0.4435828459105229,,,0.4049048318617571
B001276,64024.39637855127,16.114874497495915,24.68322154802837,16.356880640885432,0.0,0.3233214662659337,0.014544432123059014,0.324340836344216,4.15067413428108,0.6134050424515501,2.046093469197226,1.2698218319796981,3.512223774166921,4.522656245419441,1.732256736890014,0.9868064858945038,0.8217727146378903,0.1650337712566136,0.0,0.0,0.013193514105496112,0.0,0.0,0.0,0.0,1.0,0.29480725650413725,,,0.188624025984382
B001277,11146.849688696344,5.811704738632088,9.52558733733681,4.433888251191001,0.0,0.11407558064861295,1.2814293192772506,28.59006955608992,2.2000127549651385,1.4380072272910942,0.0,0.6334261337605562,0.8130081828534724,0.7272504397618252,2.847193049709538,0.4978887454264524,0.25045579899126225,0.24743294643519015,0.10899145126041744,0.0,0.3931198033131299,0.0,0.28,0.28,0.28,0.7,0.49298377230440626,,,0.3131956702029707
B001278,5443.734219671004,9.321462704916103,12.37316824733189,17.705908552867168,0.0,0.3805188244313244,0.017300987733662076,0.5464999133891884,1.689935077965816,1.0719391998188506,0.0,3.46397373362515,2.0360364036770227,1.0595782898292678,1.6913845059011277,1.0,0.8850031123062355,0.11499688769376441,0.0,0.0,0.0,0.0,1.0,1.0,1.0,1.0,0.2501466481276292,,,0.608845443987547
B001279,19429.99828179481,5.721436478738166,10.873227743703618,8.331203155022608,0.0,0.40434694657293807,0.011180448974799877,0.5187728324307143,1.3803023425678862,0.529959716885268,1.7199671067773736,0.0,1.3218930876183108,0.7693142248893269,2.379405411810166,0.49723049500121264,0.49723049500121264,0.0,0.231042167911973,0.0,0.27172733708681435,0.0,1.0,1.0,1.0,1.0,,,,0.608845443987547
B001280,3147.3220498030555,10.152651773558244,18.879060742276458,5.3115013459268505,0.0,0.5792682216737257,0.03585767585084671,1.6637961594792874,7.776909825351361,0.10050617323145646,0.0,1.584516939123497,0.11659281134023078,0.5741260245117004,2.9083624218927278,0.37618822585275796,0.37618822585275796,0.0,0.0,0.0,0.6238117741472423,0.0,0.0,0.0,0.0,0.5,,,,0.18835914010109434
B001281,5472.355157655827,8.826379286541655,23.94141768429054,5.546792499880488,0.0,0.34435122892959297,0.02784646094620561,1.6621818268360349,6.057599472876517,0.0,0.08295423615058234,1.831821194085273,0.17381652206931977,0.6801878613599615,3.1244420263108146,0.29488353235256154,0.29488353235256154,0.0,0.009398444532864097,0.0,0.6957180231145741,0.0,0.0,0.0,0.0,0.5,0.14026663067075787,0.18943164301868534,,0.18835914010109434
B001282,7914.906126270484,4.922205302407018,10.778304802911297,5.058066509839096,0.0,0.0,0.011903680203315822,0.21221103531105578,2.83800704553639,0.0,0.0,1.4093796523015656,0.0,0.6748186045690598,3.102096349414375,0.4234277379392177,0.13709680176059816,0.2863309361786194,0.0,0.0,0.5765722620607822,0.0,0.5,0.5,0.5,0.5,0.24584107569994504,,,0.40513160691334116
B001283,523232.59603516397,477.40200368171895,2408.8540070033378,2358.135090622614,0.0,0.365,0.5583715930928239,20.182912655203445,0.306140628636156,0.5628111409489039,0.0,475.929153819332,0.2732910363350009,0.3306070564669574,2.002467183161476,0.9976073774363929,0.0006925129218505986,0.9969148645145425,0.001751358751819,0.0,0.000641263811787975,0.0,0.0,0.0,1.0,1.0,1.2317895746126204,0.2640009887293683,,0.18837769891077183
B001284,27830.62883704812,7.027936575012151,11.598677984083658,9.750686431334673,0.0,0.4745882166557768,1.4127666010829212,51.078897226274,2.056479128201815,0.2878385851833095,1.6603177707888428,0.9894144997765489,0.9781522260365627,1.0557343650250723,2.5310578299819557,0.6528686572725982,0.23648633071415823,0.4163823265584401,0.0,0.0,0.34713134272740165,0.0,0.2,0.2,0.2,0.98,,,,0.2785184786737387
B001285,733.1607421338782,2.3650346520447685,7.326579636424332,1.3925614788186313,0.0,0.14586647158833538,0.8612829115632805,19.21601293435212,1.0724054222706354,0.0,0.052974993547372645,0.14391223709703213,0.6793340026771825,0.41640799645254606,2.756996429140991,0.5066204499169664,0.15852988851125926,0.3480905614057071,0.0,0.0,0.4933795500830338,0.0,0.0,0.0,0.0,1.0,0.8216600802348796,,,0.18835914010109434
B001286,26376.049764461088,10.168099369491554,13.131729197827115,7.222396143627233,0.0,0.2861334109508067,0.020913108557842286,0.23004419413626512,4.777106015750776,1.4074104817068473,3.0576436585380877,0.0,0.0,0.9259392134958393,3.065809692088884,0.5258200956361302,0.08669632451702418,0.43912377111910605,0.0,0.0,0.47417990436386953,0.0,0.0,0.0,0.0,1.0,0.28313662639164583,,,0.188624025984382
B001287,3756.8575075394983,5.10442596133084,9.685300882753525,2.711502962060188,0.3487209844777313,0.3554261589215353,0.011040539425496125,0.18289987786337067,3.1623162624568737,0.0,0.5352288034027382,0.42625450077842,0.0,0.9806263946928075,2.9118797527346603,0.48664443390593326,0.2982817636536885,0.1883626702522447,0.0,0.0,0.5133555660940665,0.0,0.5,0.5,0.5,0.5,0.24652378551848395,,,0.40513160691334116
B001288,5156.30421185035,9.341130818569475,19.18279727061845,14.870419771880352,0.0,0.2577217745312923,0.015928712493946028,0.2600090383837991,3.192363478208305,0.0,1.3523112349934017,3.359524658463393,1.1012338485385407,0.33569759836583346,1.6037746013296708,0.9088509238018094,0.6461905316944129,0.2626603921073964,0.0,0.0,0.09114907619819074,0.0,0.5,0.5,0.5,0.5,0.29516269906147174,0.3048576544411463,0.2552459897034692,0.40513160691334116
B001289,8476.334223738797,2.429445177339867,14.249397677346801,2.473225194431023,0.0,0.09759677188214329,0.30605357543552003,14.308046336972831,0.9564266187483438,0.9856327060250353,0.0,0.22815242168273708,0.07890804317256288,0.18032538771118764,2.0641706754325035,0.8282811565233155,0.7343698290273175,0.09391132749599795,0.0,0.0,0.17171884347668415,0.0,0.0,0.0,0.0,0.6,0.4991080569096104,0.4190939575659709,,0.18837769891077183
B001290,3269.998796845231,3.9397575865605194,7.472123685162387,5.52064738302155,0.0,0.44315202574443563,1.3706370683350728,49.62556368292723,0.8334010331847618,1.1076687592124628,1.1672482436442078,0.32620315981227044,0.0,0.505236390706817,2.4141740946121204,0.7291340342270863,0.1517084051434668,0.5774256290836195,0.0,0.0,0.2708659657729137,0.0,0.0,0.0,0.9800000000000001,0.98,,,,0.19030060538549587
B001291,6126.4066381726025,5.029890507530872,9.425592421586726,4.417879238004531,0.10189746767068374,0.22626418444589388,1.4721133626339704,69.18190890483373,1.9253716903659968,0.0,1.0174993945025492,1.0813217404900664,0.42567552061735164,0.5800221615549075,2.676415029850246,0.6172139955167446,0.6172139955167446,0.0,0.0,0.0,0.3827860044832555,0.0,0.0,0.0,0.0,,0.343416158534135,,,0.19030060538549587
B001292,10370.749981597544,10.614892509311714,19.309842552237203,1.3873230272344022,0.0,0.47422690484797314,0.036324677515859334,2.2739356191021547,9.034245347372114,0.10213557306116035,0.0,0.0,0.4102146484350845,1.0682969404433567,2.874976884360974,0.3484146387924792,0.3097694383747424,0.03864520041773682,0.0,0.0,0.6515853612075212,0.0,0.0,0.0,0.0,0.5,0.17132469464392142,0.13560079206085215,,0.18835914010109434
B001293,945.822615953592,1.8766321745110954,13.359765888769253,4.589379794147629,0.025110766903892884,0.584521335415482,0.19990377705657703,7.125222217843313,0.30267788152685304,0.05205084433048608,0.051086892315611775,1.0575129765935758,0.1364739326836341,0.2768296470609344,2.46056630582966,0.8157480389630812,0.2244953491741895,0.5912526897888917,0.0,0.0,0.1842519610369187,0.0,0.5,0.5,1.0,0.5,,,,0.4049048318617571
B001294,7751.660433316959,10.067091471840206,12.938308357532765,9.40811348546778,0.0,0.2944314963542839,0.01835372969289429,0.5585794419513032,5.279999209976853,0.0,2.2595868374791315,1.581427464908147,0.0,0.9460779594760751,1.9887892822102218,0.8942183580064039,0.5126767465954605,0.3815416114109434,0.0,0.0,0.10578164199359613,0.0,0.5,0.5,0.5,0.5,0.27411888130445006,0.2966083168843115,,0.40513160691334116
B001295,4043.0858322953463,1.4831569450826656,6.4973362407555175,1.6583842988455457,0.17816813299194872,0.359400306495385,0.3760896440993649,17.607300463650922,0.4601804033934189,0.30006781698163437,0.0,0.20619266255120622,0.20766198079781958,0.3090540813585866,2.230302095109299,0.962224227397715,0.6208844378283627,0.34133978956935235,0.0,0.0,0.03777577260228512,0.0,0.3,0.3,0.3,1.0,,0.38624198963743367,0.17745573658693764,0.31989570700826886
B001296,22970.417588182576,13.110968943026585,24.305910359767406,9.017334977134208,0.04453159009222656,0.43743884219351686,0.007393607060011214,0.1648774374382501,4.882570700007405,0.40780318968667784,1.531211836814065,0.3049069660422773,1.8396404818084298,4.144835768667728,2.63766061160227,0.6275965017364845,0.4329235794964451,0.19467292224003932,0.0,0.0,0.37240349826351543,0.0,0.0,0.0,0.0,1.0,,,,0.188624025984382
B001297,4015470.3656902644,896.310349484434,3074.7709709892288,3978.671411395323,0.0,0.24,0.01697725489781695,0.46470337555286745,1.364111908317394,1.6002977766318576,0.0,893.0604403649814,0.0,0.2854994345032605,1.6690735501351937,0.9985491883285398,0.9985491883285398,0.0,0.0,0.0,0.0014508116714602244,0.0,0.0,0.0,0.0,0.92,0.8453220058268757,0.42848398006977456,0.5369096088687341,0.1914861261152433
B001298,1270.001859294953,3.7026293273905333,9.063181795436504,1.194536649025738,0.0,0.433,0.010185542821003124,0.22713760490836965,2.508754389409636,0.5685994449362513,0.0,0.0,0.0,0.6252754930446461,3.134369379253785,0.3224397670998552,0.16887337018024312,0.15356639691961219,0.0,0.0,0.6775602329001447,0.0,0.0,0.0,0.0,0.5,,0.15900325696431322,0.277206852182466,0.18835914010109434
B001299,6508.552745133603,14.792165329849098,29.30822481866203,7.7221789000788,0.11483010160380266,0.2263701426712831,0.12195788920413829,8.016054180248501,11.34097905285959,0.0,0.14205200265392603,1.291946722286505,1.5164364374317316,0.5007511146173482,1.4659866016885286,1.0,0.8974838095967116,0.10251619040328842,0.0,0.0,0.0,0.0,0.0,0.0,0.0,1.0,,,,0.18835914010109434
B001300,2502.9582757808935,1.4801645628509128,10.280756247726503,2.159152053115083,0.0,0.1293849675957839,0.4306130645690242,15.539302012676199,0.22151184331385987,0.6248263818935642,0.051406062024070505,0.2889465015616971,0.16664092908517394,0.12683284497254702,1.7247994760577614,0.8047875832095562,0.8047875832095562,0.0,0.1952124167904436,0.0,0.0,0.0,0.0,0.0,1.0,1.0,,,,0.18837769891077183
B001301,1091.268633151231,3.4316623684000973,9.283168760633494,3.7286659963255446,0.0,0.39599925945894154,0.02320751101468388,0.8401118987315566,1.142503177748206,1.2752203381249172,0.0,0.0,0.6094528463670951,0.4044860061598788,2.3027239545164595,0.9841237898889796,0.8065268176521003,0.17759697223687917,0.0,0.0,0.015876210111020354,0.0,0.0,0.0,0.0,1.0,0.9613551855063651,0.3403326760840819,,0.1914861261152433
B001302,3111.7188545270146,2.103934316786352,12.00772349094905,3.819994274135461,0.0,0.365,0.32971179991545807,11.881492126709164,0.5039121136440288,0.0,0.0,0.7128888989656144,0.6660908460593274,0.22104245811738102,2.173660378519253,0.6611638998053347,0.34457091458479533,0.3165929852205395,0.338836100194665,0.0,0.0,0.0,0.5,0.5,1.0,0.5,0.5575499185747542,,,0.4049048318617571
B001303,3938.8617679310223,7.830739101254517,12.184516489225311,15.912809682035752,0.0,0.021,1.9327256887633903,42.98915962809554,1.8537441201999176,1.5555446696998179,0.0,2.7848364576538005,0.9437639377068224,0.6928499159941581,2.1511490089287597,0.907925534753825,0.55229672096693,0.355628813786895,0.0,0.0,0.09207446524617481,0.0,,0.9333333333333333,,0.7,0.3275365406474263,,,0.19030060538549587
B001304,716.5700893845451,1.9578417742747134,9.722787196310662,3.4506068957136873,0.0,0.2732448193524391,0.3047056660460118,10.996313952309809,0.4684989409496263,0.4861483887213328,0.037704644299346064,0.7623250806188967,0.0,0.20316471968551186,2.09748242959793,0.7607064334281137,0.5123981201062022,0.24830831332191156,0.0,0.0,0.23929356657188638,0.0,0.5,0.5,1.0,0.5,,,,0.4049048318617571
B001305,4764.367244622256,10.540635496951895,34.633521294168865,7.298534947703492,0.387624003415194,0.45300000000000007,0.045406167546946666,1.965755490594887,8.375956410746802,0.0,0.0,0.04615398089869311,0.1403964779519115,1.9781286273544856,3.4074102492806184,0.18782842290149213,0.18782842290149213,0.0,0.0,0.0,0.8121715770985076,0.0,0.0,0.0,0.0,1.0,0.192972125704411,0.3129168095802751,,0.18835914010109434
B001306,2448.8314355928806,6.295196492526685,12.911465897534816,6.589283941607927,0.05668419987915515,0.3438786019122963,0.012104199515454654,0.22142810731143694,3.0476153692026533,0.89169770583987,0.0,1.3754320614078834,0.4405404702610091,0.5399108858152684,2.8128751761945816,0.48162281648402977,0.2631336774967524,0.2184891389872773,0.0,0.0,0.5183771835159701,0.0,0.5,0.5,0.5,0.5,,,,0.40513160691334116
B001307,1260.565167319223,0.7908188000747949,6.456640480694518,0.6146259588663449,0.1575698458590663,0.35328139627931515,0.2314887289641958,8.383572669672741,0.317499706758226,0.09835313811980548,0.046699828631442605,0.0,0.14943744133366108,0.17882868523165996,2.7661675131267867,0.5499793269757772,0.4256105864874335,0.12436874048834365,0.0,0.0,0.45002067302422305,0.0,0.3,0.3,0.3,1.0,0.7524817872492431,,,0.31989570700826886
B001308,934198.878812493,1079.9987038294717,1892.1435927873888,2322.4921844405794,0.0,0.4529699889805784,1.1972922547638176,56.06890919001681,1.4910537486654594,1076.0193252735794,1.1209705369757836,0.0,0.5378979847059723,0.8294562855450479,2.66465665322204,0.9994918326638638,0.0021385099318836608,0.9973533227319801,0.0,0.0,0.0005081673361362951,0.0,0.28,0.28,0.28,0.7,0.4132094070006862,,,0.3131956702029707
B001309,1190.128222208769,3.6064491582083913,12.49707298922361,4.536811698320652,0.15819941958173947,0.39712774593979105,0.017840469113764027,0.32741960236262946,1.3727727274839923,0.982611561322019,0.0,0.2810606366923469,0.6786675500874619,0.29133668262257223,2.6229913876418087,0.6656803930084751,0.6656803930084751,0.0,0.0,0.0,0.33431960699152524,0.0,0.0,0.0,0.0,0.95,0.7474943225339556,,,0.1914861261152433
B001310,2979.8375660877095,2.1515072679333644,12.219077010495894,2.393134605637875,0.0,0.12137898218980307,0.2619603293690065,9.504433184553202,0.4027760247217142,1.1676897210363366,0.05328476920009375,0.17851276315956802,0.14316583375106723,0.20607815606458485,2.0912032698643794,0.8127935560689034,0.8127935560689034,0.0,0.0,0.0,0.18720644393109662,0.0,0.5,0.5,1.0,0.5,,,,0.4049048318617571
B001311,2514.950975113513,4.692072714764016,15.103008656630957,7.259282644969365,0.038320157395797576,0.10841118672853954,0.0180629461395094,0.336524365960452,1.3764675520144445,0.9967818150029706,0.8979248102506648,1.1048714689779568,0.0,0.31602706851797774,2.1861279709327053,0.7066397654743773,0.7066397654743773,0.0,0.0,0.0,0.29336023452562215,0.0,0.0,0.0,0.0,1.0,,,,0.1914861261152433
B001312,3283.4244587304966,4.0787881474913,10.902200400524567,6.371107535920162,0.07690594940885741,0.11562886090266912,0.013016401851852552,0.2902657612963119,1.9083459363797506,0.6008024483703556,0.09378678872331948,1.0250629637376654,0.09421281440053708,0.35657719587967224,2.7519410686254675,0.4614777214767559,0.21016215256981466,0.25131556890694134,0.14729925326959803,0.0,0.39122302525364605,0.0,0.0,0.0,0.0,0.5,0.6729239446796182,,,0.18835914010109434
B001313,45847.24145624333,18.898285843463864,34.738199941825336,7.821152948415314,0.0,0.2683729450411848,0.07326134273842086,3.3993263030627276,14.652268547684171,0.9215774481998463,0.14443513085539966,1.482329406583321,0.8872953003924675,0.8103800097486564,3.280957015377686,0.22467737714149408,0.12896114321555174,0.09571623392594247,0.0,0.0,0.7753226228585057,0.0,0.0,0.0,0.0,1.0,,0.3640479400496695,,0.18835914010109434
B001314,45271.99066940621,9.528939311598865,17.678995071951135,13.697238119418916,0.0,0.3009465412755762,0.017104552056797048,0.32876506046006976,3.126949114775713,0.7352141401787833,1.2080720604845538,1.7759395089972505,2.111838127188114,0.57092635997445,2.502945150530747,0.6633645613782708,0.4417409306539643,0.22162363072430644,0.0,0.0,0.3366354386217292,0.0,0.0,0.0,0.0,1.0,0.1792619965046006,,,0.188624025984382
B001315,12720.552959489547,4.335566789192074,8.179864396065474,4.151430487037606,0.0,0.4373618349654835,1.1665964559225308,42.13221249683213,1.6269453365660391,0.7438974432422072,0.42010222799912894,0.0,0.8012165277954835,0.7434052535892148,2.6781708262551764,0.4938139628396807,0.4938139628396807,0.0,0.09689672617808162,0.0,0.40928931098223753,0.0,0.2,0.2,0.2,0.98,,0.3008676263932598,,0.2785184786737387
B001316,11004.092172170407,6.023038955758296,14.314169520266786,4.987574844963806,0.1537812498156056,0.055588307047623874,0.01292560921694882,0.25204247013629416,2.6746467268577554,0.0,1.9085262389053275,0.264785507688383,0.6799615479642556,0.4951189343425753,1.507792260081283,0.9892176243509648,0.9892176243509648,0.0,0.0,0.0,0.01078237564903518,0.0,0.0,0.0,0.0,1.0,,0.41672930765012073,,0.1914861261152433
B001317,8354.960521522187,1.9286612468887783,3.322244002360916,1.4389108145533165,0.0,0.433,2.0891218129966607,75.62152259270914,0.6538144157883986,0.0,0.0,0.0,0.6849215477273787,0.5899252833730008,1.8958329442415205,0.9501721029094172,0.9501721029094172,0.0,0.0,0.0,0.04982789709058259,0.0,0.0,0.0,0.98,,0.3892160855333974,0.36923192723192433,,0.19030060538549587
B001318,500.24962737250195,0.9420896937335254,4.966463935423964,0.44317531353500084,0.0,0.2760730371326205,0.35974248516875357,16.904518628623528,0.4962062016738122,0.0,0.07973698638582716,0.0,0.17350643794343915,0.19264006773044676,2.856403825053367,0.47329197530297307,0.3886535518957204,0.08463842340725272,0.0,0.0,0.5267080246970269,0.0,,1.0,,1.0,0.6928265006239848,0.19611538118989263,,0.18837769891077183
B001319,15235.110271040503,11.377976303988426,18.01092638815262,26.444120678948376,0.0,0.5203807814755596,0.022849800768964916,0.7795018683587893,3.703012342513422,0.10573809739499587,0.8702373380002967,3.206532724092005,2.936619913510941,0.5558358884767649,2.3234892990556637,0.7436244823119053,0.7436244823119053,0.0,0.0,0.0,0.2563755176880947,0.0,0.5,0.5,0.5,,0.34684923806575013,0.2920434843750896,,0.40513160691334116
B001320,2214.2450213293523,3.5035522489388486,10.541049130839461,7.528343655394018,0.25640788366010825,0.24224330798923333,0.9177036808900814,20.417052192309512,1.1433788239646365,0.37926936313752113,0.09561440312425243,1.407670365222214,0.13939926218145188,0.3382200313087737,2.7744572962649516,0.6188480167018628,0.10881145911920888,0.5100365575826538,0.0,0.0,0.38115198329813765,0.0,0.0,0.0,0.0,,0.6058120118161936,,,0.18835914010109434
B001321,4469.211338182514,10.953949358290474,16.29175260497158,9.31119547396275,0.0,0.39379750798806923,1.539562137975093,55.723318039494316,2.1904838040976577,1.130853217923544,0.9687352176673824,0.5920014637519845,1.1353878788454355,4.936487776004471,2.4921247121918335,0.7025422130181196,0.599305181246774,0.10323703177134556,0.10365100674727142,0.0,0.19380678023460898,0.0,0.2,0.2,0.2,0.98,0.27699767855488505,,,0.2785184786737387
B001322,72931.17558044315,16.847118406200774,31.267236267587126,7.927619853857494,0.0,0.5230427513287387,0.0773723287293104,3.3366341391950947,13.22339304644314,0.08665752157103615,0.11421435807315208,2.448644620191611,0.15203984482093416,0.8221690151008997,1.8173953467099222,0.8456303088571321,0.8456303088571321,0.0,0.1543696911428683,0.0,0.0,0.0,0.0,0.0,0.0,0.5,,0.15047851299069,0.33712118679589353,0.18835914010109434
B001323,2535.9629465661665,1.0686738080767664,4.68201931689362,1.7612672215567975,0.10644556675703623,0.22771509891516517,0.9847270314802263,35.62872194904373,0.3087889384022692,0.0,0.09942295291421185,0.36914618085157375,0.0,0.2913157359087116,2.030653564272136,0.9326545640009776,0.5872300031465241,0.3454245608544537,0.0,0.0,0.06734543599902243,0.0,0.0,0.0,0.0,1.0,1.2795875385831355,0.3577947424477675,0.3066874663324561,0.18837769891077183
B001324,1537.0988512908446,4.44248222916429,9.1110240365963,1.0201979344607333,0.0,0.2824532316138699,0.011612169269834261,0.258951374717304,3.22667617289957,0.0,0.10681809751781816,0.0,0.5339752017658916,0.5750127569810108,2.7331546245313514,0.4885069583754521,0.3683094709751835,0.1201974874002685,0.0,0.0,0.511493041624548,0.0,0.0,0.0,0.0,0.5,,0.12016377440265055,,0.18835914010109434
B001325,18798.144910705087,8.71899114596711,13.033476119159626,16.953171810603806,0.0,0.4616038739932159,0.01771940917574725,0.3828870433716137,1.699497698019376,0.0,1.4884077742937334,1.8819486548899618,2.2524157323397955,1.396721286424243,2.0277983667200266,0.8050809239776023,0.8050809239776023,0.0,0.0,0.0,0.19491907602239775,0.0,1.0,1.0,1.0,1.0,0.22153911450723782,0.2005636384062275,,0.608845443987547
B001326,9240.19889153762,10.896460957001912,17.93373411633304,11.526345997513554,0.0,0.365,0.014489635217904365,0.4091575109346963,5.926449242665424,1.53568712091907,0.0,2.9348941999204152,0.0,0.4994303934970029,2.8816612319777426,0.4540821760529486,0.3131476903535105,0.14093448569943798,0.0,0.0,0.5459178239470516,0.0,0.0,0.0,0.0,1.0,0.1169461522604549,,,0.188624025984382
B001327,5914.11284540144,9.447464609267476,12.554332609991675,5.485862832984115,0.0,0.05054081472607566,0.018868686985103456,0.4207717197678071,4.697856685690088,0.0,0.0,0.4965303717990877,3.303130518683673,0.9499470330946257,1.9377537048393247,0.9212285648175885,0.5715971393192095,0.3496314254983789,0.05255699728284952,0.0,0.02621443789956194,0.0,0.0,0.0,0.0,0.9,0.33559950469062516,,,0.188624025984382
B001328,6577.456276005194,8.304869035360094,14.311351687520197,10.899377535157239,0.0,0.22033599577520152,1.2932099372936476,46.80300864579772,1.7868956775025588,0.7916473044211615,3.0330514870638665,1.0783665422132476,0.7459008035327146,0.8690072206265436,2.241858586243635,0.6659750110580204,0.30076136661042235,0.3652136444475979,0.12984750724205613,0.0,0.2041774816999235,0.0,0.2,0.2,0.2,0.98,0.26640251773094953,,,0.2785184786737387
B001329,3299.2442760162435,2.3365752663004558,12.297843745608038,4.680989446514443,0.0,0.45397675106266144,0.3519414298469199,12.7402797604585,0.48476089038292564,0.06246651527934717,0.05504877413557494,1.0734593600527522,0.32936457312152967,0.3314751533283264,2.6185797547084437,0.7925335864953938,0.1654232727011153,0.6271103137942786,0.0,0.0,0.20746641350460618,0.0,0.0,0.3,0.0,1.0,,,,0.18837769891077183
B001330,13042.884544058672,4.69675352684864,9.78899120780526,6.743677243647034,0.0,0.44649569988557036,0.9417307556728995,21.0824038728511,1.6204000693249776,0.0,0.0,1.1962853718626612,1.0999399516258213,0.7801281340351809,2.7142610818352164,0.6076824982151623,0.3734909560492604,0.23419154216590182,0.0,0.0,0.3923175017848381,0.0,0.28,0.28,0.28,0.7,0.42519937590729645,,,0.3131956702029707
B001331,966.9266168413936,3.1191181188432053,13.822700405269435,6.26543869620227,0.0,0.5390617337491123,0.3890965922525168,13.979585312967872,1.0443220117753635,0.1467964573954145,0.0,1.1533195387090744,0.3607146231503534,0.41396548781299997,2.233363054614307,0.8418003992700885,0.30933238877012126,0.5324680104999674,0.0,0.0,0.15819960072991152,0.0,0.0,0.0,0.0,0.6,1.3719431085402913,0.3703866172874435,0.5001519803718387,0.18837769891077183
B001332,26704.790217837013,7.41182076542798,15.470517959450314,4.263905098138445,0.1077138582106206,0.3836285744277802,1.0475522571175153,37.93825239595802,1.447608946191015,0.46642661566834903,0.0,0.8411435005311283,0.7290221914501063,3.9276195115873818,2.536780414545056,0.6998934549289263,0.6369633557765061,0.0629300991524201,0.11348675678378445,0.0,0.18661978828728926,0.0,0.2,0.2,0.2,0.98,0.30969143987858144,0.42610338346886517,0.5269531013022849,0.2785184786737387
B001333,14530.108089357267,4.4943111937387155,11.321351629869802,3.6601516371226364,0.0,0.2915272545716284,0.01740591620229107,0.38815193131109077,1.8070837771216663,1.8618351464735157,0.0,0.41084164432876136,0.0,0.41455062581477226,2.5410987935716918,0.6197060871192024,0.11402753197854501,0.5056785551406574,0.0,0.0,0.38029391288079756,0.0,0.0,0.0,0.0,0.95,,0.392200625760165,0.36455917907049307,0.1914861261152433
B001334,2959.4598928720766,3.5742269237585464,10.632736456464793,4.653144536077866,0.1464515240667685,0.4514438104152725,0.014809629283629442,0.5513700285494989,1.5738368747179083,0.0,0.0,0.43894120831893624,1.0930105117803335,0.468438328941369,2.560232574123511,0.5312027930831911,0.4398619525265666,0.09134084055662438,0.0,0.0,0.46879720691680915,0.0,0.0,0.0,0.0,0.95,0.8997119131452539,,,0.1914861261152433
B001335,2814.064645415119,8.685384708071354,17.445411606278142,12.182153558082682,0.05254050000555672,0.44615884016650087,0.015413841008416758,0.4735314980051576,2.8759764424915564,0.45259607059009227,1.0834440751884684,1.4406227289888103,2.045655730249254,0.7870896605631738,2.78543057416643,0.5441283661274643,0.0906223140388622,0.4535060520886021,0.1247433604387864,0.0,0.33112827343374934,0.0,0.0,0.0,0.0,1.0,0.20036538549013844,,,0.188624025984382
B001336,1633.2881378201505,1.6235468566800701,6.5620693643957635,2.624807889716489,0.0,0.35103968094131416,0.6659481899337302,24.003567529507286,0.36436356998172076,0.0,0.08090893101793217,0.8280160615402378,0.07055230117915884,0.27970599296102056,2.692337174551734,0.2118460825593592,0.16201140690153448,0.04983467565782475,0.5100044129514172,0.0,0.27814950448922365,0.0,0.0,0.0,1.0,1.0,0.8971288522875482,,,0.18837769891077183
B001337,1695.8783952395484,3.631431253189611,14.07870099075888,3.862265233676628,0.0,0.37684253018877156,0.009032720370782362,0.257933379769891,1.5359599252402127,0.19434670439992716,0.0,0.516918802335118,1.022273686655459,0.361932134558895,2.6539713164382475,0.577037311696008,0.29553021012068287,0.2815071015753254,0.0,0.0,0.4229626883039921,0.0,0.0,0.0,0.0,1.0,0.15411514096620443,0.2853836758492297,,0.1914861261152433
B001338,6359.874148727569,4.0100089210136,13.74899964052337,4.923218083081036,0.0,0.365,0.016973756794183035,0.36576855340057,1.393221205740296,0.0,0.0,0.3471161534070755,1.6919659363450206,0.5777056255212074,2.7184614552699213,0.6245914693499585,0.20265576554674922,0.42193570380320916,0.0,0.0,0.3754085306500416,0.0,,0.0,,0.95,,,,0.1914861261152433
B001339,2769.9804205480864,8.419393375526099,14.076096191590162,14.697689885033569,0.0,0.32921090575413203,0.01631132321404495,0.6237393394144763,1.5979327101197303,1.4175217052338938,0.0,2.055613209186222,2.460531294428273,0.8877944565579798,2.4399102621486737,0.5179624203870384,0.34959854403527957,0.16836387635175887,0.29224567432383725,0.0,0.18979190528912437,0.0,1.0,1.0,1.0,1.0,0.1773113440894791,,,0.608845443987547
B001340,23936.524645816844,5.213793214074677,13.324728845998084,10.060203350422675,0.0,0.15408238938753394,0.011788276827905262,0.26287857326228736,0.47153107311621045,0.0,1.2817265170870145,1.622481366157134,1.4964134911578029,0.34164076655651543,2.3027722578710925,0.8836648098588246,0.5966542918508947,0.28701051800792987,0.0,0.0,0.11633519014117534,0.0,0.0,0.0,0.0,1.0,,,,0.1914861261152433
B001341,1337.4390428164036,1.2713298886087487,10.579294958850548,1.0574285008437374,0.0,0.2273578164143158,0.596509056429265,21.597131250713183,0.4358576465435593,0.0,0.04248525499787817,0.10198075160862582,0.566594568285717,0.12441166717296848,1.6595769016659636,0.895456897058385,0.4497861287059182,0.4456707683524668,0.08021580592290344,0.0,0.024327297018711606,0.0,0.3,0.3,0.3,1.0,0.7861039829602804,0.36460943873092116,,0.31989570700826886
B001342,26906.325308761636,11.853006743947857,21.89014439795154,6.811936743908353,0.0,0.08730968326127288,0.03657299049184809,1.61251174841445,8.928306901264904,0.9817902841776954,0.0,1.0228217607981696,0.17785235922379727,0.7422354384832882,3.1861542726657732,0.2467475051573983,0.16045532774676602,0.0862921774106323,0.0,0.0,0.7532524948426015,0.0,0.0,0.0,0.0,0.5,0.15582635039612142,,,0.18835914010109434
B001343,1796.413935113735,2.569977017330093,5.879329720282765,1.3517942763434134,0.0,0.2841829965086907,1.1830148452903457,26.38123104997471,1.478768556612932,0.5460644583383614,0.0,0.0,0.22103657579808475,0.32410742658071445,2.8593878788654314,0.42459852884240923,0.42459852884240923,0.0,0.0,0.0,0.5754014711575905,0.0,0.0,0.0,0.0,1.0,,,,0.18835914010109434
B001344,8386.07458548319,2.4174328583116718,14.204916765706423,3.832741340317875,0.0,0.23123061886685628,0.49448504141497335,17.812867570803718,0.6117479494127342,0.4222164864062449,0.09077729569253268,0.44386691717424037,0.551559193253382,0.29726501637253816,2.509615548020655,0.5580393687094224,0.14626945873855146,0.411769909970871,0.1746548968069871,0.0,0.2673057344835907,0.0,0.0,0.0,0.0,1.0,0.6123204232023255,,,0.18837769891077183
B001345,1975.4317749134354,1.983365235856863,11.409005588022154,3.6249531334860823,0.0,0.4262947711056157,0.5067850683606917,18.309899809088524,0.278074956569872,0.787194030767817,0.05759636615123947,0.5211590766175982,0.11802668710597221,0.22131411864436326,2.2821003328713325,0.7953444432012046,0.5325793875293253,0.2627650556718791,0.05950829679384884,0.0,0.14514726000494646,0.0,0.0,0.0,1.0,1.0,,,,0.18837769891077183
B001346,5784.007670473177,1.6315959578203603,11.501606984654863,2.974651836490338,0.12227963851745734,0.6583590084723385,0.24442250246511624,11.42894242771906,0.7150753282763072,0.08873433615245961,0.0,0.5463361480947827,0.0,0.2814501452968112,2.1189581939041298,0.7827030399910706,0.7827030399910706,0.0,0.0,0.0,0.21729696000892948,0.0,0.0,0.0,0.0,0.6,,,,0.18837769891077183
B001347,5524.518638892555,2.307651895945094,7.974092409657282,2.8726719539006575,0.12518880746639532,0.2778924787371125,0.008475502890509887,0.18900371445837047,0.33902011562039547,1.6099970746095522,0.0,0.03500298730644969,0.0,0.32363171840869687,2.5342711281876884,0.8530887105563423,0.8379204837679105,0.015168226788431749,0.0,0.0,0.14691128944365783,0.0,0.0,0.0,0.0,1.0,0.797872199067184,0.569548779041133,,0.1914861261152433
B001348,6133.868655503323,2.733453055037131,12.322811938875098,4.5890523669266345,0.00544425013299374,0.30348504681298616,0.6748431209641566,24.363947959443347,0.8407668522855537,0.5510724173727793,0.05073208062051746,0.7549561388841778,0.35325359817273816,0.18267196770136476,2.5783905362031856,0.5560266218656099,0.5560266218656099,0.0,0.12923346077657058,0.0,0.3147399173578194,0.0,,,,1.0,0.7392971670401116,,,0.18837769891077183
B001349,2847.0700380186436,1.6390731364528748,10.458085004844188,2.3177048216146092,0.0,0.3247869875655046,0.32534940313372146,15.288410169358976,0.4481684174803531,0.3928949138517121,0.0,0.415708898536677,0.23681129201422632,0.14548961456990653,2.134570024090641,0.6707159578303843,0.41709158360855164,0.2536243742218327,0.0,0.0,0.3292840421696157,0.0,,1.0,,1.0,0.567626573838481,,,0.18837769891077183
B001350,1237.2885528497684,1.8195419894849536,11.968461566422333,2.669321044115571,0.0,0.3852735770025961,0.9798067129112114,35.46900300738585,0.6580055527420657,0.4341971554331087,0.0,0.4954325604882018,0.0,0.23190672082157737,2.0514380448392955,0.6647904214269992,0.4261605036002529,0.2386299178267462,0.27228421402269526,0.0,0.0629253645503057,0.0,0.0,0.0,0.0,1.0,0.5560292067049594,0.339748469991052,,0.18837769891077183
B001351,4453.359949109181,3.169651209330378,9.468593795968387,4.852176451918155,0.32382686999776844,0.29358487490951934,0.009667055409420906,0.21557533563008624,0.38668221637683625,1.8601128554592319,0.26862582522233774,0.0,0.0,0.6542303122719725,2.4192894919265173,0.8719708814496998,0.8719708814496998,0.0,0.0,0.0,0.12802911855030027,0.0,0.0,0.0,0.0,1.0,,0.3240307708426079,,0.1914861261152433
B001352,6645.671283737901,5.389838835148338,12.347053645592892,9.59911997594328,0.0,0.33163133156139973,0.022050076585650873,0.5268678449660966,1.1723579071314063,0.244096452749435,0.0,1.501558628379271,1.4640577341920809,1.0077681126961462,2.3007962029179843,0.7350177112670069,0.41809651210196647,0.3169211991650404,0.0,0.0,0.2649822887329933,0.0,1.0,1.0,1.0,1.0,0.2189112224486233,0.43129366261967106,,0.608845443987547
B001353,801.5516212263303,1.5594389518021992,8.874176105021299,2.957681631881186,0.27354316346164353,0.30003823028917553,0.509459505792154,18.420331727123962,0.27949596595291676,0.5614061155529109,0.0,0.2931830896289087,0.12153610807693346,0.3038176725905294,2.3307041701019813,0.7651523299057934,0.40514714028031334,0.3600051896254802,0.0,0.0,0.23484767009420646,0.0,,,,1.0,1.1260725804996663,0.44225214735117807,,0.18837769891077183
B001354,7846.175287031247,4.519686225248414,16.598529189756974,7.0543111072878775,0.03325342491968099,0.3722526133581222,0.011340896637629955,0.26993256183430075,1.2052105409820306,0.665954924922512,0.0,0.39928195631272023,1.9738810549896266,0.27535774804152363,2.609338918986375,0.26987403035236823,0.26987403035236823,0.0,0.4367296658699215,0.0,0.2933963037777101,0.0,0.0,0.0,0.0,0.95,0.5288009544762605,,,0.1914861261152433
B001355,1142.853659742252,2.0703870647504563,8.587828818322052,3.2111490339338955,0.0,0.356594053784452,0.475090092813158,17.148907884560224,0.6521119409584099,0.0,0.10233839821329554,0.8754779901784733,0.21760391608144633,0.22285481931883208,2.3354057592311865,0.6689454128238262,0.5638424010313554,0.10510301179247086,0.0,0.0,0.3310545871761741,0.0,0.30000000000000004,0.30000000000000004,0.30000000000000004,1.0,0.9738664178570307,,,0.31989570700826886
B001356,14623.319512766582,10.298112332934213,20.470056121716116,18.530009253661984,0.0,0.30051973431254553,0.018609671723229696,0.863488767957858,1.9926584878025717,1.0740557716624786,1.3842724861488402,2.5104074827121994,2.5648765494918306,0.7718415551162925,1.6711155373316873,0.9719488071437649,0.8375287851634431,0.13442002198032182,0.0,0.0,0.028051192856234967,0.0,1.0,1.0,1.0,1.0,0.139851462638324,,,0.608845443987547
B001357,932.60487465859,1.2899099234558644,9.870196569330844,1.794285951943163,0.01945569362522694,0.33367166066095216,0.18801201121056546,4.165414578420719,0.3629856246628524,0.3792714334428689,0.04533614325911746,0.3585418868812105,0.0,0.14377483520981557,2.059824829416572,0.9136319590486115,0.9136319590486115,0.0,0.0,0.0,0.08636804095138871,0.0,0.3,0.3,0.3,1.0,0.7040552078066891,0.46800894378629815,,0.31989570700826886
B001358,445.2573811244494,1.1686545436337255,5.972213301986634,1.2468880109387548,0.07513380671432805,0.365,0.8672656187632306,40.76148408187184,0.35475177399211594,0.4569958266341178,0.0,0.0,0.15189618533877006,0.2050107576687217,2.245966263433362,0.8812536247903223,0.4902092146833203,0.391044410107002,0.0,0.0,0.11874637520967771,0.0,0.0,0.0,0.0,1.0,0.8599403640460526,,,0.18837769891077183
B001359,33429.19487680399,8.284806660917965,21.102810139385394,3.5063993712227104,0.0,0.2203195052917245,0.028387248105996098,1.2090691227000054,6.272051128622966,0.3527814712735285,0.11416645994523719,0.8014274135921574,0.2233859933106234,0.5209941941734508,3.293131797705018,0.20036364503858464,0.0898488302684901,0.11051481477009457,0.042581738562193557,0.0,0.7570546163992216,0.0,0.0,0.0,0.0,0.5,0.10219749734361362,,,0.18835914010109434
B001360,20740.232529673194,6.342578755251742,14.593851039128527,6.089861513283712,0.0,0.4084871289220106,0.010221904896160714,0.3575731443195741,2.3328066964835603,0.07233026859903977,1.1297422254125093,0.4585446566981795,1.426990806059016,0.9221641019994378,1.5672030093692058,0.9786166406945931,0.5755104073893282,0.4031062333052649,0.0,0.0,0.02138335930540702,0.0,0.0,0.0,0.0,1.0,0.08901994587325772,,,0.1914861261152433
B001361,17163.338908272453,4.9462071781765,12.835186462911926,7.08614001830368,0.0,0.29664967003387555,0.016236178706652064,0.3124573497331585,0.287953012537244,1.1534510856967939,0.0,0.5421786483287513,2.5999371652909726,0.3626872663227387,1.6398587774572657,1.0,1.0,0.0,0.0,0.0,0.0,0.0,0.0,0.0,0.0,1.0,0.6357429690758658,,,0.1914861261152433
B001362,48124.483040161045,16.999110929057238,54.068744042822374,1.1751056895286665,0.0,0.24,0.028110237619346404,1.8721418254484703,15.80145164164744,0.7884959176737353,0.0,0.0,0.0,0.4091633697360665,1.7136361539693858,1.0,1.0,0.0,0.0,0.0,0.0,0.0,0.0,0.0,0.0,1.0,,0.29918000958329083,,0.18835914010109434
B001363,2005.8939773026457,4.845154534547453,8.039127836144447,8.059436267209914,0.0,0.39911754347223444,2.2830996764667364,82.66178627151922,0.6021826528143177,1.3261988717376203,1.460941278428914,0.5627602563288114,0.0,0.8930714752377893,1.896014730407965,0.9812131571789783,0.6796869069816006,0.3015262501973776,0.0,0.0,0.01878684282102169,0.0,0.0,0.0,0.98,0.98,0.3276260974915239,0.32290640981016117,,0.19030060538549587
B001364,5308.351148550551,8.268459732944784,24.916357958589515,8.701035957697501,0.0,0.07353028823127572,0.012165528441319927,0.21810392500119113,1.9910291926303603,0.0,1.4004227345282787,0.5385318360461933,4.064789752013977,0.27368621772597773,2.3993276232159904,0.7592019243079436,0.5247018320055142,0.23450009230242935,0.0,0.0,0.2407980756920566,0.0,0.0,0.0,0.0,1.0,0.26255886910843534,,,0.1914861261152433
B001365,8598.434569465102,14.52438271869105,28.40497230945153,10.499753009157752,0.0,0.19741762744805139,0.03992802556139151,1.589276196770682,8.641956820622472,2.087355687554895,0.0,2.157568987314156,1.0235400348450696,0.6139611883544633,2.993053699823893,0.2564554365509116,0.04227106929400674,0.21418436725690473,0.14854806769430803,0.0,0.5949964957547809,0.0,0.0,0.0,0.0,0.5,0.13850044051120497,,,0.18835914010109434
B001366,17476.752480740182,7.139196274812166,11.971873849301353,14.653136704109142,0.16570401442791005,0.3333883595198693,0.0341907524153429,1.0151279479743713,1.6468579439616848,0.4932161417943795,0.0,1.6556296099058494,2.300852225820145,1.0426403533301067,2.558351587120152,0.7214453081731154,0.48953830545530425,0.23190700271781073,0.0,0.0,0.27855469182688497,0.0,1.0,1.0,1.0,1.0,,,,0.608845443987547
B001367,2711.821549183327,8.719683437888511,16.457888128822532,11.335877571861664,0.0,0.3733840890019007,0.01594528994471926,0.16278937143942107,3.0308204769215115,0.3896176682350553,0.0,1.9306572694033486,2.7420709934568133,0.6265170298717818,2.509856630565654,0.38631999055051774,0.38631999055051774,0.0,0.2660962355074054,0.0,0.3475837739420768,0.0,0.0,0.0,0.0,1.0,0.17531482969438594,,,0.188624025984382
B001368,4642.765754352976,4.752063208140201,14.655638164104909,8.635883288515032,0.0,0.4149430224367629,0.013202975763453036,0.2516040825322554,0.4170365999473374,0.5237303474520569,1.136078204962317,0.7754481112922141,1.4455717387758475,0.4541982057104271,2.274615001728619,0.8895059315785894,0.47509602161473913,0.41440990996384997,0.0,0.0,0.11049406842141078,0.0,0.0,0.0,0.0,1.0,0.735577709884584,,,0.1914861261152433
B001369,46664.82005312,13.50646021797974,17.006080290330235,13.018158401277917,0.03776754019379034,0.28716269418457685,0.02511249067826964,0.8821588988458416,7.6824314890325605,0.0,2.2872679067105572,1.1713619073094244,1.0807953946982318,1.2846035202289645,2.9893301458807584,0.3423906365513578,0.2556645892817621,0.08672604726959568,0.08002062548257328,0.0,0.5775887379660689,0.0,0.0,0.0,0.0,1.0,,0.3394182604068899,,0.188624025984382
B001370,2375.2751051667033,2.6217164516188776,13.43876037146132,4.206851042588243,0.0,0.08974176107027813,0.37310841219384977,13.482988976123144,0.5596477265134898,1.1112055000883172,0.060252520828749656,0.44161663647758986,0.16044423888119183,0.2885498288295409,2.6627758769849987,0.35365213505712323,0.1622244324173349,0.1914277026397883,0.4238465602953216,0.0,0.2225013046475558,0.0,,0.0,,1.0,,0.22971369338812928,,0.18837769891077183
B001371,7715.032267331987,1.8739451705931471,7.722531074402623,2.1788608200450787,0.1285367505649323,0.3052986818893993,0.6844558407263065,24.652833524085672,0.37415425649159734,1.013810482310967,0.0,0.05079197820451168,0.12919465360598545,0.3059937999800857,2.188794325535528,0.800338738633869,0.2593354594450374,0.5410032791888316,0.0,0.0,0.19966126136613102,0.0,0.0,0.0,1.0,1.0,0.7847876724112856,,,0.18837769891077183
B001372,22286.47341431198,4.5631599947403725,8.464222060184317,6.291341599517761,0.08379888106653541,0.3825172844720604,2.016202488423417,72.98361709245268,0.9210332376998229,0.8680906767469196,0.9021317142653171,0.4121591689916345,0.7555328650922837,0.7042123319443933,1.8596822567517115,0.9469502453058543,0.9469502453058543,0.0,0.0,0.0,0.05304975469414564,0.0,0.0,0.0,0.98,0.98,,,,0.19030060538549587
B001373,22786.13167571751,9.586088210230336,12.3353559662576,15.209254467513937,0.0,0.4212013713510779,0.020404921540041258,0.7821426855912471,2.0123540790738668,1.3903594791678082,0.0,2.0048051014216406,3.07363300675386,1.1049365438131609,2.4654935641883458,0.7900755725441512,0.26300359747999047,0.5270719750641607,0.0,0.0,0.2099244274558489,0.0,1.0,1.0,1.0,1.0,,0.2917816571383501,,0.608845443987547
B001374,3299.3477467558428,4.909743670767623,9.216530933666702,8.921883170589883,0.1887104888872241,0.44117342814147775,1.0377078947817762,37.513386117983565,1.7754104871215386,0.44336592588779294,0.0,1.9322429495058475,0.0,0.7587243082524441,2.8566883086933403,0.6229999158773188,0.1391439277250449,0.4838559881522738,0.0,0.0,0.37700008412268127,0.0,0.28,0.28,0.28,0.7,0.31546685232043725,0.3070979276126638,,0.3131956702029707
B001375,799.1932087866733,1.1177527395617808,7.887395213540389,0.9748570750087125,0.0,0.021,0.19032714542184515,6.893487096672948,0.2920115929745647,0.37127295517605274,0.04199841122982571,0.08042083710323694,0.1848083206969485,0.1472406223811522,2.608411574506218,0.7249758603797788,0.3928156767942643,0.33216018358551436,0.0,0.0,0.2750241396202213,0.0,0.5,0.5,1.0,0.5,,,,0.4049048318617571
B001376,764.0522921265233,0.8802445761826305,4.04989104616701,0.4554485865087915,0.0,0.1429734515640764,0.32422852778771194,11.708567087469497,0.4075995258783916,0.0,0.03810737621556525,0.23087944398273766,0.0,0.20365823010593628,2.2523818475255193,0.7986948458150436,0.5364047389177131,0.2622901068973306,0.0,0.0,0.20130515418495668,0.0,0.5,0.5,1.0,0.5,0.8440068339827356,,,0.4049048318617571
B001377,21682.62290227767,9.35402195956759,24.4687611794311,13.568223127932445,0.0,0.1703533861042205,0.037052765650552814,0.5196839287696768,2.4359483186685416,1.5827969069552668,1.2541668729744475,1.8883404389370293,1.8801257241559235,0.3126436978763805,1.6915345730599587,1.0,1.0,0.0,0.0,0.0,0.0,0.0,0.0,0.0,0.0,1.0,0.8279066534824039,,,0.1914861261152433
B001378,5665.717013046963,2.5882672512777356,15.172417124814357,4.452448476134105,0.006935581839715496,0.6325206573005523,0.3303744950810363,7.337200835856003,0.8599845841699013,0.10362394141166001,0.04128864133451248,1.1563065164154527,0.13669134434595193,0.29037222360025683,1.4925120924234794,0.9471880872122179,0.9071520587223065,0.04003602848991137,0.052811912787781974,0.0,0.0,0.0,0.0,0.0,0.0,0.92,0.6252218143043498,,,0.18837769891077183
B001379,3344.6762928995395,1.2475480391270195,6.088669232862844,1.0483236722412335,0.0,0.43299999999999994,0.29731419048723784,10.729568056607201,0.45713420816904937,0.49900206798682717,0.0,0.0,0.0,0.2914117629711432,2.5587711351103217,0.5309319574871056,0.5309319574871056,0.0,0.0,0.0,0.4690680425128945,0.0,0.5,0.5,1.0,0.5,0.9607385821882454,,,0.4049048318617571
B001380,25204.397324906393,6.197294645907645,17.996592304975408,6.736302922454707,0.0,0.23050956302901648,0.019145569439655948,0.5878458265786848,1.605367973342851,0.8187346328252351,1.3289094253391731,0.2888611581496904,1.6796120018976897,0.475809454353006,2.7038984666310584,0.6088450292146701,0.07677696180981237,0.5320680674048578,0.13211161960257653,0.0,0.2590433511827533,0.0,,0.0,,0.95,1.4098016718942417,,,0.1914861261152433
B001381,2947.96170109102,8.098795882118187,19.777039321501995,4.570913710912067,0.0,0.3569775236400487,0.02810310790121931,1.6844252771341202,6.1518102069024,0.3003444972897455,0.12875782021840132,1.041729820096933,0.0,0.47615353761070794,2.957678378700719,0.37963700146143586,0.3637386108744236,0.015898390587012243,0.037085080505966816,0.0,0.5832779180325974,0.0,0.0,0.0,0.0,0.5,0.07698071753066034,,,0.18835914010109434
B001382,5452.136044241154,7.230949660797287,11.934515215633704,11.699289382515412,0.17738439094728436,0.16693465317690706,1.6569726335829646,36.9484862341495,2.1604367919315433,1.0000499751378287,1.4951083408367907,1.4863231475454257,0.0,1.0890314053456998,2.583785437925384,0.6573908000915356,0.3135392675379117,0.34385153255362394,0.0,0.0,0.34260919990846456,0.0,0.0,0.0,0.0,0.98,,,,0.19030060538549587
B001383,7900.964367344972,14.18485523760318,19.07382116400304,21.72625244970818,0.12721126301821223,0.3879331592860577,0.015077424130736511,0.4802078544238787,4.255912293911724,2.239055147142019,0.9144110578606691,3.0743701893898794,2.749286486398916,0.9518200628999749,2.3702740285702757,0.6823636496477359,0.4600514616006528,0.22231218804708297,0.0,0.0,0.31763635035226423,0.0,,1.0,,0.5,0.27399488759506874,,,0.188624025984382
B001384,2865.7980495085676,6.439995616873186,18.93920353577885,9.213591523110754,0.0,0.26495220183434853,0.015967964282540183,0.5895592820344304,1.4748266449509322,0.0,1.29713553897459,0.5666037857953287,2.3994253800027305,0.7020042671496024,2.250484483568927,0.5964810686086853,0.5084990544112236,0.08798201419746185,0.3725818343285961,0.0,0.030937097062718105,0.0,0.0,0.0,0.0,0.95,0.20292263547605377,0.6100157140238648,,0.1914861261152433
B001385,20833.153269263126,6.2807215162083585,19.63276625511488,10.708985554167768,0.0,0.21055708757146566,0.019226080942405285,0.41438835411523317,1.4596000006790866,1.4615638345237671,0.0,1.2343990404284066,1.5329161733030057,0.5922424672740935,2.2916988376549217,0.7585954850581028,0.5258891262819687,0.23270635877613405,0.0,0.0,0.24140451494189744,0.0,0.0,0.0,0.0,1.0,0.6138792901687175,,,0.1914861261152433
B001386,421.7906624143751,0.731006347338605,5.540921155698586,1.4596428329163462,0.3348370767036839,0.433,0.39186431707580727,14.143901280986674,0.21476065194312655,0.0,0.0,0.24236375489799059,0.08218904958323114,0.19169289091425684,2.728157679354683,0.5928865331021268,0.2613384476711712,0.33154808543095554,0.0,0.0,0.40711346689787337,0.0,0.0,0.0,1.0,1.0,,,,0.18837769891077183
B001387,59358.63768178954,12.25152480532292,23.896972250753006,1.1249811631994213,0.6274657151333175,0.43974058049771303,0.0348336993696653,1.5358259939624637,8.503705994402921,0.0,0.07950976634547399,0.1245874217384781,0.0,3.5437216228360446,3.2503695333729277,0.30459599798341747,0.30459599798341747,0.0,0.0,0.0,0.6954040020165825,0.0,0.0,0.0,0.0,0.5,0.15397521209229495,0.25242678257813445,,0.18835914010109434
B001388,1020.9301769816707,1.2285561696530334,6.11775062792653,1.5050169901364483,0.48171660570306546,0.15086217744813618,0.3997357247509171,18.757979494630284,0.5508315526574759,0.21097309475101583,0.0,0.13857449250384152,0.128702635798468,0.19947439394223224,2.8261112158449135,0.42479612307099723,0.42479612307099723,0.0,0.17172441925109413,0.0,0.40347945767790866,0.0,0.0,0.3,0.0,1.0,0.6252019434543532,,,0.18837769891077183
B001389,5331.317934746474,5.106626374278232,16.509320098513285,6.422360460274994,0.0,0.2889139756672145,0.013949111444261123,0.5049578342822527,1.3949111444261124,1.7147518577119107,0.4630845911490813,0.0,1.1081551227090933,0.4257236582820345,2.2763788738073805,0.713952058399036,0.713952058399036,0.0,0.0,0.0,0.286047941600964,0.0,0.0,0.0,0.0,1.0,0.8372055294157534,0.41995416180950923,0.5794434566510779,0.1914861261152433
B001390,12668.649558081494,4.203267935660747,7.705542338913638,4.107915809001676,0.0,0.021,1.2591021621428922,45.57589910706575,1.746842279240774,1.3698927383237074,0.0,0.4804264312754731,0.0,0.6061064868207938,2.5429051979229995,0.5849452373102078,0.5849452373102078,0.0,0.0,0.0,0.41505476268979236,0.0,0.0,0.2,0.0,0.98,,0.3908199370809869,0.7519377236327202,0.19030060538549587
B001391,663578.1803902731,144.91770700814,291.21598420501624,205.91033158721748,0.0,0.02502422704911978,2.2014722867322742,79.54729788038087,1.4333893554703894,0.6213476614917237,141.64671619482485,0.07986950104005737,0.6069566879987661,0.5294276073142256,1.9951828263007576,0.9979290668636808,0.9894531920044306,0.008475874859250266,0.0005511369361893858,0.0,0.0015197962001296905,0.0,0.0,0.0,0.0,1.0,0.7136388371660857,,,0.18835914010109434
B001392,50729.573730577926,11.448786669053922,19.939560136426724,7.558834058315677,0.203406265717851,0.19247551721717607,0.04140715296576385,1.6712373507516374,8.351240156594805,0.506174372787507,0.12984328467844858,1.5825299791546124,0.0,0.8789988758385459,2.7809472897592014,0.40124896021448764,0.26302208736758664,0.13822687284690105,0.0,0.0,0.5987510397855121,0.0,0.0,0.0,0.0,0.5,0.09744676043683165,0.13072238680702158,,0.18835914010109434
B001393,2936.8056717264612,3.3873191138713508,9.705987590993564,7750.572856621296,0.10565436072837765,0.5903973744299507,0.020246319301136493,0.38476240858586636,1.6427323946919175,1.0003336455864809,0.0,0.09692994505603404,0.30984760063564665,0.3374755279012724,2.8910766153288354,0.2588580370232464,0.2588580370232464,0.0,0.2953172145753945,0.0,0.4458247484013592,0.0,0.0,0.0,0.0,0.95,0.9442331467861669,0.45635865056700187,0.18278024344938715,0.1914861261152433
B001394,15893.32071727931,4.988487356333745,10.510236995149251,7.430074737295435,0.15848483751645492,0.3162937014127531,1.0088424152005673,22.49159941482845,1.4252442606521574,1.1991357065685933,0.5146067050053191,0.3420625988508122,0.9497493461682873,0.5576887390885742,2.6461925079038986,0.49108916333061314,0.3879302960736004,0.10315886725701273,0.24038062460879725,0.0,0.26853021206058947,0.0,,0.20408163265306123,,0.98,0.24050334040840224,,,0.19030060538549587
B001395,1289.872431583997,2.750261048153512,8.008034482507274,0.13887109855658195,0.0,0.433,0.010984127067887393,0.27511728338531083,2.1933810010248465,0.0,0.066102642912933,0.0,0.0,0.4907774042157316,2.41121079331586,0.6604607857927942,0.6604607857927942,0.0,0.0,0.0,0.3395392142072057,0.0,0.0,0.0,0.0,0.5,0.7809503171006447,,,0.18835914010109434
B001396,2078.9174681218246,1.2653179964222914,7.869509223258579,1.5493351502439439,0.08066525500576788,0.387228370683591,0.22585851478557212,8.097684838551842,0.32510717147793533,0.12692176340196515,0.02290653061501016,0.0,0.5720053270936315,0.21837720383374915,2.4103969794556486,0.886819441662926,0.3344467634335598,0.5523726782293662,0.0,0.0,0.11318055833707395,0.0,0.5,0.5,1.0,0.5,1.1056662067035241,0.3616248992971834,0.29646406926810615,0.4049048318617571
B001397,1306.195871089069,3.910766081104997,5.755495101967846,1.6573640883165828,0.0,0.433,1.601211073653294,35.772240909886754,2.2375218885222643,0.0,0.0,0.0,0.7889053060386934,0.8843388865440399,3.2117566590684135,0.18988760151412779,0.18988760151412779,0.0,0.20172653891275086,0.0,0.6083858595731214,0.0,0.19999999999999998,0.19999999999999998,0.19999999999999998,0.98,0.29957207133582525,0.42538753453173905,0.5490678271610909,0.2785184786737387
B001398,3438.696861154818,8.01561039896228,14.155883692029867,7.239206389023193,0.0,0.305314483767701,0.014368154554641879,0.32040984656851396,3.2820657612126123,0.0,1.9443404216764841,0.6167546344091925,1.6447651319721623,0.5276844496918303,2.620529736175404,0.5799565091721519,0.26044309364770957,0.31951341552444246,0.0,0.0,0.42004349082784825,0.0,0.0,0.0,0.0,1.0,0.1489440206446499,,,0.188624025984382
B001399,784.0743762783877,1.5871950936809467,12.112587424437594,2.6098171952346174,0.0,0.48554580741059833,0.3425840437551597,16.101450056492506,0.42823005469394965,0.3855078144328571,0.037045066301687676,0.4991421343692774,0.0450236402151734,0.1922463836680016,2.096554973718145,0.7207785575633548,0.7207785575633548,0.0,0.0,0.0,0.27922144243664504,0.0,0.0,0.0,0.0,1.0,,0.2971421045208148,0.3494996978427292,0.18837769891077183
B001400,5357.109590146168,8.007637653432239,10.606697263035235,5.4824204418507625,0.0,0.3339258123442329,0.019515017041778458,0.21466518745956303,4.457745009543303,0.8202484389920676,0.0,0.44737896838287144,1.6453387047278272,0.6369265317861685,3.0297007066016675,0.2562621631054513,0.2562621631054513,0.0,0.15830229366479986,0.0,0.5854355432297488,0.0,0.0,0.0,0.0,0.9,0.24110331760843015,0.2949301024296245,0.40189260008829214,0.188624025984382
B001401,37061.584321165756,8.403987374414003,17.08010921415364,6.926462685088717,0.17324818302982273,0.3669643879505928,0.03308141293214311,1.1449808540559148,4.605907550230798,0.46301755036743103,1.0010406777467065,0.5891709235143333,1.1347015074488047,0.6101491651059288,2.798129056285039,0.45193783081427313,0.45193783081427313,0.0,0.0,0.0,0.5480621691857267,0.0,0.0,0.0,0.0,1.0,0.22762021716552494,,,0.188624025984382
B001402,1485.344129423447,1.6955983212596426,8.581099206045678,2.061899034762464,0.0,0.453,0.5571745972765486,20.169720421411064,0.6964682465956857,0.6445069977310217,0.0,0.13589390220339198,0.0,0.2187291747295429,2.5509774165678483,0.5316512050551181,0.45150610199648933,0.08014510305862876,0.0,0.0,0.46834879494488196,0.0,0.0,0.0,0.0,1.0,0.8125114617852419,0.34513721622930377,0.7502826932910132,0.18837769891077183
B001403,21594.503577743915,5.259255620492916,11.928668349010588,3.0895937054376312,0.0,0.2670416070967232,0.008064461400118272,0.2973198407089873,2.70821464929345,0.0,0.0,0.35290497399570825,1.6246339718957714,0.5735020253079863,2.799921036877227,0.44527820499656257,0.1363687149224702,0.3089094900740924,0.0,0.0,0.5547217950034373,0.0,0.5,0.5,0.5,0.5,0.33463643836533186,0.3562055277715901,,0.40513160691334116
B001404,4701.734786881527,5.028593354953505,12.615387384154365,5.327348506792247,0.08593720719027892,0.10114868870447548,0.012786787299964917,0.4125646497907485,2.492515155937089,0.6709971014090383,0.17417061517926694,0.6395888013579358,0.5931328296722994,0.4581888513978766,2.814541812716498,0.3708951919466997,0.09111670382862229,0.27977848811807743,0.13343634174516436,0.0,0.4956684663081362,0.0,0.0,0.0,0.0,0.5,0.5074314819679706,,,0.18835914010109434
B001405,1988.7310813112085,4.469058609688109,10.195590212684364,9.687983177960284,0.0,0.453,1.2039091131450619,56.50242563155589,1.4937184400217074,0.7419228228060323,0.0,1.8162419474260973,0.0,0.4171753994342718,2.5671064577748424,0.6629716131668906,0.49695839033788614,0.16601322282900433,0.0,0.0,0.3370283868331095,0.0,0.0,0.0,0.0,1.0,0.8108200450947051,,,0.18835914010109434
B001406,14901.227366388555,4.4243549187614475,8.103236545374228,5.653343430062385,0.40765609961189536,0.3135950062731241,1.5581778907845625,56.36676136572684,2.036380041819698,0.7143498350684007,0.30326818904503344,0.8153330253609734,0.0,0.5550238274673419,2.929692305625852,0.359730209810597,0.359730209810597,0.0,0.16145852857310453,0.0,0.47881126161629833,0.0,0.0,0.0,0.0,0.98,0.4040723259936258,,,0.19030060538549587
B001407,24204.210044531716,5.14983192436845,14.123824360698638,8.380170978924365,0.0,0.20946293663629711,0.9409594657493175,34.0627326601253,1.1761993321866469,0.7706251537654959,0.0,2.641045434195201,0.22849988378603306,0.3334621204350736,2.3644876508817614,0.7377110636352643,0.7377110636352643,0.0,0.0,0.0,0.26228893636473577,0.0,0.0,0.0,0.0,1.0,,,,0.18835914010109434
B001408,3533.8300975129155,4.177104134176023,7.296118175640534,8.185700811971019,0.0,0.365,1.211184451508326,56.357804878837,1.6724711520282927,0.0,0.0,1.928145893005923,0.0,0.5764870891418069,2.3662475768979636,0.4062475798589279,0.4062475798589279,0.0,0.46159871314442813,0.0,0.13215370699664386,0.0,0.28,0.28,0.28,0.7,,0.45269096914232015,,0.3131956702029707
B001409,1136.0310150096939,1.2176109485634448,5.87084405879668,0.49451522248789315,0.0,0.29594019211344746,1.2919867390892745,46.69131071617049,0.6945468984350162,0.0,0.0,0.11684968014296311,0.18332324577436068,0.22289112421110474,1.4859000384045944,0.8802626163281477,0.8802626163281477,0.0,0.09596635138738206,0.0,0.023771032284470087,0.0,0.0,0.0,0.0,1.0,0.4716347515735869,,,0.18837769891077183
B001410,10168.81002951005,2.1313791719786312,16.046140021701017,3.2099683790589766,0.0,0.30396284298537657,0.3187991684865215,14.9286000264334,0.5477661631418482,0.6130065327003568,0.052522572628792355,0.5466130324086316,0.24769878183429822,0.12377208926470423,2.028374190578277,0.8541281545132561,0.28541557925968986,0.568712575253566,0.11621525868827509,0.0,0.029656586798468935,0.0,0.3,0.3,0.3,1.0,,,,0.31989570700826886
B001411,12384.471012106063,5.586139382997773,18.773097634423674,6.607774994320284,0.0,0.2923973127117985,0.008804901274142383,0.09284593518293781,1.8168922129028848,0.4299727850422553,0.0,0.7575051302563857,2.31076219710722,0.2710070576890268,2.547529351467957,0.5308196992612902,0.4538483321752952,0.076971367085995,0.13560440911337848,0.0,0.3335758916253311,0.0,0.0,0.0,0.0,1.0,0.1371629886584834,,,0.1914861261152433
B001412,16352.65842784255,3.3919639966485273,15.530228557175636,5.447174197023862,0.0,0.08881390080590174,0.5950071194673032,21.44253341503397,0.3254693343475628,1.2972489779862828,0.0,0.16103765576333998,0.0,1.6082080285513423,2.174654769163783,0.9040469372112596,0.9040469372112596,0.0,0.0,0.0,0.09595306278874036,0.0,0.0,0.0,1.0,1.0,0.7200402088664531,0.340313738090374,0.8645762872577368,0.18837769891077183
B001413,3996.7415191551677,4.372802537368893,12.39366273525009,7.803284993488631,0.0,0.456674055691961,0.0139759028694052,0.30647881373584634,1.8438188266859368,0.4962192226623508,0.0,1.6078287927275452,0.053619847524038866,0.37131584776902143,1.9708183018478385,0.615471070030144,0.5019925357442295,0.11347853428591473,0.379950529678222,0.0,0.004578400291633864,0.0,,0.0,,0.5,0.6021376223880144,,,0.18835914010109434
B001414,5771.658900488704,4.339593158262184,6.710792283958077,3.6931036109566295,0.0,0.365,1.8038942066312251,40.180957827678746,2.3542291932979293,0.8207414567172234,0.0,0.7283451261647808,0.0,0.4362773820822484,3.154660304848785,0.07432108220373915,0.07432108220373915,0.0,0.3569658551822276,0.0,0.5687130626140329,0.0,0.0,0.0,0.0,0.98,0.2130796415425712,,,0.19030060538549587
B001415,14327.155436855106,7.427244912833129,9.516355352703531,12.420901576595217,0.0,0.5694536559138518,0.021874787931507985,0.4225228883798355,2.1971643671058234,1.9066936497739315,0.0,1.9314021462262827,0.5002339391144359,0.8917508106126552,2.3159093784448648,0.7041750483669302,0.4474589077049386,0.25671614066199167,0.0,0.0,0.2958249516330697,0.0,1.0,1.0,1.0,1.0,,,,0.608845443987547
B001416,10950.409728253015,3.0959597761529585,6.886445222900475,2.7443044418631124,0.0,0.021,0.012981124229239773,0.28947907031204695,0.519244969169591,0.0,0.0,0.0,1.9100358915367261,0.666678915446642,2.435571550646552,0.7690851687798733,0.7690851687798733,0.0,0.0,0.0,0.23091483122012693,0.0,0.0,0.0,0.0,1.0,0.5789933359897743,,,0.1914861261152433
B001417,9095.019319868326,4.921547251010999,7.462091364186956,7.792490857877259,0.4109840340576943,0.10018461537192505,1.3865387890140364,50.09191821433048,1.909669090990677,0.5642262330923428,0.8647525688175007,0.8539280887220705,0.0,0.7289712693884077,2.6367202811888717,0.4969328839727277,0.3234248294586411,0.1735080545140868,0.1146440751892482,0.0,0.3884230408380238,0.0,0.2,0.2,0.2,0.98,0.2969516713047835,,,0.2785184786737387
B001418,23206.9782786272,6.979542339436752,12.660898700184282,11.984282784126997,0.0,0.4240971245640804,0.011265445673712803,0.2512194385237955,1.390795762186766,0.5067077720229678,1.1140818409935076,1.7244336650444723,1.567756128973787,0.6757671702152519,2.553515512961004,0.3041528407667085,0.14453179588836862,0.15962104487833995,0.4716913565258117,0.0,0.22415580270747973,0.0,1.0,1.0,1.0,1.0,0.17381496391018886,0.2236577947025117,0.5694890692307131,0.608845443987547
B001419,12489.850775970372,3.2357126362617543,11.957279168978598,4.163954217761737,0.0,0.365,0.00953482777017627,0.17870739646937925,1.6940553780707084,0.0,0.0,1.3637229026143252,0.0,0.17793435557672116,2.6099393555893684,0.47645060964750435,0.47645060964750435,0.0,0.0,0.0,0.5235493903524958,0.0,0.0,0.0,0.0,1.0,0.2862435980537192,0.3782190678705266,,0.1914861261152433
B001420,12915.86478648908,8.032254220453408,19.06120025960318,0.4883979427152073,0.0,0.38881344510213456,0.02994984525604643,1.86750012501712,7.311445044423631,0.0,0.06132412551063241,0.0,0.18809148817256496,0.47139356234658003,3.515962458130311,0.08973933795500423,0.08973933795500423,0.0,0.0,0.0,0.9102606620449958,0.0,0.0,0.0,0.0,0.5,0.16770508184456748,,,0.18835914010109434
B001421,37060.04491274903,8.34497746290228,19.80706518625743,12.649712158152424,0.0,0.3159519046995958,0.017939538314691212,0.6678842575190331,1.9063715797432685,1.397122861858677,2.204860930656805,0.8493489982720027,1.4407764911032197,0.5464966012683067,2.2049118285197014,0.7623087124347665,0.39631492245674177,0.36599378997802484,0.0,0.0,0.23769128756523333,0.0,,0.0,,0.95,1.2961428139214974,,,0.1914861261152433
B001422,3967.7029529362762,8.048079012041129,12.060334314847287,2.18254690725062,0.0,0.365,0.00889623182511142,0.19838596969998465,6.208883769031308,1.1523847670283274,0.0,0.0,0.0,0.686810475981492,1.819017328255857,1.0,0.8568124436521823,0.1431875563478176,0.0,0.0,0.0,0.0,0.0,0.0,0.0,1.0,0.21364681130628807,,,0.188624025984382
B001423,1012.4686739206863,1.8375112049377247,8.772730066301563,0.8167824303530905,0.0,0.4222331658710353,0.2620641040831459,12.293315016122413,1.238720920274771,0.11579318490466556,0.05090466442339616,0.0,0.17629284234878417,0.2557995929861075,1.663959321660866,1.0,0.9369836850009357,0.06301631499906414,0.0,0.0,0.0,0.0,0.0,0.0,0.0,0.6,1.0175376581659872,0.44027340759967964,,0.18837769891077183
B001424,4826.909624506621,4.566612700573908,17.770825422721163,6.0178879271673,0.2400446579273732,0.28305249131066923,0.008301391160046849,0.18124193485544074,1.6277459262494667,0.1960909791505934,0.9467926909572996,0.061497246785669576,1.2180314223535902,0.5164544350772887,2.368954514722039,0.5754379698773139,0.5754379698773139,0.0,0.04294013791139978,0.0,0.38162189221128623,0.0,0.0,0.0,0.0,1.0,0.17586830674161222,0.30308672076739646,,0.1914861261152433
B001425,21261.001258003707,6.794823029083959,17.84720875956539,10.898127479872452,0.0,0.29184855298343887,0.011999165537795821,0.23198634335978877,2.2298734317073214,0.8901157309786489,0.0,1.7018976853341028,1.554852402219768,0.4180837788441188,2.5382247497185055,0.42135783371955127,0.42135783371955127,0.0,0.25046975882218725,0.0,0.32817240745826176,0.0,0.0,0.0,0.0,1.0,0.211255841005699,,,0.1914861261152433
B001426,3763.6640225851015,1.782882057122265,5.940341222412215,2.707331061955838,0.48142778942658637,0.47,0.02138507006244181,0.7916422799750761,0.9174442506094473,0.0,0.0,0.526168131971866,0.0,0.33926967454095147,2.18237689093896,0.7918363393334764,0.4967141074001149,0.29512223193336157,0.0,0.0,0.2081636606665234,0.0,0.0,0.0,0.0,0.95,,,,0.1914861261152433
B001427,6633.283276878294,6.159037397287181,10.551720267436094,8.307333944297381,0.0,0.021,1.563738428099898,56.43826965149758,1.9476076119504018,1.3408138119374324,0.0,1.8682443081680897,0.0,1.0023716652312569,2.2339268950629645,0.6837805185582656,0.6837805185582656,0.0,0.0,0.0,0.3162194814417344,0.0,0.0,0.0,0.0,1.0,0.48877531354950216,,,0.18835914010109434
B001428,22063.15231308309,15.725696588084883,28.44770593503991,1.1062208225910197,0.0,0.16717210071997352,0.07129169563206728,3.3079346773279217,14.258339126413453,0.49676891445824944,0.0,0.0,0.18681685396406283,0.7837716932491163,3.562997673057992,0.045149734640869785,0.045149734640869785,0.0,0.04346934742084841,0.0,0.9113809179382818,0.0,0.0,0.0,0.0,,,,,0.18835914010109434
B001429,7924.146540776677,6.642201626803585,24.317298041920935,11.64501385375105,0.0,0.2877027129598962,0.01180029354678297,0.2631465460932602,1.180029354678297,1.2523796925178907,1.6290592576677017,0.7872409005214889,1.4444106585494254,0.34908176286878095,2.1346753014173814,0.6033366022876318,0.35807767321599915,0.24525892907163235,0.21745962253249404,0.0,0.17920377517987415,0.0,0.0,0.0,0.0,1.0,,,,0.1914861261152433
B001430,9759.413713051965,2.9281169256081503,8.500927053197609,3.1440005623148912,0.0,0.3747990221916801,0.7620112768002387,16.95202642168574,1.093508120505519,0.4462556603507563,0.031065587918740423,0.6031178792679192,0.220954416147012,0.533215261418203,2.1354871854158803,0.789800187856634,0.789800187856634,0.0,0.20597465695214875,0.0,0.004225155191217182,0.0,0.0,0.0,0.0,1.0,,,,0.18835914010109434
B001431,780.8636240509555,1.7275743894932645,9.14995237274025,1.9669883642300041,0.0,0.45121761744424016,0.5549698432667265,25.988552796021153,0.6907944142063819,0.5234095785697074,0.20627703488417068,0.08934807902628077,0.0,0.21774528280672395,2.892043046266254,0.542178613263803,0.23920492845290758,0.3029736848108954,0.05171880271534271,0.0,0.40610258402085436,0.0,0.0,0.0,0.0,1.0,0.7900730567865649,,,0.18837769891077183
B001432,8041.066991361329,2.9497677884671054,13.031854891839803,4.76944381247727,0.0,0.3710518602391278,0.5923228796781504,21.446449206445894,0.5777319400085996,1.1616832296828863,0.12322287648022073,0.6571054594389383,0.21165842074590116,0.21836586211055986,1.4733498775565044,1.0,0.7772348514998146,0.22276514850018544,0.0,0.0,0.0,0.0,0.0,0.0,0.0,1.0,0.45222201485904084,,,0.18837769891077183
B001433,7549.819803197945,12.731567964920648,16.915832409891898,7.115036451334844,0.0,0.3238840350013802,0.010813856164353809,0.5017629260260167,7.141225768912893,0.6354421067367322,2.794397976377132,0.7525662895724611,0.0,1.4079358233214323,2.965370847892126,0.3344632225578458,0.11497745426311959,0.21948576829472619,0.04991075007317001,0.0,0.6156260273689843,0.0,0.0,0.0,0.0,1.0,,,,0.188624025984382
B001434,9424.594533219693,5.778414796578598,10.718678471795359,1.7892673949050117,0.11860631208895361,0.06786478197633047,0.8794792587979944,19.612387471195277,4.226849432048343,0.7907029445306338,0.1881334456736295,0.11452283374240205,0.0,0.458206140583589,1.9177481438486113,1.0,0.9476229571481725,0.05237704285182754,0.0,0.0,0.0,0.0,0.0,0.0,0.0,1.0,0.5371022340666344,,,0.18835914010109434
B001435,21271.969779072722,12.505567183464269,17.923165571534195,20.49061173715569,0.0,0.43957849601725735,0.012458591057023165,0.3965829862218829,4.183855205716735,0.0,1.3771225366437443,3.195294652847904,2.8822797216012455,0.8670150666546421,2.754910053122203,0.5436069597340568,0.2880971850896132,0.2555097746444435,0.11012075793448789,0.0,0.3462722823314554,0.0,0.5,0.5,0.5,0.5,0.3206778948782607,,,0.40513160691334116
B001436,10064.24866726722,3.9701178174624143,8.397782153231004,3.782491207909623,0.0,0.35832795327097045,1.0381725637509676,48.76442749517076,1.451587345987655,0.0,0.5880250965794407,0.6480346397913762,0.6353913575868025,0.6470793775171388,2.6596284153575445,0.616654591436926,0.616654591436926,0.0,0.0,0.0,0.38334540856307353,0.0,,0.0,,0.98,,0.41200648726336186,0.4292460817371165,0.19030060538549587
B001437,2941.7019131704565,5.089449676765495,8.409160239861755,7.720286554268652,0.3597216159354733,0.1916127994522099,1.270308671987157,28.28174842733747,1.7722455226662033,0.584004733055541,0.0,1.3916809853099015,0.5558180095890236,0.7857004261448275,2.693113937242827,0.6168010031030273,0.34335670682414987,0.2734442962788775,0.0,0.0,0.38319899689697295,0.0,0.19999999999999998,0.19999999999999998,0.19999999999999998,0.98,0.4874185320097838,,,0.2785184786737387
B001438,8725.649503299106,2.803871948360895,5.596689356391963,2.8306575954238036,0.0,0.36500000000000005,1.2345726265870685,44.68763184505773,0.8091672563045308,0.6325310435548989,0.0,0.0,0.8620561668288694,0.5001174816725964,2.0202570517987737,0.9715010575050552,0.9715010575050552,0.0,0.0,0.0,0.02849894249494485,0.0,0.0,0.0,0.9800000000000001,,,,,0.19030060538549587
B001439,2800045.734670185,1213.7172668704748,1765.4793923543916,2543.4408662985907,0.0,0.43302105698316534,1.3722713092616432,64.50570857848325,2.3268981215500317,1.5096586826678204,1207.8990262670443,0.72309769334334,0.175904549638361,1.0826815562315002,1.3363850810375903,0.9991350592785584,0.997891228673297,0.0012438306052614872,0.0005957711182669592,0.0,0.0002691696031746455,0.0,0.2,0.2,0.2,0.98,0.3436345449909416,,,0.2785184786737387
B001440,2126.385604198035,3.4575375678016824,7.29668730674381,4.804247299970016,0.2161895656985322,0.32294548958527197,1.3318845817145268,48.15107421960482,0.8086269046713862,0.6231918281859755,0.8950193132498229,0.0890377358291585,0.6240920451201083,0.4175697407452313,2.3637211924596886,0.7186245550735563,0.5383830346373218,0.18024152043623448,0.0,0.0,0.2813754449264438,0.0,0.0,0.0,0.98,0.98,,0.345335705660105,,0.19030060538549587
B001441,16195.465658664512,9.750430860123126,15.093291468222606,20.700365179148324,0.0,0.41407045596634867,0.01315908890543084,0.29344768259110776,1.8703818647699963,0.9159367739727637,1.7168203119605512,2.2980472114452746,2.018327064434277,0.9309176335402636,2.089381856077058,0.7643132652892577,0.2873000730426067,0.477013192246651,0.23568673471074236,0.0,0.0,0.0,1.0,1.0,1.0,1.0,0.11911247460560023,0.30874276522349775,,0.608845443987547
B001442,5423.77515853677,4.85566263074017,12.052357500567666,9.32395051724002,0.0,0.1250373993334207,0.011308309378796694,0.0451588463123671,0.2835125842902885,0.0,0.0,2.2637414532571096,1.7005100756080636,0.6078985175847083,1.7114642365107986,1.0,1.0,0.0,0.0,0.0,0.0,0.0,0.0,0.0,0.0,1.0,,0.4720692116240264,,0.1914861261152433
B001443,28022.846572313218,8.280983029643386,17.174592738472914,11.90961132965729,0.0,0.4276109844454033,0.01277209901102229,0.34622851664297133,3.652299117250689,0.5308688786859281,0.0,1.4760007377857707,2.012758271146501,0.609056024774495,1.820450234682711,0.7428115142292282,0.7428115142292282,0.0,0.17823979743735008,0.0,0.07894868833342172,0.0,0.5,0.5,0.5,0.5,0.3635118709751428,,,0.40513160691334116
B001444,699.9174664185637,2.1338947146907428,9.652596553923711,6.460615084710345,0.0,0.1346197391594254,0.991057745915928,35.75078771621618,0.13532777647353023,1.2975908393126223,0.03266582019821192,0.11689909865482997,0.14512184127354083,0.40628933877800777,1.8914342156963326,0.9474523610971096,0.9474523610971096,0.0,0.0,0.0,0.052547638902890464,0.0,0.0,0.0,1.0,1.0,0.944887372887918,,,0.18837769891077183
B001445,19006.91250752864,7.636365009051281,15.532357504939455,9.298500519263008,0.0,0.3872481729167163,1.3409134738217359,48.64394127866831,2.6555186270534135,0.8353808439127064,1.3640192092542085,0.8654200797862401,1.2532962237539158,0.6627300252907977,2.4899135271223947,0.5031196000400335,0.32449806903183087,0.1786215310082028,0.11332879960039487,0.0,0.3835516003595717,0.0,,0.0,,0.92,,0.28125631466034096,0.4675401153700479,0.19030060538549587
B001446,6946.019170874203,4.95083333633229,16.93567575169255,11.150041015655187,0.05552413967674222,0.36839585136434316,0.0143906016815991,0.19134115756111558,0.44074551018936053,0.984625457292709,0.6372809815215128,1.453240686937545,1.077753071328832,0.35718762906233087,1.7516755408395404,0.9959802819424486,0.6495670750456702,0.3464132068967783,0.0,0.0,0.00401971805755141,0.0,0.0,0.0,0.0,1.0,0.8655547281198929,0.5078855581133325,,0.1914861261152433
B001447,1645.3390370022566,4.134017680910192,20.44234651134991,9.20240812652434,0.0,0.4122713172362585,0.28871977686677447,10.257224109362006,0.4353823174213256,0.5054906983433419,0.08557687026614849,0.8504477403351027,1.9924605950128234,0.2646594595314509,2.264353338552323,0.7328527582301707,0.7121521040792899,0.02070065415088087,0.12227589172575752,0.0,0.14487135004407195,0.0,0.5,0.5,1.0,0.5,0.5654946539536485,0.37731016786735566,,0.4049048318617571
B001448,10325.485083340733,10.304875332675381,20.88586391084903,10.966507983256538,0.0,0.20935281912269033,0.0067308049210244615,0.15009694973884552,4.444871174261437,0.5178564732687398,1.0726491049176732,1.183117140800543,2.4264040457839244,0.659977393643064,2.5877938357868584,0.5167995853046237,0.40198818753360593,0.11481139777101783,0.05025354082903712,0.0,0.43294687386633907,0.0,0.0,0.0,0.0,1.0,0.1844298528432203,,,0.188624025984382
B001449,20830.155700190215,8.897973387522518,19.791467592323947,14.397563511184437,0.0,0.2667411908528368,0.01176698772585268,0.22764063573402835,1.1743908038314992,0.0,1.4944782164024717,1.1447317029765458,4.593210759152361,0.4911619051596401,2.5892598527076633,0.3221487611421966,0.1541916150241655,0.1679571461180311,0.5162086420255364,0.0,0.161642596832267,0.0,1.0,1.0,1.0,1.0,0.15210835839062062,,,0.608845443987547
B001450,16947.447511612932,9.389167596461458,12.337135097352988,10.810334931218323,0.20405776262261205,0.4432718118819549,0.02761029523326346,0.7783917332586854,4.612680240902355,0.0,1.248658224217849,0.3039570371130548,2.5029263295531954,0.7209457646750007,2.9667869633124804,0.5087231968635044,0.3757339609818874,0.13298923588161712,0.0,0.0,0.49127680313649513,0.0,0.0,0.0,0.0,1.0,0.23220272268819606,0.32376577992900424,,0.188624025984382
B001451,7208.893403731871,2.9126842035280287,8.148035382667198,2.4854988977817545,0.0,0.37698287735955555,0.9773012643443552,45.933159424184694,1.221626580430444,0.9169005565967542,0.0,0.15703989556608097,0.21674229061543754,0.4003748803193119,2.47256378351312,0.5632335269270347,0.5632335269270347,0.0,0.0,0.0,0.4367664730729653,0.0,0.0,0.0,0.0,1.0,1.0564245916048927,,,0.18835914010109434
B001452,3682.1008673152605,4.551422580117751,8.288576715492827,10.323659023451862,0.27825187846720756,0.2326961256381536,3.924165973722807,142.0193163806582,0.7451300828705613,0.6909913587885517,1.4792481377649291,1.0268018441914668,0.0,0.6092511565022423,2.1313134375167975,0.8278662534132974,0.27725818794740936,0.5506080654658881,0.1518187658089693,0.0,0.020314980777733287,0.0,0.0,0.0,0.98,0.98,0.36223727514642123,,,0.19030060538549587
B001453,6551.153849942526,4.974300569432442,8.954678127602417,4.352187022633298,0.0,0.2918925925241082,1.216737666078749,27.138911664312275,1.727693799004207,0.9500866742624474,0.7384186885934303,0.21555594640040202,0.7578880526198333,0.5846574085521224,2.334436514135422,0.6179942415300437,0.4656335142195291,0.15236072731051448,0.04333392069731656,0.0,0.3386718377726398,0.0,0.2,0.2,0.2,0.98,0.32051172925677934,,,0.2785184786737387
B001454,3211.7391119550525,4.381635896255188,7.354468066832206,0.0,0.0,0.0,0.014983175247444623,0.4361945630989476,3.4904566031993274,0.0,0.0,0.0,0.0,0.891179293055861,2.3052798024268424,0.7453822557461199,0.7453822557461199,0.0,0.0,0.0,0.2546177442538802,0.0,0.0,0.0,0.0,,0.5962416713468911,0.17383086303963358,0.729440687573951,0.18835914010109434
B001455,7143.452231896944,2.77955339762527,7.904824980982945,0.5195058329122891,0.0,0.28449555883167,0.011642323435859529,0.215642633473019,2.1650509579764208,0.0,0.08461767042603198,0.0,0.21010636428207824,0.31977840494073906,3.288137666679119,0.2043720946197904,0.2043720946197904,0.0,0.0,0.0,0.7956279053802099,0.0,0.0,0.0,0.0,0.5,,,,0.18835914010109434
B001456,4845.373015454313,1.9672647240983812,9.579448715583673,2.976407220001933,0.0,0.44535258907074626,0.5786277453069625,20.946324380112042,0.7232846816337032,0.38724913488193463,0.0,0.4958030110588478,0.0559077987544609,0.3050200977694353,2.7724217827121835,0.31271457528032814,0.31271457528032814,0.0,0.2762757854313446,0.0,0.41100963928832746,0.0,0.0,0.0,0.0,1.0,,,,0.18837769891077183
B001457,6973.526092246071,1.7029367746632653,8.301412183374874,4.276977352240065,0.0,0.313633909463216,0.28465782501754316,10.276582511187131,0.4419793889254297,0.0,0.08078123069384661,0.8795378601569885,0.11308024430783116,0.1875580505791691,2.1376009790027415,0.6740574039555771,0.6740574039555771,0.0,0.06640307848786188,0.0,0.2595395175565609,0.0,,0.0,,0.5,,,,0.18837769891077183
B001458,1541.3269330622363,1.9218540312496712,11.238104287043917,2.9285411716611387,0.0,0.28344496703453514,0.4811907599133623,10.707330127232407,0.5996752223124109,0.2852999769844712,0.047410363378714,0.817843303785265,0.0,0.17162516478881024,2.248260566209247,0.66425026752888,0.5157998793383902,0.1484503881904897,0.0,0.0,0.3357497324711201,0.0,0.0,0.0,0.0,1.0,0.7145964807893828,,,0.18837769891077183
B001459,4883.140721075504,6.01372009984668,15.511684002889057,12.98568789207867,0.3352004712405335,0.43342056217873104,0.010492057980174658,0.11541263778192123,2.3966629903952263,0.37177220834706776,0.38860350493688806,1.3931157350125187,0.699509439220421,0.7640562219345607,2.5681070966600954,0.6014674859150284,0.5396468154856638,0.06182067042936469,0.0,0.0,0.39853251408497203,0.0,0.0,0.0,0.0,1.0,0.2557617359762078,0.36820961977424504,,0.1914861261152433
B001460,1999.60596373278,0.8037001461948473,4.4909383963496134,0.5674334936794212,0.0,0.38651455285817726,0.5096872458572645,18.453115325935702,0.27953953566473155,0.0,0.03892555664782909,0.131273456427211,0.08465253727379779,0.2693090601812778,2.7464218357776558,0.4886849721555692,0.4402520375192825,0.04843293463628669,0.10532850799466548,0.0,0.40598651984976514,0.0,0.0,0.0,1.0,1.0,0.7500154175256911,,,0.18837769891077183
B001461,1595.2331824669675,4.691862301373434,6.833758414560103,7.7389767477017335,0.0,0.13894404643921252,1.9866336013874684,71.80494649387907,1.2054322759112925,1.9159849085663307,0.758362485102265,0.0,0.0,0.8120826317935448,2.1916024551560374,0.6788004154310223,0.6788004154310223,0.0,0.0,0.0,0.3211995845689775,0.0,0.0,0.0,0.98,0.98,0.5324120446509554,0.3318934474927436,,0.19030060538549587
B001462,9122.23377985958,6.66342861932767,12.293044334426158,10.49721029316419,0.0,0.36500000000000005,0.021145115532700157,0.1987934665868335,3.1551670116603496,0.3461519764861015,0.0,0.0,2.6752028428036514,0.48690678837756696,2.848164249381187,0.4745469354934384,0.4745469354934384,0.0,0.05194802799898946,0.0,0.4735050365075722,0.0,0.0,0.0,0.0,1.0,0.22732347239188697,,,0.188624025984382
B001463,11347.340858455913,5.5191346587820584,8.27359405557652,9.166196288956815,0.2367356304227736,0.1668248921127669,1.7432014200043568,63.098947413188924,1.059934754460923,0.7815601133816154,1.1559620562599735,1.7687534031072938,0.0,0.7529243315722541,2.292081488361859,0.8079527281012518,0.48747614753932456,0.3204765805619273,0.0,0.0,0.1920472718987482,0.0,0.0,0.0,0.98,0.98,0.2752309296929427,0.28887864590642465,,0.19030060538549587
B001464,7876.702457285365,6.790260739039108,9.928516914638221,7.282137668459689,0.0,0.4352559812089543,2.1899434819527728,79.17022962989826,2.7159420597102515,1.2720548843226036,0.9161466687162515,0.6047981180418259,0.6762698906502589,0.6050491175979175,1.7075014194273848,0.9520994434240816,0.7647642388995772,0.1873352045245044,0.0,0.0,0.04790055657591843,0.0,0.0,0.2,0.0,0.98,0.3886422879663839,0.35377523754049717,,0.19030060538549587
B001465,2091.3679312992117,2.0051466263654953,11.116917890277922,1.6545855216158434,0.06629145486062536,0.25151001014355856,0.31281538957139204,11.308656077124393,0.8510819396406287,0.7296988773928901,0.04397655955051939,0.03638945666073044,0.17016941616054027,0.17383037696018624,2.865234446285704,0.5755512696927855,0.5574032419215249,0.018148027771260566,0.0,0.0,0.42444873030721425,0.0,0.0,0.0,0.0,0.6,0.44294153176052287,,,0.18837769891077183
B001466,3011.6442363592264,1.3255476392426173,9.710035646035433,2.5760929991474,0.0,0.3805152435867041,0.186374762584087,6.724954169510829,0.2817288872648701,0.21805089903077823,0.0,0.5811308064681711,0.0,0.2446370464787977,2.0615680372864142,0.9162302915589375,0.7517315647116951,0.16449872684724234,0.0,0.0,0.08376970844106252,0.0,0.5,0.5,1.0,0.5,,0.29241191453913307,,0.4049048318617571
B001467,2444.252414847523,6.1879807970823375,18.009638904012164,10.144244657828656,0.0,0.3505679156462542,0.01873615243715795,0.4752538180884129,1.5054253799991888,0.9545625762249762,0.7520654157141529,2.631818266053363,0.0,0.34410915909065776,2.3746100445659017,0.7472848098655033,0.5930240570404369,0.15426075282506646,0.0,0.0,0.2527151901344967,0.0,0.0,0.0,0.0,1.0,,,,0.1914861261152433
B001468,12791.799209677802,4.21476085986089,10.35865052377227,7.833907242776908,0.0,0.40302301784919886,0.012646405636219219,0.2820148456876886,0.5058562254487688,1.2571861276534064,1.247814984193408,0.6810811658193064,0.0,0.5228223567460005,2.1038390197102053,0.8799798512256601,0.4223272787197128,0.4576525725059472,0.0,0.0,0.1200201487743399,0.0,0.0,0.0,0.0,1.0,0.5738211892208638,,,0.1914861261152433
B001469,44225.38117188514,13.377308279457091,31.803700130304886,1.5031580704605043,0.0,0.29146907377893627,0.03484799381651814,1.5500675043650352,11.676105484520596,0.7062349951257076,0.04856928997968272,0.0,0.14764372850750626,0.7987547813235987,1.7148813480014289,0.9795877715629792,0.9795877715629792,0.0,0.003630722187532174,0.0,0.016781506249488546,0.0,0.0,0.0,0.0,0.5,,,,0.18835914010109434
B001470,2646.9865443084677,1.416258183150598,9.950050544921982,2.9875541526753864,0.22350653817811766,0.020999999999999998,0.5138906296270132,18.568460039801028,0.5811233660937628,0.0,0.0,0.6323405767536053,0.04090968508892276,0.1618845552143071,1.437224360835119,0.9268935912114661,0.5014212747701348,0.42547231644133104,0.0,0.0,0.07310640878853399,0.0,0.0,0.0,0.0,1.0,0.8808024070324043,0.39806177789982095,,0.18837769891077183
B001471,2104.345276458661,6.494892828576114,9.283030306423809,10.002951900054885,0.0,0.3329882442251592,2.6043272670225517,94.27170188245054,0.9100572829922144,2.679761233947022,1.06081803379776,0.8717961740771315,0.3522961005151998,0.6201640032467874,1.8416883957192114,0.8706312605291431,0.29470501101705776,0.5759262495120855,0.05424201904689999,0.0,0.07512672042395693,0.0,0.0,0.0,0.9800000000000001,0.98,0.23815048809790348,,,0.19030060538549587
B001472,5405.659188509341,7.476707038048882,23.55309663101927,10.43015471724126,0.0,0.16530994144974884,0.014023887943291638,0.3127327011354035,1.4023887943291637,1.516153873929226,0.7264394744571333,1.0704546394260477,2.3951782631416703,0.3660919927656393,2.144406528210039,0.8100075598076402,0.7128472095678497,0.09716035023979014,0.0,0.0,0.18999244019236,0.0,0.0,0.0,0.0,1.0,1.133184978382655,0.3580259575757923,,0.1914861261152433
B001473,1296.5633888385573,4.195998022131254,12.938352621360501,5.31517142450965,0.0,0.41239167340907007,0.012658416689447375,0.2054509008495538,1.935819975091458,0.22982376419446335,0.11435869782788437,1.5517850341482688,0.0,0.36421055086917736,2.691319964510208,0.5283086783119801,0.5283086783119801,0.0,0.0,0.0,0.47169132168801964,0.0,0.0,0.0,0.0,0.5,0.7063788890964219,0.16348592894263342,0.5354486924464567,0.18835914010109434
B001474,1364.8898109421857,2.6658004119964565,4.8684806969516154,0.4810575150649998,0.0,0.5832463870076138,2.527359086647961,91.49039893665619,1.8365553235225989,0.0,0.12914650734202085,0.0,0.030267117724193708,0.6698314634076429,1.4028414079796128,0.988310088769017,0.988310088769017,0.0,0.0,0.0,0.01168991123098287,0.0,0.0,0.0,0.0,1.0,,,,0.18835914010109434
B001475,4633.163974657693,5.331604113530141,20.208605131474794,7.679946936522771,0.0,0.19378208970150626,0.01380418466428272,0.31980559952604254,1.2655390447877453,2.1105279714050624,0.0,0.5304176137238173,0.9378504050972245,0.48726907851629214,2.2609607808110153,0.7626344683814473,0.7626344683814473,0.0,0.0,0.0,0.23736553161855284,0.0,,0.0,,0.95,1.1219157896233143,,,0.1914861261152433
B001476,5008.770656042576,3.94702179357177,7.877008891393526,3.223250704585193,0.0,0.20333207776943413,1.707928664050698,61.68907111366029,1.2979045908925155,1.2505655226616523,0.6789955124128008,0.0,0.0,0.7195561676048008,1.7441762430369123,0.8712510021138766,0.8712510021138766,0.0,0.0,0.0,0.12874899788612315,0.0,0.28,0.28,0.28,0.7,0.27596053202261067,0.3959639430064416,,0.3131956702029707
B001477,5611.5872176240955,2.4324175195596425,5.003471749046356,2.41566880071393,0.0,0.41139935767910035,1.370573768177977,49.62327182460115,0.8333625442094209,0.6029602424655415,0.0,0.0,0.5909961710615454,0.40509856182313486,2.79178180025159,0.4095081230400817,0.4095081230400817,0.0,0.24788517498208923,0.0,0.34260670197782916,0.0,0.0,0.0,0.0,0.92,,,,0.19030060538549587
B001478,11616.592583715053,5.523819583316716,8.442341736675969,7.415942441075474,0.0,0.23356200666590823,2.2048241510385416,79.17441901210853,1.9100173320639482,0.0,0.7379585751661316,0.844927756441084,1.1427452495261488,0.8881706701194017,1.7482105860292845,0.8460015868048041,0.693040806008673,0.152960780796131,0.13359570565898762,0.0,0.02040270753620819,0.0,0.0,0.19999999999999998,0.0,0.98,0.1897116622998022,0.27358818915539557,0.652735976569805,0.19030060538549587
B001479,17209.72738562722,6.6989985930818285,13.856488885066387,7.3026023253600965,0.0,0.2114595302859131,1.3596925586977062,30.331742661747356,1.751652933497337,0.6523553149942647,2.1100072934401553,0.2939060084027488,1.0211999146513118,0.8698771280960123,2.3380994702828746,0.6379968414228208,0.17058262053835616,0.4674142208844645,0.09738101985391714,0.0,0.26462213872326223,0.0,0.0,0.0,0.0,0.98,0.2170226324771513,,,0.19030060538549587
B001480,6614.796067360089,2.7934105014189567,10.44887166823123,2.9889501696136693,0.0,0.2662663163938974,0.013392186533202127,0.4318861882597222,1.1623180707652316,0.0,0.7055349862960998,0.6330660096987331,0.0,0.2924914346588915,3.0836643370697967,0.5570516293949578,0.07785210060573429,0.4791995287892236,0.0,0.0,0.44294837060504194,0.0,0.0,0.0,0.0,1.0,,0.4158331803622092,0.5711399455029194,0.1914861261152433
B001481,35933.088056976805,14.471642391049862,30.2822128384998,0.8017175610491126,0.0,0.365,0.06765500887632978,3.015978729595864,12.916622905827722,0.0,0.0,0.4233068722339315,0.0,1.1317126129882038,3.503895653434912,0.10745286838927508,0.10745286838927508,0.0,0.0,0.0,0.8925471316107247,0.0,0.0,0.0,0.0,,0.17273797232496416,,,0.18835914010109434
B001482,762.4267795282461,2.4436755754110453,10.911461575299636,5.126549386876636,0.0,0.3824526528105352,0.7322527473929953,26.541294306422262,0.434977700432368,0.5618550446475472,0.06711685781906683,0.8714768316912757,0.1881446063573368,0.320104534463451,2.162547165698411,0.5127625210556617,0.4852969857389381,0.02746553531672356,0.3566254213367445,0.0,0.1306120576075939,0.0,0.5,0.5,1.0,0.5,1.2164526637140847,0.3381281946443263,,0.4049048318617571
B001483,3752.889933166407,4.499868025379385,6.46303786758059,1.7632540529578558,0.0,0.488,2.007167698373705,72.58838402058508,2.648666449334601,0.0,0.500764151040031,0.0,0.0,1.3504374250047522,3.126664290842651,0.36129497443089187,0.36129497443089187,0.0,0.0,0.0,0.638705025569108,0.0,0.0,0.0,0.0,0.98,,,,0.19030060538549587
B001484,5917.651277148744,1.4943563831183697,10.37182871049307,1.7784886959171275,0.0,0.36499999999999994,0.23957481293316604,11.157110065550217,0.6513844432352452,0.0,0.0,0.5238747872903384,0.16805335120264045,0.1510438013901456,2.818775527948059,0.2135348409506609,0.2135348409506609,0.0,0.35056884235147123,0.0,0.4358963166978679,0.0,0.0,0.0,0.0,0.6,,,,0.18837769891077183
B001485,1064282.3988473066,1182.5359987192296,2051.912105584412,2479.4187694891075,0.0,0.4328889034641013,0.014188873791909045,0.27506500934349043,1.4206782730072876,1.0036767232934598,1178.805474232582,0.5384147276362922,0.0,0.7677547627104727,1.6705659848903394,0.9986373868796529,0.00048801386951868023,0.9981493730101341,0.0,0.0,0.001362613120347158,0.0,1.0,1.0,1.0,1.0,0.2721653681640965,0.20112163870883318,,0.608845443987547
B001486,1432.3040087411696,4.301213239462972,11.518049262365205,3.948675709953079,0.0,0.365,0.011698307873731665,0.28090089709922095,2.2896336314499797,0.36418281313117684,0.0,1.0619797919073044,0.0,0.5854170029745105,3.0776117579594033,0.4417911815304482,0.19488880008983459,0.2469023814406137,0.0,0.0,0.5582088184695517,0.0,0.0,0.0,0.0,0.5,0.8780085744588921,0.1992371211607586,,0.18835914010109434
B001487,1943.3566430503474,6.477855476834492,14.168709094635247,7.7613202874700455,0.0,0.43917968682572545,0.013011562969152003,0.2760704863268184,2.8513125854517076,0.36271501575456605,0.0,0.99171476890034,1.7108687904905928,0.5612443162372854,2.112845063927032,0.8304648790537313,0.5663545115704117,0.26411036748331973,0.1530930679831958,0.0,0.016442052963072842,0.0,0.0,0.0,0.0,1.0,0.22776593341132165,,,0.188624025984382
B001488,10255.68892103668,3.4895164753442263,6.803804100013766,2.7384495803172633,0.0,0.32695584032594244,1.380026880225667,30.774599429032374,1.7250336002820839,0.5052277747572702,0.12542839958579283,0.3168217488408075,0.31046014695745494,0.5065448049208168,2.869869088005233,0.44029271428336625,0.34950026464761724,0.09079244963574913,0.0,0.0,0.5597072857166335,0.0,0.0,0.0,0.0,1.0,,0.3607753047678363,,0.18835914010109434
B001489,1225.4395627965255,1.6740977633832315,11.675633625273287,2.6571946048659045,0.12560759735729288,0.4439138893016068,0.23876459975342162,5.360486192967078,0.6481997796622025,0.2681883445663452,0.028453631924797537,0.3187303327040046,0.14045404941353848,0.27007162511234367,2.931417805191881,0.3996625845965989,0.20927326583908898,0.19038931875751,0.17719513339032877,0.0,0.4231422820130727,0.0,0.0,0.0,0.0,0.6,,,,0.18837769891077183
B001490,1542.53897470516,2.1130670886372056,9.776624848575523,3.8062674068899045,0.0,0.4376545634702974,0.3175321205236443,11.395666898573634,0.4849420432841436,0.6356604273384718,0.03962837838813161,0.7606178780925669,0.0,0.19221836153389188,2.860087937951731,0.7560642658671085,0.09528150466687157,0.660782761200237,0.0,0.0,0.2439357341328915,0.0,0.5,0.5,1.0,0.5,0.5167995111237194,0.4051616933257207,,0.4049048318617571
B001491,44601.932721113124,15.427856354587728,36.48117868479472,10.104028745901859,0.0,0.40537156119839723,0.0711003297474021,3.9708469123967274,11.680836423553657,0.7229831510709077,0.0,1.977303624810051,0.17113984286429504,0.8755933122888175,3.4160938957561227,0.10074851681945309,0.05388632582842038,0.046862190991032705,0.12816450836490106,0.0,0.7710869748156457,0.0,0.0,0.0,0.0,1.0,0.17666377797754404,0.2905192132781627,0.5584769924655936,0.18835914010109434
B001492,18729.549817815263,6.323278128904545,19.18194049796207,9.474129532767057,0.0,0.3088257890631709,0.01230959670497111,0.16822035311086142,1.897719241739678,0.05109779833631455,0.8046925469529943,0.9121361726130013,1.8128195841248733,0.8448127851376849,2.2617583249400655,0.6998836358209598,0.5726248737439547,0.1272587620770052,0.0,0.0,0.3001163641790404,0.0,0.0,0.0,0.0,1.0,0.19432329531921633,,,0.1914861261152433
B001493,5261.111421337592,5.526377543421841,13.313633179224373,8.253010307317762,0.0,0.3699943481206541,0.02071913234113465,0.7586697918826099,1.821518793195115,0.7861337705391488,0.7358905745783532,1.5027803906228638,0.0,0.6800540144863587,2.0423372471759107,0.8266133964876697,0.6934537328931514,0.13315966359451836,0.14225118793682487,0.0,0.031135415575505275,0.0,0.0,0.0,0.0,1.0,0.4340295602719096,0.5096572426785835,,0.1914861261152433
B001494,24157.48076919558,10.526135411414195,19.187821621700238,0.4433394625690147,0.0,0.488,0.03837070485132208,1.6917733971328204,9.367170262076819,0.0,0.12590840736960016,0.0,0.0,1.0330567419677776,3.5238490666736233,0.09814207224121065,0.09814207224121065,0.0,0.011961503671429993,0.0,0.8898964240873595,0.0,0.0,0.0,0.0,0.5,0.13561761491757923,0.21018607033996675,0.5885063178261798,0.18835914010109434
B001495,2860.4824899215023,7.372377551344078,12.539559468036336,10.863265234097218,0.31597643845501033,0.3184752191864063,0.02147098826350338,0.827978096680488,3.6387829907186435,0.3379491043002367,0.2001612970501688,2.250257508542557,0.20094058829303446,0.7442860624394371,2.9322469773768205,0.45195070503765356,0.3789606285524495,0.07299007648520403,0.027255873277461276,0.0,0.5207934216848853,0.0,0.0,0.0,0.0,0.5,0.5782623418033107,,,0.18835914010109434
B001496,11199.157002745018,3.291933275351269,6.992246032834264,3.0984099287977163,0.0,0.4103987922577721,1.0545390679309883,23.516221214861037,1.4360768843863165,0.0,0.4667448732501966,0.2531427932164054,0.22795248770351859,0.9080162367948331,2.230963438559071,0.8994964292655749,0.830250649161118,0.06924578010445691,0.0,0.0,0.10050357073442519,0.0,0.0,0.0,0.0,0.98,0.48446875573973475,,,0.19030060538549587
B001497,22743.18660417745,7.523382932245269,15.683331719540554,12.558818894035081,0.0,0.49910680808073227,0.02526171471662536,0.5246342711510537,2.918651853009834,0.0,0.0,1.4329197887198297,2.4041863586031718,0.7676249319124342,2.408427438313922,0.6120559222766035,0.6120559222766035,0.0,0.0,0.0,0.38794407772339656,0.0,0.0,0.0,0.0,1.0,0.27663441124903326,0.3578138675575778,,0.188624025984382
B001498,4395.793139438138,1.4946593469697849,9.744421262951676,1.7565044680895858,0.0,0.2501314377189711,0.20761089372322314,7.5325293433961065,0.3192112739519848,0.48984770425140006,0.059186030146021945,0.09335986080227607,0.3669520695569228,0.16610240826117925,2.5237748400738367,0.7806233892348049,0.2073825530901905,0.5732408361446143,0.0,0.0,0.21937661076519505,0.0,0.5,0.5,1.0,0.5,,0.3553933803900914,0.7990839366454096,0.4049048318617571
B001499,15883.362051516022,4.545896408562113,6.862849747350972,6.283369637121411,0.20888498776887032,0.3667840167488983,1.8193540968922468,65.85545833566772,1.1062385653415419,0.909927570105999,1.2357155187651514,0.0,0.4849250884966153,0.8090896658528063,2.450012336489012,0.681949218084945,0.48178461063982886,0.20016460744511622,0.0,0.0,0.31805078191505504,0.0,0.0,0.0,0.98,0.98,0.33865855060829037,0.3146494457350524,,0.19030060538549587
B001500,4486.273470988702,4.18495659607155,9.277636209662823,1.733405957460854,0.3709485446715427,0.24000000000000002,0.01670300566690094,0.29699872161433744,2.945548318324448,0.7316594334847805,0.0,0.0,0.0,0.5077488442623199,3.2717893645028338,0.29615797662287396,0.1213271470339615,0.1748308295889125,0.0,0.0,0.7038420233771256,0.0,0.0,0.0,0.0,0.5,0.4368569690675155,,,0.18835914010109434
B001501,48205.770243547,11.31856544812092,20.892732536818407,7.084240053598997,0.0,0.4645225152285329,0.039260096519050276,1.6460951752219393,8.24189544680571,0.24228414183466745,0.0,2.0173609204869303,0.17351065185838208,0.6435142871352311,2.911591008983761,0.2324068406649319,0.2110009352129392,0.02140590545199267,0.17823468263125583,0.0,0.5893584767038124,0.0,0.0,0.0,0.0,0.5,,,,0.18835914010109434
B001502,10695.685950553498,11.072138665169252,32.60652473415217,5.849780239635912,0.0,0.4282498379666431,0.050875157191916716,2.264589887647161,9.6950643998541,0.4529476930024644,0.12080149246876284,0.14935714435810843,0.17671911088640196,0.47724882459941587,3.5035260216386677,0.06750344120756746,0.06750344120756746,0.0,0.05686948320740175,0.0,0.875627075585031,0.0,0.0,0.0,0.0,1.0,0.07899234898823401,0.38068282424945216,0.8601612981809765,0.18835914010109434
B001503,16219.63496841068,8.13830153959392,20.353267764022906,11.54904431950447,0.0,0.2455906927646184,0.012594673019335522,0.17101188308791596,2.35091926283733,0.5567197168599373,1.9985189104552044,1.1397994400219786,1.5216215780948144,0.5707226313246531,2.260306734937987,0.6816895584449056,0.4361200252035842,0.2455695332413212,0.0,0.0,0.31831044155509436,0.0,0.0,0.0,0.0,1.0,0.20214747704467603,,,0.1914861261152433
B001504,1385.0718094376778,2.039870116992162,12.242309942733748,3.58103239651464,0.0,0.433,0.5746486206886702,20.755602601815784,0.5877648490729094,0.4302571863954845,0.0,0.7838317563982051,0.0,0.23801632512556248,1.9548564026824111,0.7567546232396933,0.7567546232396933,0.0,0.0,0.0,0.24324537676030655,0.0,0.0,0.0,0.0,0.6,0.6877223409326455,,,0.18837769891077183
B001505,2109.783227039938,5.5520611237893105,14.78912092945485,6.101183475069172,0.0,0.3634600425879151,0.016832291088797982,0.609328937414487,1.6832291088797984,1.5289318123087223,1.4508646137421677,0.3593966142581208,0.0,0.5296389746005021,2.415031375765049,0.6941873878727207,0.6941873878727207,0.0,0.0,0.0,0.30581261212727917,0.0,0.0,0.0,0.0,1.0,0.7504037177959163,0.42962071770385357,,0.1914861261152433
B001506,5540.089644792366,10.054609155703023,55.96985171775069,18.011396813293032,0.0,0.36537252613862714,0.24686312718904174,8.85078759937439,0.3765056643994387,9.300057873687322,0.03537850310508503,0.0,0.16970134709457846,0.17296576741660133,2.3647382979812175,0.9611488258357077,0.036194137924016725,0.9249546879116911,0.0,0.0,0.03885117416429239,0.0,0.5,0.5,0.5,0.5,1.0445395001540425,0.3024114279472636,0.4301024463952111,0.4049048318617571
B001507,2921.808110520691,8.670053740417481,19.986199959463253,16.852254579874298,0.0,0.365,0.02764695418863007,0.08751727627375677,0.5770961524787005,2.132644256454674,1.2949520979252318,2.755958676688485,1.3078527083428257,0.6015498485275644,1.983997276708164,0.6805022724877683,0.5311430947137586,0.14935917777400964,0.31787100278755365,0.0,0.0016267247246781128,0.0,0.0,0.0,0.0,1.0,1.444392056782483,,,0.1914861261152433
B001508,8690.391209847456,6.202991584473558,13.227829944553,9.583573570494622,0.0,0.13819395894141925,0.011576160316898735,0.2658365329779791,2.7258944954291433,0.9348415622243743,0.0,1.810555942613707,0.0,0.7316995842063347,1.9577413115259015,0.9006113142459587,0.9006113142459587,0.0,0.0,0.0,0.0993886857540412,0.0,,0.0,,0.5,0.2067492387821065,,,0.188624025984382
B001509,7197.470796186513,1.9489495792544038,11.553573451125834,3.4787447823808697,0.012492457628326015,0.42538937558317785,0.28932304994428626,10.447258248508298,0.7904477802564367,0.3379655763928413,0.04197190229869765,0.5411019790024134,0.0,0.23746234130401472,2.986098968023463,0.10273120365851596,0.10273120365851596,0.0,0.4510468432598208,0.0,0.44622195308166324,0.0,0.0,0.0,0.0,0.6,1.852442086406535,,,0.18837769891077183
B001510,5565.414229876443,1.2526253049463072,9.707274412720675,1.6593172004238477,0.0,0.30690390174454907,0.45494898154522306,16.484012799059307,0.421395411020197,0.0,0.020995063509635665,0.41317271583555704,0.23531796504024566,0.16174414954067173,2.4231840811996013,0.8247299380195248,0.3070247006152718,0.517705237404253,0.0,0.0,0.17527006198047518,0.0,0.5,0.5,1.0,0.5,1.5438205898108612,,,0.4049048318617571
B001511,22182.029410721785,4.659111407418984,16.56376852697344,7.348590415908845,0.0,0.045096042939911554,0.010594418112105488,0.19982526572121984,0.33275796576158984,0.0,0.9861549142970846,0.9104164985675793,2.154301824313123,0.27548020447960725,2.0206494887077233,0.919447105853165,0.919447105853165,0.0,0.0,0.0,0.08055289414683496,0.0,0.0,0.0,0.0,1.0,0.9135051812625429,,,0.1914861261152433
B001512,3255.4037140583837,2.2025735548432905,12.753022105883371,2.9975842123078777,0.10102406274160326,0.2921272534294058,0.298006210187472,10.792267902362152,0.8070302223010158,0.31900189356396713,0.0,0.6534194332330564,0.25258765054877574,0.17053435519647558,2.5917584468848247,0.5705021709726321,0.01433051684008421,0.5561716541325479,0.0,0.0,0.42949782902736794,0.0,0.0,0.0,0.0,0.6,,0.4047330109049605,0.9579630223627144,0.18837769891077183
B001513,457970.00704549113,1511.4521684669674,4471.205731671309,2860.060805300428,0.0,0.3648128387474849,0.013842105010783437,0.044269864960885606,0.43012035735620324,1.3713613549551904,0.9975470945334024,0.0,1507.965239274214,0.6879003859087892,2.0008923525528033,0.9987320073836005,0.9987320073836005,0.0,0.0009073137632573129,0.0,0.0003606788531422234,0.0,0.0,0.0,0.0,1.0,1.0804254675129359,,,0.1914861261152433
B001514,2003.6395016055253,5.5045041252899045,16.087253120280227,13.311001690897989,0.15785760337535007,0.20054579578497284,0.010259745178234627,0.02370001136172199,0.41038980712938505,0.1870080460069887,0.49413746135466724,1.7288337818275796,2.2092208661226356,0.4749141628486474,1.8912761136575795,0.8883969189043764,0.7646536185347391,0.12374330036963722,0.0,0.0,0.1116030810956236,0.0,,,,1.0,0.5103383433775729,,,0.1914861261152433
B001515,1262.3337572177143,1.4661251535629667,4.076072382561384,1.7885843481898587,0.0,0.8090000000000002,0.007063466623679551,0.15751530570805397,0.562736025694391,0.22893879656830188,0.0,0.0,0.0,0.6744503313002737,2.1298250758617,0.8436042937477118,0.8436042937477118,0.0,0.0,0.0,0.15639570625228813,0.0,0.0,0.0,0.0,1.0,0.44483056265269777,,,0.1914861261152433
B001516,5834.888906641537,1.754853806508733,12.70965915806772,2.917824482337377,0.15046406434843898,0.23792748579035702,0.2877560131054614,10.351731073905775,0.39328653135552655,0.12819204793483582,0.05171400171706044,0.7361693312464755,0.23883535584037907,0.20665653841445578,2.2266280521115163,0.753839021037457,0.6807890339334757,0.07304998710398153,0.0,0.0,0.24616097896254302,0.0,0.30000000000000004,0.30000000000000004,0.30000000000000004,1.0,,,,0.31989570700826886
B001517,9035.209790749224,4.780534280819696,11.775808829450161,7.01115770374931,0.0,0.2641492070369232,0.01699743865490316,0.05328602834383575,0.5976565448715244,0.0,2.1521855135802594,1.4393579058682047,0.0,0.5913343164997074,1.8427505363234433,0.9509921898850919,0.5007944949924547,0.45019769489263745,0.0,0.0,0.049007810114907985,0.0,0.0,0.0,0.0,1.0,,,,0.1914861261152433
B001518,925.0055625345799,1.4544112618468237,6.914345272514704,1.5370255929012477,0.21982380261589307,0.32565716680825524,1.6874343413406705,61.05996777760584,0.47781979372498745,0.38445971107722426,0.028328227993152124,0.12403147844693348,0.1233626942772775,0.31640935632724937,2.051120174770067,1.0,0.7356595612515858,0.2643404387484143,0.0,0.0,0.0,0.0,0.0,0.0,1.0,1.0,0.6656797839161198,,,0.18837769891077183
B001519,4999.575761034548,2.9794849589002075,8.65110659683915,4.081439449388112,0.0,0.6491158147685627,0.9725302079677798,21.68742363768149,1.215662759959725,0.0,0.03378345276823723,1.2770074393305761,0.04287986722022661,0.41015143962144246,2.3448249018508633,0.5496088174443331,0.5496088174443331,0.0,0.03584009384234627,0.0,0.4145510887133207,0.0,0.0,0.0,0.0,1.0,1.0152894230562222,0.3535390663579088,,0.18835914010109434
B001520,2928.826979072633,2.352471469134645,8.795957617951132,1.7028000381617718,0.0,0.24,0.010522654077334586,0.2346551859245613,1.4113150600041224,0.0,0.0,0.679477711324934,0.0,0.26167869780558783,1.357857851540966,0.9287917606251476,0.8428422633974095,0.08594949722773801,0.0,0.0,0.07120823937485228,0.0,0.0,0.0,0.0,1.0,0.725728330574367,,,0.1914861261152433
B001521,6690.58797112761,2.2889455939540233,11.120078771948538,3.6526497787259733,0.0,0.06445808740632217,0.2964824426308866,10.63587618817025,0.4525698031624923,0.5795900459353042,0.0467414687452734,0.9269052500549666,0.0,0.28313902605598673,2.192011125111023,0.8022802270364567,0.5490675480342897,0.2532126790021668,0.0,0.0,0.1977197729635433,0.0,0.5,0.5,1.0,0.5,,0.35752252889488695,0.3371349010985213,0.4049048318617571
B001522,1845.6476236493286,1.52030282013948,9.3327257682802,0.94857513305974,0.0,0.0744551074806641,0.3519372822337191,7.848201393811936,0.7222369316100401,0.5816080582196663,0.03478286234496134,0.0,0.0,0.18167496796481233,1.8341601720949738,0.9515348858309967,0.9515348858309967,0.0,0.0,0.0,0.048465114169003336,0.0,0.0,0.0,0.0,1.0,0.6663657748274833,,,0.18837769891077183
B001523,6290.040324893241,8.604706326803338,19.025290390899432,16.225583641898805,0.0,0.3437071801848888,0.017467297669190505,0.4902798515000108,1.170886694801649,1.0718130592201018,1.215182358432273,2.1571105271584097,2.387929161492499,0.6017845256984053,2.066164042213714,0.8453948005642328,0.7041718102284644,0.14122299033576838,0.0,0.0,0.15460519943576717,0.0,1.0,1.0,1.0,1.0,0.27124634493954414,,,0.608845443987547
B001524,9832.922966779013,3.440490891105323,6.202189626115802,2.170207486867651,0.0,0.4159006946823135,1.5297329961556374,34.092765954769575,1.9979474800042627,0.0,0.0,0.41516259773597924,0.49041983574302295,0.5369609776220593,2.965491771991781,0.32847131101637494,0.32847131101637494,0.0,0.06755309521611486,0.0,0.6039755937675105,0.0,0.0,0.0,0.0,0.98,0.16348391855566224,,,0.19030060538549587
B001525,3610.003885252128,3.997789463180651,7.854450956176107,6.910267423757224,0.2753914613002751,0.36499999999999994,3.4381893135257147,124.45824941736132,1.0006923395530023,0.6909229090113264,0.26670191597463383,0.8725978243051883,0.7612443566349534,0.40563011770154733,2.126595528527515,0.9191331601981819,0.9191331601981819,0.0,0.0,0.0,0.08086683980181807,0.0,0.0,0.0,0.0,0.98,0.13558228172573522,0.49935751719527194,,0.19030060538549587
B001526,352.41550505024355,0.6193594113361046,4.807338411218196,0.5709472179349632,0.0,0.6259765165404664,0.36466370991697045,13.20082629899433,0.20056504045433377,0.035509379195275685,0.0,0.0,0.13619800953894853,0.24708698214754676,2.5069790759638315,0.6761734192079725,0.618840990661075,0.05733242854689744,0.0,0.0,0.32382658079202764,0.0,0.0,0.0,1.0,1.0,,,,0.18837769891077183
B001527,1090.6274450656936,3.5875902798213604,6.334301371758728,5.614585590336072,0.0,0.4104309882573326,1.6157008748091053,58.39722975290142,0.9806436918457649,0.7087101210227843,0.0,1.3065036320378307,0.0,0.591732834914981,2.753333753840586,0.3624836880766995,0.3624836880766995,0.0,0.3641730326303835,0.0,0.2733432792929172,0.0,0.0,0.0,0.0,0.98,0.324335810356952,0.44303625556546544,,0.19030060538549587
B001528,9964.055907924181,4.204242999124127,10.904513873264861,2.1625979945037,0.0,0.2931361865892234,0.013424996080166408,0.34463154099587207,2.617190705184264,0.6285653617735467,0.13027182679461138,0.28839900322661494,0.20573869667195235,0.3340774054731369,1.9193201726806206,0.8301356101582906,0.5810453001992935,0.24909030995899728,0.0,0.0,0.16986438984170912,0.0,,0.0,,,,,,0.18835914010109434
B001529,1052.4986447069564,1.0198630278168181,5.110183016515081,0.727019046077665,0.0,0.365,1.2538622582398324,45.38981374828193,0.37063778934680375,0.38386605632900717,0.0,0.0,0.0,0.26535918214100723,1.52416700240716,0.9611632029852064,0.9611632029852064,0.0,0.0,0.0,0.03883679701479341,0.0,0.0,0.0,0.0,1.0,0.7661389520942318,,,0.18837769891077183
B001530,6892.404715859013,6.64008161450772,14.964666114376051,8.860942281621892,0.10365435529076739,0.16615255500404563,0.03085509696333425,0.08666722425446473,0.709187180375092,3.284860571326372,0.0,0.2800670744241114,1.4891947185060617,0.8767720698760828,1.8294527611012725,1.0,0.9578217421586807,0.04217825784131946,0.0,0.0,0.0,0.0,0.0,0.0,0.0,1.0,1.0354076832162626,,,0.1914861261152433
B001531,16239.034881165975,4.793103565869532,8.367375207418432,7.478665286826094,0.06740526908094346,0.37868892101982005,1.6293384122603598,58.91754284154457,0.9745572061791503,0.7444675844639337,1.6444677199547693,0.6177016806081138,0.3610657042674547,0.45084367039611106,2.4251449031621988,0.7776203243721603,0.30565693583384174,0.47196338853831876,0.0,0.0,0.22237967562783967,0.0,0.0,0.0,0.98,0.98,0.4587008206046793,0.3824075508153993,,0.19030060538549587
B001532,3147.1621696957386,6.396671076617355,11.055388563139557,12.35897054339978,0.31050972277058975,0.31878125927661327,1.13738251275466,41.02128340223258,1.9515069425661598,0.0,0.6051983481664652,3.2288479266727417,0.0,0.6111178592119877,2.7789091182212298,0.6949183537512541,0.09553685845218651,0.5993814952990676,0.0,0.0,0.3050816462487458,0.0,0.28,0.28,0.28,0.7,,,,0.3131956702029707
B001533,14548.201020756655,15.217783494515329,26.63835650600255,21.244589684327835,0.0,0.23311822915243546,0.016106665521194476,0.4039090389546366,4.016947107185439,4.790943871821167,1.575175919917604,1.6833177218207798,2.5402073070119813,0.611191566758362,2.216500340588138,0.5139873866497163,0.5139873866497163,0.0,0.425440511489426,0.0,0.060572101860857874,0.0,0.5,0.5,0.5,,,,,0.40513160691334116
B001534,1619.5849767901982,1.2633268149689534,5.616275960617716,1.4173313796385008,0.020350302315450413,0.4324446167097518,0.6537897926452647,23.637920621283858,0.3590461569391451,0.3968960686284638,0.0,0.1748027385465945,0.09374795507576318,0.23883389577898692,2.8381581098815323,0.49905436741641845,0.18488699288933094,0.3141673745270876,0.13836699773596617,0.0,0.3625786348476154,0.0,0.0,0.0,0.0,1.0,,0.4030535971174065,0.5481965645535427,0.18837769891077183
B001535,1363.3390308536086,1.8548830351749777,11.385097683152376,2.8107147371778836,0.0,0.3468105138001676,0.44174391945765645,20.727279646455766,0.5474155355783774,0.415832481793928,0.0,0.7333234045955073,0.0,0.15831161320716494,2.5023279704638255,0.6877095959019971,0.4635270065374331,0.22418258936456392,0.0,0.0,0.31229040409800285,0.0,0.0,0.0,0.0,1.0,0.6165310237487611,,,0.18837769891077183
B001536,2459.528370307166,7.686026157209893,14.949153534500361,11.3711111058293,0.0,0.365,0.020303558278305184,0.20004190431447072,2.888750826284279,0.0,0.9613994528955514,3.456612410026554,0.0,0.3792634680035089,1.3991759242952253,0.9251726152506596,0.8000885427753521,0.12508407247530748,0.07482738474934039,0.0,0.0,0.0,0.0,0.0,0.0,1.0,0.1865668144652579,,,0.188624025984382
B001537,15441.665539994352,5.003780149058442,9.185217818786365,5.888387809746376,0.12754286033604276,0.35270529174236875,0.011712685175903181,0.26119287942264097,1.4460105155436027,0.8545698716248273,1.264751514243437,0.6371631708367969,0.0,0.8012850768097769,2.346771920056594,0.7048493798841226,0.534064524001589,0.17078485588253337,0.0,0.0,0.2951506201158774,0.0,1.0,1.0,1.0,1.0,0.2057301885418674,,,0.608845443987547
B001538,3419.72440022856,4.565720160518772,14.579298539425015,9.288641465197237,0.11995445053044564,0.16168414244412443,1.2851970029365067,28.605315283034276,0.8948402898242537,0.3243163103290734,0.0,2.7844699368836037,0.0,0.5620936234818413,1.8396305416277905,0.968962550596431,0.28806531250125894,0.680897238095172,0.0,0.0,0.03103744940356909,0.0,0.0,0.0,0.0,1.0,0.8656103104741406,0.3255166342927094,0.31703130515991407,0.18835914010109434
B001539,2714.5912316313006,4.295239290555855,12.536390838755779,7.763890532710481,0.10382129825755514,0.020999999999999998,5.620482579022437,38.847376327204515,2.0244328327936,0.0,0.09319199904866014,1.6212098148803673,0.2745649789167894,0.2818396649164383,2.6660587888081118,0.5231973583184957,0.5231973583184957,0.0,0.0,0.0,0.4768026416815041,0.0,0.0,0.0,0.0,0.5,0.7739341454009258,0.11607955467796416,,0.18835914010109434
B001540,4801.254200567597,5.022232427371963,8.030751257601905,4.615541795384106,0.0,0.390892522530947,1.953725514208857,43.583749450294725,1.8969340240154493,0.0,1.5090614426277862,0.0,0.8365561395065726,0.7796808212221542,2.0918866475781077,0.9575762385991448,0.6571000132450249,0.30047622535411983,0.0,0.0,0.04242376140085515,0.0,0.0,0.0,0.0,0.98,0.29623658288758725,,,0.19030060538549587
B001541,17821.058557947938,5.334049254099951,13.12292156441483,5.498073587422364,0.0,0.2048155244569489,0.025247612552480283,0.49222681772533905,1.96946439984664,0.0,1.8642962518589983,0.4561544620692836,0.6146023201560664,0.4295318201689641,2.613552508159109,0.6585968232349088,0.5730793410484317,0.08551748218647702,0.0,0.0,0.3414031767650914,0.0,0.0,0.0,0.0,0.95,0.6509438107881838,,,0.1914861261152433
B001542,3041.9651132274685,8.311380090785432,13.164113131592702,13.884208025878662,0.13824770961964916,0.3542012030477991,1.8226021172125841,65.98236758781452,1.701644968516699,2.7130489814282495,0.7711971119842628,1.6199327953225626,0.929839092525732,0.5757171410079271,1.9102688492993452,0.9880654464721083,0.37394615064133296,0.6141192958307753,0.0,0.0,0.011934553527891707,0.0,0.2,0.2,0.2,0.98,,,,0.2785184786737387
B001543,1233.5666568995948,1.8605831929103995,11.107142470684801,2.9357002783661823,0.0,0.4006290632606184,0.4748387975220539,22.281246735599346,0.5919334635125144,0.19403593965252208,0.0958443151811787,0.4375425877829264,0.16710860804648148,0.3741182787347762,2.6420195041929757,0.5383606362658753,0.30319642030920807,0.2351642159566671,0.10428769882039149,0.0,0.35735166491373316,0.0,0.0,0.0,0.0,1.0,0.8930242575356744,0.40334905112115166,,0.18837769891077183
B001544,12905.877288181648,36.873935109090425,82.63946877925578,8.744332557499746,0.16392536858711673,0.33913712437374105,0.06995297765273839,4.500454337506886,33.01238319187283,0.36534605402916853,0.0,2.9467442398942345,0.0,0.5494616232941978,1.7240453039911237,0.996681546359178,0.9867735706319252,0.009907975727252959,0.0,0.0,0.003318453640821977,0.0,0.0,0.0,0.0,1.0,,,,0.18835914010109434
B001545,9105.262277068814,5.498346785669574,12.713028005346331,3.988169468370548,0.0,0.20411462662884025,0.021850408312038702,0.5134615940698319,2.4696929432506836,0.843735605950023,1.542068509353095,0.0,0.0,0.6428497271157723,1.873465656966407,0.9734743119186878,0.820021712648474,0.15345259927021412,0.0,0.0,0.0265256880813121,0.0,0.0,0.0,0.0,1.0,0.8706518606681758,,,0.1914861261152433
B001546,3238.203725016868,6.251358542503605,9.282963004168916,7.116765827054703,0.0,0.12192894692893708,1.347578050088364,30.082414540205217,2.3022803973792536,0.0,1.390069671056604,1.69400015532135,0.0,0.8650083187463975,2.725976172113623,0.6346004524799657,0.36361932992817547,0.27098112255179013,0.0,0.0,0.3653995475200344,0.0,0.28,0.28,0.28,0.7,0.2086988259869235,0.3616364557097959,,0.3131956702029707
B001547,4116.307782808358,5.345854263387478,9.96640420350097,5.078048280455282,0.0,0.021,0.018385763553182895,0.3072796246678223,2.8912124701468356,0.7043415845879263,0.0,1.0552719848055234,0.19407239075708269,0.5009558330901092,2.634318709471538,0.3586467575656675,0.3586467575656675,0.0,0.19740006607229038,0.0,0.443953176362042,0.0,0.0,0.0,0.0,0.5,,,,0.18835914010109434
B001548,491.88998155954636,1.003857105223564,7.268112120176645,2.1401092289352053,0.11631607635006463,0.42668433475177436,0.38768748493190824,13.972806606387877,0.21209758540258766,0.2959263686100899,0.0730985631955849,0.24903859583688218,0.03738591380508706,0.13631007837333226,2.2554602405759088,0.7887173539949668,0.24584630032482743,0.5428710536701393,0.0,0.0,0.21128264600503321,0.0,0.0,0.0,1.0,1.0,0.4478927343427156,0.24185912836843423,0.33149880297945644,0.18837769891077183
B001549,341.17225079170044,0.7825051623662854,5.313194441437482,0.6665021260758267,0.22255217582009393,0.3057570329460612,0.4342133158276732,15.691228866255843,0.23831544334118615,0.16878288412608322,0.024239951543054836,0.09571550475734644,0.0,0.2554513785986147,2.869658571929913,0.5900117286798728,0.251996848262228,0.33801488041764477,0.0,0.0,0.4099882713201272,0.0,0.0,0.0,1.0,1.0,,0.3917638567136457,0.7240128682582576,0.18837769891077183
B001550,1533.1002965275673,1.412995665002366,8.137932367632589,2.5749649491549325,0.0,0.16071914646848023,0.4598828798594959,16.447112233312943,0.3337817217667311,0.0,0.0,0.5561844112092195,0.3094547433901667,0.21357478863624904,2.052448903955561,0.823291346738147,0.21066444628835926,0.6126269004497876,0.0,0.0,0.17670865326185312,0.0,0.5,0.5,0.5,0.5,0.9499485431928395,0.40994322397286703,0.48090139813783583,0.4049048318617571
B001551,1655.0297632644151,3.7108290656152807,6.049192699282387,6.728655729835267,0.34461555204691324,0.47516025364937153,3.987321280960642,144.31326880293653,1.5726555596672362,0.7521190961596219,0.2838217110093701,0.3859977938172873,0.15299046802315905,0.5632444369386055,1.6783264855971147,0.7973177737749244,0.7973177737749244,0.0,0.20268222622507553,0.0,0.0,0.0,,0.0,,0.98,,0.29243305469952097,,0.19030060538549587
B001552,9523.866766250901,6.22882064503002,15.03955776794746,3.740495395269421,0.0,0.30398342516717447,0.03737977091862859,1.7344213706243665,4.151631979791531,0.38715554650148687,0.11003925173224051,0.9703044401098228,0.0,0.6096894268949412,1.6753959980335182,1.0,1.0,0.0,0.0,0.0,0.0,0.0,0.0,0.0,0.0,0.5,,,,0.18835914010109434
B001553,44354.01674558722,14.252576075060162,22.499570939200442,11.530922371927188,0.14382184165389564,0.18708016391463542,0.01765655251620599,0.6057673404368286,5.801522462632102,0.5787418333569039,1.860650809611415,1.4548652212428579,0.0,4.556795748216885,2.8476091563294275,0.552343080830595,0.4502657290886422,0.10207735174195286,0.04060612132915494,0.0,0.4070507978402503,0.0,0.0,0.0,0.0,1.0,0.239763857438352,,,0.188624025984382
B001554,12062.672198214075,3.4123542286319872,6.166329356113192,5.220646377145426,0.15832656029897396,0.11613069982789054,1.651146735295757,59.37982556025829,0.9960673816804271,1.6838468784411476,0.0,0.08908565289057395,0.0,0.6433543156198376,2.367456286555936,0.7080996535111328,0.7080996535111328,0.0,0.0,0.0,0.2919003464888668,0.0,0.0,0.0,0.98,,,0.4740158823491965,0.6677601179666796,0.19030060538549587
B001555,37801.54832895397,9.25601085429823,13.418482645439985,8.752133073403723,0.0,0.4173363915576329,0.009106656706200499,0.3070565743941258,4.268913974525278,1.2547335671894502,0.0,0.5685041463077857,2.451647181257449,0.712211985018266,2.6425269914234177,0.6422368398726565,0.44525806119603284,0.1969787786766235,0.0,0.0,0.3577631601273435,0.0,0.5,0.5,0.5,0.5,0.26667875879080133,,,0.40513160691334116
B001556,2341.5792226070885,5.180485005767895,9.512897076023943,1.2622300470051584,0.0,0.24,0.0146699869735758,0.42564317213523767,3.2477178154652324,0.0,0.0,0.0,0.8469563615404613,1.0858108287622021,2.408387924585375,0.7323926424631654,0.5689028609856649,0.16348978147750054,0.0,0.0,0.26760735753683473,0.0,0.0,0.0,0.0,0.5,0.5997520732875461,,,0.18835914010109434
B001557,2193.5694478537093,4.974080380620656,15.471405523671276,6.352750819583122,0.0,0.16925963712935316,0.013783559307184577,0.4924702206702557,1.4647952009499543,0.7462376051492232,1.411614082596661,0.3365784680960076,0.7306182839377323,0.2842367398910786,2.533002539830611,0.65510719682718,0.2905303869613356,0.3645768098658443,0.0,0.0,0.34489280317282034,0.0,0.0,0.0,0.0,0.95,,,,0.1914861261152433
B001558,18143.1319263853,8.045734778884833,21.378052738537345,5.063054712276217,0.0,0.453,0.031678784827586355,1.671382724237106,6.684713550481149,0.6452327910424046,0.0,0.0,0.0,0.71578843736128,2.9907522718835207,0.4056139335012519,0.3254183008120228,0.08019563268922916,0.0,0.0,0.594386066498748,0.0,0.0,0.0,0.0,0.5,0.08644596063774243,0.21709833818895702,0.4649013384908987,0.18835914010109434
B001559,8179.488262458045,8.13879429100303,12.546925626596847,9.231711878666005,0.0,0.365,0.0480732603485558,0.49618550233308434,4.06518839127135,0.0,1.903010022917822,1.5680539085044087,0.0,0.6025419683094516,2.941649089174832,0.29264411791616296,0.058824469098955424,0.23381964881720751,0.19266415299841186,0.0,0.5146917290854254,0.0,0.5,0.5,0.5,0.5,0.28067559686227694,0.3740720140304298,,0.40513160691334116
B001560,4085.3671207061484,4.916205921427375,7.2491265585428595,0.783129917366993,0.0,0.47,0.022900051569510662,0.8815335083197596,4.0305580399103995,0.0,0.0,0.24120401454903384,0.0,0.6444438669679422,3.4632142875291776,0.15258928435311708,0.10352624297445116,0.04906304137866595,0.0,0.0,0.847410715646883,0.0,0.0,0.0,0.0,1.0,0.2795282309109116,,,0.188624025984382
B001561,608.9321792121801,1.7201473989044636,9.39411506983405,1.1015359058096004,0.0,0.40934802951923244,0.3272096296505214,11.820273896189853,0.8863931314237945,0.24045346716750973,0.026400330506879222,0.10835514789915529,0.16276323578091131,0.2957820861262137,3.0405717730765542,0.3295650536502458,0.3295650536502458,0.0,0.15513426224074991,0.0,0.5153006841090043,0.0,0.0,0.0,0.0,0.6,1.0070017309294754,0.393947472119941,0.6062674354249702,0.18837769891077183
B001562,2624.193433850002,2.3556494020197505,11.222519952578741,4.131669574450163,0.0,0.16598939655801537,0.2925451802541322,10.585664365653688,0.44727075218253676,0.6737219703976232,0.09734668277866845,0.5689311239513379,0.17278356811733447,0.3955953045922492,2.3913160891344107,0.810128471665162,0.28260808035247276,0.5275203913126892,0.0,0.0,0.1898715283348378,0.0,0.5,0.5,1.0,0.5,,0.3494194410462116,,0.4049048318617571
B001563,4385.43600699499,4.098538324294383,6.50422671327274,6.530603841196076,0.0,0.365,1.0639740570612823,49.8007173647108,1.4759666248079604,0.0,1.0276425895613936,0.9258474612607264,0.0,0.6690816486643035,1.8022179884198224,0.9489911229311944,0.4723602130181006,0.47663090991309415,0.0,0.0,0.05100887706880538,0.0,0.19999999999999998,0.19999999999999998,0.19999999999999998,0.98,,,,0.2785184786737387
B001564,32044.619172517512,6.571907131361262,16.508941927313092,11.156025124885868,0.0,0.5755487303254756,0.024556471191952842,0.635502231208159,1.892230942095217,0.3319872924796371,0.0,2.314748865154233,1.1852292446828112,0.8477107869493624,2.6826407479571786,0.4958760532495041,0.4958760532495041,0.0,0.18034783830509038,0.0,0.32377610844540544,0.0,0.0,0.0,0.0,1.0,,,,0.1914861261152433
B001565,31121.125550362478,6.8974125776512585,15.966671088032443,6.466613690153163,0.2934673795839599,0.2649558965912812,0.009410966347150478,0.20986454954145567,1.1618476971790714,0.46585897392318726,0.9633018027901654,0.47288487826882875,0.4479964951888512,3.3855227303011546,2.467359861437494,0.7440782672957726,0.6105671335060548,0.13351113378971788,0.06754112048228728,0.0,0.1883806122219401,0.0,1.0,1.0,1.0,1.0,0.29055844924873897,0.30104945995201915,,0.608845443987547
B001566,3338.736571034667,5.376387392970479,9.861844440938734,12.263999590093233,0.0,0.4229004026093764,0.013843014654994741,0.3086992268063828,3.4096095209346657,0.6355314154495249,0.0,0.5223639987952517,0.27556236197650175,0.533320095814533,3.0559652738603864,0.3467162138880333,0.2285083227899198,0.11820789109811353,0.0,0.0,0.6532837861119665,0.0,0.0,0.0,0.0,0.5,0.787541235002828,0.15644879094675915,,0.18835914010109434
B001567,33405.02962332464,18.314160977699913,30.63718822479448,2.7504844397248727,0.0,0.2949189813500276,0.08457114434567697,5.42700533432976,16.2262420001055,0.8704444428920008,0.0,0.0,0.6415864720383586,0.5758880626640446,3.4730307164876884,0.1095805940692781,0.074548332814199,0.035032261255079127,0.0,0.0,0.8904194059307216,0.0,0.0,0.0,0.0,1.0,0.09675716230864209,,,0.18835914010109434
B001568,2108.617346368699,4.2684561667382575,7.4002236181433485,3.7358527257123035,0.0,0.4334161716787424,1.195272277512408,43.21720735541062,1.9031863850662663,0.7347289136814046,0.0,0.23383096228219893,0.8137332185302936,0.5829766871780953,2.8189844247223155,0.6277713191859082,0.45564142374344263,0.1721298954424658,0.0,0.0,0.3722286808140919,0.0,0.2800000000000001,0.2800000000000001,0.2800000000000001,0.7,0.35488418167184804,,,0.3131956702029707
B001569,3107.6878677097766,4.7663924351376945,14.79781161530629,4.917442545693435,0.0,0.3784477855737262,0.012643418585677541,0.21566567437000936,1.9364446369773007,0.5190788207161161,0.0,0.3486786681531838,1.6805585658563946,0.2816317434347006,2.652356905102045,0.5844398118253729,0.40238231222206305,0.18205749960330986,0.0,0.0,0.4155601881746274,0.0,0.0,0.0,0.0,1.0,,0.26296852883224026,,0.1914861261152433
B001570,1158.9707990980626,1.0913096036704921,5.118893378847914,0.5943655805556348,0.0,0.36499999999999994,1.1063549257093113,40.05004831067707,0.43267994118938885,0.0,0.05686041597085863,0.11425037257494831,0.14271423798756824,0.34480463594772787,2.3634894041792025,0.7670518699160025,0.71494895083638,0.05210291907962257,0.10469107225912845,0.0,0.12825705782486882,0.0,0.0,0.0,0.0,0.9,0.8806732622786956,0.32546478014931646,,0.18837769891077183
B001571,22760.77283453826,10.685808842506226,16.556841672811156,7.569584459875933,0.0,0.32367880631821355,0.012399565811738528,0.3345637168304192,5.730882873979784,0.0,1.6790259375109111,0.0,2.675539857100989,0.6003601739145388,2.8078228814331494,0.4636921773124588,0.4636921773124588,0.0,0.0,0.0,0.5363078226875407,0.0,0.0,0.0,0.0,1.0,0.2460199570802112,,,0.188624025984382
B001572,5994.489450163645,8.551340157152133,11.314333063355022,10.485935392308681,0.0,0.365,0.025267355110246418,0.2459847068599568,4.2219135705894235,0.5089870142382271,0.0,3.059254354880966,0.0,0.7611852174435151,3.011458671073359,0.4467650101755288,0.08901355851303357,0.3577514516624953,0.05952131535926831,0.0,0.49371367446520265,0.0,0.0,0.0,0.0,1.0,0.27032695686329306,0.1721626952705706,0.27797275842131597,0.188624025984382
B001573,29723.606291007527,7.253198216448884,16.207485770714776,10.031288878640947,0.0,0.39026436548563487,0.019977506906937257,0.4454984040247009,2.123033361127061,0.08015186866045004,1.1399129485183546,1.0667846509138978,2.2892416276115957,0.5540737596175263,2.7081106520826457,0.36961649343862796,0.05432806482426034,0.3152884286143677,0.31561823616236323,0.0,0.31476527039900903,0.0,0.0,0.0,0.0,0.95,0.6395447495885175,0.4541215446396903,,0.1914861261152433
B001574,4117.859364700892,4.755033908430591,10.12222818900866,2.495871422005601,0.0,0.15749320320312601,0.015305192491542111,0.34130579256138904,2.483966382161563,0.18931136855790054,0.08999448927985093,0.0,1.1798328507485751,0.8119288176827025,2.6483930212147007,0.5388537411770462,0.2319918477215023,0.3068618934555439,0.0,0.0,0.4611462588229539,0.0,0.0,0.0,0.0,0.5,,,,0.18835914010109434
B001575,9680.077541868603,5.971670291097226,12.367608567658479,4.570662213580658,0.09707770574362007,0.14075346697665614,0.012118090255814428,0.2702334127046618,2.7680916828002506,0.3530542763568326,0.0,0.08261719507907546,2.2570824107216314,0.5108247261394353,2.599331425534189,0.5318080568457512,0.47268652817006757,0.05912152867568363,0.0,0.0,0.46819194315424884,0.0,0.0,0.0,0.0,1.0,,,,0.188624025984382
B001576,1287.0970736349004,2.030121567247477,10.051149369420562,3.016614426339965,0.0,0.39078759312226236,0.32784822896754745,7.314000379648881,0.8926064204004871,0.3547490946718537,0.0,0.39064985741806935,0.1953732134326466,0.1967429813244205,2.873452587032782,0.5468038522601402,0.17963423832388434,0.367169613936256,0.0,0.0,0.45319614773985983,0.0,0.0,0.0,0.0,0.6,1.2777001848433516,0.20465932156196864,0.9854090710039731,0.18837769891077183
B001577,17421.734516546047,4.443186563770989,9.138995983368085,20.67478487674355,0.2852067366757376,0.44093364828328535,0.023829864470073365,0.3451728990319263,2.970212150245498,0.6100362059430756,0.0,0.10987547740376007,0.0,0.7530627301786543,3.130939641104125,0.3146000309202967,0.17730302635217648,0.1372970045681202,0.0,0.0,0.6853999690797031,0.0,,0.0,,0.5,,,,0.18835914010109434
B001578,4558.984388341343,5.319701736687682,12.415821827496984,8.616045079175926,0.23490058293341756,0.41305328157433546,0.01731251487224423,0.6028670470251358,2.6602033879106957,0.3827025982596735,0.0,1.7325042037202751,0.1660121775519728,0.378279369245065,1.6534122258538302,0.9916633720747448,0.9197227601377373,0.07194061193700753,0.0,0.0,0.008336627925255255,0.0,0.0,0.0,0.0,0.5,0.5711941791965491,0.18466334613695298,0.7226550360846529,0.18835914010109434
B001579,3396.633727057971,1.6052144267759787,7.222683755689235,1.923809200337179,0.0,0.021,0.44822672049013307,21.06251011774825,0.6173833646488416,0.0,0.05656811983525425,0.5439926350078597,0.1706492840766646,0.21662102320735818,2.631615596827581,0.5538353251052861,0.5538353251052861,0.0,0.0,0.0,0.44616467489471356,0.0,0.0,0.3,0.0,1.0,0.663911699150293,,,0.18837769891077183
B001580,3626.897882497746,1.1298747297500766,7.460590931169723,0.5804741101235433,0.0,0.4266976565563095,0.3946361639365171,18.547899705016306,0.6666076869160587,0.0,0.04092584713786911,0.09160697642784028,0.14791103946226206,0.18282317980604681,1.8731630751122894,0.8639798934585357,0.8639798934585357,0.0,0.1172986881430874,0.0,0.018721418398376957,0.0,0.0,0.0,0.0,1.0,,0.41162797436019327,0.7814570770475875,0.18837769891077183
B001581,4381.385326767413,5.6099684081528975,9.543591071043567,8.849084859749178,0.19977241794459513,0.18884947303623417,1.6905475005148782,61.17267745607181,1.0271949742495925,0.5786073325235235,1.637855343620156,0.7521871239511645,1.0558150844561105,0.5583085493523522,2.179945900037607,0.8168982604684937,0.3367404000139521,0.4801578604545416,0.0,0.0,0.18310173953150657,0.0,0.0,0.0,0.9800000000000001,0.98,0.2832872219968497,0.4552625397309239,,0.19030060538549587
B001582,5097.997566865656,3.5231496661131003,9.862572735934936,3.2325582912913005,0.0,0.40538125979938955,0.014408403395799336,0.5215842029279361,1.4408403395799338,0.0,0.0,0.2479989027907533,1.3345744452986612,0.49973597844375184,2.495027111385192,0.5770307151235211,0.5770307151235211,0.0,0.0,0.0,0.42296928487647883,0.0,0.0,0.0,0.0,1.0,0.9183669487624482,,,0.1914861261152433
B001583,4947.433903579168,1.7790125507296541,9.53497760129584,3.257128748410841,0.0,0.18344680303765226,0.3690797795624509,13.363780472401395,0.5027878403327228,0.0,0.0,0.9944605680397193,0.11409648208707746,0.1676676602701344,2.694140811842749,0.7375572175669866,0.1785614040569325,0.558995813510054,0.0,0.0,0.26244278243301344,0.0,0.3,0.3,0.3,1.0,0.6800355086024401,,,0.31989570700826886
B001584,1166.0179976832171,0.8695137939472164,4.425600568512247,0.460948318379514,0.0,0.46042281284101844,0.5347670362119269,19.380873963435732,0.49724870275469457,0.0,0.0545671174682016,0.0,0.10155882741794627,0.21613914630637374,2.349631503142058,0.6209561550772812,0.6209561550772812,0.0,0.0,0.0,0.37904384492271853,0.0,0.5,0.5,1.0,0.5,0.7789576248538779,,,0.4049048318617571
B001585,11471.257764267895,4.634851621926423,13.16986411623077,3.023414971154261,0.0,0.24,0.00982869257213632,0.35957396915800466,2.2640110704397514,0.0,0.0,0.0,2.0287114456445092,0.3421291058421598,1.8430921101973021,0.5509245325813453,0.5509245325813453,0.0,0.4377079594192702,0.0,0.011367507999384002,0.0,0.0,0.0,0.0,1.0,0.12160721344267657,,,0.1914861261152433
B001586,1709.030269367452,1.3016224443011821,8.359700424125643,1.2067274552517935,0.0,0.2655743709485631,0.4589922755249521,21.541215502663967,0.5727755493002954,0.0,0.02477279111009226,0.2595284583273229,0.2625448460254644,0.18200079953800707,2.525312986249093,0.5409203774669076,0.5409203774669076,0.0,0.019032240277166036,0.0,0.44004738225592627,0.0,0.0,0.0,0.0,1.0,1.3391013312450368,,,0.18837769891077183
B001587,34597.67977760128,9.712992638293453,12.961028994505888,14.021116136173413,0.0,0.30657373733825183,0.03343032451407482,0.6905631353199139,3.787554360843533,1.6125490762007255,0.0,2.6777807222579457,0.9472580552523046,0.6878504237389432,1.5858886311098117,0.890724742020259,0.7247049439774546,0.16601979804280445,0.09752484023489749,0.0,0.011750417744843394,0.0,0.0,0.0,0.0,1.0,,,,0.188624025984382
B001588,2404.58260452188,7.421551248524321,11.654323250414468,13.682570554579359,0.09942055306406172,0.36815443258584996,0.009668603262347164,0.3191771729289349,1.3014748876784998,0.9443622920519342,0.0,1.4507469547111085,2.586338114853786,1.138628999228994,1.8406336453271903,0.9353116637533703,0.8080657200916987,0.12724594366167158,0.0,0.0,0.06468833624662969,0.0,1.0,1.0,1.0,1.0,,,,0.608845443987547
B001589,1428.6243990061755,4.549759232503743,13.589119201698727,10.086542158063986,0.0,0.24081310715092902,0.013768451893018452,0.24779807781387828,0.3970716700127402,0.0,1.237431651324978,1.40237469085977,1.2474461298668293,0.26543509043942676,2.0160276689829355,0.8899016303326873,0.581671102255262,0.3082305280774253,0.0,0.0,0.11009836966731278,0.0,0.0,0.0,0.0,1.0,,0.44621012583711656,,0.1914861261152433
B001590,9073.553571804387,11.243560807688212,21.53715126607753,8.928176599203626,0.0,0.225555692000395,0.007232357134755965,0.161281564105058,4.776084900310543,0.7530260619014888,2.4970575569822056,0.23522885763845675,2.427601911271637,0.5545615195838838,2.5291539765320583,0.5682140214542779,0.13021581497093498,0.43799820648334287,0.0,0.0,0.4317859785457224,0.0,0.0,0.0,0.0,1.0,0.2896527220391065,0.2644170371743015,,0.188624025984382
B001591,3789.117563156869,1.4154342783551994,9.771834260901032,2.4107107863935417,0.0,0.5053719838116542,0.4168399999211287,15.08960799714486,0.5210499999014108,0.2268069015473419,0.0,0.2988500514690737,0.18005161860051058,0.1886757068368625,2.676983373719482,0.6088371601975926,0.4485987761089284,0.16023838408866434,0.0,0.0,0.39116283980240735,0.0,0.0,0.0,0.0,1.0,0.5679494908380053,,,0.18837769891077183
B001592,2821.612474648056,9.22095579950345,27.607316147373613,6.801253506948553,0.0,0.5060902242584533,0.0146395542967477,0.9370041315816623,6.693590907200508,0.0,0.0,1.0152010098779727,0.7737122529838351,0.7384516294411331,1.7214083515119114,1.0,0.9160919681422289,0.08390803185777113,0.0,0.0,0.0,0.0,0.0,0.0,0.0,0.5,,,,0.18835914010109434
B001593,1292.284772691952,3.0478414450281885,14.080054346531247,4.107087051028653,0.0,0.4312886994922802,0.37498353293527764,13.467423541179919,1.0177911840611953,0.5740877503895497,0.04899190222544462,0.7641737818746328,0.3326775637614534,0.31011926271591206,2.3444793626249316,0.5956950591130975,0.4865431987680865,0.10915186034501101,0.016074294909718147,0.0,0.3882306459771841,0.0,0.0,0.0,0.0,0.6,0.923388118948337,0.312148962058677,,0.18837769891077183
B001594,3176.2467743760994,8.186203026742524,12.167455603593003,13.217042488846573,0.0,0.4131335116150797,0.03117800782257296,0.5874138970951983,4.036199851772817,0.5605169647336524,0.0,3.052270578642457,0.0,0.5372156315935976,1.9399841633422035,0.9971341383912699,0.6242786681969243,0.37285547019434534,0.0,0.0,0.002865861608730131,0.0,0.0,0.0,0.0,1.0,0.2994257121859198,,,0.188624025984382
B001595,27659.857382001057,7.1050237302853985,10.179281717516446,9.747654072946336,0.0,0.19979513258628412,1.426688616941891,31.934855797494098,2.423569123667039,0.9438810271632682,0.0,1.6808602407252462,1.3001823314833871,0.756531007246459,2.4887534820270534,0.6697953636499786,0.1173800940651938,0.5524152695847847,0.0,0.0,0.33020463635002156,0.0,,0.28571428571428575,,0.7,0.4835148946633969,,,0.19030060538549587
B001596,54667.35393013184,12.172646165694019,19.20673496708183,8.741173189644723,0.0,0.16346723211988962,0.012178107537237614,0.25910126571120246,5.5466139944486645,0.48528152707931144,1.6903835798733113,0.22954592403492666,3.1282544943259576,1.0925666459318433,2.7107832953547284,0.5044713006997954,0.24748079495895905,0.25699050574083626,0.039866559864934946,0.0,0.4556621394352693,0.0,0.0,0.0,0.0,1.0,0.24315143301379638,,,0.188624025984382
B001597,4018.2052595796345,10.658369388805397,16.027969790223,12.134530855841824,0.0,0.43617405266287473,0.021866198535718404,0.43373729694211033,4.226086762670498,1.3952390337306966,0.9918684611104217,0.5632346912046915,2.2888218609549695,1.193118579134121,2.699920435133939,0.4425574750060692,0.3897131166752102,0.05284435833085904,0.13090548683705142,0.0,0.42653703815687966,0.0,0.0,0.0,0.0,1.0,,0.34825632253171174,0.6969750930529084,0.188624025984382
B001598,2073.136854399815,0.8534939705227728,6.8420698457438265,0.24044208584268034,0.0,0.453,0.2275412494430796,10.640998894005543,0.6216562267461692,0.0,0.0,0.0,0.11156512783100368,0.12027261594559993,3.173772593524627,0.2716337218347318,0.2716337218347318,0.0,0.0,0.0,0.7283662781652682,0.0,0.0,0.0,0.0,0.6,0.3522154220012361,0.49537930542708347,,0.18837769891077183
B001599,4949.898793761301,8.593574294724482,14.349335894938344,4.613359259567479,0.0,0.2948879725985611,0.008321291767823242,0.18556480642245832,5.495192676864405,0.5176541052932792,0.3103146923469471,0.5291706401257125,1.1751888880100578,0.5660532920840813,3.132199926284781,0.26021345859379963,0.06188393124194304,0.19832952735185652,0.09634742998015494,0.0,0.6434391114260457,0.0,0.0,0.0,0.0,1.0,0.16651789321925944,,,0.188624025984382
B001600,1669.122822645142,3.802102101697362,7.2327119987513315,4.651053161140695,0.0,0.4811343067185312,1.4310385152192775,51.76175061352178,1.7857571820025795,0.0,0.08712329488761356,0.9645294253701517,0.0,0.9646921994370186,2.8520928037269844,0.5303237171865093,0.2766405178480275,0.2536831993384816,0.0,0.0,0.4696762828134912,0.0,0.0,0.0,0.0,1.0,0.9063024217805628,,,0.18835914010109434
B001601,1690.8178192046573,4.520903259905501,8.269356482066351,3.7936348054348135,0.0,0.24,0.012157802237481561,0.5270810807391516,1.1558340718754165,0.0,0.0,0.0,2.54552895444676,0.8195402335833231,1.5998327889237582,1.0,1.0,0.0,0.0,0.0,0.0,0.0,1.0,1.0,1.0,1.0,0.21577651596057879,0.2984437622573817,0.49859012632327737,0.608845443987547
B001602,14056.233493992384,6.944779394265012,11.885805569242413,9.57569233298053,0.0,0.27069723982841554,0.022224726908375816,0.6552955054135603,3.5918045539523304,0.0,0.0,2.5673533551098573,0.1920930860774634,0.593528399125359,2.370964922175873,0.6277073906425464,0.6277073906425464,0.0,0.0,0.0,0.37229260935745356,0.0,0.0,0.0,0.0,0.5,,,,0.18835914010109434
B001603,6920.05754922899,5.290563875557332,8.073047968018285,3.668722295503984,0.0,0.24,1.5623309235342695,73.39584612345895,2.1824711276038915,0.0,1.0260835185423882,0.6274257595821654,0.8082033821586198,0.646380087670267,2.7148553597852105,0.4618545790077895,0.4618545790077895,0.0,0.11859336251111222,0.0,0.41955205848109833,0.0,0.2,0.2,0.2,0.98,0.25996743344475254,0.43159615645153415,,0.2785184786737387
B001604,20436.739159516394,4.760479655140087,17.0336809892306,4.663552807958552,0.0771228400375208,0.12056646071619288,0.00856299908877768,0.19095487967974226,1.5246027805821505,0.3652616909025712,0.8448089388641666,0.0,1.6166158557025552,0.4091903890886445,1.533147444147511,1.0,0.9232720823608221,0.07672791763917802,0.0,0.0,0.0,0.0,0.0,0.0,0.0,1.0,,0.3260914977066921,,0.1914861261152433
B001605,10833.35703699401,4.510140315151545,8.368524592073898,7.483262857650415,0.13043440643322615,0.24525234192220002,1.7212255269820207,62.3049340458883,0.6199205990259027,1.4098840729104536,0.7594433317107251,0.6919741890084598,0.46415658870232085,0.5647615337936829,1.833115870638911,0.7436596875208452,0.4310565367554393,0.3126031507654059,0.2563403124791548,0.0,0.0,0.0,0.0,0.0,0.9800000000000001,0.98,0.4710368944264841,,,0.19030060538549587
B001606,2998.588781067206,4.096432761020774,9.029236995747482,6.573142949593851,0.0,0.2941708130305777,0.9411111278173966,44.16242407947382,1.6237418457704613,0.0,0.0,1.3925157114060285,0.6299485550718092,0.45022664877247426,2.642504066196283,0.5882786726617469,0.5882786726617469,0.0,0.0,0.0,0.411721327338253,0.0,0.28,0.28,0.28,0.62,,0.35682764389807,,0.3131956702029707
B001607,3769.040140323305,8.546576281912257,24.74599917588385,7.333115940074333,0.20607210670755635,0.3008733470150499,0.024051906949701465,1.0453421926422304,5.715567955627846,0.31046477526086524,0.0,1.9711383643768339,0.13047096652546641,0.4189342201212453,2.8933531229275053,0.5057741238819704,0.2388130549839578,0.2669610688980127,0.0,0.0,0.4942258761180296,0.0,0.0,0.0,0.0,0.5,0.08880170840129903,,,0.18835914010109434
B001608,15245.911760662952,6.446474317405054,23.166357122058606,8.62075387068199,0.0,0.24927331907031688,0.008325975946700927,0.19274704748169602,1.7982346871085872,0.18952337246268913,1.1993991982110315,1.5411082982556847,1.5533316905091494,0.16487707085791115,2.6329497998287827,0.6900321151677282,0.5039770501575825,0.18605506501014563,0.029399538900044726,0.0,0.28056834593222707,0.0,0.0,0.0,0.0,1.0,,,,0.1914861261152433
B001609,6350.055004072601,10.708355824743004,23.992738607086466,9.52649930474949,0.03867013959352455,0.504924250824674,0.03148703182216182,1.9633502397623899,7.68670758768869,0.17775821090518698,0.0,1.9948471430593984,0.09170551993572575,0.7573373631540049,3.115699118028686,0.2765477433561651,0.07365895356226349,0.2028887897939016,0.0,0.0,0.7234522566438351,0.0,0.0,0.0,0.0,0.92,,,,0.18835914010109434
B001610,450.34687504477176,1.4862933169794448,8.110542799993466,4.168660422912756,0.0,0.19535432595017863,0.516143108590813,18.613708633408798,0.2825748001755259,0.7422527404003761,0.0,0.17912062161321204,0.08392568914301476,0.1984194656473156,2.200274631330654,0.7474874246475269,0.7474874246475269,0.0,0.0,0.0,0.25251257535247296,0.0,0.0,0.0,1.0,1.0,0.8666224135064363,,,0.18837769891077183
B001611,1104.731220170969,1.1690277462126657,9.527343148093621,2.0060378436887514,0.0,0.3775001844043588,0.20505438105186835,7.404356253509295,0.25283071650780203,0.3410012042569174,0.0,0.25265839957102343,0.1949158294419608,0.12762159643496188,2.3029856429054836,0.8471708483142825,0.30378414704332907,0.5433867012709532,0.0,0.0,0.15282915168571762,0.0,0.5,0.5,1.0,0.5,,,,0.4049048318617571
B001612,16793.24410469659,10.15925233193986,16.870661001522112,15.587412697977776,0.0,0.34413480951642267,1.8308906916908358,66.21355971089106,3.2077023313767503,1.8652745594730136,1.3256967603136816,1.8104221427728286,1.0623670036832196,0.8877895343203681,1.7697609423894392,0.9875409559712128,0.3906702150822625,0.5968707408889505,0.0,0.0,0.01245904402878698,0.0,0.28,0.28,0.28,0.7,,,,0.3131956702029707
B001613,14582.160055904978,14.29623534892645,20.529696691659254,16.43053002274163,0.0,0.3921610673139521,0.009813114961952057,0.4553285342345754,6.480358937138151,0.0,1.315646512631432,3.1485961707913077,2.325760718490738,1.0258730098748219,2.7262723143987264,0.4304246462961407,0.4304246462961407,0.0,0.09202747999879761,0.0,0.4775478737050617,0.0,0.0,0.0,0.0,1.0,,0.24902999306322304,0.45663843529358744,0.188624025984382
B001614,2760.3590018819204,0.982683873934468,6.713766938854354,1.697356259158626,0.0,0.37312267272537697,0.4122621663246579,14.755273146892902,0.22363317166196195,0.0,0.04305845187091009,0.3264085682158761,0.17832288672250188,0.21126079546321758,2.8192105068603235,0.3411056064210059,0.29728841046101445,0.04381719595999142,0.3321602978066609,0.0,0.32673409577233287,0.0,0.0,0.0,1.0,1.0,0.3600101209816339,0.32695591230761645,,0.18837769891077183
B001615,9290.336325441582,4.851350561588293,10.044297496754197,3.6897178308323633,0.0,0.3917524356466339,0.8125445548429473,18.130247792884987,2.0059531239035118,0.0,1.1817251367552164,0.0,0.6909625717650629,0.9727097291645032,2.223644709865255,0.9058489763497282,0.6622621397043201,0.2435868366454081,0.0,0.0,0.09415102365027199,0.0,0.2800000000000001,0.2800000000000001,0.2800000000000001,0.7,,,,0.3131956702029707
B001616,82873.70865389802,17.945800921155918,31.535571849407994,1.967822094802084,0.0,0.365,0.11091559260694861,5.576748801227413,16.18003556202854,0.728209391712126,0.0,0.3108006743433744,0.0,0.7267552930718776,3.5808315880914687,0.05138716975718995,0.05138716975718995,0.0,0.01731885223227781,0.0,0.9312939780105324,0.0,0.0,0.0,0.0,1.0,0.06352093267288564,,,0.18835914010109434
B001617,11525.098012721144,3.4819027228764785,5.449298710819063,3.6092479851398513,0.0,0.45299999999999996,1.726860387653803,62.45924447909115,2.2564392743830504,0.0,0.0,0.0,0.6676083427597526,0.5578551057336752,3.1474782638996843,0.3414571410794758,0.3414571410794758,0.0,0.0,0.0,0.6585428589205241,0.0,0.0,0.0,0.0,0.98,0.2940417921178018,0.3620239214574632,0.4415138013028956,0.19030060538549587
B001618,1875.9702794304876,1.4610360431701617,10.499270441254641,3.324986180178083,0.0,0.20499651470606897,0.26163276009866493,9.448317139217234,0.24636861761845524,0.384308563904237,0.0,0.5300214812004891,0.16924516775212328,0.1310922126948569,2.4956023019809064,0.4906364305724481,0.22759804373678674,0.26303838683566133,0.36277098274074504,0.0,0.14659258668680678,0.0,0.5,0.5,0.5,,0.5320920763120187,0.3990355824012204,,0.4049048318617571
B001619,7709.1022768627645,4.355425015176703,12.897341296662612,6.760556563806767,0.0,0.3880055223612676,0.012219425882139208,0.35054874452541174,2.2403854911213616,0.26627912198809345,0.10677078191080536,1.1966347228509748,0.11898068840905017,0.4263742088964186,1.9038599161467258,0.8128574611522397,0.5381116628245819,0.2747457983276579,0.0,0.0,0.1871425388477605,0.0,0.0,0.0,0.0,0.5,,0.18199515857379692,0.6474242039288716,0.18835914010109434
B001620,8795.135126536672,3.1854889991078132,13.236372695190138,6.454901897786577,0.0,0.365,0.4148147051816045,15.016292327574083,1.1332984461198916,0.5770638403285473,0.0,1.136651636659395,0.16262834045906038,0.17584673554091926,2.422156230906987,0.5785347549642311,0.3973808283645253,0.18115392659970586,0.05894742381707069,0.0,0.36251782121869824,0.0,0.0,0.0,0.0,0.6,0.534438038650137,0.39637650875426467,,0.18837769891077183
B001621,30718.518445486345,12.778085875826266,30.633776337340233,2.9677722477271082,0.0,0.45050893171963324,0.05459625948644809,2.5332664401711913,10.919251897289618,0.1034162773242417,0.053121457564873485,0.16786840204509773,0.9678054677889218,0.566622373813516,3.434775340462424,0.13101812735063578,0.0379842145290081,0.09303391282162769,0.0,0.0,0.8689818726493643,0.0,0.0,0.0,0.0,1.0,,0.2557963286019232,0.6098789600521091,0.18835914010109434
B001622,7479.573876225532,11.741874216994557,19.93389123054038,0.8005651994282069,0.0,0.809,0.05905297176830385,3.765597804327725,10.586277666053032,0.10247234552681048,0.0,0.0,0.0,1.0531242054147114,2.1864172056731057,0.759067404104954,0.759067404104954,0.0,0.0,0.0,0.2409325958950461,0.0,0.0,0.0,0.0,0.5,,,,0.18835914010109434
B001623,27223.090241672195,6.72839600634508,10.1658701783884,7.927925986541805,0.0,0.4328638940297553,2.4525501143041564,88.79134256055686,2.4168349627111754,0.6959624180338676,0.0,1.1345158452813493,1.5798822382965831,0.9012005420221054,1.6586613050819645,0.9749136416712137,0.7401054887612621,0.23480815290995158,0.0,0.0,0.025086358328786244,0.0,0.0,0.2,0.0,0.98,0.19648812167116536,,,0.19030060538549587
B001624,8298.615346578033,1.9330573833165696,9.01621318763424,3.154723820306053,0.0,0.18294652049305227,0.31060141381977974,11.16401957165954,0.47519182978086183,0.0,0.06476795003623566,0.9465950900412677,0.17220369555158077,0.27429881790662364,2.6844719051683557,0.74790314793747,0.22470965724952383,0.5231934906879463,0.0,0.0,0.2520968520625299,0.0,0.5,0.5,0.5,0.5,0.6725822992123671,,,0.4049048318617571
B001625,1523.3417690141282,1.1462315793936255,6.8866875113741886,3.031653751484322,0.017483760751878595,0.35285376937080437,0.46937388700816596,16.99133470969561,0.2581556378544913,0.3710176617143058,0.06139344151090158,0.11568064401859764,0.16181119289587012,0.17817300139945905,2.167315529172097,0.7558256854196638,0.7558256854196638,0.0,0.0,0.0,0.24417431458033623,0.0,0.0,0.0,1.0,0.9,,,,0.18837769891077183
B001626,5457.849076897647,4.709101878255088,11.329081308903081,9.829990193453082,0.14059901688953624,0.4021949015517383,0.016380855286372734,0.3105001963048333,0.5183375803961245,0.619364230604204,1.024919161600706,0.5464563386722489,1.485874348876688,0.514150218105117,2.1379026021437624,0.8871358668591285,0.4219219497440212,0.46521391711510734,0.0,0.0,0.11286413314087154,0.0,0.0,0.0,0.0,1.0,0.6762414389522827,0.4919147222522634,,0.1914861261152433
B001627,1710.9021526841427,5.15331973700043,15.042242926371284,7.911072074305935,0.0,0.3847272790102813,0.014594970028867138,0.5433781553459247,1.5510247810338469,2.2358590002147483,0.0,0.6622592056643388,0.3525136242726239,0.35166312581487336,2.334147115895886,0.6990241513838914,0.570512970346672,0.12851118103721954,0.0,0.0,0.30097584861610877,0.0,0.0,0.0,0.0,0.95,1.012888350802152,,,0.1914861261152433
B001628,11376.87252700002,2.2886486676725046,8.697243082289678,2.965456418504584,0.0,0.30905237761756377,0.008411946374277146,0.18758640414638034,0.319691067359131,0.8649561525538842,0.0,0.0,0.8906061462793482,0.2133953014801407,1.6085238339852688,0.9957442135515429,0.6066036002021502,0.38914061334939243,0.0,0.0,0.004255786448457221,0.0,0.0,0.0,0.0,1.0,1.0189363027726892,,,0.1914861261152433
B001629,12784.62521446997,10.244090716722733,14.693201239529008,18.646373484351418,0.22506804268518635,0.43087549576361206,0.019847140390644218,0.7448755011961672,4.045080298686221,0.5849004173144595,0.7716355042418332,2.2130984817560044,1.8591724686394417,0.7702035460847736,2.483904601276121,0.48247784112704534,0.40715290252783964,0.07532493859920573,0.21603659543382236,0.0,0.3014855634391324,0.0,0.5,0.5,0.5,0.5,0.1974233859613688,0.24227055895444427,,0.40513160691334116
B001630,8245.072882915758,9.520869379810344,29.074469398585645,1.1303276682072165,0.0,0.4770331958415079,0.045266997155911176,2.9349128218468414,8.717814604556844,0.21211073939018363,0.0,0.12543042794353734,0.0,0.4655136079197768,3.5401880072199483,0.07940867172721873,0.05713016637979962,0.02227850534741911,0.0,0.0,0.9205913282727812,0.0,0.0,0.0,0.0,1.0,,,,0.18835914010109434
B001631,2330.5233883200294,4.717658680809776,11.271912663913943,6.010822992600397,0.0,0.24000000000000002,0.037022697766144363,0.5780486257075887,2.519020112125815,0.0,0.7804886765526533,0.9790315148395642,0.0,0.4391183772917414,2.7993157181841326,0.45350959830943777,0.24598472610492392,0.20752487220451385,0.0,0.0,0.5464904016905617,0.0,0.0,0.0,0.0,1.0,0.1577179407809595,,,0.1914861261152433
B001632,2145.2399419521753,2.0199999453410316,9.620392382429502,2.7310558488728143,0.0,0.08820584572049844,0.4113842440860791,14.847848647191356,0.5645986055308264,0.6980912492519237,0.0,0.563233909469141,0.0,0.1940761810891399,2.5502243128583304,0.3690179561293469,0.3690179561293469,0.0,0.345589736703714,0.0,0.285392307166939,0.0,0.3,0.3,0.3,1.0,,0.313720501136427,,0.31989570700826886
B001633,7325.042667271094,2.3350470727673236,12.09273457906237,1.8115295732532586,0.0,0.10652252847580196,0.33313110071897006,12.042967096528097,0.906389504082385,0.9608473592684877,0.04663389281787852,0.0,0.17584057663896657,0.24533573995960548,2.5514620867068434,0.6118324488387293,0.6118324488387293,0.0,0.0,0.0,0.3881675511612705,0.0,0.0,0.0,0.0,0.6,1.318866720221875,0.4020276467809909,,0.18837769891077183
B001634,3698.675689649521,2.5525712143889034,10.365108203750118,3.4492052937140105,0.0,0.3537448841511883,0.24518063633380532,11.381179594703152,0.8917921499301906,0.6595926343967332,0.0,0.3570401120654058,0.31946449422735645,0.32468182376921734,1.9088029313766972,0.9945460226711635,0.5962681055923541,0.3982779170788093,0.0,0.0,0.005453977328836557,0.0,0.0,0.0,0.0,,0.5346921925801773,,,0.18837769891077183
B001635,2194.9575845171316,4.287026532260023,7.288908850063347,5.137299739006237,0.30640081660075275,0.42057557859140754,1.1207593600585262,40.623866570030565,1.9131456955359718,0.7715301622814804,0.6865397298682024,0.2823802144836775,0.0,0.6334307300906907,2.9663853775785207,0.5537359796727442,0.21362381074221476,0.3401121689305295,0.0,0.0,0.4462640203272558,0.0,0.28,0.28,0.28,0.7,0.4830495446618721,0.32687179876507266,,0.3131956702029707
B001636,42568.284891348165,12.802491696646065,35.20430162926127,6.967898985474365,0.0,0.4092291662918611,0.051143837434760246,2.3091217648632174,9.761962435056736,0.931891851661468,0.0,0.8954655750978214,0.443526286653492,0.7696455481765458,3.343357606541038,0.2336565738179059,0.05627831283393696,0.17737826098396894,0.0,0.0,0.766343426182094,0.0,0.0,0.0,0.0,1.0,0.23594477440653094,,,0.18835914010109434
B001637,2184.567176667982,3.846068973007011,6.466822323093164,3.2483975894834565,0.31912965336821436,0.433,1.6879342545711653,77.83520276202238,2.1583385922919787,0.410205956528626,0.0,0.40042571733428745,0.0,0.8770987068521174,2.8660327052305994,0.5012237438822101,0.3945678416070331,0.10665590227517699,0.0,0.0,0.49877625611778975,0.0,0.2,0.2,0.2,0.98,0.31559231557150424,0.40284181890028053,0.4976386282212106,0.2785184786737387
B001638,47938.91168747748,14.837174771735524,31.76617685897606,4.651236454702505,0.7878683501880301,0.365,0.07080056703613179,3.1110787647576053,13.292162543507036,0.0,0.0,0.8933693254096639,0.0,0.651642902818824,3.5090412177939587,0.10413116054760643,0.043919608203321074,0.06021155234428537,0.0,0.0,0.8958688394523936,0.0,0.0,0.0,0.0,1.0,0.13389110561813697,0.3321426187227446,,0.18835914010109434
B001639,636105.6225808485,451.1387394190415,667.3048608709681,2206.7623879948114,0.08332805706596931,0.36091178852507905,1.2070185228546435,26.891337017036843,2.7141769474367683,0.7173797240664166,1.636160731709394,444.96578389541617,0.1340521264541239,0.9711859939588491,2.330008089829692,0.012958460265781463,0.009034583410419569,0.003923876855361895,0.9863169464640199,0.0,0.0007245932701991498,0.0,0.19999999999999998,0.19999999999999998,0.19999999999999998,0.98,0.5262834539576118,,,0.2785184786737387
B001640,1217.4362212004603,1.0726310318946786,5.99576882735462,1.4915058480025718,0.0,0.21637617286057095,0.5141819517280104,18.590368521343777,0.28236828722374785,0.0,0.07168798823739458,0.33728064716863165,0.14830826113435527,0.23298584813054965,2.3751936887888245,0.6874119022525631,0.37296952911623443,0.3144423731363285,0.0,0.0,0.3125880977474373,0.0,0.0,0.0,1.0,1.0,,,,0.18837769891077183
B001641,31928.359239640533,13.409642687795268,23.00297041737991,4.260979677503348,0.0,0.11158904185345009,0.04355961563749525,2.49707005048931,9.942787268785407,1.1036355959598514,0.0,1.6802100572398821,0.0,0.6830097658101307,2.636279170663354,0.45900756460168957,0.25140727889583414,0.20760028570585548,0.0,0.0,0.5409924353983107,0.0,0.0,0.0,0.0,0.5,0.13120721908558916,0.15145335044108194,0.7766484573576085,0.18835914010109434
B001642,1422.9780914539215,1.007774852304477,4.147916081495322,3.7640085049114944,0.0,0.685184576573673,0.6671122687772204,24.044018558097516,0.36496625757585016,0.0901551612558228,0.09138519130303717,0.0,0.0,0.46126824216976675,2.7263343142474503,0.6378494097751273,0.5483897838977151,0.08945962587741216,0.0,0.0,0.3621505902248726,0.0,0.0,0.0,1.0,1.0,,,,0.18837769891077183
B001643,4153.098389358537,3.97045735120319,11.904547805511159,3.962043456911733,0.0,0.365,0.014706803063614405,0.5254566247135453,1.5629094103197005,1.5587888795793956,0.5331700656699997,0.0,0.0,0.3155889956340931,2.8995222122605506,0.21376858790509068,0.07948429304711166,0.13428429485797905,0.3925968072940078,0.0,0.3936346048009011,0.0,0.0,0.0,0.0,0.95,0.8165184534463823,,,0.1914861261152433
B001644,3701.874241484007,4.365417737599065,7.307278432582444,4.240971718221267,0.37738511547893044,0.3024473633265589,1.6035162957669729,75.19769635695619,2.08975680449656,1.4240443135570335,0.2736203777152996,0.0,0.0,0.5779962418301706,2.6360210976702976,0.5420812638765342,0.21587094469176749,0.32621031918476684,0.0,0.0,0.4579187361234654,0.0,0.0,0.0,0.0,0.98,0.37928698837526953,,,0.19030060538549587
B001645,3939.3917006417264,1.9936192817012786,8.492044852964066,2.1226982807198795,0.0,0.0,0.38666783336364147,13.74561444967768,1.0365455845235276,0.0,0.0,0.7229061264819622,0.0,0.23416757069578867,2.784835468155149,0.4800684393266003,0.4800684393266003,0.0,0.0,0.0,0.5199315606733996,0.0,0.0,0.0,0.0,0.6,,,,0.18837769891077183
B001646,2940.2901933538865,2.5882836209101114,10.8684541063284,5.731641830767684,0.0,0.020999999999999998,0.6631636720667878,23.943323167749302,0.41736080212377075,0.6088845743549083,0.07515470243302763,1.0166335355194773,0.17442284168836222,0.2958271647905652,2.399609841299559,0.8629863025749848,0.20592043909383728,0.6570658634811474,0.0,0.0,0.13701369742501526,0.0,0.5,0.5,1.0,0.5,1.5972960361388748,,,0.4049048318617571
B001647,8538.550528546279,3.958530611287102,14.941814781396468,3.4680305396187987,0.0,0.12857173717169254,0.0066243620370358665,0.14772327342589983,1.5131791455158075,0.0,0.572606897696378,0.0,1.6589492540658222,0.21379531400909532,2.8430103807378173,0.6177422144466376,0.47309083899341164,0.1446513754532258,0.0,0.0,0.38225778555336287,0.0,0.0,0.0,0.0,1.0,,,,0.1914861261152433
B001648,47137.59883531025,10.454113735930417,13.247565524281429,5.306612355684879,0.0,0.453,0.011108383083213262,0.24771694275565578,7.335724677593665,0.0,0.0,0.0,2.462268133037784,0.6561209252989685,3.1119219687453135,0.2982930104939417,0.06276198459979483,0.2355310258941469,0.0,0.0,0.7017069895060583,0.0,0.0,0.0,0.0,1.0,0.14902499805296113,,,0.188624025984382
B001649,1014.1112630234477,3.369140408715773,16.709886517167167,5.7422511355643024,0.0,0.23034635344451926,0.5692049097203445,20.610357207082156,0.7077271112638998,0.16256539315041135,0.09012905629825696,1.3289596808523474,0.6923863141855702,0.38737285296528756,2.343281740968569,0.7631870237588946,0.5094274282477456,0.25375959551114896,0.026751350601209218,0.0,0.21006162563989628,0.0,0.0,0.0,0.0,1.0,1.009255988662603,,,0.18837769891077183
B001650,4485.5952248916865,9.267758729115055,19.004636391218078,1.2307498580229561,0.0,0.39378214248417803,0.03207634888911434,1.4142537630732315,7.830573417776557,0.4667940860815609,0.1678103989335561,0.0,0.0,0.8025808263233807,3.4080588205946554,0.14712678846797014,0.14712678846797014,0.0,0.0,0.0,0.8528732115320297,0.0,0.0,0.0,0.0,0.5,0.10839626434246391,,,0.18835914010109434
B001651,1463.06485256458,4.460563574892012,14.240799274733138,6.9158627802128665,0.0,0.2278767558198718,0.011290687503781193,0.23683728077876967,1.8270322987600247,0.14000973747692763,0.07746342047718967,1.335895178798373,0.689637379697059,0.39052555968243857,2.7056392708067287,0.5904032600175964,0.15941672482442168,0.4309865351931748,0.0,0.0,0.4095967399824037,0.0,0.0,0.0,0.0,0.5,0.5526787864942074,,,0.18835914010109434
B001652,33574.44264348062,7.398510939506528,14.375840164319914,0.09605966534679271,0.0,0.453,0.02534240140928482,1.5456548009650195,6.818793014497604,0.0,0.04457168472091182,0.0,0.0,0.5351462402880106,2.08198775337001,0.7075654777642775,0.7075654777642775,0.0,0.006024412896777402,0.0,0.2864101093389451,0.0,0.0,0.0,0.0,0.5,0.06092516844768656,,,0.18835914010109434
B001653,3174.5870351734447,5.501883943108223,13.955215617601736,7.457588268767301,0.26418351717580535,0.3100292461155624,0.0108634898320176,0.24225582325399245,2.4815078296486903,0.0,1.0731547883709756,1.376453303395799,0.18713168622491422,0.38363633546784487,2.5782956977003346,0.5357455092194607,0.0565024344369535,0.47924307478250705,0.0,0.0,0.4642544907805396,0.0,0.0,0.0,0.0,1.0,0.17302067738994628,0.30557433805671536,,0.1914861261152433
B001654,4495.434727408564,5.922838903041586,11.727529572248605,8.173177390791915,0.0,0.3546858947269077,1.3491056958297443,63.40116849757338,1.764490412215601,0.4446146425836995,1.0727097301719237,0.8087385792948364,1.237580660535608,0.5947048782399191,2.6700481455049876,0.6893460943072424,0.4803955081449095,0.20895058616233284,0.0,0.0,0.31065390569275786,0.0,0.0,0.0,0.0,0.98,,,,0.19030060538549587
B001655,17531.35009027133,5.795487633147547,8.65130595086626,7.149784199706345,0.0,0.2405993433361982,1.9235153216152816,69.56766428182948,1.135948591804447,1.704348390570537,1.3303949114811922,0.6491279582420632,0.0,0.9756677810493076,2.0500223860972127,0.8177111378989523,0.5881541108298339,0.22955702706911835,0.0,0.0,0.18228886210104772,0.0,0.0,0.0,0.9800000000000001,0.98,0.19887867982133564,,,0.19030060538549587
B001656,9148.229177751395,15.07121775576836,31.957345630802923,2.591417861105771,0.0,0.26256213035247045,0.06950563962125453,3.1565157033478157,13.257503745111052,0.0,0.0,0.5794858864753853,0.20951604897499315,1.0247120752069259,3.4651228784502286,0.11238796785888444,0.09891294787884447,0.013475019980039964,0.0,0.0,0.8876120321411153,0.0,0.0,0.0,0.0,1.0,0.11123965525585951,,,0.18835914010109434
B001657,1439.4022447522045,4.258586522935516,12.97528220160095,7.23738394120946,0.0,0.6125888156281063,0.02017803593028984,0.6878270114836671,1.4803840615331596,1.1509498473505364,0.0,0.8131150150070667,0.3331960929262245,0.48094150611852904,1.7950306959360647,1.0,0.8090645779702105,0.19093542202978953,0.0,0.0,0.0,0.0,0.0,0.0,0.0,0.95,0.37869351217968206,0.3636616558495799,0.5552434934748389,0.1914861261152433
B001658,5842.474196142655,4.808620737565971,9.134558177826657,5.699080707950395,0.0,0.1553472948137597,1.1654086519901967,42.18550015024946,1.644925347525929,1.166886238244781,0.0,0.7981054270837726,0.7626532977908371,0.4360504269206513,2.298101435356634,0.6786942908999294,0.43602881530339993,0.24266547559652957,0.0,0.0,0.32130570910007045,0.0,0.2,0.2,0.2,0.98,,0.4181065277959541,,0.2785184786737387
B001659,540.84799362199,1.0688695526126284,5.877403263016059,0.3764373838894325,0.0,0.31348445747855,0.4973486586775027,18.004021444125602,0.6216858233468784,0.0,0.07600272388346357,0.0,0.12720532035129994,0.2439756850309864,3.060870385342679,0.35928975344914704,0.2881840477082633,0.0711057057408837,0.0,0.0,0.6407102465508528,0.0,0.0,0.0,0.0,1.0,,,,0.18837769891077183
B001660,2431.7704015240656,5.5393403223782816,9.588559175611564,6.184781261447303,0.0,0.32239316762118686,1.6316914141544734,59.04928519103249,0.9916614797931562,0.0,1.8552882049476045,0.4763373844285114,0.6065768092809988,1.6094764439280114,2.429836109401795,0.8209784158256243,0.4860489662930766,0.33492944953254794,0.0,0.0,0.17902158417437555,0.0,0.0,0.0,0.98,0.98,0.14726518985324075,,,0.19030060538549587
B001661,2265.147018702819,6.642659878893897,15.85869430787864,9.961010757659395,0.09411675883174522,0.3332851030878551,0.016910121227055493,0.37709570336333753,2.221638546468183,0.6981632997993186,1.1080322827478486,0.6951058931852319,1.4607733109545844,0.45894654573872923,1.6015296757819155,0.9581045734001132,0.6861960886248957,0.2719084847752172,0.0,0.0,0.04189542659988683,0.0,0.0,0.0,0.0,1.0,0.7230898398869378,,,0.1914861261152433
B001662,10193.474476310479,8.28737762301665,13.620007288865192,8.148645697272249,0.1530451098321895,0.283216857130021,0.01610465916079931,0.5829886616209352,3.678729249928777,0.4803530716911538,0.0,0.0,3.2796048712538757,0.8486904301428435,2.471496989242203,0.5561045463028267,0.5561045463028267,0.0,0.0,0.0,0.44389545369717326,0.0,0.0,0.0,0.0,1.0,0.23448641118339061,0.28006486086363475,0.3750918447441766,0.188624025984382
B001663,5495.68154791452,1.288855897728546,5.571439271296651,2.390368407169105,0.0,0.4508140170943102,0.8631438540989126,31.23267049039731,0.4052575122160368,0.0,0.0,0.5696807373711685,0.06670285696191693,0.2472147911794239,2.0166101860573136,0.8657761762964519,0.8657761762964519,0.0,0.05175354132255803,0.0,0.08247028238099023,0.0,0.0,0.0,1.0,1.0,0.7214623099459665,,,0.18837769891077183
B001664,7368.628711050464,2.914805661016797,5.774782910795855,1.8843679049300144,0.0,0.021,1.355941489165316,30.216764629467434,1.7716725913622078,0.0,0.0,0.754535514948387,0.0,0.3885975547062028,2.9743930034401695,0.3916300704115899,0.3916300704115899,0.0,0.0,0.0,0.6083699295884102,0.0,0.0,0.0,0.0,0.98,,,,0.19030060538549587
B001665,9899.912558624694,3.0937226745702167,9.195669901881674,3.531816858296953,0.0,0.47,0.015151464736820172,0.33787766363108984,1.610164133895974,0.0,0.0,1.1830750558609677,0.0,0.3004834848132744,2.7924405944905644,0.4795383092572573,0.4795383092572573,0.0,0.0,0.0,0.5204616907427424,0.0,0.0,0.0,0.0,0.95,0.5497363649883091,,,0.1914861261152433
B001666,990.4193391206755,1.784539349766983,5.245727157049659,2.282951511312477,0.4109348430973176,0.021,0.005046329669021588,0.1125331516191814,0.36495917139231837,0.0,0.9359858043879,0.0,0.0,0.4835943739867645,1.6724950510038163,1.0,1.0,0.0,0.0,0.0,0.0,0.0,0.0,0.0,0.0,,,0.46775357564005265,,0.1914861261152433
B001667,6378.217537235261,7.566094350219764,11.477710885601637,11.775305951642064,0.0,0.2931362306509887,1.3623957710276404,49.190162353790186,2.3426405117318527,0.0,0.0,1.8015145568240174,2.1544537313694154,1.2674855502944806,2.718619437209468,0.6515095136969893,0.12865477450403576,0.5228547391929533,0.0,0.0,0.3484904863030111,0.0,0.28,0.28,0.28,0.7,0.3782571701714281,,,0.3131956702029707
B001668,21458.79068503649,7.718989455049097,23.151126298443355,2.721624961330592,0.0,0.18009607806936684,0.02463709315252008,1.4943598276110783,6.339467715966999,0.0,0.1161315318455701,0.7649161978153763,0.1779148180602071,0.3205591913609434,2.7020811460380365,0.3482219211143776,0.33317700720150695,0.015044913912870665,0.09909538058962293,0.0,0.5526826982959995,0.0,0.0,0.0,0.0,0.92,0.1162881189131192,0.22259582913158488,,0.18835914010109434
B001669,4146.951571544693,4.723179466451815,14.6660800696733,5.746460360882985,0.0,0.4377530233219377,0.014931884297855812,0.33298101984218464,1.4931884297855813,0.0,1.0404775667497008,0.2633916136942562,1.4206452101039617,0.5054766461183149,2.515973679988289,0.6838594763566529,0.3830779328657403,0.3007815434909126,0.0,0.0,0.31614052364334705,0.0,0.0,0.0,0.0,1.0,,0.4062131535545793,,0.1914861261152433
B001670,3797.865447482181,1.5444755784799435,7.297604522203368,1.4771323196775166,0.0,0.06155759880346764,0.618980890905356,22.407108250773888,0.3404394899979458,0.7677060117668769,0.0,0.06434663926045815,0.16385812383798737,0.20812531361667522,2.6365250466929195,0.7148361138223147,0.21777029907991205,0.4970658147424028,0.0,0.0,0.2851638861776851,0.0,0.0,0.0,1.0,1.0,,,,0.18837769891077183
B001671,12146.46875377611,2.9318051541820203,7.7318246385136575,4.912348355099817,0.0,0.3450889244256366,0.026013479008648657,0.6131029905076252,0.3127953786341974,0.0,1.1874821808033833,1.047830128852758,0.0,0.3836974658916819,2.17558126262064,1.0,0.23756450647219166,0.7624354935278086,0.0,0.0,0.0,0.0,0.0,0.0,0.0,1.0,0.33605353643535035,,,0.1914861261152433
B001672,14618.729145206198,3.745510926263438,11.12939321287055,4.469330422580123,0.0,0.4159816100052076,0.011759019593205163,0.25041164946924044,2.014500462631913,0.16127495931083755,0.07277383890170665,0.8535602000608805,0.0,0.6434014653580997,3.001931700568944,0.3760076597959637,0.18552978112418486,0.19047787867177873,0.04305820019906528,0.0,0.580934140004971,0.0,0.0,0.0,0.0,0.5,0.8396224783110213,,,0.18835914010109434
B001673,4273.89629700428,5.149272646993109,8.29731515750052,5.971029929470894,0.0,0.365,2.8109587492891133,73.71008850260287,1.8705028615679182,0.0,1.0511188854215614,1.3880609574611156,0.0,0.8395899425425128,1.8338786606538284,0.9719187380549801,0.7677891536494319,0.2041295844055484,0.0,0.0,0.028081261945019816,0.0,0.0,0.2,0.0,0.98,,,,0.19030060538549587
B001674,18517.607482092873,4.243264775914957,7.503362843762861,6.0301636943299135,0.12856562933599164,0.19585622673354874,1.5385816311064398,55.70783927631279,0.9349289312531064,0.7544369150785319,0.0,0.8187377222093726,1.173071231601352,0.5620899757725939,2.4497448458495095,0.7508910765714484,0.7508910765714484,0.0,0.0,0.0,0.24910892342855145,0.0,0.0,0.0,0.0,0.98,0.28387072388572687,,,0.19030060538549587
B001675,33682.81872392403,11.626792793898526,17.9715825970005,12.703037050217814,0.0,0.1534533108887445,0.022356212062223373,0.21433972080889488,3.5752439589467757,0.6325870030074063,3.3057870116943517,1.333559220639246,2.090407460981275,0.689208138629473,2.5898903285398864,0.5156076996486504,0.051490503416562534,0.4641171962320878,0.16910477880696737,0.0,0.31528752154438244,0.0,0.0,0.0,0.0,1.0,0.12266687020362606,,,0.188624025984382
B001676,23748.900042459765,11.13925893173535,18.606197708446768,11.976023266404743,0.0,0.34017438354679336,0.008394519772267024,0.18719779092155464,5.543550793006525,0.0,0.0,2.073948844097039,2.8514987330470447,0.6702605615847407,2.7127173716206414,0.4943769059615623,0.4943769059615623,0.0,0.0,0.0,0.5056230940384377,0.0,0.0,0.0,0.0,1.0,,,,0.188624025984382
B001677,12902.189019054033,6.582749499517363,14.954521828016832,11.570337836407802,0.0,0.3730772353423564,0.012283985786662368,0.2663597176901998,1.233220641362321,0.0,0.0,0.9877446514342416,3.630451396224925,0.7313328104958761,2.730968003247487,0.2506289691465495,0.10057849988493452,0.150050469261615,0.5515098814699092,0.0,0.19786114938354135,0.0,1.0,1.0,1.0,1.0,0.2163894239250347,,,0.608845443987547
B001678,1841.9743370187302,0.603135015395786,3.62098400100201,0.37371464236896296,0.0,0.021,0.8007328006242376,28.9865273825974,0.16539893805516634,0.0,0.0,0.0,0.2601053910887982,0.17763068625182143,1.5575383242877812,0.9841724819740348,0.9841724819740348,0.0,0.0,0.0,0.015827518025965135,0.0,0.0,0.0,1.0,1.0,,,,0.18837769891077183
B001679,1332.1857722790835,1.1980087880207586,7.047030692002085,1.2819419179298268,0.0,0.4206928280811387,0.2422569305175213,8.689292342310953,0.35369560490936713,0.45127306837248654,0.04849172754441139,0.12250438257425497,0.0,0.22204400462023888,1.9430671085062654,0.8659091521256431,0.8659091521256431,0.0,0.0,0.0,0.1340908478743571,0.0,0.5,0.5,0.5,0.5,,0.3714225292743766,,0.4049048318617571
B001680,1192.4310124381707,1.54260156848405,3.018270672899043,0.0,0.0,0.0,0.01468510046031305,0.327477740264981,0.8368955417578796,0.0,0.0,0.0,0.0,0.7057060267261707,1.971651890392619,1.0,1.0,0.0,0.0,0.0,0.0,0.0,1.0,1.0,1.0,1.0,,0.3180037582687538,0.4584586450909367,0.608845443987547
B001681,69709.29089122487,111.35669471441672,303.5052575085536,201.47066932451924,0.21078299680015322,0.02440330275412045,0.9265929127257801,20.6630219537849,1.255157237216775,0.4047471244612011,107.35882561036607,0.7794048459077785,1.26511740416131,0.2934424923035982,1.367810694424739,1.0,0.981639880248669,0.01836011975133091,0.0,0.0,0.0,0.0,0.0,0.0,0.0,1.0,,0.24262903091962473,,0.18835914010109434
B001682,4279.9974075656055,5.264449455800253,7.705830352644378,6.318264567444483,0.21838334933169143,0.31937780892674345,1.5538023043923006,34.66723739746143,2.1704561599919128,1.238726972474473,0.0,0.2692756419297402,0.9759100765989366,0.6100806048051916,2.9377287902445355,0.3820954296563135,0.1467950468005771,0.23530038285573646,0.18537742356395895,0.0,0.43252714677972776,0.0,0.2,0.2,0.2,0.98,0.14805847912136555,,,0.2785184786737387
B001683,1342.718562825237,2.1483497005203795,7.137889828006779,2.551395180685956,0.0,0.3896486683541698,0.012318035172883207,0.140977888186591,0.366255290661065,0.9416732447036904,0.0,0.384543420029822,0.0,0.4558777451258018,2.5560332804587356,0.3699859376912143,0.3699859376912143,0.0,0.4383240049213569,0.0,0.1916900573874288,0.0,0.0,0.0,0.0,1.0,0.9512891164833148,0.4723006438433017,,0.1914861261152433
B001684,902.4060289413545,2.1903058954887245,10.189569542630139,5.154982258859018,0.44649303792459744,0.10571237300134431,0.30755155759691066,11.162446986929691,0.4691925459274132,0.4800360743559127,0.08594989641954172,0.7283821452394058,0.16597888680961814,0.26076634673683285,2.6413464245619482,0.23407467012802544,0.23407467012802544,0.0,0.5517120791594653,0.0,0.21421325071250924,0.0,0.5,0.5,0.5,0.5,0.8536440630165457,,,0.4049048318617571
B001685,4595.588832691814,1.2096838201347233,7.700948620731102,2.271893151947398,0.01915481386178785,0.35060803837891064,0.44714349156707406,16.18476332277618,0.24583819157148126,0.4054116441158419,0.05637309881322656,0.22682915472273316,0.13229422957384618,0.14293750133759414,2.4014773815117985,0.792844610233096,0.6053335011753,0.1875111090577958,0.0,0.0,0.20715538976690379,0.0,0.0,0.0,1.0,1.0,0.5883860191564239,0.36152303003141045,0.6758551259540884,0.18837769891077183
B001686,12039.501219047517,5.618059364931179,10.032401644226207,6.99254146523137,0.0,0.26020966534262824,4.114574194202398,148.95781377905652,0.7889722701100945,1.8710885101453905,1.3442807880833576,0.0,0.7814804458462415,0.8322373507460934,2.1505803500136715,0.9518082725574716,0.3794808745417802,0.5723273980156912,0.0,0.0,0.048191727442528295,0.0,0.0,0.0,0.0,0.98,0.460436866467072,,,0.19030060538549587
B001687,16458.71490660032,6.849236332334715,14.132863897017783,9.559674329335664,0.0,0.2515801801518896,0.01633849558394841,0.46010679168455015,3.2092133989415483,0.9828574756402569,0.17579247657410912,1.9665443016279778,0.1245748878184154,0.3902537917324091,2.3323499680546504,0.6853370618515819,0.541838220820172,0.14349884103141,0.0,0.0,0.3146629381484183,0.0,0.0,0.0,0.0,0.5,,0.18937747412075182,0.8873072440149271,0.18835914010109434
B001688,1922.7921299236878,5.7568626644421785,13.835245820293892,10.73663140771871,0.0,0.3612735496196522,0.017060558080967302,0.31619466881792335,1.211881582400198,1.4093774422826812,0.0,1.3533072934727408,1.4131812656529563,0.36911508063360293,1.762147188026867,1.0,0.7649227761100548,0.23507722388994523,0.0,0.0,0.0,0.0,0.0,0.0,0.0,1.0,1.0414871448824288,0.3042708745863887,,0.1914861261152433
B001689,27615.357034737808,6.184850399717314,10.086599012720278,12.40887486406804,0.053493066921776126,0.4459172930863456,1.7408756050383434,62.986196502899034,1.0271615292026255,1.1680186206290923,1.2493208050623168,1.2969542709529176,0.3481907740350121,1.0952043998353487,2.247839103428861,0.7993006525548196,0.3876051528331747,0.4116954997216448,0.0,0.0,0.2006993474451803,0.0,0.0,0.0,0.98,0.98,0.3002752562619303,,,0.19030060538549587
B001690,49772.76947524729,12.151555047667795,19.980819985371305,10.369739816212856,0.0,0.34401824223848965,0.014974934252488388,0.42920575434461405,5.856372621993658,0.9999248345476989,1.558765783392705,0.0,2.87001885691369,0.8664729508200409,2.6458752288044596,0.515241422324979,0.515241422324979,0.0,0.0,0.0,0.48475857767502084,0.0,0.0,0.0,0.0,1.0,0.29088503451952635,0.35045298747019515,0.6322794415961771,0.188624025984382
B001691,2114.9152710784824,6.735398952479243,12.656978520695478,9.528700613343506,0.34640586482866775,0.365,0.018573903789801626,0.5164264275228342,3.0517688040134257,1.1762211931138415,0.6336681639360909,1.459003230673409,0.0,0.414737560742477,2.8960497154734637,0.5002883466137336,0.10903840843193555,0.391249938181798,0.0,0.0,0.4997116533862667,0.0,0.0,0.0,0.0,1.0,0.18762100474696547,0.24346599058425958,,0.188624025984382
B001692,7625.919464116109,3.603931693816687,11.061165028798715,3.6328116730071005,0.0,0.39082256337586785,0.011339097504997378,0.2047799137608485,2.0531655162323883,0.0,0.0,1.0926358753309005,0.15099298568688532,0.30713731656651333,3.09649036415696,0.41704467271873674,0.18977390276624545,0.22727076995249113,0.0,0.0,0.5829553272812635,0.0,0.0,0.0,0.0,0.5,,,,0.18835914010109434
B001693,2747.2671650787465,5.723473260580722,9.811894830582627,9.812806923762276,0.0,0.5433093567626363,2.607320610168185,94.37435618266285,1.8958480676962024,0.19582240692142353,0.8872454337741051,1.0941068660130289,0.6512814102371665,0.9991690759387938,1.7643433002867148,0.9187645992723761,0.6933893394946143,0.2253752597777616,0.0,0.0,0.0812354007276238,0.0,0.0,0.20000000000000004,0.0,0.98,0.3480091429738456,0.33163622507733453,0.4017537784837117,0.19030060538549587
B001694,3143.652936386984,3.405907840072572,14.003303402089786,8.412084866374254,0.4033675075541073,0.11273928736395554,0.6633142671133472,24.01197646950317,0.829142833891684,0.622575966879148,0.0,1.1872633484472317,0.5642435491101673,0.20268214174434063,2.455829153459335,0.5314389242270474,0.017183407107688623,0.5142555171193588,0.1827929574471053,0.0,0.28576811832584714,0.0,0.0,0.0,0.0,1.0,,,,0.18837769891077183
B001695,2109.440907226241,1.8029409463472146,9.269042648327014,2.2192612897853747,0.0,0.488,0.7629678236438706,35.791461662422456,0.8645324510549002,0.0,0.0,0.5682720659437205,0.07905476465520639,0.29108166469338775,1.764226872094597,0.9287560409427048,0.9287560409427048,0.0,0.0,0.0,0.0712439590572954,0.0,0.0,0.0,0.0,1.0,,,,0.18837769891077183
B001696,3758.595982745055,10.76961599640417,16.505936809761476,17.833263422475444,0.0,0.3778137729274652,0.021988552894284717,0.8499906438849723,3.789148473296536,0.0,1.7542857720209444,2.0999277048122935,2.4807514291576855,0.6455026171167084,2.6170022807643694,0.6481630844997924,0.29028463478346933,0.3578784497163231,0.0,0.0,0.35183691550020746,0.0,0.0,0.0,0.0,1.0,0.211048432526483,,,0.188624025984382
B001697,1358.0028346943593,0.7320769998352341,3.3773290247545784,0.38185140663741474,0.0,0.3332713458002702,0.6112146116502195,22.12596894173795,0.3361680364076207,0.0,0.0650367084795661,0.0,0.15044111635997837,0.18043113858806895,2.9465004390047,0.48874991221908054,0.3999112948411222,0.08883861737795842,0.0,0.0,0.5112500877809194,0.0,0.0,0.0,1.0,1.0,,0.35713575623783494,0.561671844380904,0.18837769891077183
B001698,23160.135470554244,5.866295711893172,18.059069342571625,6.267916877547348,0.0,0.12352845572705926,0.00889527936689103,0.19836472988166998,2.031916606650235,0.559652398865198,0.0,0.7438497857394452,2.2164926759208834,0.31438424471741006,2.5798391244583625,0.5288859932234913,0.15105085077964456,0.37783514244384664,0.1004977440589206,0.0,0.3706162627175882,0.0,0.0,0.0,0.0,1.0,,,,0.1914861261152433
B001699,18827.476671631466,14.30659321552543,18.756241093791957,18.628648601707813,0.0,0.021,0.017735214171769823,0.28856786328362377,6.302242135558497,0.0,2.4613512627129372,2.3527574033800374,2.3960521334136584,0.7941902804602988,1.8188780701590321,0.8325122747649076,0.8325122747649076,0.0,0.16445266653886817,0.0,0.0030350586962240517,0.0,0.0,0.0,0.0,1.0,0.16145000126141978,,,0.188624025984382
B001700,3268.3218496014683,6.346256018643627,14.219348523851993,11.31154807982445,0.16006722346708768,0.19354033119517647,0.013690335758803594,0.30529448742132015,0.5654870589418912,1.643709877863527,1.3052396475523957,1.355179364481972,1.0547036365125488,0.4219364332912937,1.8796926138384231,0.7864600229645934,0.6202669741159323,0.1661930488486609,0.21353997703540673,0.0,0.0,0.0,0.0,0.0,0.0,1.0,0.6243433062909354,0.3853617723223055,,0.1914861261152433
B001701,2399.213385382014,2.5797993391204455,11.423002275071001,4.2202928229392045,0.0,0.31351132537604853,0.6252702394507579,29.36047825139194,0.7322460102537433,0.47668805250246016,0.09384593803350903,0.7953005012889699,0.2270252892858163,0.25469354775594744,1.8916284036049076,0.8033528640793707,0.8033528640793707,0.0,0.18477718219161254,0.0,0.01186995372901707,0.0,0.0,0.0,0.0,1.0,0.9868723271074257,,,0.18837769891077183
B001702,3357.3021456958586,4.298722337638743,7.731720599036246,4.146245922713724,0.0,0.3898694853395122,1.4729277864032975,32.85628858305379,1.92616623035101,0.8198275542296778,0.0,0.574902238769351,0.5321864039337305,0.44563991035497413,2.9232659758739326,0.4096922444326733,0.4096922444326733,0.0,0.12380106509183299,0.0,0.4665066904754938,0.0,0.0,0.0,0.0,0.98,,,,0.19030060538549587
B001703,608.0678645849557,0.8736607249783847,7.006181258531554,0.619066493447991,0.0,0.365,0.34673591085558775,12.551839972972276,0.4334198885694847,0.0,0.0,0.06563431895604753,0.26123278958449175,0.11337372786836082,3.1195068077368586,0.12976859852680894,0.12976859852680894,0.0,0.3741350608940632,0.0,0.49609634057912816,0.0,0.0,0.0,0.0,1.0,1.2065504610670703,,,0.18837769891077183
B001704,4642.83030731853,8.86036318190559,22.7179727321154,13.750120015300455,0.0,0.09686950330031785,0.03744861951287831,0.7654451269665645,1.8130187408762608,1.793463654257964,1.5557224332041848,1.36394122682117,1.9537694056449395,0.3804477211010714,2.327127579940484,0.7953787329419223,0.6414413379594485,0.15393739498247386,0.0,0.0,0.20462126705807746,0.0,0.0,0.0,0.0,0.95,0.6512663030736772,,,0.1914861261152433
B001705,3259.859452546882,7.598739982626765,17.27401152780944,11.46384393352453,0.0706920459444054,0.32088706054509697,0.02450114813696068,0.48446389155443076,2.0634083058897437,2.951504658664412,0.0,0.7784178433680727,1.3760327142794222,0.4293764604251148,2.6208850769059002,0.7161021226894944,0.6136617384747701,0.10244038421472425,0.0,0.0,0.28389787731050575,0.0,0.0,0.0,0.0,1.0,0.4290603869929036,0.418903652562024,0.8568080935646821,0.1914861261152433
B001706,30393.762568021964,21.663408815411238,37.905112404440224,10.149794646378888,0.0,0.2861809209261347,0.08607607397476615,5.613348560854534,16.38373071227106,0.7207656315632578,0.11863667055908303,3.286159761852629,0.20288661709158679,0.9512294220736196,3.291749333725189,0.22718567523606517,0.22718567523606517,0.0,0.0,0.0,0.7728143247639347,0.0,0.0,0.0,0.0,1.0,0.17502897950571816,,,0.18835914010109434
B001707,2953.5316259188626,0.7756122967223904,4.76924259299247,0.537092155404477,0.12106602353175384,0.35033112905143704,0.2346168656012875,8.466927268326721,0.36073419470488605,0.0,0.088840928362807,0.0,0.15981251878491035,0.16622465486978696,2.7287470180648095,0.46299733223879225,0.46299733223879225,0.0,0.0,0.0,0.5370026677612078,0.0,0.5,0.5,1.0,0.5,0.8214791009174552,,,0.4049048318617571
B001708,1018.721036037322,3.0229110861641604,10.031839197923535,2.104430671062595,0.031062604363698298,0.2840779380534375,0.011076118174202463,0.10690867636298489,1.5908845300015972,0.2111130574918489,0.7533286714453411,0.16073012132754044,0.0,0.3068547058978324,1.5210833955163532,0.9968238597848044,0.9269861928887743,0.06983766689602999,0.0,0.0,0.0031761402151955728,0.0,0.0,0.0,0.0,1.0,,0.2339068336089146,,0.1914861261152433
B001709,10331.286692152007,3.5344805652247717,6.591337941578298,3.278204321980641,0.0,0.27513182905575856,1.4445925997158215,52.303212651445314,0.8783688935223726,0.48647518170101794,1.5814462233039666,0.0,0.0,0.588190266697415,2.7400722559519246,0.5917180834686819,0.14428424018670702,0.44743384328197494,0.13763696608983364,0.0,0.27064495044148457,0.0,0.0,0.0,0.9800000000000001,0.98,,0.3431934468376273,0.7427739077993314,0.19030060538549587
B001710,2690.216769015401,3.5632010185634453,8.91165476993872,1.2595685736343865,0.2408678666411485,0.4163240144208719,0.014687007947888462,0.3943827935911798,2.4684039063425027,0.3081093621365131,0.0,0.0,0.16309413251883473,0.6235936175655938,2.021812089502906,0.7783261882045283,0.6460845627109095,0.1322416254936187,0.0,0.0,0.22167381179547146,0.0,0.0,0.0,0.0,0.5,,,,0.18835914010109434
B001711,14407.501876901055,8.616926959869051,12.542940092307886,9.946522022366578,0.0,0.14671273427869602,1.5784165220741473,74.08418699457118,2.206976738604385,0.0,3.7021198531732717,1.3650820246725426,0.6372270944795553,0.7055212489392978,2.2389504344002598,0.7459510125285185,0.3163175863181225,0.4296334262103959,0.0,0.0,0.25404898747148164,0.0,0.2,0.2,0.2,0.98,,0.4085113828405968,0.7725816691053203,0.2785184786737387
B001712,3097.250251126606,9.648754676406872,13.576289482544531,11.18861976473367,0.0,0.3774633913167017,0.012689249823450195,0.46782612614023134,4.261315239218349,0.5052796040960369,0.0,1.5038295346442982,2.49747910369386,0.8808511947543273,3.042543078498881,0.07883017057791412,0.07883017057791412,0.0,0.467064237155257,0.0,0.45410559226682873,0.0,0.5,0.5,0.5,0.5,0.18403637742428533,,,0.40513160691334116
B001713,7239.120705670373,22.69316835633346,159.26730737733143,71.4673506079484,0.0,0.46983450126803683,0.381281164824915,13.802378166661923,0.47660145603114373,0.0,21.91348591108774,0.0,0.15216248133874702,0.15091850787583025,2.6826450681588185,0.9777505000596325,0.012108084377651184,0.9656424156819814,0.0,0.0,0.022249499940367526,0.0,0.0,0.0,0.0,1.0,0.7626560162437045,,,0.18837769891077183
B001714,16643.78031720422,5.84402398778238,12.596039235909135,6.221499488940069,0.0,0.2662640664862101,1.2422118075461719,44.9050075837282,1.6008191967300176,0.8306122231638503,1.0964878431298244,0.46929891510327243,1.2467153811210991,0.6000904285343173,2.2808971670943983,0.7165845125972597,0.5289590262162728,0.187625486380987,0.0,0.0,0.28341548740274036,0.0,0.0,0.0,0.0,0.98,0.2804810524504685,0.2650559665130376,0.5405405541268464,0.19030060538549587
B001715,562.9146877928583,1.0909199375830587,4.572605800383792,1.707047914722915,0.0,0.4036172617950211,0.6500126401541191,23.513075659425777,0.3566456860681588,0.0,0.07409746934724029,0.36695746563250314,0.0,0.29321931653515665,2.6054499606725234,0.5969031540888022,0.26052882175649555,0.33637433233230674,0.0,0.0,0.40309684591119777,0.0,0.0,0.0,1.0,1.0,0.5671391085738575,0.3146579640754672,,0.18837769891077183
B001716,4205.994337135328,5.167069210239961,12.487938463115945,7.7501413732056434,0.0,0.40688069454902176,0.012689391766250417,0.33449491243350454,2.8535615145447575,0.2316593096793916,0.0,1.5521823828163943,0.18486935798767623,0.3447966452117428,2.141081583107179,0.8067222928887802,0.8067222928887802,0.0,0.04483379266921668,0.0,0.14844391444200333,0.0,0.0,0.0,0.0,0.5,,0.16503119419639975,,0.18835914010109434
B001717,3242.565540618507,3.3636571998117293,7.97473754085846,0.5380867932140188,0.0,0.44219405363387115,0.013008660247128087,0.29726144670095933,2.5735332074204527,0.0,0.04118208761184126,0.1924842690788455,0.0,0.5564576357005895,3.334391404011915,0.2349002723688672,0.17767557388008562,0.05722469848878156,0.0,0.0,0.7650997276311328,0.0,0.0,0.0,0.0,0.5,0.805782838412241,,,0.18835914010109434
B001718,29428.16798492009,9.629636120719924,22.988398289542424,5.789587601850718,0.0,0.37877880981986883,0.031728281656947493,1.3814569162115724,7.057411366788514,0.3621329150074694,0.05907936927833641,1.694764003675794,0.0,0.45624846596981367,3.160897817995979,0.25852339944723535,0.25852339944723535,0.0,0.00613516113565458,0.0,0.7353414394171104,0.0,0.0,0.0,0.0,0.5,0.17070840752316116,,,0.18835914010109434
B001719,5837.859529331257,6.081103676386727,17.486064714542884,13.495666434438114,0.16518051515519327,0.40803177726510076,0.01744971958304723,0.06851885939650693,0.41447112342573006,1.1240562163134231,0.5522083542509884,3.2808779866090734,0.23642690141463948,0.4730630943728726,2.45928977999265,0.20747851330635053,0.11667125468399792,0.09080725862235256,0.724364266313549,0.0,0.0681572203801006,0.0,0.0,0.0,0.0,1.0,,0.388112522823648,,0.1914861261152433
B001720,13592.320461082234,5.142762187318287,8.757128188142756,7.98262925081791,0.16222597940009914,0.3440269160445959,1.5986596991788373,57.8138495968598,0.9696606998318037,1.3026600824889685,0.34908947629603726,0.6277330545233895,0.8686433243641986,1.0249755498138902,2.0709970940430886,0.7537811161557914,0.7537811161557914,0.0,0.0,0.0,0.24621888384420862,0.0,0.0,0.0,0.98,0.98,0.4874181268724452,0.31503318008668213,0.3082542687725347,0.19030060538549587
B001721,11079.562959622475,14.16823907880112,19.585130335068452,19.87523182873061,0.0,0.49634046228347956,0.01576421647028069,0.5069794376249244,6.659277839178043,1.188830136620446,2.194472751746508,2.497254120718599,0.5441076167680784,1.0842966137694399,2.844894604990289,0.5167636127540021,0.27796873714880876,0.23879487560519347,0.0,0.0,0.4832363872459975,0.0,0.0,0.0,0.0,1.0,0.3921842188462597,,,0.188624025984382
B001722,6600.789770828207,6.904591810489756,13.715105642344296,8.190121980471275,0.165026046246026,0.2732957620452287,0.015988354111703615,0.296270397090614,2.7922473066515923,0.0,1.3484736761554639,0.30559151011527824,2.0055493130172035,0.4527300045502165,2.3990990813116504,0.5531560455963458,0.5531560455963458,0.0,0.0,0.0,0.4468439544036539,0.0,0.0,0.0,0.0,1.0,0.21424727494270954,,,0.188624025984382
B001723,405.5214496056511,0.8078116526008987,6.457243422205073,0.8587449423614059,0.035372636366304167,0.4279561547468772,0.1813232314381511,6.589741181248457,0.2770906659229689,0.16076979714189063,0.0,0.09581863226526832,0.09873045926751227,0.1754020980032585,2.776746665241072,0.4579671367018697,0.4579671367018697,0.0,0.1990189131640558,0.0,0.3430139501340744,0.0,0.5,0.5,1.0,0.5,,,,0.4049048318617571
B001724,8936.388043121218,4.755927644024065,15.882658824260323,4.6900634302429465,0.055419694907951025,0.33449292837339645,0.008396430385514374,0.0923607342406581,1.9179663317164812,0.589107525437776,1.1618108463923091,0.0,0.8448164901920002,0.2422264502854973,2.7779703269493496,0.5943681595764853,0.3500812541917594,0.2442869053847259,0.0,0.0,0.40563184042351447,0.0,0.0,0.0,0.0,1.0,0.21819647310504373,0.30725255148556474,,0.1914861261152433
B001725,12481.87827722121,4.202652618593,9.249123656516668,5.458717244612491,0.0,0.433,1.2616058790722244,45.58798449784488,1.5735742025443236,0.9758141597753037,0.0,0.9980227949259136,0.0,0.6552414613474593,2.4402975317606623,0.6255759527726236,0.39338589369941007,0.2321900590732134,0.0,0.0,0.3744240472273766,0.0,0.0,0.0,0.0,1.0,,0.37555486653834846,0.31351794030923524,0.18835914010109434
B001726,4956.05976341961,11.137212951504742,14.041697550405841,17.824154541185184,0.0,0.41557159891713746,0.027334736836244787,0.857625425123906,2.110523007482283,1.251358800057299,2.0780760686273005,1.928537874290917,2.335096735316936,1.4336204657300053,2.4746503833243336,0.6373364773251026,0.33838961483965807,0.2989468624854445,0.17316162335123111,0.0,0.1895018993236662,0.0,1.0,1.0,1.0,1.0,0.28161486533295804,0.2944603550256698,,0.608845443987547
B001727,17592.276892958107,8.441591599308113,12.754905340645422,14.523030649158354,0.04982693457490592,0.37163059857877884,0.023886406530183205,0.7203374483677729,1.7368888746442264,0.5025053740225508,1.7585633539478935,1.5744252709138722,1.9610897216373049,0.9081190041422631,2.469167502563431,0.5193419866212927,0.2514933586260974,0.26784862799519527,0.23231279298065535,0.0,0.2483452203980517,0.0,1.0,1.0,1.0,1.0,0.209806423086342,0.32698352278231535,0.5457970843981128,0.608845443987547
B001728,1054.556181841766,1.3450971707165382,8.43736920546337,1.246922682008339,0.0,0.33237702980483724,0.19773714755624044,4.39243060219348,0.7683369535278484,0.0,0.044060036354106796,0.38959290067574914,0.0,0.1431072801588338,2.652881795407952,0.6940283282044497,0.37163307939216683,0.32239524881228276,0.0,0.0,0.30597167179555035,0.0,0.0,0.0,0.0,0.6,0.6541358760943685,,,0.18837769891077183
B001729,15284.311192396131,9.268836381077096,16.195527780669146,14.180076537221959,0.08746213270223163,0.39192342638260497,0.021092010100923334,0.6061483811802649,3.520084074232248,0.8221255258708451,0.0,1.3326048992428703,2.786327388672777,0.8076944930583574,2.307148293484033,0.5929706545278842,0.5857009141882463,0.007269740339637955,0.0,0.0,0.4070293454721159,0.0,0.0,0.0,0.0,1.0,0.22599837028441475,,,0.188624025984382
B001730,1566.1970279665177,1.1324635053987835,4.865582316668766,2.0497433876577,0.0,0.23999999999999996,0.29702313048761136,10.737221902329773,0.44870097101790574,0.0,0.0,0.4890475721822256,0.0,0.19471496219865206,2.5562824205824226,0.2951800071016759,0.2951800071016759,0.0,0.43184400190451466,0.0,0.27297599099380937,0.0,0.5,0.5,1.0,0.5,0.6585474890287009,,,0.4049048318617571
B001731,13176.915406773365,3.1743954244214323,6.86754835249342,2.4750470736067256,0.0,0.4249370916880269,1.287330589682901,46.58187151999603,1.6939207861804926,0.4351515619233172,0.0,0.560850748710093,0.0,0.48447232760752906,2.777077205595355,0.4936056116027297,0.4936056116027297,0.0,0.0,0.0,0.5063943883972704,0.0,0.0,0.0,0.0,0.98,0.3563328670821846,,,0.19030060538549587
B001732,478.76511856311015,1.3299031071197505,7.569296237438934,0.9808094606677727,0.0,0.5088820754060922,0.4936065872647807,23.133065421485227,0.6140206360612156,0.3836582693470911,0.0,0.01970684700765668,0.0,0.31251735470378705,2.934119458374963,0.538296712915397,0.24981083203193746,0.28848588088345956,0.0,0.0,0.46170328708460295,0.0,0.0,0.0,0.0,1.0,0.5718797758136125,,,0.18837769891077183
B001733,15256.275937391985,13.477275563067124,18.265679245697005,23.237668586236826,0.05303828866619629,0.24827521566381883,0.022175291475283396,0.35586154854637975,4.42742486199322,0.5261914490919748,1.792323001575639,2.7201324819284394,3.0485074663201837,0.9626963021576691,2.4167630417508277,0.6666805936048184,0.2684530815329064,0.3982275120719119,0.0,0.0,0.3333194063951817,0.0,0.5,0.5,0.5,0.5,0.2880545865341344,0.2840842895544334,0.30774518353782876,0.40513160691334116
B001734,2007.316608262118,4.450812878629973,9.38567817772135,4.863516738614066,0.18763925357151182,0.29331478364086583,0.9315371476737655,33.755349241652176,1.6002914277070035,0.6895154358385185,0.5165655307282372,0.0,1.066092334310983,0.5783481500452327,2.6330482859199473,0.4793788755070641,0.3633179345476132,0.11606094095945092,0.15491899000048764,0.0,0.3657021344924486,0.0,0.28,0.28,0.28,0.7,0.6542872531444324,,,0.3131956702029707
B001735,2976.3376643326415,7.915791660459153,10.987100064059605,9.518407935509885,0.0,0.3672880481435364,0.04712852658536738,0.9366553168583833,1.9131149533633727,0.0,1.7579362483874332,0.6304933028057572,2.547003912069496,1.0672432438330952,2.453055627993751,0.67890282881706,0.37717311514561014,0.30172971367144985,0.0,0.0,0.3210971711829403,0.0,1.0,1.0,1.0,1.0,,0.24862337866562456,,0.608845443987547
B001736,8746.941165185035,4.275142309474601,14.329995341405072,7.678288182050723,0.0,0.37816639527421264,0.017480122616964647,0.33589859959558266,1.409180490717653,1.3042588769283376,0.0,1.2805062670015022,0.0,0.2811966748271087,2.759373442509989,0.6450922852936164,0.39273880345717527,0.25235348183644135,0.0,0.0,0.3549077147063834,0.0,0.0,0.0,0.0,1.0,,0.5151480659886581,,0.1914861261152433
B001737,8810.628963639563,4.754791669530255,9.569955331137223,4.259925131297618,0.0,0.44049233439784125,0.026200791462792306,0.8211684826605085,2.926529527621274,0.0,0.0,0.950345606631723,0.16345099586046727,0.7144655394167916,2.9896575526093105,0.38450941050159687,0.24350964797995966,0.1409997625216372,0.0,0.0,0.6154905894984033,0.0,0.0,0.0,0.0,0.5,0.4308817606661627,,,0.18835914010109434
B001738,3277.9710129097434,7.518282139701246,15.636441022838474,10.967149310086025,0.047839671333040346,0.20803810306218393,1.3473184809522698,48.81737956526549,1.7622035641731948,0.5378660064934894,2.7706956398390226,0.7779987132882081,0.9734049116373359,0.6961133042699963,2.0827446525041062,0.7766282483564334,0.3046195783987182,0.47200866995771523,0.0,0.0,0.22337175164356662,0.0,0.0,0.0,0.0,,,,,0.19030060538549587
B001739,8784.936452177426,5.581281100493918,9.485884602023166,6.490192123726242,0.0,0.40400434277962066,1.2806295222597994,46.36092144777109,1.7915032517393041,0.73451133118934,0.9641445561663129,0.6609726724243353,0.6497933509620885,0.7803559380125369,2.3496135712547983,0.6790157636782056,0.5062696613396243,0.17274610233858148,0.0,0.0,0.32098423632179435,0.0,0.19999999999999998,0.19999999999999998,0.19999999999999998,0.98,,0.419537998791277,0.5202655563292304,0.2785184786737387
B001740,13912.955120619728,4.032740614672385,6.37369904451878,4.1765319218441785,0.0,0.4114147113559049,1.7768262739599157,64.3159586125301,1.0854982317254827,1.3569676653478429,0.0,0.0,0.7000010242638499,0.8902736933352103,2.3562598949961675,0.7577204516865825,0.7577204516865825,0.0,0.0,0.0,0.24227954831341753,0.0,0.0,0.0,0.0,0.98,0.5906887147381107,0.4125861088939968,0.3503435604148227,0.19030060538549587
B001741,6780.733715718974,2.460353307590339,11.743658904607974,3.9430758932474905,0.04535030186162266,0.4212126626400122,0.9149758522870562,33.07505468750746,0.5764195010564882,0.6322697250845143,0.060748347000779995,0.8035403807917842,0.08240673620040932,0.3049686174563627,1.768406325804356,0.673404474750511,0.6487135708817994,0.024690903868711728,0.326595525249489,0.0,0.0,0.0,0.0,0.0,0.0,1.0,1.143845760312577,0.4448693290108281,0.5072869877303278,0.18837769891077183
B001742,4393.370554035501,6.9958129841329635,16.592156025504444,9.106258736635557,0.0,0.12376942368107187,0.01250655838084847,0.2788962518929209,0.5002623352339388,3.049948516883107,1.0051668113106702,0.0,1.7802573468492349,0.6601779738560134,2.101102128781721,0.7848099784886994,0.7848099784886994,0.0,0.1436812009684171,0.0,0.07150882054288356,0.0,0.0,0.0,0.0,1.0,,,,0.1914861261152433
B001743,6946.540591454354,9.555076466924834,13.459223816154232,7.308476615164234,0.0,0.2002546826543831,0.01773272796218298,0.7044243109064878,3.936327493376387,1.0460692899248116,0.0,0.4675167305048111,2.8735571396605732,1.2316058134582522,2.5597852933860126,0.6272944144034548,0.5178165579419383,0.10947785646151655,0.0,0.0,0.3727055855965454,0.0,0.5,0.5,0.5,0.5,0.2851422228377347,0.27397730740109977,,0.40513160691334116
B001744,16157.293512179136,5.514434645794927,8.194522147776981,7.870584491065561,0.0,0.40271397386393715,1.4924721957365032,33.233298650670946,2.0811868871195354,0.0,0.0,2.164837758149085,0.6394254742832199,0.628984526243087,2.8453820623590715,0.5869747392756388,0.19439818388933136,0.39257655538630754,0.0,0.0,0.41302526072436124,0.0,0.0,0.19999999999999998,0.0,0.98,0.38273403594581284,0.34150227535265953,,0.19030060538549587
B001745,12006.46105830529,7.185195127651281,11.816844481235641,8.063496263706167,0.0,0.433,0.013169848996488358,0.34849087189763783,3.5611209665463557,0.5946548291003201,1.4766266819050586,0.7496885500343866,0.0,0.8031041000651598,2.5409540149814807,0.5474116379177749,0.23756407047012637,0.3098475674476484,0.0,0.0,0.45258836208222514,0.0,0.5,0.5,0.5,0.5,0.2818033656714296,0.2480852951139939,0.9909500641494137,0.40513160691334116
B001746,41068.80523175721,17.343245452600172,32.33242046226637,3.061280893295115,0.031126415137493778,0.3428837985857353,0.07798991209032302,5.036920514636083,15.076650530883608,0.8730342082332612,0.17613472495220897,0.45944636491940316,0.09010185467089277,0.667877768940798,3.4307806108976213,0.11545432795369573,0.11545432795369573,0.0,0.0,0.0,0.8845456720463042,0.0,0.0,0.0,0.0,1.0,,,,0.18835914010109434
B001747,26492.337836040453,7.282115952732395,12.5508754121775,9.931606558371412,0.0,0.3383987091930857,1.6850466992566933,60.99869051309229,2.1063083740708666,1.0340599208520938,0.12944164571148936,2.8707189251458156,0.587690609162021,0.5538964777901091,2.686165820092338,0.7107559962320378,0.3165410532430204,0.39421494298901744,0.0,0.0,0.28924400376796217,0.0,0.0,0.0,0.0,1.0,0.6612604622971348,,,0.18835914010109434
B001748,1281.78921979349,3.9198447088485935,10.790201810744707,4.461202288742876,0.0,0.3881090246571343,0.01950153025047462,0.40489796344773943,1.7627068909546582,0.0,1.1324557918942586,0.6212081982922707,0.0,0.40347382770740686,2.8474803608795143,0.28773616268273455,0.12925840541598216,0.15847775726675228,0.28890322857379314,0.0,0.4233606087434727,0.0,0.0,0.0,0.0,,0.4766767966559594,,,0.1914861261152433
B001749,238770.88638788497,275.08166634548957,446.4095657667664,954.5393465938689,0.0,0.4869982447038156,1.3354135631320938,62.66576659323562,1.8637869420930016,1.33556085746243,0.0,269.9200713339476,0.7720020751322048,1.1902451368543459,2.0124820345067764,0.9932246050169256,0.0071333260338842805,0.9860912789830412,0.0,0.0,0.006775394983074492,0.0,0.19999999999999998,0.19999999999999998,0.19999999999999998,0.98,0.33155303425715427,,,0.2785184786737387
B001750,2544.3883929675058,6.626011440019546,15.708870983800983,8.466285153430833,0.0,0.4124458346581234,0.009620822554593117,0.3509500942326818,2.0954279941666822,0.3275648717618979,1.0900510597628497,0.55724640450018,1.9408271804205928,0.614893929407345,1.7737531141219007,0.9309850107080467,0.6823742923030436,0.2486107184050033,0.04943620679304647,0.0,0.019578782498906905,0.0,0.0,0.0,0.0,1.0,,0.2267718589425494,,0.1914861261152433
B001751,8272.357683852208,5.925757653189261,8.969854618249569,10.30435120925702,0.0,0.4838649008615991,0.011922333349562724,0.5531962674197104,1.2701101499021543,0.19864453748315325,0.0,1.3197268965585087,2.241355795898394,0.8959202733470497,1.8822659565516564,0.930691188434885,0.6744587329573191,0.2562324554775658,0.0,0.0,0.06930881156511501,0.0,1.0,1.0,1.0,1.0,,,,0.608845443987547
B001752,1577.2289310016815,3.5363877376719315,12.36896804596573,3.409223444019927,0.0,0.42456069296356996,0.00794392513786037,0.2875700899905454,1.8146021888513537,0.0,0.6566879840487664,0.6402292892888745,0.0,0.42486827548293643,2.9540478934145336,0.3058364466119631,0.12014188120747046,0.1856945654044927,0.18104046749985314,0.0,0.5131230858881836,0.0,0.0,0.0,0.0,1.0,,0.34211066932177947,,0.1914861261152433
B001753,2246.4351622578793,1.4730722375461502,4.696357690199776,0.0,0.0,0.0,0.8553811528215274,30.964797732139296,1.0692264410269092,0.0,0.0,0.0,0.0,0.4038457965192412,3.3011305793647803,0.2741520654764149,0.2741520654764149,0.0,0.0,0.0,0.7258479345235852,0.0,0.0,0.0,0.0,1.0,1.2544727958453787,0.2839343820819447,,0.18835914010109434
B001754,2196.185621904346,3.3075084667234127,11.980916095217122,4.643487622868101,0.0,0.4879999999999999,0.008975436144546656,0.2974771539381646,1.6858912830923192,0.0,0.4623794622902054,0.6398979552282371,0.0,0.5193397661126519,2.7229785168161205,0.4874363133248445,0.4874363133248445,0.0,0.0,0.0,0.5125636866751557,0.0,0.0,0.0,0.0,1.0,0.3370443114269561,,,0.1914861261152433
B001755,2701.457913568872,1.1544691938328513,7.823469505217773,0.6516535267581409,0.32537701601111924,0.21309555484179157,0.25833186081020776,12.066053043639092,0.7019230289229966,0.241267398853325,0.05571933376566655,0.0,0.0,0.15555943229086303,3.1279186419257434,0.3919950114973583,0.1830094446739471,0.2089855668234112,0.0,0.0,0.6080049885026416,0.0,0.0,0.0,0.0,0.6,0.9062358922892192,,,0.18837769891077183
B001756,8169.901587296618,8.5728243308464,14.434692603988504,12.82244136549209,0.0,0.24178286602116672,1.2186726538374686,43.99435990698233,2.41633823738261,1.087023110421179,1.6263379544710583,1.8387013988160978,0.8856863100613515,0.7187373196941035,2.3772897583815484,0.6932107648132876,0.3521223876113555,0.34108837720193214,0.1267987151573718,0.0,0.17999052002934068,0.0,0.2800000000000001,0.2800000000000001,0.2800000000000001,0.7,,0.3640800472145962,0.4828796559681582,0.3131956702029707
B001757,3454.3656469643497,2.1218462204940725,12.672965387391343,3.2268569293996023,0.0,0.26027001717419657,0.38432807421305604,13.895014156480405,0.40492621231390036,0.8014927101319916,0.04916417460667377,0.4594358704282478,0.20727584055167209,0.19955141246158672,1.7487106597867634,0.9975342201157552,0.7810077508595298,0.2165264692562254,0.0,0.0,0.0024657798842447603,0.0,0.5,0.5,1.0,0.5,0.8117477413559934,,,0.4049048318617571
B001758,3234.964750072985,3.003681290689866,5.5267630644831796,3.450416482196737,0.31912965336821436,0.433,0.6773468132295298,31.745976731561264,1.303343628463117,0.5454386335408382,0.0,0.3569549405473895,0.0,0.7979440881385208,2.2635961194454017,0.7765649784593758,0.5949749291983353,0.18159004926104041,0.11883915302658708,0.0,0.10459586851403702,0.0,0.19999999999999998,0.19999999999999998,0.19999999999999998,0.98,0.4424777707484221,0.39689900948072476,,0.2785184786737387
B001759,953.5937325587226,1.553084254981633,7.955113262954299,1.4818309958751579,0.0,0.18381723970479735,0.9828506588586662,35.549312947801305,0.7012511257722058,0.0,0.08733939637111754,0.48305345881860745,0.0,0.2814402740197022,1.9984181894625916,0.681804343586316,0.681804343586316,0.0,0.3110284952469112,0.0,0.0071671611667729375,0.0,0.0,0.0,1.0,1.0,0.9150366560013129,,,0.18837769891077183
B001760,16638.722170671364,3.669766689605506,5.481117669122086,3.7078882358884075,0.0,0.365,1.969548676631966,43.929329128153775,1.7233846706378055,0.0,0.0,1.2702939852792614,0.0,0.6760880336884383,2.3491421714648157,0.9464198302956214,0.6002686733631311,0.34615115693249043,0.0,0.0,0.05358016970437845,0.0,0.2,0.2,0.2,0.98,0.1711276846093861,,,0.2785184786737387
B001761,791.5685169136643,1.9544901652189242,9.185465036339368,1.6949847197007077,0.1482780266269602,0.38948649971753896,0.3609925129953408,13.01640432781557,0.981546617132449,0.4203374055739969,0.044757228696283784,0.03572961384406964,0.2507036375056962,0.22141566246642924,2.9958546799526404,0.47556452353495215,0.2422213082381989,0.2333432152967534,0.0,0.0,0.524435476465048,0.0,0.0,0.0,0.0,0.6,1.3547759179247438,,,0.18837769891077183
B001762,10253.694339577543,5.365617132170352,10.400512134317601,7.006879097925088,0.0,0.365,0.013132122500150428,0.47538283450544555,2.9997234137399458,0.44340108201042033,0.0,1.3847122674903845,0.0,0.5377803689296018,2.910090732202681,0.4409359930370992,0.4409359930370992,0.0,0.0,0.0,0.5590640069629008,0.0,0.0,0.0,0.0,1.0,0.186623654952679,,,0.188624025984382
B001763,6598.625310332757,7.959741025733121,18.5033069663124,0.8822268708273404,0.04434425019385424,0.021000000000000005,0.028065965079392127,1.3022607796837946,6.851546628784695,0.0,0.10022694201086355,0.3095110074477903,0.17706325703212988,0.5213931904576415,3.453865538130474,0.1251535542598954,0.08626899677904656,0.03888455748084885,0.0,0.0,0.8748464457401045,0.0,0.0,0.0,0.0,0.5,0.12888405213712595,,,0.18835914010109434
B001764,8959.52510746891,10.405952505771092,25.93620071978595,7.892308498436282,0.0,0.34795371872874076,0.040915212269966056,2.224699702616161,6.7285684064349,0.33510827636736995,0.08518535870061222,2.578377682928375,0.15642665944197218,0.5222861218978636,2.999845823800668,0.3533923585848325,0.3533923585848325,0.0,0.0,0.0,0.6466076414151677,0.0,0.0,0.0,0.0,0.5,0.14792881250973472,,,0.18835914010109434
B001765,11497.705263625021,10.148018767541943,13.107917810228779,14.626381587162166,0.2889743175557572,0.3980445452416259,0.019993809605008822,0.21993190565509704,4.567113869164452,1.4840239123026575,0.5738980928870338,0.8812419911442868,2.0240084810524643,0.6177324209910475,2.8427076246521215,0.46056346468332326,0.31432566730663214,0.14623779737669115,0.08683882157992319,0.0,0.4525977137367535,0.0,,,,1.0,,,,0.188624025984382
B001766,4733.843374020695,3.198542820284253,9.97786580356448,0.9953172072097807,0.0,0.42425947478458603,0.010371476307439531,0.23128392165590156,2.3842086732167895,0.27233656857693456,0.0,0.13618602344634773,0.0,0.4058115550441806,1.8798467148357354,0.892910299351757,0.8503327785561329,0.042577520795624345,0.085143949566613,0.0,0.021945751081629633,0.0,0.0,0.0,0.0,1.0,0.1401866873009901,0.37523508992695803,,0.1914861261152433
B001767,3812.3533822546824,3.3827447934824155,10.070069816772815,3.732990693134841,0.44129347005030617,0.40435744488729003,0.009007812939008148,0.09908594232908961,2.0576222449510997,0.0,0.45214939299172724,0.034164863440740115,0.518927321407944,0.31988097069090554,3.1741740969092005,0.37682955201117846,0.2133255874453812,0.16350396456579727,0.0,0.0,0.6231704479888219,0.0,0.0,0.0,0.0,1.0,0.08501211459315819,,,0.1914861261152433
B001768,3438.2875947066987,1.6755787498570656,8.591435314523913,1.7787946870147497,0.0,0.39799745791104096,0.5276511715097684,19.08699904456304,0.6579903873499834,0.646895699125049,0.024623796863865406,0.06888756014876547,0.09342017587167487,0.18376113049772747,2.7817029554786084,0.5939895012607472,0.5939895012607472,0.0,0.0,0.0,0.4060104987392527,0.0,0.0,0.0,0.0,1.0,0.7922387753346353,,,0.18837769891077183
B001769,20874.80005571956,5.3635149166802565,12.832914683508491,5.931687254038457,0.0,0.43425740050380895,0.01315751181678813,0.13297209695290169,2.4351586355186567,0.0,0.7211600919725719,0.6147656316340883,1.154742459233963,0.43768809832097644,2.698916666321992,0.43135717630473297,0.43135717630473297,0.0,0.11461991645109415,0.0,0.45402290724417266,0.0,0.0,0.0,0.0,1.0,0.30166742962120185,,,0.1914861261152433
B001770,727.1726303960816,2.0835891988426405,3.783357071092646,0.0,0.0,0.0,2.5553589010942104,92.51625070486413,1.2439343702234518,0.0,0.0,0.0,0.0,0.8396548286191887,1.9586517514603536,0.9639913195480811,0.9639913195480811,0.0,0.0,0.0,0.036008680451918795,0.0,0.0,0.0,0.9800000000000001,0.98,0.292367571442122,0.3541054222684713,0.5054353313505406,0.19030060538549587
B001771,9280.796017072313,10.5945160012241,15.652833482638732,13.172592316674113,0.0,0.25898770717866915,0.01949538980825973,0.3500643028788749,1.7538290187839483,1.087140930068185,1.830411516764804,0.6710068258778569,4.611832306351569,0.6402954033777379,1.8952124656783773,0.8344587880577735,0.661689072428167,0.17276971562960652,0.0,0.0,0.16554121194222643,0.0,1.0,1.0,1.0,1.0,0.1778622104457786,,,0.608845443987547
B001772,5158.289976829901,12.429614401999762,18.484048809537985,15.065714745614324,0.24565257028393447,0.365,0.009383327778866952,0.20924820946873304,6.196537212459308,0.0,0.0,2.7506649092883086,2.7836179234448966,0.6987943568072529,2.7892212506808733,0.268821917936547,0.268821917936547,0.0,0.22129929540258003,0.0,0.5098787866608734,0.0,0.0,0.0,0.0,1.0,,,,0.188624025984382
B001773,82359.42192643424,127.49136521119851,285.2904478433074,227.62471954938525,0.0,0.3645234202574584,0.033888826292243976,1.4407765830463852,7.471683515233788,0.0,117.41634954675631,1.8269668740074791,0.2154777343818279,0.5608875408190774,2.397142193801607,0.9409350276050094,0.019960110188070753,0.9209749174169385,0.0,0.0,0.059064972394990395,0.0,0.0,0.0,0.0,0.5,0.10912573030532469,0.18561035136245588,0.2569448230460804,0.18835914010109434
B001774,1174.110986045336,2.5691706478016103,4.542523103665248,2.7640259052519616,0.0,0.0,1.6304903393664398,59.03386391622546,0.9914020019000187,0.0,0.0,0.5582226718246861,0.0,1.0195459740769057,2.827163175289949,0.5209889276183424,0.3037115457899511,0.21727738182839137,0.0,0.0,0.47901107238165763,0.0,0.0,0.0,0.0,0.98,0.30059949761917454,0.4241063947517961,0.3055120613938325,0.19030060538549587
B001775,8111.889374213849,14.966585561280164,20.11429147195022,22.521756501764532,0.13536227662085168,0.453,0.018270914086849756,0.4074413841367496,5.218112494798228,0.8702310458604072,0.0,0.6725933454248789,7.492721973152654,0.7129267020439986,2.0295362194923743,0.7725875938420582,0.7144426654415705,0.05814492840048764,0.0,0.0,0.2274124061579417,0.0,,0.0,,1.0,,,,0.188624025984382
B001776,631.6642125985813,0.8871688379193559,4.356730368090467,0.4289938918660062,0.0,0.433,0.5639566980313073,20.41523246873333,0.3101761839172191,0.0,0.0,0.0,0.20420109252821897,0.372791561473918,2.95685396927664,0.47481661694611027,0.47481661694611027,0.0,0.0,0.0,0.5251833830538901,0.0,0.0,0.0,1.0,1.0,0.4732256420325991,0.3649216657449793,0.2653012131033262,0.18837769891077183
B001777,573.6443566464023,1.9121478554880078,9.46456560426071,3.5791517156160597,0.0,0.3906651195976484,0.5763070603622835,20.843355216180157,0.7731352939272301,0.0,0.09274455733966015,0.6675634229639833,0.15323231925641376,0.22547226200072074,1.780042553671792,0.9781221773802499,0.6290051250309632,0.34911705234928675,0.0,0.0,0.021877822619750298,0.0,0.0,0.0,0.0,0.6,,,,0.18837769891077183
B001778,666.6535694244048,0.9803728962123601,5.778492980079761,0.9568446648004092,0.0,0.0,0.3437963626872557,12.419905919878024,0.46360194660077736,0.0,0.0,0.19324434850309063,0.0,0.323526601108492,2.6830617768734775,0.5629750740556351,0.3658619661252915,0.19711310793034376,0.0,0.0,0.43702492594436465,0.0,0.3,0.3,0.3,0.92,0.5016385028108589,0.3628839939603145,0.7070219729007041,0.31989570700826886
B001779,4567.439214388753,1.7320588602156817,6.5178189450976385,4.317835087428975,0.543484649882606,0.3830025523455063,0.010984120537573496,0.14079464425741578,0.30964149942862573,0.48433101281798907,0.3408617706988623,0.2142157614005312,0.0,0.3830088158696732,2.3638532192006934,0.6746318657780983,0.4778361456508869,0.19679572012721155,0.12367695251064177,0.0,0.2016911817112598,0.0,0.0,0.0,0.0,1.0,0.6008744160270056,,,0.1914861261152433
B001780,15013.370812983816,3.6316813771126792,7.170555743858058,6.020581821613279,0.23527623534103845,0.4286404779153243,1.361850086048895,63.928532827172575,1.1553172428453342,0.5468794812267737,0.0785801423829563,0.7972580568255507,0.3028900360912551,0.7507564177408097,2.1298563437410425,0.8555476170002224,0.4854332268658759,0.3701143901343469,0.08340215030980054,0.0,0.06105023268997685,0.0,0.0,0.0,0.0,1.0,0.32725640346870594,,,0.18835914010109434
B001781,3362.6008063330823,9.31468367405286,21.51744810963413,16.13263892236851,0.16685030327824033,0.3405376419645658,0.014520862296501465,0.3864065352666675,2.4004414160104157,0.8349304730386176,0.2554585810526762,3.137138650033435,2.258737113501362,0.4279774404163532,2.5341559018186373,0.49714527986672324,0.4075093349162346,0.08963594495048866,0.24249209018158485,0.0,0.2603626299516918,0.0,0.0,0.0,0.0,1.0,,,,0.188624025984382
B001782,1622.2452960928151,3.755197444659294,10.845757557694887,9.539714470333493,0.3902366602785684,0.0625100674917679,0.03138352568699885,0.5524835461994404,0.29057975914588574,0.7888797140449691,1.087518012583374,1.2038704698521296,0.0,0.3843494890329356,2.233529855676395,0.7868586681165793,0.4662708727759386,0.32058779534064036,0.21007676045554605,0.0,0.0030645714278748366,0.0,0.0,0.0,0.0,1.0,0.9561938476550065,0.4136220474520309,0.548928434908301,0.1914861261152433
B001783,2437.6348713818993,4.284068315258171,8.468005561764608,4.849350361078733,0.0,0.42197738170739907,1.114223537767321,52.27864896306818,1.556079594730241,0.5363931108075822,0.0,0.8241523652661067,0.757779711953488,0.6096635325007539,2.462697799963275,0.6367752612188522,0.6367752612188522,0.0,0.0,0.0,0.3632247387811478,0.0,0.2,0.2,0.2,0.98,0.4071693208524843,,,0.2785184786737387
B001784,3990.1105024427416,4.8898413020131635,9.286360725757925,4.522037971274235,0.0,0.36976221361851663,1.190477029092549,26.550216899488703,1.6643283389262546,0.5030580608185502,1.1534848126763084,0.0,0.7689586665486302,0.8000114230434205,2.7675266291336937,0.3613070461562599,0.12541292578850588,0.23589412036775406,0.26013456241278976,0.0,0.3785583914309504,0.0,0.2,0.2,0.2,0.98,0.31597300255468735,,,0.2785184786737387
B001785,2231.43583868695,2.9712860701557253,8.989494887827995,6.937938603096759,0.24667347409190227,0.4141003259033468,0.01046494202694679,0.2333682072009134,0.4185976810778716,1.1743895597360747,0.5677456375727145,0.4852247223699444,0.0,0.3253284693991206,2.536895304675031,0.39845384640678483,0.1856472474041653,0.21280659900261945,0.3952462105658257,0.0,0.2062999430273896,0.0,0.0,0.0,0.0,1.0,0.8830180171556032,,,0.1914861261152433
B001786,9405.715961991185,10.268248866802605,13.83014587329236,5.327184312448473,0.0,0.3273671695153701,0.011577359946585467,0.527910032746547,6.92449095889795,0.8574302508185674,0.0,1.492323910995565,0.0,0.9940037460905229,3.2982075057535014,0.1888110733271123,0.043477245684867494,0.14533382764224478,0.08350306483032872,0.0,0.7276858618425589,0.0,0.0,0.0,0.0,1.0,0.1975815117989285,,,0.188624025984382
B001787,4163.19533473152,1.491115807568596,7.959753833169812,3.0305308927260173,0.0,0.38056628625786926,0.5496328740123816,19.896710039248216,0.30229808070680986,0.4018733308631301,0.0530935520175046,0.4393869300154191,0.12176632799312367,0.17269758597260879,2.351029831839131,0.5023454352890203,0.4667388434012456,0.0356065918877747,0.26951181713942274,0.0,0.22814274757155703,0.0,0.0,0.0,1.0,1.0,,0.3427557937810448,0.7565249915785163,0.18837769891077183
B001788,1581.6130822514924,3.554186701688747,5.817198875859827,1.814479266345153,0.0,0.365,1.6993695078102014,61.527717058680615,2.2225991726307672,0.0,0.0,0.0,0.9580450526302408,0.3735424764277395,2.897575079532144,0.3746532303509228,0.3746532303509228,0.0,0.0,0.0,0.6253467696490774,0.0,0.0,0.0,0.0,0.98,0.38680416588840544,0.36941960633363985,0.39383323093123396,0.19030060538549587
B001789,5055.311712431201,8.99521657016228,12.129576688628301,5.2280413840527435,0.0,0.18412639219594035,0.024872636406656667,0.35591807907848105,4.3479602774911115,0.9283481076605732,0.0,0.0,2.613013498239269,1.105894686771324,2.8732868286016227,0.372386783948328,0.08189755805166582,0.29048922589666215,0.10320464220283083,0.0,0.524408573848841,0.0,0.0,0.0,0.0,1.0,0.37796407477926064,,,0.188624025984382
B001790,1361.2008131176544,1.5007726715740402,4.0188007276852655,0.554317648315169,0.0,0.021,0.01115437949076713,0.24874266264410705,0.4461751796306853,0.0,0.0,0.3858050832273576,0.0,0.6687924087159973,2.7333671281421528,0.6357069119270558,0.6357069119270558,0.0,0.0,0.0,0.36429308807294425,0.0,0.0,0.0,0.0,1.0,0.5712351310969105,,,0.1914861261152433
B001791,2638.795544486197,2.0761569980221846,11.296526380819257,3.33198959759778,0.0,0.3160470300139493,0.5352241345577207,25.15553432421287,0.6690301681971508,0.5479034740549579,0.07118720204924688,0.4312934731227491,0.18194695211392492,0.17479572848415553,2.6597903744222795,0.41385278501991946,0.41385278501991946,0.0,0.2639027176542567,0.0,0.32224449732582405,0.0,0.0,0.0,0.0,1.0,0.9613374962521879,,,0.18837769891077183
B001792,21265.83578969783,6.616625945767837,15.008068470397232,5.634452835369735,0.0,0.42556781648487035,0.03780201573495902,2.185854549120393,4.147131595431858,0.44616040654479633,0.08932971980621011,1.3232244138054434,0.14461494081130383,0.46616486936822493,2.5335136933881484,0.6672817163541098,0.46729694697904617,0.19998476937506365,0.0,0.0,0.3327182836458901,0.0,,0.0,,0.5,0.18124940586379965,,,0.18835914010109434
B001793,11097.563448752313,6.766806980946532,11.823756634080036,5.798189359203455,0.0,0.4102572089021832,0.02045634498852049,0.5463061893612148,3.3530254642284993,0.0,1.0239085431257187,0.0,1.8368690695872043,0.5530039040051083,2.9573363456282165,0.21492305317860455,0.21492305317860455,0.0,0.2714528543165665,0.0,0.5136240925048287,0.0,0.0,0.0,0.0,1.0,0.18257436117379391,,,0.188624025984382
B001794,5051.10026701584,9.982411594892964,19.204622794176696,7.436167472635761,0.0,0.28697439245336903,0.007092593385795569,0.15816483250324118,5.323804720706093,0.5493230123281408,1.8743830533613979,0.0,1.694180423580487,0.5407203849168449,1.4779992640103223,0.976381644329357,0.9213525557062053,0.05502908862315158,0.0,0.0,0.023618355670642716,0.0,0.0,0.0,0.0,1.0,0.18950419682163533,0.21413264448159205,,0.188624025984382
B001795,1262.5758265609716,0.7306573070375992,5.486233872320514,1.123132015464595,0.0,0.3733430720057955,0.6263446823093575,22.6557825529801,0.12313644423923768,0.2751403174451646,0.034689047114310166,0.10686850328766827,0.0,0.19082299495121866,1.8368435773365375,1.0,0.8537364886954195,0.1462635113045805,0.0,0.0,0.0,0.0,0.0,0.0,1.0,1.0,1.2270340944280607,,,0.18837769891077183
B001796,5748.158770361186,3.2884203491768798,18.044923416718866,3.9102175872596705,0.0,0.16688056817636346,0.34726868594535676,12.42484835489384,0.9635802248920019,0.8641870366970497,0.0,0.31303260182769543,0.8135687989371695,0.334051686822964,1.7770895895978107,0.9962842616106955,0.7488801245024901,0.2474041371082054,0.0,0.0,0.0037157383893045696,0.0,0.0,0.0,0.0,0.6,1.1621912090109423,0.359106635664228,,0.18837769891077183
B001797,3984.7152828188177,12.038414751718483,16.551430446515557,20.8928149412214,0.0,0.365,0.015083050767088678,0.33635203210607756,4.695905258353023,0.0,0.0,6.527330141856378,0.0,0.8151793515090844,1.4971691488824734,0.9109123748166266,0.9109123748166266,0.0,0.0,0.0,0.08908762518337345,0.0,0.5,0.5,0.5,0.5,,,,0.40513160691334116
B001798,2584.0426008122213,7.021854893511471,11.545276637377581,7.0017731415811975,0.0,0.2930324969248873,1.400282951787488,50.729756570746225,2.086824054127716,2.704935898365992,1.5684620692209774,0.0,0.0,0.6616328717967856,1.7059624063912444,0.9734937477577984,0.3649084049396503,0.6085853428181481,0.0,0.0,0.026506252242201638,0.0,0.28,0.28,0.28,0.7,0.30257881170883705,0.4054743831394215,,0.3131956702029707
B001799,824.2959369987725,1.1169321639549763,8.193415378337301,0.3742012717352575,0.0,0.31243444390705144,0.24982660909157925,8.994252189669231,0.6587483571720538,0.0,0.03103966666047247,0.0,0.1777523761189457,0.24939176400350455,2.443541484886157,0.6622084159397501,0.6622084159397501,0.0,0.027790109070333552,0.0,0.3100014749899165,0.0,0.0,0.0,0.0,0.6,0.5759384261806454,,,0.18837769891077183
B001800,3243.8692035269146,3.8571571980106,6.9419338232968615,4.988897416601363,0.0,0.021,1.1887773402000634,55.77901677667271,1.6546253256359411,0.0,0.0,0.0,1.6634450908815288,0.539086781493131,2.7054969350123774,0.5920432363672002,0.16078129771987684,0.43126193864732326,0.0,0.0,0.4079567636328001,0.0,0.2,0.2,0.2,0.98,0.356516381267638,,,0.2785184786737387
B001801,19981.445536226835,6.8854050779554905,14.516741231681358,8.769423783316215,0.0,0.05372383168147044,0.021402367814226022,0.32728909832849445,2.51991808825189,0.5945191328496477,0.0610859559872839,2.0597566589570215,1.161451693396113,0.48867354851353595,1.8686991017404053,0.8675500014640004,0.6899950667082358,0.17755493475576453,0.0,0.0,0.13244999853599967,0.0,0.0,0.0,0.0,0.5,,,,0.18835914010109434
B001802,733.4689352245616,1.8710942225116367,12.49846507953416,3.149961750656632,0.0,0.36901635886367146,0.22592136029950466,5.041639295548207,0.3934896064485268,0.41050572443708144,0.05722127791347736,0.8190972145553872,0.0,0.19078039915716402,1.959895013205387,0.9542242474128868,0.9542242474128868,0.0,0.0,0.0,0.045775752587113305,0.0,0.3,0.3,0.3,1.0,0.5194289180687622,0.38382996652855483,,0.31989570700826886
B001803,18141.633025834115,5.991292280658558,9.677674463682335,4.266337585827173,0.0,0.2850824355277473,0.014232952933221684,0.515232896182625,3.0082826659110062,0.0,1.7292994918516609,0.6898398113857952,0.0,0.5638703115100956,1.4908823745671738,1.0,0.5962241216227985,0.40377587837720147,0.0,0.0,0.0,0.0,0.0,0.0,0.0,1.0,0.23356950731990855,0.28871106007219494,,0.188624025984382
B001804,22176.413634602846,11.27423163935071,25.85038425426185,21.15208970600211,0.0,0.4415094933944887,0.01838751398546606,0.41004156187589313,1.954062926930037,0.3730064388863712,1.033167720985761,1.0826990247335364,6.014662854671861,0.8166326731431413,2.5798134185352852,0.29319123142827097,0.14844668137884387,0.14474455004942716,0.5334876067011738,0.0,0.173321161870555,0.0,0.0,0.0,0.0,0.95,0.521826528275385,0.44785257613939017,0.5122284582023189,0.1914861261152433
B001805,3486.1776266315105,7.513313850498945,12.998056474286182,2.168544983216764,0.0,0.5351748806658609,1.5625345520264962,56.56375078335917,1.9531681900331201,0.1530476068921481,0.12790011702165266,0.5294834283606293,0.0,4.749714508191395,2.595572821318043,0.7400390521549404,0.7400390521549404,0.0,0.0,0.0,0.2599609478450596,0.0,0.0,0.0,0.0,1.0,0.6711964115610979,,,0.18835914010109434
B001806,47141.906564928104,11.773702938293733,15.93132903401642,13.488115068952352,0.0,0.021000000000000005,0.02206519981974548,0.7363936362010249,4.202263656251425,0.0,2.2214300736983734,1.3018630387309391,2.679782491630879,1.3683636779821151,2.53385608434992,0.643080543285694,0.643080543285694,0.0,0.0,0.0,0.35691945671430586,0.0,0.0,0.0,0.0,1.0,0.23694577761454544,0.21401787234380099,,0.188624025984382
B001807,15888.261246111148,7.127977230197913,16.525512409812936,8.947687658597728,0.0,0.4044145904627202,0.014534025450665424,0.378190450066118,2.5280522429827443,0.0,0.5573260389981618,0.9616163146436627,2.197345623754808,0.8836370098185365,2.643566637978203,0.6369834162691943,0.6369834162691943,0.0,0.0,0.0,0.3630165837308058,0.0,0.0,0.0,0.0,1.0,0.20986481452527908,,,0.188624025984382
B001808,52483.16907527193,14.876181710677985,18.7280639568818,20.58738096673405,0.0,0.25991049649831593,0.022869748402577945,0.44548715923578414,4.612212406886174,0.0,0.0,5.138041866477848,4.120394983519693,1.0055324537942685,2.5400254402762,0.4472829362871014,0.4472829362871014,0.0,0.27697933943372793,0.0,0.27573772427917065,0.0,0.5,0.5,0.5,0.5,0.3074614552043079,,,0.40513160691334116
B001809,18636.191860110954,5.598135133707105,14.172516860770317,3.6986155837801284,0.0,0.15182909644503437,0.01393617738765067,0.2198424224453806,2.676748990943182,0.0,1.4825929905646276,0.0,1.0364052668281363,0.40238788537115955,1.943462193160204,1.0,0.5500290369509758,0.4499709630490241,0.0,0.0,0.0,0.0,0.0,0.0,0.0,1.0,0.21802498930612196,,,0.1914861261152433
B001810,11733.833481147338,3.469495411338657,13.573036721872105,2.4586633835889296,0.0,0.2162555139260609,0.006906952716714662,0.07597647988386128,1.5777303160008114,0.4098544101526592,0.9496785501458389,0.059888724263320585,0.0,0.47234341077602765,2.92881262367245,0.47201380529820935,0.35388296448106515,0.11813084081714424,0.0,0.0,0.5279861947017908,0.0,0.0,0.0,0.0,1.0,0.20583672250190574,,,0.1914861261152433
B001811,27358.54043390306,9.90533686962457,14.219628634216688,16.344351339118965,0.0,0.4732986578396569,0.8529087246755541,40.07341981362677,2.436264033051225,0.8956581285645488,3.2023448923954136,0.6774184064297174,1.1833824885812554,1.5102689206024107,1.905221593091785,0.9762103967657928,0.4430245415994764,0.5331858551663162,0.0,0.0,0.02378960323420732,0.0,,0.20408163265306123,,0.98,0.2679964715353013,,,0.19030060538549587
B001812,14098.535238556477,6.713588208836417,19.06950732999485,1.094396357323319,0.0,0.0790609895452485,0.023041709612287593,1.4367485111752973,5.625010484012341,0.4450821815545341,0.11467682523933867,0.0,0.1946872351336474,0.33413148289655814,3.4378785678118176,0.09584971899565957,0.09584971899565957,0.0,0.0662957226016212,0.0,0.8378545584027194,0.0,0.0,0.0,0.0,0.5,0.11444600086875843,,,0.18835914010109434
B001813,5361.628380028073,2.139516512381513,7.915316155060421,2.4346574222148765,0.0,0.31939642666957163,0.011277994548723323,0.04167322511572245,0.2774380666942221,0.8165122922390511,0.596004092252388,0.0,0.0,0.44956206119585224,1.8070320813930678,0.974021415115099,0.974021415115099,0.0,0.0,0.0,0.025978584884901155,0.0,0.0,0.0,0.0,1.0,,0.3751161678668116,,0.1914861261152433
B001814,5627.8599707637095,15.853126678207632,27.53967217749588,8.29085896695282,0.0,0.020999999999999998,0.03496563391537012,2.32871121876365,11.554663561689974,0.0,0.0,1.308290085589561,1.7150252513890645,1.275147779539035,1.726522042788381,0.9953260163274726,0.8871438711771026,0.10818214515037021,0.0,0.0,0.004673983672527287,0.0,0.0,0.0,0.0,1.0,0.1592800992009146,,,0.18835914010109434
B001815,2924.641193101701,0.611977650785039,5.085426537201521,0.4380691974723701,0.0,0.42871245117905993,0.371253686245277,13.40290247274772,0.20351869717304277,0.0,0.033517322679793064,0.0,0.18008670416455086,0.19485492676765226,2.482475313625845,0.6674409646954084,0.6126720975042661,0.05476886719114231,0.0,0.0,0.3325590353045916,0.0,0.0,0.0,1.0,,0.9133187986566513,,,0.18837769891077183
B001816,20306.868097074992,7.932370350419919,18.377979564099004,0.9408510841811972,0.31912965336821436,0.43299999999999994,0.02912745313449323,1.28423625602152,7.1106802407894865,0.3049244594161033,0.0,0.0,0.0,0.5167656502143283,3.5885703980128665,0.06818233206752197,0.02974180975883256,0.03844052230868941,0.0,0.0,0.931817667932478,0.0,0.0,0.0,0.0,0.5,,0.167952951299231,,0.18835914010109434
B001817,23290.93311188773,8.746125839987883,17.3058685585722,14.9846871354958,0.0,0.36724106048925625,0.01700487695364813,0.2887247490775568,2.9431900662705335,0.0,0.0,3.3330550115053854,2.0109165190850185,0.4589642431269456,2.0774213328692084,0.7616984010981331,0.38060909681823896,0.38108930427989396,0.2299208307626871,0.0,0.008380768139180006,0.0,0.5,0.5,0.5,0.5,0.2891571130335053,,,0.40513160691334116
B001818,15958.27290293909,13.254379487490938,17.54446974859474,24.69233122646006,0.19730364227166425,0.365,0.013471733748718344,0.30041966259641906,4.356532979271236,0.6804400838472102,0.6202375436250244,4.590799735822502,2.519129796162195,0.4872393487627699,1.8558886118205276,0.8737230919936008,0.8737230919936008,0.0,0.05133700030917237,0.0,0.07493990769722693,0.0,0.5,0.5,0.5,,,,,0.40513160691334116
B001819,13364.560106963996,6.6325360332327525,12.372975333693185,2.891958689000701,0.0,0.365,0.007046491380194502,0.15713675777833738,4.6533433642793876,0.0,1.5269541877923702,0.0,0.0,0.45223848116099447,3.2687911714741813,0.2984066213943642,0.06818485099742001,0.23022177039694428,0.0,0.0,0.7015933786056358,0.0,0.0,0.0,0.0,1.0,0.1761739734604996,0.17529899533057886,,0.188624025984382
B001820,3090.213208367492,1.9911167579687448,8.089370525354086,1.8254993846637058,0.0,0.4780237443593219,0.5898880827328459,13.154504244942466,0.9642625993641238,0.6285121316400971,0.10773553249669468,0.0,0.04046783296902968,0.2501386614987997,2.638396979305127,0.6827975867557088,0.31303139339200003,0.36976619336370875,0.0,0.0,0.3172024132442913,0.0,0.0,0.0,0.0,0.6,0.9183415016534481,0.33055631561902965,,0.18837769891077183
B001821,1090.613944961735,1.2983499344782559,10.535122946192473,1.918248603213966,0.017789969819167657,0.12199993721042207,0.18153667746765373,6.528778697997022,0.2779326571839269,0.42988797375642573,0.05502897872907082,0.2373145930838586,0.18717418151136347,0.11101155021361027,2.290098918796524,0.7734812396427961,0.2595962313546407,0.5138850082881553,0.0,0.0,0.226518760357204,0.0,0.5,0.5,1.0,0.5,0.616304183353514,,,0.4049048318617571
B001822,8905.623223831939,6.908939661622917,11.76898599900411,11.434161068241167,0.15425732682129892,0.43783669463490776,0.015348071481330036,0.5981475530185352,1.5439276046457717,0.5262473136801614,0.7050759137233988,0.0,3.353532433657015,0.7801563959165709,2.69417838021162,0.7484084752840606,0.5701867382723466,0.1782217370117141,0.0,0.0,0.25159152471593954,0.0,1.0,1.0,1.0,1.0,,0.34489874505145013,,0.608845443987547
B001823,420.9279937418602,0.9566545312315003,4.092494271951418,0.12065541336249486,0.0,0.433,0.3508928202583053,12.663130506372298,0.5395138095430744,0.0,0.05743197676054755,0.0,0.0,0.3597087449278785,3.1134939029992106,0.41487957275059156,0.41487957275059156,0.0,0.0,0.0,0.5851204272494084,0.0,0.5,0.5,1.0,0.5,,,,0.4049048318617571
B001824,2273.894503699954,1.1855550071428331,6.438460013865327,0.8741889746983095,0.19982831148649255,0.4443859891371884,0.49611692601440194,17.977877875899775,0.6178405132456993,0.2722344146973,0.03358288544058362,0.01700262268537944,0.0,0.24489457107387097,2.917588416901818,0.4293359510849028,0.18536832778606024,0.24396762329884267,0.028326720597737415,0.0,0.5423373283173598,0.0,0.0,0.0,0.0,1.0,0.7073387516385894,,,0.18837769891077183
B001825,15896.250439727088,3.9288804843616134,6.79837592245059,2.1376875113861775,0.21061821070274192,0.21743148709418625,1.1823238631424393,42.83042181375352,2.244071493588619,0.0,0.0,0.14937191195605284,0.8369245853952406,0.6985124934217015,2.589916050065985,0.6250325899114051,0.5870136395893967,0.03801895032200849,0.0,0.0,0.37496741008859497,0.0,0.28,0.28,0.28,0.7,0.4074928574886797,,,0.3131956702029707
B001826,3171.802508057338,5.5548205044787,11.473981802494828,7.275856789304166,0.0,0.29489431036791913,1.1153567934327915,40.383646277512184,1.5874052442528954,1.10340448648008,0.0,0.8953356955103582,1.0530109079500156,0.9156641702853525,2.2868543182726286,0.6838751253680175,0.5226933743486151,0.16118175101940257,0.0,0.0,0.31612487463198247,0.0,0.2,0.2,0.2,0.98,,,,0.2785184786737387
B001827,1987574.584987627,511.602209778025,1153.9697842233822,1095.6378667520485,0.0,0.45282932256746256,0.007661486479419564,0.2824629974199737,2.5728872505513465,506.4301051688321,0.0,0.30127883803075967,1.7450124454312392,0.5529260751796022,2.66976964073609,0.9948509177363464,0.0009607688393882856,0.993890148896958,0.0,0.0,0.005149082263653633,0.0,0.5,0.5,0.5,0.5,0.3282647121524475,,,0.40513160691334116
B001828,3039.8390256853804,4.787148071945481,9.298627523210865,5.188474164352606,0.11807413670786596,0.3733204519422818,1.4325423432364148,67.33521913230074,1.8736168986217956,0.4874580905582519,0.9490298637111623,0.5275895945320643,0.41122585247856525,0.5382277720436411,2.618114672875663,0.6086152192362908,0.22264140372465235,0.38597381551163823,0.0,0.0,0.39138478076370925,0.0,0.0,0.0,0.0,0.98,0.2607317963011925,0.32094922928750486,,0.19030060538549587
B001829,2335.2325431253635,5.418172953887154,10.459988206419945,10.403989963798118,0.0,0.453,2.3327995608220937,84.27458013634134,2.1424824885470026,1.048031237813864,0.0,1.5902404754178048,0.12586702263018626,0.511551729478296,1.6576506750790214,0.7519467538266896,0.4352149860050653,0.31673176782162443,0.19342890061528512,0.0,0.054624345558025124,0.0,0.0,0.0,0.0,1.0,,,,0.18835914010109434
B001830,6095.558747337113,3.639139550649023,7.267900887165601,2.193520085579046,0.0,0.12223719889198055,1.4187906656078795,31.447536836615548,1.7585371291335088,1.077393999599601,0.0,0.3408452261791425,0.0,0.462363195736771,2.712801399548374,0.4231102363364338,0.4231102363364338,0.0,0.09366093864643206,0.0,0.48322882501713416,0.0,0.0,0.0,0.0,1.0,0.34985319316307123,,,0.18835914010109434
B001831,15723.652551017209,4.539160667152774,17.138969666588928,6.496668881787794,0.06060429484654815,0.4492019013772673,0.010211218825850731,0.2743360277973756,1.6046168560206595,0.21682918971837756,0.0,1.0127196115474686,1.3242320696953331,0.38076294017093454,2.5818403466185638,0.3836533851298556,0.3358848204946704,0.04776856463518518,0.2231072407011108,0.0,0.3932393741690336,0.0,0.0,0.0,0.0,1.0,,,,0.1914861261152433
B001832,2316.2907330071966,4.070809724089976,11.389896441012239,2.8256540126144065,0.2702090918570611,0.0782272407769592,0.008002512980850768,0.17845603947297214,2.3240735075379257,0.49784522016066235,0.0,0.17368248494206298,0.6768781315689135,0.3983303798804127,1.5770764508497057,0.8725595352807358,0.7062834925653695,0.1662760427153663,0.04266534097977018,0.0,0.08477512373949417,0.0,0.0,0.0,0.0,1.0,0.08539485792549237,0.23545088919232485,,0.1914861261152433
B001833,673536.5865690021,323.81566661971254,1006.0863972841487,611.2872429133912,0.0006821371528519957,0.365,0.008899470622451463,0.0978941768469661,2.032874000052365,319.00704619950193,0.0,0.7171789766685496,1.7538367903762597,0.304730653113369,2.3356101120556905,0.9937221258585991,0.9915073504459233,0.002214775412675758,0.0,0.0,0.006277874141400829,0.0,0.0,0.0,0.0,1.0,,,,0.1914861261152433
B001834,1358038.4061765382,338.91649767320644,503.8974550032395,1178.337296130629,0.0,0.4874779347093226,1.4440109838951725,32.20823705312039,2.046536769821834,0.0,1.4928094010477373,332.938551564546,1.1923314992560203,1.2462684385347538,2.0078441637706717,0.9943639220637585,0.004079604926537385,0.9902843171372209,0.0,0.0,0.005636077936241429,0.0,0.2,0.2,0.2,0.98,,,,0.2785184786737387
B001835,16092.91883874578,4.323728865863992,6.337385749654397,6.205425025440336,0.14432675591480684,0.4562289063454199,2.00687546249455,72.71072823952031,1.2172540408788404,0.9060850878208446,1.4263470877675044,0.0871709856169563,0.0,0.6868716637798457,2.653924095603006,0.5996531001604188,0.04004281092416108,0.5596102892362578,0.0,0.0,0.400346899839581,0.0,0.0,0.0,0.98,0.92,0.18618257556995052,,,0.19030060538549587
B001836,7696.731912442895,9.829798100182497,30.40728726217897,0.3540676922379876,0.0,0.453,0.0359402373757525,2.2437863753425353,9.168659118470957,0.0,0.0,0.0,0.16428740919842627,0.4968515725131125,1.4021939427996442,0.9946202321188077,0.9946202321188077,0.0,0.0,0.0,0.0053797678811922335,0.0,0.0,0.0,0.0,1.0,0.15466146074882056,,,0.18835914010109434
B001837,17275.21203743518,11.365271077259987,31.57865982109767,1.5019575802308742,0.0,0.16160478049202168,0.04837000219986901,2.2443681020739223,9.674000439973803,0.0,0.13603115498864762,0.10142799485395779,0.6556930804439084,0.7981184069996703,3.418836853738557,0.14881040898972792,0.08219333754892968,0.06661707144079822,0.0,0.0,0.851189591010272,0.0,0.0,0.0,0.0,1.0,0.13546100866036226,0.24586056456121322,,0.18835914010109434
B001838,8508.033057421198,12.171721112190555,23.269032951863423,7.489030726982024,0.0,0.31224378683139775,0.03913976925967155,1.6740892212702672,8.690680637498051,0.4216553921162972,0.0,2.060019278254685,0.19998487617909821,0.7993809281424218,3.1070766367005254,0.27998963985911374,0.27998963985911374,0.0,0.0,0.0,0.7200103601408862,0.0,0.0,0.0,0.0,0.5,0.14098051901736106,0.13014327543174417,0.8210992229895582,0.18835914010109434
B001839,12783.610950986253,6.430387802306968,9.837268115868836,9.334901016752006,0.0,0.32695952278779733,5.997928667114971,217.1128582888641,1.0178762220946127,0.9310504740624067,1.5086503057115939,1.0960397267952118,1.1776189688539185,0.699152104789224,1.7120952732063253,0.9687887519040499,0.7341761045656809,0.2346126473383689,0.0,0.0,0.03121124809595009,0.0,0.0,0.0,0.98,0.92,,,,0.19030060538549587
B001840,2671.3003422282154,5.496502761786451,8.229136870363838,3.4110331948807326,0.3623055126178243,0.4490858253677365,0.017196030980421058,0.571710001873459,3.863537523145422,0.0,0.6995394312509224,0.3177628345088212,0.0,0.6156629728812856,1.3768516327180382,1.0,0.8149182653318445,0.18508173466815545,0.0,0.0,0.0,0.0,0.0,0.0,0.0,1.0,0.23920246687658064,0.28936163332156084,,0.188624025984382
B001841,32592.06298371202,6.893414336656519,23.36045163352743,12.262003086822554,0.0,0.30942577642762337,0.015442647733318684,0.3867888113007409,1.3521478291569684,1.7816972853464517,1.11780711273583,1.023753382810274,1.2683566897380187,0.3496520368689748,2.3527797439605167,0.6416935322226998,0.45769810879466233,0.18399542342803724,0.16215579945510641,0.0,0.1961506683221938,0.0,0.0,0.0,0.0,0.95,1.0183762831869019,0.4191086988210535,,0.1914861261152433
B001842,18831.737933441742,13.29924995299558,19.361512410635864,15.31804377317406,0.0,0.34802952184628155,0.01752670630947703,0.31080504445323637,7.499610670835246,0.0,2.0125074163689995,2.7824713824187497,0.0,1.004660483372585,1.7361918243478973,1.0,0.8486751190118287,0.15132488098817135,0.0,0.0,0.0,0.0,0.0,0.0,0.0,1.0,0.2037610499942333,0.2372424685385254,,0.188624025984382
B001843,902.6391540262915,2.949801156948665,12.2086264388386,5.505664209249643,0.18675704173870789,0.3760552530281524,0.6992327637663251,25.32932997793682,0.8719029635084257,0.41235681917760725,0.08292466096685358,0.4702620483586301,0.867400401843576,0.2449542630935722,2.74285765598856,0.6879224645623913,0.09465560477511342,0.5932668597872778,0.0,0.0,0.31207753543760874,0.0,,,,1.0,,,,0.18837769891077183
B001844,4618.607881584164,5.537899138590125,12.040566843086467,6.64703140012133,0.0,0.1898905935906571,1.0080345895812965,36.43824592742744,1.4078708672347389,0.0,2.20064907945802,0.7939451170319385,0.7193288071909608,0.41610526767446643,2.1786430405853774,0.7295511145248325,0.33217134570183504,0.3973797688229974,0.0,0.0,0.2704488854751676,0.0,0.2,0.2,0.2,0.98,0.2281064141329691,,,0.2785184786737387
B001845,595.7603622798131,1.0361049778779359,5.526463692816085,1.2712952888099391,0.0,0.21351210582032712,1.6620923754548957,60.16774399146723,0.21559159273614392,0.23363051878368563,0.021127084753310238,0.06475638011211211,0.30594711100360095,0.1950522904890832,2.0472156133475417,0.7686687178888895,0.685778019842711,0.08289069804617842,0.2254892349443087,0.0,0.005842047166802102,0.0,0.0,0.0,1.0,1.0,1.278314127097594,0.3835181781175089,,0.18837769891077183
B001846,1682.3382428689167,4.992101610886993,9.181881874855714,6.650675928062192,0.0,0.2807852819781704,1.4335380938078046,51.90341132539306,0.898658938857643,2.1358719663865315,0.813958173158501,0.655908613696135,0.0,0.48770391878818165,1.971773608564997,0.8388029651548393,0.24790350647556966,0.5908994586792693,0.0,0.0,0.16119703484516074,0.0,0.0,0.0,0.98,0.98,0.5390732069347827,,,0.19030060538549587
B001847,2825.3135970007647,3.6175590230483543,11.21028956026767,4.229126731705629,0.35172966934955363,0.33635461858926063,0.008030404177703294,0.17907801316278346,1.8343562842469456,0.16631204381025172,0.3201032915457365,0.4792167837524394,0.5387588662010483,0.2788117534919333,2.962576250871086,0.4342339393012296,0.4342339393012296,0.0,0.04597355364505098,0.0,0.5197925070537197,0.0,0.0,0.0,0.0,1.0,,,,0.1914861261152433
B001848,16026.264161207268,4.831553862287389,7.325146423872899,2.89435352757992,0.0,0.2526848135673755,1.2699171942796217,28.41796526434633,2.1910459116527754,0.0,1.0292588835055427,0.6577197087564998,0.0,0.9535293583725709,2.7052100018422878,0.5465131975957164,0.19735459555058016,0.34915860204513605,0.0,0.0,0.4534868024042838,0.0,0.28,0.28,0.28,0.7,0.24126874165765955,0.31802483958394295,,0.3131956702029707
B001849,17447.93336156519,8.803195439740257,18.77163562240748,7.700803052610129,0.2254257479422226,0.17388710406304234,0.008024530118225697,0.19747879664870324,4.514733090374666,0.0,2.043951264402901,1.1365988172594104,0.2322002380832801,0.8757120296199995,2.8656413478208362,0.4523995310828036,0.06472776540333045,0.3876717656794732,0.0,0.0,0.5476004689171964,0.0,0.0,0.0,0.0,1.0,0.18415497134390768,,,0.188624025984382
B001850,11554.859111426418,4.649842700775219,8.595004176148619,6.557899228961186,0.24268431315079944,0.4317730735752533,1.1464733747861684,53.79921868584707,1.9780626736603464,0.0,0.5348996044794728,1.1051786752733488,0.5277997036521457,0.5039020437099047,2.818426582969911,0.33287702273114306,0.21784095830894346,0.11503606442219964,0.237680873610863,0.0,0.42944210365799385,0.0,0.28,0.28,0.28,0.7,,,,0.3131956702029707
B001851,3214.3325092138957,8.663969027530717,11.334833185584879,13.614466926082923,0.0,0.357889359650491,0.037260639800736794,0.4809293702454487,1.9012804180937393,0.0,1.8204768011675951,2.262371229988309,2.0269485525869797,0.6528920256940928,2.0859131260346313,0.7617283405506539,0.7617283405506539,0.0,0.0,0.0,0.2382716594493461,0.0,1.0,1.0,1.0,,0.22000715148805886,,,0.608845443987547
B001852,34039.86571948076,13.112429013667473,29.60685635528286,9.14673091340807,0.0,0.45300000000000007,0.09344441368501205,6.223397951421802,11.02425366055973,1.0674155518440127,0.0,0.0,0.16395636805442584,0.8568034332093036,1.5121276651721969,0.9884689266031191,0.8945601688424522,0.09390875776066686,0.0,0.0,0.011531073396880882,0.0,0.0,0.0,0.0,1.0,0.16618062584074667,,,0.18835914010109434
B001853,24713.154291064737,18.144753517668676,55.936281535753785,8.7102546403109,0.0,0.0736723208009848,0.043393896417619045,1.9370057258466187,13.029616126143697,3.2087364236198144,0.06240483996526455,1.2384816560253697,0.15020573666385362,0.4553087352506734,1.3584264675446807,1.0,1.0,0.0,0.0,0.0,0.0,0.0,,,,1.0,0.115868940372302,,,0.18835914010109434
B001854,3841.506260905735,2.6347779567254697,8.10516542607642,2.7328183099161767,0.0,0.021,0.008359929035543766,0.2415175893330036,1.4663667244799614,0.0,0.0,0.49087144856019094,0.2103871161026647,0.4671526675826526,2.3967507471645253,0.76946868407735,0.5831640099748494,0.18630467410250054,0.0,0.0,0.23053131592264997,0.0,0.0,0.0,0.0,0.5,0.8896406236512239,,,0.18835914010109434
B001855,2391.0300728769776,5.33712069838611,9.611948030049005,4.930933268374486,0.0,0.23773124976899343,1.2156226464700925,27.15116141225933,1.698071872359098,1.1025047043077234,0.0,1.0785545586887,0.8279976884493719,0.6299918745812171,2.767604576590212,0.4300606464155383,0.4300606464155383,0.0,0.20657293822137268,0.0,0.36336641536308906,0.0,0.2,0.2,0.2,0.98,0.2958932654260314,0.41325418396191876,0.18304469885789826,0.2785184786737387
B001856,13892.05615769072,2.9457286169827652,8.926721780289146,1.8457580884396594,0.0,0.433,0.015152516423533886,0.559622200261883,1.5780334623803376,0.0,0.8785808500972777,0.0,0.0,0.48911430450515003,2.6594555204535713,0.4980071013114275,0.4980071013114275,0.0,0.0,0.0,0.5019928986885726,0.0,0.0,0.0,0.0,0.95,0.8717035277841384,,,0.1914861261152433
B001857,14147.828160488867,5.0187400356469904,10.384651916469682,6.241644382376499,0.0,0.4217839620177029,1.099362510810418,39.73706726243254,1.5183558508554096,0.0,1.2356468161008318,0.9394451018648089,0.6245426715200949,0.700749595305844,2.4112873037526756,0.6609159720466989,0.414709392840701,0.24620657920599756,0.0,0.0,0.3390840279533009,0.0,0.2,0.2,0.2,0.98,0.24458619249719277,0.35903619205181064,0.837042549113781,0.2785184786737387
B001858,2619.7128423218,0.9526228517533818,4.498408929079339,0.40975761829098034,0.0,0.16208896581625246,0.6255653891260123,22.64546708636165,0.3440609640193068,0.0,0.03515778827066693,0.0,0.1990299620615639,0.37437413740184433,2.6691940540037637,0.5637284365769926,0.5637284365769926,0.0,0.036906303691913424,0.0,0.39936525973109405,0.0,0.0,0.0,1.0,1.0,0.8327531103396983,,,0.18837769891077183
B001859,16143.987295190556,3.6352144326031426,5.677470242303313,4.924977022001129,0.5706657351034305,0.1311076622444963,0.016421947243569854,0.7432124750402636,1.754839135932698,0.32977916198311596,0.0,0.0,0.6634739412987511,0.8871221933885772,3.0191857234124324,0.4856107074406754,0.21237975457757072,0.2732309528631047,0.0,0.0,0.5143892925593245,0.0,1.0,1.0,1.0,1.0,0.20059982439879784,0.2788465361797436,0.669063372583142,0.608845443987547
B001860,890.760304806449,1.1405381623642112,5.528028016438093,1.826050005837002,0.4432690918493115,0.14075570996016795,0.5615746722940108,20.329003137043195,0.308866069761706,0.2006516766990628,0.054713135977251345,0.22164621544448684,0.13198466118666075,0.22267640329504337,2.649700090371042,0.5532654993283221,0.3109594016096142,0.24230609771870798,0.17592719237305815,0.0,0.2708073082986196,0.0,0.0,0.0,1.0,1.0,,0.26706418345128025,,0.18837769891077183
B001861,5499.44818694777,6.23520202601788,13.558637214993727,7.20134370772838,0.0,0.3661260564108721,0.015511270270248172,0.28656391306584816,2.9418269607082284,0.0,0.12391492586519227,2.3815216440732585,0.17066505122726108,0.6172734441439386,2.572657151015528,0.2954190495746072,0.27554560756773594,0.01987344200687122,0.3819477916089626,0.0,0.32263315881643007,0.0,0.0,0.0,0.0,0.5,,0.19105374247888068,,0.18835914010109434
B001862,13258.473823697783,9.983790529892909,14.518580802283028,11.034135181605283,0.2950113289725699,0.4595671420174005,1.608849990789931,75.55984166786794,2.213682219369495,0.0,0.838095324076118,1.369887939437523,0.5481849238665326,5.013940123143241,2.4870983582705963,0.7871346232122003,0.5968008039191701,0.19033381929303014,0.0,0.0,0.21286537678779976,0.0,0.19999999999999998,0.19999999999999998,0.19999999999999998,0.98,0.20969555258296535,0.5593774285085806,0.7550614880179187,0.2785184786737387
B001863,2374.77348577592,6.670712038696405,9.815463231293386,7.794159964580978,0.0,0.4366338543842219,1.7605558002945716,82.73476371310741,2.294769435748011,0.20687126379308104,1.7154588147831353,1.182444991478742,0.0,1.2711675328934333,2.915676581780054,0.44795534459564895,0.15978069885694915,0.28817464573869983,0.17725918681835592,0.0,0.3747854685859949,0.0,0.0,0.0,0.0,0.98,0.40855156966893047,,,0.19030060538549587
B001864,21618.85003514664,7.989227655264833,16.244170095406417,7.781019021184097,0.0,0.4381301801984643,0.006485791271897404,0.14463314536331212,4.283069707856776,0.4086872172474655,0.0,1.08989256935406,1.7663064311908687,0.44127172961566385,2.8779624893050335,0.4551078660839289,0.23402186035133615,0.22108600573259266,0.0,0.0,0.5448921339160713,0.0,0.0,0.0,0.0,1.0,0.13799134360729673,,,0.188624025984382
B001865,7149.454955140219,5.486918614842839,10.424944303236686,3.6948918951688503,0.0,0.43606390858794924,0.013932557021746098,0.310696021584938,3.182563786693271,0.3754621613653502,1.3844782430069782,0.0,0.0,0.5444144237772397,2.9685538042053947,0.34610147078915193,0.09377801928728681,0.2523234515018652,0.06842860040782736,0.0,0.5854699288030207,0.0,0.0,0.0,0.0,1.0,0.2058409206929705,0.35814703307674556,,0.188624025984382
B001866,21047.346664367295,4.9946242677663255,9.465947462619642,4.8742081071165195,0.0,0.4055133784957881,1.2139081566692462,43.94549689659155,1.6981651384612053,0.22465037473551017,1.3780935720608054,0.0,0.7012241391531547,0.9924910433556499,2.6835792676924806,0.5995039397974142,0.3235885759622263,0.27591536383518805,0.0,0.0,0.4004960602025857,0.0,0.2,0.2,0.2,0.98,0.18132425664960725,0.4124994550234404,0.5512553937768814,0.2785184786737387
B001867,25322.25172384186,14.436859591700033,43.565664516236,3.7931376460357766,0.25518879369530456,0.4259662252320991,0.0401097393531282,2.6713086409183373,12.745111975411817,0.324485296165141,0.07883937027510418,0.7475587806599767,0.18036870001080468,0.3604954691771911,1.3960899459573053,0.9968670665386494,0.9743908975280641,0.022476169010585408,0.0,0.0,0.0031329334613505,0.0,0.0,0.0,0.0,1.0,0.10463613033288532,,,0.18835914010109434
B001868,982.414235497825,0.8842612380718496,3.8718930553045694,0.3412327214699431,0.5968324525348809,0.3346910185553911,0.3353689749402889,11.808699242179866,0.5633816962574032,0.0,0.05551809028681347,0.02895268445165065,0.0,0.23640876707598252,2.482716627338833,0.7787132404331268,0.6831862953386496,0.09552694509447733,0.0,0.0,0.22128675956687333,0.0,0.5,0.5,0.5,0.5,0.6686108560443015,,,0.4049048318617571
B001869,39997.623525960706,9.345239141579604,17.83320717631811,13.80593073600484,0.0,0.13818588084684807,1.4354607475174532,31.96523653749038,1.8476551746696217,0.9851972591954032,2.743343636243594,2.262391478066299,1.0332802801814451,0.47337131322324094,2.4565378738472647,0.692543277180107,0.15689779625945666,0.5356454809206503,0.11056755900275358,0.0,0.19688916381713933,0.0,0.0,0.0,0.0,0.98,0.5132707379290805,,,0.19030060538549587
B001870,1794.1731054216814,2.370109782591389,9.88689640480064,3.7253431598392894,0.0,0.39746647009122793,0.4563039867183564,10.099962468290244,0.6212748643566619,0.72993022124763,0.04419646589661109,0.3304559840086254,0.2765436368355096,0.36770861024635076,2.139005368745376,0.7378708493083459,0.4817647291182233,0.25610612019012235,0.0,0.0,0.26212915069165416,0.0,0.3,0.3,0.3,1.0,0.874298406326779,0.24352709736093045,,0.31989570700826886
B001871,16966.927976266004,11.79077691192912,17.04949941618955,10.216551091335445,0.11286488116589456,0.46078200985440226,0.00885012754215566,0.1973578441900712,7.272579350437696,0.13900549442646468,0.0,1.3035837081209334,1.788047698545323,1.2875606603987042,1.7069730422574352,0.9673644912625345,0.8568048803176397,0.11055961094489494,0.0,0.0,0.032635508737465485,0.0,0.0,0.0,0.0,1.0,,,,0.188624025984382
B001872,2585.4330712562264,6.383785361126485,24.229165031074583,7.4905712921087755,0.0,0.19780521540483773,0.009278429055328035,0.2498475013389317,1.490701286479903,0.19326539280859212,1.1453067179309044,0.6642504012516002,2.6305198260372027,0.2597417366182828,2.116286239347591,0.7362118893371844,0.6800695978332815,0.05614229150390298,0.03027441899683301,0.0,0.23351369166598251,0.0,0.0,0.0,0.0,1.0,0.11518327238098844,0.203809109217494,0.2122840016448172,0.1914861261152433
B001873,2241.587580318727,4.158789573875189,10.840037450804743,6.919095580792046,0.01268986720750255,0.34456626611715274,1.0630945517917691,38.42935212115464,1.3265833914403382,1.0370943627931044,0.10041100101227551,1.2704152350274975,0.0,0.4242855836019739,2.3669057738136847,0.5564128362102405,0.5564128362102405,0.0,0.1194583468893625,0.0,0.3241288169003972,0.0,0.0,0.0,0.0,1.0,,,,0.18835914010109434
B001874,13288.53292743899,4.057567306088241,12.13328646254022,5.2562263492561,0.0,0.43299999999999994,0.018858754275947142,0.37685140054360466,1.6196973296291768,0.0,0.0,0.4825194305483291,1.4857198529101077,0.46963069300062726,2.9661662882188256,0.1233755116547827,0.1233755116547827,0.0,0.48507865304049574,0.0,0.3915458353047214,0.0,0.0,0.0,0.0,0.95,0.8160359151615102,,,0.1914861261152433
B001875,1707.8054037282689,4.185797558157522,8.701566147729887,4.406550040942325,0.0,0.4574981616355029,1.3112230848738042,47.42118772805119,1.7131286653952524,0.7759346835792013,0.8487101240148706,0.0,0.1931132026141134,0.6549108825540847,2.4452561091942626,0.5903569044470075,0.5903569044470075,0.0,0.0,0.0,0.40964309555299283,0.0,0.0,0.0,0.0,0.98,0.2913289308474941,,,0.19030060538549587
B001876,4267.484583471705,1.8514032900094166,8.878231007657172,2.069739991000149,0.0,0.35077720824655173,0.3107815779874948,11.28528649859733,0.4866105633063326,0.09759711162071519,0.0,0.250386737253365,0.6501391370207569,0.36666974080824727,2.02483391946469,0.9094731838304928,0.505597781493021,0.40387540233747177,0.0,0.0,0.09052681616950743,0.0,0.5,0.5,1.0,0.5,0.9508982273604051,,,0.4049048318617571
B001877,4885.426213596241,9.359054049034944,18.435777920977966,10.929383838626457,0.0,0.458486552618186,0.012454890799816704,0.2777440648359125,2.9800078092744258,0.0,0.11001461087248011,2.185615150023805,0.11802649134673403,3.965389987517503,2.1722382939997473,0.8807454834533822,0.8807454834533822,0.0,0.012610942380325743,0.0,0.10664357416629201,0.0,0.0,0.0,0.0,0.5,0.44573208103927286,,,0.18835914010109434
B001878,8327.048019519736,5.12749262285698,7.682933551670179,7.481807021990911,0.20969978599511702,0.5201988987524403,1.4735502131880434,69.1402556246341,2.057179541052737,0.23572194571105426,0.5778440425722254,1.0570606344048823,0.0,1.19968645911608,2.6910499589622643,0.5799119592979429,0.2150890799144773,0.36482287938346564,0.0,0.0,0.42008804070205685,0.0,0.2,0.2,0.2,0.98,0.33281169326773086,,,0.2785184786737387
B001879,1771.9681789625981,3.5510384347947856,11.265410877928444,4.228794904667373,0.09988541239796708,0.4014538282268532,0.015824946042983828,0.4039004656207165,1.3690880400214913,1.3645685411251198,0.0,0.04111234633646505,0.5050678149854572,0.27120169232625196,3.102775812175462,0.1731654609696813,0.01935688599899505,0.15380857497068626,0.3842730981885241,0.0,0.44256144084179433,0.0,0.0,0.0,0.0,1.0,0.9947874717236035,,,0.1914861261152433
B001880,3161.1601353020333,2.261201813520768,6.602222259832255,4.971681894057799,0.0,0.46989453857863817,0.02323789047096921,0.532496612924839,0.33553650662965423,0.36098698643100624,0.0,0.9183098184832631,0.0,0.6463685019768445,2.007432789337436,1.0,0.8403561396985891,0.15964386030141084,0.0,0.0,0.0,0.0,0.0,0.0,0.0,1.0,,,,0.1914861261152433
B001881,10149.308099243213,7.873784405929568,11.733955746417458,14.736345516470653,0.028448691177429125,0.27843119350269285,0.011615391225964099,0.5243852614013871,1.0061423951799464,0.6693392273134176,1.12678640769063,1.8802481799964537,2.376249312498677,0.8150188832504424,1.5748424377319923,1.0,1.0,0.0,0.0,0.0,0.0,0.0,1.0,1.0,1.0,1.0,0.3274223807380889,,,0.608845443987547
B001882,1370.8475578179339,1.2752070305283105,7.0823362001583545,1.0790560903752813,0.0,0.27817145216597694,0.3234213658947131,11.681151488313585,0.39612455716489053,0.32060959403798034,0.08149834384170371,0.0,0.20073419621404173,0.2762403392696944,2.109618216886191,0.8140215705547326,0.8140215705547326,0.0,0.0,0.0,0.1859784294452675,0.0,0.5,0.5,1.0,0.5,,,,0.4049048318617571
B001883,1873.3569947736096,5.022404811725495,15.387594560394708,5.492772620240295,0.0,0.24592959635575937,0.01479757639856129,0.33954725478147507,1.4184672482307552,0.0,1.1809152813383068,0.37767037340508014,1.7071339336870568,0.3382179750642966,2.2539079214572193,0.7082603684600031,0.7082603684600031,0.0,0.0,0.0,0.29173963153999705,0.0,0.0,0.0,0.0,1.0,,,,0.1914861261152433
B001884,4544.1366602199005,1.4597290909797302,4.283944014822675,1.7427072080963848,0.0,0.809,0.010176727785478196,0.22694102961616378,0.4070691114191278,0.22306652263633725,0.0,0.0,0.0,0.8295934569242651,2.8017961308735173,0.572246079505444,0.41943243482660775,0.15281364467883632,0.0,0.0,0.427753920494556,0.0,0.0,0.0,0.0,1.0,1.2502331592583114,,,0.1914861261152433
B001885,7046.273366072521,2.277399277980776,9.40887233945137,4.158402000148641,0.0,0.29523310632709837,0.3451430808207883,12.421556816204399,0.5288795748494571,0.35253382577782055,0.08320295208695637,0.8486593410020615,0.1757542917316074,0.28836929253287286,2.6285654071989275,0.5408905633977061,0.5408905633977061,0.0,0.15479667056467572,0.0,0.3043127660376181,0.0,0.5,0.5,1.0,0.5,1.0053535789982768,,,0.4049048318617571
B001886,15609.922777299056,3.250712781611632,9.9945857870151,1.6403651205151042,0.0,0.4046801002278743,0.01127971093321264,0.2552176159057677,2.0350651944508154,0.34320103988692846,0.0,0.4755736692778841,0.0,0.39687287799600385,3.0390102900552334,0.3610185769451091,0.2554414118912415,0.10557716505386765,0.0,0.0,0.6389814230548909,0.0,0.0,0.0,0.0,0.92,0.3551110571220152,,,0.18835914010109434
B001887,4149.188555830267,1.928061596575403,11.151885197964743,1.7895864743730692,0.0,0.2648511416905444,0.48750399807510675,10.837667547959805,0.6067510462263729,0.884662453685804,0.09003590684201705,0.0,0.158595485006955,0.18801670481425442,2.630848558450546,0.6801480279775141,0.6801480279775141,0.0,0.0,0.0,0.31985197202248616,0.0,0.0,0.0,0.0,1.0,0.49714341987173793,0.3449293993542795,,0.18837769891077183
B001888,16201.098416586738,5.611741744574554,9.320115201287589,7.095968845856469,0.0,0.4157471862903154,1.3003941129851566,29.01224911469187,1.8191524101713952,0.8504716338554852,0.7223957504254916,0.44952433629135674,0.9241721998398582,0.8460254139909682,2.485773960722484,0.5319182589042633,0.5319182589042633,0.0,0.12872932920049387,0.0,0.33935241189524307,0.0,0.2,0.2,0.2,0.98,,0.2653913016923858,,0.2785184786737387
B001889,10855.843242335246,11.83843319774836,33.31640891665888,3.172076480102022,0.0,0.3531548808461578,0.05148141049181632,3.352205972865422,9.763487910979675,1.2740439310291871,0.06758595774065948,0.24251133524227628,0.14135889721865172,0.3494451655379102,3.4374311919141745,0.16894143702093686,0.035128017833554646,0.1338134191873822,0.0,0.0,0.8310585629790632,0.0,0.0,0.0,0.0,1.0,,,,0.18835914010109434
B001890,25467.021872730755,16.03716742615287,30.336252738011385,10.737751132897678,0.0,0.4507813005696545,0.1327231199935616,8.653788516070835,11.200603287779261,1.2788984963028944,0.0,1.1442087955116684,1.554306928926471,0.8591499176325742,1.8751095028911535,0.964440020807801,0.787775068079985,0.17666495272781588,0.0,0.0,0.035559979192199005,0.0,0.0,0.0,0.0,1.0,0.1787796020824463,,,0.18835914010109434
B001891,5293.615775335065,2.273889937858705,8.95392863906341,3.922330601542875,0.0,0.4089030679144559,0.007988166851545239,0.20467281827399023,0.23693878439672963,0.21131468145797103,0.7077991282623946,0.6258594299697794,0.0,0.49197791377183,1.8501387693276088,1.0,0.3205593577915085,0.6794406422084913,0.0,0.0,0.0,0.0,0.0,0.0,0.0,1.0,0.5991004194305078,,,0.1914861261152433
B001892,4847.148611428374,3.831738032749703,16.541855273679673,6.657951957306839,0.12816856274273056,0.30028836791914587,0.4755829520841534,10.66585746278466,0.6770849214365011,0.3549764102591757,0.08046909278295736,1.6149535372968373,0.801034627792103,0.30321944318212823,2.1894942234935164,0.8248416502523412,0.6157890947421019,0.20905255551023944,0.0,0.0,0.1751583497476585,0.0,0.3,0.3,0.3,1.0,,,,0.31989570700826886
B001893,22020.684764712118,4.837584526518479,17.342710341268774,8.57158263751046,0.1313849471510012,0.4349134876879371,0.011936266567477179,0.2661787444547411,1.1936266567477178,0.0,0.41251688363446315,1.346150337892495,1.604519155639031,0.28077149260477213,2.175822349648875,0.7521852086025431,0.7521852086025431,0.0,0.0,0.0,0.2478147913974569,0.0,,,,1.0,0.7676707069075329,,,0.1914861261152433
B001894,1353.1253922787273,0.9236350800537387,6.8503334742987025,1.384175815366272,0.0,0.3404647941357349,0.32243994245816376,15.153517378740224,0.3150042943096383,0.0,0.0,0.25607875761381654,0.18980350506154195,0.16274852306874188,2.017921341925167,0.7257329242823503,0.44848191558428585,0.27725100869806446,0.20549620641357497,0.0,0.0687708693040747,0.0,,0.0,,1.0,,0.3493204300968922,,0.18837769891077183
B001895,3053.331618940799,9.14171143395449,18.87540593487874,15.21276691626916,0.0,0.42325741457570787,0.022204700484338858,0.3939426176003897,3.7704866039948466,0.4757503855280854,0.15368357206105202,2.529202486718367,1.7862188139830006,0.42636957166913536,1.7911284347495153,0.9496956000172899,0.7374921849282078,0.2122034150890821,0.04576448874918107,0.0,0.004539911233528978,0.0,0.0,0.0,0.0,0.5,0.6771255573248798,0.1620662069122712,,0.18835914010109434
B001896,1028.952193413611,2.898456882855242,8.33636163300305,3.0746539759039933,0.008145614800986321,0.3922995820888966,0.9743557690503767,35.274852987893084,1.2156107787619126,0.5160259385343737,0.05663427503719693,0.7665554938293262,0.0,0.34363039669243306,2.5258688379553424,0.5552048404397759,0.457602129273118,0.09760271116665777,0.0,0.0,0.44479515956022425,0.0,0.0,0.0,0.0,1.0,0.9084370842867231,,,0.18835914010109434
B001897,2300.3588184475475,5.169345659432691,8.075963364609025,6.835468475561029,0.0,0.4615786069134956,1.3993288315655603,50.64239476849354,1.9545057604135492,0.5990093430299922,0.0,0.816046847294046,0.6728450121706505,1.1269386965244523,2.7397686214997594,0.5960510387850562,0.48017383062487856,0.11587720816017753,0.0,0.0,0.40394896121494367,0.0,0.2,0.2,0.2,0.98,0.5202725081556019,,,0.2785184786737387
B001898,1131.8713215638384,1.7657898932353173,14.226697164693194,2.5866289086263454,0.0,0.30974324090160904,0.34373750303724204,12.445955698390204,0.4277174020009322,0.3765789424574726,0.0353308416609228,0.5428442220743683,0.16211119262514798,0.22120729241647297,2.427417915498728,0.737767077818387,0.737767077818387,0.0,0.020008519584506675,0.0,0.24222440259710595,0.0,0.0,0.0,0.0,1.0,0.601422294666875,,,0.18837769891077183
B001899,2576.3479623846197,0.9591764565839984,5.691794857272504,0.9836131646985514,0.0,0.42281894312482,0.4592800267490499,16.625936968315607,0.25260401471197746,0.29986777003079323,0.0,0.0,0.1781189092016566,0.22858576263957128,2.6225735261164873,0.7366448967986572,0.42401444390082504,0.31263045289783215,0.0,0.0,0.2633551032013431,0.0,0.0,0.0,1.0,1.0,0.8716270134902981,0.3252193101116029,,0.18837769891077183
B001900,28372.20440586393,5.984434593095113,9.002597012927952,6.624410480396515,0.0,0.44658631255227565,1.9392804440304499,70.19645197225528,2.536377809882714,0.0,1.117549400480392,0.9661401258821178,0.6503411416326,0.7140261152172884,2.8644078136697195,0.35545983930899744,0.35545983930899744,0.0,0.18674268773357958,0.0,0.4577974729574229,0.0,0.0,0.0,0.0,0.98,0.3200317091718074,,,0.19030060538549587
B001901,2612.0648341998944,5.141859909842312,16.173599463471245,6.879866717340808,0.0,0.3296936768144542,0.014967660567228999,0.33377883064920666,1.4967660567228998,1.4946703656125155,0.7156767092906113,1.110119765651378,0.0,0.32462701256490745,2.601074498223799,0.3405475606533582,0.049860845764162956,0.2906867148891953,0.35508483446760847,0.0,0.3043676048790334,0.0,0.0,0.0,0.0,1.0,,0.5777704777527145,,0.1914861261152433
B001902,1550.8912402258973,3.9664737601685354,15.007421988133412,2.943785429374105,0.0,0.06502181636695208,0.007000527398709836,0.0770058013858082,1.599105243360115,0.14972138844542043,1.8299543093527537,0.0,0.0,0.387692819010246,2.575885779804725,0.5590978946167973,0.09774243886433097,0.46135545575246645,0.037746723537901025,0.0,0.4031553818453016,0.0,0.0,0.0,0.0,1.0,0.14383500079132414,,,0.1914861261152433
B001903,6314.527068265201,8.673800917946705,18.850908596939686,4.63668302786721,0.0,0.5920402861861782,0.025242924267708154,1.457932957230622,7.092912173003168,0.0,0.0,0.9841448677169294,0.0355375970711842,0.5612062801554221,2.1637525397266484,0.7688771666772252,0.7688771666772252,0.0,0.0,0.0,0.23112283332277475,0.0,0.0,0.0,0.0,0.5,0.09598006117925509,0.22535419765740186,0.3855998108951797,0.18835914010109434
B001904,15907.076996975695,5.9024404441468254,17.828073371098885,8.941674713139909,0.07402026556768616,0.27815442149364145,0.006312576766304901,0.22851527894023743,1.936259194210793,0.32829289669155814,1.178847515049502,0.6801328966101049,1.457358746944685,0.3215491946401826,1.765604880598451,1.0,0.8291510430568305,0.17084895694316946,0.0,0.0,0.0,0.0,0.0,0.0,0.0,1.0,0.13951781668995333,,,0.1914861261152433
B001905,14840.244771529064,4.302767402588885,16.656917791080748,6.660317993280341,0.0,0.42404526500974676,0.007927211937881283,0.2214144589239388,1.4238211758526862,0.0,0.7884587162236085,0.42853128099892157,1.4129555458177798,0.249000683695889,1.6103396924357887,0.865455424544477,0.6822108652989064,0.18324455924557054,0.09959434031713713,0.0,0.03495023513838597,0.0,0.0,0.0,0.0,1.0,0.09710915220316492,,,0.1914861261152433
B001906,6370.772479936173,10.308693333230053,16.525305673423475,16.670518807346962,0.0,0.24616515557282434,0.7585599000948785,16.825304292365153,2.622102524638923,0.0,0.6535333778164221,3.5571133740125256,2.8579994113866913,0.6179446453754923,2.1342608573398403,0.9181658687680038,0.2958646150562348,0.6223012537117689,0.06339633517952838,0.0,0.018437796052467915,0.0,0.0,0.2,0.0,0.98,,,,0.19030060538549587
B001907,25207.88512757601,10.745049073988069,18.756875803813603,7.2491832657504895,0.0,0.06708972342996096,0.008007539081431673,0.1785681215159263,5.287997506605821,0.0,0.0,0.5128243771991098,4.3694357830180595,0.5747914071650804,2.5415950961494707,0.5030239294708134,0.5030239294708134,0.0,0.0,0.0,0.4969760705291868,0.0,0.0,0.0,0.0,1.0,0.2666072129845873,,,0.188624025984382
B001908,17375.129279510602,10.348498677492914,23.36765333629423,14.07142790355498,0.05627199917136885,0.18110706499541934,0.011804559579483603,0.3063958071736921,2.5495262246288686,0.5366779859503303,2.97468259670163,1.6378620537687048,1.9824984456392185,0.6672513708041631,2.4282299423402485,0.741848197588711,0.052693054962007435,0.6891551426267037,0.0,0.0,0.258151802411289,0.0,0.5,0.5,0.5,0.5,0.3678471736913659,,,0.40513160691334116
B001909,4479.942861336898,3.905791509448037,8.44537882272919,5.0678212961407825,0.0,0.3343839093237121,1.2545785599542498,45.36767909424716,0.761925019130968,0.4921092515035093,1.1147215225596858,0.24672860571861316,0.8363389618055471,0.45396814872971314,2.188923183273464,0.6789295415280123,0.3935273330734148,0.2854022084545975,0.12599475684073413,0.0,0.19507570163125337,0.0,0.0,0.0,0.9800000000000001,0.98,0.41169955656516305,,,0.19030060538549587
B001910,10506.594585134198,18.27233840892904,33.51559658679801,2.1359604159965735,0.0,0.3781190559576742,0.0339361620170654,1.5746379175918346,16.046846147733408,0.8051972486146616,0.1544591457065117,0.0,0.14775122589168208,1.1180846409827767,1.7516488374096648,0.9559335411486692,0.9559335411486692,0.0,0.04406645885133073,0.0,0.0,0.0,0.0,0.0,0.0,1.0,0.19363011481458164,,,0.18835914010109434
B001911,25509.410466246187,6.301731834546983,11.256034695866859,11.510000876213981,0.2717252705808581,0.40806158810954635,1.1894282731407522,26.509118518312555,1.80581646583554,0.6861058483472828,0.7547885468456862,1.0961338886551664,0.8344733635758049,1.1244137212875025,2.5819766656616703,0.6279710480671659,0.2588321267844951,0.3691389212826708,0.13241968802942458,0.0,0.23960926390340945,0.0,0.28,0.28,0.28,0.7,,,,0.3131956702029707
B001912,3575.2186664405212,1.8946574808905783,11.592252469551854,3.1979892131038046,0.0,0.3330057836991931,0.2382958148693558,8.645838307044121,0.36639074798879223,0.6518984027572794,0.0,0.3880722845177933,0.20765534941530786,0.2806406962114052,2.619545649753835,0.2504663178663169,0.2504663178663169,0.0,0.5488964088570972,0.0,0.2006372732765857,0.0,0.5,0.5,1.0,0.5,,0.4753526408509571,,0.4049048318617571
B001913,4826.155412296681,8.466939319818739,11.034554441944497,11.881383142541436,0.0,0.4333935633513559,0.01890392909701486,0.4707654340336307,1.944392835891362,0.7284769672500979,0.7574074147873302,0.9314795948743692,2.921272410086464,1.183910096929115,2.528664312847877,0.7703546981445726,0.4253336344824553,0.3450210636621172,0.0,0.0,0.2296453018554275,0.0,1.0,1.0,1.0,1.0,0.2503841154049593,0.23689620936309694,0.31138241666769356,0.608845443987547
B001914,3595.028659284344,3.310339465271035,6.053895883665062,3.942254058550066,0.09949183906949749,0.4470572985495544,1.4648378368993666,52.962360145761046,0.9635083756274038,0.0,1.2856846604141534,0.0,0.37088008347071527,0.6902663457587621,1.7974022224682993,0.9152971820526535,0.5269126450882888,0.38838453696436465,0.0,0.0,0.08470281794734631,0.0,0.0,0.0,0.9800000000000001,0.98,,0.3115127890182343,,0.19030060538549587
B001915,2508.5611250458,1.159224179780869,5.014267129345406,1.979378923684171,0.0,0.433,0.6521636159872302,23.600017757895444,0.3582784728052956,0.0,0.0,0.46736459407618114,0.0,0.33358111289939185,2.510411559468241,0.690932540008765,0.690932540008765,0.0,0.0,0.0,0.3090674599912348,0.0,0.0,0.0,1.0,1.0,0.8522558017060882,,,0.18837769891077183
B001916,15592.117492586629,7.639450020865571,18.366188467411078,1.353099753266437,0.0,0.389968162390896,0.024114806707172476,0.9918703561480067,6.5921052776970015,0.33434267101898457,0.11776795771015479,0.0,0.2364909005944635,0.35874321384496677,2.2113958950174637,0.7324056392081951,0.7324056392081951,0.0,0.0,0.0,0.2675943607918048,0.0,,0.0,,0.5,0.15729385800261658,,,0.18835914010109434
B001917,2811.952067113599,1.847537494818396,8.730303287479714,3.247107706506054,0.0,0.4395888771249011,0.2984647152516309,10.787771468520111,0.45636645018713895,0.5308427438881272,0.04866789136455031,0.31990200218633286,0.20555999108459608,0.28619841610765095,2.0068890632200773,0.7529866368249283,0.7529866368249283,0.0,0.0,0.0,0.2470133631750719,0.0,0.5,0.5,1.0,0.5,0.821295252406563,,,0.4049048318617571
B001918,18818.572279810804,10.915645173904178,17.09995985331345,12.84068253744029,0.0,0.2506862318479622,1.3937488385796246,65.51102362604321,4.239855655888862,2.318744739233467,1.4642714055976738,1.3262837820761757,0.5490621758136686,1.017427415294328,1.9376588124619925,0.8202514477897236,0.6861071638496155,0.1341442839401082,0.12150301342213803,0.0,0.058245538788137916,0.0,0.28,0.28,0.28,0.7,,0.4668989841933489,,0.3131956702029707
B001919,7770.924967690938,5.092349257988819,12.968599576868932,7.288947293775587,0.0,0.4426871993826008,0.019509803949613914,0.4174647537049167,1.7887034375320792,1.7999710422865844,0.0,1.1194441610938577,0.0,0.38423061707629796,2.22837641471026,0.6487469050309183,0.6487469050309183,0.0,0.0,0.0,0.35125309496908164,0.0,0.0,0.0,0.0,0.95,,0.38588078518932206,0.6970847665676898,0.1914861261152433
B001920,7075.288908069431,2.611771468464168,5.583672338096107,1.4985485796107936,0.0,0.365,0.9316916833114706,33.62406851199441,1.250185235704365,0.0,0.5942213886828618,0.1970122613516372,0.0,0.5703525827253038,2.0571023786796365,0.7362657559650002,0.5087491466989188,0.22751660926608142,0.07543242727415532,0.0,0.18830181676084456,0.0,0.28,0.28,0.28,0.7,0.4238918917499963,0.43860848579509915,,0.3131956702029707
B001921,4319622.359622055,1903.7559980705398,2449.6140237572317,3997.852639459973,0.0004715692609244977,0.4326658787926005,0.03080509773705905,0.46820727713191046,5.223789891035745,0.7228976721026805,1892.1596297406657,4.61786138034359,0.0,1.0318193863912624,1.6731388618151823,0.9953798942038701,0.0014712044041405292,0.993908689799729,0.0028053800265680786,0.0,0.0018147257695619195,0.0,0.5,0.5,0.5,1.0,,,,0.40513160691334116
B001922,960.2427105901758,1.619296307909234,9.681617206268534,1.8589877298439674,0.04189560921468907,0.5412678521179518,0.2864010118219934,13.388638356451322,0.6555785934925995,0.07205279480106092,0.03826267741786278,0.04202948500398986,0.5025526317714027,0.3088201254223181,2.5869070156459935,0.699471543844467,0.2950380959352995,0.40443344790916747,0.0,0.0,0.3005284561555331,0.0,0.0,0.0,0.0,0.6,0.6657771677302221,,,0.18837769891077183
B001923,20527.34825914637,5.0336802989569325,12.860160174676858,7.004665529471366,0.0,0.453,0.012653015986651197,0.1298506859910228,2.3728588045547485,0.0,0.0,0.7412344312119247,1.547190077598198,0.3723969855920612,2.5072393382056735,0.5286035934688887,0.3813486254953521,0.1472549679735365,0.0,0.0,0.4713964065311115,0.0,0.0,0.0,0.0,1.0,,0.2703300086120566,0.9317033173356934,0.1914861261152433
B001924,11454.12541087498,6.456665958779583,11.263153382587923,1.2488635251201627,0.0,0.453,0.010478993036030042,0.19556509301413813,5.337987812324889,0.0,0.0,0.5794726756557556,0.0,0.539205470798938,3.4356541175488977,0.17325941183832627,0.08351143984237598,0.0897479719959503,0.0,0.0,0.8267405881616737,0.0,0.0,0.0,0.0,1.0,0.141822606475781,,,0.188624025984382
B001925,6038.9773135030555,8.541693512734167,18.310773675721403,13.084851157917901,0.03378124292080427,0.11289378280811672,0.9781107685395678,45.84539684485986,1.6820158907643767,0.6716474079472031,2.816945254702181,2.2498577126941632,0.6451006515754792,0.47612659505076427,2.37573726517495,0.7101905060253123,0.11700568151216052,0.5931848245131519,0.07863164452645072,0.0,0.2111778494482371,0.0,0.28,0.28,0.28,0.7,0.41444764670171336,,,0.3131956702029707
B001926,2525.7979054025873,2.101329372215131,10.376171205130703,3.8413812340255578,0.22155236109991575,0.307911086637241,0.27458083698662933,9.909159642397457,0.4221806341923177,0.4120527281404145,0.0,0.8761823065191277,0.20100793466859837,0.18990576869467218,1.888700473381115,0.7990887864726921,0.7990887864726921,0.0,0.0,0.0,0.20091121352730776,0.0,0.5,0.5,1.0,0.5,0.7145825936548316,0.28246916209514666,,0.4049048318617571
B001927,21946.879153242207,5.329499551540119,14.74418477424339,6.335340417769141,0.0,0.5318178184690668,0.031152529506306093,1.8436774233671331,2.986070582897116,0.5459598967625426,0.02749414408701561,0.8836918079233954,0.2498042009140451,0.6364789189560042,1.5795542465422852,1.0,0.8975588811889906,0.10244111881100941,0.0,0.0,0.0,0.0,0.0,0.0,0.0,0.5,0.19380598179095126,,,0.18835914010109434
B001928,5137.759476466892,10.978118539459171,20.302466219876568,14.594532017692412,0.0,0.2556851193287303,0.01570982714159912,0.24691312648389452,3.106465231313275,0.0,0.0,3.0354913200363693,4.139020014186411,0.6971419739231154,2.0750304892054716,0.7142230498545635,0.7142230498545635,0.0,0.0,0.0,0.2857769501454364,0.0,0.5,0.5,0.5,0.5,0.37316337566004143,,,0.40513160691334116
B001929,1801.3503571400897,2.3827385676456214,5.005348199987384,3.5717240152186704,0.22061557830503498,0.021,1.3547359178642575,49.03759798443796,0.8237325107601486,0.0,0.0,1.1089799069976607,0.0,0.4500261498878117,2.5945707737084325,0.6361555969630182,0.6361555969630182,0.0,0.0,0.0,0.3638444030369819,0.0,0.0,0.0,0.98,0.98,0.5011622042698414,0.3522306535259851,,0.19030060538549587
B001930,1516.593946829252,2.8507405015587444,7.806076656214601,6.198520274216498,0.0,0.021,0.012443055448696986,0.3223111006609663,0.32948282550281616,0.0,0.0,1.0133046062631947,1.1731478692179291,0.33480520057480456,1.9620963453468105,1.0,0.5884760929391964,0.4115239070608035,0.0,0.0,0.0,0.0,0.0,0.0,0.0,1.0,,,,0.1914861261152433
B001931,2022.0635110503968,4.256975812737678,15.013526713331053,4.285102916708741,0.0,0.4380710016733581,0.009661861728349654,0.3655769405053842,1.9399557848507498,0.5041305262184875,0.0,0.0,1.5225406036981883,0.2903488979702516,2.1686496131947886,0.838600182111879,0.838600182111879,0.0,0.11842456908259463,0.0,0.04297524880552638,0.0,0.0,0.0,0.0,0.95,0.9721122973386002,0.4127649149040663,0.45704158050814264,0.1914861261152433
B001932,3028.7430292466274,5.047905048744379,13.627921665075835,10.403491605403445,0.04259291155325786,0.3807843989078946,0.0107499227826455,0.2397232780529947,0.42999691130582,0.8045283371647332,0.8365206653149535,1.6728453482475996,0.8132035725814084,0.4908102141298651,2.1159062110163704,0.7554381002515826,0.7554381002515826,0.0,0.15937865894780495,0.0,0.0851832408006125,0.0,0.0,0.0,0.0,1.0,1.0429729060258053,,,0.1914861261152433
B001933,1582.6713087065941,0.9454428367422903,5.78516683921115,0.8799477813944536,0.29939213590296576,0.2641126464156695,0.2358878279526939,8.541064974766014,0.36179599034316123,0.2997728585732842,0.0,0.08962428168468133,0.0,0.19424970614116352,2.9440337340338942,0.541974699474578,0.1301072389312097,0.41186746054336837,0.0,0.0,0.4580253005254219,0.0,0.5,0.5,1.0,0.5,0.47315829545571875,,,0.4049048318617571
B001934,3075.3151815027672,8.471942648767953,14.403908113205057,10.142820171704454,0.0,0.09208880678856253,0.011090001190222343,0.2473070265419583,4.2936877510013085,1.8885801856693614,0.0,1.5404020361519803,0.0,0.7492726759453029,2.5918757756923663,0.6714872361182036,0.26674155216105283,0.4047456839571509,0.0,0.0,0.32851276388179634,0.0,0.5,0.5,0.5,0.5,0.22447117550286771,0.3329992416484332,,0.40513160691334116
B001935,9563.352467384584,5.228732896328367,18.094414391663026,8.482451205665662,0.13867068564460025,0.3672335211552162,0.013762675233030089,0.3038442071360742,1.3185635402011,1.1823033598024177,0.33890624597413416,0.4968247485786871,1.651302767953936,0.24083223381809285,2.5712427348565656,0.6354893804566824,0.6354893804566824,0.0,0.09501819244344246,0.0,0.26949242709987525,0.0,0.0,0.0,0.0,0.95,0.4771000887927577,,,0.1914861261152433
B001936,3598.4200908386483,10.37008671711426,38.008131986504104,20.406535199416656,0.0,0.4796494214279615,0.016460543542966773,0.3055875608068902,1.325557456879815,0.21946648710361746,0.4778696409481523,0.9965913850206047,6.7613076555946305,0.5892940915674402,1.862856363375363,0.7948457026513455,0.7948457026513455,0.0,0.04608154724101783,0.0,0.15907275010763686,0.0,0.0,0.0,0.0,0.95,,0.4704210142133449,0.47051588953589646,0.1914861261152433
B001937,1251.8793783796646,1.4956742871919528,9.85005817476694,2.4873017920414138,0.0,0.4065392879769413,0.30151140666266446,10.916339688412528,0.41529904000780926,0.0,0.0,0.657795651739923,0.23459711489793275,0.18798248054628752,2.223657736222842,0.7131950496810051,0.7131950496810051,0.0,0.0,0.0,0.2868049503189948,0.0,0.3,0.3,0.3,1.0,,0.5071319169130519,,0.31989570700826886
B001938,3103.0160034824494,6.319788194465274,8.004826548535972,10.011761988016222,0.1564853889596801,0.453,0.033972456183213054,0.6930616063592399,0.9982592067756757,0.0,0.8868202918560879,0.0,3.031691037029402,1.4030176588041094,2.26168054485323,0.9747607414320114,0.3547223464242117,0.6200383950077999,0.0,0.0,0.02523925856798861,0.0,1.0,1.0,1.0,1.0,0.240555203620912,,,0.608845443987547
B001939,7825.485939610255,6.671343512029202,12.0253121028921,11.010595066989328,0.0,0.37351065795684724,2.098855912539937,75.97858403394572,2.785744313780236,1.258082873660032,0.10067910979022998,1.8236641802898526,0.17524288264913226,0.5279301518597193,1.885123531699242,0.7135702454187097,0.5098988288591728,0.20367141655953666,0.2733578591780764,0.0,0.01307189540321392,0.0,0.0,0.0,0.0,1.0,1.4556663402161447,,,0.18835914010109434
B001940,2172.4616519407095,1.8907412114366489,11.863463257938989,2.684665945086153,0.0,0.488,0.266287146405733,9.570973630606447,0.6905422075487354,0.1293950487846116,0.0,0.7591251236455567,0.0,0.31167883145774505,2.3785686461410793,0.3733325067133801,0.30489635691036554,0.0684361498030145,0.40149604771598957,0.0,0.22517144557063026,0.0,0.0,0.0,0.0,0.6,0.8318151788445858,,,0.18837769891077183
B001941,12439.059605782144,5.1635780845920065,12.66863808084875,7.758871393972577,0.0,0.46172253125283613,0.013229008281177252,0.13219695322349495,2.181527811254141,0.49001151702014517,0.0,1.3198776025274808,0.7695703749277112,0.40259077886252836,1.7580298248586346,0.9909408747705242,0.7059700203943898,0.2849708543761344,0.0,0.0,0.00905912522947576,0.0,0.0,0.0,0.0,1.0,0.25614660086644125,,,0.1914861261152433
B001942,10321.829850816326,5.074645944354143,8.946884279052197,5.920141300156556,0.0,0.14868192805594382,1.6175263679997909,58.54986696466218,2.115556828989729,0.0,0.0,1.5386624823073538,0.880133246281656,0.5402933867754043,2.773558516652243,0.5831124275096637,0.10646917887473786,0.4766432486349259,0.0,0.0,0.41688757249033637,0.0,0.0,0.0,0.0,0.98,,,,0.19030060538549587
B001943,5729.987268275347,5.61213248606792,19.508239921021758,9.342625257385585,0.0,0.44645307772101117,0.010587699521767989,0.10427235761765093,1.8143773691158112,0.0,0.8386342751913877,1.212225557997118,1.3627067697713295,0.38418851399227516,2.4463794226655513,0.4590296678615616,0.4590296678615616,0.0,0.2160008804151469,0.0,0.3249694517232917,0.0,0.0,0.0,0.0,1.0,,,,0.1914861261152433
B001944,6007.883228127291,1.2873115980559868,9.136501566484236,0.9869227122550749,0.0,0.3438741142756902,0.2284797311433035,5.095098004495669,0.6242202145684188,0.32371635317268727,0.04218410767653277,0.0,0.16537710203993297,0.1318138205984151,2.9654051332605693,0.48563710404933436,0.45286795340994257,0.03276915063939176,0.0,0.0,0.5143628959506656,0.0,0.0,0.0,0.0,0.6,,,,0.18837769891077183
B001945,3252.008328727519,1.813724667444238,9.137001373288257,2.1027863695244617,0.0,0.44722303340557024,0.20503599243470608,4.568513299761245,0.9804519470931393,0.0,0.06581189178654563,0.33072248928491227,0.19218995262788818,0.2445483866517527,2.417248862502097,0.6958540050372582,0.6958540050372582,0.0,0.0,0.0,0.30414599496274186,0.0,0.0,0.0,0.0,0.6,0.5926256361893906,0.37046595287707895,,0.18837769891077183
B001946,11255.872303463728,8.84200495166043,25.76403576316273,11.355852060961189,0.1061839884526332,0.2146583294651213,0.011803326079054223,0.2184047971972848,2.0568630732700433,3.7460888289891097,1.2030352932033381,0.18520998887602574,1.3136229034830114,0.33718486383890206,2.2396666248136934,0.7406609402292664,0.16842514527848854,0.5722357949507779,0.020946605423608745,0.0,0.23839245434712483,0.0,0.0,0.0,0.0,1.0,0.1780821354198658,0.28413385184313733,,0.1914861261152433
B001947,11594.646067599915,4.092709519096334,13.443218317166288,5.417178162085624,0.0,0.2666508196208719,0.008154459097474588,0.18184443787368335,1.8964083629554624,0.0,0.11762994658476254,1.5480609330960935,0.25730458154514485,0.27330569491487017,1.4684517669124524,0.9359835809323349,0.9072422431862993,0.028741337746035565,0.06286900654556042,0.0,0.0011474125221046564,0.0,0.0,0.0,0.0,0.5,,,,0.18835914010109434
B001948,4248.782926999606,3.369375834258213,15.084315874855596,5.350053869112493,0.0,0.1027346195639575,0.4267681698568578,15.39096226071695,0.600557262936512,1.6403984726657055,0.09624051058268963,0.6493884503454567,0.14043537371727055,0.2423557640105765,2.13006657632013,0.6970937172752073,0.6685304119875745,0.028563305287632755,0.12909626748521102,0.0,0.17381001523958126,0.0,0.3,0.3,0.3,0.92,0.8854215668861289,,,0.31989570700826886
B001949,27257.9376546126,6.037195493823389,10.177448747004947,7.790214049929479,0.0,0.44316884162008985,0.02037253944044087,0.6321458709091147,1.5488885305978985,0.45952096882955107,0.0,0.6398328300913438,2.5710050316196624,0.8179481326849337,2.274921001276161,0.6673274036790363,0.5613456062126546,0.10598179746638191,0.07611497247350756,0.0,0.2565576238474562,0.0,1.0,1.0,1.0,1.0,,,,0.608845443987547
B001950,5733.494468613936,4.231361231449399,8.014663059729992,3.6988048861561102,0.0,0.4790854742133569,1.517574591798654,71.3314538596884,1.9838200376016604,0.29452977524797724,0.0,0.8733462932610124,0.0,1.07966512533875,2.935235534512909,0.463891200946667,0.39428481209503735,0.06960638885162962,0.0,0.0,0.5361087990533332,0.0,0.0,0.0,0.0,0.98,0.48111844945852184,,,0.19030060538549587
B001951,4987.801540762189,1.9310110494627135,11.487844533668703,2.2531508983323696,0.03207893003138504,0.39990214120238593,0.2822194781211145,10.17356722548141,0.768040215877553,0.48562429040937977,0.03255571924314131,0.23206050554429658,0.11939081686089542,0.2933395015274473,2.2463644150979976,0.5510733353723352,0.430897686657707,0.1201756487146282,0.2683464756955689,0.0,0.1805801889320958,0.0,0.0,0.0,0.0,0.92,0.47951836018724375,0.3642790589871536,,0.18837769891077183
B001952,8431.427675836685,7.312599892312823,12.010292087701474,10.652873357757658,0.07591329623312436,0.40127863177254436,2.0388061632571093,73.76918131856486,3.0270744419029674,0.9777443710146365,0.0,1.6011312598996932,0.9264544774890263,0.7801953420064979,1.918339417027455,0.8042832509955936,0.8042832509955936,0.0,0.13370680543351815,0.0,0.06200994357088809,0.0,0.28,0.28,0.28,0.7,0.3114055845086834,0.25792140190444707,0.7134333352615291,0.3131956702029707
B001953,26041.03381719262,9.84538140536583,24.814558882928345,4.810232481940309,0.0,0.44069936704360085,0.04249784773760342,2.7262194352198614,8.044776774874746,0.0,0.0740877795085364,0.9754095572537145,0.15349782089943378,0.597609472829399,1.4639690669311154,0.9824666628069523,0.9824666628069523,0.0,0.0,0.0,0.017533337193047806,0.0,0.0,0.0,0.0,1.0,0.183536020604939,,,0.18835914010109434
B001954,5378.269363458229,2.5671930135838803,12.754678436849721,3.7362251106150426,0.0,0.38057752370810477,0.33459903425697046,15.66003824312831,1.0002023378349467,0.515483735617698,0.0,0.49892833880542126,0.1946891393286333,0.3578894619971822,1.9829332042404575,0.6379825482886113,0.6379825482886113,0.0,0.20079664165884703,0.0,0.16122081005254216,0.0,0.0,0.0,0.0,0.6,,,,0.18837769891077183
B001955,12124.933034427793,6.011369873290924,12.384002040871463,4.09031354859787,0.0,0.19136363242411694,0.011701912136898989,0.4520371602705762,2.783579097665622,0.9597108815394734,0.0,0.22446272223784375,1.4947616965037451,0.5488554753442393,2.189920658538352,0.6874486133565738,0.438792861338201,0.2486557520183728,0.15964928157283387,0.0,0.15290210507059213,0.0,0.0,0.0,0.0,0.5,,,,0.18835914010109434
B001956,21725.98427595057,4.69446505530479,7.911493542017775,4.637415281289255,0.2531493122306417,0.3738934158633989,1.1994777849072025,56.364697151981176,2.0695135939395524,0.5260562192058874,0.0,0.5128156467727095,0.7587634496027612,0.8273161457838809,2.8694168642707814,0.5582351243659563,0.4461763033909364,0.11205882097502012,0.0,0.0,0.4417648756340437,0.0,0.28,0.28,0.28,0.7,0.4028480474638478,0.30969394690819624,,0.3131956702029707
B001957,1021.990717618363,0.9723983992562921,7.418774768936443,1.222357783651104,0.0,0.43593437932812645,0.37821272616975354,13.724948607647477,0.45176751745238425,0.15246866004770587,0.02555558211027968,0.17105381623140872,0.0,0.17155282341451367,1.6882321228281814,0.7499949371674917,0.5740857456650851,0.17590919150240664,0.18307747348632178,0.0,0.06692758934618666,0.0,0.0,0.0,0.0,1.0,1.0135246793654928,0.3425193242303985,,0.18837769891077183
B001958,2248.0940715634524,5.33989090632649,14.462034806378199,7.130836009401915,0.0,0.36499999999999994,0.01944276600573116,0.6406177070123844,1.7802800258581657,1.145702760700687,0.0,1.1305041820916026,0.9924952813303032,0.29090865634573143,2.6241841363766025,0.4520519542651583,0.22337173635224014,0.2286802179129181,0.2145554620494782,0.0,0.33339258368536345,0.0,0.0,0.0,0.0,0.95,0.5309822904632672,,,0.1914861261152433
B001959,17344.209181879134,6.785684343458191,23.89357779659795,12.173768313244198,0.0,0.4442446198365132,0.01475692017132249,0.38292059036126547,1.3324381081726935,1.1289430957026296,0.8710576556082653,1.6563055155395183,1.406737040255395,0.39020292817968905,1.9584049739923526,0.8231744365923893,0.8231744365923893,0.0,0.0,0.0,0.1768255634076108,0.0,,0.0,,0.95,,,,0.1914861261152433
B001960,2690.05678541509,3.4935802407988183,9.564592421542084,6.8962633593724565,0.10564617704679585,0.40650836782565125,0.014387185488753663,0.374990941787872,0.43662407239972273,0.0,0.13395597413271587,1.4661753197490799,1.1449463492306997,0.31187852528659954,2.3014773322596924,0.8529032161179289,0.433226203228185,0.4196770128897438,0.0,0.0,0.14709678388207117,0.0,0.0,0.0,0.0,1.0,0.4484662029010011,,,0.1914861261152433
B001961,3500.540390686224,2.278997650186344,9.276206105980732,3.21810488261363,0.010783695450720835,0.6331733433104983,0.74826475885087,35.14060209946448,0.9344635019494797,0.1252340449628389,0.060349056404817185,0.6819843825358296,0.0,0.47696666433337825,2.6025419605358633,0.526239918711791,0.526239918711791,0.0,0.0,0.0,0.47376008128820896,0.0,0.0,0.0,0.0,1.0,0.6952128323282672,,,0.18837769891077183
B001962,4489.225236711002,5.81505859677591,8.477721031673699,7.388854788184845,0.18069976003841512,0.4145686936164043,1.4948707155284613,54.05693242416835,2.0975316550126575,0.8298153047226032,0.7557636835807306,0.6879172245517341,0.73798851130119,0.7060422176069933,2.6867359434360485,0.561098151907193,0.43113150221603525,0.12996664969115787,0.1182992764566709,0.0,0.32060257163613587,0.0,0.19999999999999998,0.19999999999999998,0.19999999999999998,0.98,0.28844964371769033,0.36410093334622273,,0.2785184786737387
B001963,383.6617138161998,1.2102893180321759,5.5655679456530445,1.1545879527789162,0.29884385657969953,0.27399036433760304,0.6317794027077739,22.87041437802142,0.3474786714892757,0.39261453540732816,0.0258402531155196,0.0704568991190816,0.0,0.373898958900971,2.7284265590019112,0.6546812696918753,0.3302840123107353,0.32439725738114,0.05821492272082375,0.0,0.2871038075873011,0.0,0.0,0.0,1.0,1.0,0.6770851751215993,,,0.18837769891077183
B001964,4598.505855332251,1.0343018118156209,8.549454231549122,0.6141639019955736,0.0,0.365,0.20378935811597362,4.561943691657669,0.5337327982479552,0.3242785402536629,0.0,0.0,0.0,0.17629047331400272,2.298016402087288,0.7552278658018283,0.7552278658018283,0.0,0.0,0.0,0.2447721341981717,0.0,0.0,0.0,0.0,0.6,,,,0.18837769891077183
B001965,568.7749308191723,1.3872559288272495,8.588102936465457,1.5550408971080603,0.0,0.35828718442661034,0.237899789465448,8.577335716182276,0.36477009887131806,0.3339985837609068,0.06221296910857739,0.2821639554135445,0.14217165202414553,0.20193866964875706,2.530174513466596,0.4311751062573595,0.4311751062573595,0.0,0.3058812715231374,0.0,0.26294362221950307,0.0,,0.0,,0.5,1.1227886154555071,,,0.18837769891077183
B001966,1467.0820899327118,4.289713713253543,11.577981049476062,3.029353865066605,0.0,0.44505421112234655,0.012624960318482254,0.3767396743674381,2.2686793017290796,0.188557777805124,1.1259389811969185,0.0,0.0,0.7065376525224206,2.8205978891979115,0.4376959670056349,0.3937401717220118,0.043955795283623235,0.0,0.0,0.5623040329943648,0.0,0.0,0.0,0.0,1.0,0.12438411978227558,0.22616816541840973,,0.1914861261152433
B001967,1057.5412769848265,2.43673105296043,14.910035205624343,3.3061800428944346,0.0,0.04825852782572799,0.4439345764237477,16.070431666539665,0.5549182205296845,1.1511675100712455,0.0,0.5893547007136221,0.0,0.14129062164587755,2.153320495518679,0.7701560778772912,0.7701560778772912,0.0,0.0,0.0,0.22984392212270877,0.0,0.0,0.0,0.0,1.0,,0.37049453144371086,,0.18837769891077183
B001968,19494.18406640714,4.5707348338586495,10.089651847464577,4.37394147054113,0.14386027409369664,0.3132031187010467,1.0604909016589297,49.833111195088776,1.4821605222290133,1.216155437785153,0.0,0.0,1.0202294965916026,0.8521893772528804,2.521690526090495,0.6611014147448241,0.3950270345869044,0.26607438015791984,0.0,0.0,0.33889858525517574,0.0,0.2,0.2,0.2,0.98,0.28458742488086636,,,0.2785184786737387
B001969,34177.246316749006,8.108480739442232,13.195130617180295,5.789564816781184,0.0,0.021,0.01329126364934713,0.37341441695821914,5.516880306387634,0.9510399025955214,0.0,0.9931338154162578,0.0,0.6474267150428203,3.203705767999642,0.19801308832152514,0.19801308832152514,0.0,0.11728953094373902,0.0,0.6846973807347361,0.0,0.0,0.0,0.0,1.0,,0.16580943075597449,0.9763089753978068,0.188624025984382
B001970,1215.9288130109505,2.5122496136589887,9.042661707528886,1.8261332603703748,0.41093484309731765,0.021,0.01337923413052749,0.298356921110763,1.4587799515751338,0.0,0.7486951869795161,0.0,0.0,0.3047744751043388,2.6753240207052085,0.48644013857304963,0.48644013857304963,0.0,0.0,0.0,0.5135598614269504,0.0,0.0,0.0,0.0,0.95,0.5036917990545832,,,0.1914861261152433
B001971,21528.284420365977,5.935562288493514,19.01883983825991,0.8936846051187366,0.36020921589962474,0.423357331374475,0.021219978695752015,0.9355938491174612,5.180284130066044,0.0,0.05369463958523959,0.03133232844366269,0.1886221764079893,0.48162901399057967,3.4888756415560063,0.11082921815002524,0.105550471685785,0.005278746464240214,0.0,0.0,0.8891707818499748,0.0,0.0,0.0,0.0,0.5,,0.21272792733965792,,0.18835914010109434
B001972,6793.760868569704,6.953695873663976,13.721142176604168,7.55975855505501,0.24278029600659723,0.26032718738268523,0.015270365355347296,0.4365976942992985,3.062022483593448,0.7996630975637786,1.2396451169424727,0.6596419764653976,0.43327060602276257,0.7594525930761151,2.7699911859592508,0.5596553920066629,0.20407774445760693,0.35557764754905596,0.0,0.0,0.44034460799333697,0.0,,0.0,,,,,,0.188624025984382
B001973,9502.686998608513,8.256026931892713,18.856492484636902,5.285583632067276,0.0,0.11301693555163428,0.005778084848259349,0.26810313695923377,3.815716409227872,0.5223901127524637,0.0,0.0,2.8951810387901284,1.0227393711222486,2.5988897393706067,0.5378265549876168,0.4745527651778366,0.06327378980978016,0.0,0.0,0.4621734450123833,0.0,0.0,0.0,0.0,1.0,0.11766130574705842,0.17050472696081276,,0.188624025984382
B001974,15748.994724540042,7.910092779779027,20.292274727381795,14.18982439715301,0.12767895964996914,0.27939951562991916,0.023020510988349754,0.8415107460445389,1.8215659067009895,0.8338496734325268,1.1047070797979506,2.414329251937785,1.3055971914331144,0.43004367647666064,2.239726253262557,0.7621499176304971,0.7621499176304971,0.0,0.0,0.0,0.23785008236950292,0.0,0.0,0.0,0.0,1.0,0.533789539025845,0.5677883101918065,0.586656309270837,0.1914861261152433
B001975,3917.648113212853,11.12968213980924,28.386113703879346,8.99502796824875,0.20733716323686863,0.21428366783192448,0.03339809348142868,1.9936147547714056,7.843592588419523,0.513143501787765,0.0,1.7966901358621066,0.16557770931085167,0.8106782044289941,1.6767988647142154,0.9826357440569988,0.8212034485707145,0.16143229548628432,0.0,0.0,0.017364255943001297,0.0,0.0,0.0,0.0,1.0,0.21513792115925784,0.35276747252764795,,0.18835914010109434
B001976,2678.35127046095,0.917243585774298,4.868324540577885,0.08519003779470989,0.0,0.021,0.5269732892256762,18.995977938570743,0.6553542272375977,0.0,0.05929226630511809,0.0,0.0,0.20259709223158215,3.2644290213205975,0.28551778676721334,0.22087599779785683,0.06464178896935657,0.0,0.0,0.7144822132327865,0.0,0.0,0.0,0.0,1.0,,,,0.18837769891077183
B001977,41336.9929839245,10.59108198409544,23.827953374505228,8.219821112632756,0.0,0.37984665446063937,0.03495980358984623,2.0070519615765785,7.764002346583991,0.7115083930898446,0.09447463063629181,1.5641496518230922,0.0,0.4569469619622183,2.599120708309808,0.4809290375873358,0.4809290375873358,0.0,0.0,0.0,0.519070962412664,0.0,0.0,0.0,0.0,0.5,0.2028385804292504,,,0.18835914010109434
B001978,21294.42960631687,9.566230730600571,12.961896735702316,12.842977381062887,0.0,0.13495818958863365,0.024214902375213298,0.7862432289171665,4.331603048773792,0.0,2.237383963854972,2.02966937146266,0.0,0.9675743465091465,2.7883839946142746,0.5471985601478533,0.33502833044911423,0.2121702296987391,0.0,0.0,0.45280143985214677,0.0,0.0,0.0,0.0,0.9,0.07686316350435182,,,0.188624025984382
B001979,6745.2068240034105,20.627543804291776,35.88696097869432,9.619190354040065,0.0,0.255647651934443,0.08106802617044817,3.76074787551696,15.405066442255201,2.2826349135349195,0.0764866401310014,2.0328083270825665,0.0,0.8305474812880886,3.19561090046292,0.2496149167006852,0.13524737124551175,0.11436754545517344,0.0,0.0,0.7503850832993149,0.0,0.0,0.0,0.0,1.0,0.11842310968182092,,,0.18835914010109434
B001980,11501.293670190144,5.730589770896932,12.142790161997544,6.274940988019586,0.0,0.1378578391380936,0.010320915422738594,0.23015641392707065,1.2741870892269869,0.5723258954116196,0.0,0.3076227776268994,3.103367332217835,0.4730866764135909,2.1215443267389875,0.7776516658550564,0.6240987667263526,0.1535528991287039,0.0,0.0,0.2223483341449436,0.0,1.0,1.0,1.0,1.0,,0.32496582830871273,0.22548004128058624,0.608845443987547
B001981,20037.443390717668,8.38036110025833,16.017171019399928,11.080843968021902,0.0,0.2898342651218733,0.010848720801639447,0.25385617983867753,3.2424012770064254,1.054434822237909,0.0,1.4351852675936685,1.9599264522773696,0.6884132811429603,2.4407831755370837,0.5780686158707962,0.5217807388413842,0.05628787702941197,0.12582212265356982,0.0,0.2961092614756343,0.0,0.5,0.5,0.5,0.5,0.28508307910007774,,,0.40513160691334116
B001982,25878.052150848398,7.8181426437608454,19.933825989198684,3.7353546774392345,0.3934935209628566,0.365,0.026066462147600077,1.6855620854040878,6.363422043265842,0.0,0.0,0.5931581797906308,0.2918328710651423,0.5697295496392295,3.3926079183858118,0.16055613338535582,0.08468668371958488,0.07586944966577093,0.0,0.0,0.8394438666146442,0.0,0.0,0.0,0.0,0.5,,0.19292894778549602,0.38936338872574,0.18835914010109434
B001983,4640.087625518262,2.2590494768832823,11.851255279310674,2.8044402796949237,0.0,0.05432186289857791,0.5315583341504532,24.9832417050713,0.6644479176880664,0.9377694991687874,0.05225305624391602,0.27152632654428416,0.0,0.33305267723822796,2.247190565766097,0.7058727909736716,0.5856778464526256,0.12019494452104602,0.0,0.0,0.29412720902632816,0.0,0.0,0.0,0.0,1.0,0.8549615101137555,,,0.18837769891077183
B001984,822.1949956536381,2.2649999880265512,11.479841189569338,2.9713420387657474,0.0,0.3470554960212066,0.7543559816659459,27.26230106364748,0.6684144119114749,0.5731636900875413,0.04769564944667588,0.5187429660858042,0.17606906211335005,0.2809142083817051,1.456388246075004,1.0,1.0,0.0,0.0,0.0,0.0,0.0,0.0,0.0,0.0,1.0,0.5152050316416725,,,0.18837769891077183
B001985,12132.279276502011,5.622001518304917,10.656322667257784,5.49152583624504,0.0,0.021,0.018345049870452396,0.36983306104783575,2.54914185247491,1.1651454810363118,0.0,1.300076301691429,0.0,0.6076378831022679,2.0962699969488656,0.8252257931245338,0.5939778474492342,0.23124794567529988,0.0,0.0,0.17477420687546624,0.0,0.0,0.0,0.0,0.5,,0.19426175216518204,0.6510983800319377,0.18835914010109434
B001986,3403.992999983255,7.07690852387371,19.669708792273987,12.293478248777255,0.05238011169283057,0.3859388814358199,0.022301483568658353,0.39329957741344407,1.672605663563042,1.3056118261539271,0.9914362944760224,1.7146397428616287,1.0264745151526453,0.36614048166644525,2.28785543215293,0.6458816861382566,0.5736912070974898,0.07219047904076677,0.1400945470937551,0.0,0.21402376676798848,0.0,0.0,0.0,0.0,0.95,1.1610065326427483,0.3593759935818817,0.9517994806434297,0.1914861261152433
B001987,33296.38351520441,11.080327292913282,17.149756588361708,15.86217051823446,0.0,0.38654466651536074,0.021343328011563373,0.3423100629320467,3.9622389922780816,0.6422378780096221,1.7242677312237,1.6904257505039322,2.4460214216604843,0.6151355192374616,2.4948384194342377,0.642407765805597,0.421654230553538,0.22075353525205904,0.0,0.0,0.357592234194403,0.0,0.0,0.0,0.0,1.0,,,,0.188624025984382
B001988,3646.3607157614474,5.724271139342932,13.978320224495873,7.352170743807608,0.0,0.36477993039313333,0.014315814140197869,0.5158700073907438,2.5315668805004585,0.7071197825097831,0.0,1.9187472271295525,0.2284731427319238,0.3383641064712128,2.4642301327775114,0.687283561735287,0.5637534623922024,0.12353009934308437,0.0,0.0,0.312716438264713,0.0,0.0,0.0,0.0,0.5,,,,0.18835914010109434
B001989,1784.3285869878976,5.4734005735825075,14.367404001602743,11.063993991321377,0.0,0.248680520402336,0.014647597892890944,0.40281709673219834,0.45841326513700964,0.0,1.2639351718323768,1.225305550935434,1.7866915304458113,0.739055055231875,2.1475143349278514,0.9162470827825846,0.6923815837271345,0.22386549905544992,0.0,0.0,0.08375291721741537,0.0,0.0,0.0,0.0,1.0,0.6363472036373123,0.44955935372637235,,0.1914861261152433
B001990,11761.968155771003,15.703562290749002,31.612934869369866,3.853210979155065,0.0,0.433,0.0892686384999348,4.076041380460051,13.763966820792312,0.6429234784121743,0.0,0.732711164321694,0.0,0.5639608272228249,1.4338649859024364,0.9515359530070223,0.9515359530070223,0.0,0.04665891412124595,0.0,0.0018051328717317069,0.0,0.0,0.0,0.0,1.0,0.1773448154841159,,,0.18835914010109434
B001991,452.95372691948575,1.4564428518311439,6.891152634170101,0.6204695576923774,0.01626488261048317,0.365,0.36003687775645804,16.865306318261826,0.940200775167301,0.0,0.04241000186472224,0.0,0.2798694201306917,0.19396265466842894,2.686389276178582,0.6396231252668976,0.44746356351078764,0.19215956175611004,0.0,0.0,0.3603768747331025,0.0,0.0,0.0,0.0,0.6,,0.3342011255972761,,0.18837769891077183
B001992,4851.424547492914,9.276146362319148,18.937680589228247,0.7532395042886411,0.0,0.2573944816780699,0.03344679656422822,2.1628041368888784,8.165131168482477,0.2733039466260497,0.1639904017051015,0.0,0.0,0.6737208455055169,3.509121779724954,0.08280230617117637,0.08280230617117637,0.0,0.029463091239724726,0.0,0.8877346025890986,0.0,0.0,0.0,0.0,0.92,,,,0.18835914010109434
B001993,6116.069389433958,2.1619191903266026,4.663542512006534,0.0,0.0,0.0,1.0622847790573757,23.693663742677607,1.4857307208368435,0.0,0.0,0.0,0.0,0.6761884694897589,3.1428430299843844,0.3561528630755684,0.3561528630755684,0.0,0.0,0.0,0.6438471369244315,0.0,0.0,0.19999999999999998,0.0,0.98,,0.3623865388083994,0.9004498511589552,0.19030060538549587
B001994,7090.305530461021,5.788004514662058,9.837554934914502,9.193326682634677,0.13688834991963092,0.3251513290926603,1.7168101673503726,61.97413868187826,1.6085704086370338,0.6923761493092344,1.2379513941516953,0.8694229146030839,0.7581319799166096,0.6215516680444008,1.7879988085468173,0.9646581214741086,0.6948243540753444,0.26983376739876413,0.0,0.0,0.035341878525891476,0.0,0.0,0.0,0.0,0.98,0.524259360787843,,,0.19030060538549587
B001995,2438.045308650561,3.093966127729138,9.912941121562422,2.2383294243568153,0.0,0.24,0.009035965791781186,0.22371455079797262,1.8748982049787535,0.0,0.08906366495951122,0.8648569727954033,0.0,0.26514728499546886,3.1001363193830214,0.3792620545505536,0.0709456094526048,0.3083164450979489,0.0,0.0,0.6207379454494459,0.0,0.0,0.0,0.0,0.5,,,,0.18835914010109434
B001996,687.1601013726063,1.5407177160820769,8.15610693956791,1.9976306565219655,0.0,0.4201272793219387,0.517680527076414,18.72000523256971,0.6456450013167039,0.0,0.0,0.3548896543610363,0.18943439466618214,0.35074866573815433,2.692340729602072,0.5809452993384614,0.3506048218735222,0.23034047746493927,0.0,0.0,0.41905470066153844,0.0,0.0,0.0,0.0,1.0,0.8415831452501066,,,0.18837769891077183
B001997,4532.741342154235,3.4391057224235473,5.334507376436987,1.2461651608774706,0.0,0.8090000000000002,1.7926563862232834,64.84741038911542,2.3403540844228274,0.0,0.0,0.0,0.15950914059231625,0.9392424974084035,3.277318419642601,0.2267947286637462,0.2267947286637462,0.0,0.0,0.0,0.7732052713362537,0.0,0.0,0.0,0.0,0.92,0.24388857024782434,0.37810289632666155,,0.19030060538549587
B001998,3220.159039374756,4.5226952800207245,12.90238985620246,5.3990242421257815,0.09990717039160248,0.433,0.01691595688876301,0.38488720138188004,1.6862607131349627,0.5477925843251391,0.0,0.0,1.7653879671112613,0.5232540154493613,2.762911542967933,0.5869757238938034,0.5869757238938034,0.0,0.0,0.0,0.4130242761061967,0.0,0.0,0.0,0.0,0.95,0.46015310608575816,,,0.1914861261152433
B001999,39040.27833804391,9.799266651115438,13.769017811313029,8.211703950321224,0.0,0.3100342700467204,0.019029803628948017,0.7073817492057981,4.0384884350327885,0.7336749878232756,1.1726805169741676,0.7994684593139377,2.186068281640733,0.8688859703305375,2.742895918353702,0.5564440172276248,0.21368889909512856,0.34275511813249604,0.0,0.0,0.4435559827723756,0.0,,1.0,,0.5,0.3432977180499988,,,0.188624025984382
B002000,15613.134038040702,5.712818894270289,12.856713939676066,3.963815963015944,0.08040632202354733,0.3533204082259117,0.01351782987246653,0.48082281363186297,3.0415921967242348,0.34001687841538036,0.0,0.10573833809256104,1.4121539076129308,0.8133175734251817,2.7093668738406813,0.660493231182073,0.3352756532216942,0.3252175779603787,0.0,0.0,0.33950676881792696,0.0,0.0,0.0,0.0,0.5,0.4703947867904658,0.13680553975218726,1.1613667461223385,0.18835914010109434
