batch_id,gwp_total,gwp_per_unit,gwp_per_kg,energy_per_unit,renewable_elec_share,renewable_elec_share_location,water_per_unit,aware_per_unit,gwp_fibre,gwp_spinning,gwp_fabric,gwp_wet,gwp_garment,gwp_transport,dq_score_gwp,primary_share_gwp,gwp_share_measured,gwp_share_calculated,gwp_share_estimated,gwp_share_imputed,gwp_share_default,gwp_share_zero,recycled_content,recycled_content_declared,certified_material_ratio,mono_material_share,chem_intensity,waste_ratio,waste_recovery_rate,mci
B000001,9920.278791533425,15.573436093459065,26.101040889169717,37.058292768195734,0.0,0.6378469323721528,0.010178482768411693,0.20046043907376523,5.585904995898793,0.49806176278348224,2.8670454430203187,1.523485106157252,4.019296745124151,1.0796420404750664,2.937022389901736,0.16715175321685416,0.16715175321685416,0.0,0.4741666454732777,0.0,0.35868160130986804,0.0,0.0,0.0,0.0,1.0,0.20292723221576747,0.2921357199524624,,0.18847355270950683
B000002,1030.161868644376,1.2578288994436826,8.850699589240547,1.459655301922306,0.0769785562249037,0.34653588915108385,0.28874176503135435,13.569750192035192,0.39771025300493423,0.5489830310803808,0.0,0.0,0.13500134425850857,0.17613427109985846,2.3806817163664618,0.5834846304914728,0.47615576857852304,0.10732886191294977,0.0,0.0,0.4165153695085269,0.0,0.30000000000000004,0.30000000000000004,0.30000000000000004,1.0,0.9621314825783757,,,0.32152411226147926
B000003,19546.775457312673,4.6177121326039865,8.309953838959947,3.545866117069441,0.0,0.3526104988125826,1.2454793623488893,45.08593807635056,1.7423308527863017,0.8698404366429244,0.0,0.0,1.1213819124255728,0.8841589307491854,2.6563661817804336,0.622685259983112,0.43431482638650504,0.18837043359660674,0.0,0.0,0.37731474001688786,0.0,0.2,0.2,0.2,0.98,0.319597917952883,,,0.2770151739533745
B000004,719.6910097986104,1.1038205671757828,9.057736488831608,2.6072318767357867,0.0,0.3783848004877661,0.34918354211407104,12.683637378846084,0.21650324342205352,0.2308114931187624,0.021062884766233435,0.3383306363839057,0.164466752541373,0.13264555694345498,1.8141896989065476,0.9936403753193441,0.5190521231436738,0.47458825217567063,0.0,0.0,0.006359624680655947,0.0,0.0,0.0,1.0,0.9,,,,0.19006326769067228
B000005,2616.2377196375937,5.190947856423797,11.795313638664833,12.130120739774053,0.0,0.44415354698763787,0.014350345324915342,0.3200127007456121,0.21118173115283873,1.3342988064959058,1.8816984537733534,0.4307257608333698,0.4928350285094301,0.840208075658898,1.7896282710573228,0.9072929357784248,0.9072929357784248,0.0,0.0829763220026082,0.0,0.00973074221896671,0.0,0.0,0.0,0.0,1.0,0.8586455531670967,,,0.19106616983379643
B000006,7858.311917413131,7.681634327872073,14.336918888381705,10.917204196646367,0.03611448982169803,0.5499074219402846,0.013802187519988759,0.30778878169574936,3.1527839512664677,0.16093563732025562,0.9713605012992254,0.8112979997372226,1.1295022203100529,1.455754017938849,2.9662195503404467,0.3729390055279312,0.14087139791372302,0.23206760761420814,0.14703931118040367,0.0,0.48002168329166517,0.0,0.0,0.0,0.0,1.0,0.20487131232910755,,,0.18847355270950683
B000007,7267.396943578306,5.039803705671502,9.170353235747767,6.32502989192313,0.0,0.18729317978501012,1.0964623933125057,39.58318487290922,1.7540573351214255,0.0,1.6193798342407555,1.1678995659996434,0.0,0.4984669703096768,2.505450316649018,0.7085420084411413,0.15548884148867492,0.5530531669524661,0.0,0.0,0.2914579915588587,0.0,0.28,0.28,0.28,0.7,0.3438998799722952,,,0.3116940136216534
B000008,3472.6864420656448,10.036666017530765,13.715068530962085,11.182888900518538,0.0,0.17725990996683405,0.01491415781137035,0.6920169224475842,1.8412540507864628,0.6101766270369765,2.6286240566694086,0.0,3.6778891155818885,1.2787221674560287,2.494680780198136,0.4276083160496848,0.4276083160496848,0.0,0.3664453025693813,0.0,0.20594638138093393,0.0,1.0,1.0,1.0,1.0,0.16665756956312344,0.21891173055041172,0.23276688130890627,0.6084446516532538
B000009,860.5316946574368,2.0488849872796115,10.867504701463472,1.844232013251297,0.0,0.14506781822303413,0.5752021580117433,26.97609201288831,0.6337890975942173,0.6754748864056834,0.0,0.1582508848685775,0.38515704232197895,0.1962130760891541,1.616955044318711,1.0,0.9227624362269872,0.07723756377301279,0.0,0.0,0.0,0.0,0.0,0.0,0.0,1.0,,,,0.19006326769067228
B000010,7511.429873913446,1.509835150535366,10.78092564186996,4.094121023104635,0.14076798636276133,0.27572734659499315,0.40179755983180476,14.50406546150978,0.22023461536583921,0.3075244533782024,0.044998122676928834,0.6310652168384311,0.10486446532146393,0.20114827695450013,2.3278608564900547,0.6400053373525295,0.5705510891292844,0.0694542482232451,0.20368081460360662,0.0,0.15631384804386364,0.0,0.0,0.0,1.0,1.0,0.651210735925628,0.3584484288156229,0.2634243113973139,0.19006326769067228
B000011,15325.377774113442,5.1687614752490525,7.41920036530927,5.1761165953653725,0.0,0.32294185156710176,2.001041717108216,72.43081142798499,1.2075069089674555,1.0588328834667367,1.9805757800149963,0.0,0.0,0.9218459027998647,2.538324758126606,0.7794873563615408,0.1914531284258667,0.5880342279356742,0.0,0.0,0.2205126436384592,0.0,,0.0,,0.98,0.36073506313922454,,,0.1887933662721779
B000012,3486.8886242225035,6.95985753337825,10.556590861678748,8.220155211988875,0.0,0.365,0.016416479226643674,0.5980580748167422,3.8833845378593543,0.8305447078924363,0.5812003634635017,1.1201500568196265,0.0,0.5445778673433319,2.955634289089662,0.30067127023846885,0.30067127023846885,0.0,0.1193335788713045,0.0,0.5799951508902268,0.0,0.5,0.5,0.5,0.5,0.3105109825376027,0.23461194866778798,,0.40484810018049977
B000013,11996.625121385083,9.461060821281611,15.617248226935994,11.731089851515268,0.15139241983893983,0.39904418266440844,0.013775462940364601,0.3183402799340631,4.623743194655174,1.097440951703221,0.0,1.1902447014710495,1.7723104580176212,0.7773215154345475,2.3279057910074377,0.703705857813766,0.5779012864285231,0.12580457138524315,0.0,0.0,0.2962941421862339,0.0,0.5,0.5,0.5,0.5,0.248825323887326,,,0.40484810018049977
B000014,9157.024067840604,2.6014272920001718,5.408027239075857,2.844319750824828,0.0,0.6137093611913744,0.9284241267641876,33.58738824037993,0.7883024541138373,0.20393771481128717,0.6605577548389497,0.0,0.0,0.9486293682360981,2.1434688875325754,0.9385372837718537,0.9385372837718537,0.0,0.0,0.0,0.06146271622814642,0.0,0.2,0.2,0.2,0.98,0.2700936324038733,,,0.2770151739533745
B000015,1629.428751152581,1.8946845943634663,9.673939449519976,1.5682360693610595,0.0,0.26651987989798837,1.1666664709327808,42.23332624776666,0.7518125324383458,0.706904631901439,0.0,0.12212969853038586,0.17567376165989212,0.13816396983340354,1.4742427515097156,0.8981534656082396,0.8336943472443116,0.06445911836392813,0.09271926429470498,0.0,0.009127270097055485,0.0,0.0,0.0,1.0,1.0,0.5520194769451697,,,0.19006326769067228
B000016,22651.568261707147,9.375649114945011,12.581291858377188,8.757189049701724,0.08656727954583715,0.39392268900991023,0.021826600772054748,0.5714913052267165,4.963808054272046,0.0,2.169410010665762,0.14370735970183565,1.2210355110743716,0.8776881792309975,1.3807029607695909,1.0,1.0,0.0,0.0,0.0,0.0,0.0,0.0,0.0,0.0,1.0,,,,0.18847355270950683
B000017,9524.567707499791,11.25835426418415,30.83884039809208,2.682835413651206,0.0,0.34667335190537163,0.04926639842462202,2.262269453167198,9.295834185271142,0.9409176174112468,0.0,0.4046076257663914,0.13818035112575808,0.47881448460961046,3.4285420743237136,0.17245665250758216,0.13651821814390636,0.03593843436367578,0.0,0.0,0.8275433474924178,0.0,0.0,0.0,0.0,1.0,0.22606481381221719,,,0.191088296168766
B000018,1787.3147294732416,3.309842091617114,10.842199627866854,6.800963757771957,0.0,0.4411042433708877,0.8205936456222799,29.683260336677588,1.0248099186997324,0.0,0.050757913214640744,1.5944103016982218,0.10808439366281683,0.531779564341703,2.581143748353001,0.6577195283026201,0.6577195283026201,0.0,0.03265545324248663,0.0,0.3096250184548935,0.0,,,,1.0,0.49120733712743553,0.27814403718681363,,0.191088296168766
B000019,10353.612343785146,10.170542577392087,18.908167565633967,2.200239279240307,0.0,0.2875236431533545,0.03894973646295388,1.4949197897327813,8.141282313558987,0.9150642983972257,0.0,0.4416757439787702,0.0,0.6725202214571047,2.9420462799764633,0.37551527940749674,0.37551527940749674,0.0,0.0,0.0,0.6244847205925032,0.0,0.0,0.0,0.0,0.5,0.11935084917665745,,,0.191088296168766
B000020,2249.9254362598754,1.609388724077164,9.678182461093044,2.5068743276965564,0.5311012867794899,0.2164433520023377,0.5686485786530119,20.195672170690397,0.8089633473936056,0.17103299240240066,0.029526628430633244,0.391462394974463,0.03145564151014584,0.17694771936591563,2.675813782509544,0.3132632119162925,0.27537163915425095,0.03789157276204156,0.34950871654665217,0.0,0.33722807153705536,0.0,0.0,0.0,0.0,0.6,0.7437312182852819,,,0.19006326769067228
B000021,47375.99905445687,11.79387579150034,20.7161934969833,19.668912500522794,0.0,0.08894943372464982,0.015053816387770381,0.2864072232977446,1.4759979869783881,0.6127802871366128,0.0,2.1590645682067087,6.954852668031691,0.5911802811469374,2.262109705213646,0.82125786348084,0.2315575146740511,0.5897003488067886,0.05195749878748374,0.0,0.12678463773167625,0.0,1.0,1.0,1.0,1.0,,,,0.6084446516532538
B000022,37508.3048384638,15.328281503254516,27.108017466547533,13.247942369373053,0.028529780709188383,0.39464000015403955,0.04390099240523083,1.880017017907054,10.496454278208361,0.6655891317394169,0.08810589691123334,2.4589446806321007,0.8916453750723594,0.7275421406910495,1.952504011710963,0.8254382396370887,0.6011015485419007,0.22433669109518803,0.0,0.0,0.17456176036291135,0.0,0.0,0.0,0.0,,,0.14401086696323886,,0.191088296168766
B000023,2111.0836924949663,1.7403822691632038,7.1380789244476635,1.8945034373684502,0.06200351260685823,0.3975992397202005,0.3355669298948898,12.053359257273327,0.5129655757853957,0.3991768607576229,0.06615509407719014,0.05318428334020341,0.29944019835794605,0.4094602568448457,2.574612472864423,0.6328374150222886,0.6022784485914395,0.030558966430849148,0.0,0.0,0.3671625849777113,0.0,0.5,0.5,1.0,0.5,,0.35046643621023194,,0.40649680945047806
B000024,6233.268431750838,1.8338536133424062,10.584022277589625,3.0641567243024346,0.07436661559998449,0.43882881328487,0.349842702413343,12.615552830337087,0.4794915765658866,0.8240241645374323,0.05201055913004476,0.22331705755911027,0.02852700731224025,0.2264832482376917,2.2263275887984784,0.7330547083877368,0.7046933611397143,0.028361347248022497,0.0,0.0,0.2669452916122631,0.0,0.3,0.3,0.3,1.0,0.9190297763608961,0.36721849100880244,,0.32152411226147926
B000025,32984.70873290143,15.095976536796995,20.388781362486665,18.13336226563806,0.0,0.33906764799839206,0.015131683247389463,0.25992114225261176,6.672944537686939,0.0,2.2545983521858575,2.283408872197539,2.460401304224822,1.4246234705018361,2.591907863792498,0.5579653610734363,0.5579653610734363,0.0,0.0,0.0,0.44203463892656386,0.0,0.0,0.0,0.0,1.0,0.167146461749777,,,0.18847355270950683
B000026,319.9289660401879,0.9012083550427828,7.06660936470715,1.8781229994880915,0.0,0.5164969664414643,0.34046919359065997,12.304761473611007,0.18660377212756965,0.26798795339432036,0.03298112481923028,0.17785612837404022,0.0,0.23577937632762233,2.601240293247098,0.4736793518936201,0.2763264008486901,0.19735295104493,0.29736514524612706,0.0,0.22895550286025285,0.0,0.0,0.0,1.0,1.0,0.9945241883476704,,,0.19006326769067228
B000027,493.7908140543227,0.5033545505140904,3.8056467284264093,0.2908118583162066,0.0,0.10894185519230433,0.3734931377280528,13.520451585755513,0.20542122575042904,0.0,0.03925393641693997,0.0,0.15066122811120436,0.10801816023551696,2.81015904396312,0.5870483019434606,0.5090636361112973,0.07798466583216303,0.0,0.0,0.41295169805653936,0.0,,,,1.0,1.0621157049438712,0.30355484655258885,,0.19006326769067228
B000028,183956.86651488178,56.23872409504182,241.18749260901123,106.59324913723712,0.0,0.365,0.6318527056346039,22.873067943972664,0.34751898809903214,0.0,55.270553275626824,0.42165302796470655,0.0,0.1989988033512459,2.3332586970223823,0.992810865538683,0.010026242220750147,0.9827846233179328,0.0010097804007280515,0.0,0.006179354060588841,0.0,0.0,0.0,1.0,1.0,,0.3390945982474691,,0.19006326769067228
B000029,6967.978596278882,3.786944889282001,6.945704179865295,4.14095935652715,0.0,0.0,1.5835776796570562,57.32102073042746,2.0711554634975986,0.0,0.0,0.6690465213153786,0.0,1.0467429044690235,3.088258822265515,0.38963792331754404,0.2129660833842651,0.17667183993327898,0.0,0.0,0.6103620766824558,0.0,0.0,0.0,0.0,0.98,0.3323824279219302,,,0.1887933662721779
B000030,1729.438183973232,3.2086051650709315,13.158838270592684,5.450993913164993,0.0,0.4013133593568759,0.4091379582604228,14.805735748772072,1.1091136297761037,0.8667577570462494,0.0,0.8746653934573155,0.0992124697723687,0.258855915018894,2.7285621071474573,0.3646769473264963,0.3646769473264963,0.0,0.27013537423732475,0.0,0.3651876784361788,0.0,0.0,0.0,0.0,0.6,0.7570802975904817,0.2575208576588729,,0.19006326769067228
B000031,11425.637783164193,10.789081948219257,16.507284693863216,5.70653676086769,0.0,0.433,0.005531520343411994,0.25666254393431653,6.423568991141923,0.8169709500452443,0.0,0.0,1.8993405481277759,1.649201458904314,1.3136098786783996,0.9805921691779111,0.9805921691779111,0.0,0.0,0.0,0.019407830822088946,0.0,0.0,0.0,0.0,1.0,0.16515047888830517,0.2693215010231014,,0.18847355270950683
B000032,15569.766917655043,6.2378873868810265,20.626127118611127,0.8853020018881937,0.0,0.448509890531984,0.023473228689774743,0.898965000003157,5.1211382981052935,0.37952094824888816,0.021313577878321978,0.0,0.0,0.715914562648522,2.868464672818498,0.3927375180274068,0.38932072375774,0.0034167942696668127,0.0,0.0,0.6072624819725929,0.0,0.0,0.0,0.0,0.5,0.1741874214330317,,,0.191088296168766
B000033,1508.7960478029338,4.7149876493841685,9.65990312927504,7.2705893879992205,0.0,0.24,1.0998457465248535,39.8203968922875,1.528306686766448,0.0,0.0,1.0908647603881643,1.6185835871429883,0.47723261508656833,2.7207195572234606,0.6926611639128449,0.4613000572659073,0.2313611066469376,0.0,0.0,0.30733883608715534,0.0,0.20000000000000004,0.20000000000000004,0.20000000000000004,0.98,0.18324788773948825,,,0.2770151739533745
B000034,695.7750834890865,2.1879719606575048,13.418487849604144,4.411943040581131,0.0,0.4413651577833741,0.24134221326602878,8.647809797637985,0.36788470816656565,0.6602620795384538,0.05173682907843199,0.7859999415674076,0.15961469074292323,0.16247371156372228,2.374275523221438,0.7878448815477945,0.40496210895774154,0.382882772590053,0.0,0.0,0.21215511845220555,0.0,0.5,0.5,1.0,0.5,1.1413080003116545,,,0.40649680945047806
B000035,2340.423042855554,1.0993062671937783,6.017140614627243,0.6759230594995039,0.05356361703919196,0.4258622920490283,0.5290587567888531,19.151926995756483,0.6613234459860663,0.0,0.029670618426348043,0.08904673836255164,0.1458401555270324,0.1734253088917795,3.1009868676840906,0.2971750361101415,0.2701847247548821,0.02699031135525939,0.0,0.0,0.7028249638898583,0.0,0.0,0.0,0.0,1.0,,,,0.19006326769067228
B000036,992.0419648529805,1.5476473710654923,7.189731155716236,1.5260474146213165,0.0,0.5663275536936457,0.32126194565564387,11.599234545955273,0.46593686333653095,0.10693520103013078,0.09559306439077284,0.0,0.3419205883974909,0.537261653910567,2.2096787108036495,0.8866089905923883,0.5348177079027382,0.35179128268965015,0.0,0.0,0.11339100940761189,0.0,0.5,0.5,1.0,0.5,0.547419258071801,,,0.40649680945047806
B000037,1284.1537243672255,3.927075609685705,13.587073440004591,4.054580870911003,0.0,0.021,0.009223014823429935,0.17479964591375194,1.6494297328885719,0.0,0.0,0.3704506316694695,1.5453313261523212,0.3618639189753421,2.6364074639423483,0.5799852366426476,0.1864783425199753,0.3935068941226722,0.0,0.0,0.4200147633573524,0.0,0.0,0.0,0.0,1.0,,,,0.19106616983379643
B000038,38824.90658497058,12.368558963036184,22.129791255669748,7.324325908461983,0.09862715732507815,0.2704583587658823,0.03831712733146952,1.6894111516874444,9.354090759038671,0.9961406339896652,0.026392339582765274,1.2038250406308781,0.12392388701820052,0.6641863027760064,3.3559611951643262,0.23105774326604342,0.05105633640394666,0.18000140686209667,0.0,0.0,0.7689422567339569,0.0,0.0,0.0,0.0,0.5,,0.21005527524205544,,0.191088296168766
B000039,4321.535913756911,6.679344534400172,8.671009204147024,8.833285986458238,0.5474645772150254,0.021,0.017065104264882707,0.7918208378905575,2.1068029956645313,2.782172866689879,0.0,0.0,0.0,1.790368672045763,2.520123945359267,0.5475066790482104,0.5475066790482104,0.0,0.0,0.0,0.45249332095178985,0.0,1.0,1.0,1.0,1.0,0.2387249059451263,0.35953266822674945,0.14401469011742074,0.6084446516532538
B000040,2098.8852062796363,4.633300676113987,10.015853683799314,5.112719967242812,0.0,0.30451837894282985,1.2915015559387093,46.724941747155476,1.7339070435939292,0.0,0.6057683102671897,0.6120705247961123,0.8364710393442293,0.8450837581125273,2.514590367284883,0.5903753751827375,0.40984078487296527,0.1805345903097722,0.0,0.0,0.4096246248172626,0.0,0.0,0.0,0.0,0.98,0.15496210011344955,0.3403688283724085,,0.1887933662721779
B000041,22758.839904445893,6.146054524560057,16.575915498984372,8.288748438593824,0.0,0.42645768655267446,0.01287577619888117,0.2347753649438731,2.194187950228117,0.3974507058795568,1.3213556358068352,1.710451919680544,0.0,0.5226083129650058,2.565148352922317,0.4008854274938826,0.4008854274938826,0.0,0.2149925013724833,0.0,0.3841220711336343,0.0,0.0,0.0,0.0,1.0,0.1848277034641221,0.28300849574805187,,0.19106616983379643
B000042,5656.852647103143,8.046732072692949,12.74530172031507,11.743144038063962,0.0,0.3277644377613987,1.7860100355643536,64.50278611609431,2.3255270873269795,0.0,1.1703643413791844,2.0708783136281643,1.8236725127133566,0.6562898176452605,2.634147237052535,0.7234286037809622,0.23943699188699782,0.48399161189396434,0.0,0.0,0.2765713962190374,0.0,0.0,0.0,0.0,0.98,,,,0.1887933662721779
B000043,2198.853145254371,4.759422392325479,12.35984660475358,9.308109710374168,0.06869842917113121,0.41264388044823297,0.01968837382778049,0.4390507363595049,1.1941239900589402,0.6345248881622997,1.1210910941872545,1.0479482776260356,0.31177776581528643,0.4499563764756624,1.6359492640326503,0.9954874859930094,0.7097960866261732,0.28569139936683635,0.0,0.0,0.004512514006990539,0.0,0.0,0.0,0.0,1.0,0.8265730826692712,0.4829354438183231,0.4216231932326735,0.19106616983379643
B000044,4074.078351004694,4.890850361350173,13.78604252310991,7.043701781282853,0.0,0.365,0.019234274066624396,0.3785415472955841,1.6968223972464722,0.0,1.3719798031527857,0.6977596726066913,0.5896143094812009,0.5346741788630224,2.522057991262456,0.6425387999941627,0.5219842407828211,0.12055455921134159,0.0,0.0,0.35746120000583725,0.0,0.0,0.0,0.0,0.95,,0.54706053316458,,0.19106616983379643
B000045,555.1226123545789,1.4307283823571622,9.62607822987069,2.9579733991069785,0.0,0.7076903298563347,0.29323291367267856,10.57338545085808,0.39465001653008935,0.1091162509765371,0.04113108415975878,0.6346120794956926,0.0,0.2512189511950845,2.785262508195363,0.28812842525332694,0.1831138487697322,0.10501457648359468,0.4435587406535913,0.0,0.26831283409308193,0.0,0.3,0.3,0.3,1.0,0.9714771996601304,0.3662280315051154,,0.32152411226147926
B000046,946.3333026295275,1.042217293644854,4.798340311808391,1.921926705918817,0.0,0.44404103567216546,0.6369751134802023,22.990310979330165,0.3469576213547203,0.0,0.060035778091986056,0.3653587402996996,0.0713063398724791,0.19855881402596903,2.46893318202103,0.6361076937765807,0.37034246039396534,0.2657652333826154,0.0,0.0,0.3638923062234194,0.0,0.0,0.0,1.0,1.0,0.8238767227743368,0.4448831761191281,0.4923702135603757,0.19006326769067228
B000047,17820.928507045403,6.231093883582308,15.125687377390875,13.446870829976536,0.06920789336493328,0.5457548068990073,0.030207175389519732,0.9905635873307101,1.532847449318953,0.5814196106031579,1.0069806966895412,1.6142853900937302,0.7313469087583837,0.7642138281185431,2.059251649996286,0.9482791961703628,0.5718393057311595,0.37643989043920334,0.0,0.0,0.0517208038296372,0.0,0.0,0.0,0.0,0.95,,0.44126029044761095,,0.19106616983379643
B000048,33177.656836973205,9.262327425173982,16.192416466926968,14.289317858580068,0.0,0.27729576020429697,0.011728993618195706,0.26155655768576425,1.4480239034809514,1.1758830023652445,0.0,0.9290133143673507,5.17607771493849,0.5333294900219453,1.882365555407055,0.8345358471436393,0.6072823480920165,0.2272534990516228,0.0,0.0,0.16546415285636057,0.0,1.0,1.0,1.0,1.0,0.3280656538366802,,,0.6084446516532538
B000049,5020.1749966125535,8.465725120763159,10.899083176192754,9.371524485927612,0.42489022187383163,0.3073575090357813,7.6575591012273465,48.495251363018994,4.697003374621391,0.8290424503753322,1.1572560474033737,0.0,1.1060678743939591,0.6763553739691036,3.040458074251424,0.445174121812501,0.17782266762386076,0.26735145418864026,0.0,0.0,0.5548258781874991,0.0,0.0,0.0,0.0,1.0,0.2154660112712979,,,0.18847355270950683
B000050,4436.277383720337,1.6652692881833095,9.234492340041445,2.826016065476419,0.06712803059658574,0.25776173184064205,0.4962879766402196,17.93148728669206,0.27231801855641347,0.40796497052726544,0.043017886440819345,0.47553020368928267,0.1427975105165448,0.32364069845298343,2.1289901714344137,0.8219951735272465,0.29145324827479757,0.5305419252524488,0.0,0.0,0.17800482647275345,0.0,0.0,0.0,1.0,1.0,0.8308944114912978,,,0.19006326769067228
B000051,2597.177973205572,5.333014318697273,15.313820016915722,9.708241358350637,0.06650244384671473,0.40927555396953597,0.013648527239917359,0.0441944014117181,0.4186415570589155,1.226646553500348,1.1397575333830994,0.3077417899859729,1.7822177959761913,0.45800908879274604,2.1786956052258564,0.9215000125555298,0.6337849884073976,0.2877150241481322,0.0,0.0,0.07849998744447015,0.0,0.0,0.0,0.0,1.0,0.7653681415472245,0.44077786891494364,,0.19106616983379643
B000052,17186.423065889627,4.665152840903808,12.711219464950283,5.88817449547706,0.0,0.433,0.019107699708992777,0.3952379558372096,1.7106159652356636,1.0473535881697227,1.2041393491010974,0.23389943200735602,0.0,0.46914450638996713,2.362974255581758,0.621793674813042,0.621793674813042,0.0,0.0,0.0,0.3782063251869578,0.0,0.0,0.0,0.0,1.0,,,,0.19106616983379643
B000053,1725.7782878544263,5.513668651292097,13.285068068659816,8.768168222649594,0.0,0.6326685083385472,0.02246213424711579,0.7191919445132038,1.9321468408520406,1.047840056484804,0.3190639265221546,1.3874879741914774,0.0,0.8271298532416208,2.5615856412902858,0.6120763183995822,0.1703870939109876,0.44168922448859455,0.0,0.0,0.38792368160041796,0.0,0.0,0.0,0.0,1.0,0.5547725311787117,,,0.19106616983379643
B000054,514.5711278350628,1.1802090087960158,7.102725541460508,1.5022194872886272,0.5297117779043555,0.25427031941340156,0.4605502687223181,16.621888602765754,0.5735969329865584,0.28455131760257185,0.06237455951162535,0.0,0.08945316514631275,0.17023303354894723,3.0035406429245533,0.22003407596437313,0.22003407596437313,0.0,0.2939529138725283,0.0,0.48601301016309856,0.0,0.0,0.0,0.0,1.0,0.8237993848467924,,,0.19006326769067228
B000055,11291.757985161561,2.722217450617541,14.071768339021597,4.1624261152571576,0.0,0.38381834712194796,0.323272003066841,11.68782462847885,0.8792202504485744,0.7032487880982474,0.05248058557327907,0.6811151026434672,0.16204938157742718,0.24410334227654548,2.382523411072231,0.6770205663588257,0.6174921177623824,0.05952844859644328,0.0,0.0,0.32297943364117415,0.0,0.0,0.0,0.0,0.6,0.5151284045397416,,,0.19006326769067228
B000056,3603.0891182800806,3.211309374581177,7.218549007266471,6.513323066332802,0.0,0.365,0.023583237717441786,0.07105185800959501,0.5101563164902038,1.81209793290981,0.0,0.0,0.0,0.8890551251811636,1.6783999838599184,0.90912287529343,0.90912287529343,0.0,0.0,0.0,0.09087712470656995,0.0,0.0,0.0,0.0,1.0,0.5447549445462035,,,0.19106616983379643
B000057,3875.4793990183575,6.0084951922765235,23.38933384586358,9.744422502993359,0.0,0.357230025027099,0.006994932787752281,0.15598700116687586,1.597827286542399,0.2269546972356066,1.3003107691292148,1.4535888490896205,1.2004350114314863,0.2293785788481968,2.2078020025303235,0.696299668155909,0.6640616001506913,0.03223806800521787,0.03777230237736399,0.0,0.265928029466727,0.0,0.0,0.0,0.0,1.0,0.11590535880520644,,,0.19106616983379643
B000058,18369.87830690472,17.461861508464562,35.22959776539517,9.477548403425818,0.0,0.382856405301557,0.07096217059867785,4.602926915758423,13.334220557968866,0.8424541893930736,0.13574543684775184,2.489583584330008,0.08935587752044039,0.5705018624044284,3.246270984565244,0.17412670534320668,0.16635288141372756,0.0077738239294791005,0.048245382600514704,0.0,0.7776279120562789,0.0,0.0,0.0,0.0,1.0,0.1753384793568849,,,0.191088296168766
B000059,4714.589204330074,2.607626772306457,8.681985043968952,3.8840283150714385,0.0,0.27077250876431885,0.7724645917235284,27.963218220391727,0.9655807396544105,0.5116838809674646,0.07950959382226001,0.7669716531458652,0.0,0.2838809047164565,2.665944019933278,0.41858656478009537,0.09396907888911826,0.324617485890977,0.19622588876661906,0.0,0.3851875464532857,0.0,0.0,0.0,0.0,1.0,0.2547539257519517,,,0.191088296168766
B000060,4896.154867215206,4.107512472495978,7.991213202502895,1.4210124141263518,0.0,0.4845306272797325,0.030464988198169014,0.6939108749062745,2.985660899403877,0.0,0.08435814916984856,0.20075311550429276,0.12502962321071778,0.711710685207241,2.8640220066552238,0.4410948296473771,0.36178095272150995,0.07931387692586721,0.0,0.0,0.5589051703526227,0.0,0.0,0.0,0.0,0.5,0.5346416199369193,,,0.191088296168766
B000061,3874.28699294285,4.1614253415068205,6.643095594156233,4.580035408068959,0.0,0.4693290961332105,1.4198059827368292,51.25987656924454,1.984492730565808,0.8894202971075063,0.0,0.4504567151566352,0.0,0.8370555986768715,2.9168851111891057,0.32768253752332566,0.32768253752332566,0.0,0.21372972578319857,0.0,0.4585877366934759,0.0,0.2,0.2,0.2,,0.18192206712968606,,,0.2770151739533745
B000062,6532.474347707816,6.3856054229792925,9.328910103120391,7.3968249639509605,0.6035534151667559,0.38585204932687867,0.025169349639926075,0.6723482796390295,4.9742312927241565,0.0,0.2324105620236426,0.3034369786730843,0.0,0.8755265895584056,1.6784607263224502,0.8560893902797945,0.772174474590137,0.08391491568965748,0.0,0.0,0.14391060972020542,0.0,0.5,0.5,0.5,0.5,0.14240457517912847,0.32077093337331464,,0.40484810018049977
B000063,12973.472619837137,5.239690072632123,17.7873675002938,7.217118412967019,0.0,0.23113272335920088,0.015010391271523047,0.2891279744892121,1.2161937126254352,1.6531026618205955,0.4538587846990722,0.6681012169309218,0.9588073082305327,0.2896263883255669,2.3605049518095207,0.7429682205610919,0.44401301804000537,0.29895520252108665,0.0,0.0,0.25703177943890815,0.0,0.0,0.0,0.0,1.0,,,,0.19106616983379643
B000064,26341.620261278294,11.152252439152537,16.878256126182123,16.64462760171233,0.0,0.28150264389924806,0.010340412547862951,0.2305911998173438,3.2847697504823685,1.1866640102659292,1.7281123226081911,1.4698139831940755,2.836398205884152,0.6464941667178224,2.041453379354507,0.9257850086877599,0.6390334019383276,0.2867516067494324,0.0,0.0,0.07421499131224012,0.0,0.5,0.5,0.5,0.5,,,,0.40484810018049977
B000065,2988.0004273135273,2.8082710783021874,12.487296225660995,4.913662780180039,0.0,0.45440551413515373,0.6661108918731041,24.022490042185073,0.8288470633694102,0.0,0.022033309749852594,1.3657342510433996,0.1831101370194208,0.40854631712010425,2.8076564845150958,0.595354735527793,0.101183224979651,0.49417151054814223,0.06520386811451434,0.0,0.3394413963576924,0.0,0.0,0.0,0.0,1.0,0.5828881811678432,0.4404667905858567,,0.19006326769067228
B000066,2602.776771409129,6.9407380570910115,9.02885746978124,9.343894172392009,0.6436200097496915,0.453,0.01913030008548534,0.7608435675116998,4.425376521149565,0.6963626767481647,0.0,0.0,0.8487466113742738,0.9702522478190072,3.1426977618519185,0.36240548415043905,0.36240548415043905,0.0,0.0,0.0,0.637594515849561,0.0,0.5,0.5,0.5,0.5,0.46375820013529817,,,0.40484810018049977
B000067,5657.907231738732,4.018400022541713,9.029882888522256,8.557769999168029,0.0,0.44844268892842026,0.01805583389367924,0.10542320764500718,0.5713411559825559,0.6227672698769763,1.3435495299061115,0.599936769219126,0.0,0.8808052975569436,2.1387931579856474,0.8578187455759639,0.5535424086664497,0.30427633690951433,0.0,0.0,0.14218125442403615,0.0,0.0,0.0,0.0,1.0,1.4291686104177108,0.5576724409423872,,0.19106616983379643
B000068,1806.720908728265,2.4448185503765427,11.990274723746161,3.8750230763898723,0.0,0.4662538465433131,0.35645604527776,12.828528128601958,0.9669346821163162,0.2997862771330585,0.0,0.44231019155731616,0.3409025309773735,0.3948848685924783,2.5359183519225317,0.6044963410608152,0.33300729631226467,0.2714890447485506,0.0,0.0,0.39550365893918477,0.0,0.0,0.0,0.0,0.6,0.7465865854166053,,,0.19006326769067228
B000069,16711.65768366546,4.867945727837303,12.732304388026286,6.527890717567334,0.0,0.22001116955951266,0.022099271224615212,0.7128129001738827,1.8682365135129486,0.0,1.302781238929904,0.0,1.2511342336256832,0.4457937417687675,2.0839305536506014,0.6976267982041804,0.6976267982041804,0.0,0.2676244378568072,0.0,0.03474876393901278,0.0,0.0,0.0,0.0,1.0,,,,0.19106616983379643
B000070,7529.996147103022,4.4688404433845825,10.960393549433249,6.525418932238454,0.04991216097282349,0.5518583480784738,0.01152543507986415,0.36086793140118434,2.57118921762135,0.0,0.08920809439504095,0.9494876033083554,0.1727416220816312,0.6862139059782045,2.9650643381918584,0.38598594546714216,0.38598594546714216,0.0,0.03865468554316995,0.0,0.5753593689896879,0.0,0.0,0.0,0.0,,0.631339867500642,,,0.191088296168766
B000071,6754.767182525826,6.2486282909582105,15.215628318214529,0.6686161418473948,0.0,0.4567425159895394,0.04012445495176695,1.6982887185103583,5.309972307603487,0.0,0.08971388955794682,0.14163178611334026,0.0,0.7073103076834371,1.9771560837110627,0.7075718447553383,0.6705484109873152,0.03702343376802317,0.0,0.0,0.2924281552446617,0.0,0.0,0.0,0.0,0.5,0.21676700000944063,,,0.191088296168766
B000072,8390.242553405398,23.371149173831192,51.16938683872506,4.922848291536786,0.0,0.13220295623211026,0.05900447465397411,2.4740705029090404,21.214139453952964,0.0,0.12751647603866229,1.2327533548186684,0.2322224216554781,0.5645174673654211,1.3720837959248406,0.9945438508354802,0.9417970498266969,0.052746801008783484,0.005456149164519612,0.0,0.0,0.0,0.0,0.0,0.0,0.9,,0.3368108632556058,,0.191088296168766
B000073,1135.644640228186,3.1458300283329255,9.255976807232262,5.019361049015584,0.0,0.2988267498555141,0.9465823112414554,34.26627966694069,1.1832278890518193,0.7399658257876888,0.14395644316206255,0.7649406700307358,0.0,0.3137392003006191,2.701176299095513,0.5768982636879164,0.333738060135501,0.24316020355241574,0.0,0.0,0.42310173631208337,0.0,0.0,0.0,0.0,1.0,1.330167790285693,0.3759847345001761,0.3591964514644556,0.191088296168766
B000074,23038.29580256972,7.21977305000618,13.772174916056516,8.091006117559573,0.0,0.433,0.016028369817231398,0.4529276523964328,2.826788558482164,0.0,0.0,0.0,3.8513189119583564,0.5416655795656589,1.9147965584164905,0.9847753370523559,0.9847753370523559,0.0,0.0,0.0,0.015224662947644192,0.0,0.0,0.0,0.0,1.0,0.13076017116917682,,,0.18847355270950683
B000075,404.0351929441424,1.1989174864811347,8.11488423108198,0.8870429878765231,0.0,0.24,0.3975992609291616,14.39309324563565,0.496999076161452,0.595205844865147,0.0,0.0,0.0,0.1067125654545356,2.7443806390770034,0.5676013411831018,0.5676013411831018,0.0,0.0,0.0,0.43239865881689815,0.0,0.0,0.0,0.0,1.0,0.7645274158772627,,,0.19006326769067228
B000076,5659.242516621817,9.740520682653731,15.42109328492376,8.057127773095505,0.04227966266249251,0.0767269713519504,0.014325992381151733,0.18129155528560076,3.822873434036214,0.5187467971091783,0.0,0.15423515867885115,4.457927810837334,0.7867374819921522,1.644193077334343,0.915784164999333,0.8999497795795148,0.015834385419818336,0.0,0.0,0.08421583500066693,0.0,0.5,0.5,0.5,0.5,0.1714293953321665,,,0.40484810018049977
B000077,5604.557149965894,5.604557149965894,9.367903250032365,7.637471560408852,0.0,0.35563761218941575,1.3004458178695015,61.1241761434452,1.80191198409495,0.654840699908158,1.460153903242642,0.47581004685301725,0.5595613041162123,0.652279211750914,2.523341535730066,0.6303177974343475,0.2699476284244471,0.3603701690099003,0.0,0.0,0.3696822025656526,0.0,0.2,0.2,0.2,0.98,0.3821606601028708,,,0.2770151739533745
B000078,10092.363742276459,2.9126590886800745,11.989831404579034,5.3846581581461646,0.0,0.37909237088737674,0.513128630488791,18.62256945545491,0.5723203745430702,0.9853274850065727,0.05102340297272718,0.670667925042314,0.16885144011086164,0.46446846100452877,2.026544760876082,0.6959511769498374,0.4481736973196728,0.24777747963016464,0.05797157682033423,0.0,0.24607724622982832,0.0,0.5,0.5,1.0,0.5,1.2430755655178949,,,0.40649680945047806
B000079,17787.79402666342,9.020179526705588,14.895198642128666,11.71204557708239,0.0,0.47019886253672105,0.010643580634590543,0.1531984572936852,3.5743367802729433,0.24619834827407489,1.9575285877799917,1.4502369997044644,0.915255044238246,0.8766237664358687,2.8772486597590743,0.4357699726009495,0.08999171274945758,0.3457782598514919,0.1607769552048073,0.0,0.40345307219424326,0.0,0.5,0.5,0.5,0.5,0.21917272975210475,,,0.40484810018049977
B000080,20773.163093231724,14.649621363351004,32.109757942911074,6.054170105539893,0.0,0.25259158189710973,0.05850616250891595,2.7146859404137005,11.70123250178319,1.313860739662846,0.11580896923056347,0.8126798017227964,0.0,0.706039350951608,3.3854043932735336,0.19707809060141035,0.0994871922816751,0.09759089831973528,0.0,0.0,0.8029219093985895,0.0,0.0,0.0,0.0,1.0,0.17971137076961458,,,0.191088296168766
B000081,1004.6474773273441,1.2733174617583576,6.669128248487066,1.2628380366774445,0.0,0.433,0.5733365678671362,20.744969805286868,0.31484883545062714,0.48878968001882694,0.0,0.1123212254396367,0.0,0.3573577208492669,2.2497472329085197,0.7527334345860268,0.6645219485953067,0.08821148599072016,0.0,0.0,0.24726656541397313,0.0,0.0,0.0,1.0,1.0,,0.4940944191027146,,0.19006326769067228
B000082,7519.211474541378,4.236175478614861,7.177489270314222,3.4101923575566033,0.0,0.3098488928965955,2.018307904981792,73.07556932568082,1.69201131296646,1.0095913450694511,1.0061490309647447,0.0,0.0,0.528423789614205,2.2339289651683516,0.7186343839234312,0.7186343839234312,0.0,0.23751353928655808,0.0,0.0438520767900108,0.0,0.2,0.2,0.2,0.98,0.3577292282458749,0.26084848962990603,,0.2770151739533745
B000083,5200.370699774194,5.862875647997964,13.310778807248415,10.097595390335568,0.17980266329644237,0.43972505431593223,0.017991476905608088,0.38121372445058127,2.636288773261451,0.16080620563986742,1.0587960382827066,1.1475685160612223,0.0,0.8594161147527163,2.728011198890496,0.4077659498024607,0.39458336958967294,0.013182580212787749,0.027427872480082195,0.0,0.564806177717457,0.0,0.0,0.0,0.0,1.0,0.22149918130673052,,,0.18847355270950683
B000084,30666.430179174244,7.68582210004367,12.694202714301278,11.491367665920624,0.0,0.458207976574494,0.019350016737762845,0.37146169794820105,3.530588933107399,0.5435783399122939,0.0,1.1573225999809122,1.8541664485917226,0.6001657784513413,2.8156264515255005,0.36707874696652354,0.2963539327779145,0.0707248141886091,0.15057889512877698,0.0,0.48234235790469937,0.0,0.0,0.0,0.0,1.0,0.15404654260229475,,,0.18847355270950683
B000085,22482.8753762195,4.507392818007117,7.401220994280982,4.796546038843301,0.0,0.319799781238344,1.783732198443539,64.52316149019434,1.0837071624058816,1.3149720333359451,1.163808865614592,0.301820249771672,0.0,0.6430845068790262,2.126288750467041,0.6926100146758128,0.6926100146758128,0.0,0.0669611595789687,0.0,0.24042882574521832,0.0,0.0,0.0,0.98,0.98,0.37120957220644923,,,0.1887933662721779
B000086,9462.579744949298,4.342624940316337,9.193867745943313,4.109297219361825,0.0,0.31074109648001563,0.011354846718766931,0.4711260771636257,1.2277100881519882,0.0,1.1968812805820541,0.0,1.2279007110371651,0.6901328605451299,2.2461660150392952,0.7172884821910143,0.4345330686075149,0.28275541358349937,0.0,0.0,0.28271151780898585,0.0,1.0,1.0,1.0,1.0,0.19390254119999428,,,0.6084446516532538
B000087,113806.36035117817,29.452991809311122,68.2714803130676,8.96300373036481,0.0,0.35985253470716155,0.0966294948270938,6.435524355484446,25.705700888206675,0.7131397802352838,0.08496387093722221,2.2022579551227723,0.21603972283170897,0.5308895919774572,1.1588165448853907,0.9971152719734787,0.9267926744615389,0.07032259751193984,0.0028847280265213047,0.0,0.0,0.0,0.0,0.0,0.0,1.0,0.18082355278881795,,,0.191088296168766
B000088,12739.169814348084,3.3898802060532423,15.340169623873715,6.333261732199185,0.0,0.24832127421283798,0.6207550549835088,22.40601222362678,0.7731589974991573,0.961208085640872,0.09028933577854634,1.016898716786353,0.3649651290710724,0.1833599412772423,2.415847533977531,0.3769326108393191,0.3502976472741411,0.02663496356517804,0.3912153628154243,0.0,0.23185202634525692,0.0,0.0,0.0,0.0,1.0,,0.2908633979161459,,0.19006326769067228
B000089,2127.0725763445716,5.291225314289979,11.133103837571305,7.028945118361362,0.3545219951502946,0.3621429431603106,2.9569508306095678,107.08499011659369,0.8118788292610175,0.41164808202735376,0.1148046030814707,1.3590345167012075,0.0,2.593859283218927,2.332071085650621,0.907831003147419,0.6292869925942699,0.2785440105531492,0.0777982523094638,0.0,0.014370744543116654,0.0,0.0,0.0,0.98,0.98,,,,0.1887933662721779
B000090,25625.840681348065,5.995751212294821,13.925186719215654,16.127946972079023,0.02680414389560798,0.46208414130390063,0.018546424180602532,0.14782784633879834,0.49322320409418646,1.9738688595208436,1.4117888646386876,1.084881206141267,0.0,1.0319890778998377,2.136346700022258,0.5885266122189933,0.5885266122189933,0.0,0.3292112680514912,0.0,0.08226211972951586,0.0,0.0,0.0,0.0,1.0,0.5576734526912358,0.3597693068101833,,0.19106616983379643
B000091,71517.52197891728,20.456957087790986,34.459040694903166,9.336553652158079,0.0,0.4533654581714531,0.08583673115425247,3.9820559022640603,16.39892293759565,0.5439324156817203,0.17553206308292524,2.465004688608109,0.0,0.8735649828225852,3.2443714839747075,0.19836939251425795,0.16319972012959852,0.03516967238465943,0.0,0.0,0.8016306074857422,0.0,0.0,0.0,0.0,1.0,,0.33925133665732826,0.5201496428992762,0.191088296168766
B000092,3254.0795227309186,10.463278208138002,14.92998045995709,9.44654528044464,0.0733577814059922,0.5100743109566237,0.015495015508853058,0.12900006709004008,6.588299511598747,1.1212645100393777,0.0,1.1189387951758554,0.0,1.6347753913240224,3.0724575490115122,0.37034078798797704,0.36056348721759457,0.009777300770382432,0.0,0.0,0.629659212012023,0.0,0.0,0.0,0.0,1.0,0.30083013351101695,,,0.18847355270950683
B000093,13213.789074251634,5.777782717206661,9.897263275615583,7.953661833818141,0.0,0.14154696987836254,0.012376662617459702,0.5742771454501301,1.527983039192556,0.3478790180680776,0.0,0.7566855083705094,2.1419224026687176,1.0033127489068006,2.1861827604112785,0.7216854854792466,0.7216854854792466,0.0,0.0,0.0,0.2783145145207533,0.0,1.0,1.0,1.0,1.0,,,,0.6084446516532538
B000094,8001.648963849018,4.797151656983824,19.049043423055092,11.991176608424231,0.0,0.4392209970933143,0.011022825532009851,0.1627254830999805,0.19079475158912063,1.736052304848177,0.5801889028324073,1.0044251350544509,1.0103393359548194,0.2753512267048488,1.5180929165855275,0.9827869357634826,0.8618424786526151,0.12094445711086756,0.0,0.0,0.017213064236517427,0.0,0.0,0.0,0.0,1.0,0.6502062458767288,,,0.19106616983379643
B000095,1099.1077715642616,1.895013399248727,10.185451921990218,4.081745798801672,0.0,0.5967786587177856,0.3551323190139017,12.85578994830324,0.48915599179048685,0.08245936011898514,0.0,0.7578702598248492,0.2124777414518553,0.35305004606255014,2.521532467288769,0.710998113983749,0.5553595830436683,0.15563853094008068,0.0,0.0,0.289001886016251,0.0,0.3,0.3,0.3,1.0,0.8879367988479145,,,0.32152411226147926
B000096,3116.3495943249336,2.592636933714587,4.696987090221724,4.497596091754181,0.4027166379117077,0.39856592664944546,1.5717677729528814,56.2551190957472,0.9427168070160341,0.0,0.18363625982294515,0.6244237277287528,0.25328824816940493,0.58857189097745,2.6411204300298405,0.6363868790276928,0.42048203913850174,0.21590483988919087,0.0,0.0,0.36361312097230736,0.0,0.0,0.0,0.98,0.98,0.5396997539052458,,,0.1887933662721779
B000097,10077.288696904721,4.63963567997455,10.197378807528043,8.022484399071875,0.0,0.43999410675304623,1.2459964646180224,58.43034630929296,1.6252502476092567,0.0,0.6277158547231048,1.323219471779074,0.3968254652701602,0.6666246405929523,2.6291896434727855,0.4846859177826344,0.19948691444486963,0.28519900333776477,0.13529421230904665,0.0,0.38001986990831865,0.0,0.0,0.0,0.0,0.98,0.3949095788340872,0.3493272895692908,,0.1887933662721779
B000098,6127.878705904345,1.7007712200678171,12.102979325487178,3.9884004165028455,0.0,0.54231809586961,0.23788597039150366,8.492532799356802,0.6341868253971064,0.20862007699733703,0.044327837205747476,0.5404147230844258,0.0,0.27322175738320087,2.6335019475730546,0.6271180874216473,0.5044560417944769,0.1226620456271705,0.0,0.0,0.37288191257835285,0.0,0.0,0.0,0.0,0.6,0.4579262529843437,0.24306610093110803,,0.19006326769067228
B000099,5747.527179686824,5.852879001717743,9.0737558215794,8.317661334887662,0.0,0.15132445448010637,0.012013637979794736,0.5574328022624757,1.5511065398188932,1.1423444783098056,0.0,1.9082959133973185,0.0,1.251132070191726,1.8765287641614603,1.0,0.6739560286762705,0.32604397132372953,0.0,0.0,0.0,0.0,1.0,1.0,1.0,1.0,0.29946573637110246,,,0.6084446516532538
B000100,6033.816101887873,18.229051667334964,30.729991401764764,1.1162342463580077,0.0,0.12387541734819647,0.09649254444222234,5.66980270435296,16.764681843906466,0.0,0.0,0.5445623711893275,0.17625540048512453,0.7435520517540484,3.57403875012218,0.05453427528443337,0.024660951036571326,0.02987332424786204,0.0,0.0,0.9454657247155667,0.0,0.0,0.0,0.0,1.0,,,,0.191088296168766
B000101,1376.3529054148864,2.6725299134269638,12.301427972267746,3.742760862552553,0.0,0.30818684494689474,0.6423623522890709,23.220285745532177,0.8015361852738475,1.032297969646421,0.045927543950306654,0.5635079182528693,0.0,0.22926029630351974,2.444741469394394,0.6880947982327948,0.47724293258228573,0.21085186565050923,0.0,0.0,0.311905201767205,0.0,0.0,0.0,0.0,1.0,0.8411389851314541,0.33357136960629963,,0.19006326769067228
B000102,27046.159026852383,7.239335927958347,24.595681393805695,12.228814340123039,0.057946645426195806,0.2306754238981644,0.017309339723034757,0.4979192543800983,1.0726958580884514,1.834605722491654,0.7908528322604941,1.9745494049556054,1.2466580899115418,0.3199740202506003,1.8282489401089292,0.9798713401725486,0.6984213643117574,0.2814499758607913,0.0,0.0,0.02012865982745139,0.0,0.0,0.0,0.0,0.95,0.4738133013158745,,,0.19106616983379643
B000103,27475.2388412347,12.039981963731243,17.798942856946194,11.317359529234087,0.0,0.29286683094013755,0.020377516507313558,0.6460952879404247,6.240384658140303,0.8907057034799728,2.0536666671232315,1.4969783209195806,0.0,1.3582466140681588,2.8631837505899753,0.4816948499641791,0.28338192627441644,0.19831292368976267,0.0,0.0,0.5183051500358211,0.0,0.0,0.0,0.0,1.0,0.193283521015426,,,0.18847355270950683
B000104,18752.218764388144,9.461260728752848,13.858113924936301,15.100087442242684,0.4098134415002311,0.4207965655877765,0.01620174091071339,0.20235705947119734,4.162712766193427,0.6977674456074202,2.3491616188958413,0.5684864344947688,0.8733458597342758,0.8097866038271132,2.9519323725389306,0.31173291046724555,0.2516472146183686,0.06008569584887709,0.24829266270579775,0.0,0.4399744268269565,0.0,0.5,0.5,0.5,0.5,0.24574746284718968,,,0.40484810018049977
B000105,5595.326506942256,8.439406496142166,15.29780226099243,11.996418083484462,0.0,0.365,0.01665530052501231,0.6252473595898478,3.3407572120055833,0.0,0.0,2.2887877253256455,2.2066174609644063,0.6032440978465331,2.8902662084746504,0.31353201730824515,0.31353201730824515,0.0,0.27120245083252,0.0,0.41526553185923526,0.0,0.5,0.5,0.5,0.5,0.3648560535182985,,,0.40484810018049977
B000106,15042.363412025723,3.3279565070853367,6.595525491617728,2.6763908780711954,0.0,0.6946485508036272,0.9808711514699989,35.48604370911963,1.7366025179243305,0.2543476394494319,0.0,0.3639503708926845,0.0,0.9730559788188905,2.8209310796159333,0.5826006577704554,0.3968115679714338,0.18578908979902176,0.0,0.0,0.41739934222954467,0.0,0.28,0.28,0.28,0.7,,0.3494839739177317,,0.3116940136216534
B000107,2039.1302175726762,4.385226274349841,11.145877005993105,8.077963865422358,0.0,0.41542320276291433,1.5973165424464562,75.01170837855732,1.0018298175476976,0.0,0.0,0.6977455509858319,1.933485696781147,0.7521652090351647,1.9226505821934672,1.0,0.5590910078938155,0.44090899210618445,0.0,0.0,0.0,0.0,0.0,0.0,0.0,1.0,,0.31997849517667604,0.7336725776960501,0.191088296168766
B000108,20298.122640954294,4.392582263785824,10.989480011967187,5.181153706152734,0.0,0.0,0.0381668841117392,0.8040940188729527,2.527301577347559,0.0,0.0,1.0463858024946058,0.0,0.8188948839436595,1.689406692803381,0.9483625511281243,0.9483625511281243,0.0,0.0,0.0,0.051637448871875664,0.0,0.0,0.0,0.0,0.95,,,,0.19106616983379643
B000109,754.6266152114428,2.450086413024165,12.66456362916588,3.0543464321327733,0.08778425317986897,0.44322980596284994,0.6121874193084259,22.0780610867417,0.8328076579258223,0.9428153834598255,0.01733509610799862,0.11262837956784727,0.21413116170345192,0.33036873425921903,2.320174039714711,0.7080609023303874,0.6206635107260858,0.08739739160430175,0.045969145810179406,0.0,0.24596995185943288,0.0,0.0,0.0,0.0,0.6,,,,0.19006326769067228
B000110,107685.06798879929,86.98309207495903,352.67500466465657,164.123867517373,0.0,0.36500000000000005,0.6691108354881736,24.221812244671888,0.3680109595184955,0.0,0.07150175398550691,86.18992985572253,0.15781273490825712,0.1958367708242427,2.6681775592557466,0.0047986189628673745,0.002162307888800834,0.0026363110740665404,0.9908814207414817,0.0,0.004319960295650848,0.0,0.0,0.0,1.0,1.0,,,,0.19006326769067228
B000111,9470.637154740942,2.9725791446142313,9.849934425351544,6.176467479912554,0.0,0.20383676064897113,0.011441450603311738,0.21504208955508147,0.5105966043879405,0.0,1.0515453583170082,1.0840353817905606,0.0,0.32640180011872205,1.4817062897859596,0.9839319779041651,0.9839319779041651,0.0,0.0,0.0,0.01606802209583476,0.0,0.0,0.0,0.0,1.0,,0.43547460466481525,,0.19106616983379643
B000112,476.3547083821883,1.0850904518956452,8.054181304390362,0.8175741510560793,0.0,0.365,0.5478907745874684,19.800165558270614,0.5550221039290492,0.4316791517576099,0.0,0.0,0.0,0.09838919620898617,1.9338277149678862,0.9444230286762608,0.9444230286762608,0.0,0.0,0.0,0.05557697132373928,0.0,0.0,0.0,0.0,1.0,1.359069992399065,0.33038737893155856,,0.19006326769067228
B000113,1076420.1028031432,926.3512072316206,3043.039850460227,1994.6897055676732,0.0,0.4528774404084508,0.012892823779832216,0.22740516059140692,0.3655447820518732,924.247008417605,0.6930830689446584,0.0,0.7737270645466725,0.2718438984726461,2.334185373999033,0.9987998299484153,0.9979645883483542,0.0008352416000611022,0.0007481860697476946,0.0,0.0004519839818371196,0.0,0.0,0.0,0.0,1.0,,0.504303779293545,,0.19106616983379643
B000114,1201.6515963754039,1.82068423693243,11.108745630540604,3.989305197619637,0.0,0.39843409031996424,2.435915977551648,121.30902696894826,0.23643822761441977,0.6349566895748994,0.0,0.6189752801244383,0.08699996202366486,0.24331407759500803,2.590875643974989,0.5213915189063844,0.18142302378319083,0.33996849512319355,0.3487461893143551,0.0,0.12986229177926065,0.0,0.0,0.0,1.0,1.0,,,,0.19006326769067228
B000115,2958.8317126658494,7.932524698836057,19.510361926896692,1.8299446057817417,0.17351446774504975,0.295931091019447,0.026669693736155242,1.237473789357603,6.521089369894575,0.5610245802140146,0.09398268209666254,0.2357371049411714,0.047406551903615486,0.4732844097860186,3.397933540041883,0.148212362222184,0.148212362222184,0.0,0.029717790223301944,0.0,0.8220698475545141,0.0,,0.0,,0.5,0.08878468604645942,,,0.191088296168766
B000116,7924.369201811815,11.792216074124726,21.256236725926104,3.4374413816184393,0.0,0.809,11.960675816732515,231.21128487219025,10.034825168091066,0.0,0.0,0.5402788820378711,0.0,1.21711202399579,2.800022283394612,0.42219846205411815,0.37638189300197983,0.04581656905213834,0.0,0.0,0.5778015379458818,0.0,0.0,0.0,0.0,0.5,,,,0.191088296168766
B000117,4502.511720556721,4.115641426468667,12.171859060730855,5.979693706844556,0.0,0.37464118059998786,0.01903462338914183,0.6376303045421357,1.5839182133193206,0.0,1.120905764006376,0.9722110690321634,0.0,0.4386063801108059,2.526179467041094,0.6460145890224007,0.6460145890224007,0.0,0.0,0.0,0.3539854109775992,0.0,0.0,0.0,0.0,0.95,0.7230298172883641,0.5047541623851424,0.16588395693431443,0.19106616983379643
B000118,12338.619442153691,2.5976040930849877,10.259350082114025,4.39889849108781,0.0,0.5426848791374111,0.0073525329615992995,0.1639614850436644,1.0840912860482197,0.15044684295240482,0.6093087897874966,0.23935182120843412,0.0,0.5144053530884318,1.7436157196784008,0.7654343125615172,0.7075167710266446,0.057917541534872594,0.23456568743848272,0.0,0.0,0.0,0.0,0.0,0.0,1.0,0.44699412094883556,,,0.19106616983379643
B000119,3432.0214050069726,2.1042436572697563,9.666640047759907,0.3956612863476705,0.0,0.12454953589855823,0.6613496928492957,23.874320045590135,0.5067189090658393,0.0,0.0,0.14517250355490935,0.12553074916609125,1.326821495482916,2.173092619845902,0.9321718456265982,0.9321718456265982,0.0,0.05965599503289779,0.0,0.00817215934050392,0.0,0.5,0.5,1.0,0.5,0.7279128863451997,,,0.40649680945047806
B000120,1563.4076077196432,4.191441307559365,7.967201638779314,10.961674515517256,0.42905885631357477,0.4142414169024256,2.5306719986056625,91.3706607609478,1.0153139947613423,0.0,1.0380184004592987,1.3123497992284363,0.2702858966955421,0.5554732164147455,2.0492621570051077,0.8995061037639268,0.5864038310775402,0.31310227268638635,0.0,0.0,0.10049389623607331,0.0,0.0,0.0,0.98,0.98,,,,0.1887933662721779
B000121,6387.379336458142,10.699127866764057,35.31710107771237,5.8279750161068185,0.0,0.1112153680945992,0.05782756368873146,2.0422789983920135,8.321990689339781,0.0,0.018347655194524814,1.405952976931698,0.28985460114122696,0.6629819441568232,3.2630587847096444,0.19508903924468596,0.061965980069863556,0.13312305917482242,0.02709142322166613,0.0,0.7778195375336479,0.0,0.0,0.0,0.0,1.0,,0.30853785117230215,,0.191088296168766
B000122,387.9611272695505,1.0806716637034832,6.320326613680026,1.9600699692247932,0.4634979479643892,0.25374596985751763,0.4739711105109797,17.157754200497465,0.2606841107810388,0.3248680267771547,0.0,0.11380749691065022,0.23611283974324346,0.14519918949139604,2.600397979378284,0.4367015508717939,0.3313897334779432,0.10531181739385084,0.300616771669413,0.0,0.26268167745879295,0.0,0.0,0.0,1.0,1.0,1.3817710245534913,,,0.19006326769067228
B000123,19199.782847264287,7.940356843368192,20.56392397141454,0.5427173525284105,0.0,0.20832813735905048,0.02727118461584121,1.132582183139479,6.988535538307933,0.0,0.05462763987090941,0.3114979033836609,0.0,0.5856957618056875,2.8861475162122217,0.36860125180104775,0.32937154090413445,0.03922971089691326,0.006879746206435869,0.0,0.6245190019925163,0.0,0.0,0.0,0.0,0.5,0.15973915022131865,0.20910074845495719,,0.191088296168766
B000124,7289.549448131369,11.044771891108136,31.35593288457937,1.6193296778080677,0.0,0.4433698505792258,0.05081334683961003,2.3124277764717465,9.831928368752965,0.6254720096266269,0.0,0.08670884964462983,0.0,0.5006626630839136,3.5145049853303565,0.1019262794015766,0.03744501475503237,0.06448126464654426,0.0,0.0,0.8980737205984234,0.0,0.0,0.0,0.0,1.0,0.23848535005709331,,,0.191088296168766
B000125,5256.6710980386615,4.4472682724523365,8.174899369188918,4.882308849136741,0.0,0.2600190047933204,2.4188625461069324,87.45599167519187,1.84344848396106,1.1663872627788243,0.2026638146405289,0.5019978608755412,0.1842322272518329,0.548538622944549,1.806637252086186,1.0,0.6921590977770217,0.3078409022229783,0.0,0.0,0.0,0.0,0.0,0.0,0.0,1.0,0.9018303432505541,,,0.191088296168766
B000126,3878.835260723638,2.684315059324317,12.312912591155243,5.258694151464259,0.0,0.28394151375118337,0.4420948209070984,20.674038414685043,0.6054106359170289,0.8284957980314054,0.0,0.8410646900699326,0.16764195674612753,0.24170197855982184,2.2001458505505256,0.7744636443423225,0.7744636443423225,0.0,0.0,0.0,0.22553635565767755,0.0,0.3,0.3,0.3,1.0,,,,0.32152411226147926
B000127,6242.875582699106,9.289993426635576,17.55395443682757,1.77431151204967,0.0,0.809,0.04433196853285236,2.0557190137791435,8.387969463850785,0.1962635637327709,0.0308483098095869,0.0,0.0,0.674912089242434,1.9813877753356401,0.758092250217784,0.7336453143468501,0.024446935870933943,0.0,0.0,0.241907749782216,0.0,0.0,0.0,0.0,0.5,0.17306127982387148,,,0.191088296168766
B000128,166710.1724680734,413.6728845361623,764.5154480460744,778.9489574475788,0.00031710083302655936,0.3643984778177576,1.4572301815666664,52.62569793119973,1.8162704818265378,0.69476221164038,0.10895184030325118,410.34882569243973,0.21577756159992242,0.4882967483523854,2.006627964952921,0.99560940407331,0.001965384197630401,0.9936440198756794,0.0,0.0,0.004390595926689906,0.0,0.0,0.0,0.0,1.0,,,,0.191088296168766
B000129,1688.7202044573557,3.5853932154083985,8.726204841609944,1.0232003980585684,0.08801910351096078,0.3405599451126018,0.010699966207871529,0.30593469883609814,2.635459657111214,0.0,0.07380691968438449,0.43461993006627114,0.0,0.44150670854652907,3.275851278065196,0.23250174163912116,0.09069669566378238,0.14180504597533877,0.0,0.0,0.7674982583608788,0.0,0.0,0.0,0.0,0.5,1.038036846347611,,,0.191088296168766
B000130,804.1915063298896,1.5435537549518035,10.04478567350642,2.4022262781902466,0.02931665950026989,0.11584150431154677,0.4310005383422873,15.586651753187136,0.23676402881503783,0.6342517798884966,0.03442125729503417,0.2874245865192469,0.1708316189768649,0.1798604834571226,1.9224115971705236,0.832660438655007,0.6403313408580089,0.19232909779699783,0.0,0.0,0.16733956134499284,0.0,0.0,0.0,1.0,1.0,1.2536157151473937,0.33454784747716,,0.19006326769067228
B000131,3945.834996759046,7.459045362493471,11.200332595448799,11.140156565261494,0.0,0.36447782892215236,1.4795668375439492,53.42064940501576,2.0625091786436043,0.5822862657884329,1.3730034848299428,1.4941174134590705,0.8332706675824726,1.113858352189948,2.3281480812587776,0.7172714729636479,0.40524922776529937,0.31202224519834865,0.0,0.0,0.2827285270363521,0.0,0.2,0.2,0.2,0.98,0.33962328889875276,0.3512311135914848,0.5957007111669026,0.2770151739533745
B000132,2163.049509757973,2.2986711049500244,11.554756467607266,3.949768247199648,0.0,0.4797418971301724,0.5565859805566793,20.108590650504357,0.6928043988100087,0.6384085592954523,0.0,0.36528448028874555,0.15171568469281496,0.4504579818630019,2.3459180578093064,0.6533077184000142,0.6533077184000142,0.0,0.0,0.0,0.3466922815999851,0.0,0.0,0.0,0.0,1.0,,0.4420701814581657,,0.19006326769067228
B000133,6200.618723736248,5.0534789924500805,11.057036805098067,9.126256922620808,0.0,0.3603200728472709,1.3623589717654998,49.225584535756816,0.8033290202145913,1.208989831505419,0.6844384927384423,0.8533349953944175,0.6907849892788634,0.812601663318346,2.070150229676994,0.8522475849376111,0.44414757502741664,0.40810000991019435,0.0,0.0,0.14775241506238895,0.0,0.0,0.0,0.98,0.92,,,,0.1887933662721779
B000134,3308.5900897954216,6.026575755547216,14.608611978516242,10.671605222829925,0.0,0.4517950111912622,0.01485080532508803,0.34261099777768467,2.4591909258359737,0.0,0.7209864120398053,1.3926327263295863,1.079272580709449,0.3744931106324013,2.6039653521190176,0.5919422528502376,0.5919422528502376,0.0,0.0,0.0,0.4080577471497623,0.0,0.0,0.0,0.0,1.0,0.10113881680756626,0.3464047813789518,,0.19106616983379643
B000135,11955.504026475941,6.028998500492154,11.195501702070144,8.588821459066931,0.0,0.36500000000000005,0.01654022701456027,0.3368004197521226,3.268347177933834,0.0,0.0,1.9936003183824984,0.16136461872681732,0.6056863854490059,1.488160688762016,0.9608488534666385,0.6301802825224333,0.33066857094420554,0.0,0.0,0.03915114653336162,0.0,0.0,0.0,0.0,0.5,,,,0.191088296168766
B000136,1954.2900928211693,5.97642230220541,9.331032101735117,10.395700393917302,0.1695845021051575,0.3808786821102347,2.3126364362383094,154.02158665347136,1.2701921475144173,1.688491291709066,0.1834581128903051,1.2463190762299885,0.7889365494453607,0.7990251244162725,2.2312721200361323,0.8282783164234092,0.7975813369240513,0.03069697949935794,0.1320081663496618,0.0,0.03971351722692895,0.0,0.0,0.0,0.98,0.98,0.3597922985744218,0.4302271599241622,,0.1887933662721779
B000137,3509.130242602572,2.983954287927357,8.093457002106602,3.7678368037595584,0.10939741766102849,0.20864230972234937,0.010788812221847677,0.24846732220220813,0.4998664941426738,0.0,0.4904630955326324,0.289259592041702,1.176883406905864,0.527481699304485,2.2614268612688817,0.585594756504695,0.42122793040518847,0.16436682609950642,0.39440396646401804,0.0,0.02000127703128726,0.0,0.0,0.0,0.0,1.0,0.44390806648054243,0.5347578133647268,0.44581684881424155,0.19106616983379643
B000138,3784.063076127978,4.047126284628853,6.942843328715667,2.8016082988436226,0.10302184239942734,0.40859137704291976,1.6560068770575083,59.86619801723323,2.1618035908920503,0.660363379120691,0.0,0.13067976587092117,0.0,1.0942795487451913,2.882375110748281,0.46584231900480455,0.4335527988168015,0.03228952018800306,0.0,0.0,0.5341576809951956,0.0,0.0,0.0,0.0,0.92,0.22187976927484204,,,0.1887933662721779
B000139,1884.2638273789044,5.219567388861231,15.582250855403384,6.634013251713128,0.07650730329798801,0.20885373099286286,0.018770677008267962,0.3687356827050178,1.5656972162586649,0.0,1.7437088345756342,1.184745119572884,0.3538068321604387,0.3716093862936089,2.518047929146411,0.6718526390996195,0.3770864569411795,0.29476618215844,0.0,0.0,0.3281473609003805,0.0,0.0,0.0,0.0,1.0,0.751191410515547,,,0.19106616983379643
B000140,13917.084220640485,3.0327052126041587,8.330260593881754,3.888166022213238,0.0,0.0,0.021055600054488335,0.5239164257628457,1.7569924121939882,0.0,0.0,0.8730176932995826,0.0,0.4026951071105884,2.817930006357954,0.42065176500116436,0.42065176500116436,0.0,0.0,0.0,0.5793482349988357,0.0,0.0,0.0,0.0,1.0,1.6327128469880041,0.42680626811804356,0.7738232801649724,0.19106616983379643
B000141,35419.22499123213,8.1799595822707,12.386466093830752,0.5466218968843738,0.0,0.488,1.8696084039790735,67.67343596955878,2.4438869011362883,0.0,0.0,0.15524061871516212,0.0,5.580832062419249,2.7427805580683535,0.6976591225786096,0.6786809580591133,0.018978164519496125,0.0,0.0,0.30234087742139054,0.0,0.0,0.0,0.0,0.98,0.1970677334075275,,,0.1887933662721779
B000142,1052.3848743767007,3.258157505810219,8.976060846847187,1.112023864466545,0.0,0.365,0.011957958121771976,0.24452880467596114,2.2727177642394203,0.0,0.0,0.0,0.5871486004383357,0.3982911411324624,1.7567687115757302,0.9935456098030083,0.8133368263444788,0.18020878345852934,0.0,0.0,0.006454390196991562,0.0,0.0,0.0,0.0,1.0,,0.2285907112195813,,0.19106616983379643
B000143,1744.7170830996317,5.239390639938834,10.70613590714436,4.357313108939633,0.0,0.4255453015641017,0.01970631950293493,0.3904643968429352,3.0666241396069442,0.5292086626996398,0.0,0.22184532434027154,0.862303716795161,0.5594087964968187,2.9904920588659043,0.3266874631818293,0.3266874631818293,0.0,0.042341817891796175,0.0,0.630970718926375,0.0,0.0,0.0,0.0,0.5,0.484296750232563,0.1763768084147318,,0.191088296168766
B000144,696.379331721624,2.0243585224465814,7.958726325168245,2.773182899022444,0.0,0.809,0.006965832886499033,0.15124688999311148,1.2257817675964198,0.0,0.0,0.5417978078174638,0.0,0.2567789470326976,1.66722431275117,1.0,0.7323607444976382,0.26763925550236156,0.0,0.0,0.0,0.0,0.0,0.0,0.0,1.0,0.18586437788074264,,,0.19106616983379643
B000145,16782.56234112995,5.484497497101291,11.026212721282084,3.4522308717626573,0.11322738585633547,0.2873886678051704,0.012433602188823556,0.2772693288107653,3.3304242736142604,0.2248832494004531,0.11980243506235949,0.11433404930721279,1.2371836200111284,0.45786986970587845,2.6564638354589247,0.6153524250760268,0.3689273569576339,0.24642506811839293,0.0,0.0,0.38464757492397356,0.0,0.0,0.0,0.0,0.5,,0.16609130096710184,0.580761062751049,0.191088296168766
B000146,3973.068213686158,4.7638707598155365,11.450229627062896,6.2943441712793256,0.0,0.29119852130616114,0.012646429244827301,0.3260456304395691,0.5011574351438599,2.4936072781091965,0.0,0.0,1.3612309462184113,0.4078751003440699,2.2190331595605044,0.7142594720031573,0.1908180513954851,0.5234414206076724,0.28574052799684263,0.0,0.0,0.0,0.0,0.0,0.0,1.0,,,,0.19106616983379643
B000147,2466.7464024713354,4.743743081675645,11.174041154415292,3.303220430395499,0.0,0.4257710204723734,0.025683262792326148,0.48627913698568226,2.5542771229189944,1.225894969400635,0.0,0.13504627004280373,0.2306107768971221,0.5979139424160897,2.7074147979919747,0.5414027162880081,0.2545108640077809,0.2868918522802272,0.048613673406541824,0.0,0.4099836103054501,0.0,0.0,0.0,0.0,0.5,0.5961045669387581,0.15622982977008545,,0.191088296168766
B000148,9725.177984965696,17.121792227052282,28.55694039397545,1.0725092275130514,0.0,0.10957354267064019,0.07854999115804939,5.231429411126088,15.709998231609877,0.0,0.10203267825947021,0.5934174049598785,0.0,0.7163439122230527,3.5342765184834852,0.08047350226304094,0.04581489894099591,0.034658603322045005,0.0,0.0,0.9195264977369589,0.0,0.0,0.0,0.0,1.0,,,,0.191088296168766
B000149,13550.413377534336,3.4252814402260707,7.138998084238347,0.21495667477801841,0.0,0.24,0.018083606572883146,0.31010546668918376,2.777096862295075,0.0,0.14423592877605035,0.0,0.0,0.5039486491549453,1.9488970000690684,0.7284496447727383,0.7284496447727383,0.0,0.0,0.0,0.2715503552272616,0.0,0.0,0.0,0.0,0.5,0.8983758775670023,,,0.191088296168766
B000150,6495.983628174433,9.08529178765655,20.027178945179575,4.191069673809,0.0,0.0,0.03483839407909298,1.4143513672789008,7.719003070313472,0.0,0.0,0.8464284313224656,0.0,0.519860286020612,3.4661537571896375,0.1503846821077715,0.05721998788491351,0.09316469422285803,0.0,0.0,0.8496153178922285,0.0,0.0,0.0,0.0,0.5,0.16330179832936376,0.19058460278793712,0.2964956244667985,0.191088296168766
B000151,18389.87363704353,5.049388697705527,9.29454177319973,8.076291227343075,0.0,0.3457094344660268,1.5750639106520956,104.81710335315229,0.9568328409487955,0.9263927200932655,1.0420027193486636,1.0158894427370557,0.0,1.1082709745777468,2.2876404733654483,0.7525584009393604,0.5513678205432262,0.20119058039613433,0.0,0.0,0.24744159906063937,0.0,0.0,0.0,0.98,0.98,0.39453665843195107,,,0.1887933662721779
B000152,7927.737492189828,5.45987430591586,12.298541424026654,8.825967094405096,0.21404493414154938,0.4156089630521483,0.015210448202699156,0.2831638436647328,2.675058926095993,0.3030756128206112,0.5424127063684043,0.9805996605239028,0.5147462078031574,0.4439811923037907,2.5892903459392995,0.5100511886880758,0.2361720140875122,0.27387917460056355,0.0,0.0,0.48994881131192436,0.0,0.0,0.0,0.0,1.0,0.22490653737548663,,,0.19106616983379643
B000153,3649.5405571889187,3.5398065540144703,9.288628133200982,3.0279979478822048,0.0,0.6842334830717974,0.00907664080748862,0.20240909000699625,2.2356258146523693,0.24687022057862928,0.06589129965986801,0.2959563528416542,0.0,0.6954628662819494,3.1149908172507303,0.340556783509252,0.2708156220046338,0.06974116150461823,0.0,0.0,0.6594432164907481,0.0,0.0,0.0,0.0,0.5,0.883664033164281,0.1097869339662255,0.16532227686078085,0.191088296168766
B000154,12575.710772938379,5.183722495028186,11.757999748232141,7.946337510442349,0.0,0.4167032759091998,0.023679504527259587,0.7381266516928551,1.9685159938398737,1.2582697711636337,0.0,0.26055768645313926,1.2133155152398216,0.4830635283317173,2.518910342223292,0.6202505061318545,0.5699859160225179,0.05026459010933658,0.0,0.0,0.37974949386814544,0.0,0.0,0.0,0.0,1.0,1.246318482763623,,,0.19106616983379643
B000155,19572.84160413407,9.665600792164973,12.247052050133226,20.88396607359224,0.0,0.40251063060330333,0.017950923260309382,0.40030558870489924,2.2161633654702944,0.6054881685230259,0.0,3.4129980630910444,1.9583705714561503,1.4725806236244587,2.353532536288588,0.7707164393478018,0.2149963397859331,0.5557200995618686,0.0,0.0,0.22928356065219838,0.0,1.0,1.0,1.0,1.0,,,,0.6084446516532538
B000156,24744.812809324478,6.602137889360853,11.797171978781234,5.907181851754682,0.0,0.4282494627545214,0.016144517641472716,0.3600227434048416,4.017151923965391,0.49234590309959914,0.0,1.5165425986778043,0.0,0.57609746361806,2.039174327656605,0.9738143041611486,0.7441095291182541,0.22970477504289438,0.0,0.0,0.02618569583885141,0.0,0.0,0.0,0.0,1.0,0.34384905671299365,,,0.18847355270950683
B000157,27029.628701250615,6.991626668714592,10.195636879562713,8.622672989492399,0.0,0.40319173601900715,1.5762632886842967,74.07145898103715,2.2410730935670147,0.8451060638459914,1.5767898474451607,0.9757925168425843,0.0,1.3528651470138402,2.687733560219011,0.6247355259017275,0.25964418375244264,0.365091342149285,0.0,0.0,0.37526447409827224,0.0,0.2,0.2,0.2,0.98,,0.41618876797461113,0.6834075073620438,0.2770151739533745
B000158,218642.9895999542,100.89662648821144,220.99388136263153,744.8456748437428,0.0,0.803887413053112,0.015487097278656279,0.3277969136582789,1.2124510516956715,0.5755641537398598,1.0884701161867412,94.38189336263996,2.8403041049634306,0.7979436989857978,1.7260270123831305,0.9596755979424384,0.9596755979424384,0.0,0.02815063499962792,0.0,0.012173767057933792,0.0,1.0,1.0,1.0,1.0,0.2737166420113605,0.30761463839963404,,0.6084446516532538
B000159,3833.3017552815895,3.350788247623767,7.19764504511579,3.162586357616827,0.0785800095153638,0.5569544982729179,1.2406770403087513,58.311820894511314,1.5508463003859392,0.20380415496475007,0.11364838567389415,0.5124272645685995,0.1104196747912865,0.8596424672392975,2.902380395006517,0.4396309722174706,0.4396309722174706,0.0,0.0,0.0,0.5603690277825294,0.0,0.0,0.0,0.0,1.0,0.4843359993958618,,,0.191088296168766
B000160,18860.231483456246,4.017088707871405,18.84941168833317,4.493174987528318,0.0,0.41586139794168,0.9951759711570473,36.04945989023895,0.46244059901664697,1.9099605581765735,0.06656708704579682,0.0,0.23792236003079847,1.3401981036015875,1.885911273931,1.0,0.9834290223874419,0.016570977612558057,0.0,0.0,0.0,0.0,0.0,0.0,0.0,,,0.38867343855499714,,0.19006326769067228
B000161,2814.364922981488,5.391503683872582,11.158874762892824,6.71835998835015,0.022346003079492905,0.301573438273111,0.010286574891304334,0.6850858877608685,1.2699475174449795,0.16043881794104747,1.3772387126402217,0.06797273506454513,1.815679282854024,0.7002266179277624,2.5324883429059017,0.7644539275297669,0.1596336544187642,0.6048202731110024,0.0,0.0,0.23554607247023304,0.0,1.0,1.0,1.0,1.0,0.18429539921944427,0.2966701884000896,,0.6084446516532538
B000162,1924.2063668605915,1.1213323816203913,4.5766087695540625,0.5963196305168647,0.0,0.2356171841199327,1.0511430920378266,38.01095859334685,0.5187533522704857,0.13455522001731068,0.12352428392757075,0.10954368829592179,0.0,0.23495583710910253,1.910848521416411,0.9247469354564983,0.804751096378998,0.11999583907750035,0.0,0.0,0.07525306454350178,0.0,0.5,0.5,1.0,0.5,,,,0.40649680945047806
B000163,10337.930357146332,5.378735877807665,10.607407568722225,5.670500782940763,0.1758939562761439,0.14699702423292912,1.0344833428449416,37.47827056162112,1.7848411764351815,0.430827417589536,0.1391643603846672,0.42637625145291075,2.0747443507573555,0.5227823211880135,2.7232058183614023,0.5880688986483924,0.1764649899536979,0.4116039086946943,0.0800982660939169,0.0,0.33183283525769075,0.0,0.28,0.28,0.28,0.7,,0.4082591998453966,,0.3116940136216534
B000164,2603.0051297327536,5.40042558035841,10.919138290929805,5.89069447991464,0.0,0.29142714804687,1.2379347619557286,58.18293381191924,1.5631634697092924,0.2452186646720302,0.09632796267919295,0.5009077607979939,2.124789818100535,0.8700179043993652,1.956423212086232,0.8094924018204287,0.4160438140223686,0.39344858779806,0.09275338644047201,0.0,0.09775421173909933,0.0,0.0,0.0,0.0,1.0,0.6200627077996672,,,0.191088296168766
B000165,5206.068037199191,4.860941211203727,7.8469354755674425,2.8510222063563666,0.0,0.24,1.2262640142601084,44.46733193313081,2.0121910390144087,1.2576436973545038,0.0,0.0,0.6553922031106186,0.9357142717241967,2.4741660838734516,0.5495797119891221,0.5495797119891221,0.0,0.13482825128599368,0.0,0.31559203672488423,0.0,,0.9333333333333333,,0.7,,0.3471503720332375,0.5962920480853764,0.1887933662721779
B000166,4515.419870078987,5.238306113780727,8.371159405402633,6.330319262367179,0.0,0.5589472433053848,1.380579089241281,49.97514470335874,1.9631617777554695,0.3138774390164981,0.9684818008244039,0.0,0.9728992251342953,1.0198858710500613,2.629810432087168,0.4656924742990944,0.40577283000973874,0.059919644289355645,0.184884537059902,0.0,0.34942298864100385,0.0,0.19999999999999998,0.19999999999999998,0.19999999999999998,0.98,,0.31822046558192424,0.4194635167046623,0.2770151739533745
B000167,23859.972915167305,6.427794427577399,9.586193752961952,7.611959672256262,0.0,0.27679414257336227,0.014947760938875862,0.33333506893693177,1.8454025850464029,0.0,2.0953025238233423,1.773033279474582,0.0,0.714056039233071,2.588756324843529,0.6972631065420314,0.09544924225578992,0.6018138642862415,0.0,0.0,0.30273689345796845,0.0,1.0,1.0,1.0,1.0,0.2010208672152949,,,0.6084446516532538
B000168,6376.244401443413,1.3526186681042456,10.936344027797748,2.078694268870213,0.11861530141012552,0.16463428773629427,0.34499445200500756,12.45335091556964,0.4297317993594469,0.30572777725952754,0.03423799274466237,0.24365858089792017,0.15653606984190002,0.1827264480007885,2.4823288125426046,0.653357132818491,0.42733054863122816,0.22602658418726282,0.0,0.0,0.34664286718150905,0.0,0.0,0.0,0.0,1.0,,,,0.19006326769067228
B000169,2058.639900052906,1.223923840697328,8.783377088870575,3.1815182555367145,0.0,0.6990574683074756,0.19741511273098164,7.157831123623019,0.3121602671147818,0.12001564984471025,0.037734844086833,0.3865290986740091,0.13130384184158106,0.23618013913541308,2.050458232762518,0.9117891289166048,0.9117891289166048,0.0,0.0,0.0,0.08821087108339538,0.0,0.5,0.5,1.0,0.5,,,,0.40649680945047806
B000170,6005.184531547643,4.608737169261429,8.32328371889569,7.077089898299281,0.0,0.433,2.3062867391490274,83.44532006918561,1.535016725122997,1.3922662349328607,0.0,1.0213220087191333,0.0,0.660132200486438,1.9643042115327491,0.9358218871950489,0.412123495420891,0.5236983917741576,0.0,0.0,0.06417811280495118,0.0,0.0,0.0,0.0,0.98,0.25458242957075733,0.3078474577109195,,0.1887933662721779
B000171,23461.617413703643,11.9276143435199,33.27280135325358,5.29337093060095,0.0,0.4353590832857695,0.06979207979453862,2.683508776903598,9.878682682709245,0.0,0.06276965993080166,0.9662705532671827,0.1860951019643944,0.833796345648277,3.4043354892531075,0.151805000056958,0.055191744292393416,0.09661325576456457,0.0,0.0,0.848194999943042,0.0,0.0,0.0,0.0,1.0,,,,0.191088296168766
B000172,15353.70487131656,10.094480520260724,21.958027587785413,7.042100536361213,0.0,0.2824388646286237,0.036940788712353435,1.4324635969397124,7.7304743698056635,0.2951253106692209,0.0,1.5136654250275898,0.05465720588573508,0.5005582088725153,3.168579935564145,0.23275728560003875,0.20352098066320992,0.029236304936828814,0.0,0.0,0.7672427143999613,0.0,0.0,0.0,0.0,0.5,,,,0.191088296168766
B000173,16739.010400096857,7.1048431239799905,13.711884562652934,11.186150257033718,0.0,0.276365648664396,0.008665676778489695,0.19324459216032022,3.5555149101983545,0.0,0.7526139650219498,2.2867536499300156,0.0,0.5099605988296698,2.1315790858566834,0.7881659670740015,0.7881659670740015,0.0,0.10592970905743948,0.0,0.10590432386855891,0.0,0.5,0.5,0.5,1.0,0.29159703968022466,,,0.40484810018049977
B000174,10244.376349647002,6.175030952168175,11.988675366652673,9.505603079127317,0.0,0.3145094028234412,0.997563656071331,46.941603335420346,1.721141961140512,1.1825309177235421,0.0,1.320010037639748,1.3332748987444074,0.6180731369199638,2.2188756742639884,0.721273954013755,0.721273954013755,0.0,0.0,0.0,0.2787260459862449,0.0,0.28,0.28,0.28,0.7,0.3791703926474462,,,0.3116940136216534
B000175,1674.4437607360312,2.653635120025406,10.975711316338899,6.210585117465672,0.34215867890031504,0.3434475892176186,0.48260081128951215,17.42868088021045,0.6612016802921726,0.5080735942161881,0.02680708196446758,0.7122178025689606,0.38156521709314756,0.36376974389046984,2.033796221464507,0.7508317269007796,0.5969400724016846,0.1538916544990953,0.0,0.0,0.24916827309922032,0.0,0.3,0.3,0.3,1.0,0.32182000343380535,,,0.32152411226147926
B000176,12843.39651370027,5.272330260139684,11.54211926811946,7.452297651277518,0.0,0.052187843066298555,0.011097285014477494,0.3614489595429741,2.733321432137314,0.378208487136994,0.11198961383769017,1.5896921781771833,0.0,0.459118548850503,2.6924071756524874,0.3853033215453289,0.3853033215453289,0.0,0.07173459712802092,0.0,0.5429620813266504,0.0,0.0,0.0,0.0,0.5,0.4383837852727867,,,0.191088296168766
B000177,2165.581066284101,3.3316631788986166,8.393618441015148,0.7061139083748051,0.0,0.2626942725187242,0.013285066093702355,0.24599779505967725,2.498972768409667,0.15016004213737918,0.06768850795204301,0.0,0.23762157819306043,0.37722028220646586,3.287431439551562,0.19713181712137262,0.17681508511174027,0.020316732009632354,0.0,0.0,0.802868182878627,0.0,0.0,0.0,0.0,0.5,,0.18836098444283156,0.2853842671226746,0.191088296168766
B000178,7814.596538480895,1.758855849309227,7.629462003626527,1.8133251675970554,0.0,0.40598166737241603,0.3176756501091798,11.464378818204079,0.4884408864886705,0.7199477696090217,0.021423593183853833,0.0,0.14911559699882654,0.37992800302885454,2.7509118635867362,0.584484269674008,0.4875239700282709,0.09696029964573727,0.0,0.0,0.415515730325992,0.0,0.5,0.5,1.0,0.5,0.8581734022106793,0.29390265808040744,0.5022504700836607,0.40649680945047806
B000179,18105.398746346087,6.858105585737154,11.874273325441898,7.503282857177164,0.17884757836263362,0.4061277420124115,0.018018535335758815,0.4663742535644516,3.498862339409608,0.6959243648948817,1.1259157434152145,0.0631320482728805,0.7914521715131999,0.6828189182313682,2.7514166787726566,0.47583117168150696,0.47583117168150696,0.0,0.00920546461171094,0.0,0.5149633637067819,0.0,0.0,0.0,0.0,1.0,,,,0.18847355270950683
B000180,6114.294980335479,4.999423532571937,14.86713615537409,4.852923733551201,0.0,0.22839029726506033,0.010320568387624175,0.20255100345574661,1.9637340473725415,0.26467731337705114,0.0,0.409087001405877,1.9938075650804818,0.36811760533598564,2.4873299053554065,0.4724395032803679,0.4724395032803679,0.0,0.13476840087527298,0.0,0.3927920958443593,0.0,0.0,0.0,0.0,1.0,,,,0.19106616983379643
B000181,2885.7064574589854,8.61404912674324,19.00303120453472,3.320504233903046,0.12670087528291807,0.4016473440846623,0.031026968861781683,1.3579151700617704,7.156764864031084,0.34773021775739066,0.017577310265604388,0.4496911429103558,0.08966133396814284,0.5526242578106636,2.823931174408778,0.36819041438374467,0.36614987456246206,0.0020405398212826236,0.0,0.0,0.6318095856162553,0.0,,0.0,,0.5,,0.18328876801654476,0.33349724070106723,0.191088296168766
B000182,10402.272219065862,2.112565438478039,13.621744082969004,4.831050580630876,0.0,0.4423836676417763,0.4629462468184838,16.758654134829115,0.2546204357501661,0.7814548708136756,0.011517504714504117,0.5736769466820218,0.1979192135641483,0.29337646695352343,1.7082684721434227,0.8794733497421966,0.8740214453870815,0.005451904355115127,0.0,0.0,0.12052665025780361,0.0,0.0,0.0,1.0,1.0,0.7154306312539017,,,0.19006326769067228
B000183,4522.2598708498135,2.3455704724324757,13.144931870265452,4.693093094597182,0.0,0.3239899751063973,0.3587079469347644,12.919347832566325,0.49103700685008855,0.5471440263400799,0.08196056286871808,0.6942437302038563,0.20634712924166398,0.3248380169280692,2.157619028052108,0.7906534838235502,0.7906534838235502,0.0,0.0,0.0,0.2093465161764499,0.0,0.3,0.3,0.3,1.0,0.4665329821051659,,,0.32152411226147926
B000184,761.8467251796218,2.457570081224586,3.9233064650388934,0.0,0.0,0.0,0.013538860465495886,0.901688107002026,1.671464254999492,0.0,0.0,0.0,0.0,0.7861058262250946,3.2401717684576288,0.3198711736567792,0.3198711736567792,0.0,0.0,0.0,0.6801288263432209,0.0,1.0,1.0,1.0,1.0,0.2638819716662571,,,0.6084446516532538
B000185,826.1349043322497,1.8037880007254359,8.60067334073047,2.0368064224323543,0.19818720568800074,0.47103291192395363,0.5797236989148606,27.18154402986289,0.721710836811941,0.5434537603098092,0.05729938181582707,0.04577264810432975,0.056969967920028265,0.3785814057635006,2.689298201209841,0.5379755823686747,0.23669086371479384,0.30128471865388085,0.0,0.0,0.46202441763132523,0.0,0.0,0.0,0.0,1.0,0.6032679511722958,,,0.19006326769067228
B000186,1964.7879839509922,4.375919786082388,7.605705530777018,2.9726944846762695,0.0,0.3029981945218637,1.6406556282997244,77.09842315030939,2.139024490528036,0.0,1.448325335725588,0.25078482914395556,0.0,0.5377851306848078,3.10541683716128,0.17270521640054787,0.11539501845277547,0.057310197947772416,0.33097620763798885,0.0,0.49631857596146317,0.0,0.0,0.0,0.0,0.98,0.3739603213398664,,,0.1887933662721779
B000187,2329.1944781933726,4.394706562629005,7.001425017623903,3.62788844622696,0.0,0.47,0.01670325775060448,0.3613634020606605,1.6461468312448717,0.0,1.1173896414379036,0.0,0.0,1.631170089946231,2.5785084741230206,0.625425086342941,0.625425086342941,0.0,0.0,0.0,0.37457491365705936,0.0,1.0,1.0,1.0,1.0,0.158482896882879,0.29434057423312393,,0.6084446516532538
B000188,4925.051970712129,4.530866578392024,16.739316897094444,8.743589325007997,0.0,0.40134687065548624,0.0105823319933599,0.23598600345192577,0.8415400193285982,0.7453265348880632,1.1191810173781584,0.8091984543011191,0.5611228411680131,0.4544977113280715,1.777731813927218,0.8146506569294051,0.8146506569294051,0.0,0.17859684020717703,0.0,0.006752502863417993,0.0,0.0,0.0,0.0,0.95,1.4028365816610187,,,0.19106616983379643
B000189,4562.666995349089,1.3772010248563504,11.124707888607713,3.6753428166464737,0.0,0.47615411168815897,0.17229255338231883,6.159029013199686,0.23843491900307137,0.25060407650765776,0.04965303677960826,0.6099716925949765,0.0,0.22853729997103664,1.7758085372552757,0.9056157223013753,0.8695621354368235,0.036053586864551845,0.0,0.0,0.09438427769862466,0.0,0.5,0.5,1.0,0.5,,,,0.40649680945047806
B000190,8949.627367721974,4.434899587572832,8.225860737064036,7.015397006839892,0.0,0.12156976413183906,2.692590450194337,97.46758501589935,0.8990801637036732,1.1453772975431125,1.1480937148474575,0.0,0.7188046037386345,0.5235438077399537,1.6509684618076212,0.9405570927422826,0.9405570927422826,0.0,0.0,0.0,0.05944290725771739,0.0,0.0,0.0,0.9800000000000001,0.98,0.15037706908833526,0.3830340425366053,0.757168672413812,0.1887933662721779
B000191,1751.278764849077,1.4203396308589433,6.872591212735287,1.3354638720662575,0.0,0.4043904186590782,0.7050428895673041,25.485660900904765,0.5495262775763634,0.2717695820126128,0.01881347801707595,0.0,0.2130559023935813,0.3671743908593096,1.8599133538258013,0.9213856861665017,0.7581364355133777,0.163249250653124,0.0,0.0,0.07861431383349826,0.0,0.0,0.0,0.0,1.0,0.5324906750940613,0.38774589471926535,,0.19006326769067228
B000192,15231.815222641508,5.067137465948606,11.01885817659204,4.501641021354857,0.024054154352290153,0.40976464388168626,0.01641332634500473,0.3789523321595429,2.904834544341648,0.5487165682955844,0.1140048763518504,0.7426767814922063,0.0,0.7569046954673176,2.956395706071584,0.37068832696589143,0.22412100241963073,0.1465673245462607,0.0,0.0,0.6293116730341088,0.0,0.0,0.0,0.0,0.5,0.5447794908423782,,,0.191088296168766
B000193,3896.7985629922055,3.400347786206113,7.883288568661633,3.064830476480258,0.0,0.365,0.01323551904807385,0.4650526946746516,1.1751673018405164,0.49417824827988227,0.8026803043228218,0.32137193897887223,0.0,0.606949992784019,2.606521716590135,0.5090662323153281,0.4145547413782678,0.09451149093706034,0.14533167762561552,0.0,0.3456020900590559,0.0,1.0,1.0,1.0,1.0,,,,0.6084446516532538
B000194,5436.019754948219,4.610703778582035,17.787001880997863,6.840698291488273,0.11612232865453578,0.2035222138129432,0.013262023045078435,0.2898727435608964,1.1368355192061426,0.8468059141852354,0.3334550590692168,0.49688226532931423,1.3193775781750086,0.4773474426171165,2.3187857416261477,0.7534355764759704,0.20608801995700005,0.5473475565189706,0.0,0.0,0.24656442352402919,0.0,0.0,0.0,0.0,1.0,0.4914608453630462,0.5059485312560029,,0.19106616983379643
B000195,20428.406047563923,12.418483919491747,15.968685715874463,11.427145253458727,0.34491890900935057,0.443001791809509,0.020175061527319512,0.12722547912903068,8.759172820912944,0.9627079199355661,0.0,1.061522567715331,0.3470755895235093,1.2880050214043959,1.5766317791614077,0.9593437517673801,0.8862163745348016,0.07312737723257838,0.0,0.0,0.04065624823261992,0.0,0.0,0.0,0.0,1.0,,0.2902599027884402,,0.18847355270950683
B000196,9141.852010280538,6.447004238561734,16.866044894045775,12.285196000867076,0.0,0.595571810078712,0.023435297589263517,0.7733161744449635,2.238239567433741,0.451278177965116,1.337404693529796,1.1402598172807978,0.5481709785531017,0.7316510037991798,2.0394163508500456,0.9474646989077313,0.6549915435769768,0.29247315533075435,0.0,0.0,0.052535301092268734,0.0,0.0,0.0,0.0,0.95,,0.48595199415501805,,0.19106616983379643
B000197,1082.5994256361291,1.46297219680558,6.805085213484993,1.6242213384096318,0.4814707749641799,0.4768108096586882,0.6393664518694484,30.04726171642144,0.6243341330138777,0.0,0.04576510976975435,0.31199601065571675,0.0,0.48087694336623094,1.873594195533243,0.7690800992375169,0.7690800992375169,0.0,0.21326174983842094,0.0,0.017658150924062234,0.0,0.3,0.3,0.3,,1.292312040867515,,,0.32152411226147926
B000198,89445.34766918042,59.471640737486986,124.94988612834157,195.14477967719222,0.0,0.4874107510508332,0.018664944305537747,0.3145105569127312,3.0324036582877505,0.707817857862295,0.1425307217833273,0.0,54.9221416814272,0.6667468181264269,1.4746490055461507,0.9490109299040017,0.9347125421497587,0.01429838775424299,0.0,0.0,0.050989070095998276,0.0,0.0,0.0,0.0,0.5,0.6987308820891321,0.1482219559674105,0.42817783928551356,0.191088296168766
B000199,8490.188925099308,6.2797255363160565,9.392375979128433,8.298448268733564,0.0,0.24,1.3133454188912577,61.366144679097054,2.424284689627909,0.0,1.316691970155334,1.8551531230355605,0.0,0.6835957534972544,2.1245369298675723,0.7359318211000484,0.7359318211000484,0.0,0.0,0.0,0.2640681788999519,0.0,0.28,0.28,0.28,0.7,0.518879408486136,0.3277236439884867,,0.3116940136216534
B000200,11087.470369096687,3.2696757207598606,7.790050270659056,4.306369527866874,0.0,0.08168723295335445,1.1632809640789779,54.577360659092946,1.4510838617344708,0.0,0.08434624455015732,1.0794812050751823,0.3030014373220855,0.3517629720779634,2.9629820992992824,0.20401805549168067,0.20401805549168067,0.0,0.33014931671092906,0.0,0.46583262779738993,0.0,0.0,0.0,0.0,1.0,1.1001235411402337,0.35303074188744515,,0.191088296168766
B000201,6343.48641058982,1.697480976877126,9.207221110082102,1.3535670245948823,0.0,0.36499999999999994,0.31785393951613894,11.398039765936575,0.8611166711013057,0.3438288341310236,0.06227413455090763,0.15720836890866943,0.1513720513954971,0.12168091678972279,3.07239346871457,0.39280564293169035,0.09764050714238884,0.2951651357893015,0.08917452004321008,0.0,0.5180198370250998,0.0,0.0,0.0,0.0,0.6,0.9237870511630369,,,0.19006326769067228
B000202,12779.503032701166,6.082581167397033,11.136321886145634,7.204544563042742,0.05504477375454709,0.550339132040535,0.052769129688204616,0.4833265807825813,3.455937181446168,0.2303752521172949,0.02283442984854037,1.0246049304750475,0.47578610082816075,0.8730432726818234,3.1577570693019275,0.15360411751028533,0.11197546102427687,0.041628656486008435,0.24667012079434072,0.0,0.5997257616953742,0.0,0.0,0.0,0.0,0.5,,,,0.191088296168766
B000203,7673.635927791963,4.999111353610399,9.771428454824333,6.5347274594698375,0.10514245396857053,0.3909461488743762,1.167940145417891,54.81044993668271,1.635167285072942,0.40755481486379336,0.7986828025193615,0.8865567851269015,0.36749340417538223,0.9036562618520187,1.68920717691616,0.9700925465352687,0.8965808005106525,0.07351174602461605,0.0,0.0,0.029907453464731386,0.0,0.0,0.0,0.0,0.98,0.3291063104420805,0.31409903915093645,0.43442112156700896,0.1887933662721779
B000204,9946.693637421366,2.428985015243313,4.672097368686672,2.6440678576930314,0.0,0.43708486567576793,1.601325462668103,106.63563480922173,0.6836263888792183,0.0,0.7350054128608657,0.3281060163868208,0.0,0.682247197116408,2.074211010279279,0.8029871013442744,0.5003893462126976,0.302597755131577,0.13507947324819303,0.0,0.06193342540753245,0.0,0.0,0.0,0.98,0.92,0.21793215840263774,0.2884795599185213,,0.1887933662721779
B000205,2628.1787803294965,5.801719161875268,21.184270937731732,19.12121807299487,0.04335462187870189,0.2770608785096506,0.009582496739847774,0.02841930504631886,0.32829997832677316,0.7503638859907158,1.1451151594858462,3.247488321186189,0.0,0.33045181688574293,2.316213434541895,0.727721567111395,0.03864095227434489,0.6890806148370501,0.1973751447692816,0.0,0.07490328811932322,0.0,,,,1.0,,0.4278349848697908,,0.19106616983379643
B000206,27328.483405893545,10.028801249869192,21.531499703127622,4.583355436063795,0.0,0.49255135364455155,0.034183111207541875,1.3944176163563713,7.614954234720362,0.33687597538627595,0.06969864105183722,1.2316895251812416,0.025796111706294093,0.7497867618231792,3.3284924624593675,0.2290320423026949,0.10621681299527325,0.12281522930742167,0.0,0.0,0.7709679576973051,0.0,0.0,0.0,0.0,0.5,,0.20115500170880443,,0.191088296168766
B000207,5476.178673450832,2.428460609069105,10.800719181558236,5.021438467875794,0.0,0.3815045193794898,0.6681375240094899,24.141288015554814,0.36602740015441726,1.014785170318872,0.060071861556826686,0.6171334060886212,0.0,0.3704427709503683,2.360454593734851,0.41211299465260065,0.41211299465260065,0.0,0.41787178533147656,0.0,0.1700152200159229,0.0,0.0,0.0,1.0,1.0,1.3413160028414037,,,0.19006326769067228
B000208,1375.9685088640042,2.785361353975717,11.362425778305173,4.1997684996170195,0.0,0.36500000000000005,0.6894222045549803,24.886376954159793,0.8588227719620932,0.5573592178265571,0.0,1.1279769293010307,0.05332628439692775,0.1878761504891089,2.4503842049622846,0.6696924365725767,0.6696924365725767,0.0,0.01914519432848879,0.0,0.31116236909893474,0.0,0.0,0.0,0.0,1.0,,0.3555549416102001,,0.19006326769067228
B000209,4142.358672057685,5.8097597083557995,9.27624713646496,9.117784220434498,0.0,0.365,1.3055378533180824,47.124418213827,2.2376090784396467,0.0,0.0,2.4139328644008504,0.461017969793677,0.6971997957216263,2.96372090882939,0.46769507085271755,0.052198908261165314,0.41549616259155225,0.07935233003365437,0.0,0.4529525991136283,0.0,0.28,0.28,0.28,0.7,0.3644974378793649,0.47033757287187783,,0.3116940136216534
B000210,6551.078548114268,6.34179917532843,18.18365867629101,7.544460513201052,0.020827817883685377,0.3084469488299629,0.018982228051810653,0.42330368555537756,1.890376063329771,2.155437221025582,0.0,0.3904462861653675,1.5034295042956014,0.40211010051210866,1.8795212750323438,0.9905955580118495,0.9905955580118495,0.0,0.0,0.0,0.009404441988150526,0.0,0.0,0.0,0.0,1.0,0.9837427185566834,,,0.19106616983379643
B000211,13531.999529859237,6.879511708113491,12.677063520422456,11.360155987279095,0.062777788054839,0.5946823954408182,0.020837644096018296,0.2874303822066196,3.478561100498209,0.20662524121501835,0.12456810165416025,2.0955609088533644,0.027963249365453708,0.9462331065272844,3.0625383119379146,0.15058803181722022,0.10244604777515819,0.04814198404206204,0.30460896031064566,0.0,0.5448030078721339,0.0,0.0,0.0,0.0,0.5,,0.2591044444809244,0.43818057186935794,0.191088296168766
B000212,12844.191974476838,6.367968257053465,10.60042752108421,6.901543908416617,0.17609203136357088,0.27013800857944065,0.015664685723493374,0.3657909450301633,3.251150270680255,0.0,1.384482119448035,0.9380678459753589,0.0,0.794268020949815,1.6837730073008434,0.862461627728509,0.862461627728509,0.0,0.0,0.0,0.13753837227149102,0.0,0.5,0.5,0.5,0.5,,,,0.40484810018049977
B000213,2556.88574688126,2.0244542730651305,11.483909361920059,3.71961609631007,0.05505282218775529,0.40939781994000235,1.0737110636566207,38.777473840601566,0.7809956186540816,0.358428326369973,0.03870649891240022,0.5779489130146579,0.0,0.2683749161140188,1.653509939153786,1.0,0.7145161929789545,0.28548380702104614,0.0,0.0,0.0,0.0,0.0,0.0,0.0,1.0,0.9293806727633548,,,0.19006326769067228
B000214,29817.09159518804,9.766489222138238,20.972748747183893,12.275177455264389,0.0,0.23675015427324494,0.020142434073610084,0.2368620193145423,4.209030848302464,0.4934903321110737,1.2761056620400044,1.6502577981838555,1.5778832851920792,0.5597212963087597,2.5524275476927425,0.5690333801053482,0.4074724292556399,0.16156095084970803,0.0,0.0,0.43096661989465185,0.0,0.0,0.0,0.0,1.0,,,,0.18847355270950683
B000215,19059.99830015563,7.3590727027627905,9.363648617147627,8.168653428672147,0.0,0.23092871546089777,0.01630062856392863,0.36350401697560847,2.0124232794973618,0.6552665523404849,1.9768056524860866,0.0,2.215833061811697,0.4987441566271586,2.345058629887984,0.6314424771109048,0.36282090856138616,0.2686215685495187,0.08904200010070297,0.0,0.279515522788392,0.0,1.0,1.0,1.0,1.0,0.23256228506008805,0.23583569201410332,0.34436091102983185,0.6084446516532538
B000216,4059398.6790602608,917.7930542754376,3026.448713262033,4530.575295087011,0.36867027857843865,0.39059531020894844,0.023391158089419006,0.5525132205395071,1.3355458829614746,1.2137416418597744,1.0014498344882903,913.4960128207084,0.46385395597607293,0.2824501394437084,1.3386631021109732,0.9984780544353602,0.002068832993651719,0.9964092214417086,0.0,0.0,0.0015219455646396953,0.0,0.0,0.0,0.0,1.0,0.7482030369604267,,,0.19106616983379643
B000217,24001.177759166352,7.495683247709667,11.612021394681232,10.015264578301702,0.13779786136975794,0.08602483583922191,0.011519555304846087,0.3402402348642026,4.925533313747089,0.0,0.0,0.5222770643614147,1.0313831860606264,1.0164896835405364,1.9882852792942223,0.7332024713263705,0.6635254256052885,0.06967704572108198,0.1375969544038256,0.0,0.12920057426980394,0.0,0.5,0.5,0.5,0.5,0.3889952359957908,0.2866103239419677,,0.40484810018049977
B000218,12757.730571400847,4.1167249343016605,6.623126198856832,6.483897925454419,0.0,0.44188507712989544,3.526751024799848,127.18392106139338,1.4225983072510497,0.576955832545189,0.0,1.5110660783700378,0.0,0.6061047161353834,2.197185751875916,0.9281269396091878,0.5610715491021785,0.36705539050700914,0.0,0.0,0.07187306039081212,0.0,0.0,0.0,0.98,0.98,0.262962693983703,,,0.1887933662721779
B000219,2559.538421962187,3.1560276473023268,4.362927579582479,0.9957387243171962,0.0,0.47,0.015254013114580673,0.7077862085165433,1.8832114956272439,0.0,0.0,0.30668752708969643,0.0,0.9661286245853865,3.316092404760362,0.26293069642972905,0.16575552518183348,0.09717517124789554,0.0,0.0,0.737069303570271,0.0,1.0,1.0,1.0,1.0,,,,0.6084446516532538
B000220,49560.64948974261,12.11159567198011,24.437488501335178,15.66776377657543,0.0,0.3523739318204018,0.015574111310273498,0.19110927346010492,3.445776903939976,0.0,0.2601432423984938,1.7063915032010855,5.590629093429365,1.108654929011186,2.595813972023522,0.6375160450903993,0.6375160450903993,0.0,0.14088907435613804,0.0,0.2215948805534625,0.0,0.5,0.5,0.5,0.5,0.2220334815393222,,,0.40484810018049977
B000221,1190.0233151795996,2.4843910546546963,5.708441858551611,1.0240505433000227,0.0,0.34382995068065897,1.1940733015790375,43.11551371303829,1.4879970179750142,0.0,0.11637394832243188,0.24917717893557248,0.19994856498459807,0.4308943444370801,3.1732511121804055,0.27456869404136736,0.17427160978455516,0.10029708425681215,0.0,0.0,0.7254313059586327,0.0,0.0,0.0,0.0,1.0,0.628861049744452,,,0.191088296168766
B000222,49229.03282435714,13.550518256085093,33.84959925317931,5.798266840832874,0.05956535318293426,0.3441002686212386,0.05445915454239905,2.5269047707673162,10.891830908479808,0.35493097938182105,0.02069476679062905,1.3739252694382615,0.41877618527877225,0.4903601467157948,3.3982104448910153,0.1923783749953216,0.05855351403892785,0.13382486095639376,0.0,0.0,0.807621625004678,0.0,0.0,0.0,0.0,1.0,,0.3597261676456169,,0.191088296168766
B000223,2219.5906470718696,3.7366845910300834,8.163780574292428,3.0615838421886985,0.0,0.5156645232244762,0.9386438911490137,34.0061055180939,1.6194850100966947,0.8019311542483001,0.13297933546525983,0.26604535563313575,0.0,0.9162437355866923,2.8706296231122774,0.4632858799947641,0.4632858799947641,0.0,0.03558751942416465,0.0,0.5011266005810708,0.0,0.28,0.28,0.28,0.7,,,,0.3116940136216534
B000224,551.8004996079361,1.5370487454260058,10.262866029143623,2.152405846181997,0.0,0.17215375380726994,0.42973925698714005,15.485196161726437,0.5319876656228758,0.0,0.06696384705831511,0.33906236618873825,0.31537976590082795,0.28365510065524835,2.808049050074975,0.30372343572391,0.2676163021620901,0.036107133561819875,0.20518527264626069,0.0,0.491091291629829,0.0,0.0,0.0,0.0,1.0,0.4277572141622676,,,0.19006326769067228
B000225,6838.980912437777,5.61492685750228,10.979196076525678,8.97900275399835,0.0,0.34319862328478484,0.9828702142047638,34.90002237018477,1.6859531121343536,0.830738399626043,1.3565893108603937,1.2237756236799917,0.0,0.517870411201498,2.379468902308941,0.7179589114552144,0.5520021884548935,0.165956723000321,0.0,0.0,0.28204108854478566,0.0,,0.9333333333333333,,0.7,0.48955882369553655,,,0.1887933662721779
B000226,1545.852142812036,4.223639734459114,8.751611594999606,3.9146582368376333,0.0,0.5435320809049639,1.3723199623041267,49.674090522070074,1.7948522665516125,1.0652177689172806,0.1912587689104592,0.18698792099827347,0.0,0.9853230090814896,2.8902501252366677,0.5594181483912963,0.515146398726497,0.04427174966479933,0.0,0.0,0.44058185160870394,0.0,0.0,0.0,0.0,0.98,0.3186822469179748,0.4021406988656492,,0.1887933662721779
B000227,41489.4471046255,8.690709489867093,21.419507467473316,5.331576035471962,0.15829099274636513,0.3506880830994264,0.029056529351890067,1.2850841376615163,6.290126700454852,0.45769927400145494,0.08847678947592151,0.5619400311108644,0.38395421865265994,0.9085124761713405,2.8324220900726287,0.4213350064119625,0.30400979765873426,0.11732520875322835,0.0,0.0,0.5786649935880376,0.0,0.0,0.0,0.0,0.5,0.1864282462321537,,,0.191088296168766
B000228,2264.005548618264,5.364942058337118,15.13730866464245,10.093996165253817,0.08800551946910859,0.21750796866337072,0.010083378561710788,0.21365164746646548,0.5546868682961575,1.520113871975083,0.0,0.8710600807456393,1.6687161226435403,0.7503651146766991,1.9123080689355996,0.6851604655171453,0.6851604655171453,0.0,0.3110408471327954,0.0,0.003798687350059501,0.0,0.0,0.0,0.0,0.9,1.030217231347556,,,0.19106616983379643
B000229,3169.267146184895,4.068378878286129,9.450338020945669,9.984822994209054,0.03142420462986256,0.6157400204029859,0.023293655350065213,0.5086660157610113,0.607594508379017,0.2586216705576478,1.0932044077596843,0.91078006499213,0.0,1.1981782265976513,2.2271415739008,0.9331118209794,0.3769674177662409,0.5561444032131594,0.0,0.0,0.0668881790206,0.0,0.0,0.0,0.0,1.0,0.7642870145538492,,,0.19106616983379643
B000230,3656.3925555268374,2.02458059552981,8.22144105221033,1.7240375230468492,0.0,0.41272556730858345,0.4927035130750319,17.83852549372641,0.6786452899192204,0.6310645671984491,0.023720553181606006,0.18137996309616253,0.0,0.5097702221343722,2.572469614774691,0.6647970985113454,0.251790530473286,0.4130065680380594,0.0,0.0,0.33520290148865445,0.0,0.3,0.3,0.3,1.0,,,,0.32152411226147926
B000231,867.0614865507248,0.7619169477598636,3.643744920039851,0.5803812586573547,0.0,0.453,0.5881521181543538,21.291106677187607,0.32348366498489456,0.0,0.0,0.0,0.26929690401701256,0.1691363787579565,2.725123575594037,0.5294340515437177,0.17598751802220858,0.3534465335215092,0.0,0.0,0.47056594845628225,0.0,0.0,0.0,1.0,1.0,0.7466801529890948,0.32018172239953324,,0.19006326769067228
B000232,65675.30847116327,185.52347025752337,280.26817323843517,1403.0270581279296,0.0,0.8071161938157041,1.5150910751626199,71.13482668062495,2.1166537376046795,3.4401057300717075,178.2780068638611,0.4253165152470257,0.0,1.2633874107389305,2.6735294875930418,0.02763291861408354,0.009090220349025596,0.018542698265057944,0.9609458394476725,0.0,0.01142124193824434,0.0,0.2,0.2,0.2,0.98,0.35573878356394784,0.4291910762651735,0.23065880784166365,0.2770151739533745
B000233,1111.4444000048632,3.704814666682877,7.1329797986816,2.909461894113079,0.0,0.5811132725800651,1.0637524559654972,38.606672711755806,1.855002722927699,0.2647111834247588,0.0,0.5856184184305773,0.0,0.9994823418998425,2.9213902503562883,0.4405733957777432,0.21105325014069226,0.22952014563705087,0.0,0.0,0.559426604222257,0.0,0.28,0.28,0.28,0.7,,,,0.3116940136216534
B000234,674502.4716766665,372.24198216151575,850.0293267264651,2882.2026351523696,0.0,0.8082669831472283,0.009207216426478109,0.20532092631046187,0.6366089762992068,367.80219276334265,1.2107330028169758,0.8595171599926488,0.8086198087906713,0.9243104502734829,2.0001919475500856,0.9994304919481113,0.9940056529767471,0.005424838971364199,0.00056950805188864,0.0,0.0,0.0,0.0,0.0,0.0,1.0,1.0288073908794422,,,0.19106616983379643
B000235,26689.192424119516,12.81901653415923,20.95389560347383,17.375019656062886,0.07283668690168169,0.16508534912168657,0.015793214971761286,0.3521886938702767,3.6075871762906493,1.2003889275240576,1.545247882950345,1.3396648274938556,3.8862035062549456,1.2399242136453787,2.5363723012815638,0.6972831892821756,0.592777135801083,0.10450605348109268,0.0,0.0,0.30271681071782447,0.0,0.0,0.0,0.0,1.0,0.17135193941675084,0.20150143114945768,,0.18847355270950683
B000236,3371.1997217245507,3.2921872282466316,4.83416910333244,7.481771317269859,0.0,0.0,1.9502070336562858,70.59196352719904,1.18580227714665,0.0,0.0,1.5110185352358205,0.0,0.5953664158641622,2.935101947173351,0.5486735396199881,0.08970251808408165,0.45897102153590635,0.0,0.0,0.4513264603800124,0.0,0.0,0.0,0.98,0.98,0.2525308940343215,,,0.1887933662721779
B000237,13406.348972456686,5.118880860044554,20.422777867245685,8.384343134512084,0.0,0.2902661609622027,0.009088154744222395,0.16418727933134286,1.5059665610286512,0.2805544175866706,0.0,0.8515504851399109,2.185460936886352,0.2953484594029684,2.076850284610204,0.7058015995676947,0.6509938348907436,0.05480776467695103,0.0,0.0,0.29419840043230533,0.0,0.0,0.0,0.0,,0.22431594654527745,,,0.19106616983379643
B000238,5121.098258665489,3.1611717646083264,10.40218962479277,4.01689656980916,0.026572543994364668,0.09441657610092573,0.7989264648448567,28.924422129851877,0.9962432998295553,0.9155006830175322,0.05378686613053417,0.9005158640065848,0.0,0.2951250516241201,2.3783134895626885,0.6848499942384524,0.6848499942384524,0.0,0.0,0.0,0.31515000576154745,0.0,0.0,0.0,0.0,1.0,,,,0.191088296168766
B000239,2900.051880485385,6.888484276687375,22.020487498598154,9.813225995171768,0.0,0.37187861958252566,0.01046010031282362,0.21323303531906748,2.103620261389078,0.4682807190968356,0.870171405881346,1.6880561670519594,1.3304906740497902,0.427865049218366,2.294287657159885,0.5682952086666444,0.5682952086666444,0.0,0.126322623516215,0.0,0.30538216781714056,0.0,,,,1.0,,,,0.19106616983379643
B000240,4854.934502346797,3.959979202566718,10.433786419291105,4.8435885760484,0.0,0.12483332109286742,1.023708604615992,47.95943407130415,1.2748687542418111,1.1166580497249012,0.0534529829814361,1.142647380432743,0.0,0.3723520351858271,2.208240920696728,0.6615677294082463,0.5992394449744576,0.062328284433788746,0.013498298917022032,0.0,0.3249339716747315,0.0,0.0,0.0,0.0,0.9,0.8527595989403687,,,0.191088296168766
B000241,3997.69206627831,1.0095181985551287,7.84815235492445,1.0870432033978772,0.0,0.34666808145435,0.18303631393832365,6.620106867802939,0.2802886145641567,0.24284343997470348,0.0,0.0,0.20781897144026792,0.27856717257600055,2.4840794140356484,0.6550601988038712,0.6550601988038712,0.0,0.0,0.0,0.3449398011961287,0.0,,0.0,,0.5,0.5396453257207099,0.3148144626566471,,0.19006326769067228
B000242,3649.930721665897,10.252614386701959,14.040299127356931,9.127225726388298,0.0412427778830825,0.28306824431327565,0.01611337737276678,0.47766276602941027,4.107656029722144,0.7990410763696121,2.06789538513605,0.17043481779121336,2.2351736303486236,0.8724134473343166,2.6302138669858603,0.5676172533395649,0.3329835923623216,0.23463366097724353,0.0,0.0,0.4323827466604351,0.0,0.5,0.5,0.5,0.5,,,,0.40484810018049977
B000243,3721.426984565287,4.1257505372120695,8.14187966124085,4.068143136127063,0.06671471067167117,0.36745866223571544,1.3902676280180168,65.27008698761264,1.816190903397815,1.0475272888139393,0.36438620595715804,0.12288233412173401,0.21026520541620253,0.5644985995052219,2.6654068321193254,0.5350379612087544,0.45428961335467954,0.08074834785407488,0.0,0.0,0.4649620387912457,0.0,0.0,0.0,0.0,0.98,,,,0.1887933662721779
B000244,20586.2775352234,4.393145013918779,6.638829483011705,3.0064306144911948,0.0,0.5614735887519036,1.532477153486355,72.00386578760572,2.103892814028384,0.8775724569956403,0.21741734444408017,0.0,0.0,1.194262398450674,2.77989072053692,0.4692097445070989,0.4692097445070989,0.0,0.04949013605406557,0.0,0.48130011943883527,0.0,0.2,0.2,0.2,0.98,0.19840430741894938,0.3772701477311213,0.8655704981692168,0.2770151739533745
B000245,2168.313050120693,1.3917285302443472,6.36328059986278,1.5282999390039447,0.4205179289846073,0.05396856661358025,0.31944201197636696,11.528123841055232,0.49115674889730077,0.3289799056095017,0.05821278779616776,0.0,0.20229543660005114,0.3110836513413258,2.6311645146391873,0.47986636614835104,0.47986636614835104,0.0,0.14535552890083667,0.0,0.3747781049508124,0.0,0.5,0.5,1.0,0.5,,0.5037604436916536,,0.40649680945047806
B000246,27116.667567181117,6.14194055881792,9.072681738058412,7.481941775942761,0.0,0.15544845038060576,1.3883557829495525,50.19526702420768,2.3884261360021237,1.337132833761633,0.0,0.8555031314272454,0.8722220130503249,0.688656444576593,2.4988623337478377,0.6074272239877707,0.6074272239877707,0.0,0.0,0.0,0.3925727760122292,0.0,0.28,0.28,0.28,0.7,0.17457348567906442,,,0.3116940136216534
B000247,1462.2580676608009,3.353802907478901,6.119846072947503,4.937627912243806,0.0,0.04832121040798666,1.4787488219085492,53.54851210083025,0.9145332679596271,0.6603311364688033,0.0,0.2331900313344295,1.036625804456725,0.5091226672593171,2.533723907457134,0.5484356106977102,0.23934594948205737,0.3090896612156528,0.1968902629895992,0.0,0.2546741263126909,0.0,0.0,0.0,0.9800000000000001,0.98,,,,0.1887933662721779
B000248,2218.429932387065,3.7159630358242297,13.731843740692874,5.6240050635862655,0.0,0.35583817665716183,0.007604472907748621,0.2742801999918533,1.5009035259181125,1.127781457806424,0.6356464620823695,0.17724602766100472,0.0,0.27438556235631745,1.7295840228348678,0.9634973476763595,0.9157988033280327,0.047698544348326696,0.0,0.0,0.03650265232364034,0.0,0.0,0.0,0.0,0.95,0.33817117632711535,,,0.19106616983379643
B000249,1496.0616763879545,2.393698682220727,14.99445043418274,7.7398752870083305,0.3474325432003516,0.0545908888776793,0.22669833562913785,8.184084648313096,0.34811451211175526,0.2588178103752936,0.06675977191199085,1.3016382662392298,0.24128248691516152,0.1770858346672968,2.294054397135737,0.7437946564689282,0.17212786803183702,0.5716667884370913,0.10079902232778704,0.0,0.15540632120328493,0.0,0.5,0.5,1.0,0.5,0.7493330352625309,,,0.40649680945047806
B000250,22219.916191858636,7.411579783808751,11.745167386629163,2833.4735054325647,0.0,0.24000000000000002,0.012216150245434517,0.1348066616403207,6.089525965613438,0.0,0.0,0.48352882115808987,0.0,0.8385249970372234,3.431090036615199,0.16037256172125958,0.0951329184518987,0.0652396432693609,0.0,0.0,0.8396274382787405,0.0,0.0,0.0,0.0,1.0,0.2188754425967005,,,0.18847355270950683
B000251,534.5096043196341,1.7524905059660136,10.018349431597523,1.332218917350858,0.0,0.35390276614522787,0.31692315236814794,14.844319632405776,0.865852901625069,0.6807199520467138,0.029911702414620073,0.0,0.0,0.1760059498796104,2.6136560940226747,0.48563431852385014,0.48563431852385014,0.0,0.017068110961395506,0.0,0.49729757051475404,0.0,0.0,0.0,0.0,0.6,0.4899808294315284,,,0.19006326769067228
B000252,5085.766292822606,2.200677755440332,4.445918687378952,1.4358349480179569,0.0,0.365,1.4474680604739423,52.44838834403095,0.9077480956452193,0.7581208525534813,0.0,0.0,0.0,0.534808807241631,2.9153895075752807,0.5375706684974453,0.19307640954502994,0.3444942589524151,0.0,0.0,0.46242933150255494,0.0,0.0,0.0,0.98,0.98,0.2282619393802808,0.47866222505832284,,0.1887933662721779
B000253,28391.096290082867,5.878073766062705,8.877490171245606,8.456147876995525,0.4211086179508817,0.4566183720921593,1.976811326153819,71.34969316749512,2.5764874587119624,0.0,0.2654472131124038,1.9644596678327195,0.11932677831967146,0.9523526480859488,2.6223794036002195,0.5489205020770416,0.14926004309672228,0.39966045898031927,0.0,0.0,0.45107949792295854,0.0,0.0,0.0,0.0,0.98,0.46268952522013906,,,0.1887933662721779
B000254,21888.828677760233,7.141542798616715,25.808234605725247,8.621603965039135,0.0,0.29755874841647584,0.014087253007784906,0.30730781557488707,1.276864678156786,0.6573778304223622,0.824315134659465,0.03957278770436147,3.71734965869564,0.6260627089781008,2.422917324107068,0.8074472547272418,0.6864806867566408,0.12096656797060122,0.0,0.0,0.19255274527275812,0.0,0.0,0.0,0.0,0.95,0.5865950725606196,,,0.19106616983379643
B000255,23906.525407032903,6.166243334287569,8.913410394837152,6.676512659417905,0.0,0.11752444676588651,1.8807597889150767,67.97076600243777,1.1223403646931394,1.3753680698885282,0.9891507346790598,0.0,1.9676042271712086,0.7117799378556298,2.4435374827316716,0.490997576735696,0.490997576735696,0.0,0.31909286100181783,0.0,0.1899095622624857,0.0,0.0,0.0,0.98,0.98,0.24470742344656327,0.309965274847594,,0.1887933662721779
B000256,12772.382571172291,9.440046246247075,21.55364829416004,12.620428754302415,0.0,0.2862317285697369,0.022727101803237306,0.7770093686842929,2.003817729777274,1.9484791774890313,0.0,0.42697562585572507,4.2188642366063185,0.8419094765187235,2.3907718319421987,0.7795017413967467,0.7342714941375797,0.04523024725916685,0.0,0.0,0.2204982586032533,0.0,0.0,0.0,0.0,1.0,0.6808834051645114,,,0.19106616983379643
B000257,2636.7549970619857,3.3418947998250768,4.85798638775412,5.008428707035576,0.21402573472960937,0.440386195484143,1.7927336981375899,64.90796210481558,1.0890744627098288,0.5426503103560698,0.0,0.5648777540030652,0.17985038773313525,0.9654418850229775,2.655470093409173,0.5117366431907707,0.5117366431907707,0.0,0.16237803487544655,0.0,0.3258853219337825,0.0,0.0,0.0,0.9799999999999999,0.98,0.18980413611979122,,,0.1887933662721779
B000258,1195.2852890666575,2.067967628143006,6.4480452272559114,2.200639697232019,0.0,0.471746600864315,0.8675242835193361,31.40437906339997,1.08440535439917,0.612028089372613,0.0,0.0,0.060644085111873594,0.3108900992593491,3.2018397402264487,0.10465886584340335,0.10465886584340335,0.0,0.2959563201297315,0.0,0.599384814026865,0.0,0.0,0.0,0.0,1.0,0.5000816021222384,,,0.191088296168766
B000259,9160.570211853797,10.931468033238422,14.832942322631107,11.555827366359019,0.10071793772264552,0.4236226403435752,0.010654707624660925,0.22368195054431733,6.462039510072719,0.0,0.0,1.0236485116349836,2.948762254394909,0.4970177571358121,2.9734785408630566,0.4088589482744567,0.4088589482744567,0.0,0.0,0.0,0.5911410517255434,0.0,0.0,0.0,0.0,1.0,0.14550487336471254,,,0.18847355270950683
B000260,8345663.486112278,1789.7627034339005,3700.8012645317594,2571.4549898498003,6.41170361924453e-05,0.021422448814554646,0.015662054759289248,0.33829958806379967,2.7697169655232985,0.0,0.7774544440394978,0.9753239832870261,1784.3096867789225,0.9305212621281962,2.0024629330611434,0.9984524669330692,0.0009543028821031487,0.9974981640509661,0.0,0.0,0.00154753306693073,0.0,0.0,0.0,0.0,1.0,0.2745757720093617,0.18710090524286102,,0.18847355270950683
B000261,5007.893519949456,2.294041923934703,10.791730857878346,3.832053410476103,0.0562403644340482,0.2477714276957701,0.2970865461590341,19.633242527301146,0.4528522416031757,0.5578454632725366,0.04850950273989168,0.4289690909729624,0.37979856807700163,0.4260670572691349,2.47353269150397,0.7354839033082263,0.3829325176461984,0.3525513856620279,0.0,0.0,0.26451609669177356,0.0,0.5,0.5,1.0,0.5,0.6028184162050649,,,0.40649680945047806
B000262,9930.647538178844,6.815818488798109,14.330264269891853,0.15649653715942724,0.0,0.021,0.041644161431729325,2.553521873240806,6.1990723979238815,0.0,0.10892158986296135,0.0,0.0,0.5078245010112659,1.926662500930655,0.683762173720576,0.683762173720576,0.0,0.015980705771724335,0.0,0.3002571205076998,0.0,0.0,0.0,0.0,0.5,0.1885513684312531,,,0.191088296168766
B000263,1158.9515139079176,2.3945279212973505,12.37132691308812,2.6607819164748276,0.0,0.11290023493424928,0.5853654693928657,38.901526874807296,0.32098257617623044,1.2389740081861362,0.01501258031715562,0.09250085894243948,0.3046070543468738,0.4224508433285151,2.3009614298445187,0.865951625236292,0.7324724405413563,0.13347918469493567,0.0,0.0,0.1340483747637082,0.0,0.0,0.0,1.0,1.0,1.5387300584278794,0.424640178969095,,0.19006326769067228
B000264,5975.111358905629,4.857814112931405,10.666622568795274,6.55339998438699,0.0718165614606691,0.4178100951221997,0.010487941782850164,0.323598339885554,2.4623694577234327,0.2576631056226614,0.0,0.6378978277182877,0.8743512859325248,0.6255324359344986,2.86140415297308,0.4931116340642484,0.36179787588230894,0.13131375818193955,0.0,0.0,0.5068883659357516,0.0,0.5,0.5,0.5,0.5,0.27654418637326533,,,0.40484810018049977
B000265,52189.95592013098,12.140022312196088,15.789470520876728,12.146773469232881,0.0,0.3959523002088293,0.010057090353242579,0.22427311487730953,6.641474761575288,1.1530583091349969,2.945986754584507,0.3147780555452514,0.0,1.0847244313560445,3.1119927339633975,0.2102599756733514,0.08935110689758045,0.12090886877577095,0.24266732620622242,0.0,0.5470726981204261,0.0,0.0,0.0,0.0,1.0,0.17889639826622172,0.21268709412202058,,0.18847355270950683
B000266,9428.942053009445,10.248850057618961,18.265032616491922,10.366585723730273,0.11638840931871962,0.10994773174908835,0.009660850168140181,0.21543695874952606,3.244315354972449,0.8223383014188532,2.0028605843284626,0.0,3.444924920688608,0.7344108962105852,2.7924086717215264,0.24570821150648267,0.24570821150648267,0.0,0.41636507492225355,0.0,0.3379267135712634,0.0,0.5,0.5,0.5,0.5,0.348807337014726,,,0.40484810018049977
B000267,9922.494021264489,4.8639676574825925,11.128528946843895,5.830072232467883,0.3600059714660781,0.33042384908990174,0.02214788250054829,0.6407795354283506,2.3738123887471616,0.0,1.3085256650722457,0.40785085552122613,0.35214986459785186,0.42162888354410705,2.0322269980816015,0.8618931614832469,0.5928688263688373,0.2690243351144094,0.0838514735791468,0.0,0.05425536493760645,0.0,0.0,0.0,0.0,0.95,0.5368255084447328,0.42935160482179546,,0.19106616983379643
B000268,1392.9891216658025,3.2699275156474235,6.881566046730468,4.710420088055957,0.0,0.45176969773514375,1.341085107833647,48.55612333678411,0.8146635776119103,0.39425913860701256,0.720355432603277,0.6179152725916434,0.0,0.7227340942335815,2.58039069215268,0.612179934604604,0.39188287017238166,0.22029706443222227,0.0,0.0,0.3878200653953964,0.0,0.0,0.0,0.9799999999999999,0.98,0.33045981681181497,,,0.1887933662721779
B000269,16224.308773995896,5.1538464974574,16.041837114325954,7.801034008075028,0.0,0.4014064556216373,2.0688461529342828,13.151790728056634,1.9796254163799285,0.2344484120174202,1.2240754435302372,0.9284575338017164,0.4694963136596982,0.3177433780683997,2.560283106528813,0.5697150444911068,0.29847028620211224,0.27124475828899475,0.0,0.0,0.43028495550889306,0.0,,,,1.0,0.15345808566258953,,,0.19106616983379643
B000270,1151.194107116039,2.944230452982197,6.022644963599865,1.355229405528322,0.0,0.453,1.4024196793736672,50.79745671006365,1.7492915596249723,0.6288264441651414,0.0,0.0,0.0,0.5661124491920834,3.196716007170419,0.4058577996660815,0.19227857949049837,0.21357922017558312,0.0,0.0,0.5941422003339185,0.0,0.0,0.0,0.0,1.0,,,,0.191088296168766
B000271,7367.699852068848,6.155137721026606,11.668051348933911,7.558978369483,0.0,0.42543609453628034,0.014326627494780683,0.2284871494915097,3.25541420116285,0.3409421184861583,0.0,2.081064003146231,0.0,0.47771739823136833,1.711123267463684,0.9940283190495559,0.6559263792607687,0.3381019397887872,0.0,0.0,0.0059716809504440785,0.0,0.0,0.0,0.0,0.5,0.42842498491155045,,,0.191088296168766
B000272,5142.4546258165465,8.471918658676353,16.58655009213868,10.260437087635065,0.0,0.4277721803325292,0.011100388297890125,0.2085298468342572,4.578677929166539,0.3667351836638032,0.0,1.8925505374560956,0.8582687485371513,0.7756862598527653,2.6300436653262467,0.45258634526444,0.45258634526444,0.0,0.0,0.0,0.54741365473556,0.0,0.0,0.0,0.0,1.0,0.18272000822755438,,,0.18847355270950683
B000273,1111.3321614216954,3.0364266705510805,5.688810322936708,5.097902042909489,0.0,0.365,1.2396753471539657,58.26151126347517,1.1873577432325624,0.0,0.11326288018783955,1.1965084422256178,0.0,0.5392976049050603,1.5850315352055218,0.9731627600155018,0.9358613882134673,0.03730137180203449,0.0,0.0,0.02683723998449795,0.0,0.0,0.0,0.0,1.0,0.5570056965772913,,,0.191088296168766
B000274,3198.4312970664896,3.3491427194413506,8.187855413754944,7.5402926216862385,0.0,0.44023718503090964,0.011868425176334617,0.035534707158025106,0.4552794995622112,0.0,0.0,1.055472824202267,1.1737811243887284,0.664609271288144,1.7944400976415105,0.834089764081055,0.834089764081055,0.0,0.0,0.0,0.16591023591894494,0.0,0.0,0.0,0.0,1.0,0.9934068624568968,,,0.19106616983379643
B000275,2135.054064395526,3.826261764149688,9.475588698665113,6.630095181982634,0.36012936146140523,0.15265902205208923,0.015473266108664951,0.3914490802989238,0.49996847492173835,1.8403606482609032,0.0,0.31940140905330044,0.7529954235029833,0.41353580841076204,1.8397269485239998,0.8693323913156665,0.6725357605785319,0.1967966307371346,0.0,0.0,0.13066760868433333,0.0,0.0,0.0,0.0,1.0,0.8399510692664037,,,0.19106616983379643
B000276,22558.362130512927,6.572949338727543,13.97753089423772,11.324690928094693,0.02442074154566355,0.41639352196714885,0.012443769763708796,0.2379541206145136,1.2196841094633963,0.39470532519488627,0.0,0.5519731604102966,3.757377608537891,0.6492091351210744,2.2432952889314737,0.8144388391559527,0.8144388391559527,0.0,0.0,0.0,0.18556116084404733,0.0,1.0,1.0,1.0,1.0,,0.30237441219400396,,0.6084446516532538
B000277,9565.959301590092,4.680019227783802,15.592425655279422,8.849735330916843,0.2751136993860981,0.20925141516004916,0.01406130039029461,0.4861642304582913,1.3912127755599695,0.8035498495110798,0.9604366776763621,0.9626476242525884,0.0,0.562172300783803,2.2057781557723772,0.6693093440039108,0.46408867482918764,0.20522066917472298,0.0,0.0,0.33069065599608943,0.0,0.0,0.0,0.0,0.95,0.7415915063173403,,,0.19106616983379643
B000278,19984.44605249338,7.598648689160981,17.11538808985118,11.428827817058385,0.06838259611754872,0.10495833191841787,0.025299401721378612,0.7722696302991873,2.040278807831181,1.3195044014438493,0.8840457372261618,1.3082336727063404,1.57779251706238,0.4687935528910671,2.401712458486329,0.6151520270665076,0.4415021512239721,0.1736498758425355,0.11634249369722809,0.0,0.26850547923626433,0.0,0.0,0.0,0.0,1.0,1.0259258843606887,,,0.19106616983379643
B000279,7372.156316333475,4.281159301006664,15.647726778678983,6.43007908242096,0.0,0.4618354869189043,0.025324909479956883,0.35056334470033723,1.6790160982815507,0.3395246546403225,0.4726486057732505,1.4675026929114874,0.0,0.32246724940005245,1.6038792040539074,0.9904168813364764,0.45792654564889246,0.5324903356875839,0.0,0.0,0.009583118663523574,0.0,0.0,0.0,0.0,0.95,1.043547644915586,0.5020510099038226,,0.19106616983379643
B000280,14670.974493734306,6.09006828299473,17.100027872819506,10.005520432494503,0.0,0.45547334930654026,0.03064554203342593,0.7013520675482371,1.8114577796386164,1.0277276843158107,0.9368336938478088,0.3516452831358194,1.145745230019518,0.8166586120371576,1.8591480592702707,0.9738950984367746,0.9665914836417829,0.007303614794991732,0.0,0.0,0.02610490156322541,0.0,0.0,0.0,0.0,0.95,0.5583175584076476,0.49869103425728695,0.5089417395735018,0.19106616983379643
B000281,14380.438945186179,9.631908201732204,16.09154507739516,5.580130184238494,0.0,0.3346038218315354,0.008649747861358198,0.4013483007670204,5.7120976442931495,0.9104913407289728,0.0,0.0,2.2298565347370944,0.7794626819729875,2.898091879886474,0.4028006561123561,0.4028006561123561,0.0,0.0,0.0,0.5971993438876441,0.0,0.0,0.0,0.0,1.0,0.18634827806817336,,,0.18847355270950683
B000282,2007.1301983116464,1.4769169965501445,7.732214622244836,1.423542984729803,0.0,0.24,0.2705479798343754,9.752913301141808,0.3338214773515398,0.9551973427536978,0.0,0.0,0.0,0.187898176444907,2.4583806766350556,0.8430290302454524,0.8430290302454524,0.0,0.0,0.0,0.15697096975454763,0.0,0.5,0.5,1.0,0.5,,,,0.40649680945047806
B000283,2052.6819784353966,4.481838380863311,7.138425477497339,4.077514898939284,0.0,0.5898737635608833,1.197806261528337,56.19062089904739,2.1069957932476227,0.2643390619964112,1.0625292359047454,0.0,0.0,1.047974289714533,2.631726774229145,0.5606086321207855,0.5016285798446719,0.05898005227611378,0.0,0.0,0.43939136787921457,0.0,0.28,0.28,0.28,0.7,0.5368158167992675,,,0.3116940136216534
B000284,17458.800989935156,7.000321166774321,10.425595676061256,10.897305122200473,0.0,0.2951662577368009,1.8387583483026329,66.45129718825532,2.3819223824480735,0.7816030690221858,0.0,2.038497938753485,0.7914876318100048,1.006810144740574,1.862319826422648,0.8974798251810048,0.6985755010475041,0.19890432413350076,0.0,0.0,0.10252017481899556,0.0,,0.9333333333333332,,0.7,0.3325339096850762,,,0.1887933662721779
B000285,16281.52358325614,10.517780092542726,13.629868407140908,16.74368482886727,0.0,0.2099070359911539,0.018579782948380384,0.48372137106636726,1.9353510054693246,0.5721109417098648,3.169156105829717,1.6791679825908221,2.303654229670703,0.8583398272722935,1.9979476158152203,0.815992444371268,0.815992444371268,0.0,0.0,0.0,0.18400755562873192,0.0,1.0,1.0,1.0,1.0,0.2330637385437893,,,0.6084446516532538
B000286,9679.83782886853,3.5046480191413942,6.300232408014595,4.2462326775802754,0.30648788172515096,0.15429262750988657,1.5439619474819253,55.88704358207974,0.9387893498257779,1.437949927121888,0.18158199845019826,0.37228240197788115,0.0,0.5740443417656492,2.4901268236736196,0.7001613930910995,0.6483496284121791,0.051811764678920354,0.0,0.0,0.29983860690890063,0.0,0.0,0.0,0.98,0.98,,,,0.1887933662721779
B000287,6857.21862171395,4.6743139888983976,9.222324913848565,5.84327249408454,0.4521208580079079,0.07055176574162046,1.3597434394614754,63.734828307018844,1.6943638563254164,0.5550281455893125,0.027885335660119068,1.2632963502279015,0.18346821338251895,0.9502720877131302,2.7698799509546603,0.5496230575996605,0.2793595808139205,0.2702634767857399,0.039250297223990545,0.0,0.41112664517634917,0.0,0.0,0.0,0.0,1.0,1.1534121112927278,0.26396342484906,0.2606565696207663,0.191088296168766
B000288,911923.1751209704,308.7079130402743,1254.5187598307596,1518.2896809225795,0.0,0.27435481210910545,0.40670589080108444,14.674056169358467,1.108212313837961,0.7735653830645,0.05264865842981459,306.36351359030425,0.0,0.40997309463777987,1.6758113486975652,0.9961842413371127,0.0012726566337450125,0.9949115847033677,0.0,0.0,0.003815758662887254,0.0,0.0,0.0,0.0,0.6,0.4922541333250856,0.32371644075276895,,0.19006326769067228
B000289,8513.971860634607,5.8920220488820805,15.370087032883081,8.459042767291109,0.0,0.433,0.02029886317290216,0.40340152442843946,1.7202500864462267,1.3255428489685628,0.0,1.0225467215290258,1.271750093392918,0.551932298545349,2.5172128051179175,0.6979259122350098,0.2994057520901405,0.39852016014486946,0.0,0.0,0.30207408776499034,0.0,0.0,0.0,0.0,0.9,0.5283978539802501,0.40859041205347135,,0.19106616983379643
B000290,1223.6100785643064,1.8853776249064813,9.635794001183884,3.1116967549329653,0.045333219484936335,0.3647870977859772,0.5414188455572619,19.57352455774101,0.5320775981899879,0.620627317004195,0.009082079008452093,0.3602421953515034,0.11301838787402796,0.2503300474783155,1.859952071375578,0.9961351712659665,0.471067100930055,0.5250680703359117,0.0,0.0,0.0038648287340334524,0.0,0.0,0.0,0.0,1.0,0.8599406245704668,0.35976416838885916,,0.19006326769067228
B000291,29374.86560264218,13.125498481967016,21.865843634689067,14.301966663853145,0.0,0.365,0.013139996466092251,0.4713767728869026,6.634460664852268,1.4596647396572895,2.7353723266473744,1.4600345795112617,0.0,0.8359661712988227,1.3768228980631372,1.0,0.888791672052478,0.11120832794752196,0.0,0.0,0.0,0.0,0.0,0.0,0.0,1.0,0.12493865614948059,,,0.18847355270950683
B000292,2532.0898575927295,4.629049099803893,16.076967080752947,8.406854724878059,0.0,0.36499999999999994,0.011674599177077069,0.038930843385632345,0.3467576425947982,0.5965005233398502,1.0185056562142507,0.9323486690931665,1.3783113026339693,0.35662530592785874,2.332276715790167,0.7941348537894944,0.3726974736178164,0.421437380171678,0.1288602714032825,0.0,0.07700487480722319,0.0,0.0,0.0,0.0,1.0,,,,0.19106616983379643
B000293,3986.7892304642737,6.525023290448893,10.981164705762364,7.232940169170147,0.0,0.3551973034699948,1.5459400618386399,55.9086505473245,2.0197429783500205,0.8558323780165135,1.6120595902236445,0.2657637946792102,0.9891408214477908,0.7824837277317118,2.3573160635558037,0.6196876173833512,0.4885260352830617,0.13116158210028947,0.04072993809358906,0.0,0.33958244452305947,0.0,0.0,0.0,0.0,0.98,0.26710517367700454,,,0.1887933662721779
B000294,1472.4545368160343,1.5918427425038209,8.140086837513437,3.455321724233889,0.0,0.39242771072806376,0.5823884089862471,21.023933936227888,0.3192338007897743,0.376015118384512,0.0,0.6967236530928443,0.0,0.19987017023669038,2.4831060770330367,0.7782495122411206,0.5420357780923096,0.23621373414881117,0.0,0.0,0.22175048775887932,0.0,0.0,0.0,1.0,1.0,0.941008852799797,,,0.19006326769067228
B000295,9390.776873768682,2.247134930310764,11.009227666380056,2.4657719270988685,0.1418488270733874,0.1294804781540031,1.3428443090688085,48.61096398829088,1.096911385193736,0.5407571513063516,0.041646909067363194,0.35674709193541415,0.0,0.21107239280789986,1.6424889435618093,0.8228971594136658,0.8228971594136658,0.0,0.15875641783828193,0.0,0.018346422748052857,0.0,0.0,0.0,0.0,1.0,0.5666300324386553,,,0.19006326769067228
B000296,2424.9051820891914,4.377085166225977,9.746860864688369,1.8465378516168136,0.0,0.4144288396951167,0.020915705585039707,0.3597856686283372,3.115542521729261,0.2508988945202539,0.11726569267927527,0.3341763060998904,0.06368949873090521,0.4955122524663916,2.5828548410895715,0.5305260894232025,0.45417932133232125,0.07634676809088109,0.0,0.0,0.46947391057679766,0.0,0.0,0.0,0.0,0.5,0.7964934423344556,,,0.191088296168766
B000297,636.508829979341,0.6191720135985808,4.190630736918835,0.19674846442763522,0.0,0.5523019981629592,0.20159597671989882,7.301296850339797,0.3060038489761969,0.0,0.006114092463155452,0.04588649205424384,0.0,0.2611675801049845,2.923731132509559,0.5016195695727483,0.49174494292801224,0.009874626644736106,0.0,0.0,0.49838043042725155,0.0,0.5,0.5,1.0,1.0,0.8269605659552772,,,0.40649680945047806
B000298,16153.334109840274,4.26885150894299,9.40375993699894,3.9378677165430935,0.0,0.28705127700862393,1.030962960754409,37.33132030217313,1.4370787152078852,0.6435579731780842,1.41507040128809,0.0,0.4036183615306825,0.3695260577382474,2.6021833908646634,0.6297945113584127,0.20375749437416577,0.42603701698424684,0.0,0.0,0.37020548864158725,0.0,0.2,0.2,0.2,0.98,,,,0.2770151739533745
B000299,481.78041306995834,1.3765154659141667,6.626117953076079,1.4640087022223136,0.0,0.40891634898044005,0.4277207777796876,15.228615634718803,0.5731592771012245,0.0,0.04939550931879941,0.19728971248939753,0.16537259211284924,0.39129837489189623,2.6001980417841404,0.611460980048465,0.4913224155296694,0.1201385645187957,0.0,0.0,0.388539019951535,0.0,0.3,0.3,0.3,1.0,2.0420078147374263,,,0.32152411226147926
B000300,13208.120992447693,4.899154670789204,9.405410285190566,4.7272410508992415,0.0,0.27732364191907477,1.0059945918778674,36.27731855804283,1.7221618803603829,0.6122460595200816,0.0,0.6892134082384217,1.3379705697881172,0.5375627528822,2.5422187803165435,0.6345815819756416,0.5096118472639479,0.12496973471169365,0.0,0.0,0.3654184180243583,0.0,0.28,0.28,0.28,0.7,,,,0.3116940136216534
B000301,14312.604219478528,10.143589099559552,13.517692628795,11.788042105496121,0.0,0.365,0.023502870614326488,0.44414808569488345,4.2277435514239645,0.0,1.584716056736025,1.9844514599373153,1.8575088407052047,0.4891691907570428,2.7935381486430457,0.5832102907631048,0.3875742648496062,0.19563602591349868,0.0,0.0,0.4167897092368951,0.0,0.0,0.0,0.0,1.0,,0.25535360053439643,,0.18847355270950683
B000302,3698.658970944504,6.103397641822614,11.644591895946348,9.689044473032746,0.0,0.270123459336711,0.9470696004063768,44.429731472119904,1.427000996559797,0.0,1.0090810693717438,0.8749030219108567,1.7479578879995046,1.0444546659807117,1.9623008310060992,0.914800547355725,0.4630785526295328,0.4517219947261922,0.0,0.0,0.08519945264427495,0.0,0.28,0.28,0.28,0.7,0.599580496228757,,,0.3116940136216534
B000303,779159.4863160327,330.7128549728492,550.8199740238631,1053.9065827170664,0.0,0.4688321363952746,0.010507417776312832,0.23431541641177617,3.5286104472692346,0.0,0.3776378987595624,322.164160759413,3.458251183094181,1.184194684313289,1.7021759644591632,0.9775935361098715,0.9775935361098715,0.0,0.011598850858605606,0.0,0.010807613031522896,0.0,0.5,0.5,0.5,0.5,0.25859557662577065,,,0.40484810018049977
B000304,1492.4605472149863,1.0982049648381063,7.777196658440216,2.232298327629943,0.1265761570754494,0.43854235465147784,0.4090329132854482,27.203423199615152,0.22452521509481016,0.4710875651470064,0.03339236970022566,0.14655873151521331,0.031201718417433025,0.19143936496341793,2.2055275491433317,0.7776366137612309,0.21522220439524267,0.5624144093659885,0.0,0.0,0.22236338623876908,0.0,0.0,0.0,1.0,1.0,0.7490142863087621,0.38943232025110963,,0.19006326769067228
B000305,11985.05758993701,2.552727921179342,10.885779739319672,4.0417782761267596,0.0,0.20623956217043424,0.46551035819352604,16.854600724822145,0.6386571056216939,0.7221414236175939,0.0,0.7741195438476429,0.18415168873426546,0.23365815935814618,2.462098601599427,0.6371541015927279,0.3339022205657812,0.3032518810269467,0.07213917597970594,0.0,0.29070672242756623,0.0,0.3,0.3,0.3,1.0,,,,0.32152411226147926
B000306,2851.0217081859514,2.2936618730377725,9.210112541739896,4.700542454288277,0.0,0.43966575540745634,0.7140778030218703,25.73018490135126,0.390546624412873,0.5830912857757815,0.10658014315088654,0.7847106918919675,0.1818292885192662,0.24690383928699766,2.4308332700786,0.8297278997380616,0.5755093975995909,0.25421850213847064,0.0,0.0,0.1702721002619384,0.0,0.0,0.0,1.0,1.0,,,,0.19006326769067228
B000307,4601.891436986376,6.640535984107324,9.581899739744172,10.483208759491717,0.0,0.31506590150597613,1.881729913122439,68.05476336010541,1.1292506726581828,1.5854308565709678,1.4638275909586638,1.0338580674882234,0.8211137426022485,0.6070550538290389,2.174125995254842,0.623901774690282,0.3851513394294311,0.23875043526085107,0.2204381686150058,0.0,0.15566005669471208,0.0,0.0,0.0,0.9800000000000001,0.98,0.37478917666438094,0.29648174841714725,,0.1887933662721779
B000308,26420.605302080738,5.39416196449178,8.728312301483337,3.8388012772384617,0.0,0.11066900152237763,1.292048942506889,46.70210784117428,2.227860238497462,1.559337810429233,0.0,0.41601977274190627,0.5283399423210431,0.6626042005021349,2.7828579048420456,0.557230470347756,0.4592838484630307,0.09794662188472525,0.0,0.0,0.44276952965224387,0.0,0.28,0.28,0.28,0.7,0.27153194948314535,0.45600446996956884,0.21332133035054782,0.3116940136216534
B000309,5488.602642416402,4.707206382861409,9.180738191319534,2.090570485788409,0.0,0.365,0.02928329785047701,0.3305540382155098,3.070046828530874,0.0,1.1038212164962802,0.0,0.0,0.5333383378342536,3.2811006105694993,0.11330251840584239,0.11330251840584239,0.0,0.2344960315560439,0.0,0.6522014500381136,0.0,0.5,0.5,0.5,0.5,0.25302314368051315,,,0.40484810018049977
B000310,9491.974045410343,3.7696481514735276,8.036925578047937,3.9988409782532606,0.0,0.3834747317287223,0.012488027875980082,0.4888461823241902,1.258711171519491,0.43697366755958345,1.2993643066318448,0.12519739201678176,0.0,0.649401613745828,2.58921439575279,0.63074498547819,0.28605384868762956,0.34469113679056035,0.0,0.0,0.36925501452181037,0.0,1.0,1.0,1.0,1.0,0.15133539945678992,,,0.6084446516532538
B000311,952.8692364848074,2.1509463577535155,7.351840430996593,1.2499906418330013,0.0,0.4098972562938932,0.013526629638884112,0.30164384094711577,1.258077405621566,0.3232681576197594,0.0,0.2959115192961786,0.0,0.2736892752160119,2.1449469232238667,0.841343542858718,0.6910524133498509,0.150291129508867,0.0,0.0,0.1586564571412821,0.0,0.0,0.0,0.0,0.95,0.9025708431276354,0.33301439120824283,,0.19106616983379643
B000312,89291.24413823918,18.590723326720628,34.719680924340345,9.715195505187086,0.0,0.31682414192853553,0.07626750583537917,3.5381955347616354,14.636765167117806,1.1303054925019071,0.12119440263091613,1.7704466636301663,0.12144816907433967,0.8105634317654846,3.2978912941175396,0.18877655387876383,0.12797711791075564,0.060799435968008186,0.006532729627565434,0.0,0.8046907164936703,0.0,0.0,0.0,0.0,1.0,0.2184976025004726,,,0.191088296168766
B000313,14353.184523993386,7.471725415925761,10.45052784434047,4.71875395742482,0.0,0.36499999999999994,0.022355899624320795,0.43910935284128405,4.258786066193966,2.2378627229826242,0.0,0.25363936653768093,0.0,0.7214372602114885,2.9123112114556764,0.39055125445218464,0.09104041881404855,0.299510835638136,0.033946558849319616,0.0,0.5755021866984956,0.0,0.0,0.0,0.0,1.0,0.4156898832819674,0.2732859666410183,0.7550945022382906,0.18847355270950683
B000314,1096.646106292499,1.6367852332723867,7.8442355934890875,1.6398883634835175,0.07517498720222608,0.4506424620253793,0.3434044455322401,12.400100603294383,0.9382013695535917,0.4119692922267959,0.07050567955670814,0.024031210176156986,0.0,0.19207768175913378,2.8649840296411453,0.419589791473534,0.3765140854349672,0.0430757060385667,0.0,0.0,0.580410208526466,0.0,0.0,0.0,0.0,0.6,0.7937379120832684,,,0.19006326769067228
B000315,17207.89330841005,3.9395360138301396,8.43053008473931,4.790031441703693,0.0,0.27472947846350554,2.344897926711783,84.47363718923258,1.2177046391913162,0.5198888923012109,0.0,0.6564670874176562,1.0626488825246347,0.4828265123953211,2.2199850621711996,0.6782126237179386,0.4604503648572026,0.21776225886073602,0.2697396035457217,0.0,0.05204777273633964,0.0,0.0,0.0,0.0,0.98,0.3858666037442505,,,0.1887933662721779
B000316,11940.959474104111,2.8269316936799505,5.549842885328322,0.0,0.0,0.0,0.939770014585526,34.04628019193168,2.1100184650467657,0.0,0.0,0.0,0.0,0.7169132286331854,2.2124311451710716,0.8033895064346217,0.8033895064346217,0.0,0.0,0.0,0.19661049356537852,0.0,0.28,0.28,0.28,0.7,,0.3290918957671646,,0.3116940136216534
B000317,6931.740066311792,2.9235512721686177,11.591478406553932,4.540536664167931,0.335589615540118,0.4088739984321422,7.068673720938741,135.7448059290231,1.4114206353018905,0.17168531757043765,0.34311862898247514,0.5119564617455709,0.0,0.4853702285682431,1.9144636111081856,0.9023717474159391,0.609893521065637,0.2924782263503019,0.0,0.0,0.0976282525840609,0.0,0.0,0.0,0.0,1.0,0.10401907728596035,,,0.19106616983379643
B000318,1050.3537126725512,2.4257591516687094,12.812040802495936,4.314066956062363,0.0,0.4177917853252572,0.3242395148200252,11.728246640261982,0.8988286929459222,0.3506950220928729,0.041163233351561246,0.5939104279906027,0.17920077161821021,0.36196100366954,1.9925164742660426,0.8242144079514699,0.5624103203917926,0.2618040875596775,0.0,0.0,0.17578559204852995,0.0,0.0,0.0,0.0,0.6,,,,0.19006326769067228
B000319,1008.1770352403208,1.9130494027330567,8.379550909511144,2.000532975645346,0.09169712640786867,0.07415673439959782,0.39663312933516304,18.63923721813488,0.4029892846476907,1.0531526970872551,0.0,0.01644667650377349,0.17437662182240532,0.2660841226719319,1.8776837857708113,0.9469327193511266,0.9469327193511266,0.0,0.008597099730031607,0.0,0.04447018091884178,0.0,0.3,0.3,0.3,1.0,0.9030420789642586,0.28688548251964857,,0.32152411226147926
B000320,58231.958993397835,15.557563182847405,32.23576853036067,5.375366265769935,0.11272599858328129,0.5879299504146542,0.06994961487332328,3.1687181440191727,13.424158370965927,0.0,0.07655448112266369,0.6706706369202005,0.38890105023354987,0.9972786436050646,3.4899692676574086,0.12799519384387206,0.05496793662347259,0.07302725722039947,0.0,0.0,0.872004806156128,0.0,0.0,0.0,0.0,1.0,,0.3390455601909529,,0.191088296168766
B000321,10172.475128428081,2.504918770851534,11.036356686136537,4.281262914484449,0.0,0.11202175963218289,0.3992943088225868,14.310686409830485,1.0808422707183525,0.0,0.0,0.9869653501137202,0.1665980440891033,0.27051310593035804,2.3491263512467127,0.5685120478573737,0.5685120478573737,0.0,0.0,0.0,0.431487952142626,0.0,0.0,0.0,0.0,0.6,,,,0.19006326769067228
B000322,7239.457853168533,8.547175741639354,13.891709405917904,9.277199295921088,0.0,0.4463663974978274,0.01143767720168889,0.04196209745524814,4.69066215705816,0.586595701397603,0.0,1.5768767514290387,0.9104296542254721,0.7826114775290807,1.5852623695678072,0.9673003068114691,0.9673003068114691,0.0,0.032699693188530964,0.0,0.0,0.0,0.0,0.0,0.0,1.0,0.1574157506396507,0.17083550805240852,,0.18847355270950683
B000323,3593.3242423051206,1.9225918899438847,10.238220557619412,4.450642015354157,0.0,0.287079954508733,1.4498330249343976,96.41311021349979,0.16044385219312043,0.6640000465668185,0.0583157618178244,0.736611795310548,0.09901203013826976,0.2042084039173039,1.9691119133452535,0.9054646308589278,0.5743692294676731,0.33109540139125454,0.051499244668695474,0.0,0.043036124472376924,0.0,0.0,0.0,1.0,1.0,,,,0.19006326769067228
B000324,8254.296784129203,1.655162780053981,8.4047265844914,2.678550808760834,0.0,0.23089699211342507,0.43297165850628255,15.507539403919159,0.5845575258308873,0.0,0.017434721855198183,0.6987901283415482,0.0,0.35438040402634774,2.4609771072139055,0.6116909404966254,0.1789692415629486,0.4327216989336769,0.0,0.0,0.38830905950337474,0.0,0.3,0.3,0.3,1.0,,,,0.32152411226147926
B000325,6483.8300811713,9.424171629609447,17.71285189515858,10.632461829809964,0.0,0.1810350845019109,0.024133873592799806,0.33222437330278376,3.705335180982019,0.3993860863355059,1.0518144998406298,0.9067516175651681,2.8644385132304593,0.4964457316556651,2.4115685131502445,0.6295666517911336,0.6295666517911336,0.0,0.11160816474691249,0.0,0.258825183461954,0.0,0.5,0.5,0.5,0.5,0.1800679244949845,,,0.40484810018049977
B000326,4000.6160053490394,4.348495657988086,9.608135197980191,3.799226209916145,0.062479859221550894,0.38833968358841625,1.2475956115477127,45.13708899065626,1.6291408409345292,0.1895681171929472,0.8678052490074276,0.04008366953941597,0.8361306512149406,0.7857671300988257,2.6144020043463394,0.6253553023694908,0.6253553023694908,0.0,0.0,0.0,0.3746446976305093,0.0,0.0,0.0,0.0,0.98,,,,0.1887933662721779
B000327,15213.87993306435,5.258859292452247,10.464965050397623,7.682602817406571,0.0,0.2382109864974502,1.0881485443632113,39.306994195245544,1.5852305535394309,0.0,0.7283811606726586,1.3504151435527636,1.0863225526494995,0.5085098820378955,2.2820435583883842,0.5855552651038637,0.32876665973255453,0.25678860537130943,0.13850554277389857,0.0,0.2759391921222377,0.0,0.2,0.2,0.2,0.98,0.31699870189335666,0.3202061211643051,0.8225318267631367,0.2770151739533745
B000328,2914.0282239819558,1.0709401778691494,5.53833033809696,1.0705475107544988,0.0,0.43941232005477865,0.5363889822968974,19.36377893386694,0.2940268143356045,0.38475565614158624,0.029349629762428293,0.07746308461715196,0.0,0.28534499301237815,2.330996028536436,0.725449823984912,0.6257124935654803,0.09973733041943164,0.0,0.0,0.27455017601508785,0.0,0.0,0.0,1.0,1.0,0.7703862095119111,,,0.19006326769067228
B000329,23783.73387878367,7.6696981227938315,20.99840248994279,1.9246655921801703,0.04873847864872812,0.44789251869379093,0.025818326986791023,1.138336106255407,6.302846551929092,0.4483618579722588,0.027290464075674956,0.0,0.11270554243624939,0.7784937063805563,3.4469326491750407,0.10993517897267366,0.10637696016943685,0.0035582188032367945,0.058458866410890056,0.0,0.8316059546164364,0.0,0.0,0.0,0.0,0.5,0.14023917930793856,0.23059294365671637,,0.191088296168766
B000330,5697.239712972535,3.246290434742185,8.873008654894992,2.7334780224525863,0.531043372238579,0.365,0.011526823056946406,0.28269889916797414,2.257434030021885,0.47429847615698256,0.20253555537081988,0.0,0.0,0.3120223731924982,3.1289746580648106,0.24689805509929394,0.24689805509929394,0.0,0.0,0.0,0.7531019449007061,0.0,0.0,0.0,0.0,1.0,0.14569326995894827,0.44080641973995316,0.2020922585774357,0.19106616983379643
B000331,5302.475504387175,1.8475524405530226,10.800641324276679,4.0339391673642755,0.0,0.47178393590421763,0.3406005401175576,12.115227822589832,0.45922839647031277,0.0,0.014686334061402124,0.915673744646401,0.15392773814937163,0.3040362272255353,2.6480350221285853,0.5775843069304747,0.5696352313107287,0.00794907561974593,0.08331440817089711,0.0,0.33910128489862834,0.0,0.30000000000000004,0.30000000000000004,0.30000000000000004,1.0,,,,0.32152411226147926
B000332,233.535892244807,0.7390376336860981,3.3473266628160068,0.38217626215434686,0.0,0.365,0.6358302999353073,22.76426212935505,0.34505814939883256,0.0,0.05115410080808487,0.15063496560941025,0.0,0.19219041786977045,3.02381127988897,0.5330979997895561,0.2600549811126428,0.27304301867691333,0.0,0.0,0.4669020002104439,0.0,0.0,0.0,1.0,1.0,0.45035535090015577,0.2918260234466261,,0.19006326769067228
B000333,3625.4021625612254,6.485513707622943,11.412314187476746,7.370283643046509,0.0,0.27350659692097445,0.015020529359831385,0.34276946574715206,1.5099568423551921,0.9824754558631544,1.2018859018686825,0.1886436960014086,1.7958681295340815,0.8066836820004233,2.350050757595691,0.5818615353419992,0.3049570046456485,0.27690453069635085,0.1853185354393762,0.0,0.2328199292186244,0.0,1.0,1.0,1.0,1.0,0.2817037047188546,0.3135363204332034,,0.6084446516532538
B000334,5052.924617401201,7.9448500273603795,14.268834143337376,5.155947148973341,0.0,0.2120938030575238,1.5605113140018656,56.46409010603999,0.948404863448997,0.7962157365985788,1.585394663485835,0.6586225756733793,0.0,3.9562121881535903,2.2813659800982773,0.7977271523580541,0.7977271523580541,0.0,0.08289930878559353,0.0,0.11937353885635243,0.0,0.0,0.0,0.98,0.98,,0.4171348757288882,0.252596130014015,0.1887933662721779
B000335,13515.953663905084,9.66806413727116,15.77505407790295,13.020636336249993,0.0,0.23325181089835748,0.013853499328261073,0.6272189556336158,3.47009138350458,0.5631540412326821,1.5521569699746411,1.1685358486861972,2.1445669676529344,0.7695589262201263,2.660926927679025,0.48134687261408216,0.19993657371335916,0.281410298900723,0.22181968770619312,0.0,0.2968334396797247,0.0,0.5,0.5,0.5,0.5,0.17480506415360367,,,0.40484810018049977
B000336,7896.94079300239,4.250237240582557,9.376830704021708,1.429552846444685,0.0,0.365,0.015788243099211743,0.3719367410339141,2.987067998068515,0.6142588301147965,0.14054507280799708,0.0,0.0,0.5083653395912479,3.154845247091247,0.2506728109528619,0.2506728109528619,0.0,0.0,0.0,0.7493271890471381,0.0,0.0,0.0,0.0,0.5,0.5741448343117449,0.2843274297800531,0.5796847632238791,0.191088296168766
B000337,2751.234641240265,6.196474417207804,15.342387541422514,6.394532483692422,0.0,0.3103910320718278,0.01704549506690458,0.2868435081616776,2.562874881050913,1.266846011254241,1.0237215151127284,0.9671839321454329,0.0,0.37584807764448785,2.775636861103475,0.5863978920119917,0.2258654677683438,0.36053242424364773,0.0,0.0,0.41360210798800834,0.0,0.0,0.0,0.0,1.0,0.21059463636956233,,,0.19106616983379643
B000338,4041.168908884293,9.553590801144901,12.289304462378729,14.676450273018581,0.0,0.22888748745482326,0.014878225266632085,0.487362835135353,3.9824141608010244,1.444740115306351,0.0,3.2000915642360974,0.0,0.9263449608014284,1.8018416046448762,0.8850825861546365,0.8850825861546365,0.0,0.0,0.0,0.11491741384536336,0.0,0.5,0.5,0.5,0.5,0.28523313253364485,,,0.40484810018049977
B000339,8058.659225370577,16.823923226243377,22.105689622669146,19.714417847519883,0.031422288957759316,0.2375133595418269,0.018107706405669634,0.5128128158777551,7.3432801057079615,1.0779354886990398,1.0013754896218077,4.131706110171073,2.454252854467419,0.8153731775760714,2.6099717700667173,0.41764279184938463,0.41764279184938463,0.0,0.1458787478677428,0.0,0.4364784602828723,0.0,0.0,0.0,0.0,1.0,,,,0.18847355270950683
B000340,1495.2711300209264,3.501805925107556,6.919455039540587,1.1565115486108604,0.0,0.24,1.591003161656098,57.62424509366426,2.137389081169993,0.0,0.0,0.0,0.7760192491178873,0.588397594819676,1.9054380942651326,0.858481694243595,0.6368762524474303,0.22160544179616473,0.0,0.0,0.14151830575640495,0.0,0.28,0.28,0.28,0.7,0.23374860080991394,,,0.3116940136216534
B000341,5431.101269062192,10.444425517427293,16.198995936077214,10.226747956330664,0.03555373726401156,0.30722362988667656,0.02095781188390129,0.4107136764086075,3.9481907204472724,0.6502861984427635,2.72560359470019,0.16462448583357503,2.1981369485858564,0.757583569417631,2.6811049346911844,0.6086900393779922,0.3824677899611152,0.226222249416877,0.0,0.0,0.39130996062200746,0.0,0.0,0.0,0.0,1.0,0.11275870008213858,,,0.18847355270950683
B000342,2391.8314398354246,1.9073615947650915,8.070082970234921,4.126920348578463,0.0,0.5341283043757122,0.3401623986204694,12.24213063280022,0.519941985566917,0.5089069304632213,0.051651031073475,0.41034673199344746,0.0,0.41651491566803067,2.3730506997160092,0.7274025087880871,0.5122641034014644,0.21513840538662274,0.0,0.0,0.2725974912119128,0.0,0.5,0.5,1.0,0.5,0.4590696802929663,0.29414975241981145,,0.40649680945047806
B000343,876.7490038751572,1.9226951839367483,11.248884372477484,1.8508959558397227,0.0,0.40302104134856076,0.30284942436125833,10.82870964207866,0.7669313036702216,0.7090699243243721,0.06256455644478709,0.1432789530965438,0.0,0.24085044640082318,2.0204017339857536,0.7936453961294478,0.7191255480050156,0.07451984812443223,0.0,0.0,0.2063546038705521,0.0,0.0,0.0,0.0,0.6,0.7009537014556895,,,0.19006326769067228
B000344,1051.5226016496183,2.539909665820334,11.314544831141292,5.480796162885427,0.6210360312216981,0.488,0.4723250839779501,21.99064367170339,0.6470873088949881,0.0,0.0,1.5248104232571957,0.029370733110241957,0.33864120055790853,2.6282572326339864,0.7605402609785173,0.1601998458146906,0.6003404151638267,0.0,0.0,0.23945973902148282,0.0,0.30000000000000004,0.30000000000000004,0.30000000000000004,1.0,,0.4034561464995068,,0.32152411226147926
B000345,2728.358298079156,8.144353128594496,16.637533543482242,2.813556896378811,0.5316257471530987,0.3181785310199664,0.028297306624359187,1.1269584719329546,6.8421257581668415,0.0,0.12300374772765282,0.4991667502108058,0.0,0.6800568724891961,1.8403538768517005,0.7446636807178607,0.7446636807178607,0.0,0.0,0.0,0.2553363192821393,0.0,0.0,0.0,0.0,0.5,0.1904408847621965,0.19967954046009778,,0.191088296168766
B000346,3256.7214122206824,8.801949762758602,13.43600295718233,17.303964552751516,0.0,0.323831819277024,1.3070227751314234,60.058199841048925,2.2061929538514664,0.7394807677381712,1.566507761476936,2.658774285441933,0.756555739712913,0.8744382545371816,2.302161902153153,0.6960725155039775,0.21603318776363917,0.48003932774033825,0.0,0.0,0.3039274844960226,0.0,0.28,0.28,0.28,0.7,0.3171528051984898,,,0.3116940136216534
B000347,2296.7310583025665,6.1574559203822155,17.236039517368116,10.32845005783328,0.08032785503658134,0.3786255949801956,0.01616547197776827,0.5978550703408075,1.748212909172059,0.6943669447504568,0.0,2.1570372555052684,1.2270187639407593,0.33082004701367185,2.0059047738711353,0.7343138599554325,0.6215453799648596,0.11276847999057293,0.0,0.0,0.26568614004456736,0.0,0.0,0.0,0.0,0.95,,,,0.19106616983379643
B000348,2622.218862398541,0.7656113466857054,5.405210917227152,0.3158419194700101,0.05869598604838759,0.08533605815493753,0.29137545390999914,10.433728345202585,0.40759896587416594,0.0,0.04981963317568801,0.1552472692262065,0.0,0.152945478409645,2.7162215182184077,0.5309669857004664,0.328191426145002,0.2027755595554643,0.0,0.0,0.46903301429953365,0.0,0.3,0.3,0.3,1.0,0.7065649376931114,0.38015096435750406,0.6546893047458839,0.32152411226147926
B000349,4690.0717443837475,2.209171806115755,10.060693341663725,1.9926827120521824,0.0,0.2870953313721519,0.5227541724588818,24.46263146609404,0.7808968335999142,0.9836305013540068,0.0,0.15793541199515562,0.06465127199561235,0.22205778717106614,1.4026951982927671,0.9886140515094072,0.9171232731290497,0.07149077838035754,0.0,0.0,0.01138594849059285,0.0,0.0,0.0,0.0,1.0,0.760920346293198,,,0.19006326769067228
B000350,4378.56692480891,4.6779561162488354,12.169056361185383,6.08955062785384,0.0,0.210771058344945,0.013860908878470947,0.04434849878865254,0.4185950212180673,0.0,1.77374304312871,0.4621501305415692,1.4380612768659489,0.5854066444945392,2.241620385671028,0.6208294821390838,0.6208294821390838,0.0,0.37917051786091593,0.0,0.0,0.0,0.0,0.0,0.0,1.0,0.9612040639328626,0.4494018489044609,0.7861087798559858,0.19106616983379643
B000351,6535.115625461871,11.020431071605179,19.03663746294461,3.7747165668845204,0.0,0.40657608787641153,0.05278855046414868,2.337173878304386,9.00568688675683,0.0,0.09406811459276272,0.8547141385623992,0.19461968398516416,0.8713422477080203,1.2466174870851037,0.9224427671650137,0.9224427671650137,0.0,0.0775572328349862,0.0,0.0,0.0,0.0,0.0,0.0,1.0,0.14925200568147517,,,0.191088296168766
B000352,5866.250372766024,12.045688650443582,18.057083129709355,10.19869946208041,0.0,0.4109074652736141,0.011601455469718495,0.02679936213504972,7.666767208439555,0.791217987217283,0.0,1.875434847831112,0.7424046438185,0.9698639631371322,1.636186827885119,0.8332464616603384,0.8332464616603384,0.0,0.15569345201048754,0.0,0.011060086329174195,0.0,0.0,0.0,0.0,1.0,0.22773137938403523,,,0.18847355270950683
B000353,916.1550521935242,1.4681971990280835,7.844829002720768,3.030038764115634,0.047799808427022514,0.4729731137003224,0.3172960769782905,11.42769970257453,0.33758059716823796,0.0,0.03811446423615396,0.3171101093900761,0.43945997535549225,0.33593205287812317,2.5429623699485684,0.8293275020656605,0.31402200683218484,0.5153054952334756,0.0,0.0,0.1706724979343395,0.0,0.5,0.5,1.0,0.5,0.596407537365995,,,0.40649680945047806
B000354,9703.107451647453,3.3950690873504032,5.568193984344968,5.864109015859913,0.20142378070757258,0.3419354488835902,1.736382296111345,62.95365749769461,0.9575252454701679,0.6545755990837313,0.0,0.37606531207715305,0.9278007971116667,0.47910213360768444,2.0121115696482974,0.813564550375438,0.813564550375438,0.0,0.11076808818952306,0.0,0.07566736143503912,0.0,0.2,0.2,0.2,0.98,,,,0.2770151739533745
B000355,4029.321981491715,4.884026644232382,11.258212540488202,8.280328898558045,0.0,0.5834765691590348,0.01825188178908941,0.3861105975227397,2.4678582182649995,0.5210737293297075,0.12233384170507208,1.0958078985136834,0.0,0.6769529564189204,2.185618341465539,0.8401945093616583,0.733505138625925,0.1066893707357332,0.0,0.0,0.1598054906383418,0.0,0.0,0.0,0.0,0.5,,0.18994054189113427,0.459544013437521,0.191088296168766
B000356,6692.247270913557,4.464474496940332,8.109011172572844,5.529724476327359,0.0,0.3943940143823366,1.2662170521010463,45.84890437445264,1.7696250430316618,0.7657813524668914,0.0,0.7877547831370768,0.5920316667165674,0.5492816515881356,2.813113183235009,0.39014210911323954,0.39014210911323954,0.0,0.17152776950382614,0.0,0.4383301213829348,0.0,0.2,0.2,0.2,0.98,,0.4432639990295489,,0.2770151739533745
B000357,3733.6645844678405,1.4994636885413015,7.974352536853253,1.6428146651360793,0.0,0.34302704469982204,0.2603769494056437,9.48924562802368,0.4003415053851282,0.4167939009700104,0.06726801145813062,0.1263317080847967,0.27211530672447776,0.21661325591875782,2.5303366656307116,0.5934939450495195,0.31553196160497654,0.27796198344454287,0.08425126200134524,0.0,0.32225479294913534,0.0,0.5,0.5,1.0,1.0,0.538729347809795,0.3477513623875568,0.6033177326077573,0.40649680945047806
B000358,3105.8176536908395,4.705784323773999,9.130413901482099,9.64344541012169,0.42610766812830747,0.2033533496179716,2.350168241415776,85.00932515850809,1.0208216088056183,1.2705614328804808,0.0,0.8390552572833802,0.6742288630556436,0.9011171617488756,1.8342973516649521,0.9822929504885894,0.39071344711966227,0.5915795033689271,0.0,0.0,0.017707049511410514,0.0,0.0,0.0,0.98,0.98,0.21961495084925026,,,0.1887933662721779
B000359,2263.2252578971434,5.179005166812685,12.159657242837255,6.286753881356848,0.0,0.42420709980958304,0.017798510769599433,0.3757437578960686,2.600742035556948,0.3257350079728224,0.0,1.008905878280057,0.48186503392058544,0.7617572110822726,2.912693868841523,0.4978298048006155,0.20998091023808926,0.28784889456252616,0.0,0.0,0.5021701951993848,0.0,0.0,0.0,0.0,0.9,0.13860554505376785,,,0.19106616983379643
B000360,10600.255051853985,5.038144036052274,8.001540454596707,6.051276431376696,0.25042082991995007,0.3058826571166842,1.7070507583011394,61.80587593353424,2.2331117886860157,1.3574611174847797,0.14946039718045068,0.8335639407842427,0.0,0.46454679191678727,2.840480240584135,0.38816836108349045,0.38816836108349045,0.0,0.16545059744607782,0.0,0.44638104147043206,0.0,,0.0,,0.98,0.3143024401362908,,,0.1887933662721779
B000361,41307.99646166927,9.877569694325507,13.226192012848626,18.385429735811545,0.0,0.37121180923696745,0.032905757199526896,1.7542837514361116,1.4791430411075033,1.4155990302204229,1.854568221528056,1.4855242919784435,2.752455715220695,0.8902793942703847,1.897354409263166,0.8566854930890884,0.5185362704695481,0.3381492226195402,0.1433145069109115,0.0,0.0,0.0,1.0,1.0,1.0,1.0,0.2238662795960576,,,0.6084446516532538
B000362,6592.797683381012,7.441080906750577,10.734416570218878,12.058978689824466,0.0,0.200872701364271,2.948107611534857,106.79177195616002,2.5227595062224846,0.0,0.0,2.921814380254317,0.8881928142757993,1.1083142059979756,1.9025995550654007,0.9603413024648046,0.9603413024648046,0.0,0.0,0.0,0.03965869753519533,0.0,0.28,0.28,0.28,0.7,0.3959381452407181,,,0.3116940136216534
B000363,24523.039646486664,5.988532270204313,11.315228345564659,6.171044724479176,0.09274240160919468,0.20647691912682495,0.014274893866690157,0.3183301332271905,2.639894063815812,0.7133267932295728,1.5223027007923204,0.6169878286684213,0.0,0.49602088369818853,1.3443743162602975,0.9813563709616825,0.905912395452273,0.07544397550940965,0.0,0.0,0.01864362903831759,0.0,0.0,0.0,0.0,1.0,,,,0.18847355270950683
B000364,5877.76072758735,10.904936414818831,24.478675922964793,18.01303155469392,0.0,0.4018055388166946,0.007654949672550198,0.37569236210094303,2.5706920542146188,0.40035983304161926,1.266024886724919,1.8561509198148374,4.258102313484653,0.5536064075381874,2.3597862815820023,0.7365257930503949,0.6204292988971136,0.11609649415328134,0.0,0.0,0.2634742069496055,0.0,0.5,0.5,0.5,0.5,0.3326895489504323,0.235949809906475,,0.40484810018049977
B000365,20040.39893693433,16.24019362798568,30.64916844810254,7.923810780041277,0.0,0.45300000000000007,0.1033319830111491,4.794604011717317,12.469419440454324,1.143997858413232,0.0,1.9755643476133136,0.0,0.6512119815048093,1.2716247290298694,1.0,0.878353399419515,0.12164660058048511,0.0,0.0,0.0,0.0,0.0,0.0,0.0,1.0,,,,0.191088296168766
B000366,4493.254965961626,3.1073685795031993,10.107924007635054,4.861682759011171,0.0,0.7285218381638314,0.01776494064063578,0.34239221625180044,1.4985094028681492,0.3013970180337233,0.0,0.6762777360171016,0.0,0.6311844225842258,2.9184661887577414,0.5347944485206926,0.3171576543283461,0.2176367941923464,0.0,0.0,0.4652055514793077,0.0,0.0,0.0,0.0,0.95,0.9310604547581417,,,0.19106616983379643
B000367,7819.300941301154,7.621151014913406,13.26253332336701,8.34206713443643,0.06299458081038271,0.1703979083456558,0.015142570005076707,0.3376793111132106,3.4589626915149845,0.4514714630363981,0.0,0.6420749781972909,2.4757684778053535,0.5928734043593776,2.5186470512377723,0.5330338519078205,0.5330338519078205,0.0,0.0,0.0,0.46696614809217946,0.0,0.0,0.0,0.0,1.0,,,,0.18847355270950683
B000368,9131.00747683445,7.067343248323877,10.840983015754828,4.444545312454155,0.18727907231792823,0.1281844339700793,0.01707505933382755,0.3807738231443544,3.900394264072283,0.0,1.4596121249557727,0.0,1.0000796958416025,0.7072571634542186,3.078623836452073,0.21538170699507925,0.07387454359548272,0.14150716339959657,0.20652911195475626,0.0,0.5780891810501644,0.0,0.0,0.0,0.0,1.0,0.18590137730312511,,,0.18847355270950683
B000369,6373.903428703421,1.27503569287926,8.258604899631235,2.28972094064989,0.0,0.3255099567345565,0.4847892404886751,22.723418096682597,0.33139866599921636,0.0,0.0,0.4015892270384855,0.2571092977745939,0.28493850206696464,1.845299504496071,0.9688877384474927,0.45227590672251605,0.5166118317249767,0.0,0.0,0.031112261552507434,0.0,0.3,0.3,0.3,1.0,0.8623104738335694,0.39386961261469156,,0.32152411226147926
B000370,501.3484601169086,1.2022744846928264,7.841703916751823,1.7329694601681598,0.06107400794073407,0.4058860246338386,0.4118646296456655,19.176826482411194,0.5091973401809887,0.0,0.05926684880807175,0.15216097506365522,0.26564867452286933,0.21600064611724148,2.815256392000835,0.5764716404914098,0.22895561573498946,0.3475160247564202,0.0,0.0,0.42352835950859047,0.0,0.0,0.0,0.0,1.0,0.6531298854208094,0.2197474956995933,0.4213415240394191,0.19006326769067228
B000371,211230.35338051768,65.6810800312555,318.9531380367401,124.99852566210454,0.0,0.365,0.4657064448722169,16.531721023612015,0.4285835264766914,0.0,64.35623271288227,0.7459449351852075,0.0,0.15031885671133352,2.6552718430060804,0.9951905246730972,0.004004362431437156,0.9911861622416602,0.0,0.0,0.00480947532690275,0.0,0.5,0.5,1.0,0.5,,,,0.40649680945047806
B000372,3341.255381688064,2.4786760991751215,12.667816667861121,2.509186221069798,0.0,0.3729772137390752,0.3366170906926071,12.083683010079408,0.9131225492224659,0.8517986232535196,0.05345557949477314,0.17049208655022846,0.20570280568743157,0.28410445496670345,2.42887957081346,0.6208548793518278,0.5305051696339953,0.09034970971783247,0.0,0.0,0.3791451206481723,0.0,0.0,0.0,0.0,0.6,0.9035753581453316,0.36296300127402553,,0.19006326769067228
B000373,2022.1778013002272,2.2221734080222277,12.266700249231112,2.488029479729693,0.0,0.4286514338693276,0.494748196640767,17.810318238886595,0.8623419139175874,0.8350241223499286,0.050120167821860136,0.16704321632395921,0.1463163177877468,0.1613276698211455,2.1839132321673795,0.6895565157246035,0.6670019447622644,0.022554570962339048,0.06584378935484196,0.0,0.24459969492055453,0.0,0.0,0.0,0.0,0.6,0.5850279807877399,,,0.19006326769067228
B000374,2325.3092337165785,6.087196946902038,9.47185905204328,10.255635937832954,0.0,0.3216086749837433,0.01334453008410122,0.29758302087545724,1.6474728498890396,0.4864734569175506,1.605268705466586,1.7290850091400507,0.0,0.6188969254888114,2.5116057365071436,0.7293544361617069,0.7293544361617069,0.0,0.0,0.0,0.2706455638382933,0.0,,,,1.0,0.18019731063920452,0.16313775547113757,0.8978931945313051,0.18847355270950683
B000375,5944.25426700157,7.00973380542638,10.410305122364349,6.378986813593233,0.0,0.365,0.016296245894789473,0.36340628345380527,3.809821378994312,0.9221031412668597,0.0,0.6244514129086548,0.8134491828236882,0.8399086894328665,1.4885589420044774,0.9914167884298833,0.7862876586162469,0.20512912981363635,0.0,0.0,0.008583211570116687,0.0,0.0,0.0,0.0,1.0,0.2965006866981682,0.24117630120687317,,0.18847355270950683
B000376,2941.818587127707,4.332575238774237,6.807495516413826,8.96094555101824,0.2907641560879097,0.28401072964998586,1.7762580895882523,117.04481848649017,1.0673623761302133,0.6247901680479699,1.401780334535502,0.31843062237932546,0.2576757573987474,0.6625359802824778,2.3056190418076814,0.6284529887752114,0.4954821000939882,0.13297088868122314,0.14420757485211824,0.0,0.22733943637267018,0.0,0.0,0.0,0.98,0.98,0.43518781411585383,,,0.1887933662721779
B000377,11690.433365648281,8.776601625862073,13.119657306424044,8.263907188769679,0.0,0.3157500155816988,1.399963995022966,50.69692897373955,1.9536535401312332,1.331225911608247,0.0,0.0,1.099926665836577,4.391795508286013,2.413025092071738,0.7642161187823183,0.6125371468570671,0.15167897192525115,0.0,0.0,0.2357838812176815,0.0,0.2,0.2,0.2,0.98,,0.24706523057104807,1.0531603828026905,0.2770151739533745
B000378,4745.79059706369,6.37875080250496,14.399275436530559,8.575659233999914,0.31590335568788613,0.3682101333316556,0.04197188250842299,0.9172670538999218,3.681069151135947,0.6889788448686178,0.0,0.901138635600565,0.35518264963656415,0.7523815212632654,1.8697263754869287,0.9606866163699588,0.7969928890503186,0.16369372731964002,0.0,0.0,0.03931338363004113,0.0,0.0,0.0,0.0,1.0,1.1068088667707467,,,0.19106616983379643
B000379,4016.456603691311,6.188685059616812,8.99462023922406,7.3140400017901195,0.0,0.33423829932231414,1.4079074723102094,50.90575566841914,2.4231723659891946,0.7450012138859081,1.3135391607520694,0.8202502131025683,0.0,0.8867221058870727,2.3864012587953334,0.5911032602550723,0.5911032602550723,0.0,0.0,0.0,0.408896739744928,0.0,0.28,0.28,0.28,0.7,,0.33687381302417757,,0.3116940136216534
B000380,15186.549082250835,4.052988812983943,9.14921432258744,6.921080592989785,0.0,0.31847607330852623,1.2467952947479954,58.59937885315579,1.5584941184349943,0.4927893519248587,0.13986709215927245,1.3452575682288899,0.1267247394158542,0.3898559428200729,2.321465843867039,0.5842034272455503,0.5842034272455503,0.0,0.03126698475206382,0.0,0.3845295880023858,0.0,0.0,0.0,0.0,1.0,,0.4582645578240762,0.4066168749099753,0.191088296168766
B000381,11739.100569506716,4.049362045362786,12.963926740501561,9.317777001978497,0.0,0.37505574690124655,0.012376232103901527,0.34011744270365124,0.3877229799106265,1.8810582681867316,0.0,1.0532117072282514,0.4127935830369744,0.3145755070002014,2.2506266041514986,0.8924452142709899,0.5654094088831829,0.3270358053878067,0.0,0.0,0.1075547857290101,0.0,0.0,0.0,0.0,1.0,0.6221590249814446,,,0.19106616983379643
B000382,12562.103525346723,9.56020055201425,18.709145537316633,7.967762900427761,0.0,0.7179294919376972,0.027517365598952476,1.276805763791395,7.317696075915135,0.2993805461537083,0.10399092223010843,1.0685419737716682,0.18188696813723165,0.5887040658063976,2.1947447747695836,0.7806865972520837,0.7493712974814496,0.03131529977063415,0.0,0.0,0.2193134027479163,0.0,0.0,0.0,0.0,0.5,,0.13200797638459327,,0.191088296168766
B000383,1163612.8126244717,2085.3276211908096,3146.8869025146564,3949.02997634897,0.0,0.36504911656550626,0.018554079891182483,0.5321974067758962,1.6788113239151536,0.4469640970425671,0.0,1.9119199925506674,2080.136738398716,1.1531873785863218,2.6664645464184025,0.9990172735951158,0.001506514489134361,0.9975107591059819,0.0,0.0,0.0009827264048842478,0.0,1.0,1.0,1.0,1.0,0.2216668130516388,,,0.6084446516532538
B000384,831.5579314386077,1.2734424677467193,10.07336321615247,2.017014117469356,0.11474879235794802,0.3116236014800319,0.39252560434483796,25.94282722866215,0.2815434117330856,0.3709539138115506,0.028323841037170776,0.3425278075177708,0.10206740682330208,0.14802608682383941,1.8224755432318247,0.7867170952371219,0.7867170952371219,0.0,0.20767344068225738,0.0,0.005609464080620659,0.0,0.0,0.0,1.0,0.9,0.5681211954771203,,,0.19006326769067228
B000385,47162.46256293866,16.94662686415331,33.96760728521819,6.954834623303296,0.0,0.5022416692620609,0.08532705958184507,3.519005566381164,13.828867811836316,0.4389350569624956,0.062159115779851004,0.8953292589948542,0.595983757535769,1.1253518630440227,3.3408140302410847,0.18397519915375585,0.09597461777049816,0.08800058138325761,0.0,0.0,0.8160248008462443,0.0,0.0,0.0,0.0,1.0,0.11628045835424415,,,0.191088296168766
B000386,12267.066287120944,10.448949137241009,18.85271582400328,14.512782731445006,0.0,0.18464372701934978,0.016873463708742247,0.3366908085425296,3.289521612968525,0.9103182607440347,0.7272245917875664,2.2743419384326975,2.639616805665749,0.607925927642434,2.7226552285005763,0.45982666230300884,0.45982666230300884,0.0,0.21766226522500098,0.0,0.3225110724719899,0.0,0.0,0.0,0.0,1.0,0.17749814581112594,,,0.18847355270950683
B000387,18333.89109870629,12.785140236196856,16.295906004118162,13.969221301299681,0.0,0.45612515983899515,0.010509158084937022,0.48762493514107785,6.45322516916512,0.36214704213493554,0.0,3.3052829026355615,1.1207371865540365,1.543747935707206,1.5673069940013205,1.0,1.0,0.0,0.0,0.0,0.0,0.0,0.0,0.0,0.0,1.0,,0.23607699740993188,0.3405671677471309,0.18847355270950683
B000388,2742.913419564299,8.79138916527019,12.26530831513871,2.712918149896448,0.0,0.453,0.013432531846349032,0.2510797213970078,6.7949447914916,1.2587940215519517,0.0,0.0,0.0,0.7376503522266377,3.2684222276758743,0.22709088816877918,0.22709088816877918,0.0,0.0,0.0,0.7729091118312209,0.0,0.0,0.0,0.0,1.0,0.21027895083911824,,,0.18847355270950683
B000389,4465.243085202721,2.2292776261621174,9.839731774138361,4.097037720389357,0.0,0.5541426251579998,0.6566956585216144,23.77238283848244,0.8208695731520179,0.5090871730037397,0.0,0.470066252460306,0.0,0.42925462754605387,2.6914004700429017,0.6260194742709653,0.6260194742709653,0.0,0.0,0.0,0.37398052572903484,0.0,0.0,0.0,0.0,1.0,,0.39136056390193297,,0.19006326769067228
B000390,21777.158537216117,5.267817740013575,10.212911728962318,2.269906936197503,0.19189547150471,0.40401707606449594,0.02084334229680215,0.5397704314852233,3.5356595146403644,0.6252648026729366,0.068149261116376,0.0390525581482868,0.1496099753209206,0.8500816281146891,2.7454321069946013,0.5141274580809221,0.5141274580809221,0.0,0.03581417254362358,0.0,0.4500583693754542,0.0,0.0,0.0,0.0,0.5,0.6035272355261229,,,0.191088296168766
B000391,4697.724249697775,2.878507505942264,5.946558033024207,2.2989790380713484,0.3913411279976965,0.36500000000000005,1.2914644997309013,46.719225331914856,1.6878716662504336,0.0,0.5742017765933312,0.16462544910733734,0.0,0.45180861399116173,2.9322181742483773,0.408203433919383,0.20872444162633735,0.1994789922930457,0.0,0.0,0.5917965660806169,0.0,0.0,0.0,0.0,0.98,0.49227248679015856,,,0.1887933662721779
B000392,8378.26219655038,7.046477877670631,10.224577839941043,8.184151256111292,0.0,0.22175005391880503,2.063958809537881,74.70945519634402,1.2549678131856532,1.6230012875606192,1.7602967831151208,0.0,1.7087185363613735,0.6994934574478633,2.1913695229770322,0.8069907681968165,0.564498197294681,0.24249257090213533,0.0,0.0,0.19300923180318358,0.0,0.0,0.0,0.98,0.92,,0.5166292219221689,0.5239468439497289,0.1887933662721779
B000393,25386.051779506666,6.512583832608175,12.015798812548178,21.79272847417908,0.3437668760113766,0.33828604925176553,1.5183910788860542,54.96145066187869,0.9232412599633629,0.47417501938043943,0.6256209722418123,3.84896045727813,0.0,0.640586123744432,2.1001798438975943,0.7854282854146137,0.09836128642783068,0.6870669989867833,0.07280904654252116,0.0,0.1417626680428651,0.0,0.0,0.0,0.98,0.98,0.2847249051660544,,,0.1887933662721779
B000394,13372.504373004323,4.905540855834308,9.037597856468,4.65506537656015,0.0,0.27658150625558026,1.4600860662025603,52.85008242130432,1.9509857298072897,0.0,0.922127824253941,0.4269348087514679,0.8251864493352855,0.7803060436863237,2.7948120151116096,0.40656275501327727,0.23834757271510806,0.16821518229816929,0.18797679019576946,0.0,0.40546045479095316,0.0,0.0,0.0,0.0,0.98,0.26107616193096583,0.362993214310062,,0.1887933662721779
B000395,1183.3493164703004,3.86715462898791,14.885542118967857,6.794993569503654,0.0,0.41267505885619693,0.010948871462666415,0.24415983361746102,1.1472424794029934,0.5771029694693344,0.0,0.503710920121577,1.3528438066060093,0.2862544533879962,2.0356387004322536,0.7238327079932484,0.7033495237944124,0.02048318419883604,0.0,0.0,0.2761672920067515,0.0,0.0,0.0,0.0,0.95,0.9040077913787916,0.4563292146662886,,0.19106616983379643
B000396,10619.224042383661,10.780938114095088,31.446510919317653,3.220102974207731,0.23850489626823976,0.1651057343723631,0.04629610480447828,2.148139262927792,9.259220960895655,0.0,0.0,0.6092655949303692,0.33178301160994644,0.5806685466591205,3.432989664677896,0.12714359576530673,0.05773563974938781,0.06940795601591891,0.0,0.0,0.8728564042346936,0.0,0.0,0.0,0.0,1.0,0.12500156054132688,0.2795435129687184,,0.191088296168766
B000397,3273.724226435466,3.228524878141485,7.8515079742243845,4.712158369236866,0.0,0.2793335551399779,1.143757806572442,41.35920677418311,1.2549437849691498,0.33901357120973796,0.0,0.8262133595328471,0.2752110750028549,0.5331430874268948,1.7003686113922676,0.992734342782135,0.6318181427454936,0.3609162000366412,0.0,0.0,0.007265657217865015,0.0,0.0,0.0,0.0,1.0,0.955490396797928,,,0.191088296168766
B000398,2252.677939792642,3.7050624009747404,15.130531460424947,5.025735385389791,0.0,0.4501915223079947,0.47431553667330356,17.086175560468572,1.574308077921277,0.0,0.11435278131083366,1.063418595161175,0.5641893563863015,0.38879359019515286,2.2124126675047466,0.8289615864584047,0.3896685934121121,0.4392929930462925,0.0,0.0,0.17103841354159538,0.0,0.0,0.0,0.0,0.6,,0.3924646097621267,0.34991907442614,0.19006326769067228
B000399,5598.854762622966,3.929020886051204,11.622703200365349,3.3460528096166766,0.0,0.2899460139578952,0.012510974519041814,0.18208411185592552,1.647552211102354,0.6019689670679992,1.0796952483931945,0.28122108890139186,0.0,0.31858337058626374,2.083850169122979,0.7176663172535256,0.7176663172535256,0.0,0.27480007862170563,0.0,0.007533604124768581,0.0,0.0,0.0,0.0,1.0,,,,0.19106616983379643
B000400,1018.6825297159921,1.7034824911638664,13.160817534623618,5.137241810719349,0.2985111167193567,0.3286430255721653,0.35894284338814825,13.002239612317894,0.19695058637180063,0.0,0.0,1.1467818832617682,0.21148393456443337,0.14826608696586402,2.6454242641914543,0.19895891851983802,0.07481092424257264,0.12414799427726532,0.6731985149305849,0.0,0.12784256654957696,0.0,0.0,0.0,1.0,1.0,0.690649065502308,,,0.19006326769067228
B000401,1734.197656856204,3.3543474987547466,8.315082562484939,5.4152981721770415,0.0,0.46002760961150535,1.1146800983902538,40.31099806407635,0.9783039882555444,1.331494763049855,0.02983358544607217,0.24438927523709347,0.13416712234747616,0.6361587644187056,1.9626175667781844,0.9400619300825008,0.46136447123868113,0.47869745884382,0.0,0.0,0.0599380699174991,0.0,0.0,0.0,0.0,1.0,1.0078875953867934,0.3046620529557377,0.4787768393706103,0.191088296168766
B000402,6946.443139327397,2.0822671280957428,10.228885498640002,3.59564905758612,0.0,0.49101267748464406,0.6144362978034792,22.21802657536383,0.7662389454071344,0.36617802382927855,0.0,0.283208450875011,0.2886596622098625,0.3779820457744561,2.533275020555818,0.5808335228621068,0.4422059383821822,0.13862758447992457,0.0,0.0,0.41916647713789335,0.0,0.0,0.0,0.0,1.0,0.9090035692167511,,,0.19006326769067228
B000403,5334.520088798467,1.7252652292362443,7.357820269681399,4.03157992127305,0.0,0.46648212197680294,0.6650381908856512,44.23771618241512,0.3643197779374469,0.33558243682656336,0.037698895410808994,0.5938468488021231,0.11035981505836533,0.28345745520093646,2.4165423282141365,0.7888325970038084,0.22826476972102447,0.5605678272827838,0.0,0.0,0.21116740299619163,0.0,0.0,0.0,1.0,1.0,1.1128656131225307,0.3800058989623035,0.4065271204525614,0.19006326769067228
B000404,28268.43053205865,10.124796035837626,20.317174410016406,9.488004574243234,0.0,0.4408932815038238,0.009765206840495151,0.03561071572259348,6.04057926825271,0.9818749487186914,0.27988833834156646,1.7802278704183212,0.0,1.0422256101063354,1.5718124900876211,0.9237877100888713,0.8268104529428256,0.09697725714604588,0.027643849550240473,0.0,0.04856844036088806,0.0,0.0,0.0,0.0,1.0,0.2382831970170638,,,0.18847355270950683
B000405,2209.6071886926065,7.3653572956420215,10.847609180328233,7.678795376548486,0.0,0.32305715002069035,1.9432987480971338,70.30901186971371,2.537752858026219,1.2753320220282207,1.3995157714026907,0.32546413736740193,0.5877399436046654,1.239552563212826,2.6688217108820136,0.6554474201098472,0.5756495338684802,0.07979788624136712,0.0,0.0,0.34455257989015303,0.0,0.0,0.0,0.0,0.98,0.19840739890782325,,,0.1887933662721779
B000406,8001.261837079166,5.064089770303269,10.640096277767707,4.913099284628917,0.06495848163374225,0.2671481591225523,2.168025146609249,78.48001376772605,1.9406551400999612,0.415449088279447,1.3891618690698817,0.062212750187816725,0.7356566987205189,0.5209542239456442,1.6804733890955668,0.8386134145806359,0.8386134145806359,0.0,0.14526928472606107,0.0,0.01611730069330334,0.0,0.2,0.2,0.2,0.98,0.18557390446811964,,,0.2770151739533745
B000407,3996.285046917727,2.9021677900637086,9.644509756228308,2.754345433605343,0.5443915641728791,0.24,0.007722337457626702,0.17220812530507548,1.7639857136710742,0.0,0.0,0.3422618346741517,0.499778088211358,0.29614215350712497,3.057295901409858,0.3709238021767776,0.08078209301425346,0.2901417091625241,0.0,0.0,0.6290761978232224,0.0,0.0,0.0,0.0,1.0,0.11391727097086063,0.231896940804995,0.8034960907707596,0.19106616983379643
B000408,4925.5734220743525,1.197271128360319,6.927670288890016,0.4905459814090197,0.0,0.3391155873834081,0.47716302146652545,22.426662008926698,0.5964537768331568,0.0,0.010937533207378647,0.0,0.271819753664897,0.31806006465488684,2.846215101538369,0.501822300141816,0.2656541673150299,0.23616813282678592,0.0,0.0,0.49817769985818444,0.0,0.0,0.0,0.0,1.0,0.9945472520128833,,,0.19006326769067228
B000409,9319.905017924792,4.602422231073971,9.300935655876417,6.214815991522862,0.0,0.5329665618432495,1.1556131262549354,54.30387302138094,1.5868972258445297,0.20897183230083508,0.5533645961937679,0.39813565290144903,0.8632462604492668,0.9918066633841244,2.8193419474123065,0.3588278396570104,0.3588278396570104,0.0,0.3077968047083046,0.0,0.3333753556346854,0.0,0.19999999999999998,0.19999999999999998,0.19999999999999998,0.98,0.27744934106471375,0.4499649046237105,0.3315704543077816,0.2770151739533745
B000410,6268.879379273784,1.7885533179097814,8.009100415079946,2.1731680038593777,0.08512744871478646,0.3806751175346937,0.6180347861855052,22.339111512435643,0.7711047145071354,0.41460721783425375,0.056880277258252475,0.2381709013605345,0.0,0.3077902069496053,2.784741280795142,0.568866800455075,0.20389131291542098,0.364975487539654,0.0,0.0,0.4311331995449249,0.0,0.0,0.0,0.0,1.0,,0.36810403275624104,,0.19006326769067228
B000411,1776.5273313516623,2.5821618188250905,11.350624770717603,6.5045765240683195,0.0,0.3907587223351641,0.6982784074517885,25.280729536567595,0.4235979903568404,0.4997375397725297,0.0,1.3560912810126156,0.0,0.3027350076831048,1.9210683650856455,1.0,0.47482327748550984,0.5251767225144901,0.0,0.0,0.0,0.0,0.0,0.0,1.0,1.0,0.5085027691513957,0.3954954921309516,,0.19006326769067228
B000412,3705.1688995293575,1.9118518573422898,9.481675786327004,2.016082061515947,0.0,0.28831111509595825,0.3583175669325792,16.837463952469257,0.6369242660071802,0.32387227639616084,0.04061301141615625,0.0,0.5717954141471218,0.33864688937567056,1.6757704481481075,0.9674211716918837,0.6683418199360482,0.2990793517558353,0.0,0.0,0.03257882830811636,0.0,0.3,0.3,0.3,1.0,,,,0.32152411226147926
B000413,10084.32013998779,4.127842873511171,6.260615174568152,1.311535317069121,0.0,0.365,1.8930065140890877,88.97887664324735,2.475856305919415,0.0,0.0,0.0,0.6924906474124959,0.9594959201792614,3.032973888140905,0.3494489067333246,0.3494489067333246,0.0,0.0,0.0,0.6505510932666756,0.0,0.0,0.0,0.0,0.98,0.5754328029250515,,,0.1887933662721779
B000414,10683.613592390962,7.2975502680266136,9.653503306840298,12.466391022957033,0.0,0.41253193397268,0.023938454436767568,0.7701802533583019,1.8914745052773436,0.21464047800126695,0.9053433987539037,1.645571783270424,1.5859036888861453,1.0546164138375302,2.4265902498253284,0.5234869145884167,0.29799045031871374,0.2254964642697029,0.21732000885757538,0.0,0.25919307655400803,0.0,1.0,1.0,1.0,1.0,,0.20980136554697146,,0.6084446516532538
B000415,9097.499397885309,3.340983987471652,7.460473990136004,8.159957278645356,0.0,0.7257716892115263,0.009325322455875609,0.31614753402658313,1.1356107566848546,0.13825749995821665,0.2874918881972307,1.2264128355093395,0.0,0.5532110071220111,2.257926639182876,0.8420370845795678,0.47495575760875275,0.36708132697081525,0.08605006467414865,0.0,0.07191285074628362,0.0,1.0,1.0,1.0,1.0,,0.1924187528005244,,0.6084446516532538
B000416,2771.4690341719793,4.364518164050361,8.671571717909003,6.014519839643654,0.0,0.365,1.4001839051381217,65.80864354149173,1.7502298814226522,0.7053343811548534,0.15847019105978769,1.399067986623537,0.0,0.3514157237895322,2.991964165009006,0.5952428056505548,0.07677261632312926,0.5184701893274254,0.0,0.0,0.4047571943494456,0.0,0.0,0.0,0.0,1.0,0.9830764916056265,,,0.191088296168766
B000417,5557.975246361775,2.3987808572989966,5.366749460560757,4.490582020200382,0.0,0.7811867844499993,2.931671820179652,106.12651989050342,0.5274440679130017,0.20619308396110836,0.043399954666703454,0.7983982713775125,0.0,0.8233454793806712,1.853635867139586,0.9741943193527096,0.8701443650318089,0.10404995432090078,0.0,0.0,0.025805680647290347,0.0,0.0,0.0,0.0,1.0,0.44860725825823816,0.2138817390463542,,0.191088296168766
B000418,50315.53882556372,22.726078963669252,30.1453889714461,26.27523267100577,0.0,0.08787353970023884,0.02358552396041259,0.44701626748323814,4.261248356753848,0.8303634320230666,2.510597182308822,0.6089166389911816,13.786192547516226,0.7287608060761036,2.451398941673438,0.8078917369994308,0.7810979975266155,0.026793739472815277,0.0,0.0,0.19210826300056918,0.0,0.0,0.0,0.0,1.0,,,,0.18847355270950683
B000419,2795.70005445975,2.6226079310128987,4.665739520562368,0.0,0.0,0.0,1.0786109419586056,39.01062917440781,1.8461676706288865,0.0,0.0,0.0,0.0,0.7764402603840117,3.216310118231343,0.3238637914341239,0.3238637914341239,0.0,0.0,0.0,0.676136208565876,0.0,0.28,0.28,0.28,0.7,,0.3279136301958395,,0.3116940136216534
B000420,2605.7254873510296,1.8247377362402168,13.728705843024466,2.502164276593854,0.1313487347349642,0.13175764639619353,0.231355289202026,8.319342763591063,0.5927519892887176,0.6063551421371773,0.021269043110763504,0.4584602976280395,0.026313069072130883,0.11958819500338796,1.987645234616324,0.805869770284539,0.7942138250556168,0.011655945228922228,0.0,0.0,0.19413022971546087,0.0,0.0,0.0,0.0,0.6,0.7550947232223131,0.3403434329816518,,0.19006326769067228
B000421,3738.55731313638,1.2651632193354923,6.768307657830926,2.6561266990640835,0.2513893176362761,0.4526873058189164,0.7270394550520591,48.420827706467136,0.39811422718744727,0.3040342988326592,0.05669273374646249,0.2279508962594856,0.0625004296654162,0.21587063364402173,2.15889267723417,0.7903144666123699,0.5051915456594608,0.2851229209529092,0.18017508948704133,0.0,0.029510443900588705,0.0,0.0,0.0,1.0,1.0,0.603719687165586,0.29012616462688834,0.7955233832792771,0.19006326769067228
B000422,6264.0457231626515,3.483896397754534,8.598918264101679,5.785272040441976,0.0,0.6557606648056984,1.0513805777248504,37.98884317529349,1.3089953002188504,0.17436368418205164,0.06619325856540122,0.5986301399214288,0.3128725347349445,1.0228414801318566,2.7979027108196353,0.5082442907812599,0.39943916283754033,0.10880512794371953,0.0,0.0,0.49175570921873996,0.0,0.0,0.0,0.0,1.0,0.507542942275328,,,0.191088296168766
B000423,2130.329857656443,3.8315285209648255,16.28026478282831,5.7593948859995105,0.0,0.07516582893109656,1.6227273159458573,58.74272883724004,1.226379505022881,1.3570415200238461,0.0,0.8500413557961178,0.16229126234555682,0.2357748777764221,1.7560030089895948,1.0,0.7781456274839189,0.22185437251608064,0.0,0.0,0.0,0.0,0.0,0.0,0.0,1.0,0.6848321137970951,0.3892007035663616,0.431815021923112,0.19006326769067228
B000424,19953.306129025274,4.168227726974154,13.862845937480103,5.545532587347589,0.0,0.12915839496610054,0.012783020510177753,0.2850613573769639,1.3584667559121106,0.0,1.0247821571648306,0.22044590034213618,1.3236653159020053,0.24086759765307064,2.7319949688832095,0.42400009274146855,0.0535521908066432,0.3704479019348254,0.2458556068165575,0.0,0.33014430044197385,0.0,0.0,0.0,0.0,0.95,0.4859360870621676,,,0.19106616983379643
B000425,10093.319685209599,7.806125046565815,12.746001323894225,12.459743441671698,0.0,0.3910220384640241,0.015066730258901878,0.32832358731342154,1.5548532991838089,0.6538136804926986,1.1574735313949445,0.8678849281489399,2.55155698562569,1.020542621719731,2.2060489481159666,0.7576716944173949,0.6464917014027106,0.11117999301468436,0.0,0.0,0.24232830558260474,0.0,1.0,1.0,1.0,1.0,0.23975281839661824,,,0.6084446516532538
B000426,26551.397477033937,5.8239520677854655,20.996462795794702,10.676724704396582,0.11337145375018727,0.19886169460864514,0.015100118060858068,0.32778111462215687,1.316438233646132,2.039574983675894,0.3912995978700964,1.1513042757353076,0.3787156320204789,0.5466193448375571,2.171252694538762,0.7739613550516905,0.6417461134205261,0.13221524163116447,0.0,0.0,0.22603864494830953,0.0,0.0,0.0,0.0,0.95,0.7673658995865855,0.35519800868637064,,0.19106616983379643
B000427,5124.051686132727,4.87077156476495,9.312604328367915,4.499204346746776,0.14077482015605278,0.28180315333027184,1.0246692327854727,37.04205285045521,1.7785000845702794,0.0,0.9847552408680347,0.056785494165803564,1.4855052085210965,0.5652255366397347,2.604936413021813,0.6214710687906292,0.6214710687906292,0.0,0.011658418673663231,0.0,0.36687051253570757,0.0,0.28,0.28,0.28,0.7,,0.36203254006712043,0.22627245675537852,0.3116940136216534
B000428,1037.0010265339884,1.9455929203264322,9.908830075039633,2.055207349856652,0.07275930003820727,0.07571275644184496,0.28994714712958897,10.465946938863551,0.44065901926244266,1.2628387540816923,0.0,0.0,0.02591454685070527,0.21618060013159196,2.425516382207038,0.7619337670517674,0.7619337670517674,0.0,0.0,0.0,0.23806623294823268,0.0,0.5,0.5,1.0,0.5,0.5194321920073357,,,0.40649680945047806
B000429,19829.599985535348,6.703718723980848,10.177993345919166,9.315427936657253,0.0,0.45219490495275483,1.4827599970451169,69.5989896480592,2.0717173438333623,0.36712115065621387,1.422092905897059,1.5313224448633207,0.0,1.311464878730891,2.421330755755823,0.6774525305825098,0.3942599215715834,0.28319260901092635,0.0,0.0,0.3225474694174901,0.0,0.19999999999999996,0.19999999999999996,0.19999999999999996,0.98,0.2894252097710325,0.4597130420180261,0.22938098391251535,0.2770151739533745
B000430,4901.129753658245,8.42118514374269,17.450661545162948,8.615000558454277,0.0,0.4206284590189458,0.0064573414325477885,0.29962064247021736,4.264282078097596,0.5268615728793273,1.2382955023395135,0.0,1.6391653071214534,0.7525806833047979,3.028511439164003,0.46297546380541466,0.12128236950276236,0.34169309430265243,0.0,0.0,0.537024536194585,0.0,0.0,0.0,0.0,1.0,0.2939584216938008,0.2574889995382897,0.3406328403630233,0.18847355270950683
B000431,1635.4060074711097,5.397379562610923,10.989450659000996,9.582548845227626,0.041561718877569945,0.48474066141596545,1.0038195369119636,36.2046475214952,1.7269490167349069,1.0363471164039464,0.2243908721574577,0.9481643139143893,0.6003889227515907,0.8611393206486314,2.6243212877946505,0.5272282073099961,0.5272282073099961,0.0,0.15281115314226118,0.0,0.31996063954774273,0.0,0.28,0.28,0.28,0.7,,,,0.3116940136216534
B000432,1140.2851880890478,2.0657340363932026,14.031965583024457,3.550001123931236,0.0,0.37125932604641015,0.5009466737812251,23.54449366771758,0.5051668808265937,0.2945225675259335,0.012330236652035805,0.5551441779823757,0.4349955926845791,0.2635745807216846,1.9334427752839165,0.9881871177769916,0.6290661545779609,0.3591209631990307,0.0,0.0,0.011812882223008447,0.0,0.0,0.0,0.0,1.0,0.44774757018754646,,,0.19006326769067228
B000433,21165.854829656524,11.528243371272616,18.967117489817706,18.272615569516766,0.0,0.4029609813505857,0.016058285244976853,0.3580997609629838,3.66813622347187,0.5349378693511129,1.6555703965934891,1.4519211153926341,3.6509514737644655,0.5667262926990463,2.4936699191171052,0.635410707645479,0.40186363793105656,0.23354706971442252,0.04640237476978771,0.0,0.31818691758473344,0.0,0.0,0.0,0.0,1.0,,,,0.18847355270950683
B000434,880.4221959376939,2.335337389755156,7.085122037807127,4.416963747027902,0.0,0.23999999999999996,0.012029402957049821,0.23338801316607846,0.3907281992777579,1.0635048402778344,0.0,0.5719524759317051,0.0,0.30915187426785873,2.5008035434359,0.34916574525083316,0.10425360602812736,0.24491213922270572,0.45539665700694987,0.0,0.19543759774221703,0.0,0.0,0.0,0.0,1.0,0.7217395008882561,0.36064986960233264,,0.19106616983379643
B000435,2130.444672287913,6.96223749113697,10.325753830578714,5.821556445217618,0.16330848650789745,0.4327795562912984,0.051343864711599366,1.950272366153057,4.03152693297528,0.8314867077524204,1.4009645802943391,0.08523629746261138,0.0,0.6130229726523199,2.882309246549506,0.3889033427805061,0.18768001736568254,0.20122332541482352,0.012242658710094051,0.0,0.5988539985093999,0.0,0.0,0.0,0.0,1.0,,,,0.18847355270950683
B000436,374.0783971121304,1.0391066586448068,4.980377979455448,0.7416649857420454,0.0,0.4022505092853877,0.5998653514582315,39.80611272419301,0.3280053209981993,0.0,0.0966271935073873,0.16579333638848773,0.1157006726113723,0.33298013513936037,2.8432463437360838,0.4588675748267725,0.34752128361710205,0.11134629120967049,0.0,0.0,0.5411324251732279,0.0,0.0,0.0,1.0,1.0,0.5499152251592845,,,0.19006326769067228
B000437,75073.71581165999,20.941064382610875,35.935150112483754,7.754570134313876,0.0,0.16598347585490225,0.08617361594642108,3.845551696210956,16.472299436090587,0.7070678972712068,0.13358694032857285,1.354373963216846,1.5211206534688975,0.7526154922347699,3.3617536611271537,0.21339722111885986,0.03593969621046243,0.17745752490839745,0.0,0.0,0.7866027788811404,0.0,,,,1.0,0.22780104103410845,,,0.191088296168766
B000438,6044.0626306384465,4.244426004661831,11.668399320054235,6.739756910256132,0.0,0.365,0.016383672537503186,0.365355897586321,1.7272994136079696,1.3898097455799527,0.0,0.8295590779109964,0.0,0.29775776756291256,2.294175149916969,0.6115087579092578,0.41606205274821684,0.1954467051610411,0.0,0.0,0.38849124209074215,0.0,0.0,0.0,0.0,0.95,0.49194011755560835,0.5474466173675778,,0.19106616983379643
B000439,4132.66338983042,4.602075044354588,7.417577123185073,6.842117078097666,0.0,0.3181872133096099,0.015901540195674264,0.26548530908151063,1.1226929546482471,0.9268043383429976,1.218065661755712,0.6369709371435458,0.0,0.6975411524640853,1.8294343514191491,0.9800182039451999,0.9800182039451999,0.0,0.0,0.0,0.019981796054800122,0.0,1.0,1.0,1.0,1.0,,,,0.6084446516532538
B000440,2184.1502177207026,2.789463879592213,8.795615939216185,4.971549058658073,0.0,0.3067640495265791,0.8572475186752405,31.055208796324212,1.0687033208089873,0.44337390472573585,0.1191047336220448,0.7999026212796971,0.0,0.35837929915574745,2.6750907762257086,0.37738000863733506,0.09062145724263712,0.28675855139469797,0.20164399419647924,0.0,0.42097599716618556,0.0,0.0,0.0,0.0,1.0,0.5944294361576155,,,0.191088296168766
B000441,3379.501196367578,7.82291943603606,10.150415472179837,6.445560719836392,0.0,0.6656196536107017,0.013596327853537545,0.5012681977226232,4.565930995590966,1.2045319160367869,0.49274710564615143,0.0,0.0,1.5597094187621554,3.029893715494182,0.35335163009164355,0.35335163009164355,0.0,0.06298762369663756,0.0,0.5836607462117189,0.0,0.5,0.5,0.5,0.5,,,,0.40484810018049977
B000442,3155.2619005091783,6.079502698476259,9.650601573856056,10.656080231683807,0.0,0.4083723893010057,1.4231596303938963,51.60064941988788,1.9793170417980774,0.23952468134234248,0.0,1.4218949569694168,1.4047727759026647,1.0339932424637566,2.7359059061348607,0.44336075078165244,0.20947731861773636,0.23388343216391608,0.23106705360205712,0.0,0.3255721956162903,0.0,0.2,0.2,0.2,0.98,,,,0.2770151739533745
B000443,22275.354131032596,9.878205823074323,22.97827976423304,6.472899578123176,0.0,0.11780504377438698,0.03169306732198053,1.3235570555615588,6.8289492706398525,0.5074799499902921,0.0,1.6626815415953,0.0,0.879095060848877,3.1852130953081796,0.3061672114726553,0.2547935147629877,0.05137369670966755,0.0,0.0,0.6938327885273446,0.0,0.0,0.0,0.0,0.5,0.14825372043397514,,,0.191088296168766
B000444,5173.4862240216535,4.212936664512747,11.652423834888545,6.0408563197666965,0.28640496184016334,0.3877506126379052,0.019973378205720028,0.6951581390992903,2.0185680357125673,0.2958145567327967,0.12864611926918681,1.0050879355129483,0.35940019964324227,0.4054198176420062,2.7346049495272173,0.3678403342721617,0.3678403342721617,0.0,0.23857181238427025,0.0,0.3935878533435682,0.0,0.0,0.0,0.0,0.5,0.39131562978742923,,,0.191088296168766
B000445,1450753.1297983848,1206.9493592332653,1603.776682056372,2275.3523095552837,0.0,0.36529797380571044,0.01376614229345836,0.5075289012863609,4.622958232877809,1200.579754660637,0.19545812958855985,0.0,0.0,1.5511882101616379,2.670736987754027,0.0007838823177163161,0.0007838823177163161,0.0,0.9948845024890176,0.0,0.00433161519326598,0.0,0.5,0.5,0.5,0.5,0.2055326373030294,,,0.40484810018049977
B000446,21330.329309061442,4.833521257435178,7.589095109130229,6.55717658688888,0.0,0.3766035633042106,1.4385494579158664,52.070494614621026,1.3789783093631829,0.0,0.2544312288394386,1.1669147506878497,0.9665268450073992,1.0666701235373082,1.9532998948766487,0.9038621133350613,0.7038988166968938,0.19996329663816753,0.052638897252817285,0.0,0.04349898941212142,0.0,0.2,0.2,0.2,0.98,0.21129646704955293,,,0.2770151739533745
B000447,1894.7386775070981,1.1645597280314064,5.739145247933955,3.1137631980101506,0.0,0.6482057325675944,0.3064452788088997,11.029863143997984,0.3618118121915962,0.0,0.08897348446537007,0.4658957554405659,0.0,0.24787867593387408,2.2757142616059896,0.8203115083284714,0.7439105455236075,0.07640096280486405,0.0,0.0,0.17968849167152856,0.0,,1.0,,0.5,1.2966912285884649,0.44724870202071676,,0.19006326769067228
B000448,5037.895246951526,7.290731182274278,12.16331635534114,11.180723938708477,0.0,0.23346610251600713,3.3123178545786605,119.90115993835809,1.1610125917355874,1.4235405546536002,0.5205831441274418,0.9573796938707675,2.5358550760927145,0.6923601217941657,1.9931415087894448,0.9865905965868872,0.4360535086402636,0.5505370879466235,0.0,0.0,0.013409403413112852,0.0,0.0,0.0,0.98,0.98,0.3620492440896488,0.3098025542342354,,0.1887933662721779
B000449,12092.571278344893,9.49181419022362,11.995225530555745,11.22656112415356,0.0,0.44809801162302904,0.023946277393390183,0.48081859101599583,4.7111553944776645,0.0,0.0,3.0820260037562064,0.8402416640736322,0.8583911279161194,2.7398005466136275,0.4861624299614481,0.16145885465014123,0.3247035753113069,0.0,0.0,0.5138375700385521,0.0,0.0,0.0,0.0,1.0,,,,0.18847355270950683
B000450,772702.2911943529,155.62986731004088,348.8120198973575,484.3235549276001,0.0,0.46952815049629915,0.008728621324595095,0.26072613500182423,2.9889280269916996,0.0,0.0,148.5013066192328,1.1491685116595458,2.990464152156831,1.6666732469167245,1.0,0.9926160156047027,0.0073839843952973935,0.0,0.0,0.0,0.0,0.0,0.0,0.0,1.0,,,,0.18847355270950683
B000451,12223.473349548743,4.867970270628731,7.0467193237236865,6.426185824003393,0.3950781189876311,0.33070633641793284,1.9986133208686936,93.94011068486168,2.6095735004737604,0.3691631396612084,0.0,1.087501838336371,0.0,0.8017317921573905,2.9744900502532357,0.3668568762656369,0.14345743504515607,0.22339944122048075,0.07583512616923367,0.0,0.5573079975651294,0.0,0.0,0.0,0.0,0.98,,,,0.1887933662721779
B000452,3257.3193204440554,3.354602801693157,5.544665695382547,2.8701337781930603,0.0,0.32028917938657686,1.6360080884247745,59.2188528270064,0.9947570094890487,1.1999175109002775,0.0,0.0,0.5019928554098532,0.6579354258939782,2.460610982478546,0.7028862887758323,0.34519341667346387,0.3576928721023685,0.0,0.0,0.29711371122416785,0.0,0.0,0.0,0.9800000000000001,0.98,,0.3386442135320441,,0.1887933662721779
B000453,1916.7227581730726,5.952555149605816,13.746330901678562,7.840717616616693,0.07837053324062536,0.2004148557732747,0.021556054562692283,0.7010013388995081,1.8850466695367842,1.1932558582499357,0.83322026979694,0.49026927501036244,1.0732771699900583,0.47748590702173377,2.7012371416589036,0.5433445182756967,0.08021528486860863,0.4631292334070881,0.13997690888292175,0.0,0.31667857284138123,0.0,0.0,0.0,0.0,1.0,1.1578766623806713,,,0.19106616983379643
B000454,268953.48568207765,221.908816569371,561.3068781836353,331.2694857029982,0.0,0.23800133245284885,0.01385154343835786,0.3407193853743499,0.47244643830618716,2.0916510308843974,0.0,218.93961461284664,0.0,0.4051044873338095,1.9986163376894328,0.9973135243392032,0.010693803691899586,0.986619720647304,0.0,0.0,0.002686475660796576,0.0,0.0,0.0,0.0,1.0,0.849187904168396,0.377810484507187,,0.19106616983379643
B000455,794.3756332369069,1.7972299394500155,12.486323087776409,2.4596271337502706,0.0,0.09029185063618886,0.9138700862820631,33.08209712341069,0.4431402552020451,0.7610867591627676,0.0,0.36928803874715577,0.05805001878287071,0.16566486755517673,2.3707699205991695,0.5765223233507486,0.3387463726224853,0.23777595072826327,0.4234776766492515,0.0,0.0,0.0,0.0,0.0,1.0,1.0,,,,0.19006326769067228
B000456,1264.0833663123892,1.861683897367289,9.859245183157288,3.642623136809867,0.1697266852451507,0.4547872420475577,0.6421236565653734,23.269142378151244,0.6741312597378926,0.0,0.01144809010208232,0.6821648348285593,0.13901165511206381,0.35492805758669094,1.6323070768002308,1.0,0.5527572746263926,0.44724272537360726,0.0,0.0,0.0,0.0,0.0,0.0,0.0,1.0,1.026091443534833,,,0.19006326769067228
B000457,1386.2955582716743,3.610144682999152,13.42101504979774,5.253619202265335,0.0,0.24000000000000002,0.012158073915426186,0.440122275738428,1.2158073915426186,0.0,0.9502795466500958,0.8672842909021042,0.0,0.5767734539043335,2.439063780528484,0.6632247462911713,0.6632247462911713,0.0,0.0,0.0,0.33677525370882877,0.0,0.0,0.0,0.0,1.0,,0.5248305236005733,,0.19106616983379643
B000458,2563.7528565835814,5.962215945543212,9.998372322196955,9.40504184774817,0.0,0.22648766443578952,1.722841458752268,62.32002309712368,1.0707340148186304,1.2881012368436278,0.9421511181986992,1.239066248876567,0.693745041698437,0.7284182851072513,2.1369262282437647,0.8414543105302486,0.4175905141158861,0.4238637964143626,0.0,0.0,0.15854568946975128,0.0,0.0,0.0,0.9800000000000001,0.98,0.22747780842568394,,,0.1887933662721779
B000459,2826.9372706655663,6.366975834832356,12.374185163078687,10.77114908051082,0.0,0.2855816740039643,0.01768908634758664,0.919702117780034,1.4151600489531742,0.0,2.1453701140607055,1.9830786538274408,0.0,0.8233670179910352,2.2624708111121317,0.728938910122898,0.728938910122898,0.0,0.0,0.0,0.2710610898771019,0.0,1.0,1.0,1.0,1.0,0.17642308479859467,,,0.6084446516532538
B000460,2584.703107363506,3.9521454241032203,6.7423916557015655,8.812505205986561,0.34946248925690926,0.4016852904160103,1.5732963987424828,56.84596650466159,0.9545337764369431,0.0,0.9321888933169922,1.046646432448849,0.21284251129727144,0.8059338106031646,2.1008099728459824,0.7584770614422581,0.49364712222352536,0.2648299392187328,0.0,0.0,0.24152293855774196,0.0,0.0,0.0,0.98,0.98,0.1583946505269622,,,0.1887933662721779
B000461,8068.938379883149,11.593302269947053,34.01716145331907,5.121943474235075,0.44575798730130206,0.29585828613415815,0.05475086654736329,2.252685305115202,9.493923801970356,0.18338640170248652,0.026884339808154474,1.0138704802829586,0.05689488052912766,0.8183423656539744,3.3997052604219227,0.16526715353924482,0.16294819909622593,0.0023189544430188705,0.015818305900457134,0.0,0.8189145405602983,0.0,0.0,0.0,0.0,1.0,0.1910131649315525,0.4463736977260599,0.3558319400828692,0.191088296168766
B000462,6930.748469293464,1.5518917306971483,6.8636598387398005,3.1801720983156767,0.0,0.5124582765937533,1.5890894950979566,57.5497576947396,0.41101518179911567,0.0,0.020550472084421338,0.5970877669412424,0.12190893738045885,0.40132937249191,1.7710229046626613,0.9214449468548334,0.5234543996997139,0.3979905471551198,0.07855505314516648,0.0,0.0,0.0,0.0,0.0,1.0,1.0,,,,0.19006326769067228
B000463,16417.696568618005,9.344164239395564,13.500328849720598,16.856751464923942,0.0,0.3316254725097486,0.025338892753872175,0.5957481044357328,1.7750486634241098,0.4957551897325431,0.0,2.7788823893783525,2.7208351604556666,1.5736428364048916,2.4323612540432444,0.5188565067248221,0.5188565067248221,0.0,0.2911801516699012,0.0,0.18996334160527667,0.0,1.0,1.0,1.0,1.0,0.2553362937175215,,,0.6084446516532538
B000464,29502.85462449467,10.73221339559646,21.5060143016016,5.218563590643917,0.0,0.34823293932710386,0.03507347764161862,1.9606910965516933,7.844983428937098,0.9166422254463367,0.08831053405169491,0.4622192617453631,0.8053698138275114,0.6146881315884553,3.201845012046893,0.2502000326792144,0.1751577479108214,0.07504228476839299,0.0,0.0,0.7497999673207856,0.0,0.0,0.0,0.0,0.5,0.11630696390179233,0.11945587812044633,0.32796623607636655,0.191088296168766
B000465,18140.48744516875,5.7919819429018995,16.880481915247152,11.159695915910156,0.0,0.4287350803668467,0.026612910762456993,0.5825576714214068,0.5754302741034303,0.07457086255442257,1.4144075049147982,0.7175053798410576,2.268750774123828,0.741317147364364,1.934681746946123,0.9663950003379146,0.8296410791061378,0.13675392123177685,0.0,0.0,0.0336049996620854,0.0,0.0,0.0,0.0,1.0,,0.41261816166808213,,0.19106616983379643
B000466,4606.182517218951,4.253169452649078,7.899210642783857,7.894435106871702,0.0,0.40924433742425814,1.5437663332790814,55.883692870032036,0.9238215718876158,0.34785140567245837,0.8332033372992372,1.3360193437340389,0.2674749406847209,0.5447988533710056,2.5453445342617305,0.7189942110863349,0.20896922732224352,0.5100249837640916,0.08178639707284643,0.0,0.1992193918408183,0.0,0.0,0.0,0.98,0.98,0.36646412773952763,0.4823354188251271,,0.1887933662721779
B000467,8782.207877266981,3.682267453780705,13.079360745147051,7.293123647813807,0.09728345518017695,0.1962904950106268,0.011769371890345768,0.3455598853439115,0.3316905372218628,0.8021498996702281,0.7887158861437338,1.4854018080373577,0.0,0.2743093227075221,1.8592129234820998,0.6826316742679506,0.46479038225461944,0.21784129201333122,0.2141929927805579,0.0,0.10317533295149141,0.0,0.0,0.0,0.0,1.0,1.1602197448386087,,,0.19106616983379643
B000468,9088.401827909185,4.405429872956464,13.32075992449385,8.521381731429356,0.0,0.3497131021722477,0.014164439317648414,0.24208572439454232,0.3822396029644817,0.8775465401452939,0.9922909585980665,1.6560576647724825,0.0,0.49729510647613984,2.157379183481667,0.9132344370498484,0.3381250202660817,0.5751094167837668,0.0,0.0,0.08676556295015143,0.0,0.0,0.0,0.0,1.0,1.145270998235317,0.4728500622008226,0.3320233573230673,0.19106616983379643
B000469,16148.893736099055,9.889095980464822,23.056431175516355,9.120838620984005,0.43117657848550967,0.809,0.03273624977669635,1.3287604738459051,7.440501332800221,0.0,0.0,1.4390002105732087,0.0,1.009594437091393,3.222354350971126,0.2240988658477726,0.2240988658477726,0.0,0.0,0.0,0.7759011341522275,0.0,0.0,0.0,0.0,0.5,,,,0.191088296168766
B000470,3820.7853421529458,9.575903113165278,12.821366717205343,11.878634571458345,0.1585853574265711,0.265352707325366,0.01510422381159897,0.5047853113936156,4.486541580445867,0.500528001388966,0.0,1.5662863172185413,2.0575582214095096,0.9649889927023938,2.976376907430176,0.3558411265882305,0.1409728058571333,0.21486832073109727,0.16356538894646475,0.0,0.4805934844653048,0.0,,1.0,,0.5,0.35581880053873444,,,0.18847355270950683
B000471,675.8404841714658,1.05107384785609,7.5270148529701695,1.2299108265406222,0.6607861817871248,0.2535209248325947,0.23936122836562806,8.643170904970862,0.6539491121689014,0.2558727289938242,0.0,0.01894057542317156,0.0,0.1223114312701926,2.991487958429678,0.3192994690394542,0.3192994690394542,0.0,0.0,0.0,0.6807005309605455,0.0,0.0,0.0,0.0,0.6,,,,0.19006326769067228
B000472,5940.351093042815,3.7860746290903853,17.001519127764254,5.655492558453351,0.058729138447186885,0.3148375614942366,0.4151163728755383,19.337093938341926,1.221280955946003,0.8683432279409332,0.026564017484369037,1.0907543492420289,0.16513819339700997,0.41399388508004137,2.3548488693751324,0.6181815523983477,0.27945168419405364,0.33872986820429407,0.2293518519864874,0.0,0.1524665956151649,0.0,0.0,0.0,0.0,0.6,0.574177534067893,0.3506187011011963,,0.19006326769067228
B000473,1457.498378091344,4.716823230069075,12.289611263299511,3.269436249740782,0.11978804710529972,0.35418075303177604,0.008916971521275515,0.09880673864187327,2.8084014744489187,0.5195376015579496,0.055347741104693884,0.3438840334325938,0.21322883899832917,0.7764235405265902,1.6617933400543399,0.9645390962070324,0.9162616015981732,0.04827749460885923,0.0,0.0,0.035460903792967624,0.0,0.0,0.0,0.0,0.5,,0.14500179103881433,,0.191088296168766
B000474,2376.3810074183193,6.675227548927864,16.322373501807533,10.850403356291396,0.0,0.22485823808961275,0.02033600473747861,0.5486205736551334,1.1856027951295807,0.714034672243203,1.1636010730073272,0.9027678507191814,2.158774765245212,0.5504463925833591,2.013189975655559,0.6516191955350166,0.4094098459493135,0.24220934958570303,0.32340092520021163,0.0,0.02497987926477188,0.0,0.0,0.0,0.0,0.95,1.1283879359682694,0.3717991990670031,0.3299758297389483,0.19106616983379643
B000475,3067.6461308939906,3.404712686896771,8.422264308158464,1.3128143041768907,0.0,0.46142500816024035,0.01013689856598905,0.22605283802155587,2.3155352054289713,0.3072600342754459,0.0,0.2003897139691605,0.0,0.5815277332231927,3.250821118538525,0.28245587559930396,0.28245587559930396,0.0,0.0,0.0,0.7175441244006959,0.0,0.0,0.0,0.0,1.0,,0.19722326038496465,,0.19106616983379643
B000476,31196.719617720886,7.9482088198015,13.144517652922897,11.353673983260764,0.0,0.19405269724560717,1.1930281648253487,55.78234913729443,2.213073024339794,1.2704254407306814,1.1131193813500986,1.6480931825313578,1.113957154160314,0.5895406366892534,2.410393428586077,0.628017850119322,0.42066381351859256,0.2073540366007291,0.1401519737862315,0.0,0.23183017609444656,0.0,0.28,0.28,0.28,0.7,0.43852362590707233,,,0.3116940136216534
B000477,16970.045002056126,4.331302961219022,7.977290670029598,0.0,0.0,0.0,0.009818943570513139,0.362003932249299,3.297406422933517,0.0,0.0,0.0,0.0,1.0338965382855032,3.3981762100069366,0.20136784249479656,0.20136784249479656,0.0,0.0,0.0,0.7986321575052032,0.0,0.5,0.5,0.5,1.0,0.3576960289503072,,,0.40484810018049977
B000478,19155.56528879217,8.605375242045001,15.78338391543445,11.302984838205763,0.0,0.3148041223650661,0.027927069621693664,0.6597256770697398,3.3647020840549327,0.0,0.8327271374167546,1.8742884959959345,1.7692796977721348,0.7643778268052446,2.5910460748114392,0.508621627583909,0.3030199370117638,0.20560169057214514,0.09676825402663829,0.0,0.39461011838945276,0.0,0.0,0.0,0.0,1.0,0.1923596884236382,0.3501340825858855,0.4987218791514473,0.18847355270950683
B000479,9801.956498444324,3.6506355673908097,7.723728130563881,6.032835267460554,0.2827898577941971,0.4279564525469357,1.242472035184245,45.010900841504764,1.5489133980009198,0.4145734209165691,0.0,0.8241428926083777,0.3651867559105534,0.49781909995438867,2.9742990277561674,0.34996078167688077,0.2363987968488872,0.11356198482799365,0.22575326334132303,0.0,0.42428595498179583,0.0,0.0,0.0,0.0,1.0,0.8434086839757546,0.24267127206096478,,0.191088296168766
B000480,5022.867494700806,7.46339895200714,13.408131250245617,13.85402101584052,0.0,0.519912831533719,0.009909028136877848,0.3116630639817008,2.976501291469574,0.16940836804594947,1.304067990434535,2.031857437310442,0.0,0.9815638647466428,1.7645464109980038,0.8759011311796134,0.4289297915532033,0.4469713396264101,0.0,0.0,0.1240988688203869,0.0,0.5,0.5,0.5,0.5,0.3237530243407443,0.30747845083470393,,0.40484810018049977
B000481,15639.641661861475,6.286029606857506,10.542425876513978,8.736293871397676,0.0,0.3204500885573101,1.225058808927208,44.0753813117978,2.1261213242221144,0.0,1.0660407970864447,1.665649978557678,0.8837445307723342,0.5444729762189342,2.5969623740123833,0.4705392655565832,0.32995059734410037,0.1405886682124829,0.2649764768432844,0.0,0.2644842576001324,0.0,0.28,0.28,0.28,0.7,0.48299300706096004,,,0.3116940136216534
B000482,8316.382078997558,2.2648099343675265,4.752599655293895,2.091196157185254,0.0,0.809,0.016503151008266534,0.3680202674843437,1.1504711948675472,0.0,0.2676731081197125,0.0,0.0,0.8466656313802671,2.241438978944462,0.8532856158411768,0.8532856158411768,0.0,0.11818789032045782,0.0,0.028526493838365346,0.0,1.0,1.0,1.0,1.0,0.25038634444731206,,,0.6084446516532538
B000483,3404.7493834301413,4.398901012183645,10.025134123500672,6.978759366737737,0.11805357700027674,0.1096637002505396,0.011670552900381628,0.2602533296785103,0.8078485710504469,1.2074380581887403,0.987825337651075,0.5400396178174438,0.0,0.8557494274759383,2.132973627488306,0.7220896004946643,0.32483636129555693,0.39725323919910716,0.22456184736030504,0.0,0.05334855214503062,0.0,0.0,0.0,0.0,1.0,0.9611506532432418,,,0.19106616983379643
B000484,9526.177146808444,11.194097704827785,16.72475275084424,10.152087558959645,0.03673080620447624,0.4754862826710116,0.009541623163720002,0.44273131479660816,6.301071900569812,0.22142955226740765,1.626657212533393,2.0076898264164242,0.0,1.0372492130407491,2.865276855846844,0.43710765559494036,0.41732673549702926,0.01978092009791103,0.0,0.0,0.56289234440506,0.0,,,,1.0,0.1748840138712924,,,0.18847355270950683
B000485,5577.523865920281,2.4092975662722598,12.870035508774746,4.924418199061472,0.0,0.3257478161406111,0.2600239967852192,9.383827812879922,0.3997988245383293,0.819018730815025,0.0,0.7635477993154084,0.22608333900621305,0.2008488725972846,2.2602045447846715,0.7295125341581666,0.41259535049255847,0.3169171836656081,0.0938378646835294,0.0,0.17664960115830425,0.0,0.5,0.5,1.0,0.5,0.9139820355490885,0.3160295036793058,,0.40649680945047806
B000486,3712.9947127878713,3.457164537046435,10.49040345311686,5.2185829037259355,0.0,0.37328420063342527,0.9206637741067212,43.19304148880313,1.148424032635471,0.7132738998968069,0.029690147140653222,0.7640449651069807,0.17756409421712335,0.6241673980494001,2.5479120899572036,0.6549756957169779,0.3887088948776346,0.2662668008393433,0.0,0.0,0.34502430428302217,0.0,0.0,0.0,0.0,1.0,0.6122287697478719,0.2655049596212596,0.4977875018445906,0.191088296168766
B000487,3661.2975099105242,2.767420642411583,5.774116116104276,3.7979782658474672,0.4487720703888407,0.08301355075960114,1.423100023617198,66.86498366793082,1.7760292270383253,0.3964049475447191,0.0,0.0,0.1461401434285807,0.4488463243999577,3.1286021170124676,0.2565130060599009,0.2565130060599009,0.0,0.05280734745883495,0.0,0.6906796464812642,0.0,0.0,0.0,0.0,1.0,,,,0.191088296168766
B000488,1766.5212644101823,2.288239979805936,7.3536262533760866,5.66940848940897,0.2715553476905935,0.29634427548820585,0.016065954317539044,0.38076114530257554,0.1824246676382936,0.3589461326787739,0.9852281551452841,0.22501608821088315,0.20327648739444013,0.33334844873826064,1.794575351308662,0.9922150282556145,0.7370135519929794,0.2552014762626351,0.0,0.0,0.007784971744385548,0.0,0.0,0.0,0.0,1.0,,0.34621221711784494,,0.19106616983379643
B000489,5423.005333132723,2.858727112879664,6.472209784239006,4.459194338604835,0.0,0.09298375676838966,1.213674235683641,43.93500733174781,1.0165907413995645,0.6561944444246793,0.08746890761786479,0.672097766685316,0.0,0.426375252752239,1.9274709677177468,0.7704592224041702,0.5353553666855684,0.2351038557186019,0.22954077759582972,0.0,0.0,0.0,0.0,0.0,0.0,1.0,0.6696980467140264,,,0.191088296168766
B000490,3316.6510414915474,5.965199714912855,14.011146178804754,11.578433493635972,0.027119797715653808,0.3490397986467642,0.03128819903866061,0.8181546448011515,0.7016129946674368,2.1388441761502883,0.6047348873937134,1.76617227543919,0.24528622794781954,0.508549153314407,1.6082484971588435,0.9959767436494925,0.9548572104116345,0.041119533237857886,0.0,0.0,0.004023256350507436,0.0,0.0,0.0,0.0,1.0,0.6072698212521588,,,0.19106616983379643
B000491,1804.2214005935614,1.6268903522033917,12.514004130499051,3.691123411242115,0.0,0.3141513653723939,0.18176761181387635,6.622898174868193,0.28596036518554063,0.3169444974701316,0.04073496469944766,0.6788642119869024,0.17620370299950977,0.12818260986185945,2.3481989927108624,0.32693401808713085,0.21862696299834317,0.10830705508878759,0.6120933153905257,0.0,0.060972666522343455,0.0,0.5,0.5,1.0,0.5,0.5325921066246352,,,0.40649680945047806
B000492,1427.538750907346,1.2006213212004593,6.771694106452697,0.11981430569928489,0.0,0.48799999999999993,0.3131914110539496,14.66952911792463,0.8556575624052337,0.0,0.0340272628185969,0.0,0.0,0.3109364959766285,3.2646777033271452,0.28732103345483506,0.28732103345483506,0.0,0.0,0.0,0.7126789665451649,0.0,0.0,0.0,0.0,0.6,,,,0.19006326769067228
B000493,44509.16465171931,9.109530219344926,25.24234966389324,13.26750475322977,0.0,0.39467214656201455,0.0211159330382508,0.5801077230525139,1.6545957460864982,0.9891763333010476,0.6530934030151647,1.653341369966498,1.2358034920464736,2.923519874929243,2.3510529311580557,0.8049481724128864,0.37920490114319483,0.42574327126969147,0.0,0.0,0.1950518275871136,0.0,0.0,0.0,0.0,1.0,,,,0.19106616983379643
B000494,159116.23262355785,88.59478431155782,355.15307784038146,167.94952300161344,0.0,0.365,2.2180259122089825,80.23316844148331,0.45440140604889007,0.0,87.22719579780556,0.6680009680956205,0.0,0.24518613960774158,2.649493556870072,0.9987546029580461,0.006651089766980798,0.9921035131910652,0.0,0.0,0.0012453970419539066,0.0,0.0,0.0,1.0,1.0,0.49753522602322175,,,0.19006326769067228
B000495,5263.610112522793,7.330933304349294,15.436511456145917,7.419283048076574,0.0,0.453,0.010798499113963465,0.5002472756938015,4.479394528691125,0.0,0.7818690581168328,1.404975751118836,0.0,0.6646939664225016,3.0769330597523616,0.38897349863576175,0.09066976042847806,0.29830373820728373,0.0,0.0,0.6110265013642384,0.0,0.0,0.0,0.0,1.0,0.2121187241356763,0.2752272051793628,,0.18847355270950683
B000496,6504.628976074195,3.320382325714239,12.06379404234115,5.7341523656788675,0.36327064128025255,0.4844242688139277,0.009368800572765753,0.202370036743939,1.65712781825388,0.40934832877666394,0.13192967937393632,0.5731439040735572,0.0,0.5488325952362025,2.9247884947885483,0.5009225879139028,0.3379058160323192,0.16301677188158362,0.0,0.0,0.49907741208609746,0.0,0.0,0.0,0.0,1.0,0.15593102851454277,0.34387004268342286,,0.19106616983379643
B000497,5690.1765411650695,1.8835407286213404,11.995052981439493,3.5091087924504234,0.0,0.4447232981491592,0.3155347699183361,14.825453306082036,0.4315447528880553,0.621875754184931,0.06387558771792214,0.587557920399477,0.0,0.17868671343095532,1.9153425152076875,0.7590278438198355,0.7590278438198355,0.0,0.0,0.0,0.2409721561801647,0.0,0.3,0.3,0.3,1.0,0.49705879203950226,0.4403737447408829,0.781671221874796,0.32152411226147926
B000498,2402.7456816839526,4.629567787444995,18.259351927800864,7.602786762267142,0.0,0.15874756209250823,0.011510289779085962,0.2566794620736169,1.1510289779085963,1.6676618485543517,0.5980753099522287,0.9752144431356945,0.0,0.2375872078941242,2.0007310528298157,0.7377405301393255,0.5270913965894518,0.21064913354987377,0.0,0.0,0.2622594698606744,0.0,0.0,0.0,0.0,1.0,1.5212911143617802,,,0.19106616983379643
B000499,1240.3893537423473,2.187635544519131,10.584497578373423,4.380028558552214,0.2660555675370674,0.32036991322274533,1.4022499948692644,50.76144981426738,0.24172714685409985,0.5208320495685488,0.02093473725363429,0.8917132112813978,0.15622146080191004,0.3562069387595408,1.8406151312857815,1.0,0.6809394282457962,0.3190605717542038,0.0,0.0,0.0,0.0,0.0,0.0,1.0,1.0,,0.374000599669665,0.6723665371669193,0.19006326769067228
B000500,2446.1407322796586,3.0386841394778368,6.691146873352194,3.3284867011244224,0.0,0.24323288561610054,1.2888504169727513,46.69965388002912,0.7808191809434538,0.6424049471323375,0.0,0.22030756245232036,0.9719823543639482,0.4231700945857768,2.5431495839275415,0.4441789987831905,0.3716780239072109,0.07250097487597962,0.21140892493114719,0.0,0.3444120762856622,0.0,0.0,0.0,0.98,0.98,,,,0.1887933662721779
B000501,4080.64038139461,4.663589007308126,16.882685907550023,6.744651657936537,0.0,0.433,0.009602966848038559,0.17916716787010653,1.6945001974709586,0.0,0.0,0.40630184013416465,2.2528404245518145,0.3099465451511884,2.6032702958332186,0.6332186837733755,0.6332186837733755,0.0,0.0,0.0,0.36678131622662447,0.0,0.0,0.0,0.0,1.0,0.2729851826188587,0.29674563980805807,0.4473159744678133,0.19106616983379643
B000502,24469.84630264645,6.774597536723823,13.918702131271093,5.879604338999539,0.17507105416629193,0.38112928217373765,1.4304873150045143,95.167990672219,0.8686435769948578,1.0363074979221414,0.5386881071041771,0.2236968799787783,0.46439490703319375,3.6428665676906737,2.3581288042673236,0.8717793090606336,0.7670198190015121,0.10475949005912155,0.0,0.0,0.12822069093936636,0.0,0.0,0.0,0.9800000000000001,0.98,0.288552418767352,,,0.1887933662721779
B000503,24491.604618981102,12.357015448527298,20.44800718777023,14.574828881860611,0.0,0.3384587568919848,0.020472987595256304,0.8511461460636651,5.843944655096091,0.16982793209196193,1.5899385425284978,1.9983560355490237,1.8776082767317137,0.8773400065300094,2.72935448607841,0.5270747471799455,0.21340966126774227,0.31366508591220327,0.0,0.0,0.4729252528200545,0.0,0.0,0.0,0.0,1.0,0.2424920371173444,0.33604169929268934,0.3250705975672066,0.18847355270950683
B000504,1248.398327997779,1.150597537325142,9.154620222678092,2.017740938861078,0.0,0.4456986797149298,0.36223103236781795,13.055194967001796,0.4463058620010771,0.17728171860246356,0.0,0.42979165181021567,0.0,0.0972183049113856,2.6528548072364684,0.6121094930911906,0.45803153546353886,0.15407795762765164,0.0,0.0,0.38789050690880944,0.0,0.0,0.0,0.0,1.0,0.9769069265299001,0.28893305345918435,,0.19006326769067228
B000505,14325.480543684725,6.13773802214427,18.9243872107013,1.0195944099239092,0.0,0.7046420771676393,0.02253519596599933,0.9823499856465062,5.548060242346374,0.0,0.02022508894959439,0.06785448272270135,0.09413826277048405,0.40745994535511737,2.85073325412582,0.3512482668816823,0.3479530644998563,0.0032952023818260965,0.0,0.0,0.6487517331183178,0.0,0.0,0.0,0.0,0.5,0.08863422483118567,0.1177706627494498,0.37857152933927296,0.191088296168766
B000506,12209.931647637355,3.4628280339300495,6.762238007489972,3.6459603474825486,0.0,0.47032328341401575,1.4636540405375211,52.95716362018372,1.911601563773375,0.0,0.0,0.6655059551392372,0.4319503725770422,0.45377014244039504,2.9412559409952874,0.44796520501659126,0.44796520501659126,0.0,0.0,0.0,0.5520347949834087,0.0,0.0,0.0,0.0,0.98,0.3196491120052626,,,0.1887933662721779
B000507,4367.24679653507,1.1435576843506337,7.908846560419276,2.125186850987807,0.0,0.4162689831551966,0.40374126678257616,14.615433857529258,0.2220576967304169,0.12618789727851557,0.025303233548358867,0.5490743192484149,0.08409394205118091,0.13684059549374622,2.429669484236127,0.8058185435074822,0.6954717730687255,0.1103467704387567,0.0,0.0,0.19418145649251775,0.0,0.0,0.0,1.0,1.0,0.7697319584306522,0.31976104452941273,,0.19006326769067228
B000508,16912.295058982618,6.22920628323485,14.463640166881985,11.960804035031845,0.0,0.311653696811304,0.011177300230214064,0.21519109896794458,0.36022732131319535,2.3300509990716747,1.2404996919397013,0.6309339596890653,1.020039996108242,0.6474543151129714,2.2642420980884026,0.6880514626028067,0.5243002638580236,0.16375119874478317,0.30042890964543945,0.0,0.011519627751753728,0.0,0.0,0.0,0.0,1.0,,,,0.19106616983379643
B000509,5711.130413009121,11.51437583267968,34.45961497783474,6.349845918173252,0.014894006800740432,0.4695130545691659,0.05708132128616533,2.2852639335345106,9.577654064198853,0.4660497495031132,0.07097283064850873,0.9593926991268392,0.0,0.44030648920236454,3.3949701326735715,0.16820032597720952,0.16820032597720952,0.0,0.0,0.0,0.8317996740227904,0.0,0.0,0.0,0.0,1.0,,0.36344829182678673,,0.191088296168766
B000510,4452.901994706137,10.94079114178412,18.822602770147107,2.263831173915829,0.0,0.24,0.04959496519374322,2.3012063849896855,8.583896917742976,1.5190307176975213,0.0,0.0,0.0,0.8378635063436208,1.6714407362611794,1.0,1.0,0.0,0.0,0.0,0.0,0.0,0.0,0.0,0.0,1.0,0.1282866610657152,,,0.191088296168766
B000511,33341.708151469655,16.763050855439747,31.275292296610193,6.936648332616751,0.0,0.4350786594160545,0.07551853668482858,4.805172154322784,14.157030590607908,0.8202084982397194,0.03726540496363181,0.8227183399275247,0.0,0.9258280217009615,3.3940944678033578,0.15546217018044553,0.10415982955597117,0.051302340624474384,0.0,0.0,0.8445378298195545,0.0,0.0,0.0,0.0,1.0,0.2773984053634964,,,0.191088296168766
B000512,3211.8729010397856,1.9186815418397762,12.097210488852783,3.6003211103561874,0.09788415167175614,0.23843293110080804,0.3053261233278021,10.987948000861712,0.6353782096232233,0.0,0.03824827392680163,0.447696405836052,0.4396777266648667,0.35768092578883265,2.258286827417306,0.7545901071376219,0.5254339303167042,0.22915617682091766,0.0,0.0,0.24540989286237833,0.0,0.0,0.0,0.0,0.6,1.031732645656192,,,0.19006326769067228
B000513,1977.8152356026799,6.085585340315938,10.24320506172794,8.79588847974638,0.07317204301641997,0.19822914472037606,1.5811236352359408,57.24693898807693,0.9592790195891817,1.443596252255254,1.1558944660341435,0.9449228748202712,0.9565255627132578,0.6253671649038297,2.0769121845117984,0.8516511929115941,0.524904272981609,0.32674691992998495,0.0,0.0,0.1483488070884059,0.0,0.0,0.0,0.9799999999999999,0.98,0.3607789038273346,,,0.1887933662721779
B000514,4707.607123826393,6.161789429092138,11.19236181490633,8.692555322929726,0.20529692018702786,0.36500000000000005,1.4981413542362656,54.18786870704924,2.0326226440693396,0.0,1.6607608354997203,0.747956771046125,1.0651075306883526,0.6553416477886012,2.4181814381555022,0.6604927863875467,0.21811019646679783,0.44238258992074897,0.0,0.0,0.3395072136124534,0.0,0.0,0.0,0.0,0.98,0.6659428799903404,0.3172512627757157,,0.1887933662721779
B000515,34257.08669108081,9.34964156415961,12.90550607553503,11.13947251204433,0.17727489711420333,0.2485057007876476,0.014420035283970888,0.21004297192168336,4.868433912308952,0.0,0.743987155984976,1.3687547299186287,1.3016246480172409,1.0668411179298087,1.7071011036225117,1.0,0.7143869784086317,0.2856130215913679,0.0,0.0,0.0,0.0,0.5,0.5,0.5,0.5,0.19727196159856128,,,0.40484810018049977
B000516,14220.900285064614,8.505323137000367,15.192392466478157,14.092525812941233,0.12182384542640057,0.1654397354767911,0.011898516413938598,0.4207023177171655,3.902759876413424,0.9471249391510912,0.0,0.4235431823726403,2.4563921247635525,0.7755030142996605,2.102086653390919,0.6111414465786733,0.5613440225948486,0.04979742398382459,0.28880644335282313,0.0,0.10005211006850387,0.0,0.5,0.5,0.5,,0.2966628817134924,,,0.40484810018049977
B000517,849.1010142653196,0.9616093026787311,6.020788600168249,0.92034585736693,0.0,0.4266962239301568,0.23448109439463105,8.430531084769935,0.3588674464180269,0.25493679607385744,0.04445848741155436,0.0,0.14525142803392566,0.15809514474136652,2.9003739390356533,0.5161521070524996,0.25103737140707016,0.26511473564542937,0.0,0.0,0.4838478929475002,0.0,0.5,0.5,1.0,0.5,1.0472469285051311,,,0.40649680945047806
B000518,5040.557294445763,5.345235731119579,12.671505810429407,6.96511312487255,0.45274270085237717,0.365,0.01677800196138786,0.32837552279657656,2.603415693389366,0.0,0.4929193158198454,1.7910819258743977,0.0,0.45781879603596964,1.7237665863042089,1.0,0.5727033649055079,0.4272966350944921,0.0,0.0,0.0,0.0,0.0,0.0,0.0,1.0,0.15542273439676038,,,0.19106616983379643
B000519,14745.194367652852,4.394990869643175,6.674145500144899,5.499264453970726,0.0,0.32970588871832596,1.938977658226013,70.18549198488239,1.1789743769666434,1.421644878176913,0.0,0.6352494101208901,0.6239678508055071,0.5351543535732222,2.4334375312523653,0.6491722538906963,0.3257028951722482,0.3234693587184483,0.08257363320317995,0.0,0.2682541129061238,0.0,0.0,0.0,0.98,0.98,0.4356907200634612,,,0.1887933662721779
B000520,11283.254431731244,8.60660139720156,12.627846188188634,6.233524759144546,0.04831729247441248,0.342130129114932,0.01286958167470112,0.2796878648462388,5.050107780657584,0.8471612539038617,1.732669236741643,0.3053257272340649,0.0,0.6713373986644072,1.2958570064548025,1.0,0.86609267375707,0.13390732624293003,0.0,0.0,0.0,0.0,0.0,0.0,0.0,1.0,0.19706838818614847,,,0.18847355270950683
B000521,14395.323541921905,3.388729647345081,12.694328230872905,6.898766563038288,0.0,0.39060423552201107,0.012584862997364454,0.2739701984519808,0.7833022801372858,0.9563261418468632,0.48589439272889545,0.3273399311954119,0.5166330249179667,0.3192338765186579,2.2089053605668454,0.7177921400144439,0.4687392370262714,0.2490529029881725,0.282207859985556,0.0,0.0,0.0,,,,1.0,0.4215801582842434,,,0.19106616983379643
B000522,7533.165780199052,5.308784905002856,11.051604711087927,6.36942702339993,0.0,0.4034403959542716,0.008663038793042433,0.1608971395348913,2.6404617450419714,0.5773090106179548,0.6847736748309955,1.0313613238744326,0.0,0.37487915063750155,1.8915883395072783,0.9570378931097355,0.5250286762431597,0.43200921686657584,0.0,0.0,0.04296210689026446,0.0,0.0,0.0,0.0,1.0,0.15343612930705483,,,0.18847355270950683
B000523,3545.2488510478424,5.2756679331069085,17.04379543844411,7.872078747156321,0.0,0.26707344040095693,0.017102104107480254,0.500956538205826,1.3072785195987784,1.5812024366821793,0.0,0.45057963137070384,1.6037402197312025,0.33286712572404514,2.071779419633435,0.6579801932010074,0.6579801932010074,0.0,0.08540712514203898,0.0,0.25661268165695356,0.0,0.0,0.0,0.0,1.0,0.7953021457034359,0.4471663461834311,,0.19106616983379643
B000524,15802.788201460513,11.426455677122568,17.64572911089432,17.066456319957247,0.0,0.13327942597609718,1.391428733226723,50.42058941843443,2.427141920176223,2.230947567465788,1.2917857090149687,2.176784942407928,2.7273027371926233,0.5724928008650361,2.1498990879562707,0.8385586361941717,0.4046314023463608,0.4339272338478109,0.0,0.0,0.16144136380582833,0.0,0.28,0.28,0.28,0.7,,,,0.3116940136216534
B000525,4193.368524116109,4.716949970884262,14.21518183283715,7.269818406343357,0.2811572883076761,0.21387016715701346,0.011632887743893768,0.25184699404076955,1.6912571322262764,0.0,0.15841339725028034,0.5087488197210396,1.748495799970299,0.6100348217163669,1.4898128285424257,0.9691149635573432,0.8276756391868432,0.14143932437050005,0.0,0.0,0.030885036442656617,0.0,0.0,0.0,0.0,1.0,0.32002159193858426,,,0.19106616983379643
B000526,3532.117657242004,3.9333158766614744,7.701177267878645,4.147093831221975,0.0,0.488,1.4683179675380706,68.87515004061883,1.8312278931713453,0.0,0.09966803153162415,1.111467183247083,0.0,0.8909527687114212,3.0229444160689884,0.5344315202252055,0.25185386358643175,0.28257765663877366,0.0,0.0,0.4655684797747944,0.0,0.0,0.0,0.0,1.0,,,,0.191088296168766
B000527,40560.03653070189,15.259607423138407,31.704672327671453,8.337909439413355,0.0,0.3282609177133033,0.112004519337565,5.039108821037219,11.737714890918072,0.0,0.08578858099214054,1.5442943833969907,0.8486878282209346,1.0431217396102686,1.4813484826871184,0.9661771714427765,0.9105605487678016,0.055616622674974886,0.0,0.0,0.0338228285572235,0.0,0.0,0.0,0.0,1.0,0.18185155239040618,0.3654210873141195,,0.191088296168766
B000528,13366.33397618761,7.500748583719198,16.95411923765403,6.483017515796352,0.0,0.3101444583739386,0.010687492383682504,0.18715357703097674,3.051430049213009,0.6900956966626584,1.2189231222282937,0.0,1.9208545056066102,0.6194452100086288,1.5106167125127432,0.9979784869070095,0.9059749103359256,0.09200357657108389,0.0,0.0,0.002021513092990542,0.0,0.0,0.0,0.0,1.0,0.21155144255906308,0.27229634709505457,,0.18847355270950683
B000529,7291.291497623266,1.5089593331173978,4.582729265304538,4.761110029416263,0.6360546726089401,0.48623890034160044,0.00872748744074648,0.13753767092183983,0.2693947176188101,0.0,0.0,0.4593784700061648,0.28823207574981696,0.49195406974260586,2.2520797010960067,0.5585777076002431,0.5585777076002431,0.0,0.30443396314539706,0.0,0.13698832925435986,0.0,0.0,0.0,0.0,1.0,0.5257069011329938,0.43683760132803934,,0.19106616983379643
B000530,3898.653514502551,4.169682903211284,13.916371292454079,7.920805047220654,0.0,0.5004912181402913,0.02368848761596214,0.4792502489476105,1.800242185117379,0.0,0.39388601966290965,0.6298476234292651,0.9730380555653073,0.3726690194364227,2.7347438828284707,0.5087695723259473,0.3577154902651298,0.15105408206081752,0.0,0.0,0.49123042767405267,0.0,0.0,0.0,0.0,1.0,0.14445173489560706,0.3509196999339466,0.47609164826464073,0.19106616983379643
B000531,974.2138287180111,2.759812545943374,5.93070534880886,4.796421156696322,0.20065631998602962,0.43621053438820145,1.3312299820353466,48.21109374942464,0.8125572891032533,0.0,0.7193610653572072,0.6236236069361283,0.12560352102025993,0.47866706352652527,2.3993061020524373,0.7349368691524075,0.7349368691524075,0.0,0.0,0.0,0.2650631308475925,0.0,0.0,0.0,0.9800000000000001,0.98,0.23455443836924908,0.4269555259839932,,0.1887933662721779
B000532,18096.767467400445,4.758550477885996,7.421055239517269,6.642789553370961,0.0,0.36614862673848547,0.018667695187272397,0.3480487235534787,1.7582983512277195,1.2258288539799138,0.0,1.1364564814598923,0.0,0.6379667912184716,2.435423233901947,0.5801141607515544,0.5801141607515544,0.0,0.0,0.0,0.41988583924844564,0.0,1.0,1.0,1.0,1.0,0.2496332324094381,,,0.6084446516532538
B000533,28392.703906030263,6.649345177056268,25.348605252477974,13.58268280081061,0.0,0.4841754292164109,0.014760807812275541,0.5454259629121619,0.8066084547365139,0.24905156601341402,1.5183712897358188,0.9307675496058179,2.6108041703762117,0.5337421465884901,1.7439252162345829,1.0,1.0,0.0,0.0,0.0,0.0,0.0,0.0,0.0,0.0,1.0,1.185875648335577,0.40097187809794244,,0.19106616983379643
B000534,1385.7253993002194,4.148878441018621,8.474822177326327,1.045558900905525,0.0,0.453,0.012134098739033683,0.27059040188045114,2.988694270697952,0.48513933002016374,0.0,0.0,0.0,0.675044840300504,3.4310513078538,0.17671151910964883,0.17671151910964883,0.0,0.0,0.0,0.823288480890351,0.0,0.0,0.0,0.0,0.5,0.3397020196122131,,,0.191088296168766
B000535,8299.682056162139,5.027063631836547,11.340053103952046,8.490011355318575,0.0,0.45300000000000007,0.019667403629302287,0.438583100933441,2.0900783178936497,0.0,0.8159124550735437,1.706421158761804,0.0,0.4146517001075514,2.7745380206099837,0.5842347598989759,0.42193077593777345,0.16230398396120257,0.0,0.0,0.41576524010102445,0.0,0.0,0.0,0.0,0.95,1.4362690386044141,0.4042382868971279,,0.19106616983379643
B000536,3264.9344228975096,4.931925110117084,10.16585590967838,3.348728507613316,0.0,0.36499999999999994,0.008461623736981913,0.414381451233009,2.7820091936368954,0.5846141985703626,1.1835144534494684,0.0,0.0,0.38178726446035804,2.6629828518010292,0.42726692231041136,0.42726692231041136,0.0,0.11853671447101186,0.0,0.45419636321857676,0.0,0.5,0.5,0.5,0.5,0.28496687715834623,,,0.40484810018049977
B000537,9077.566471476752,3.691568308855938,12.139556406080553,7.665502657386179,0.0,0.3411343620733364,0.010140468844700577,0.10750937185159598,0.11274631757011473,1.032535569814057,0.7590171023958193,0.5977885232769226,0.6992765478376716,0.49020424796135204,2.005835965622236,1.0,0.7943916951028737,0.20560830489712592,0.0,0.0,0.0,0.0,0.0,0.0,0.0,1.0,0.4572159488277608,,,0.19106616983379643
B000538,2206.812937875051,4.904028750833446,9.43940704877019,4.302716470170165,0.10512419328360917,0.37804374243569644,0.015309322905401457,0.30869139009812885,2.92498546627576,0.0,0.0,0.5207114472616339,0.8652086729758653,0.5931231643201887,1.328209745253658,0.9848999583534055,0.786574723433135,0.19832523492027077,0.0,0.0,0.015100041646594706,0.0,0.0,0.0,0.0,1.0,,0.1921740057889334,,0.18847355270950683
B000539,440.3640135989933,1.3508098576656238,7.842904533783119,2.3467574773775803,0.29233967966325675,0.421072715094565,0.25382873244707493,9.31853357863648,0.37956681033888917,0.0,0.03559933004398215,0.3698122835333065,0.24205945291210546,0.3237719808373407,2.8123680318180218,0.42221885049130714,0.24302305062468801,0.17919579986661918,0.27377079122918935,0.0,0.3040103582795036,0.0,0.5,0.5,1.0,0.5,0.5321461730088191,,,0.40649680945047806
B000540,5114.2656644565695,6.490184853371281,9.417285292982779,9.784986575868672,0.0,0.42535587611548875,1.9179207955611641,89.9484917747191,2.5025256296475713,1.4364016860419169,0.0,1.0646134925592172,0.748643607007372,0.738000438115203,2.6688255540044477,0.49587894020382095,0.3318445534164845,0.16403438678733645,0.11535012082413866,0.0,0.38877093897204024,0.0,0.0,0.0,0.0,0.98,,,,0.1887933662721779
B000541,35928.3760424772,11.126781059918612,32.69618479539439,5.033535813526638,0.12801869184310635,0.6682878806577122,0.0496414237729594,2.302945113101273,9.511334790548537,0.1639303702835392,0.02798579477201345,0.7744010745237683,0.167625480648706,0.4815035491420486,3.4338600999692237,0.10553806274810223,0.09080510724185466,0.014732955506247583,0.017003929661584028,0.0,0.8774580075903137,0.0,0.0,0.0,0.0,1.0,0.11241014136691704,,,0.191088296168766
B000542,1776.809483681687,3.5607404482598937,12.375474199058798,6.143366449851176,0.19152916898939062,0.3251589351224344,0.011377343811637889,0.03507544842306269,0.3667140115792928,0.574309610984686,0.524341019233602,0.0,1.635528978825892,0.4598468276364206,2.011328126818728,0.8970118667990802,0.5884663139337512,0.3085455528653289,0.0,0.0,0.10298813320091979,0.0,,,,1.0,0.5644317726105876,,,0.19106616983379643
B000543,2747.009141171731,5.617605605668161,8.430590947496775,4.889270338302028,0.0,0.3624043136484893,1.3453956331212342,48.6671773781966,2.3161972710849947,0.8004699023356526,1.4491757280274975,0.30935344736493425,0.0,0.7424092568550829,2.6092737912597133,0.5720326085662358,0.5720326085662358,0.0,0.0,0.0,0.4279673914337644,0.0,0.28,0.28,0.28,0.7,0.28866800698145834,,,0.3116940136216534
B000544,6708.739916963086,3.7291494813580246,11.831358247962175,5.1423747716194415,0.15123603448308834,0.13194729986126533,0.013011788010023126,0.4648957478835381,1.3827781495397455,0.9782252956638114,0.0,0.729282409929617,0.0,0.6388636262248513,2.716189682606124,0.5921000842485451,0.13421881289451662,0.4578812713540285,0.0,0.0,0.40789991575145507,0.0,0.0,0.0,0.0,0.95,0.8204339509199253,0.4072304501017277,0.23185710357776784,0.19106616983379643
B000545,5693.714610538787,1.9970938654993993,9.00709310288153,1.3110045882114802,0.0,0.2885329052891001,0.6162669823535956,22.262377004362996,0.7683843922812612,0.6792445290402022,0.0,0.13860499409457722,0.0,0.41085995008335896,2.7560973101859414,0.6152487343958086,0.5458453896211666,0.06940334477464195,0.0,0.0,0.38475126560419165,0.0,0.0,0.0,0.0,1.0,,,,0.19006326769067228
B000546,5503.7180148871175,9.689644392406898,20.066451807274042,7.270642622615156,0.0,0.39884593853213046,0.00997951844021472,0.15522734321251794,5.351292311858858,0.1317061670067124,1.0225929493432584,0.7220165418295854,1.6135698947874482,0.8484665275810334,1.7250657697721659,1.0,1.0,0.0,0.0,0.0,0.0,0.0,0.0,0.0,0.0,1.0,0.17413161478635775,,,0.18847355270950683
B000547,9908.799535101607,12.818628117854601,21.391598686740874,2.596648223586156,0.0,0.3917282593853941,0.045122869810562835,1.9924548222308092,11.07786142221821,0.39385512959885216,0.0,0.26649335561097304,0.3150511061288268,0.76536710429774,2.889517584633334,0.4000771456913319,0.3693519287665764,0.03072521692475544,0.024577599352461402,0.0,0.5753452549562068,0.0,,0.0,,0.5,0.15142100149386256,,,0.191088296168766
B000548,22631.79482662853,7.779922594234628,12.366903135611606,6.215158791305185,0.0,0.263566558899946,0.017165881433734567,0.3630436580057904,3.639274270345628,1.2755109315610302,1.942520206084442,0.37145465316115467,0.0,0.5511625330823735,2.8412033776550425,0.47988030088551636,0.47988030088551636,0.0,0.04774528906449842,0.0,0.47237441004998526,0.0,0.0,0.0,0.0,1.0,,,,0.18847355270950683
B000549,3619.3813601556317,7.341544341086474,12.237505468601778,7.364284219041845,0.09257373968317882,0.11634923619301717,0.01798877287973648,0.4381451963958009,3.5673949982362125,0.8423499642890669,0.0,2.271047351046,0.0,0.6607520275151942,2.6560246152537315,0.5140811207430132,0.5140811207430132,0.0,0.0,0.0,0.48591887925698674,0.0,0.0,0.0,0.0,1.0,0.2306906147563513,,,0.18847355270950683
B000550,761.9825756517363,1.8316888837782122,8.3371680389429,2.8758080020848675,0.0,0.48800000000000004,0.5015179643081784,23.51489353714556,0.6906662911771924,0.0,0.026437084712165597,0.6251931632904726,0.06562600538044996,0.42376633921793155,2.074708899458464,0.9257843843093824,0.5700306022268461,0.3557537820825363,0.0,0.0,0.0742156156906176,0.0,0.0,0.0,0.0,0.6,,0.41727348757045857,,0.19006326769067228
B000551,4423.786888143156,7.7338931610894335,9.79465449972774,3.6164848084356276,0.0,0.488,0.014938516488004807,0.6922837972361139,5.577630724447065,0.0,0.0,0.0,1.027081685595718,1.1291807510466494,1.3970720905378942,0.9478021197796614,0.9478021197796614,0.0,0.0,0.0,0.05219788022033848,0.0,0.0,0.0,0.0,1.0,0.33903371138613264,,,0.18847355270950683
B000552,4857.762500079107,3.4550231152767474,6.234985995299462,4.433281275020556,0.0,0.0,1.06687762521534,38.68248791002992,1.8102401236631351,0.0,0.0,1.0862248448804364,0.0,0.5585581467331756,2.53135174609926,0.61498683662032,0.61498683662032,0.0,0.0,0.0,0.38501316337967983,0.0,0.28,0.28,0.28,0.7,,,,0.3116940136216534
B000553,1936.975085656074,1.1049487083035219,7.4708888643342215,1.4681411035912315,0.0,0.7426499698274704,0.4368405425627562,15.773679981806028,0.5415520679595548,0.06506125324700755,0.0,0.22369803074939504,0.0,0.27463735634756464,2.903270612624764,0.46833080247684994,0.2069980529777824,0.2613327494990676,0.0,0.0,0.53166919752315,0.0,0.0,0.0,0.0,1.0,0.9442108940810731,,,0.19006326769067228
B000554,5931.204509780457,5.4018256008929475,9.347789399320956,7.405363296406609,0.0,0.2652411111389121,0.012900641692307617,0.7886053338433777,1.4467699449288065,0.3670088343329105,0.0,1.205966418720471,1.4386992535131011,0.9433811493976586,2.3447791082361316,0.609080396826935,0.34274465039423313,0.2663357464327018,0.12308978936166604,0.0,0.267829813811399,0.0,1.0,1.0,1.0,1.0,0.207153363190044,,,0.6084446516532538
B000555,3456.400234178473,5.205422039425411,12.153692522939144,9.817794823120748,0.0,0.3396747754600942,0.014711342825872087,0.4899354329950121,2.120980630936479,0.5127463117164965,0.09496252891408254,1.776598283558873,0.1751245761195803,0.5250097081798996,1.7394716308362161,0.8412237314344526,0.8125247259175729,0.028699005516879816,0.0,0.0,0.15877626856554744,0.0,0.0,0.0,0.0,0.5,,,,0.191088296168766
B000556,5680.910139111513,1.8577207779959166,9.315140715667384,2.785855360321839,0.2687105149526504,0.14536361409862966,0.5492697520595471,19.89468396885484,0.68519732203703,0.3625085488219447,0.05324722961919492,0.4696786176031025,0.0,0.2870890599146446,2.485250807042268,0.591709238767492,0.3965730519326687,0.19513618683482342,0.005599034731610503,0.0,0.4026917265008975,0.0,0.0,0.0,0.0,1.0,,0.37293037050012423,,0.19006326769067228
B000557,26993.001039555715,9.609469932202106,29.751364987151025,4.038714592682969,0.0,0.3904526640687054,0.06794174765511704,3.102679247701565,7.582894059062006,0.5899209703247309,0.029915721454297106,0.5100957543899615,0.13473461690075253,0.761908810070358,1.2503432418887515,0.9469173889934773,0.9438042389794429,0.0031131500140342936,0.05308261100652281,0.0,0.0,0.0,0.0,0.0,0.0,1.0,0.0769197218180517,,,0.191088296168766
B000558,1901.432667856003,4.188177682502209,15.75883278224769,8.103635974182673,0.0,0.4671016498678538,0.013470515974160675,0.2872852648794414,1.276902328693399,0.0,0.8212217060026151,0.8429914147882969,0.884031291258396,0.363030941759502,2.582968773716253,0.5410392371325746,0.5410392371325746,0.0,0.196080913528,0.0,0.2628798493394252,0.0,0.0,0.0,0.0,0.95,,,,0.19106616983379643
B000559,7138.195902231706,4.1237411335827305,7.1472420915369765,3.0545430761816603,0.0,0.39548682039328525,1.158067310255967,42.00788878229601,1.8669335355988517,0.0,1.0540589073412976,0.0,0.4910137960483623,0.7117348945942182,2.767409244953644,0.35252337618172813,0.35252337618172813,0.0,0.25560743829366545,0.0,0.3918691855246063,0.0,0.28,0.28,0.28,0.7,,0.3637322054337555,,0.3116940136216534
B000560,5629.375060301899,5.126935391896083,7.9524154869204535,8.823663375724719,0.0,0.24111385558250525,4.005360697223448,266.5089284555404,1.0439604158796871,1.0474066886990447,0.0,1.3092174989192704,1.0598688553912166,0.666481933006864,1.9950056417471542,0.9748890480650964,0.7195284088441124,0.2553606392209841,0.0,0.0,0.025110951934903626,0.0,0.0,0.0,0.98,0.98,0.44371000273099725,0.39644438350940847,,0.1887933662721779
B000561,8687.313865747268,5.205101177799442,11.659542519269197,6.840547770031941,0.2827150175972065,0.365,0.013475227176368591,0.2572701138816819,2.2895833939290786,0.584077305712088,1.1479616861287352,0.5341807273606852,0.3244767954567852,0.32482126921206816,1.9082248545734186,0.99700481663229,0.8847923378041608,0.11221247882812879,0.0,0.0,0.0029951833677100952,0.0,0.0,0.0,0.0,1.0,0.17009256842226791,,,0.19106616983379643
B000562,8217.340986269512,3.0869049535197264,20.19269376460091,5.367316937065516,0.2699981708147908,0.19534633723195538,0.26288128857515475,12.191850895818778,0.7379161938179212,0.26600431160476634,0.0,0.7381336146136162,0.45825832852975784,0.8865925049536644,1.9484828277610453,0.8729220117015903,0.7244696507025107,0.14845236099907974,0.0,0.0,0.12707798829840947,0.0,0.0,0.0,0.0,0.6,0.6761740488479298,0.384020016627858,,0.19006326769067228
B000563,2578.004249584386,2.787031621172309,13.243089915715824,4.0929756085361,0.0,0.06393049602696688,0.2909770379896323,13.617629801158413,0.9395020403477969,0.9370485726257999,0.14532843699116613,0.5848415785094493,0.0,0.18031099269809703,1.918571980057564,0.71874222069072,0.5509090778119005,0.16783314287881948,0.05214452390390771,0.0,0.22911325540537242,0.0,0.0,0.0,0.0,0.6,,,,0.19006326769067228
B000564,14484.10962573506,5.849801949004467,11.676904310232104,6.834137179048801,0.0,0.365,0.010680768116700344,0.23818112900241767,1.3186133477407833,0.0,1.297204130935227,0.0,2.3112202996025406,0.9227641707259157,2.3341544181090947,0.7463993511303907,0.5246475478653265,0.22175180326506408,0.0,0.0,0.2536006488696093,0.0,1.0,1.0,1.0,1.0,0.18910287534851497,,,0.6084446516532538
B000565,4721.5799388476935,4.300163878731961,16.995845515360642,4.691384477215129,0.0,0.23488530636793153,0.011243738023265205,0.2507353579188141,1.194290601076775,0.1410046234978914,0.8583437699241444,0.20775954707305752,1.3662823284424064,0.5324830087176862,2.2831356587056217,0.7461593743883048,0.7133688511723685,0.032790523215936375,0.0,0.0,0.25384062561169507,0.0,0.0,0.0,0.0,0.95,,,,0.19106616983379643
B000566,6771.808780848798,3.7746983170840567,10.622722994593817,7.60521049757648,0.0,0.38591449566739183,0.012904385563222553,0.24887723223628,0.415291983297818,0.8103121168454074,0.529926411172381,0.5654423177475641,1.1239387473351727,0.329786740685713,1.9322618610765712,0.884711752122601,0.5869558381603397,0.29775591396226125,0.0,0.0,0.11528824787739896,0.0,0.0,0.0,0.0,1.0,1.305312188697968,,,0.19106616983379643
B000567,1424.9000291087682,1.8362113777174849,9.061567638954836,3.8571862156885515,0.0,0.365,0.57452386910133,26.911252974606228,0.7153424480130735,0.0,0.0,0.8297121055461553,0.09822049561028191,0.1929363285479744,2.7409453577725773,0.5412076267228022,0.5412076267228022,0.0,0.0534908435936039,0.0,0.40530152968359395,0.0,0.0,0.0,0.0,1.0,0.7095753042696574,0.3583290862470044,,0.19006326769067228
B000568,15740.124880860812,5.9307177395858375,17.437342900316725,6.95037579810149,0.0,0.36436274273657177,0.009929773448540869,0.26206248164598506,2.568631721976932,0.2605277779534704,0.0,1.9239950029594721,0.483778841645108,0.6937843950508533,1.3664561942747695,1.0,0.8754047747530163,0.12459522524698366,0.0,0.0,0.0,0.0,0.0,0.0,0.0,0.5,0.5874523219958788,,,0.191088296168766
B000569,7156.229694352033,9.05851860044561,16.417374540572805,12.82045396543235,0.12105343912854918,0.3776391454307607,0.01805421186885117,0.34497718613851963,3.2703224705330483,0.8423822310696633,0.7356048883358456,0.6663095451437686,2.748640347327339,0.7952591180359472,2.8328885532679524,0.31551961076645,0.06776423667704035,0.24775537408940956,0.30343155084895734,0.0,0.3810488383845927,0.0,0.0,0.0,0.0,1.0,,,,0.18847355270950683
B000570,12109.637457856135,2.9349581817392476,8.606250273861857,1.422904956367419,0.0,0.41500105580886526,0.009435710894193906,0.21041635294052413,2.0016375581635675,0.3013118103284985,0.10139415066342523,0.0,0.1694848581816349,0.3611298044021222,2.8965856526268756,0.38623941559248093,0.3516923643621499,0.03454705123033111,0.10266306763864758,0.0,0.5110975167688716,0.0,0.0,0.0,0.0,0.5,0.5372221918320971,,,0.191088296168766
B000571,2378.9168725746467,1.7582534165370634,9.027742248206732,3.454806853010156,0.0,0.2652380064729747,0.2771344378656968,18.2499772004827,0.42077296828290306,0.0,0.03825726159966386,0.7793824022672425,0.12564172620099992,0.39419905818625456,2.6914714474197114,0.26883680873882077,0.1973785507770899,0.07145825796173076,0.4432708021135322,0.0,0.2878923891476474,0.0,0.5,0.5,1.0,0.5,0.7083856554562086,,,0.40649680945047806
B000572,27212.16727508991,6.514763532461075,8.829431090875525,9.130692475757964,0.22063182450741528,0.13005451366277254,0.017154881866766267,0.7956079554360554,1.884205673736999,0.7830674203752598,0.0,1.0989299812934827,1.705782755135156,1.0427777019201778,2.525890734789333,0.4425454504694445,0.4425454504694445,0.0,0.26823366463602666,0.0,0.2892208848945289,0.0,,,,1.0,0.22324878986529187,0.22500576199192157,,0.18847355270950683
B000573,18107.800222658585,4.745230666315143,8.946715620546142,4.187251452557229,0.0,0.47000000000000003,0.013055354644313294,0.48871995518007294,3.1744992882272225,0.43028306111406917,0.0,0.5635145532850898,0.0,0.576933763688761,2.9984784815439816,0.3143795435813908,0.3143795435813908,0.0,0.0,0.0,0.685620456418609,0.0,0.5,0.5,0.5,0.5,0.20545706786431395,,,0.40484810018049977
B000574,7836.076097237743,4.506081712040105,14.950755273235133,6.111836580602034,0.0,0.2390691508044376,0.01597512460894323,0.39103746207023793,1.3744856449276313,1.1013551628578078,0.7974216676266037,0.8209711503435118,0.07715475581257755,0.3346933304719738,2.706140566972576,0.5180053422575608,0.3186911789665744,0.19931416329098645,0.17696564744840704,0.0,0.3050290102940322,0.0,0.0,0.0,0.0,1.0,0.6393876756433123,,,0.19106616983379643
B000575,1870.754390282036,1.8839419841712346,10.63189105134768,3.3686880433527007,0.0,0.40218051078854056,0.5053611015854231,18.26799101849286,0.2771048133781768,0.0,0.061388458709619745,0.2863597255047323,0.9352686495202566,0.3238203370584492,2.1119239693011815,0.85291223630749,0.17188445280118383,0.6810277835063063,0.0,0.0,0.1470877636925099,0.0,0.0,0.0,1.0,1.0,1.0301003375563635,,,0.19006326769067228
B000576,3789.948691719211,2.089277117816544,6.919115078659011,2.9827744988451816,0.2564611780998291,0.365,0.0024101102059778303,0.053745457593305616,0.48026873239783224,0.0,0.0,0.0,1.1710029602648355,0.4380054251538764,1.6962265913029253,1.0,1.0,0.0,0.0,0.0,0.0,0.0,0.0,0.0,0.0,1.0,0.553452690314586,,,0.19106616983379643
B000577,29553.34660269303,14.25631770511,30.10317926097701,4.482472867125853,0.0,0.47337278709026537,0.0753810276691356,3.102608040011004,12.192470907280496,0.0,0.0,0.8793572777722242,0.13716052122725048,1.0473289988300267,3.502056127480469,0.10527736177303847,0.043595425668526075,0.06168193610451242,0.0,0.0,0.8947226382269615,0.0,0.0,0.0,0.0,1.0,0.10471527551013618,,,0.191088296168766
B000578,7582.128041164155,2.899475350349581,11.096393335527917,5.960930447120954,0.10949059279342731,0.22327082871542495,0.010907959608811007,0.31885783541341667,0.3097738887257771,0.0,0.3461825052635208,0.6053578163579734,1.39058344189183,0.2475776981104798,2.54957533108458,0.6812321171140112,0.6812321171140112,0.0,0.20878184609673858,0.0,0.10998603678925012,0.0,0.0,0.0,0.0,1.0,,,,0.19106616983379643
B000579,3031.1190244590343,2.500923287507454,12.01410227403068,4.00127407691893,0.0,0.12207664085598162,0.30128166074371393,10.89902936154492,0.4603821733683073,0.9833667536135353,0.09679972464264662,0.5077584660298438,0.0,0.45261616985312136,2.468682850274037,0.7667311769989011,0.5249971767229379,0.2417340002759635,0.0,0.0,0.2332688230010988,0.0,0.5,0.5,1.0,1.0,0.7425425039196715,,,0.40649680945047806
B000580,5770.102159015253,10.990670779076673,13.945376617566096,15.273822262608535,0.09658471527722715,0.4144273365035779,0.04717690598405096,0.9649458933429536,4.74743975399068,0.28792109686605033,2.6589649269471285,1.8316468228473024,0.0,1.4646981784255093,2.669074672775051,0.5177180481463071,0.39023849181458475,0.1274795563317223,0.02619686301714868,0.0,0.4560850888365439,0.0,0.0,0.0,0.0,1.0,0.16279831529051333,,,0.18847355270950683
B000581,590.9059478234226,1.530844424413012,6.164604559254268,1.520715948833651,0.0,0.3894148893966568,0.3487710515122492,12.71070339866305,0.5362514927526895,0.6435588098077533,0.0,0.0,0.08572669692064719,0.2653074249319218,2.6675117256288057,0.6442675426574647,0.6442675426574647,0.0,0.0,0.0,0.3557324573425353,0.0,0.5,0.5,1.0,0.5,0.5509896369008717,,,0.40649680945047806
B000582,28980.457857671438,12.025086247996446,16.679176330727024,14.923777472245371,0.0,0.21422436598073344,0.02271410275093042,0.43953678152981146,4.232737909742535,0.0,2.4098959675521856,2.4614905866870065,1.9379442077518838,0.9830175762628353,2.6750754355371056,0.6445632130178273,0.27870847370800306,0.36585473930982404,0.0,0.0,0.3554367869821728,0.0,0.0,0.0,0.0,1.0,0.26762217124238474,0.18767843064120682,0.36869824850352745,0.18847355270950683
B000583,3142.912056935709,5.642571017837898,13.166819936581254,7.870856528775579,0.0,0.365,0.015154445117047888,0.3638552723106099,2.186464091136101,2.098446553207476,0.0,0.6295539023597251,0.0,0.7281064711345955,1.7365520156269683,1.0,1.0,0.0,0.0,0.0,0.0,0.0,0.0,0.0,0.0,0.95,0.7903522913104365,,,0.19106616983379643
B000584,234701.32037775873,110.39572924635877,453.31359002196905,235.3840451984477,0.0002252865895883995,0.4517885165517637,1.3162352459906819,47.64771590486269,1.0430014729009944,0.0,0.04306776588993657,108.62615687567713,0.4152428209020366,0.26826031098866276,2.6515965792940186,1.0,0.011877830717196038,0.9881221692828038,0.0,0.0,0.0,0.0,0.0,0.0,0.0,1.0,0.49021593191998936,0.4409132081726556,,0.19006326769067228
B000585,2689.2235662499447,3.8805534866521567,6.235865099665776,5.327101371364345,0.15890008878841727,0.4001477393923441,1.7592818322732295,63.68101273076619,1.0697122750814576,1.1328959150988815,0.5402429759768576,0.46043531743226956,0.11481996529098247,0.562447037771709,2.652149298149582,0.6416802339377681,0.49343970982131324,0.14824052411645486,0.0,0.0,0.358319766062232,0.0,0.0,0.0,0.9800000000000001,0.92,0.246963505209854,,,0.1887933662721779
B000586,1291.4649417938626,1.6451782698010988,7.972258498423651,2.9993810268568204,0.0,0.6336882346435851,0.41068211673061256,14.837521494290236,0.5682940546552007,0.07230856418955273,0.09277944468791405,0.48885573740958715,0.0,0.42294046885884445,2.6445105144256025,0.6629854225160686,0.3218890733240842,0.3410963491919841,0.0,0.0,0.3370145774839317,0.0,0.3,0.3,0.3,1.0,0.8243426713945161,0.37369486353192816,,0.32152411226147926
B000587,2832.8047277565174,1.2173634412361485,8.050262532766554,1.2828350214045907,0.26217216657343084,0.35218211873604693,0.45445548778544387,21.323223093218868,0.5669583049327077,0.24507741522044132,0.0,0.13266714145664135,0.11209979267191932,0.16056078695443876,2.8873658427592095,0.5342735901802664,0.13189223654638452,0.40238135363388183,0.0,0.0,0.4657264098197336,0.0,0.0,0.0,0.0,1.0,0.9091904212617034,,,0.19006326769067228
B000588,1222.1535936846128,1.2005438051911717,9.56245558534468,2.9819859314302963,0.0,0.365,0.4667658323439586,16.85454880738096,0.1437253239460406,0.523509957871989,0.0,0.4019993198256268,0.0,0.13130920354751513,1.4297406471569434,0.9858720958044577,0.9858720958044577,0.0,0.0,0.0,0.014127904195542227,0.0,0.0,0.0,1.0,1.0,,,,0.19006326769067228
B000589,29000.54520446226,9.339950146364657,18.241283786240835,1.806056950736874,0.1532365384191135,0.5170211201932644,0.04268316684945955,2.257686663138646,8.297519169531336,0.12866645684102,0.08485727712222593,0.12530413241032815,0.06308784325992507,0.6405152671998241,3.517719907479175,0.09638606313212963,0.08297013152149896,0.01341593161063067,0.009085410070979289,0.0,0.8945285267968912,0.0,0.0,0.0,0.0,0.5,0.15169295004259534,,,0.191088296168766
B000590,9262.939258970151,2.0425444892988205,8.632315753203935,1.261554506769104,0.0,0.27401250590325954,0.4155572230404202,19.40426888289899,1.1312275903465643,0.31986309512006583,0.0,0.29128170159413147,0.06737757951953931,0.2327945227185201,2.977851333536632,0.3849157339807105,0.22831542647413045,0.15660030750658005,0.0,0.0,0.6150842660192898,0.0,0.0,0.0,0.0,0.6,0.3618044273187627,,,0.19006326769067228
B000591,4255.449406692402,7.571974033260501,16.792609399119527,7.796471319223821,0.11110137495065134,0.2882005553875505,0.006139031454108477,0.13690040142661905,4.054077375354654,0.43521464603237436,1.1477006073628857,0.7420149501712405,0.7489490114291572,0.4440174429101877,2.8889744590153277,0.4071173512128467,0.15663450348240582,0.2504828477304409,0.057477038896417136,0.0,0.5354056098907359,0.0,0.0,0.0,0.0,1.0,0.17181498759166772,0.21086760140513436,,0.18847355270950683
B000592,3277.1903688691636,9.363401053911897,13.778511450257422,13.7312504060042,0.0,0.5526101659601759,0.033396948043504286,0.9686055970488519,4.042001963786938,0.3212758836811615,1.3708164448157056,0.8311261655050729,1.2697677283675124,1.5284128677555058,2.710624961839374,0.5683190391488949,0.3096342125984185,0.2586848265504764,0.0,0.0,0.4316809608511052,0.0,0.5,0.5,0.5,0.5,,,,0.40484810018049977
B000593,5826.88854564344,2.8135627936472427,8.633388117889742,3.3062467675777576,0.0,0.4262648039105693,0.8916620841116956,41.845688363687074,1.1117905698912884,0.41677066821274755,0.024986133120858966,0.4486469847598075,0.2175812317189547,0.5937872059435854,2.9347534934078783,0.39375499338904585,0.22541571944425076,0.1683392739447952,0.14812915110825892,0.0,0.45811585550269496,0.0,0.0,0.0,0.0,1.0,0.2996231609363179,,,0.191088296168766
B000594,1861.5782989309162,2.2702174377206297,10.478205893872923,2.987153359175788,0.0,0.3344842506715613,0.5901459689024844,21.363284074269934,0.7376824611281055,0.6385261549691494,0.08193365336470865,0.5653645938649356,0.0,0.24671057439373012,2.786605333044128,0.3597725579509236,0.3597725579509236,0.0,0.28126211364592896,0.0,0.35896532840314743,0.0,0.0,0.0,0.0,1.0,0.4894123744995248,,,0.19006326769067228
B000595,30231.363324337104,7.817782085424645,13.459424777405296,3.467923628697802,0.0,0.42332505337980303,0.011661304280352041,0.04191435798196077,5.215860471939295,0.0,1.379711444910281,0.27175374558039755,0.0,0.9504564229946699,3.0628962172166285,0.29382235288972075,0.29382235288972075,0.0,0.034760977296495785,0.0,0.6714166698137833,0.0,0.0,0.0,0.0,1.0,0.19397136439355486,,,0.18847355270950683
B000596,2404.1802313763114,4.02710256511945,12.57284359722789,4.385038772118473,0.013346397335285596,0.380052838029926,0.009931722668376436,0.29664401264271834,1.8496646267642838,0.35739771797896464,0.09416164598444038,0.4972480819101206,0.6724502716157451,0.5561802208658951,1.8187867738966845,0.8552677277302765,0.6000379501850137,0.25522977754526277,0.0,0.0,0.1447322722697235,0.0,0.0,0.0,0.0,0.5,0.745069932389123,,,0.191088296168766
B000597,6525.68242981694,4.138035783016449,8.168089084140632,2.8220166256325676,0.0,0.32449399343455404,1.329226236954371,47.98168618831918,1.6558363907504254,0.8097486511041163,0.05352666587060513,0.0,0.7380514065265535,0.8808726687647488,2.735026553161873,0.5998496683990991,0.2258074563952217,0.3740422120038775,0.0,0.0,0.40015033160090085,0.0,0.0,0.0,0.0,1.0,0.38690667681503765,0.29628870527861695,,0.191088296168766
B000598,5040.561096566431,3.7144886489067286,10.164283887499355,2.3962819494412955,0.0,0.36500000000000005,0.011097019043318154,0.22601628533430881,2.228848593941189,0.8577430274703454,0.0,0.0,0.4074938418346588,0.2204031856605351,2.9063077263707164,0.3999581625866058,0.0593360773158926,0.34062208527071325,0.0,0.0,0.600041837413394,0.0,0.0,0.0,0.0,1.0,0.16730709147060488,,,0.19106616983379643
B000599,2038.572946333218,2.967355089276882,7.688367357226558,5.166667904982442,0.6523481760074378,0.24000000000000002,1.5569171096145318,56.397051506939704,1.347768129375869,0.22263566313914815,0.0,1.0320745027500795,0.0,0.36487679401178513,2.0613658655362794,0.9206051289144143,0.5727955571918784,0.34780957172253585,0.07502831863422267,0.0,0.004366552451362989,0.0,0.0,0.0,0.0,1.0,0.44725033477394593,,,0.191088296168766
B000600,6975.763471200384,2.395523170055077,6.702269143064729,1.4342154852156572,0.0,0.7398648578821738,1.0321530525672478,37.363940502934376,1.2901913157090599,0.16127413307607455,0.11692934609497155,0.0,0.0,0.8271283751749708,3.012734232017876,0.4614156390399695,0.4614156390399695,0.0,0.0,0.0,0.5385843609600304,0.0,0.0,0.0,0.0,1.0,0.9170269826035362,,,0.191088296168766
B000601,62856.6105095602,18.525378871075805,31.299850591700334,6.306170877931482,0.0,0.4449453939413571,0.08085699967773985,3.7517647850471287,16.17139993554797,0.0,0.1715766892544731,1.3179173804568143,0.0,0.8644848658165477,3.413640316091268,0.12525377445281566,0.11599206431730202,0.009261710135513647,0.0,0.0,0.8747462255471844,0.0,0.0,0.0,0.0,1.0,0.11035359769503969,,,0.191088296168766
B000602,3491.464713099016,9.698513091941711,17.015991476290317,13.017171877514043,0.0,0.30295736597593065,0.01848720383471047,0.34344463406139014,3.2410598348582127,0.0,2.5800565516120213,1.0643893659080983,2.0601410207802937,0.7528663187830855,2.49607352812404,0.6387227417953849,0.5289750561638136,0.10974768563157138,0.0,0.0,0.3612772582046152,0.0,0.0,0.0,0.0,1.0,0.15272741764632192,,,0.18847355270950683
B000603,1062.074076093679,2.5167632134921303,8.163082930465324,4.055801882531253,0.08658830878129817,0.48621479255217326,0.8271032585744611,29.894263710561752,1.0304324372008897,0.0,0.03405729214898898,0.5183044880927647,0.37754755922338273,0.5564214368261037,2.8211453100987685,0.5792727468154226,0.3597996643734217,0.219473082442001,0.0,0.0,0.4207272531845771,0.0,0.0,0.0,0.0,1.0,0.5304061315265944,,,0.191088296168766
B000604,758.7838062718212,1.9863450425963904,10.046618407391351,3.6130520336471466,0.0,0.37864988267566596,0.5679303331895691,20.51620778898506,0.7080852275170882,0.3785612241377196,0.1037197330595218,0.46552293230674135,0.16096331234691894,0.16949261322840078,2.6978549490144204,0.2627990011761515,0.2627990011761515,0.0,0.3676128578138246,0.0,0.3695881410100241,0.0,0.0,0.0,0.0,1.0,0.879674504054439,,,0.19006326769067228
B000605,3081.0893196478696,5.050966097783393,13.510013846923634,4.531709049510531,0.0,0.38454887354815837,0.012519420635839438,0.27918308017921944,2.3985434985964242,0.4671098923294293,0.0,0.1159059416410805,1.7452975935049229,0.32410917171153686,2.170409150650683,0.6315153380334925,0.5390360215450252,0.09247931648846734,0.3684846619665076,0.0,0.0,0.0,0.0,0.0,0.0,1.0,0.17671741273610853,,,0.19106616983379643
B000606,10651.871250914468,3.442750889112627,7.26521210699073,3.8407455701989366,0.16691142402340367,0.30738912112366173,0.9986156613173505,36.14633013014665,1.4013154463425912,0.3688139980674399,0.0,0.0,1.2708134179490833,0.4018080267535114,2.59885077316421,0.6164783257071241,0.6164783257071241,0.0,0.0,0.0,0.38352167429287565,0.0,0.2,0.2,0.2,0.98,0.27814336487691316,0.2958668589510683,0.3291525767925983,0.2770151739533745
B000607,7264.261670026271,8.67892672643521,19.13188335822738,7.253641476967159,0.0,0.2969858771838159,0.056576735194983144,1.5327130585947915,5.437426178513247,0.3520626125025885,0.0,2.2574114767012055,0.23061519685568008,0.40141126186248866,2.0249121527835565,0.7750214511042702,0.48834698639441326,0.286674464709857,0.0,0.0,0.22497854889572974,0.0,0.0,0.0,0.0,0.5,0.11667027470951193,,,0.191088296168766
B000608,5447.441176814293,1.4014512932375336,11.062081808273964,2.941994976979965,0.27048228118560774,0.18976643957733225,0.3449922092395289,12.461438087945861,0.18923398460463323,0.6232112267606245,0.0195640290693132,0.36873961533972743,0.0664763007502872,0.13422613671294828,1.9605108422042528,0.8649728424257412,0.8510130072436581,0.013959835182083116,0.0,0.0,0.13502715757425882,0.0,0.0,0.0,1.0,1.0,,,,0.19006326769067228
B000609,5314.012704647289,4.522564003955139,8.064539495118558,4.5107939594845226,0.09042973253863087,0.34400620657687997,1.4148386875704397,51.217028864816136,1.6020947019811382,0.0,1.4700429085853939,0.036571346128502394,0.8051823903159171,0.6086726569441876,1.7886884588082002,0.9739098025331383,0.47082675121279255,0.5030830513203456,0.008086418698888391,0.0,0.018003778767973353,0.0,0.2,0.2,0.2,0.98,,,,0.2770151739533745
B000610,8530.669727253811,3.4314842024351613,14.048040246313208,5.537140114879869,0.0,0.3394343368566596,0.6505084657859316,23.447157051627375,0.872088656157884,0.8855725047024587,0.09798907447920803,1.0508340460955838,0.24201892424184754,0.2829809967581787,2.6646609126604086,0.4640326918937257,0.20297479383569286,0.2610578980580328,0.2580727325144059,0.0,0.27789457559186825,0.0,,1.0,,0.92,,,,0.19006326769067228
B000611,5766.748659093936,6.108843918531712,9.881222428037677,7.211831437736558,0.30882015547045705,0.6493775869316207,0.018174191052035583,0.5696768799515285,3.778311765081834,0.0,0.4640809290086589,0.0,0.3859674378239169,1.4804837866173,3.1411999450378656,0.3055326424004997,0.3055326424004997,0.0,0.0759686996750447,0.0,0.6184986579244552,0.0,0.5,0.5,0.5,0.5,0.3446892324782685,,,0.40484810018049977
B000612,3291.4510659290513,10.004410534738758,16.20896113568525,14.878375061452628,0.0,0.30826247752342656,0.01936464259246308,0.3016104447657385,4.778113490263527,0.9372869636905766,0.0,2.4738062556227844,0.8873514386835477,0.9278523864783241,1.7786498902100674,0.9161229886402227,0.9161229886402227,0.0,0.0,0.0,0.08387701135977738,0.0,0.5,0.5,0.5,1.0,0.23555309018482412,0.3550124730820495,,0.40484810018049977
B000613,970.6786858834108,2.5544175944300287,19.82377242597839,3.8441350773107006,0.0,0.25033984301411305,0.25023454885711416,8.983871080252557,0.21610139240593312,0.611371990896302,0.05979948968487546,1.2176977945267216,0.3159214960623696,0.1335254308538263,2.21163971789783,0.5232972881247208,0.5232972881247208,0.0,0.4767027118752792,0.0,0.0,0.0,0.5,0.5,1.0,0.5,0.8955082940228652,,,0.40649680945047806
B000614,30971.039191656717,9.430888913415565,19.42522579428038,2.9011795063344787,0.0,0.18473483833629983,0.033611776796970534,1.3964415896087305,7.987572149179043,0.0,0.15226990899292223,0.46355561825077435,0.22098363459341452,0.6065076023994135,2.9425230385441212,0.3165164741061313,0.3165164741061313,0.0,0.049152908332040716,0.0,0.6343306175618282,0.0,0.0,0.0,0.0,0.5,,,,0.191088296168766
B000615,16755.39562752581,11.49992836480838,14.581791986798468,18.0365021689109,0.04689043275038409,0.3854310523317491,0.024392190904005025,0.7021359036006399,4.594065206251871,0.5245376116511714,2.0012242517824017,1.9550294077952466,1.4241140095736506,1.0009578777540395,2.5693409138226593,0.5966206184070837,0.2987632620223138,0.2978573563847698,0.0,0.0,0.4033793815929166,0.0,0.5,0.5,0.5,0.5,,0.2710637646375806,,0.40484810018049977
B000616,26917.57994828847,5.608997697080323,9.263369679335593,3.90381721868039,0.0,0.17094377134723898,1.2678546783215174,45.937396566314,2.2552470004920244,0.0,0.0,0.8567565961294876,1.7934790606269466,0.7035150398318636,2.4050382642523074,0.5408949474042183,0.5408949474042183,0.0,0.1527468261531751,0.0,0.30635822644260663,0.0,0.28,0.28,0.28,0.7,0.5969234873755648,,,0.3116940136216534
B000617,2374.7558943840445,2.489261943798789,5.880009051939402,0.8686104662445314,0.0,0.22867458969214313,2.035957934050624,73.59481150480066,1.5395531072513626,0.0,0.0,0.2768750991594386,0.23958116288693393,0.4332525745010537,1.8264430493990407,0.8719319561772952,0.7607041684190862,0.11122778775820905,0.09624586254724009,0.0,0.03182218127546472,0.0,0.0,0.0,0.0,1.0,0.723843164228062,0.2730634625944769,,0.191088296168766
B000618,4706.811923019836,7.331482746136817,11.207028920494373,9.425113442753998,0.19107451208937684,0.20966720775164463,0.017732366854538162,0.34481706804392537,1.7839456860955214,0.5089622121888966,1.5023943042810766,0.17096086604110136,2.4107891559887626,0.954430521541456,2.6396083547316476,0.48232815461983347,0.4590094247038166,0.02331872991601677,0.27434512036870284,0.0,0.24332672501146335,0.0,1.0,1.0,1.0,1.0,0.2714620594595306,,,0.6084446516532538
B000619,2727.1343525239786,8.522294851637433,11.869689709468204,9.522283423298008,0.0,0.365,0.02696096935831812,0.46680617394305796,4.240679350331698,0.0,1.008235363121718,2.5925970334248616,0.0,0.6807831047591573,3.036232926979587,0.3840960909202863,0.07988260399466875,0.3042134869256175,0.11830561846003258,0.0,0.49759829061968136,0.0,0.0,0.0,0.0,1.0,0.24910584327751312,0.3390841839865866,0.8024192877604689,0.18847355270950683
B000620,4050.3043539043792,5.99157448802423,13.128616213355805,9.543542192580398,0.0,0.32557569282558374,0.9774373742074627,35.39378811424231,1.3925181611846962,1.094239741261587,1.1252609587965419,1.195774558193023,0.6554583449990468,0.5283227235893361,2.280091270599255,0.7831661032592919,0.3957828667446202,0.38738323651467194,0.0,0.0,0.21683389674070808,0.0,0.2,0.2,0.2,0.98,0.3861422574541373,0.30427681231704684,,0.2770151739533745
B000621,2162.9687090913444,5.752576353966342,11.692943855236331,9.377129251713248,0.0,0.47348923222739353,1.3115108481793065,47.44288228382236,1.8509100224080652,0.9807739744318881,0.7491796403963461,0.7680754008165684,0.5162402626257653,0.8873970532877082,1.9517668358951954,0.8152084188674209,0.8152084188674209,0.0,0.17049299550029523,0.0,0.014298585632284082,0.0,,0.28571428571428575,,0.7,0.353467356466953,0.44822798806538217,,0.1887933662721779
B000622,2827.0323980590097,6.528943182584318,11.857077552902082,13.172200605769323,0.5135815457853901,0.48488555793767935,0.013515956753135982,0.5774835390851525,3.13595860744445,0.0,0.0,2.228713065754193,0.4636184706863395,0.7006530386993358,2.7154644608279512,0.5072173255260756,0.5072173255260756,0.0,0.0,0.0,0.4927826744739244,0.0,0.5,0.5,0.5,0.5,0.3347043799153089,,,0.40484810018049977
B000623,4761.885932772588,1.4223076262761611,8.279561376323775,3.269321006058024,0.1943893574129692,0.30818787332007364,0.4842973118490097,17.53156268893415,0.26636352151695536,0.5111098036203643,0.0,0.46091041773932473,0.042352068208264815,0.14157181519125195,1.9926055638718356,0.8127243947820632,0.48866621691370327,0.3240581778683597,0.0,0.0,0.18727560521793693,0.0,0.0,0.0,1.0,1.0,,,,0.19006326769067228
B000624,2178.8730188603417,1.2594641727516427,5.5602840522987655,1.1840530259441433,0.0,0.42981015513243015,0.326278266207455,21.613994814642947,0.5016678034139027,0.2251000702029593,0.10100868997574433,0.0,0.1382854730891188,0.2934021360699176,2.6420970206877197,0.49188449314531185,0.49188449314531185,0.0,0.1097970677379385,0.0,0.3983184391167497,0.0,0.5,0.5,1.0,0.5,0.844114583025921,,,0.40649680945047806
B000625,5055.759106751344,5.174779024310485,10.253264423350625,4.733559277075841,0.0,0.4450318576348944,1.0543918006249693,38.19989537596093,1.8451325292684473,0.21832670972035093,0.9956941874961336,0.0,1.0360145388096036,1.0796110590159493,2.5864286499619964,0.6333237495106446,0.44091085944935277,0.19241289006129206,0.0,0.0,0.36667625048935515,0.0,0.28,0.28,0.28,0.7,0.30485191397960343,,,0.3116940136216534
B000626,413.81737514696624,1.330602492433975,9.418348252955296,0.6276575020348547,0.0,0.11881083309348568,0.2513130982508318,9.074744784989537,0.6866023315459691,0.3826254774983679,0.009972256352715585,0.0,0.0,0.2514024270369227,2.872683833836853,0.37981857615989345,0.37232403409385983,0.007494542066033603,0.0,0.0,0.6201814238401067,0.0,0.0,0.0,0.0,0.6,0.9918552868390809,0.4071380686795566,0.47901848731955265,0.19006326769067228
B000627,7460.395019911954,6.869608673952075,10.562169191423,8.150617594576136,0.0,0.3222617881737396,0.013187940556483823,0.29409107440958926,1.6281408094424472,0.0,1.8699042645872315,0.0,2.8321260128839514,0.5394375870384455,2.4652290305315336,0.4907941281585028,0.4907941281585028,0.0,0.27219953178373385,0.0,0.2370063400577635,0.0,1.0,1.0,1.0,1.0,0.26578965775230373,,,0.6084446516532538
B000628,19061.74845559228,5.949359692756641,14.240215213567904,8.889476571334523,0.0,0.43749036927249363,0.012383325730458021,0.2329578574796034,2.24883040426356,0.2835691813349325,0.725324370879527,1.2097583568282353,0.865354637163065,0.6165227422873222,1.7054833243065899,1.0,0.6747410095133886,0.32525899048661144,0.0,0.0,0.0,0.0,0.0,0.0,0.0,1.0,0.19025427201939477,,,0.19106616983379643
B000629,25758.91703678813,6.9959035949994925,15.084636040382433,5.697114935710424,0.324923610175504,0.4085682504231544,0.005598263611535969,0.12484127853725209,4.393976004492582,0.5453950753025367,1.0538852309012958,0.0,0.32080099999389056,0.6818462843091871,1.4657963041716369,0.8281947925681975,0.8281947925681975,0.0,0.15064318948800098,0.0,0.021162017943801556,0.0,0.0,0.0,0.0,1.0,,,,0.18847355270950683
B000630,2297.679695954873,1.042504399253572,7.346773726245136,0.9801861323104919,0.4634759933439016,0.21026085307236222,0.4025006575103626,18.874443216127634,0.5018028150450581,0.1289952937511027,0.03634668888266066,0.05057323197530011,0.11241012881940025,0.21237624078005043,2.9950849714435868,0.31187112793365396,0.20404412125638202,0.10782700667727191,0.12373597065246217,0.0,0.5643929014138841,0.0,0.0,0.0,0.0,1.0,1.4101227237043135,,,0.19006326769067228
B000631,517.0936570473012,0.8719960489836446,3.705635420067127,0.24564198592174652,0.0,0.20362466573579832,0.5879967023362497,27.557179737648767,0.4771765464543628,0.0,0.06885532203711671,0.08020298860715445,0.0,0.24576119188501075,1.7523932649595153,0.9016111937308033,0.8226483106794741,0.07896288305132926,0.0,0.0,0.09838880626919677,0.0,0.3,0.3,0.3,1.0,1.1258220117656856,,,0.32152411226147926
B000632,2484.072935516291,5.84487749533245,11.881840810971003,7.256382400289208,0.0,0.2674137537595415,0.012881687925485054,0.24121926558259946,2.289876351984696,0.0,1.5107492716373754,1.6141405657950338,0.0,0.43011130591534574,2.0880234279129004,1.0,0.5224984415799573,0.47750155842004305,0.0,0.0,0.0,0.0,0.0,0.0,0.0,1.0,,,,0.18847355270950683
B000633,15929.359725898235,5.92830655969417,8.627636447596489,8.561911746507997,0.0,0.4145488386478879,2.114992408602966,76.50737759877542,1.7997163818191115,1.2806017272259562,1.18389681547906,0.8027224138419552,0.0,0.8613692213280879,1.7957379700009206,0.9571570498744386,0.6057372776190401,0.3514197722553987,0.0,0.0,0.042842950125561385,0.0,,0.0,,0.98,0.23468821912699783,,,0.1887933662721779
B000634,1142.7121829782836,2.871136138136391,6.321273628881856,3.391140752337551,0.0,0.4249178882541528,1.3433875414403542,48.62681894365726,0.81683225331407,0.0,0.6902170772542838,0.38114833855067753,0.5713823613182362,0.4115561076991227,2.668413308163897,0.7155020820976242,0.47510349281223685,0.2403985892853875,0.0,0.0,0.28449791790237533,0.0,0.0,0.0,0.9800000000000001,0.98,,,,0.1887933662721779
B000635,13346.541115259588,4.319268969339673,7.721619309510857,4.437027904209404,0.0,0.14328973900209244,2.090884517284619,75.61735798656495,1.6703763846157025,0.9145115041784994,0.0,1.1686465658962517,0.0,0.5657345146492186,1.8713998355004067,0.9476430279828914,0.9476430279828914,0.0,0.0,0.0,0.052356972017108705,0.0,,0.20408163265306126,,0.98,0.26262778809830056,,,0.1887933662721779
B000636,14101.958412146754,3.556609940011792,10.27028837604853,1.253877840856583,0.0,0.34956435470547664,0.01090675002936687,0.23426476199843466,2.278050475598541,0.29493357781019514,0.11151931701947249,0.08217182872440208,0.1656791416076104,0.6242555992515705,1.908893066548514,0.7441360857506093,0.71278057617817,0.031355509572439294,0.08292547757126757,0.0,0.1729384366781231,0.0,0.0,0.0,0.0,0.5,0.3855260029893706,0.15669988292330148,,0.191088296168766
B000637,5264.052642054719,3.8564488220181095,14.276067247077789,6.1089692011249355,0.0,0.42986584753482665,0.014546866908788597,0.31725873142346117,1.2384321259538735,0.12759995626259127,0.3810035235564711,0.5950810739047193,0.7718365537750462,0.7424955885654072,2.5493344306852452,0.6006280373514374,0.24579884146713377,0.35482919588430384,0.0,0.0,0.3993719626485623,0.0,0.0,0.0,0.0,1.0,0.9138022073720785,,,0.19106616983379643
B000638,52195.38012335753,10.892191177662255,16.80878054329641,13.835662125516478,0.0,0.12310631779204777,0.01955531862701272,0.5855756757653484,3.88831746585581,0.0,2.317222668849232,1.2983518789581858,2.751648226676972,0.6366509373220561,2.1557197073231773,0.7127813323661517,0.5935810853469062,0.11920024701924536,0.0,0.0,0.2872186676338484,0.0,0.5,0.5,0.5,0.5,0.3562424095027865,,,0.40484810018049977
B000639,2463.2395795905277,4.86806241025796,9.230158983405065,5.101986310061483,0.0,0.2301919627627063,1.162052707551156,54.61963322690025,1.6256233111015403,0.0,1.0858526372413961,0.3474049019341662,0.9223951236517516,0.8867864363291046,2.694622261425194,0.4430071515456895,0.4430071515456895,0.0,0.2230564330796771,0.0,0.3339364153746332,0.0,0.19999999999999998,0.19999999999999998,0.19999999999999998,0.98,0.1925998273121112,0.33200799994147434,,0.2770151739533745
B000640,33334.604287914466,7.687869992600199,11.236898700987336,8.277528218540544,0.0,0.21248934678311218,2.5611672079814998,92.73133415159717,1.7718979588482828,1.6477519219586054,1.5672694940268133,0.7796794227442958,1.1837810477398816,0.7374901472823213,1.8119914377355752,0.9300460765628861,0.46031747866533074,0.46972859789755556,0.0,0.0,0.06995392343711376,0.0,0.2,0.2,0.2,0.98,,,,0.2770151739533745
B000641,5129.166660509221,7.193782132551503,17.232209437229404,14.363036565580199,0.0,0.4454614292190242,0.022113816820652756,0.44416073321219823,1.9035414439234886,1.355918963726441,0.0,1.7550054119672678,1.3688687634299843,0.8104475495043225,2.6054252619475937,0.545105738948365,0.545105738948365,0.0,0.19028499031627907,0.0,0.2646092707353562,0.0,0.0,0.0,0.0,1.0,0.8928417759696351,,,0.19106616983379643
B000642,4613.692010209513,4.360767495472129,9.83517748361218,8.518874785653503,0.0,0.7443025499961573,0.019396099624509992,0.4325330216265728,1.9396099624509993,0.23373905330928668,0.0,1.1089615343582764,0.20861004757254897,0.8698468977810168,2.8135299644818677,0.48977398586446,0.13403141604140278,0.35574256982305724,0.0,0.0,0.5102260141355398,0.0,0.0,0.0,0.0,1.0,0.8228903278969372,0.4136699573673668,,0.19106616983379643
B000643,3394.797879967592,1.2601328433435754,7.776374753201451,1.3614707637869266,0.0,0.5405524466071746,0.450411987456291,16.27924998720264,0.5611279285324889,0.2523160218232839,0.010800168383460616,0.033305834627814175,0.1043775491609306,0.2982053408155971,2.653986532051184,0.5547073219331229,0.4633060715389309,0.09140125039419196,0.0,0.0,0.4452926780668769,0.0,0.0,0.0,0.0,1.0,0.7034577076866081,,,0.19006326769067228
B000644,23732.913437459603,4.877294171282286,10.420782240112281,6.30853991207499,0.0,0.28655784053296746,1.2985996254949754,60.96976954387491,1.619572999083963,1.4323845394799029,0.14897126194954327,0.8864665494708678,0.17709262180203683,0.6128061994959736,2.675606159495499,0.6161760305399818,0.14073800947406717,0.47543802106591476,0.03630960437956884,0.0,0.3475143650804495,0.0,0.0,0.0,0.0,1.0,0.8924688360104011,,,0.191088296168766
B000645,7655.173081171943,7.678207704284797,11.711197388808317,9.52124358994184,0.0,0.4709057719398279,1.8196995654400354,65.52729129555163,2.353098957743147,0.22161662770908402,2.0327206435718983,0.48247443343243895,0.929667368170023,1.658629673658206,2.3901744271209835,0.6935353863337133,0.5724566914123417,0.12107869492137148,0.0,0.0,0.30646461366628674,0.0,,0.0,,0.98,0.24266670331024517,,,0.1887933662721779
B000646,2870.6155083793346,8.832663102705645,17.790147879451233,12.70560584479996,0.0,0.1963693470702975,0.014191037487373558,0.2395444438235002,3.0905563456872525,0.3926174483311996,1.0482797778006683,1.1203587428766257,2.7130543477516165,0.4677964402582846,2.61227947288857,0.34293761395007927,0.21609492450872217,0.1268426894413571,0.3071615339795476,0.0,0.3499008520703733,0.0,0.5,0.5,0.5,0.5,0.30182413798260976,,,0.40484810018049977
B000647,7372.866661283027,13.284444434744191,17.774715191547212,19.340607218223195,0.0,0.3503993802519404,0.013474867194616864,0.19395060152442825,4.525141968341484,0.609887644067268,2.2899665529558826,1.6589130663327298,2.9389964727372857,1.2615387303095427,2.431851409852217,0.6550497446220603,0.3577938346224901,0.29725590999957036,0.0,0.0,0.34495025537793966,0.0,0.5,0.5,0.5,0.5,0.22874889139598373,,,0.40484810018049977
B000648,1294.526450365795,1.868003535881378,7.773222188595748,2.0118685534573504,0.0,0.3936013409549668,0.717596263832777,25.957539532110793,0.8996346845660658,0.33262038476396316,0.04877048910939047,0.13282844821962667,0.23825840873646417,0.21589112048586748,2.580765810261682,0.4705125146847165,0.4705125146847165,0.0,0.12754708658731043,0.0,0.40194039872797277,0.0,0.0,0.0,0.0,0.6,0.7328023941242057,,,0.19006326769067228
B000649,4834.390530790298,1.8593809733808837,9.076292140827452,3.096190892816634,0.0,0.3716012595039419,0.9494938332075974,34.35559841409145,0.3806430363112444,0.8773291147582939,0.0,0.3386847767240388,0.0,0.2627240455873066,2.1589067211769386,1.0,0.8178507892827291,0.18214921071727086,0.0,0.0,0.0,0.0,0.0,0.0,1.0,1.0,0.6129659452886203,,,0.19006326769067228
B000650,14696.03998262708,6.928826017268779,18.5471396140464,10.329678032811325,0.1004762505440122,0.39755505889862325,0.009898530792929057,0.22073723668231796,2.26108571412085,0.5199938043456923,0.5932572576107634,1.1857903322966672,2.0131052055624767,0.3555937033323277,2.281377233036036,0.5986218283537166,0.5130002156689436,0.08562161268477268,0.0750478945566979,0.0,0.32633027708958556,0.0,0.0,0.0,0.0,1.0,0.13278437594210407,0.3142886070241514,0.7764824271212936,0.19106616983379643
B000651,24421.688496910967,11.449455460342694,22.387129176352964,8.707951740930527,0.0,0.365,0.009696998402434888,0.16506147422992337,6.4811643431849895,0.4400155107930966,1.333930240079001,0.0,2.8238527683392203,0.370492597946387,1.2727945289902873,0.9960172445060337,0.9575861145438122,0.03843112996222149,0.0,0.0,0.0039827554939663255,0.0,0.0,0.0,0.0,1.0,,,,0.18847355270950683
B000652,39347.30106079311,10.004398947570076,17.968265466200513,10.939326537947943,0.2049134120665485,0.1772983981298418,0.011205241225695096,0.18716659247548698,4.973000393482389,0.0,1.5885228095958202,0.7845091712064339,1.8576098580664588,0.8007567152189735,2.680802956000391,0.5029186241428069,0.24872004562914876,0.25419857851365807,0.0,0.0,0.4970813758571932,0.0,0.0,0.0,0.0,1.0,,,,0.18847355270950683
B000653,1066.194798975937,1.20746862851182,9.884477040186857,0.9094107820402252,0.056390682116633103,0.411341988149289,0.21717379761939593,7.84700125155009,0.5725592868280114,0.28408014843499757,0.009141425664765265,0.12742562773810948,0.0,0.21426213984593603,2.3526157597799755,0.747815412340778,0.5049755014926156,0.24283991084816206,0.0,0.0,0.25218458765922214,0.0,0.0,0.0,0.0,0.6,0.6386716156621899,0.3346880187217753,0.49961287180612424,0.19006326769067228
B000654,1956.7014858725452,2.577999322625224,11.39045072534152,3.890922413531711,0.0,0.4601597922379792,0.40073381229748933,14.415027449104016,1.0860145266104988,0.5051109921138034,0.0,0.5889247377539101,0.0,0.39794906614701264,2.637078040780989,0.5758426079724602,0.34740005851740574,0.22844254945505463,0.0,0.0,0.4241573920275399,0.0,0.0,0.0,0.0,0.6,,0.4409218413674076,,0.19006326769067228
B000655,3789.166442892433,2.5953194814331733,10.827745220642994,2.52183686378794,0.0,0.3717728195979902,0.42125977335297754,19.66288173514142,0.9678551628571904,0.908888965475629,0.09459079470944137,0.1028894180005277,0.19249275778237573,0.3286023826080092,2.084900034796912,0.7268589797741075,0.7268589797741075,0.0,0.03964422058116354,0.0,0.233496799644729,0.0,,0.0,,0.6,,,,0.19006326769067228
B000656,15266.52561222488,5.583952308787446,8.765556657078916,7.465021372569016,0.0,0.39911575159583296,2.103093806411098,75.95221364320412,1.0328335638140291,0.9663461656109715,1.609529001652784,0.35452725046673816,0.8163775380180686,0.804338789224856,1.9630412667512522,0.9585887308881189,0.4337987155581296,0.5247900153299894,0.0,0.0,0.04141126911188106,0.0,0.0,0.0,0.0,0.98,0.21162472792938036,,,0.1887933662721779
B000657,24871.38708668216,8.038586647279303,10.378501915288583,3.7903622957923186,0.0,0.15672103926940267,0.0137190216651931,0.43670512621553115,4.607134141296191,0.0,0.0,1.0031852658405185,1.5761817881505138,0.8520854519920779,3.0981826378774784,0.2169071746983317,0.09211094995650453,0.12479622474182715,0.1960769793635278,0.0,0.5870158459381405,0.0,0.5,0.5,0.5,0.5,0.18046274552621885,,,0.40484810018049977
B000658,3029.3006745950665,4.028325365153014,13.38955535535173,4.591585590010302,0.08450816639909935,0.36499999999999994,0.013980443732476875,0.31176389523423437,1.3980443732476875,1.5344711775924866,0.6850080329806681,0.0,0.0,0.41080178133217266,2.7393887049988166,0.6529465108897471,0.6529465108897471,0.0,0.0,0.0,0.347053489110253,0.0,0.0,0.0,0.0,1.0,,0.4594471806021106,,0.19106616983379643
B000659,17532.272489895357,4.955419019190321,10.735352298475107,5.615873694638609,0.0,0.3504684928175919,1.0434569779059877,37.76459534725817,1.502325959258508,0.7003096485318355,0.7525165434580545,0.22224234053303196,0.8334615519011699,0.9445629755077208,2.4942751264379144,0.5639069631975585,0.22587933606127328,0.3380276271362852,0.16819194273451196,0.0,0.2679010940679295,0.0,0.2,0.2,0.2,0.98,0.3087314862160857,,,0.2770151739533745
B000660,6042.206749322764,7.288548551655928,12.851436108548313,14.420402074948383,0.0,0.3202693141269914,1.096288138098987,39.46245272569703,1.8946299313792003,1.2423330238165957,0.9165510889344072,1.8674189040511986,0.8377067540766416,0.5299088493978817,2.4027103443463687,0.7426390386236187,0.37149166422446644,0.3711473743991521,0.0,0.0,0.25736096137638115,0.0,0.28,0.28,0.28,0.7,0.3008423012427242,,,0.3116940136216534
B000661,9371.181477564189,8.550348063470976,12.656558744127853,10.342232196333839,0.04943588861391084,0.40748266340876277,0.01948625022335173,0.4105489537446078,4.108827855936374,0.9563645937132085,1.7512924971273993,0.9561063779166504,0.0,0.7777567387773436,2.943176778540989,0.19827057051013577,0.19827057051013577,0.0,0.3166721484015759,0.0,0.4850572810882884,0.0,0.0,0.0,0.0,1.0,,0.3056728244323496,0.1906741288471206,0.18847355270950683
B000662,2635.9536972179712,4.024356789645758,12.569272095543157,6.491977899334179,0.0,0.40752260435888493,0.00976326437772144,0.2177207956231881,0.3905305751088576,1.1267912838933674,0.8917384139616478,0.15748089289381087,1.0406522400784355,0.4171633837096393,1.779208706931537,0.8861177265895568,0.6061248375911258,0.2799928889984311,0.0,0.0,0.11388227341044323,0.0,0.0,0.0,0.0,1.0,,,,0.19106616983379643
B000663,3865.896987007833,2.8136077052458757,7.446498548901208,1.7434766304793632,0.0,0.4552389807371779,0.018688915531518264,0.47152752815043947,1.6397504996054577,0.0,0.7024275498134497,0.07072423894940565,0.0,0.40070541687756284,2.980104962184213,0.3900944326534285,0.11530424519362724,0.2747901874598012,0.0,0.0,0.6099055673465715,0.0,0.0,0.0,0.0,1.0,0.4535304984491893,,,0.19106616983379643
B000664,5827.905226269368,3.4201321750407088,7.119151891622777,4.62253344477945,0.0,0.809,1.2892254613030407,46.68080882229299,1.661755365170331,0.15125785649808357,0.0,0.3787421858580845,0.26644207261831565,0.9619346948958944,2.7521685811786405,0.513588428165175,0.43568440019726634,0.07790402796790866,0.0,0.0,0.4864115718348251,0.0,0.0,0.0,0.0,0.98,,,,0.1887933662721779
B000665,344.8184202818826,0.9122180430737635,6.8595670313930475,1.7356867069821613,0.0,0.433,0.3754997497054598,13.575709656512437,0.22506337987079145,0.0,0.0,0.23153105430960194,0.28049078492512036,0.17513282396824983,1.980465202800685,0.8935568263253527,0.6397457379922973,0.25381108833305543,0.0,0.0,0.10644317367464735,0.0,0.3,0.3,0.3,1.0,1.1391338321802233,,,0.32152411226147926
B000666,3789.1073675195576,5.382254783408462,7.732074151400441,6.826133004396812,0.08283479259014771,0.28041646741786774,0.01672246851649985,0.33741983013941806,1.78034976818545,0.4362487457139217,1.731669187619229,0.6171509985668746,0.0,0.8168360833229872,2.3441185598865677,0.6692186007853768,0.5545545755018977,0.11466402528347917,0.0,0.0,0.33078139921462324,0.0,1.0,1.0,1.0,1.0,0.22627644421302567,0.282215378356016,,0.6084446516532538
B000667,4522.542314729448,7.236067703567117,14.5282660477308,12.84753545258238,0.0,0.2664670357323208,1.4004298310197845,50.76809497567897,1.8431526932583808,0.43534413333162364,0.9715594296945559,1.9379751262137532,1.525863507637611,0.522172813431192,2.4506260375006326,0.7592331832405474,0.4914115975941884,0.26782158564635905,0.0,0.0,0.24076681675945263,0.0,0.0,0.0,0.0,0.98,,,,0.1887933662721779
B000668,1493.239350683714,3.992618584715813,9.013404592634538,1.6349153981277709,0.0,0.07808369419643749,1.7359268973122342,62.25633565042888,2.4865018391455633,0.9490767002534817,0.1432461093295113,0.0,0.0,0.4137939359872557,1.512820519163917,0.9789921470585036,0.943114412611774,0.03587773444672959,0.0,0.0,0.021007852941496357,0.0,0.0,0.0,0.0,1.0,,,,0.191088296168766
B000669,1100.420001823892,3.2946706641433896,7.208502930923949,1.7085227975401795,0.0,0.021,1.1753549872804103,42.54785053955086,1.4691937341005128,1.189131867087965,0.0,0.0,0.0,0.6363450629549116,2.807598547995576,0.5540696221658618,0.5540696221658618,0.0,0.0,0.0,0.44593037783413825,0.0,0.0,0.0,0.0,1.0,,,,0.191088296168766
B000670,21666.56885192966,15.966520893094811,23.009418682945743,19.070548201092752,0.0,0.20391768609430672,0.016466767930211946,0.4435427654968469,3.6137347978462913,0.5973215846313205,2.333977887108663,2.4107885316925572,2.339310001763825,4.671388090052154,2.115781843780053,0.9448656649667676,0.6521727282798786,0.2926929366868889,0.0,0.0,0.05513433503323244,0.0,0.5,0.5,0.5,0.5,0.32291346133958704,0.20290349984317102,0.3313462487178041,0.40484810018049977
B000671,4721.811018403287,9.045614977784075,12.56932616383943,8.890956305537227,0.0,0.021,0.01363386545674674,0.5026521307161635,4.578536907116442,1.4303618637893811,0.0,2.001451536947752,0.0,1.0352646699304988,2.7342432836445387,0.4938390680610134,0.4938390680610134,0.0,0.0,0.0,0.5061609319389866,0.0,0.0,0.5,0.0,0.5,0.24011641809184844,,,0.18847355270950683
B000672,734.0243415224455,1.33946047723074,5.44005375795071,1.1477059799204865,0.0,0.4253068577292447,0.669016314820863,24.218390596515242,0.36795897315147463,0.48450178872247723,0.06855820184031104,0.0,0.0,0.41844151351647646,2.337895002440674,0.7252931464523612,0.6741097013222358,0.05118344513012531,0.0,0.0,0.2747068535476383,0.0,0.0,0.0,1.0,1.0,1.2345268779186154,0.30512853992055017,,0.19006326769067228
B000673,577.2650616604959,1.3977362267808617,6.565144676285791,0.1329555292290607,0.0,0.488,0.3611224429046051,13.03988541902591,0.9866079921723988,0.0,0.03775937030105324,0.0,0.0,0.3733688643074102,3.2763768146090957,0.2792100585549298,0.2792100585549298,0.0,0.0,0.0,0.7207899414450706,0.0,0.0,0.0,0.0,0.6,0.8384268942087431,0.354029118789134,0.7642698665351352,0.19006326769067228
B000674,6617.521189272952,4.723426973071343,10.874341624575987,8.183953072732832,0.056807649181193964,0.38578432837239096,0.010820870535571068,0.21430665331300416,1.1277163011101254,0.3598585350885969,0.0,0.5261292394016087,2.2572040619748894,0.4525188354961232,2.346543349608708,0.7612503998602431,0.7612503998602431,0.0,0.0,0.0,0.23874960013975685,0.0,1.0,1.0,1.0,1.0,0.16964286036091172,,,0.6084446516532538
B000675,4166.440566344049,1.3414167953457983,6.685699261544626,1.5681776925678566,0.0,0.5348977086462389,0.7094781616099056,25.644350244088738,0.27153403040909807,0.10199279863733676,0.061090595348321106,0.07365287958095679,0.2647285152158266,0.5684179761542593,2.180149100486899,0.7940901115036583,0.718056473792238,0.07603363771142023,0.19734993339455192,0.0,0.008559955101789987,0.0,0.0,0.0,1.0,1.0,0.668204638234186,0.3607390851573162,,0.19006326769067228
B000676,8551.68751751171,6.96391491654048,10.640748530127457,12.71174646794297,0.0,0.38842744259490214,1.8053840524350473,65.16291009372569,1.093614424482352,0.986773196725694,0.0,2.425457044600544,1.6171353965261783,0.8409348542057121,2.5842023406508177,0.8344778360331471,0.11227406155755452,0.7222037744755926,0.0,0.0,0.1655221639668529,0.0,0.0,0.0,0.98,0.98,0.3245751530530862,0.2914496078931944,0.4538916571242048,0.1887933662721779
B000677,8018.096420497764,2.7763491760726327,10.482500288722086,2.9397185798145093,0.0,0.36744669439802724,0.008134963213417895,0.16514142969506593,1.6246703903172512,0.1887903634677154,0.506799696284641,0.18113794009177636,0.0,0.2749507859112488,3.1929208739568957,0.2184030160743335,0.08516030051548407,0.13324271555884942,0.1825417712773253,0.0,0.5990552126483413,0.0,0.0,0.0,0.0,1.0,0.19889647458295315,,,0.19106616983379643
B000678,9953.356509220961,4.820027365240175,13.07643185099804,6.665595663683911,0.0,0.2541272699142666,0.016221591571863783,0.587221614901469,1.6221591571863783,0.0,1.0906432669560138,1.755309142817088,0.0,0.3519157982806942,2.451675000618086,0.6561680857752669,0.6561680857752669,0.0,0.0,0.0,0.3438319142247331,0.0,0.0,0.0,0.0,1.0,,0.3328714514897707,,0.19106616983379643
B000679,728.0982851097764,1.603740716100829,10.681084326121582,3.8191628132103848,0.0,0.457496068289587,0.20601649670911545,7.472088444131016,0.2953558992784205,0.2747303508496379,0.030759919202505735,0.33603580531726185,0.37425846023348525,0.29260028121951764,1.9460017201949136,0.8710090348546193,0.6376430945401408,0.2333659403144786,0.0,0.0,0.12899096514538044,0.0,0.5,0.5,1.0,0.5,0.3500399941290048,,,0.40649680945047806
B000680,2250.7766340271382,7.502588780090461,13.507902361777088,8.914174843301044,0.0,0.31112927842967325,3.2197667646796555,116.52148954345553,2.586053866201394,1.3248135645538246,1.1493419947883143,0.6737482639518086,0.7794528332850796,0.9891782573100392,1.9723001143446015,0.8109831803071698,0.6577904586377761,0.15319272166939374,0.1765808580725453,0.0,0.012435961620284807,0.0,0.0,0.0,0.0,0.92,0.22893496647926292,,,0.1887933662721779
B000681,3493.0857848289943,8.86569996149491,16.476425889406173,5.101141648256652,0.0,0.10234954922243153,0.007462841054888137,0.16642135552400547,4.928291262661977,0.0,0.8299037894672353,0.22119637055874758,2.3979933543574075,0.48831518444954025,3.02386996838317,0.3505086933758263,0.32555901410408955,0.024949679271736833,0.0936083775755591,0.0,0.5558829290486142,0.0,0.0,0.0,0.0,1.0,0.17992401029736663,,,0.18847355270950683
B000682,3625.652252647918,9.960583111670104,15.031135966286161,12.986083043762928,0.054536180130454116,0.36250426173222333,0.025951277362623097,0.5617422980507223,4.769407807168628,1.038819314046693,0.0,1.3535868899257661,1.9705450715149415,0.8282240290140752,1.6552211919727782,0.9896376008822498,0.8754437941780377,0.11419380670421206,0.0,0.0,0.010362399117750236,0.0,0.0,0.0,0.0,1.0,0.16879296079433567,,,0.18847355270950683
B000683,15770.208979163152,5.707639876642473,10.272251565226457,5.048675655750365,0.0,0.22887456802780679,1.2790833609198025,46.26759408760179,1.7876800008146623,0.0,2.0707753372954674,0.6099918763631552,0.5734857278107296,0.6657069343584575,2.480939823985787,0.6811730949845077,0.580696235861419,0.10047685912308879,0.0,0.0,0.31882690501549227,0.0,0.2,0.2,0.2,0.98,0.4456323597704171,,,0.2770151739533745
B000684,11397.84726953525,9.01015594429664,19.697421567513167,12.39791732261995,0.0833020836361108,0.3278926195349441,0.006224045516393962,0.2887957119606799,4.110218737241296,0.669159503033739,1.1141972597430863,1.6099347164712554,0.8405426760639619,0.6661030517433024,2.6229834160471035,0.5098233475438293,0.331143341734348,0.17868000580948123,0.0,0.0,0.49017665245617076,0.0,0.0,0.0,0.0,1.0,,0.25318266344788326,0.3665752462524679,0.18847355270950683
B000685,69548.02810508343,14.354598164103907,32.97521477481636,3.340686957549997,0.08224025166770867,0.12419306835094125,0.06256617318053909,3.961742528029747,11.832867845213585,1.0521729626796403,0.1436516334535106,0.4571665394649619,0.33009445927292513,0.5386447240192874,3.4068852927147137,0.16251165792736127,0.13951592823160552,0.022995729695755744,0.0,0.0,0.8374883420726388,0.0,0.0,0.0,0.0,1.0,0.11665671533549006,0.3160904363384422,,0.191088296168766
B000686,11685.151292860326,6.906117785378443,15.169521199631745,10.9466435885588,0.03131395345069374,0.32734339665528905,1.097119328334343,39.7118124454614,1.534786454702924,0.46053151941434944,3.2354061010281248,0.37851859289514617,0.8111389198025915,0.4857361975353066,2.289665188246915,0.7227183213494675,0.2542342610459939,0.4684840603034734,0.05480917132582673,0.0,0.22247250732470583,0.0,0.2,0.2,0.2,0.98,,0.3257859457555078,0.7188842004415418,0.2770151739533745
B000687,7287.962934359999,5.793293270556438,13.6642216851527,9.855862436152266,0.023863219429102245,0.3836521866162306,0.020532978901152975,0.4578854294957113,1.0312936246303466,0.0,1.4866990350378957,1.8228671104920178,0.9395965925436592,0.5128369078525177,1.5682900814828349,0.989177022455238,0.989177022455238,0.0,0.0,0.0,0.01082297754476197,0.0,0.0,0.0,0.0,1.0,0.5315489597467024,0.49622806298266414,,0.19106616983379643
B000688,12026.280747245923,4.141281249051627,8.464247216886513,0.7044289226915562,0.0,0.365,0.016472102196857193,0.29583474355570843,2.9572837902646536,0.0,0.13128238322378838,0.24065608795735333,0.0,0.8120589876058307,3.3359261726775133,0.27050847430281266,0.1806960590590237,0.08981241524378897,0.0,0.0,0.7294915256971872,0.0,0.0,0.0,0.0,0.5,0.39560775446269236,0.1400103656851255,,0.191088296168766
B000689,2610.1677789429336,1.0723778878155028,7.696527551968316,1.6044818642563963,0.0,0.3998011826951593,0.32780527465420595,15.403433287877792,0.3576933895295675,0.0,0.0,0.3273069479406136,0.23945490490361068,0.14792264544171085,1.5438067901865642,0.8911947945477775,0.6679013943160788,0.22329340023169866,0.0,0.0,0.10880520545222254,0.0,0.3,0.3,0.3,1.0,,,,0.32152411226147926
B000690,12013.819090231538,12.025844935166704,22.772879101705573,15.12266357143889,0.12855409537148432,0.35859077079128554,0.015271372720437272,0.3677399014509127,5.082566251892651,2.1946787356723894,1.1111019269251248,2.8306055503906915,0.0,0.8068924702858459,2.5154918112965596,0.4711776965205458,0.2886808534709089,0.18249684304963693,0.092392836670958,0.0,0.43642946680849604,0.0,0.0,0.0,0.0,1.0,0.30403294222755217,,,0.18847355270950683
B000691,1972.2310292841933,4.232255427648483,6.776569225285137,2.717951824694493,0.0,0.365,1.7416938046533148,81.87228455418166,2.2955472504206536,0.0,1.4350785634386924,0.0,0.0,0.5016296137891365,2.6625170832236074,0.48471436990597255,0.48471436990597255,0.0,0.0,0.0,0.5152856300940273,0.0,0.0,0.0,0.0,0.98,,,,0.1887933662721779
B000692,22510.539040049483,5.7867709614523095,13.736318843596495,9.789742359130079,0.4044988374714149,0.18381316030346442,0.030455289640364834,0.6372075129007504,1.885734211767039,0.7811733124032976,0.07485382573141758,0.821457405896265,1.3916885252366462,0.8318636804176429,2.890329542937138,0.2986423557381654,0.15668798924115374,0.14195436649701154,0.3754877896695983,0.0,0.3258698545922362,0.0,0.0,0.0,0.0,0.95,0.6766036643233247,,,0.19106616983379643
B000693,7049.125151815592,10.778478825406104,21.750591037305963,13.840793386792878,0.0,0.5486899738564109,0.010942302795282107,0.35255578830154344,4.664968932478756,0.7215109203708125,0.35749330300349136,2.01413608127576,1.897009727860561,1.123359860416724,2.734621973500602,0.5073426980067279,0.35862355159594317,0.1487191464107848,0.033167324331596665,0.0,0.45948997766167543,0.0,0.0,0.0,0.0,1.0,0.2777776502870016,,,0.18847355270950683
B000694,814.1137717075752,1.1091468279394758,8.613009657237944,1.2961444430398668,0.0670689396334605,0.3537207990458215,0.26748931518410807,9.494568997690024,0.33104639611709813,0.42514759141953906,0.04510055172371118,0.04045027379113291,0.13307325531416067,0.13432875957383392,1.672899706918076,0.9593376182597061,0.5395574291249282,0.41978018913477777,0.040662381740294025,0.0,0.0,0.0,0.0,0.0,0.0,1.0,0.499719536476279,0.4360276523942823,0.4771361663804765,0.19006326769067228
B000695,3185.419202435399,1.7274507605398042,8.983741254218883,1.563418843841311,0.0,0.3250707977851897,0.879848468073115,31.850514544246767,0.49183225816193715,0.601583173916064,0.0221781374898795,0.0,0.2802590926361456,0.33159809833577797,1.8741755900499426,1.0,0.6389122482362237,0.36108775176377633,0.0,0.0,0.0,0.0,0.0,0.0,0.0,1.0,0.7525529775819202,,,0.19006326769067228
B000696,805.1601152607419,0.7971882329314276,5.713647806797198,0.8970633758672724,0.40806113300675856,0.07676498563051239,0.1879249699898449,6.781895447834194,0.2889432630535261,0.21059795642789508,0.0,0.0,0.15327210650112397,0.14437490694888253,2.456326941360107,0.6134898877997733,0.42122399604481037,0.19226589175496284,0.0,0.0,0.38651011220022674,0.0,0.5,0.5,1.0,0.5,,,,0.40649680945047806
B000697,2342.660448026833,3.9505235211245076,9.025096712247628,10.276894804574999,0.2815214126927736,0.40879780672987087,0.02045512106534329,0.4342074152208062,0.535085042144711,1.2166706990798632,0.1558797767916199,1.0192402509700809,0.0,1.0236477521382337,2.2965957971940862,0.8215582261399493,0.47412314100956393,0.3474350851303854,0.0,0.0,0.17844177386005106,0.0,0.0,0.0,0.0,1.0,1.0021018117706726,0.4943201274013657,,0.19106616983379643
B000698,15750.90675793724,7.6091336994865895,11.534131208792308,4.353843876722833,0.0,0.41989518009988075,0.019684108684866596,0.38255775660222496,4.405708954451876,0.0,0.0,0.45405346893685533,1.7062032166433578,1.0431680594545003,1.8137114532477336,0.8594976399799699,0.7998254766471727,0.05967216333279722,0.0,0.0,0.14050236002003016,0.0,0.5,0.5,0.5,0.5,0.35060515110697216,,,0.40484810018049977
B000699,2067.7500128938027,6.60623007314314,11.335312188348334,6.900382674312227,0.0,0.45297293170332614,0.015033642122569739,0.25439720900373297,3.65218254654785,0.3160451894344556,0.08370721459033326,1.1818374864386592,0.16682633191590063,1.205631304215942,2.1856907075558913,0.778643669384842,0.5744933743720486,0.20415029501279341,0.0,0.0,0.221356330615158,0.0,0.0,0.0,0.0,0.5,0.43199383984493706,0.2197289146090709,0.5045810255369132,0.191088296168766
B000700,1799.8913481246805,2.230348634603074,11.648615938599498,2.542211312575515,0.07914233450922618,0.24,0.43183242387870374,15.548384326817358,1.1021475487953842,0.0,0.03540048008716932,0.584522580233196,0.30185256810095423,0.206425457386369,2.3573009617264615,0.778183502381395,0.36489581537125854,0.41328768701013613,0.0,0.0,0.221816497618605,0.0,,0.0,,0.6,,,,0.19006326769067228
B000701,4755.503835944219,6.004424035283105,11.65331920632802,6.188713998144811,0.0,0.24000000000000002,0.010962813169860175,0.2444707336878819,1.3534337246740955,0.6424783330562934,1.4851098745394382,0.0,2.025038885159437,0.4983632178538416,2.207095939752335,0.7614840698925857,0.5141481279583286,0.24733594193425687,0.0,0.0,0.23851593010741462,0.0,0.0,1.0,0.0,1.0,,,,0.18847355270950683
B000702,11109.157762240447,2.289132034255192,9.135734539587297,3.339129596436978,0.21742454220892024,0.588453543257866,0.014960424269233207,0.3233129408549792,1.183784234531765,0.25961478354276896,0.243810319881448,0.09129051361475568,0.0,0.5106321826844543,3.0961496851441246,0.2629480026891746,0.22306803410341386,0.03987996858576076,0.21991964460364333,0.0,0.517132352707182,0.0,0.0,0.0,0.0,1.0,1.6505033664880675,,,0.19106616983379643
B000703,874.9334433213872,2.260809931063016,12.968198497408565,3.8480866694552884,0.0,0.4195895139165629,0.2902049835877941,13.591547007528517,0.7871951759681775,0.20000369705656523,0.057159913486010544,1.061388514140422,0.0,0.15506263041184165,2.1221738541192146,0.6035855893945375,0.6035855893945375,0.0,0.02528293630554532,0.0,0.3711314742999174,0.0,0.0,0.0,0.0,0.6,,0.3412368952024814,0.4129692875753387,0.19006326769067228
B000704,783.9262210074152,1.831603320110783,9.758107089139305,3.0622784747087053,0.0,0.3006048201196976,0.6097483960154217,22.072891935758268,0.5321812423082816,0.39484928494897303,0.0,0.5716736703835527,0.13206281271429163,0.20083630975568448,2.07780774802681,0.6566588267623403,0.36898076247962497,0.2876780642827153,0.3121165287847237,0.0,0.031224644452936073,0.0,0.0,0.0,0.0,1.0,,,,0.19006326769067228
B000705,8241.79300435231,4.814131427775882,15.177252036222887,4.82166912257444,0.07984663691943603,0.13315751715088925,0.007087480202550783,0.15805080851688247,2.102592756731444,0.3847632006403177,0.0,0.3470150464511731,1.5773092962288977,0.4024511277240499,1.8747035710749935,0.9903804983599627,0.9903804983599627,0.0,0.0,0.0,0.009619501640037343,0.0,0.0,0.0,0.0,1.0,,0.43139411258202137,0.47044023088984294,0.19106616983379643
B000706,3511.497956080166,3.0141613356911297,7.089812002696889,3.5096013748759485,0.0,0.45815163226790684,2.1516544238565936,77.81342372351321,1.2523469161662255,0.44641611578976603,0.09705317346884797,0.45850614225869935,0.0,0.7598389880075909,1.8871540676256293,0.847882680721347,0.8156836168160321,0.032199063905314886,0.15211731927865318,0.0,0.0,0.0,0.0,0.0,0.0,1.0,,,,0.191088296168766
B000707,5162.9735328118195,4.715044322202575,7.695211862330333,5.030241133190242,0.0,0.4991499999054871,1.438374942617367,67.28598293557792,1.6377871153415011,0.22993970156484891,0.9141411370188384,0.5944434108251079,0.2131092982749458,1.1256236591773323,1.8796939609861443,0.8748201652841973,0.7487463958339409,0.1260737694502564,0.0,0.0,0.1251798347158026,0.0,0.28,0.28,0.28,0.7,,0.3405131205692171,0.30952419462902075,0.3116940136216534
B000708,31951.616168026118,8.184327911891936,13.708883113457524,5.868059096961184,0.0,0.16467866466405706,0.015889054252106065,0.6911557087833294,3.5146838176320743,1.0327022031855386,2.181672288587775,0.5217676477965781,0.0,0.93350195468997,2.6541883028182114,0.5594334724761109,0.3695009737154673,0.18993249876064372,0.0,0.0,0.44056652752388903,0.0,0.5,0.5,0.5,0.5,0.15345032092270441,,,0.40484810018049977
B000709,30621.209696929087,8.809323848368551,18.626785905382803,9.02949069004939,0.0,0.2869474827142534,0.009949794624060176,0.03674772479604148,4.581727334182068,0.0,0.0,1.6554712394549616,1.8738210040073942,0.6983042707241295,2.935280869168452,0.4483814840182354,0.4483814840182354,0.0,0.0,0.0,0.5516185159817647,0.0,0.0,0.0,0.0,0.9,0.24945990957597156,0.20134315378052686,,0.18847355270950683
B000710,1818.016818573038,2.104186132607683,14.37643763286784,4.084860259268546,0.054113773403591574,0.17953333484023287,0.2976906383494143,10.778007260993535,0.4100363488541034,0.42423345726380834,0.06288145162624442,0.9023780249780912,0.15494391503881572,0.14971293484662015,1.9797394082632584,0.7296501831413402,0.7296501831413402,0.0,0.0736360308804033,0.0,0.19671378597825656,0.0,0.3,0.3,0.3,1.0,,,,0.32152411226147926
B000711,2771.4081640719446,1.6094124065458448,12.318524763622037,3.423696711232087,0.0,0.6348168480213263,0.2318270031651226,10.775241707973146,0.6021418765956891,0.09512659769478662,0.0,0.6455467516638921,0.0,0.2665971805914771,1.7827466302064157,0.8228594705391102,0.8228594705391102,0.0,0.0,0.0,0.17714052946088985,0.0,0.0,0.0,0.0,0.6,1.0439762409555748,,,0.19006326769067228
B000712,2148.4571340816483,4.590720371969334,10.634767366331841,3.4862647918466276,0.0,0.365,0.019038941916372676,0.3399578307382639,2.3887497938460025,0.2591549150069962,0.0,0.0,1.5815928950880231,0.3612227680283116,1.7173527690829022,0.9010852711731914,0.9010852711731914,0.0,0.05645190602097674,0.0,0.042462822805831725,0.0,1.0,1.0,1.0,1.0,0.22219064727465007,,,0.6084446516532538
B000713,3496.4107854451377,5.497501234976632,8.711221368749822,5.842626720516775,0.0,0.4120500550754041,1.3273737540011232,48.01344275448194,2.280833106339117,1.702573194677995,0.8063613330236697,0.0,0.0,0.7077336009358492,2.5333697920756943,0.5851145804519654,0.27541511483916115,0.30969946561280437,0.0,0.0,0.4148854195480344,0.0,0.28,0.28,0.28,0.7,,,,0.3116940136216534
B000714,747.4248536799328,0.8286306581817436,5.494168278316818,0.7172004830342117,0.0,0.47,0.3095269134811658,11.170788931844324,0.4246932463087746,0.2208977487745372,0.0,0.0,0.0,0.18303966309843184,2.7970015588545283,0.4523125746452219,0.4523125746452219,0.0,0.0,0.0,0.5476874253547782,0.0,0.3,0.3,0.3,1.0,1.3833372139204332,0.4124317702814374,,0.32152411226147926
B000715,227.0042192755162,0.7516696002500536,3.4867080844618554,0.29776636916597315,0.3668014954791832,0.021,0.6174105776662555,22.35026291151845,0.3395758177164406,0.0,0.0,0.0,0.13122747287813138,0.28086630965548187,2.9872002566998637,0.4223091462361241,0.24772782375816738,0.17458132247795666,0.0,0.0,0.5776908537638761,0.0,0.0,0.0,1.0,1.0,0.5814864651391961,,,0.19006326769067228
B000716,22539.598053185786,9.13273827114497,19.72677341433113,17.008022926708254,0.0,0.3445023602104081,0.011316619642572766,0.16893018541645913,1.1197192132061409,0.7722537939135795,1.702556710681085,1.6618850147009014,3.42404391162965,0.45227962701361185,1.8979939134529238,1.0,1.0,0.0,0.0,0.0,0.0,0.0,1.0,1.0,1.0,1.0,,0.27936694974780046,0.45772634814012525,0.6084446516532538
B000717,12543.62956309528,12.865261090354135,23.559217136996022,23.858424421691954,0.20357863237542775,0.36045694163159236,0.018772098070308066,0.3587324143725545,3.4009220947801904,0.8797648327315687,4.488197269490531,1.6495778516914843,1.7768374313143993,0.6699616103459606,2.2478766716468357,0.7356507519827897,0.6074312125497133,0.12821953943307632,0.0,0.0,0.26434924801721027,0.0,0.0,0.0,0.0,1.0,0.18222072159342942,,,0.18847355270950683
B000718,1633.8764811236488,1.7759526968735313,8.818798966350899,1.2498696742539106,0.0,0.365,0.34656366208902223,12.540895247179861,0.9395987577626531,0.5897644611141178,0.0701667268919469,0.0,0.0,0.17642275110481304,2.946281856767824,0.4671450863245977,0.427635741838412,0.03950934448618571,0.0,0.0,0.5328549136754022,0.0,0.0,0.0,0.0,0.6,,,,0.19006326769067228
B000719,5491.304999242556,1.593992742886083,6.930330812692378,1.2114763975885414,0.0,0.4363338851020364,0.49319781082420894,23.108793559824257,0.6954934076687365,0.0,0.0336213059168612,0.5247025651988148,0.0,0.34017546410167027,1.52509040913376,1.0,0.9789074912248432,0.021092508775156952,0.0,0.0,0.0,0.0,0.0,0.0,0.0,1.0,1.1863154243642888,,,0.19006326769067228
B000720,1428.1417410824313,3.111419915212269,9.215754183029091,4.7514177353423,0.0,0.3383129631281062,0.017179205024094063,0.6281917891131588,0.9716600547723133,0.0,0.0,0.8877265030341382,0.9151950808954791,0.33683827651033826,2.229237231312335,1.0,0.4205470064921734,0.5794529935078266,0.0,0.0,0.0,0.0,0.0,0.0,0.0,1.0,,,,0.19106616983379643
B000721,6677.137411913861,14.515516112856218,28.003208645929373,6.148703586131993,0.0,0.365,0.04008867511105558,2.515374055133293,8.769556223467857,0.0,0.0,1.4332251647298475,0.15797071690245,4.1547640077560635,3.1388673247106262,0.3958495064670302,0.29711204831626864,0.09873745815076167,0.0,0.0,0.6041504935329696,0.0,0.0,0.0,0.0,0.5,,0.19477220411395363,0.6361132230303069,0.191088296168766
B000722,56487.28410596299,15.238004884263015,19.154890285200075,24.714775829962587,0.032925123351201756,0.37453011053445723,0.023515288594381522,1.0911093907793024,1.6431356431845536,0.6457765848417292,9.817957063984256,0.15862516290189238,1.876224587675543,1.0962858416750378,2.0095157955733707,0.926714764549664,0.926714764549664,0.0,0.04237933966727181,0.0,0.030905895783064116,0.0,1.0,1.0,1.0,1.0,0.24809715573871735,,,0.6084446516532538
B000723,4164.235949826545,11.631943993928896,16.684209988247243,8.570646195516987,0.0,0.3699524058643792,0.01455392776273427,0.4318909051374383,6.645235266859539,1.1600748579570983,2.3122949071648082,0.7584269549501639,0.0,0.7559120069972881,2.997568345807437,0.4195256136274832,0.4195256136274832,0.0,0.0,0.0,0.5804743863725169,0.0,0.0,0.0,0.0,1.0,0.18185726524938414,0.24199623074939858,1.1966358796072316,0.18847355270950683
B000724,12073.526347111881,5.113734158031292,12.982678833284975,9.551454826781463,0.026724441194148286,0.5463621673862699,0.01967344933035765,0.4387179200669756,1.6477287164819436,1.7915630338362676,0.3527641101793969,0.6347259990034634,0.0,0.6869522985302212,2.070673029855749,0.8910579434670006,0.5407145391227295,0.350343404344271,0.06898366228627058,0.0,0.03995839424672887,0.0,0.0,0.0,0.0,0.9,,0.3797716084253605,0.33394184645710145,0.19106616983379643
B000725,9135.053199542874,13.258422640845971,16.664558525414723,10.863812343348943,0.0,0.18886360011395728,0.023958221264385876,0.534268334195805,5.105703313131988,1.6547305211175498,2.6098042468988467,0.4988595784844569,2.408366406630869,0.9809585745822613,1.866150449416083,1.0,0.6935459792003458,0.30645402079965434,0.0,0.0,0.0,0.0,0.0,0.0,0.0,1.0,0.2916097779285117,,,0.18847355270950683
B000726,12562.342595619755,5.3456777002637255,10.689698690305361,5.887926954610174,0.14928664239800554,0.4192413400085414,1.0101478152461554,47.40898402236966,2.643335094570253,0.686700968717383,0.176142540813956,0.8980030780633125,0.06046910395914799,0.8810269141396742,1.4022633456919484,0.9689038952670767,0.9149320657822781,0.053971829484798284,0.0,0.0,0.031096104732923416,0.0,0.0,0.0,0.0,1.0,0.7091143679039396,,,0.191088296168766
B000727,6997.166074342976,1.433845507037495,10.274813558185418,3.294300774352595,0.0,0.27643270328154346,0.19086087487808023,6.955783630739246,0.2934573515137629,0.0,0.0,0.6985564660502577,0.22609779085585352,0.21573389861762113,2.1947211633954398,0.7815205340457658,0.6238342353851801,0.15768629866058578,0.0,0.0,0.21847946595423423,0.0,0.5,0.5,1.0,0.5,0.5398954199935653,0.3035917030978379,,0.40649680945047806
B000728,12708.477215040357,4.006455616343114,7.095768787835318,2.9902772252918437,0.03028401610274756,0.26066581637787417,2.4861476501043516,89.52216336544659,1.5925634669249387,1.674752298505816,0.07458930911423536,0.0,0.13862477688257702,0.5259257649155459,1.8757783257007759,1.0,0.5819865589739281,0.41801344102607174,0.0,0.0,0.0,0.0,0.0,0.0,0.0,0.9,,,,0.191088296168766
B000729,11622.011478860348,4.291732451573245,12.090695587732407,12.290349148351629,0.2463149360604975,0.37682668281956744,0.014985266527766876,0.33417144356920137,0.4091915351366336,0.6015422566944947,0.910557066857796,1.0104196895163378,0.9879314973070044,0.372090406060978,2.168058988558685,0.84610842270548,0.6106744340033318,0.23543398870214813,0.1401630375337083,0.0,0.01372853976081171,0.0,0.0,0.0,0.0,1.0,0.7998376661710487,0.33178517143803044,,0.19106616983379643
B000730,5026.662376558466,12.725727535591053,17.351889402945034,14.23801388040247,0.0,0.5300329551131472,0.020507232404990035,0.6983828686217194,6.8814986951201575,0.2511340443759964,1.5091515316314492,2.6611578777820544,0.0,1.4227853866813998,2.739572663423262,0.45924516489339245,0.43951080835671275,0.01973435653667972,0.0,0.0,0.5407548351066077,0.0,0.0,0.0,0.0,0.9,0.12649797665542473,,,0.18847355270950683
B000731,3334.912697404295,4.297567909026154,7.953852344056452,5.44475163420808,0.144094216887503,0.4279268559623717,1.1551683672032178,41.83635674456212,1.610579796047012,0.5909140776053775,0.6298230170798927,0.6006467955488213,0.13596404834341286,0.729640174401637,2.4573985423986358,0.6076442643910954,0.6076442643910954,0.0,0.0,0.0,0.3923557356089047,0.0,0.2,0.2,0.2,0.98,0.3232795739959735,0.32821457026062845,0.4924119445283769,0.2770151739533745
B000732,18498.862700867532,4.3251958617880595,8.068544815899608,5.8909521366994495,0.0,0.44666529409962863,0.011913656429167512,0.7934495181825563,1.4708217813787055,0.4256778077371275,0.0,0.8981325854961899,0.8951268064054168,0.6354368807706202,2.440114397781864,0.5868839195315414,0.3799275561645962,0.20695636336694503,0.0,0.0,0.4131160804684586,0.0,1.0,1.0,1.0,1.0,,0.2623798393564646,,0.6084446516532538
B000733,1535.6645422086704,1.9219831567067214,8.124219794716637,1.7168396812709468,0.0,0.545726490711195,0.7158319750942742,33.52248599435807,0.8910008102476776,0.13804290286235155,0.07834758746894856,0.2043233393798803,0.1367124291706845,0.47355608757717865,2.915778504822005,0.4652849917897678,0.35269790195174827,0.11258708983801959,0.07113091948471517,0.0,0.4635840887255168,0.0,0.0,0.0,0.0,1.0,0.9396175086645099,,,0.19006326769067228
B000734,5090.608257711423,3.651799324039758,6.737770108340263,2.215397079947952,0.0,0.24000000000000002,1.5929420904634202,74.83643037005217,1.679339566721376,0.0,1.486531440645076,0.0,0.0,0.4859283166733051,1.8432131054925032,0.8520948642512756,0.8520948642512756,0.0,0.0,0.0,0.14790513574872435,0.0,0.28,0.28,0.28,0.7,0.4964176115741858,,,0.3116940136216534
B000735,4981.733820239254,6.2821359649927535,12.305662451709727,6.404663265932989,0.07653157129581002,0.2666761567142804,0.010631662936868642,0.16890344884432423,3.171972855917057,0.44108401190324964,1.3076612699152435,0.7428362568717123,0.0,0.6185815703854889,2.340364356921504,0.6302252091250216,0.6120717177381589,0.018153491386862675,0.0,0.0,0.3697747908749779,0.0,0.5,0.5,0.5,0.5,0.2224209595026661,,,0.40484810018049977
B000736,7288.1293410346,6.95432189030019,12.446521645568472,8.312204029426953,0.0,0.37609292893608015,0.026366125861689717,0.6215590805325544,3.282053184941238,0.7869769060523809,1.1661088129226256,1.1292748893125648,0.0,0.5899080970713806,2.59358573771162,0.5253231464124644,0.36293853046771424,0.1623846159447501,0.0,0.0,0.47467685358753564,0.0,0.0,0.0,0.0,1.0,0.3014792876912247,,,0.18847355270950683
B000737,56297.38678888316,13.20295187356547,19.18096440623935,11.072230056891524,0.0,0.18548369786308613,0.01397429958050359,0.3116268806452301,5.448445341835946,0.92614156227001,2.7953322944416175,0.0,3.0953743510170866,0.9376583240008081,1.7752056828934313,0.770988776684509,0.5365431481115118,0.23444562857299714,0.21172025174448625,0.0,0.017290971571004756,0.0,0.0,0.0,0.0,1.0,0.19644780412670998,,,0.18847355270950683
B000738,5277.862610731728,1.5559736470317593,6.844167228562084,1.444505625543888,0.0,0.37834187395384006,0.4565305374806286,21.448126031042076,0.6208315297053112,0.5868706073296361,0.0789156627071075,0.05653240847941706,0.0,0.21282343881028767,2.814613791817874,0.6010012567438817,0.18749617133550361,0.4135050854083781,0.0,0.0,0.3989987432561184,0.0,0.3,0.3,0.3,1.0,0.7568274357078677,,,0.32152411226147926
B000739,49241.874731589516,11.975164088421575,16.91098172555723,7.5067015902728835,0.0,0.3552033991412738,0.008173472492033389,0.37924912363034924,6.874746349954047,0.7575223436189428,0.39476357482967434,0.0,2.895382463392282,1.0527493566266297,1.6383849796443177,0.7252525298251988,0.7252525298251988,0.0,0.2747474701748011,0.0,0.0,0.0,0.0,0.0,0.0,1.0,0.24432899646487513,,,0.18847355270950683
B000740,20691.631504084035,6.41402092501055,11.258165279310187,6.543587889021732,0.0,0.39013374163240105,0.015161620600351642,0.26332813287117807,3.6915655082688503,0.5356246298070332,0.09448742946745725,0.9324383178093243,0.38155894193486295,0.7783460977230212,2.651961464980528,0.5894521823590761,0.4440771783310388,0.1453750040280373,0.0,0.0,0.4105478176409237,0.0,0.0,0.0,0.0,0.5,0.32024921863077144,,,0.191088296168766
B000741,322932.270422213,177.5328589456916,462.24746801980734,332.0935754684885,0.0,0.365,0.012159063255651267,0.22292533970449652,2.490463728576081,0.6442266538566752,0.0,174.03743146610944,0.0,0.3607370971494103,2.656811661125856,0.015346603943771953,0.011717829768205118,0.003628774175566835,0.9803110956453901,0.0,0.004342300410837914,0.0,0.0,0.0,0.0,0.5,0.41785639529040397,,,0.191088296168766
B000742,1833.2830733602523,6.030536425527146,12.183965889884579,8.283903453065882,0.0,0.11208119633582148,0.015816131280687675,0.2595769412394615,1.2345175891914473,0.0,1.5075653850057602,0.5819929321587759,2.1961830698927085,0.5102774492784542,2.234900471948838,0.7952889258796685,0.6987812703259749,0.09650765555369352,0.0,0.0,0.20471107412033163,0.0,1.0,1.0,1.0,,0.31867851427045263,,,0.6084446516532538
B000743,3681.511967804481,6.325621937808387,13.634728346153134,3.514894991129141,0.10474905811733222,0.6132827890725085,0.010975293688359792,0.38575492947845597,4.249462523007894,0.14228643305181754,0.8180735014091739,0.062171988704376485,0.0,1.0536274916351247,3.205910875226708,0.23557675364279312,0.23557675364279312,0.0,0.0,0.0,0.7644232463572068,0.0,0.0,0.0,0.0,1.0,0.23544496194307743,0.2759713872866547,,0.18847355270950683
B000744,309.2406560012237,0.8963497275397789,4.440696469357787,0.7037275678382823,0.0,0.7309462786413458,0.28010298544571766,10.175184031759935,0.4287334086661984,0.06933714312862771,0.0,0.049905590240930525,0.0,0.34837358550402237,2.962558502563131,0.5087423703011716,0.4530658985986511,0.055676471702520575,0.0,0.0,0.49125762969882847,0.0,0.5,0.5,1.0,0.5,0.9900206604026768,0.25513641110971347,,0.40649680945047806
B000745,25875.602264990583,5.6398435625524375,15.190226553404068,5.161150430356925,0.0,0.297932047905184,0.01013848916530669,0.22608830838633923,2.3158985402984826,0.28754314775426315,1.1050383045959302,0.0,1.2717071982409422,0.6596563716628188,2.735180721952424,0.5389177390440695,0.3134314850130439,0.22548625403102543,0.0,0.0,0.4610822609559305,0.0,0.0,0.0,0.0,1.0,,0.2729139471424209,,0.19106616983379643
B000746,1117.1151918414218,1.4974734475086084,6.385742624985357,1.4749764864570276,0.0,0.4319447198999026,0.3224744008546371,11.752389591517563,0.49601408019112103,0.09845828208503969,0.0,0.0,0.49121672573668773,0.4117843594957599,2.643718650518229,0.6687660265253087,0.27498608418123066,0.393779942344078,0.0,0.0,0.33123397347469136,0.0,,1.0,,0.5,0.8281718426255468,0.33467633792927104,,0.19006326769067228
B000747,6012.271675075808,2.067493698444226,8.321931121991954,5.300032469431704,0.0,0.5193210101289745,1.0808547691641333,39.12694264374162,0.26677079697682615,0.0,0.021226157268472413,1.1070725123449061,0.23173711703723418,0.4406871148167868,1.8586216799666289,1.0,0.8776473783228168,0.12235262167718318,0.0,0.0,0.0,0.0,0.0,0.0,1.0,1.0,0.47261114427624373,,,0.19006326769067228
B000748,9005.008908872307,12.022708823594536,15.476277433923713,6.342916082303802,0.0,0.21435476606448614,0.010818337081375957,0.24124891691468386,7.144184865059595,0.0,1.933281783802862,0.0,1.8824321313300985,1.06281004340198,3.017020806264171,0.2492027272027931,0.2492027272027931,0.0,0.15657304513903142,0.0,0.5942242276581755,0.0,0.0,0.0,0.0,1.0,0.1768550042997643,0.2842443555372483,,0.18847355270950683
B000749,4390.919819082889,4.508131231091262,7.775347999753597,4.066856656118707,0.0,0.40070375676777437,1.3415579009069474,48.559618238088326,1.8767374171027242,1.019849018345408,0.0,0.0,1.016414426016266,0.5951303696268637,2.888787483167949,0.35737551282566393,0.35737551282566393,0.0,0.2262243413217006,0.0,0.41640014585263546,0.0,0.2,0.2,0.2,0.98,0.27847151395206377,0.312356670171023,0.48347660710569823,0.2770151739533745
B000750,10014.649007417114,4.480827296383496,6.98024343118163,4.602538605716271,0.26065003216765237,0.1357332411622024,2.8617259420616104,103.53370506813265,2.019173455405645,0.41312854456414777,0.9684769582178129,0.37312886907906967,0.0,0.7069194691168199,2.0348578371784676,0.6959271087955626,0.6959271087955626,0.0,0.2161379794752359,0.0,0.08793491172920125,0.0,0.0,0.0,0.0,0.98,0.3470001657207891,,,0.1887933662721779
B000751,11894.870074709213,12.187366879825014,33.48453681795809,3.4639246530176733,0.0,0.24737148489065014,0.05154759082382939,3.3415344383145147,10.005969464541963,1.0493717521760166,0.0,0.6654451072644391,0.0,0.46658055584259966,3.308230711865869,0.16436010562872472,0.10975888505120868,0.05460122057751605,0.0,0.0,0.8356398943712755,0.0,0.0,0.0,0.0,1.0,,,,0.191088296168766
B000752,7845.631631314812,5.244406170664981,9.324480925685142,7.599401169065828,0.0,0.33836168918529047,1.1057949739929627,40.13775838911742,1.9242029069373519,0.626300747912052,0.8712522148136196,0.3723186868619475,0.7769909094804058,0.673340704659605,2.6374250435592512,0.44202980264884156,0.3710363145882595,0.07099348806058212,0.16612981269205288,0.0,0.3918403846591057,0.0,,0.9333333333333332,,0.7,0.2573180488361955,,,0.1887933662721779
B000753,2154.642030012154,6.549063921009586,14.444884445785705,11.987439712624862,0.0,0.4634387780904801,0.014518276950683324,0.27794801643230704,2.6627591411975713,0.4141259721824849,0.0,1.2704712522503447,1.7339582505968436,0.46774930478233945,2.373317726085187,0.5934137804556516,0.3994209797174217,0.1939928007382301,0.0,0.0,0.4065862195443478,0.0,0.0,0.0,0.0,1.0,,,,0.18847355270950683
B000754,13415.42939084789,4.7154409106670965,15.059662650308287,6.880886017406184,0.0,0.5236678719191347,0.008765396513872082,0.19546834225934742,2.002247934640831,0.16604135240335818,0.7038232510184298,0.12003773651440873,1.0965116345035613,0.6267790015865083,2.5885136205665162,0.5715990707129859,0.5109304939377772,0.060668576775208725,0.0,0.0,0.42840092928701423,0.0,0.0,0.0,0.0,0.9,0.22454582510528193,0.3708875215676638,,0.19106616983379643
B000755,3188.1063152020456,3.053741681228013,8.832775581988303,0.8988479786095174,0.0,0.24,0.012420212420246615,0.27697073697149954,2.138165214104459,0.5121054509737923,0.0910215426731939,0.0,0.0,0.3124494734765676,2.6724037201326745,0.5060843041269235,0.5060843041269235,0.0,0.0,0.0,0.4939156958730765,0.0,0.0,0.0,0.0,0.5,0.5108206800042197,,,0.191088296168766
B000756,4951.221096369358,4.305409649016833,14.270560317101282,4.6900474971094415,0.0,0.44580272519973935,0.021091529564260785,0.8241871652431512,2.8045127749727703,0.0,0.08568457346997316,0.983111560428864,0.07060650116149794,0.3614942389837277,1.9598790936265535,0.6857058474130512,0.6693063623657639,0.016399485047287284,0.01990160761811359,0.0,0.29439254496883516,0.0,0.0,0.0,0.0,0.5,0.2075421125664277,0.13371103757646371,,0.191088296168766
B000757,20799.045130872048,9.074627020450283,20.74594008654824,12.55041167319002,0.13779354893152718,0.16256556957362614,0.012993517197519833,0.28360826120689775,2.542554300001447,1.02452905742714,0.5689339480861981,0.7722336353392896,3.352852869553095,0.813523210043115,2.7587976039324893,0.3503416552251852,0.08964811536714244,0.2606935398580428,0.36947555662587733,0.0,0.2801827881489377,0.0,0.0,0.0,0.0,,,,,0.19106616983379643
B000758,2439.6493898583153,1.5440818923153894,8.158565574584639,1.8131727556021981,0.0,0.1296396770243716,0.30974646651008286,11.104743428932862,0.8389170051115621,0.0,0.05263425333688152,0.3024398825778764,0.1503102402879861,0.19978051100108324,3.0500699936074147,0.24224063342182786,0.2081528990867305,0.03408773433509744,0.19587036418409146,0.0,0.5618890023940806,0.0,0.0,0.0,0.0,0.6,,,,0.19006326769067228
B000759,2213.3477206489106,1.936437200917682,8.134515648321157,1.6498549163113976,0.0,0.3865891796771027,1.2125544613533121,43.91738085384749,0.8971456731137154,0.0,0.0,0.10448244173956774,0.6920106385445876,0.24279844751981142,2.083415659457583,0.928811713224446,0.5714489037222106,0.3573628095022354,0.0,0.0,0.07118828677555389,0.0,0.0,0.0,0.0,0.9,0.7987215127324463,,,0.19006326769067228
B000760,6460.748156005433,9.8939481715244,18.010559548840206,13.498414137687748,0.05659111128509406,0.25680475883086784,0.014261359422251164,0.6114351899345238,3.1684145803561914,0.5069138568923098,1.8915123597126569,1.587566220048483,2.0595066829554387,0.6800344715593175,2.590527000272097,0.39662693251090186,0.39662693251090186,0.0,0.26306846557780805,0.0,0.3403046019112898,0.0,0.5,0.5,0.5,0.5,0.252638109903228,,,0.40484810018049977
B000761,5897.47847753751,7.209631390632653,10.8455141911139,10.673119275566702,0.0,0.23142001545765764,1.2117481314654313,56.848847913019604,2.6802062325873273,1.0286161279956307,0.0,2.0173599468285044,0.8032177222001952,0.6802313610209962,1.699468003412092,0.9854539967392814,0.705639421274352,0.27981457546492944,0.0,0.0,0.014546003260718733,0.0,0.28,0.28,0.28,0.7,0.5716462754482737,0.3580411561532801,,0.3116940136216534
B000762,5521.228111953574,3.91576461840679,13.174504316728969,8.914600365460622,0.6610376027299438,0.4236270961328677,0.009699245199997387,0.1916820787847794,1.8509837021588031,0.47391044055002873,0.0,0.7660324028450776,0.47780781136183936,0.34703026149104127,2.9229267394943172,0.3316717525098156,0.2106454685696821,0.12102628394013352,0.19562779622763785,0.0,0.47270045126254656,0.0,0.0,0.0,0.0,1.0,0.2559101241678569,,,0.19106616983379643
B000763,14578.445462247037,3.1872421211733792,5.770615090016756,1.6257034741373968,0.0,0.365,1.2614545281027145,45.660161419767505,1.7646788940406921,0.0,0.8583714343445455,0.0,0.0,0.564191792788141,2.809874322616184,0.4406081674670565,0.4406081674670565,0.0,0.0,0.0,0.5593918325329433,0.0,0.2,0.2,0.2,0.98,0.3067764885995669,,,0.2770151739533745
B000764,1785921.357878878,1463.86996547449,2385.3105026700205,2179.3941654560454,0.0,0.24021668761746626,1.6916077381735883,61.17057783525442,1.0880094427990963,0.0,1460.6598690463418,0.43030083119506707,0.8068312301785847,0.8849549239755811,1.6684987406848961,0.9993653561669436,0.9985202455419895,0.0008451106249540786,0.0,0.0,0.0006346438330565245,0.0,,0.0,,0.98,,,,0.1887933662721779
B000765,5407.282081551994,2.3287175200482317,15.391525418124314,3.157134205010095,0.0,0.365,0.7293093427229127,26.365095231261765,0.8747421869290972,0.764596584624447,0.05810866819091303,0.5056846155976421,0.0,0.12558546470613233,2.005131518382573,1.0,0.7828484514570198,0.2171515485429802,0.0,0.0,0.0,0.0,0.0,0.0,0.0,1.0,,0.4883623413085834,0.5620071000505086,0.19006326769067228
B000766,2871.4317140536064,4.3114590301105205,9.969082589140434,6.0239433062683165,0.6190133194990916,0.47,1.2378795699819276,44.86271828037302,1.540914731599006,0.0,0.0,1.9459435949104413,0.0,0.8246007036010751,2.2406922371395517,0.6213566328627622,0.6213566328627622,0.0,0.0,0.0,0.37864336713723823,0.0,0.0,0.0,0.0,1.0,0.8937557613094129,,,0.191088296168766
B000767,4462.804436471715,4.405532513792414,8.104299842376433,5.875758237263252,0.0,0.3655430619061069,1.608067612922723,58.20748685737621,0.9777681057967179,0.446839389183181,1.633167904635638,0.2390007757284068,0.5325009805788202,0.5762553578696504,2.1877755058121204,0.7601834596124541,0.7601834596124541,0.0,0.0,0.0,0.23981654038754613,0.0,0.0,0.0,0.9800000000000001,0.98,0.35471410583084734,,,0.1887933662721779
B000768,4530.511934333893,3.598500344983235,8.640887420206415,1.2753857398230268,0.0,0.299840068564466,0.01311430714379112,0.40386470895572524,2.3500865311797257,0.6153605302540723,0.07162640587244887,0.0,0.09462756095552574,0.46679931672146296,1.9975446090738775,0.7383488836154665,0.5410477795043022,0.19730110411116433,0.0,0.0,0.26165111638453376,0.0,0.0,0.0,0.0,0.5,0.7117414161299783,,,0.191088296168766
B000769,10375.040479695179,8.387259886576539,19.087533126554554,12.61557084461705,0.03734346897315338,0.4492920168720988,0.031878756551011356,1.1689104969580375,2.910332683576387,0.495470394271234,1.4510006416927335,0.7164443578634072,1.902208099545737,0.9118037096270405,2.317464695868036,0.8088412115375689,0.5229697199847253,0.2858714915528438,0.08542055063895738,0.0,0.10573823782347348,0.0,0.0,0.0,0.0,0.95,0.8128107731878121,,,0.19106616983379643
B000770,4145.786004811249,2.508037510472625,6.617200081906883,1.4420948207721689,0.0415721045944804,0.3456096837630635,1.0493722829385714,49.32049729811286,1.3117153536732145,0.5408352942091014,0.0,0.0,0.17117097072669846,0.48431589186361107,2.9257562406971487,0.342765470166354,0.342765470166354,0.0,0.06824896757403054,0.0,0.5889855622596156,0.0,0.0,0.0,0.0,1.0,0.9566512370549556,,,0.191088296168766
B000771,3196.842589696542,2.483949176143389,4.644818352065688,1.9459919694927945,0.0,0.7114632234765057,1.9110252063128166,69.17911246852397,1.11116325850014,0.18267696263132066,0.12145009156784636,0.0,0.12234795975258844,0.9463109036914932,1.7960609152793852,0.98776738339307,0.98776738339307,0.0,0.0,0.0,0.012232616606929965,0.0,0.0,0.0,0.0,1.0,1.0778272778308364,0.2622757207015576,,0.191088296168766
B000772,1180.3489860757202,2.5221132181105133,10.89329062425357,1.8864451995741085,0.0,0.3485947803670364,0.4096290819153431,14.79142711129665,1.1191310149357818,0.36920313340120336,0.08724553977394663,0.0,0.6089055541678201,0.33762797583175974,2.8012835849464492,0.5562724912983086,0.16845933503493077,0.387813156263378,0.0,0.0,0.4437275087016907,0.0,0.0,0.0,0.0,0.6,1.2028705121648249,,,0.19006326769067228
B000773,2022.500070415333,3.1405280596511385,9.573660628790783,5.552459118759007,0.0,0.4052748147984706,0.007023346815084018,0.01622393114284408,0.20961458116833143,0.808334595032947,0.9934992357267728,0.1055927805055183,0.4720720551471489,0.5514148120704193,2.380241402837613,0.5922957458554505,0.2423252965054828,0.3499704493499677,0.4077042541445493,0.0,0.0,0.0,0.0,0.0,0.0,1.0,0.7926262265469745,,,0.19106616983379643
B000774,580.9819374020353,0.8632718237771699,4.316338856045654,1.1940983677962345,0.0,0.673636600452484,0.5905263903097068,39.28990546483339,0.32373394254356447,0.09181343045621614,0.033199058839080135,0.11365717140689,0.0,0.30086822053141915,2.6973009397128545,0.6249918813206539,0.4801794527760556,0.14481242854459808,0.0,0.0,0.37500811867934614,0.0,0.0,0.0,1.0,1.0,0.8558506421158729,0.41410686473751657,,0.19006326769067228
B000775,5465.776026980128,5.7961569745282375,15.832354338001025,8.459491484603543,0.0,0.4361829684118454,0.019556046363502975,0.3998392568177013,1.6799764970133741,1.6412418033536764,0.0,0.8692079009970864,1.0989504557356955,0.5067803174284063,2.3649944545929,0.7065746779779418,0.5566118828333482,0.14996279514459376,0.0,0.0,0.2934253220220583,0.0,0.0,0.0,0.0,0.95,,,,0.19106616983379643
B000776,13701.5085972837,5.231580220421421,8.456263810946687,6.473244643101083,0.0922882018701556,0.31260062596960564,1.2459417690652996,45.219773731506514,2.215032614389749,0.859080465951626,0.0,0.7304829898365538,0.7528045242120465,0.674179626031445,2.8114016421968793,0.5847800163438936,0.30125430297365763,0.2835257133702361,0.0,0.0,0.4152199836561063,0.0,0.28,0.28,0.28,0.62,,0.407520575275104,,0.3116940136216534
B000777,4014.5823874380653,2.7629610374659777,10.835066333600059,3.469075584413283,0.0,0.33272804560562963,0.020853894376419487,0.763254123796043,0.7525737262401618,0.6576443579537692,0.8027847999353654,0.0,0.0,0.5499581533366804,1.8797272092810244,0.9946900859379847,0.9946900859379847,0.0,0.0,0.0,0.005309914062015254,0.0,0.0,0.0,0.0,1.0,1.0803575505700929,,,0.19106616983379643
B000778,3227.2643724930513,3.19531125989411,8.094261285557787,1.6365586669127974,0.03522658330813249,0.3894856531203346,0.013161009791440213,0.22936574090352438,1.8056154116950878,0.3093253435993043,0.02798410126989447,0.25024112484640343,0.1646024843700207,0.6375427941133989,2.111623495865689,0.7313237527708123,0.6442507875769558,0.08707296519385659,0.05151375593233302,0.0,0.2171624912968547,0.0,0.0,0.0,0.0,0.5,0.542248375594888,,,0.191088296168766
B000779,3392.4440331132882,7.47234368527156,11.43177843463662,12.470764457759573,0.06717254858135661,0.11192777580088639,1.5089847698135086,54.6401506225022,2.1693970355570036,1.4963766205407762,0.7636162859850758,1.4135797679917537,1.0493714534136835,0.5800025217832685,2.384487771956364,0.5764266275834444,0.3872517411581848,0.18917488642525968,0.1404340455434428,0.0,0.28313932687311283,0.0,0.2,0.2,0.2,0.98,,,,0.2770151739533745
B000780,4012.8414512352324,2.0547063242371904,13.414380883025963,3.0538455982116357,0.09695973007168293,0.14954773034328117,0.26327782225784635,9.476622506731278,0.7144176303961152,0.40574728389643533,0.04131397705167973,0.27784618948081846,0.33241969833985785,0.28296154507228405,2.4629720386203746,0.6415818316525467,0.479797300978428,0.1617845306741189,0.0,0.0,0.3584181683474533,0.0,0.0,0.0,0.0,0.6,0.5441788245908677,,,0.19006326769067228
B000781,1059.271501467424,1.617208399186907,4.339503240966101,1.537198096540055,0.4527427008523772,0.365,0.01133238843609283,0.02617781728737444,0.4532955374437132,0.0,0.4441762398835752,0.0,0.0,0.7197366218596184,2.523955987052067,0.7197049324801807,0.4450487780186428,0.2746561544615377,0.0,0.0,0.2802950675198195,0.0,0.0,0.0,0.0,1.0,1.1481763621889804,,,0.19106616983379643
B000782,4164.297544448034,2.0343417413033875,8.504286514355622,4.39276167407207,0.33409704840948756,0.2146757318544361,0.33738737871592656,12.185797112563854,0.5691694392094977,0.0,0.0,0.9057992150532527,0.3137682700451872,0.2456048169954497,2.4595679779058655,0.47646826557600513,0.3222324930532635,0.15423577252274154,0.43358128628566717,0.0,0.08995044813832749,0.0,0.5,0.5,1.0,0.5,,,,0.40649680945047806
B000783,14635.46379665378,3.835289254888307,11.052489379207927,5.8515977986136845,0.0,0.3157080407896106,0.012573767559040702,0.24512516855588487,0.41145952723653656,0.0,1.1594572275149952,0.0,1.9923984252764102,0.27197407486036457,2.0009001716537074,0.8927174719059047,0.8927174719059047,0.0,0.0,0.0,0.10728252809409529,0.0,0.0,0.0,0.0,1.0,,,,0.19106616983379643
B000784,23889.575819357866,4.8174179914010615,11.316114635667601,7.9883415632910495,0.0,0.3470154350563874,0.015069283308141036,0.29682727334472847,0.50478821070961,1.2115213883195737,1.4272748824857877,1.0857535864092926,0.0,0.5880799234767977,2.2966845353910603,0.8952160241003291,0.373561379769952,0.521654644330377,0.0,0.0,0.10478397589967092,0.0,0.0,0.0,0.0,1.0,0.6674314500586229,0.43598947695155804,,0.19106616983379643
B000785,14648.189946226938,4.970542906761771,10.375318608010497,6.353858927561199,0.0,0.40248915036511035,1.3174957852229776,47.68961080164502,1.7231479255823885,0.4945303885646395,0.8777528036379308,0.5536232096750882,0.6799613007841375,0.6415272785175862,2.6813953909726504,0.46349198903398253,0.21531296038479883,0.2481790286491836,0.1765909318364124,0.0,0.35991707912960524,0.0,0.0,0.0,0.0,0.98,0.27513582882826093,,,0.1887933662721779
B000786,1964.1099403416083,3.0833751025770932,5.257025899579913,2.5552054061677416,0.0,0.4057690214838785,1.6079624518032456,58.20368032310446,0.9777041637163175,0.7292125686984254,0.0,0.5402740085053732,0.0,0.836184361656977,2.4176331250705423,0.6717907142803063,0.49656908521097537,0.1752216290693308,0.0,0.0,0.3282092857196939,0.0,0.0,0.0,0.9800000000000001,0.98,0.27280312535564405,,,0.1887933662721779
B000787,19101.23592542986,10.518301721051685,13.237104179008716,12.748941208035609,0.0,0.39048671774832094,0.02083784222648255,0.46468388165056085,5.450714872067356,0.0,0.0,2.331534184900586,1.8603628290200462,0.8756898350636958,1.9289019935093101,1.0,0.7783354911530844,0.22166450884691533,0.0,0.0,0.0,0.0,0.0,0.0,0.0,1.0,,0.33626526817452523,,0.18847355270950683
B000788,2711.5799705396985,4.489370812151819,8.101622803435447,2.7160462204749227,0.0,0.19933267767444454,2.0970236241392466,75.85517224578724,1.9220704340194266,1.4840430254293735,0.0,0.3510329299589755,0.0,0.7322244227440454,2.0112365710600013,0.9792396948407328,0.9792396948407328,0.0,0.0,0.0,0.02076030515926722,0.0,0.2,0.2,0.2,0.98,0.300670634888014,,,0.2770151739533745
B000789,2723.929155556524,7.964705133206211,19.96173498133365,8.246576944261877,0.05195732084659805,0.15586774374677553,0.014039373102807737,0.32101066502119535,2.5598114460978025,0.24650529904868126,0.9971153241318826,0.2878504031176957,3.3160396534809253,0.5573830073292239,2.7435285081139758,0.25395599466123403,0.21781524640960084,0.036140748251633124,0.41634179772152413,0.0,0.32970220761724195,0.0,0.0,0.0,0.0,1.0,0.10896365870497902,0.3534411837511947,0.2910359150867524,0.19106616983379643
B000790,4067.0978306810384,3.5992016200717156,13.654339474523237,5.7790127356434215,0.0,0.24,0.03939837603831705,1.5329675269010505,1.277199338241164,0.9927094458138072,0.0,1.0534622124907815,0.0,0.2758306235259631,2.8984129855125005,0.36932991711374524,0.07663661351665736,0.292693303597088,0.2758137916691722,0.0,0.3548562912170825,0.0,0.0,0.0,0.0,0.95,0.7445170587435109,0.4736532820022859,0.7052932239082726,0.19106616983379643
B000791,4021.114803197763,7.884538829799536,17.135178704127167,10.765142960707264,0.0,0.38133147550650603,0.018005135585938623,0.3028740058513399,3.073770089462726,0.7668211483575302,1.001340521375348,1.3085335228186266,1.2006260393076995,0.533447508477606,1.7385375608801388,0.9966618212033657,0.6850988768400146,0.3115629443633509,0.0,0.0,0.0033381787966343533,0.0,0.0,0.0,0.0,1.0,,0.21950842923539637,0.44977212221291474,0.18847355270950683
B000792,4985.514189721691,7.47453401757375,17.28010809408799,19.210186006940727,0.0,0.5332853332145855,0.0098682956733582,0.22006299351588784,1.1172390740848432,0.5325839836828702,2.433684887105878,1.9346409649554788,0.5234387177490497,0.9329463899956301,1.9421034033872042,0.6744031291604373,0.4155721491412351,0.25883098001920224,0.32559687083956274,0.0,0.0,0.0,0.0,0.0,0.0,1.0,,,,0.19106616983379643
B000793,1210.7261613590624,2.001200266709194,14.954415473497452,3.7763277641572253,0.058256846469348506,0.49647622663308855,0.2319395517480182,8.375179217906812,0.6336726502371595,0.7620604818615334,0.0,0.4367920710600549,0.030906351926439368,0.13776871162400697,2.574344439859257,0.4574200762179485,0.44197616865878037,0.015443907559168114,0.21826504739494304,0.0,0.3243148763871086,0.0,0.0,0.0,0.0,0.92,0.6501811407792308,,,0.19006326769067228
B000794,3784.9454835157494,1.6586088884819234,12.069655881837976,2.7631749041952123,0.0,0.45347630621288443,0.39966679185250553,18.666062954424966,0.49430329951907853,0.07231012407219213,0.02715435270949423,0.34213063046455466,0.3343758031673972,0.3883346785492071,2.5119202434994663,0.5003770277362126,0.45678017704142615,0.04359685069478645,0.20160015148202998,0.0,0.2980228207817576,0.0,0.0,0.0,0.0,1.0,0.7198186584019834,0.31777076853291475,0.24156109772647757,0.19006326769067228
B000795,3844.0573797487646,7.350014110418288,25.477461025416417,12.397592149875244,0.0,0.20144300474043536,0.022530129120402555,0.9097212375529478,1.311707278096504,0.8530633736599286,1.0016720063740487,0.946980661868616,2.797491645903397,0.43909914451579357,2.3449851828291273,0.4199144864952141,0.29107382746487065,0.12884065903034347,0.3806103775961584,0.0,0.1994751359086274,0.0,0.0,0.0,0.0,1.0,,0.5098046267278094,,0.19106616983379643
B000796,3723.502455433436,2.766346549356193,10.320547711915705,3.785092117804074,0.0,0.17860416964397852,0.014571314279130542,0.28441838840200984,1.1943433603216067,0.5370129498331595,0.0,0.7568316376680002,0.0,0.27815860153342686,2.6000337586192694,0.5459993533480664,0.351875826070496,0.19412352727757032,0.0,0.0,0.45400064665193374,0.0,0.0,0.0,0.0,1.0,1.0709921799279039,,,0.19106616983379643
B000797,16615.43435799675,5.99835175378944,9.518026655025304,10.587135211759872,0.0,0.40291132185879447,1.2844735610128704,60.2739168014579,2.206519339101224,0.0,1.0151410829442098,2.191375265402524,0.0,0.5853160663414799,2.4923337253024904,0.6478990770531157,0.6478990770531157,0.0,0.0,0.0,0.35210092294688405,0.0,0.28,0.28,0.28,0.7,0.3282910708729935,,,0.3116940136216534
B000798,48430.36361926704,11.71796845373023,20.37397998857637,7.115299206899012,0.15744628408572914,0.46430396336544333,0.02639310179023243,1.2440332211813012,8.918511792758446,0.3979882355598066,0.09553198207332912,1.0840507366195566,0.06125845282225945,1.1606272538968303,1.3708992676374774,0.976341303614406,0.8756768647783906,0.1006644388360155,0.0,0.0,0.02365869638559402,0.0,0.0,0.0,0.0,0.5,0.09550802438474852,,,0.191088296168766
B000799,12327.551889084822,9.799325825981574,20.621525698499333,11.816027865335862,0.0,0.44203908565662253,0.014659287743802523,0.30267525032689757,4.519734617200979,0.0,1.7398457635260283,0.9217350069293696,1.7374661842427266,0.8805442540824732,2.6428330451440583,0.5009255187727096,0.4068644554610361,0.09406106331167344,0.0,0.0,0.49907448122729064,0.0,0.0,0.0,0.0,1.0,,,,0.18847355270950683
B000800,2582.31007268537,3.3021867937153067,5.49420019547938,3.098375886067647,0.0,0.23999999999999996,2.042899472858082,73.95252968530971,1.1378223519191035,0.0,0.0,0.5679152827322949,0.5237193213513968,1.072729837712512,2.13510430927175,0.7578368531088556,0.7578368531088556,0.0,0.1585977275265393,0.0,0.08356541936460517,0.0,0.2,0.2,0.2,0.98,0.21600962053720876,,,0.2770151739533745
B000801,3913.612306120028,1.2416282697081307,8.859001240172248,2.43804721791712,0.0,0.38334709221002977,0.4023941027131257,14.580837853087026,0.22053733307426615,0.37704259423948233,0.0,0.319642573114516,0.1019205140044408,0.22248525527542548,2.3377756472951075,0.740294373971924,0.17918829709613895,0.5611060768757851,0.08208617385008415,0.0,0.1776194521779919,0.0,0.0,0.0,1.0,1.0,0.4377547005762662,,,0.19006326769067228
B000802,7851.449652673168,11.753667144720312,35.73532622357414,3.7100654692707815,0.04945219396763908,0.3055155192940667,0.05199010464559119,2.265211365194618,9.664390959729989,0.5221498340744593,0.0,0.9926498351417433,0.1237885469572792,0.4506879688168402,3.3546640219980977,0.17775526218885773,0.17775526218885773,0.0,0.0,0.0,0.8222447378111422,0.0,0.0,0.0,0.0,1.0,,0.37420415214508346,,0.191088296168766
B000803,1600.0155352319546,2.0997579202519088,9.410631793886996,3.9007431292900687,0.0,0.3835490527140845,0.6412844307423126,42.24730542474262,0.34736545551158143,0.0,0.049075628318348996,0.5020483066397149,0.7560532822868662,0.44521524749539687,2.4173171744363136,0.7963773631011278,0.5339071375372467,0.26247022556388083,0.0,0.0,0.203622636898872,0.0,0.0,0.0,1.0,1.0,0.43515339565440003,0.417638027431835,0.4425372308629304,0.19006326769067228
B000804,1049.0490270337225,1.866635279419435,9.202821535295582,4.535572684861931,0.0,0.14317625313401042,0.39766538009742813,14.39729594584311,0.5606902451714936,0.0,0.07795509757836579,0.8320490596618881,0.18656968193986576,0.20937119506782173,2.0515688177453963,0.7338940471877579,0.592181961042839,0.1417120861449188,0.0,0.0,0.26610595281224214,0.0,0.3,0.3,0.3,1.0,1.0924467668912539,,,0.32152411226147926
B000805,2707.803009229742,1.7469696833740271,10.319828297000814,2.268688304310564,0.09951440557323216,0.3020942096739038,0.3718615942898529,13.404880398603048,0.7480172760265725,0.6168715743175738,0.019177338933422473,0.0703082472587885,0.12007894813266502,0.17251629870500484,1.5620784712267572,0.9913703475312601,0.8714114631159727,0.11995888441528729,0.0,0.0,0.008629652468739825,0.0,0.0,0.0,0.0,0.6,0.803452277925829,,,0.19006326769067228
B000806,25589.707199745888,5.98589642099319,10.70908164263285,10.954198348511747,0.0,0.553544226084115,0.0119787275260479,0.2671256238308682,1.4788552501293706,0.2642622732528538,1.2945219806830321,1.8167489592581867,0.0,1.131507957669745,2.095727304663916,0.7114957969739867,0.6673483118410902,0.04414748513289626,0.0,0.0,0.28850420302601315,0.0,1.0,1.0,1.0,1.0,,0.3289010240490111,,0.6084446516532538
B000807,9648.433749800268,3.4907502712736136,9.785689171388634,6.677583404540335,0.0,0.2678541840058194,0.03634351263839192,0.7486451936329384,1.1181534796506145,0.6640908343935253,0.0,1.3391240186835598,0.0,0.3693819385459136,1.6500367808876986,0.9941481033243523,0.42028440715504595,0.5738636961693064,0.0,0.0,0.005851896675647546,0.0,0.0,0.0,0.0,1.0,0.5998921549904556,,,0.19106616983379643
B000808,28566.80544662333,11.848529840988522,21.443294874895887,5.58419728773118,0.0,0.39360377728819385,0.052341391175660834,1.7658676817200158,9.112537325656287,0.0,0.09984328412337042,1.9536412826975271,0.0,0.6825079485113364,2.692949737045973,0.4179700280570217,0.37938790736212724,0.038582120694894445,0.0,0.0,0.5820299719429781,0.0,0.0,0.0,0.0,0.5,0.12296114382501497,0.1447661290209412,,0.191088296168766
B000809,1970.7741340195714,5.779396287447423,11.883723946737833,12.352652671213638,0.28239199675845006,0.4418304008726024,0.009491921180588012,0.16221055550474703,1.1051902596800574,0.4054683208623851,1.297145698503656,1.7135058678627035,0.4111780302014894,0.8469081103371333,2.0112460193473334,0.9522129908278354,0.6557277209763186,0.29648526985151674,0.0,0.0,0.047787009172164586,0.0,1.0,1.0,1.0,1.0,,0.2144411691111763,,0.6084446516532538
B000810,571.2163916489325,1.6800482107321544,9.143712225670006,3.4560038342803288,0.0,0.7304292413854004,0.36898621826139216,17.19575586778938,0.5023534534072502,0.09356844653703743,0.03263706936771708,0.640540257384231,0.0,0.4109489840359185,2.4000435793229964,0.7306044414866453,0.6554842663044373,0.07512017518220798,0.0,0.0,0.2693955585133547,0.0,0.30000000000000004,0.30000000000000004,0.30000000000000004,1.0,0.5758580185883762,,,0.32152411226147926
B000811,18921.985080863262,5.578415412990348,13.009539157882354,8.700473168590895,0.0,0.31087016232723486,0.02248989517178392,0.4396444777723687,1.963563469927242,0.9661502776290817,0.923973441141432,1.3644319360355224,0.0,0.36029628825706944,2.578565599852652,0.4681102833830914,0.29491588925833206,0.17319439412475918,0.1656336742132529,0.0,0.36625604240365567,0.0,0.0,0.0,0.0,0.95,0.35015541987370397,,,0.19106616983379643
B000812,3912.9150255237787,12.829229591881242,18.027051651855196,29.40369423378025,0.0,0.6678501629870696,0.020661058363674073,0.4607416015099318,4.647914251647324,1.3964459048156832,0.7650573577681582,2.9206904482663902,1.859087061204424,1.2400345681792637,1.9242582800970491,0.9690787035849814,0.860229930179336,0.10884877340564551,0.0,0.0,0.03092129641501862,0.0,0.0,0.0,0.0,1.0,0.16031779292575593,,,0.18847355270950683
B000813,3154.871703536448,2.086555359481778,9.002826981257494,3.0761445705746344,0.0,0.365,0.3762752880661132,13.51163094545681,1.0210970574547849,0.0,0.10201617545921401,0.7020106362421544,0.0,0.2614314903256247,2.9679207225777775,0.5106302582317361,0.17418548908048406,0.33644476915125204,0.0,0.0,0.489369741768264,0.0,0.0,0.0,0.0,0.6,,0.2695629600389851,0.4360707716818078,0.19006326769067228
B000814,1407.3323645525977,1.293504011537314,5.717735271003458,1.9162608451688068,0.0,0.6567735978250686,0.4378554979578851,15.79698237849047,0.4410772643999509,0.0,0.07597476967578565,0.3412135232614105,0.0,0.43523845420016694,2.249617682042792,0.75846758076616,0.4946775034119488,0.26379007735421117,0.0,0.0,0.24153241923383986,0.0,0.5,0.5,1.0,0.5,0.804157357891054,,,0.40649680945047806
B000815,6648.032640385441,1.6985264794035362,10.251647334690519,3.8979979805504255,0.17833988326424557,0.21842236696012404,0.46039216861248783,16.66619650377206,0.25321569273686834,0.398932183147479,0.05577280175772412,0.7909611455123023,0.042745547853481024,0.15689910839568103,2.301887996253876,0.8377821937459805,0.5700766322378196,0.26770556150816077,0.0,0.0,0.16221780625401946,0.0,0.0,0.0,1.0,1.0,1.1078777990080337,0.3576772949149785,,0.19006326769067228
B000816,4951.3506716637285,1.73366620156293,12.20384959774029,3.6686310316803192,0.0,0.36929421143624946,0.20231363513728923,13.413079044690118,0.3095111282165888,0.37030083092552046,0.04437360863724019,0.5685479769572038,0.23414489362013088,0.2067877632062461,1.9415074500243734,0.8214701723217774,0.4002766265011188,0.42119354582065854,0.0,0.0,0.1785298276782227,0.0,0.5,0.5,1.0,0.5,,0.35327326377673485,,0.40649680945047806
B000817,2233.0022399033514,3.973313594134077,12.801109163258946,7.9365949862449785,0.3140917721719187,0.4539551387524802,0.016182066068341043,0.41847527564180353,1.377138814709425,0.0,0.12272610865057565,1.281710602406545,0.7122172893998846,0.47952077896764633,2.37782980629779,0.6271139927401428,0.6271139927401428,0.0,0.0,0.0,0.3728860072598571,0.0,0.0,0.0,0.0,1.0,,0.43143836375614425,0.2675503029266115,0.19106616983379643
B000818,8527.646216442992,9.624882862802474,13.783454622303609,14.872328438443251,0.0,0.30995800625195014,0.027489092114869298,0.8858460340770539,1.8630790341612509,0.5287327455324163,2.04266233720128,1.36951317667376,2.3273901320892865,1.4935054371444825,2.2260081884308227,0.7581902901817115,0.40367423398510455,0.35451605619660687,0.24180970981828875,0.0,0.0,0.0,1.0,1.0,1.0,1.0,,,,0.6084446516532538
B000819,3571.630120482843,1.1252772906373165,5.7288757084691175,1.568301610491876,0.0,0.24,0.5618945876577788,20.316373691377276,0.30826785402521584,0.0,0.08935024329032139,0.2898412347826393,0.0,0.4378179585391401,2.8455601998509166,0.5959791333076639,0.3384059669475007,0.2575731663601632,0.0,0.0,0.4040208666923361,0.0,0.0,0.0,1.0,1.0,1.0257509023963198,0.3283365881264465,,0.19006326769067228
B000820,15982.303285778795,5.343464823062118,8.165394680784418,5.66134650522943,0.0,0.38764576862592776,1.7678214421028733,82.99089937785983,2.327575251666453,0.5373689483815125,0.0,0.45874043045346447,1.1937964487415897,0.8259837438190988,2.761620225061446,0.5871386222280714,0.3637261944734757,0.22341242775459583,0.0,0.0,0.4128613777719285,0.0,0.0,0.0,0.0,0.98,0.1991834319570073,,,0.1887933662721779
B000821,8518.643257489244,8.021321334735635,15.794523211999554,4.621116856036134,0.0,0.4585116448833297,0.029430966743584266,0.9931391753183525,5.921867085060318,0.0,0.07051662985341887,0.8251715241273504,0.1366130690065284,1.067153026688018,1.3509640484144143,1.0,1.0,0.0,0.0,0.0,0.0,0.0,0.0,0.0,0.0,0.5,,,,0.191088296168766
B000822,3843.8045012070643,2.656395646998662,5.5012571262727255,5.424496195399324,0.0,0.5873126654271593,1.366479167946723,49.41414885049231,0.8291371089578582,0.7906339280605912,0.0,0.4659845274084119,0.11809955410759576,0.45254052846420506,2.5037078464162366,0.6878713794405354,0.46799295802543617,0.21987842141509947,0.0,0.0,0.31212862055946433,0.0,0.0,0.0,0.9800000000000001,0.98,,,,0.1887933662721779
B000823,22859.598020940855,10.466848910687204,14.317924513314743,6.834462132951124,0.1789887142236107,0.36500000000000005,0.01014966787517922,0.4709445894083158,6.70261086096741,0.0,1.9857421696409845,0.0,0.9769558772553381,0.8015400028234733,2.99743695907226,0.3596343161002649,0.2662962077935887,0.0933381083066762,0.0,0.0,0.6403656838997351,0.0,0.0,0.0,0.0,1.0,0.12559865635821235,,,0.18847355270950683
B000824,862.5012699059295,1.9425704277160574,13.644657954652365,3.33678103184206,0.036348994112556876,0.3124798843459347,0.6210940032567412,22.47062421500312,0.4352009618954231,0.605420477466013,0.03661459891888537,0.456741397881944,0.1797404627720305,0.22885252878176135,1.738783949300138,0.8664449509154091,0.8664449509154091,0.0,0.09252712808119763,0.0,0.04102792100339337,0.0,0.3,0.3,0.3,1.0,1.1855686017319613,,,0.32152411226147926
B000825,439378.8648766374,265.325401495554,493.41965335142436,2428.778385740201,0.7664842796798851,0.45301335530576897,1.554264196827507,56.19558384166071,0.9427775256044251,0.0,0.0,1.1599998566222405,262.2506567902998,0.9719673230275132,2.0101304457583415,0.9955468579525009,0.991174868500742,0.004371989451758837,0.0,0.0,0.004453142047499083,0.0,0.0,0.0,0.98,0.98,0.4444588608757526,0.31858697586873297,,0.1887933662721779
B000826,17561.362419867306,7.106986005612022,22.656913803007043,2.686677398380123,0.0,0.29612529279712285,0.02277243451516682,1.3374195128992483,5.3279420036537095,0.48653358336520486,0.03292716775510652,0.4791035211352225,0.20025774150773873,0.5802219881950399,2.7688995914934034,0.391533876143506,0.38690080556631534,0.004633070577190616,0.06741303848873476,0.0,0.5410530853677592,0.0,0.0,0.0,0.0,0.5,0.10166625535616318,0.18286218680777097,,0.191088296168766
B000827,11932.78672897764,5.921978525547216,10.537763283656112,10.224447114061553,0.0,0.2351353156735556,1.683865618347544,60.949141686568375,1.01619001399934,1.5757313642771205,1.3461700143067292,1.1426523455509026,0.0,0.8412347874131244,2.393830133964705,0.8271246422057035,0.6341735295629375,0.19295111264276604,0.0,0.0,0.17287535779429664,0.0,0.0,0.0,0.98,0.98,0.3073726149509116,0.4073802275705145,,0.1887933662721779
B000828,2010.3278630218815,1.44316429506237,3.1431820895467997,2.4689380170555997,0.0,0.24,1.3344180478636074,48.3177436007378,0.8101101311376436,0.0,0.0,0.2867371062298257,0.0,0.34631705769490095,2.883104234679493,0.4386570303122469,0.4386570303122469,0.0,0.0,0.0,0.5613429696877531,0.0,0.0,0.0,0.98,0.98,,,,0.1887933662721779
B000829,27740.867372810164,12.220646419740161,25.03235898531445,9.435984169345366,0.30245265932866455,0.33378635387946665,0.03749572183904297,2.282889637696899,8.320473282994005,0.5313113780652441,0.1521984023494926,2.387011801263383,0.28694548458890057,0.5427060704791351,2.9827308769302205,0.3132928845831783,0.27735829717632576,0.03593458740685261,0.0,0.0,0.6867071154168217,0.0,0.0,0.0,0.0,0.5,0.18332465554847857,0.21865313626975777,,0.191088296168766
B000830,12824.927224174406,7.357961689141942,10.487561757653447,4.9543122132835355,0.171098712385617,0.25748992627054507,0.025436956515726097,0.4650027126221877,4.295904300805746,0.4876810812987902,1.7983387298298874,0.0,0.0,0.7760375772075188,2.9640440209612944,0.41615565800714055,0.1717484694669128,0.24440718854022775,0.0,0.0,0.5838443419928594,0.0,0.0,0.0,0.0,1.0,0.3463069162744538,,,0.18847355270950683
B000831,16697.10467348326,12.47915147495012,16.854542774324145,24.25744389061548,0.13395707320304587,0.17579001768643476,0.020538115566702455,0.6114372172796656,4.375856412977413,0.38544776529841257,0.0,3.880113434792937,3.08061697198871,0.7571168898926479,1.881219570443212,0.7222515694080095,0.45989859981007414,0.26235296959793514,0.2777484305919907,0.0,0.0,0.0,0.0,0.0,0.0,1.0,0.22460698016379738,,,0.18847355270950683
B000832,5620.207787759501,4.350006027677632,11.19415452649334,9.637214649067174,0.055319667138550244,0.3740902094456798,0.015151086533193851,0.3259258382782696,0.4519351850444857,0.0,1.1184931245382939,0.8945357911557011,1.1230363901364375,0.7620055368027148,2.2662172092240556,0.8961069979744916,0.6389824980492743,0.2571244999252177,0.0,0.0,0.10389300202550833,0.0,,,,1.0,1.0086640180011075,,,0.19106616983379643
B000833,4251.4172880159385,6.252084247082262,9.905434677650721,7.67937885740105,0.0,0.3934705067024243,1.339166820351804,48.47729280689215,1.8526058667961438,0.6141318539955657,0.8879152604414183,0.8749328726006147,0.7586097984860721,1.2638885947624465,2.567903335688686,0.5739802729354104,0.43403768130943693,0.13994259162597344,0.1420190812137237,0.0,0.2840006458508657,0.0,0.2,0.2,0.2,0.98,0.40514871116436546,0.4729361916111793,0.28709382197947425,0.2770151739533745
B000834,3432.0492547198887,3.990754947348708,12.886579592489298,9.463175106028562,0.0,0.4155383082581948,0.018892409545755558,0.6460609242028732,0.379528697591688,1.1508747424833958,0.8111888436734189,1.1815782746012637,0.0,0.4675843889989422,2.01690685022281,0.9048980198987585,0.11716690079143695,0.7877311191073217,0.0,0.0,0.09510198010124153,0.0,0.0,0.0,0.0,1.0,0.6806182323605181,,,0.19106616983379643
B000835,3023.0721980958906,4.738357677266286,11.559865792037904,7.183410260715184,0.0,0.6459089907465055,0.019388636574585342,0.4323665956132531,2.2608059836742647,0.4863823407036105,0.0,0.3667266901422889,0.763673188030442,0.8607694747156811,1.7688714879718352,0.9176004354607,0.8402051193785537,0.07739531608214632,0.0,0.0,0.08239956453930004,0.0,0.0,0.0,0.0,0.95,,0.3860117570566336,,0.19106616983379643
B000836,13424.210077121308,3.254353958090014,9.169556293831274,3.6916537929817737,0.0,0.4226587818847808,0.9682493827295328,34.999950919962096,1.2081938441404767,0.31877725988829253,0.07187331416544607,0.9163955990321551,0.15948891504034024,0.5796250258233043,2.767502109411961,0.5910339628516518,0.3094433274033832,0.28159063544826857,0.0,0.0,0.4089660371483485,0.0,0.0,0.0,0.0,1.0,0.5854097364927908,0.2897794458348092,0.6365888645032594,0.191088296168766
B000837,3920.284440345777,1.5988109463074132,9.663519869355794,2.744526188456076,0.0,0.42327282765563456,0.24324078620489628,8.771967636460921,0.3712622543077729,0.43800962807289395,0.0,0.5702733062670315,0.0,0.21926575765971473,2.1712582043967497,0.7170621222724941,0.7170621222724941,0.0,0.05072639883737573,0.0,0.23221147889013016,0.0,0.5,0.5,1.0,1.0,0.7611006514276834,,,0.40649680945047806
B000838,4595.960074409117,4.941892553128082,13.480190002217492,8.9982778018036,0.1925936455372012,0.42787223436916,0.017337309228096887,0.38662199578656065,1.8424564213587713,0.7759750102611681,0.1609586150683673,1.0245472121288544,0.8695382687739132,0.2684170255370084,2.4153504030551116,0.6187644820019144,0.46174467594198765,0.15701980605992683,0.0,0.0,0.3812355179980857,0.0,0.0,0.0,0.0,0.95,0.7347349240832823,,,0.19106616983379643
B000839,33182.85708485118,11.072024386003063,32.37893099418178,6.66682292859959,0.0,0.4603101298371247,0.050137340507063026,3.079587877558877,9.1582149191905,0.0,0.06885734262366427,1.0094529430177137,0.4457687882180594,0.38973039295312867,3.352956959396532,0.16223938549173056,0.03080707641233377,0.1314323090793968,0.006219038201425184,0.0,0.8315415763068446,0.0,0.0,0.0,0.0,1.0,0.14481458826203064,,,0.191088296168766
B000840,12021.598773835034,6.853819141297055,21.789213908304237,9.662708825776045,0.0,0.3265911188460292,0.01616148519676717,0.3224476374455911,1.3700169863283593,0.0,4.219851414296407,0.0,0.9581619120938996,0.3057888285783888,2.4600550026836885,0.800108967265645,0.18441553747114067,0.6156934297945043,0.0,0.0,0.1998910327343551,0.0,0.0,0.0,0.0,1.0,,0.4002380363161513,,0.19106616983379643
B000841,6954.292299378156,3.6640106951412834,5.620925321934754,3.9542838519227264,0.5474645772150254,0.021,1.406886722641765,50.85798465290605,1.9650155683263553,0.5746614952171091,0.0,0.48134210131589256,0.0,0.6429915302819258,2.8485345569228406,0.46312691052275284,0.46312691052275284,0.0,0.0,0.0,0.536873089477247,0.0,0.19999999999999998,0.19999999999999998,0.19999999999999998,0.98,0.3343203665911069,0.3842139427341535,0.21283174089660428,0.2770151739533745
B000842,2846.851976431642,3.202308184962477,4.012150707979087,2.2136879725489464,0.0,0.365,0.01832921016525836,0.4087413866852615,1.561132885351817,0.8714470266571228,0.0,0.29738022284872107,0.0,0.47234805010481656,1.8357225532127825,0.9917759130675812,0.9917759130675812,0.0,0.0,0.0,0.008224086932418752,0.0,1.0,1.0,1.0,1.0,,,,0.6084446516532538
B000843,911.2666373782098,1.6360262789554934,11.38004423489926,3.034992019593192,0.0,0.34099831310726025,0.37972514921042616,13.756523343508992,0.4733473187515876,0.22710574563438468,0.013362538630615059,0.4819540322113624,0.18955093365578468,0.25070571007175874,2.4539881618600123,0.6361142919553255,0.1945429518313842,0.4415713401239412,0.0,0.0,0.36388570804467446,0.0,0.0,0.0,0.0,1.0,0.9018161728342478,0.35461977321502114,,0.19006326769067228
B000844,6112.953717872059,1.8676913284057621,10.202050821036483,1.7346002335574844,0.0,0.4054355568571653,0.5210394148827164,18.816066604455486,0.6479882065177233,0.0,0.1814547330476712,0.08248860278952112,0.5560268587195268,0.39973292733131954,2.726878936240098,0.6474275980458561,0.3497194862915738,0.2977081117542824,0.0,0.0,0.3525724019541437,0.0,0.0,0.0,0.0,1.0,0.7220997591155621,,,0.19006326769067228
B000845,1131.372175542325,3.2888726033207125,5.885612854266743,2.088207390571263,0.0,0.40030328303495766,1.1577462721984098,41.90319097510539,1.6088914095015892,0.0,0.0,0.21624702453208147,0.7318643173094872,0.731869851977555,2.9484164264001738,0.30557454857779454,0.30557454857779454,0.0,0.22252741458289924,0.0,0.4718980368393064,0.0,0.2,0.2,0.2,0.98,0.41478543797331136,,,0.2770151739533745
B000846,2592.027899165747,5.479974416840903,8.365522601624368,4.489284773238261,0.0,0.4222593524110494,1.8246664970951507,85.76663009406474,2.448323834720476,0.0,0.29260791892765387,0.0,1.5334866430047114,1.2055560201880609,1.9003953748289313,0.647386801322203,0.647386801322203,0.0,0.33323049033230207,0.0,0.019382708345494673,0.0,0.0,0.0,0.0,0.98,0.3113512273347266,,,0.1887933662721779
B000847,2942.4418041069816,4.144284231136594,11.789383095707032,8.615148769323335,0.0,0.5850206491687714,0.014728662499791961,0.24065384882285362,0.976316515059257,0.9021057309899309,0.24958836863194492,1.2370141480785002,0.0,0.7792594683769616,1.6148923492296288,1.0,0.7823253231010839,0.21767467689891606,0.0,0.0,0.0,0.0,0.0,0.0,0.0,1.0,0.6848276694600827,,,0.19106616983379643
B000848,5061.744931462107,3.193529925212686,5.991644536657259,0.571362132470363,0.0,0.24000000000000002,1.592098439079726,74.82862663674712,2.017201961480245,0.0,0.16351045538100462,0.0,0.219873535506609,0.7929439728448269,1.4052131323794603,1.0,1.0,0.0,0.0,0.0,0.0,0.0,0.0,0.0,0.0,1.0,,,,0.191088296168766
B000849,3674.4959135966906,6.457813556408946,11.322026252462868,11.072115199492536,0.34253895248026217,0.37631720525857765,1.144792459699386,41.371108647954486,2.058109047221229,0.5996923094634696,0.8071588444396134,2.2810493619301315,0.21900349535828012,0.49280049799622194,2.3082694337241407,0.6690794336891402,0.31585626581580556,0.35322316787333435,0.09286305716712977,0.0,0.23805750914373017,0.0,0.28,0.28,0.28,0.7,0.4295107958324872,,,0.3116940136216534
B000850,13825.899214109179,12.192150982459593,27.447052217291628,15.173626052365968,0.059251508286619924,0.40719810556775327,0.00648569455868364,0.014981954430559209,5.474952903646566,0.5790080956145328,0.372597578434593,1.5578280338188961,3.665473217450768,0.542291153494236,1.4196590149047235,1.0,0.9694395534495401,0.030560446550459856,0.0,0.0,0.0,0.0,0.0,0.0,0.0,1.0,0.19918992772968241,0.26627285342122886,,0.18847355270950683
B000851,3789.8175838759,7.204976395201331,9.998590115861075,9.636532657574334,0.1154646219091742,0.6263740267178924,0.02364952194079289,0.512806608292567,4.328001336696343,0.0,0.6468158131313747,1.24776059744793,0.0,0.9823986479256822,3.059487526137236,0.3447591478333992,0.17157876124962565,0.17318038658377358,0.0,0.0,0.6552408521666008,0.0,0.0,0.0,0.0,1.0,0.20119845478177892,,,0.18847355270950683
B000852,21339.216028379975,4.639968695016303,9.379971067663789,6.034664963023457,0.15012299622216319,0.3624407856797575,1.4545272802566969,52.594280164539015,1.9598556513914234,0.9690351294819718,0.4047868151091589,0.36552238708152823,0.3918474060133555,0.5489213059388635,2.6687350024995755,0.6027110964038924,0.5154719700830765,0.08723912632081599,0.0,0.0,0.39728890359610747,0.0,0.0,0.0,0.0,0.92,0.3825214201102867,0.4103548118224795,,0.1887933662721779
B000853,87497.52868958817,53.61368179509079,239.05168558149256,429.808865878108,0.616088213155809,0.4697532355567669,0.38985976573032627,14.112915269376936,1.169636401214998,0.48662454093773105,0.052969937018744515,51.315753272047004,0.1676991276864502,0.42099851618587486,1.3341652228684135,1.0,1.0,0.0,0.0,0.0,0.0,0.0,0.0,0.0,0.0,0.6,,0.29986935095947825,,0.19006326769067228
B000854,12770.861973409343,5.8689623039565,11.779342610331504,7.461718261429235,0.06469912060431947,0.1835506522439447,1.3519909779776702,63.45055957476037,1.7404722654630045,0.8719529169977543,0.9756677384788778,1.1291702255627722,0.6713074644877215,0.48039169296636836,2.389769384440985,0.7000610491269946,0.24471128393142388,0.45534976519557074,0.0,0.0,0.2999389508730052,0.0,0.0,0.0,0.0,0.98,0.27812980890179406,,,0.1887933662721779
B000855,19680.252719376054,20.891988024815344,35.23565660530636,10.486692063025552,0.0,0.39800902349756634,0.08531155439274384,5.224385840735841,15.54560160373232,0.4306187503554936,0.05659899482411255,2.2376933418077685,1.463026649172427,1.1584486849232292,3.222582761739075,0.21884731520260245,0.12805377800475218,0.09079353719785017,0.020611669403792877,0.0,0.7605410153936051,0.0,0.0,0.0,0.0,1.0,0.0663931432698356,0.3045582914401373,0.48909745112086583,0.191088296168766
B000856,463.8671111911588,1.2849504465129054,5.718207757863113,2.153637674617388,0.12064120845668413,0.23641215000334326,0.4125116201128773,15.009327604313867,0.4194574229822611,0.0,0.06589598974338562,0.3811163639503823,0.1549590659285862,0.2635216039082902,2.5221785407932047,0.6280198053426689,0.33141975746949637,0.2966000478731727,0.12059536330689923,0.0,0.2513848313504318,0.0,0.5,0.5,1.0,0.5,,0.36663248885206373,,0.40649680945047806
B000857,6231.926331527262,4.099951533899515,18.41470589676108,5.113957307744414,0.0,0.10407765628042173,0.6408121675399369,23.121014499370453,0.35104206890836975,1.2107549787275664,0.056869761443434814,1.0081168860940004,0.13531566849161408,1.3378521702345287,2.044559402078046,0.9067217585536707,0.9067217585536707,0.0,0.0,0.0,0.09327824144632921,0.0,0.0,0.0,1.0,1.0,,,,0.19006326769067228
B000858,1073.5299961865192,2.5682535793935863,4.691339904631461,0.48776242224912103,0.0,0.47,1.4600903177112667,52.89653062488922,1.9032183517162145,0.0,0.0,0.15023082605272928,0.0,0.5148044016246427,3.3214072872900657,0.2589445345324504,0.20044921021630496,0.05849532431614546,0.0,0.0,0.7410554654675495,0.0,,0.0,,0.98,0.21794364706234648,0.36428144001211843,,0.1887933662721779
B000859,3340.414411143743,1.0834947814283955,8.701357705027503,1.3250648065755803,0.0,0.4129151440817174,0.24354408000770772,8.742239733047393,0.3392486961451211,0.23479856168619212,0.05793266947451094,0.05545345439211271,0.17545281377542873,0.22060858595502975,2.5500351707730213,0.6733330624255847,0.6733330624255847,0.0,0.0,0.0,0.3266669375744152,0.0,0.3,0.3,0.3,1.0,0.8999564209679958,0.3055680793296282,,0.32152411226147926
B000860,425448.38915536954,937.1109893290078,1769.4985366174599,2744.6641788125066,0.0,0.3331547458234485,1.5017941492367086,99.85172228278739,0.9115948818063341,0.0,1.5904265935584798,933.4300113507952,0.40496410927854687,0.773992393569259,2.3353110155697236,0.9972438688774106,0.0011718752930094806,0.9960719935844011,0.0016971592603958903,0.0,0.0010589718621935766,0.0,0.0,0.0,0.98,0.98,0.4754248826775285,,,0.1887933662721779
B000861,4556.64359892532,1.7240422243379945,14.138098043941163,3.0246270793290377,0.0,0.07393056912011564,0.5502164505556546,36.64441560700659,0.33291803282679894,0.7345316682330842,0.0,0.4913846978068119,0.0,0.16520782547129953,1.77854586354371,1.0,0.714981053903424,0.285018946096576,0.0,0.0,0.0,0.0,,,,1.0,,,,0.19006326769067228
B000862,2069.8288190302987,2.1741899359561963,6.314842002004706,5.21640874390598,0.0,0.24000000000000002,2.0763183391007094,75.16272387544568,0.6590849739330812,0.0,0.0,0.9861392689805082,0.22382162839125025,0.3051440646513567,1.3224929625731554,1.0,1.0,0.0,0.0,0.0,0.0,0.0,0.0,0.0,0.0,0.9,,,,0.191088296168766
B000863,357.0845198812715,1.053346666316435,5.6444671058253855,1.9159710061019355,0.4017398533365159,0.40574667999831515,0.5195675157373142,18.795292685498183,0.28511544344778184,0.0,0.031943263214021266,0.3490043012122121,0.04767704976215309,0.33960660868026726,2.4999948026548857,0.6851282293915751,0.3537992259660609,0.3313290034255142,0.0,0.0,0.3148717706084253,0.0,0.0,0.0,1.0,1.0,0.9609436996314962,,,0.19006326769067228
B000864,1429.9740289397519,3.7433875103134864,7.251309702153308,6.574962878874904,0.41118162716170875,0.44643704648085986,1.027855600535578,37.15817715475276,1.7734060310919795,0.0,0.0,1.2794761536824746,0.14650047905917207,0.5440048464798599,2.6167223008661753,0.5262563583903533,0.18446001746722887,0.34179634092312444,0.0,0.0,0.47374364160964655,0.0,0.28,0.28,0.28,0.7,0.34896544705704996,0.41162449466266077,0.6094209821660959,0.3116940136216534
B000865,8308.118959302095,4.454755474156619,10.469093914202004,7.648978447944033,0.0,0.07259672138874124,1.138882548873465,41.075421339695225,1.4172454909428756,0.0,0.0485995251573088,1.2319825893630048,0.9588943051358712,0.7980335635575607,2.3338306341236166,0.6818578485026298,0.17914194576721307,0.5027159027354169,0.0,0.0,0.31814215149737046,0.0,0.0,0.0,0.0,1.0,1.0696262218449921,0.28179866287158983,,0.191088296168766
B000866,8366.781240151802,8.967611189873315,20.80706667768853,1.379902632421993,0.0,0.46165027441553397,0.02136627316124814,0.9913950746819137,7.399083681107347,0.4820304526767778,0.0,0.0,0.09685646709016305,0.989640588999025,2.0351685060248896,0.7761639867378276,0.7116109070480381,0.06455307968978959,0.0,0.0,0.22383601326217215,0.0,0.0,0.0,0.0,0.5,,,,0.191088296168766
B000867,1860.297200578085,5.777320498689705,12.872618666511793,7.405669156134879,0.0,0.46453803309207914,0.02008869128992851,0.4479778157654058,2.0088691289928513,1.0491080445577528,0.37965662008424567,0.18104437369918747,1.297934451269965,0.8607078800857045,2.443645873952088,0.641351008593721,0.2350999625664104,0.4062510460273109,0.0,0.0,0.35864899140627904,0.0,0.0,0.0,0.0,1.0,,0.40264840785444955,,0.19106616983379643
B000868,9200.528138698668,4.224301257437405,15.46751098659374,4.451656991703936,0.04880151233487054,0.1765880275943082,0.010027513255006285,0.19250780453131947,0.32041118894131315,0.6967373729971366,0.9486226249808462,0.37429416687493217,0.0,1.884235903643177,2.1854546338382166,0.9241504879943897,0.6706099674203931,0.25354052057399673,0.0,0.0,0.0758495120056103,0.0,0.0,0.0,0.0,1.0,0.8218485743389141,,,0.19106616983379643
B000869,1377.6740186794664,3.859030864648365,9.921254213352906,6.089497565764278,0.0,0.2763478011516964,0.011153084864847448,0.24871379248609812,0.44612339459389794,0.0,0.0,1.3415279028997527,1.5084389820482116,0.5629405851065025,2.4382818241806934,0.3673995237747102,0.3673995237747102,0.0,0.5169954421529466,0.0,0.1156050340723431,0.0,0.0,0.0,0.0,1.0,0.96606834958734,,,0.19106616983379643
B000870,2011.233507458984,0.9646203872704959,7.315315690069111,1.191159013469626,0.0,0.04453465233392629,0.33647163419231035,12.172410013183502,0.26987146225586134,0.0,0.024793327854129465,0.20998792831048074,0.33698540690993734,0.12298226194008671,1.6207051463585729,0.9662885482684576,0.6169434469654712,0.3493451013029864,0.0,0.0,0.0337114517315425,0.0,0.3,0.3,0.3,1.0,0.6523967142986505,,,0.32152411226147926
B000871,3990.7626824683275,8.314088921809015,11.65250895690374,18.518601322642652,0.0,0.5758185801065935,0.02290868260401209,0.3839430818808128,1.8495189603841482,0.8113829486563551,0.6985239383247215,2.1759801861269144,1.557678528603207,1.2210043597136697,2.779352348957687,0.5476926996328201,0.09861658920823542,0.4490761104245847,0.1816082196355129,0.0,0.270699080731667,0.0,1.0,1.0,1.0,1.0,0.08082357517742032,,,0.6084446516532538
B000872,18935.698666614382,11.298149562419082,14.202367482922897,10.265499488682133,0.4753813243997541,0.30518389491039266,0.010853630641035776,0.5036084617440599,7.167491932759475,0.9628513775840188,1.0198786166073468,0.0,1.0939328450333068,1.0539947904349334,2.9692425016422943,0.36560479278831365,0.17851119396821993,0.18709359882009374,0.0,0.0,0.6343952072116861,0.0,0.0,0.0,0.0,1.0,0.27637318912109127,,,0.18847355270950683
B000873,5122.388480337617,1.3356945189928597,9.290569552250643,2.678825164462577,0.29282589534071235,0.3684590514132488,0.4248250739011311,19.96570317551274,0.30310953499244764,0.31659457425429927,0.04114587229037771,0.39160535485842324,0.06174520040884271,0.22149398218846938,1.6296164912855151,0.9659645275622352,0.6727797092598427,0.2931848183023926,0.0,0.0,0.03403547243776486,0.0,0.3,0.3,0.3,1.0,1.0868230316194776,0.4371976317447652,,0.32152411226147926
B000874,9800.484253839315,2.272312602327687,14.566348373767367,3.7857395145119583,0.0,0.12802892931602383,0.2597473884122869,9.369634464130849,0.7087417603828962,0.4692031636244595,0.07982570779932327,0.6597734030376605,0.19355404689652336,0.16121452058682423,2.426090562873926,0.5182841385855944,0.5182841385855944,0.0,0.1654148556708436,0.0,0.3163010057435621,0.0,0.0,0.0,0.0,0.6,0.9234503512816512,,,0.19006326769067228
B000875,48155.02790729402,15.67546481357227,32.0748980593872,6.687496885521575,0.0,0.29721471884117234,0.07125389639265052,3.1546606551302756,13.136660620524898,0.0,0.09600461514562231,0.9560336588577788,0.37802045885811175,1.1087454601858608,3.4080185425715026,0.16196037713977093,0.16196037713977093,0.0,0.0,0.0,0.838039622860229,0.0,0.0,0.0,0.0,1.0,0.1928056743171728,,,0.191088296168766
B000876,6799.50949665599,3.101966011248171,6.602119128604053,3.136014222690115,0.0,0.453,1.0658112849903145,38.58110394804452,1.504078394716129,0.0,0.0,1.0121096128905194,0.0,0.5857780036415217,2.8433030905238494,0.5139498622931611,0.5139498622931611,0.0,0.0,0.0,0.4860501377068387,0.0,0.19999999999999998,0.19999999999999998,0.19999999999999998,0.98,0.16190726745730372,,,0.2770151739533745
B000877,1067.2161061164695,3.3246607667179737,4.862231889327037,1.7713349588387284,0.0,0.17200670885108946,2.2825639837692053,82.54284859805917,1.1884543965886938,0.6916616609001475,0.0,0.4105560120667367,0.0,1.0339886971623964,2.4011245882524315,0.5387497224262405,0.5387497224262405,0.0,0.33152786112820987,0.0,0.12972241644554988,0.0,0.0,0.0,0.98,0.98,,,,0.1887933662721779
B000878,3847.7142297934606,12.293016708605306,15.696770118555627,15.694521632956373,0.0,0.365,0.023209444476432986,0.8509775239378882,2.1595458650098385,0.9688921182476093,2.0315165121600818,2.0987807634962885,0.0,5.0342814496914885,2.5394673596848962,0.6590696590987214,0.6590696590987214,0.0,0.16525776872474177,0.0,0.1756725721765368,0.0,1.0,1.0,1.0,1.0,,,,0.6084446516532538
B000879,1794.4854806836954,1.2863695202033658,10.078944589759567,2.9914810011388493,0.0,0.31171595975922844,0.3649750769216793,13.164555722524,0.19986206515471913,0.48059256554728974,0.04012347413571621,0.39719486240796337,0.06306902144117303,0.10552753151650428,1.7778963778000898,0.844630907359246,0.5358589284140592,0.30877197894518654,0.0,0.0,0.1553690926407541,0.0,0.0,0.0,1.0,1.0,,,,0.19006326769067228
B000880,134682.38736198677,267.7582253717431,624.0007914950777,824.516369567994,0.5463628697825718,0.021692259138832264,0.030361779186143252,1.362130860589112,7.1280453158703505,258.1870741754869,0.1070052774341046,1.3289301719489541,0.5027507560655163,0.5044196749373331,1.40533409172733,0.9731540186097601,0.9659135829415114,0.007240435668248821,0.0,0.0,0.026845981390240203,0.0,0.0,0.0,0.0,0.5,0.13915960810158517,0.19265393888274215,,0.191088296168766
B000881,3261.2615178646297,3.697575417080079,6.126293159469052,3.4224479778876606,0.0,0.433,1.3239017746043074,47.875150306035636,1.8969580003893056,0.0,0.0,1.013847234069492,0.0,0.786770182621281,2.821052213582556,0.47651225037692463,0.47651225037692463,0.0,0.0,0.0,0.5234877496230754,0.0,0.2,0.2,0.2,0.98,0.26518934102785985,,,0.2770151739533745
B000882,626.7890057965062,1.2611448808782821,6.851638224606395,2.1252079662903482,0.0,0.45156372761142655,0.5107532262093805,18.489266788779574,0.28091427441515926,0.46538338317029887,0.04269093848398672,0.13115088944642528,0.09877552833939862,0.242229867023013,2.2825980270423165,0.7772545576052086,0.40823796781720706,0.36901658978800134,0.0,0.0,0.22274544239479127,0.0,0.0,0.0,1.0,1.0,1.0653291795145763,,,0.19006326769067228
B000883,4046.351065234112,4.290934321563215,10.3785906500174,5.981740863120764,0.0,0.09927548207265849,1.184894995288285,42.803639717466254,1.477300569145756,0.703642133937681,0.02637103356239343,1.1326241302125981,0.25307357496005034,0.6979228797447358,2.523474344433971,0.47571331621185625,0.46956756062900534,0.006145755582850844,0.16398343139434018,0.0,0.36030325239380345,0.0,0.0,0.0,0.0,1.0,0.8371306974858812,,,0.191088296168766
B000884,57685.088894887245,40.367451990823824,255.00358066409308,58.51971390601529,0.0,0.02881393543367528,0.44072593073693456,15.931477906688027,0.3871010900430418,0.38807652745519994,38.989689186783345,0.3922406304827963,0.0,0.21034455605945013,2.639609821406948,0.032225563770195476,0.029805391611500108,0.0024201721586953663,0.9658694632409875,0.0,0.0019049729888171007,0.0,,0.0,,0.92,,,,0.19006326769067228
B000885,10809.38432680137,7.995106750592729,14.46287100724839,10.06368992476306,0.0,0.38599077896169254,0.014340148853196155,0.16780097322472212,3.2159141169894405,0.309508229179719,0.0,2.1791499206231837,1.6597578289389396,0.6307766548614432,2.6850390818944865,0.5854073548502102,0.10525019506275407,0.48015715978745627,0.0,0.0,0.4145926451497893,0.0,0.5,0.5,0.5,0.5,,,,0.40484810018049977
B000886,4923.941180689943,1.3827411347065273,6.67666423816504,4.571418597091539,0.23856723554767661,0.5810233436684902,0.4801338449327605,17.38114832111296,0.3860516934833624,0.0,0.07366649571319533,0.6727862402997942,0.02298548538141881,0.22725121982875673,2.2868021867759145,0.7515366785357094,0.7515366785357094,0.0,0.0,0.0,0.24846332146429054,0.0,0.5,0.5,1.0,0.5,1.1439922339597992,,,0.40649680945047806
B000887,22985.82505951156,5.023126105662492,14.26137277940362,14.713479304779803,0.0,0.0,0.018173177035974705,0.393773672228784,1.687747834659562,0.0,0.0,2.9715342803933287,0.0,0.3638439906096005,2.2456669588047595,0.622071747851894,0.03050103712584545,0.5915707107260486,0.0,0.0,0.3779282521481059,0.0,0.0,0.0,0.0,0.95,0.8831877291257584,,,0.19106616983379643
B000888,21634.6365768529,6.153195840970676,10.97532876112449,7.045360868340341,0.0,0.6444473771912265,0.016019787553688016,0.34339785989771693,3.8275464716935303,0.2876678131334949,0.0,0.2973796423791732,0.873906878104653,0.8666950356598261,1.808057830417136,0.9440913869837266,0.8490111277764436,0.09508025920728307,0.0,0.0,0.05590861301627351,0.0,0.0,0.0,0.0,1.0,0.21964184667264794,0.3176585766718983,,0.18847355270950683
B000889,1512.204879083312,4.032546344222165,8.68208002138587,3.704620553743018,0.0,0.32567958761879395,1.2385239158704155,44.842248090163494,1.6198609060863831,0.0,0.9668005218974702,0.5357879684665783,0.5003150829313348,0.4097818648403992,2.7081997310419252,0.5946790575874327,0.23086039821086052,0.36381865937657204,0.0,0.0,0.4053209424125674,0.0,0.0,0.0,0.0,0.98,0.31465260812379603,,,0.1887933662721779
B000890,3328.885621970986,4.9026297819896705,7.688472795509534,4.494261225602317,0.1598567833150405,0.3589645223342468,1.2038561426568877,43.51819477649175,2.2588338756553146,0.909425622935356,1.046545804949775,0.0,0.12450558804999855,0.563318890399226,2.429664625987611,0.6761213820068914,0.6761213820068914,0.0,0.0,0.0,0.32387861799310846,0.0,0.28,0.28,0.28,0.62,0.34018004068843016,,,0.3116940136216534
B000891,2016.8843837652967,1.7943811243463494,7.923919756388972,4.1397304234658945,0.0,0.7402863444470064,0.9905896494338964,35.78574049780687,0.45492597890101855,0.20195180131101018,0.06156089312535397,0.33315330867135307,0.14398393196285011,0.5988052103747638,2.284738813936196,0.8289946706437106,0.8289946706437106,0.0,0.0,0.0,0.17100532935628923,0.0,0.5,0.5,1.0,0.5,0.47954254687100306,,,0.40649680945047806
B000892,14512.748433800254,3.6546835642911746,7.812245745172368,3.284294869093167,0.048640648869486935,0.3746335792291754,1.2659802151821644,45.82848378959436,1.5824752689777055,1.4649198220097681,0.13336946373299793,0.0,0.027684772810243983,0.44623423676045915,2.674894986346167,0.5468538068646398,0.1095274945788991,0.43732631228574065,0.0,0.0,0.45314619313536025,0.0,0.0,0.0,0.0,1.0,,,,0.191088296168766
B000893,15620.96901481921,5.311448151927647,9.032976740423866,7.4691730564440375,0.0,0.2246316004758246,1.1727182599971349,41.95570792128726,1.7875671142582663,1.3370921121851316,0.0,0.7745263655052764,0.7948391206348024,0.6174234393441702,2.3633495516462535,0.7298021963764855,0.5801557914979332,0.14964640487855219,0.0,0.0,0.2701978036235146,0.0,0.28,0.28,0.28,0.7,0.40128980244144863,,,0.3116940136216534
B000894,5746.597940701502,11.424647993442349,35.03832151342357,2.1037233441466316,0.0,0.27371983338038514,0.06803526897722145,3.1568364805430753,9.871402756881983,0.5044103350994255,0.07575165535672809,0.349252736326991,0.0,0.6238305097772205,1.467078783140788,1.0,0.925278829429457,0.0747211705705429,0.0,0.0,0.0,0.0,0.0,0.0,0.0,1.0,0.12203997770050654,0.30716631199035205,0.5366227184359349,0.191088296168766
B000895,1012.1173301388296,2.305506446785489,15.904340702012675,3.5695537575373106,0.0,0.41259954307256036,0.25237598181829013,9.056304231349333,0.7225520268515196,0.4128773911351319,0.03219401045576576,0.9577359222726791,0.0,0.1801470960703924,1.797660782005507,0.8339321886887499,0.819968224068025,0.01396396462072491,0.0,0.0,0.16606781131125006,0.0,0.0,0.0,0.0,0.6,0.5697574989631018,0.3799076954163585,,0.19006326769067228
B000896,869.400533457547,1.311313021806255,9.547113501427829,1.57500296388761,0.0,0.42782568204915733,0.3899868486783789,14.076872908096902,0.4857846719286985,0.27987377742579,0.007644702449463889,0.13031801021023895,0.19089275816144158,0.2167991016306221,2.602372063397871,0.524296135770641,0.5184663283010762,0.005829807469564948,0.09937978807739872,0.0,0.3763240761519602,0.0,0.0,0.0,0.0,1.0,,,,0.19006326769067228
B000897,12858.570958030976,11.553073637044902,20.37786684903963,8.529736952320553,0.0,0.18636508658852038,0.00818962726101713,0.3799987049111948,5.408244417652822,0.0,2.1649852446524225,0.0,3.0828527326823663,0.8969912420572914,2.8590484010797845,0.26503565915926436,0.26503565915926436,0.0,0.2668426454755042,0.0,0.4681216953652317,0.0,0.0,0.0,0.0,1.0,0.15511206256371432,,,0.18847355270950683
B000898,12092.843237685447,8.731294756451586,15.465835793548468,6.65420190380275,0.0,0.36770241078894966,0.010315973443274618,0.38125372207848235,5.184761414142519,0.6297142349748146,1.6486441160725276,0.5921194552368442,0.0,0.6760555360248809,3.0446937790997524,0.37565812594179737,0.3035366075943018,0.07212151834749553,0.0,0.0,0.6243418740582027,0.0,,,,1.0,0.12840826315936835,,,0.18847355270950683
B000899,833.259058467554,2.4799376740105776,11.979906383823613,3.966314167376914,0.0,0.2999658870404811,0.42108637612352046,15.245598734743304,0.5800005037955998,0.846777087361578,0.06701792565091673,0.4551944769567491,0.21347982705914545,0.31746785318658866,2.3041956054061403,0.6541561586722461,0.4706053857124545,0.18355077295979155,0.08608273881089275,0.0,0.25976110251686124,0.0,0.3,0.3,0.3,1.0,,0.3775480644791334,,0.32152411226147926
B000900,33165.88266252053,8.28939831605112,22.621307768283263,2.77188986578019,0.0,0.2820080707410253,0.023629699211879265,0.9705306368860771,6.968645549445664,0.41132541350429225,0.06870096812160549,0.31781885338729476,0.20119739216627786,0.32171013942598725,2.0945919205341212,0.7760776893882804,0.7264570296224413,0.049620659765839105,0.03834040074680552,0.0,0.18558190986491443,0.0,0.0,0.0,0.0,0.5,,0.1335658258674536,,0.191088296168766
B000901,8696.216345361529,4.484897547891453,7.874874432373151,0.536518280007575,0.0,0.5848867613304913,0.022181493733917496,0.7544549005306977,3.5326463536158954,0.0,0.1429891181315472,0.0,0.03401031120301876,0.7752517649409918,3.391511425076176,0.1946041925751322,0.1870208953337028,0.007583297241429406,0.0,0.0,0.8053958074248677,0.0,0.0,0.0,0.0,0.5,,0.1602803732482348,,0.191088296168766
B000902,17321.326282824677,5.121622200716936,8.209652611974082,5.9709080754931,0.0,0.21125641251685814,1.2223049203517342,44.37798657690494,2.108898289269123,0.0,0.0,1.425482090928858,0.6450976293166388,0.9421441912023167,2.4829264873979024,0.5882362644839532,0.5882362644839532,0.0,0.0,0.0,0.41176373551604695,0.0,0.28,0.28,0.28,0.7,,0.301978580686973,0.613187349066864,0.3116940136216534
B000903,8723.765636687045,6.1133606423875575,13.78290614751011,8.647389010928798,0.0,0.3966943483095195,0.01974778436664944,0.44037559137628257,2.0986204742185084,0.0,0.7317522130859856,0.8621009331197497,1.479279196269338,0.9416078256939752,2.4080517295841815,0.6567157416384815,0.3959993796501823,0.2607163619882991,0.0,0.0,0.3432842583615184,0.0,0.0,0.0,0.0,0.95,0.3429917833827808,,,0.19106616983379643
B000904,5074.202223443006,5.8933823733368245,8.99027238244732,4.1861828917207795,0.0,0.021,1.7408149261897155,63.02829828231299,2.276805483957575,0.0,1.5670463333650655,0.0,1.3465369592725964,0.7029935967415876,2.6587050542788484,0.3851845657218674,0.3851845657218674,0.0,0.22848287688996313,0.0,0.38633255738816946,0.0,0.0,0.0,0.0,0.98,,0.28031016130593805,0.6136981951100625,0.1887933662721779
B000905,1297.09215145321,2.513744479560484,11.481594657793188,3.451365040253057,0.0,0.24234477438461616,0.6320122980655054,42.04947678942052,0.3470429508286021,1.264861430941524,0.029409977955704682,0.3127114385681329,0.24291729833482475,0.31680138293169646,2.48263175860593,0.7653061980004516,0.6292058825922381,0.13610031540821355,0.0966356367204425,0.0,0.1380581652791062,0.0,0.0,0.0,1.0,1.0,0.786731812246468,,,0.19006326769067228
B000906,3441.1008027605853,8.937924163014507,13.47575217744219,10.863600458590358,0.0,0.3719314396463271,0.023478313888930714,0.4250763533911356,3.9578369979230184,0.0,2.1276090369427565,1.1754345429688005,1.0424680681332772,0.6345755170466554,2.6687620076096157,0.42567519624595784,0.42567519624595784,0.0,0.13151091031100895,0.0,0.44281389344303324,0.0,0.0,0.0,0.0,1.0,0.17859186827717655,0.255187432084763,0.32529708740289787,0.18847355270950683
B000907,15736.07314273453,9.059339748263978,16.94066448587007,12.926567999175509,0.4315970687600557,0.27439562522461947,0.010683773193559735,0.3538524645969242,4.6846037716194155,0.0,0.7874433637732394,1.729309146069198,1.1335621983947708,0.7244212684073539,2.71476379508519,0.474675125162898,0.34954876608005286,0.12512635908284517,0.0,0.0,0.5253248748371018,0.0,0.0,0.0,0.0,1.0,,,,0.18847355270950683
B000908,15573.63307285716,12.409269380762677,17.915742023249095,10.875457225766214,0.0,0.08489873556984139,0.048121238846768444,1.1802359706090015,6.511114255869434,1.1516498986377512,0.0,1.433501615871845,2.3495740250005874,0.9634295853830595,2.726205513548024,0.45118624719737294,0.41576547281330295,0.03542077438407001,0.0,0.0,0.548813752802627,0.0,0.0,0.0,0.0,1.0,0.2720767424448068,,,0.18847355270950683
B000909,6834.566452465498,10.69572214783333,17.711999966033027,11.305486842749081,0.16407719019917658,0.021,0.017391942187360274,0.24891941246538288,5.535814499145983,0.0,0.0,1.8156910032003037,2.6963863334879603,0.647830311999084,3.0551368192224344,0.2271330972826254,0.2271330972826254,0.0,0.2520995119562055,0.0,0.5207673907611692,0.0,0.0,0.0,0.0,1.0,0.11553499349153909,,,0.18847355270950683
B000910,15540.33512822649,3.1293465824056566,12.154105395976261,4.051860118377377,0.0,0.4013052552406944,0.009870733313029014,0.2656816578623886,1.5875507814536949,0.0,0.40572598411381433,0.8385525322491879,0.0,0.2975172845889597,2.7317104256031106,0.48048347662143526,0.29074434958992007,0.1897391270315152,0.0,0.0,0.5195165233785648,0.0,0.0,0.0,0.0,1.0,0.2146547346238925,0.3224424807903947,,0.19106616983379643
B000911,876.4491030050748,1.3525449120448685,8.763007271377301,2.3196526632516865,0.0,0.1601609540776897,0.7562455294028548,27.40804918528355,0.3985289826246129,0.3722943552757166,0.05974190720691609,0.36550919128912723,0.0,0.1564704756484955,2.039827992354211,0.7078297011591757,0.48707604033603724,0.22075366082313838,0.27525470833560484,0.0,0.01691559050521937,0.0,0.0,0.0,1.0,1.0,0.8254698006560278,0.34821558877016734,0.5643165704794727,0.19006326769067228
B000912,2607.213160202353,8.250674557602382,15.579228582062193,11.331877549920176,0.0,0.3281062970684607,0.01528714063433387,0.3036315353662983,2.960203786001523,0.7234583870722854,1.4291960038639837,2.4292370022057597,0.0,0.7085793784588307,2.614189508608129,0.6375203925993781,0.2554067402831475,0.38211365231623046,0.0,0.0,0.362479607400622,0.0,0.0,0.0,0.0,1.0,0.24113757514102788,0.2596910404629353,0.31188810356284646,0.18847355270950683
B000913,9858.144200363902,4.732666442805522,10.757114698163958,10.154905442053451,0.14370705288839314,0.36499999999999994,0.014312276782508395,0.3191637722499372,0.5724910713003358,2.009905570316331,0.5114894972302921,1.3404160667671616,0.0,0.2983642371913998,2.0200296239457955,0.8624237582867227,0.47112097234610906,0.39130278594061346,0.0,0.0,0.13757624171327715,0.0,0.0,0.0,0.0,1.0,0.5411797566404849,0.6361589107281421,,0.19106616983379643
B000914,3539.581698733331,1.1377633232829736,8.036573408006337,2.3295862601350072,0.0,0.24046982905797204,0.3000817456068226,10.81795836647739,0.28991363531870223,0.0,0.010292270351035422,0.5727997679439609,0.0,0.26475764966927484,2.0857423854125554,0.9961297521771787,0.9870836965165536,0.00904605566062497,0.0,0.0,0.0038702478228213586,0.0,0.5,0.5,1.0,0.5,1.0205591884460579,,,0.40649680945047806
B000915,4997.79347381304,3.935270451821291,7.419814486576772,6.615188445806005,0.2033106342664357,0.33584313537222177,1.4657207464648572,53.03115622996612,0.890732211100736,0.9142688153672672,1.105336456170136,0.2856244462934141,0.2831275853850345,0.4561809375047031,2.2969558078411003,0.7475642757139497,0.6756181188102991,0.07194615690365058,0.0,0.0,0.25243572428605027,0.0,0.0,0.0,0.9800000000000001,0.98,,,,0.1887933662721779
B000916,1261756.7951859157,985.7474962389966,1943.161289646759,4858.966734371779,0.0,0.4169781925789198,0.008945518878326227,0.2847545580261233,3.004092160631942,0.5950308442350907,0.0,981.1569868421805,0.0,0.9913863919493551,2.005658459617053,0.9963488388064904,0.0012433429841789572,0.9951054958223117,0.0006036341421158672,0.0,0.00304752705139369,0.0,0.5,0.5,0.5,0.5,0.2641249326047483,0.25676377219709684,0.405234301038704,0.40484810018049977
B000917,2227.832337646784,6.533232661720773,23.007836198427853,8.566650077846901,0.0,0.11590109148111935,0.010693605162406769,0.18351704482336967,1.6586847927635324,0.386290055480949,0.0,1.4107946208099187,2.6806949732957537,0.39676821937062157,2.584667165808001,0.3357989848602232,0.06073076529102481,0.2750682195691983,0.41031677763480895,0.0,0.2538842375049682,0.0,0.0,0.0,0.0,1.0,0.09831697086800566,0.2542094781737874,,0.19106616983379643
B000918,1748.4278494995299,1.4606748951541604,9.262693116398623,1.1053079644336112,0.0,0.29395239287054287,1.188401475488691,43.034409271331484,0.6756860592807253,0.45746822702197093,0.06766729558195902,0.0,0.09267317840275291,0.1671801348667517,1.7378938606944905,0.9456504285066188,0.9456504285066188,0.0,0.0,0.0,0.054349571493381085,0.0,0.0,0.0,0.0,1.0,0.9224492377162182,0.354582888747582,0.6057046447580482,0.19006326769067228
B000919,8663.050874758645,11.597122991644772,21.489701043892023,8.62110346354493,0.0,0.2795708427983045,0.03832695380090849,1.6942331243455253,8.005754274561875,1.3828088636913682,0.0,1.4480891100716264,0.1880548884317072,0.5724158548881931,1.7689375117517145,0.7758014114591383,0.6565641778204485,0.11923723363868974,0.0,0.0,0.22419858854086172,0.0,0.0,0.0,0.0,0.5,,0.1977865784464512,,0.191088296168766
B000920,4321.953440044104,4.37002370075238,7.095273277640342,6.2597973832308735,0.0,0.3364274389498617,1.6892910907614629,61.15424946712605,2.204269221412613,0.0,1.167839805923699,0.43976474379137415,0.0,0.5581499296246949,3.0721211615059727,0.220322013583048,0.11968989487951319,0.10063211870353483,0.2672387808154527,0.0,0.5124392056014995,0.0,0.0,0.0,0.0,0.98,0.426511767971312,0.3777262775000418,0.5979664499652354,0.1887933662721779
B000921,605.8892313054656,1.6924280204063284,9.852419551507381,2.8191339209638584,0.0,0.43297302318342046,0.30772462527024835,11.0950323324151,0.4997815591715037,0.0,0.062280852250461725,0.2778216481969147,0.5073029764586175,0.3452409843288308,2.1463803239007206,0.9012847630829038,0.6015361354651566,0.2997486276177472,0.0,0.0,0.09871523691709619,0.0,,1.0,,1.0,0.48512904499847065,,,0.19006326769067228
B000922,862.7424849864154,1.236020752129535,8.935406155218953,2.483293977785395,0.0,0.6721531403180062,0.36674404016824047,13.237155617806735,0.4568010533746447,0.11715698773202299,0.045402242546422604,0.23431673322122637,0.16991163673822957,0.21243209851698885,2.413361733950031,0.6304260647827928,0.6304260647827928,0.0,0.0,0.0,0.3695739352172074,0.0,0.0,0.0,0.0,1.0,0.8401951946449843,,,0.19006326769067228
B000923,28274.424074233724,8.360267319406779,14.205404258801943,9.29585613356691,0.0,0.2530979767075789,0.012346858535213945,0.275334945335271,1.5243035228659192,0.5143011756514941,0.0,0.0,5.583928388232955,0.7377342326564093,2.6249758663936102,0.7351301159751213,0.7351301159751213,0.0,0.06151731230622749,0.0,0.20335257171865104,0.0,,,,1.0,0.30541230759202265,,,0.18847355270950683
B000924,3097.8338869430336,7.482690548171579,11.333128622455796,12.200907016330563,0.0,0.21481940365797042,1.5213308039736828,71.48450074186842,2.128226028618065,0.6411623856573908,1.621410375170663,0.3164801000440718,2.1687012958283813,0.6067103628530062,2.315739949570361,0.7033833591666658,0.37125932171335757,0.33212403745330826,0.0,0.0,0.29661664083333406,0.0,0.2,0.2,0.2,0.98,0.27422023369519216,,,0.2770151739533745
B000925,2113.747786652204,5.378493095807135,10.602978946758062,4.23159339483707,0.0,0.3564407372846632,1.3846169189741682,50.10535463396509,1.8098696177180376,1.4945240828155295,0.7702475691155928,0.06982176798694796,0.0,1.2340300581710262,2.612911753189347,0.6069511488485066,0.3160990787729718,0.29085207007553493,0.0,0.0,0.39304885115149324,0.0,0.0,0.0,0.0,0.98,0.47463740668703747,,,0.1887933662721779
B000926,5852.277934693008,8.116890339380038,18.143264462605256,0.42204574758071517,0.0,0.365,0.030418907524653992,1.3411767836805808,7.425953916506851,0.0,0.0,0.0,0.22284015472261762,0.468096268150572,3.572014415267343,0.05039877657471134,0.05039877657471134,0.0,0.027453882633042687,0.0,0.922147340792246,0.0,0.0,0.0,0.0,0.5,0.09321607688642994,,,0.191088296168766
B000927,4194.513197161483,3.449435195034114,9.024917939470932,0.42513215361044226,0.0,0.365,0.9672802211748192,35.01554400652846,1.02718036104085,0.0,0.0,0.0,0.2244697771063135,2.197785056886951,1.97047678802149,1.0,1.0,0.0,0.0,0.0,0.0,0.0,0.0,0.0,0.0,1.0,0.7945032089263668,,,0.191088296168766
B000928,672.7954551616268,1.8845811068953133,8.156618483354299,1.1196490682167581,0.0,0.40223527152829247,0.39657517953983207,14.23546542150799,0.996628730745882,0.266452191157522,0.028212604896664127,0.14575868943225959,0.06804824167481566,0.3794806489881698,2.311771209169385,0.7264228423368776,0.5076947233498078,0.2187281189870697,0.0,0.0,0.2735771576631224,0.0,0.0,0.0,0.0,0.6,,,,0.19006326769067228
B000929,4136.82630061254,4.571078785207226,16.842439964462628,6.678075329958944,0.0,0.3838261052255588,0.01219945721581903,0.44162035121264887,1.219945721581903,1.065597156928174,0.6827296847567665,0.3024055365364461,0.9125103074926807,0.3878903779112559,2.38483245421177,0.7249211723098221,0.5252942679463015,0.19962690436352057,0.0,0.0,0.2750788276901777,0.0,0.0,0.0,0.0,1.0,,,,0.19106616983379643
B000930,16145.38052638806,5.521675966616984,17.039749546742268,5.5511762173568675,0.0,0.12968969726820231,0.014150451225030993,0.31555506231819125,1.4760335659708457,0.0,0.9260807843744076,0.0,2.642875795150479,0.4766858211212515,2.8736400323810334,0.09224995063808467,0.09224995063808467,0.0,0.6463538608752356,0.0,0.26139618848667967,0.0,0.0,0.0,0.0,0.95,,,,0.19106616983379643
B000931,486833.4128279559,786.4837040839352,4158.375365855032,2682.6680341765605,0.0,0.07106825280581344,0.15359195597762992,7.218821930948606,0.6617062010865139,0.0,0.041360363451221314,785.2954288959309,0.3200690813068586,0.16513954215989884,2.332347190534715,0.9995930378726923,0.001051319612794126,0.9985417182598982,0.0004069621273077264,0.0,0.0,0.0,0.0,0.0,0.0,1.0,0.6306428725491727,,,0.19006326769067228
B000932,1175.0970575207027,2.560124308323971,9.511428239921218,6.780190836163862,0.48297910708526387,0.4204296344596728,0.009886310003776556,0.03011103483484228,0.3223503024011283,1.1411063075591652,0.0,0.18389345624303788,0.46215841676785036,0.45061582535278905,2.1025931860418683,0.8115898613821574,0.739759967948808,0.07182989343334928,0.0,0.0,0.18841013861784248,0.0,0.0,0.0,0.0,1.0,0.9448328425753947,,,0.19106616983379643
B000933,14271.712301076153,12.6410206386857,20.15455717217568,16.809191492727752,0.0,0.2232371720730584,0.041026650590738095,0.37592166088455037,5.435678799966888,0.2610381638565838,0.0,2.3787248795795897,3.522403061980157,1.0431757333024834,1.9600139775930583,0.7213513716447516,0.512526220663064,0.20882515098168788,0.2786486283552485,0.0,0.0,0.0,0.0,0.0,0.0,1.0,0.1346368395788419,0.24295584158788394,,0.18847355270950683
B000934,11610.303242393526,8.269446753841542,16.496974121270053,9.783612250398129,0.0,0.3818788640519307,0.01605400517675321,0.31238630270053913,3.20405986321018,0.5634373648755862,1.827027983921066,1.2107173099200614,0.798408181860592,0.665796050054056,1.8096317765600618,0.9705709329878159,0.727613265856418,0.24295766713139805,0.0,0.0,0.02942906701218393,0.0,0.0,0.0,0.0,1.0,0.24834949507779247,0.3282559588536153,,0.18847355270950683
B000935,12926.245955232123,5.709472595067193,14.151566701077114,10.843261776202711,0.0,0.3642811339695865,0.01694394167586399,0.316095252279085,0.5175640299588606,1.5036361975711863,1.750467284373852,0.5425571992992153,0.9703694949826223,0.4248783888814571,2.0582030045426905,0.9011123575530785,0.7311545411654509,0.16995781638762775,0.0,0.0,0.09888764244692164,0.0,0.0,0.0,0.0,1.0,1.139224319846226,,,0.19106616983379643
B000936,3355.581099863304,4.971231259056747,8.42026546168443,7.1201427703682,0.0,0.5022707939544901,0.8749043015990939,31.637625039122444,1.370287172099529,0.6558630713806606,1.0291601812296214,0.42945427520224183,0.0,1.4864665591446944,1.9197501896536928,0.9606142458404959,0.9606142458404959,0.0,0.0,0.0,0.03938575415950408,0.0,0.2,0.2,0.2,0.98,0.25608345055116294,0.26242157441279784,0.4401456255636992,0.2770151739533745
B000937,21315.082783590064,8.685852805048926,20.17392732457427,11.335572648057166,0.0,0.2396387829865492,0.010868119095920717,0.19480996085271607,3.211597407373761,0.31039190729808175,1.0627063893336763,1.142324860807067,2.342178815733025,0.6166534245033156,1.7837578896448028,0.7303455552031047,0.598829987711211,0.1315155674918938,0.26965444479689543,0.0,0.0,0.0,0.0,0.0,0.0,1.0,0.22261336866494727,,,0.18847355270950683
B000938,1021.5671066089792,2.869570524182526,15.958567061831827,4.96085359926732,0.0,0.2765426197472419,0.5301476755505057,19.157843554875395,0.6602498342598682,1.115374063798685,0.0,0.6488769295105998,0.14605639941199244,0.2990132972013797,2.1720800964514706,0.7675084504962375,0.3788182076884119,0.3886902428078255,0.0,0.0,0.2324915495037624,0.0,0.0,0.0,0.0,0.9,0.6416713483954082,,,0.19006326769067228
B000939,8548.788926663778,7.453172560299719,19.725813450878526,1.2369222133686093,0.022001617789174192,0.24,0.025498655893197077,1.1242417325901297,6.224807496530931,0.528563967423935,0.07313400499266808,0.0,0.21001604431573184,0.4166510470364526,3.3522003644252476,0.16121285265597807,0.16121285265597807,0.0,0.0,0.0,0.8387871473440219,0.0,0.0,0.0,0.0,0.5,,0.17028053347011404,,0.191088296168766
B000940,9588.29469823535,2.466759634225714,7.3734422651214,4.271472270770283,0.39526266527436443,0.2545259084427819,0.0131362107920113,0.3033503059497055,0.3766940704254019,0.0,0.9548109133154514,0.15302787149035899,0.5627439113541726,0.4194828676403293,2.0331497474005538,0.805260092068124,0.5150932785231944,0.2901668135449296,0.0,0.0,0.19473990793187612,0.0,0.0,0.0,0.0,1.0,1.4206278270748378,,,0.19106616983379643
B000941,24589.646977707547,8.450050507803281,12.88011799549854,13.79962805261186,0.0,0.27829435244244727,1.5210970379018376,55.06320612942565,2.1278990076720556,1.358147277698979,0.2827375024019129,2.18973646059866,1.7984695594702262,0.6930606999614459,2.3854789181078626,0.7481791374256253,0.5263606206075859,0.22181851681803919,0.0,0.0,0.25182086257437475,0.0,0.19999999999999998,0.19999999999999998,0.19999999999999998,0.98,0.29293678353497365,,,0.2770151739533745
B000942,22218.633951840777,5.839325611521886,8.618481389528728,6.054280848091667,0.0,0.23792137400706087,1.4235717881400274,51.37371730607644,2.4508446642095874,1.2661281574702496,0.0,0.6760901565479078,0.7563648323173695,0.6898978009767721,2.7700105441044336,0.5661876078012276,0.21983031856273577,0.34635728923849185,0.0,0.0,0.4338123921987724,0.0,0.28,0.28,0.28,0.7,0.2882664109920915,,,0.3116940136216534
B000943,8874.569936692968,2.830803807557565,6.753149059608528,4.516801109917694,0.43597522097559216,0.020999999999999998,0.019251873076680585,0.3496572492352763,0.5749135972130553,1.1329182408076952,0.0,0.6402028317435992,0.0,0.48276913779321573,1.6712629981404086,0.9760047714242489,0.9760047714242489,0.0,0.0,0.0,0.023995228575751117,0.0,0.0,0.0,0.0,1.0,,,,0.19106616983379643
B000944,3506.9542185717723,1.001700719386396,3.8175919707871766,0.7259347375622793,0.0,0.453,0.012901290644278399,0.4144630758378899,0.30389381075777766,0.3368337182288976,0.0,0.0,0.0,0.36097319039972064,2.9000723423189227,0.6590112010642197,0.3227493698505722,0.33626183121364756,0.0,0.0,0.3409887989357802,0.0,0.0,0.0,0.0,1.0,1.2867531025743006,,,0.19106616983379643
B000945,7566.052129711298,4.320989223136093,10.381845282059654,7.785045881583145,0.0,0.4984538754932104,0.014715941998212642,0.2854064245406738,0.4818067442146564,0.0,0.2540808223980944,1.162994793610836,1.6003961649683334,0.821710697944173,2.4456312587874534,0.459317389853277,0.19016726390902472,0.26915012594425225,0.42917880411200915,0.0,0.111503806034714,0.0,0.0,0.0,0.0,1.0,,0.44553930303832473,,0.19106616983379643
B000946,27909.51529736914,9.177742616694884,17.361861334573625,9.50875825978007,0.0,0.38227643229092173,0.011950685876977424,0.3959614761944408,3.265448862017205,0.8427950548249699,1.9842212633045921,0.13855009145531338,1.842314936257685,1.104412408835118,2.298140971916119,0.498003824554209,0.498003824554209,0.0,0.41693653432834016,0.0,0.08505964111745067,0.0,0.5,0.5,0.5,0.5,0.27036091670596185,,,0.40484810018049977
B000947,39685.03670488261,11.125606028842896,29.24933049128039,3.112047754266314,0.31762562805886624,0.325532413642537,0.028874453073967608,1.2490023677605377,9.833938286598501,0.0,0.06629413455376684,0.5135706191253543,0.1528827972999962,0.5589201912652761,1.5460700278283726,0.7927702174817154,0.7927702174817154,0.0,0.04616113655237597,0.0,0.1610686459659085,0.0,0.0,0.0,0.0,0.5,0.1615806596407456,,,0.191088296168766
B000948,1684.1489797430213,0.9424448683508793,6.248976056332343,0.6544076694756331,0.0,0.34956984409083686,0.4352659495077075,15.723989953891628,0.5426910053410043,0.14749607302202375,0.06379966573536797,0.05836525785821649,0.0,0.1300928663942667,3.073762733483349,0.34745879599096957,0.1909551341055617,0.15650366188540787,0.0676959129153164,0.0,0.584845291093714,0.0,0.0,0.0,0.0,1.0,0.6180071508522701,0.35400053912786794,0.33296038178795445,0.19006326769067228
B000949,1953.75640644749,5.679524437347355,16.78952543575588,8.345895309366488,0.0,0.34714221989762334,0.011411012311754114,0.21903819206035413,2.081767771763502,0.46505216121105925,1.1551291862376176,1.2730783306800937,0.25330884681037724,0.45118814064470486,2.6513447859778885,0.40665469315292224,0.2801720948392948,0.12648259831362746,0.2033848430410356,0.0,0.38996046380604216,0.0,0.0,0.0,0.0,1.0,,,,0.19106616983379643
B000950,1521.8109373836157,1.6328443534158967,9.354709669734358,1.403013097260783,0.04109383805092014,0.4235866136680308,0.4805246985213008,17.37427253782925,0.5991322298691376,0.33476964791420083,0.07717277863215155,0.02549089624928576,0.22279365222403635,0.37348514852708464,2.6125822463130706,0.5385626769769262,0.5385626769769262,0.0,0.047262789298139006,0.0,0.41417453372493485,0.0,,,,1.0,1.0888548708343866,,,0.19006326769067228
B000951,14177.402606212818,5.4612490778939975,12.243061791723742,3.0709974612685347,0.3346929145702004,0.4042959186762859,0.006086751520239952,0.28242527053913374,4.019552890724496,0.32853955941506036,0.14341073831949103,0.35398782171306087,0.0,0.6157580677218883,3.297754547243712,0.19915629796150908,0.10807849635639315,0.09107780160511596,0.06015831812998977,0.0,0.740685383908501,0.0,0.0,0.0,0.0,1.0,0.16816297763563035,,,0.18847355270950683
B000952,5369.603760436646,7.256221297887359,12.748042817494207,9.362009721388427,0.0,0.433,0.02556223823391651,0.7972600777567258,3.978625930143278,0.0,0.0,2.2843864188593828,0.0,0.993208948884697,1.392380932287922,1.0,1.0,0.0,0.0,0.0,0.0,0.0,0.0,0.0,0.0,1.0,0.1308525540150691,,,0.18847355270950683
B000953,11606.013825906359,9.284811060725087,18.28118729556556,9.754595194673136,0.0,0.2696407722533306,0.012991452516618488,0.1703187968116846,2.616954621995243,1.2213008949028348,0.0,0.0,4.993263488353323,0.4532920554736863,2.565812272496253,0.7511751615941441,0.6196376551316854,0.13153750646245876,0.0,0.0,0.24882483840585587,0.0,0.5,0.5,0.5,0.5,,,,0.40484810018049977
B000954,3147.744099663844,4.698125521886334,14.05337080902362,4.836189285179527,0.0,0.25616794595851883,0.02068415504426388,0.5615462461940499,1.5552822873279146,1.2215623819779904,0.0,0.0,1.5336441695179654,0.3876366830624622,2.6793425686175016,0.6588837081435119,0.6588837081435119,0.0,0.0,0.0,0.3411162918564877,0.0,0.0,0.0,0.0,0.95,0.837257515409191,0.3849746145799656,0.6828983055464658,0.19106616983379643
B000955,3550.3734757727843,9.392522422679324,13.809547410498531,15.880669256178965,0.0,0.5772190021332588,1.8846872106834847,68.07132497710198,2.7228995382010397,1.4628458204264023,0.21627222696171447,3.759223038790643,0.0,1.2312817982995259,1.9772141884732768,0.8632140152445883,0.462978288395157,0.4002357268494316,0.023026000602298306,0.0,0.11375998415311343,0.0,0.28,0.28,0.28,0.7,,,,0.3116940136216534
B000956,601.1363039475395,0.9511650378916765,7.323027501189732,1.3306344523690667,0.0,0.5147082579213544,0.3313176577924071,11.96381996303019,0.3617925304109607,0.05321811385456404,0.05634448703414683,0.26966727191206724,0.0,0.21014263467993738,2.0289405544076673,0.7164874010615406,0.6605369490006388,0.05595045206090175,0.2835125989384592,0.0,0.0,0.0,0.30000000000000004,0.30000000000000004,0.30000000000000004,1.0,0.9642234617448068,,,0.32152411226147926
B000957,218.8050366384775,0.5866086773149531,4.800341675888354,0.2653585626280777,0.0,0.438156855540569,0.2550067929197334,11.98213720292954,0.3495589536281789,0.0,0.04249067953208747,0.05694420756239693,0.0,0.13761483659228985,2.95863244158623,0.4489090743859655,0.35183548893706956,0.09707358544889595,0.0,0.0,0.5510909256140345,0.0,0.3,0.3,0.3,1.0,,,,0.32152411226147926
B000958,46003.53336655413,16.017943372755617,27.74315391722932,5.052676996431983,0.0,0.0,0.08577916692910732,3.9801533455105798,10.414048931976303,0.0,0.0,1.4793631924313273,0.0,4.124531248347988,1.4986478152393947,0.9989543531705177,0.9065977279780771,0.09235662519244053,0.0,0.0,0.001045646829482296,0.0,0.0,0.0,0.0,1.0,0.09389653656428448,,,0.191088296168766
B000959,22764.2888416839,5.565840792587751,12.128899754696912,5.777005663547542,0.0,0.021,0.009813952452818867,0.2694866682441208,3.053733447899717,0.5425555789088164,0.0,1.4631997692222714,0.0,0.5063519965569457,2.7007740432708855,0.6014298309590979,0.33854057060316545,0.2628892603559326,0.0,0.0,0.3985701690409019,0.0,0.0,0.0,0.0,0.5,0.5901603344661339,,,0.191088296168766
B000960,4169.124012019626,5.029100135126208,18.995882096514585,8.868091171038868,0.012085305126499662,0.3884289128745117,0.010370146551826671,0.26663225031855803,0.3240930871683918,1.5701331671389054,0.2149677298681932,0.26630364083184976,2.108045952038854,0.5455565580800139,1.889278837430151,0.9355564457934068,0.9355564457934068,0.0,0.0,0.0,0.06444355420659337,0.0,0.0,0.0,0.0,1.0,0.9087818812103136,0.4380458231922157,,0.19106616983379643
B000961,3341.2132366777546,8.090104689292383,14.484155561384464,12.177766427294431,0.0,0.508201146644882,0.018974810011194884,0.48226523212540323,3.468567951467439,0.7360017358066285,1.1888950274644623,1.6697351055283702,0.3307894359926767,0.6961154330328061,2.6542266669852643,0.5604367403722919,0.3131563134367998,0.24728042693549201,0.0,0.0,0.43956325962770804,0.0,0.0,0.0,0.0,1.0,0.23460945351969673,,,0.18847355270950683
B000962,1341.3794602551097,2.202593530796568,11.169968838661022,2.708867432777849,0.0,0.15614645181547993,0.5264322229906006,19.043505702220095,0.6574827407058349,0.0,0.014424167704580272,0.5562442807352055,0.5991944201024079,0.37524792154853936,2.5442669231597868,0.6523943614058039,0.3738052439733773,0.2785891174324266,0.049101746926060674,0.0,0.29850389166813557,0.0,0.0,0.0,0.0,1.0,0.5937540944123622,0.256869851475276,0.5254292086836393,0.19006326769067228
B000963,4707.932279680265,5.23685459363767,7.780169836648068,10.403861069968485,0.0,0.45130718566078754,1.2723722456166866,46.11023496482721,1.7118099036869168,0.9724103058615509,0.0,1.732081123979956,0.1363727332917665,0.6841805268174798,1.8762148074308453,0.9666311770535286,0.4501968591850826,0.5164343178684457,0.026040962347407486,0.0,0.007327860599064055,0.0,0.0,0.0,0.0,0.98,,,,0.1887933662721779
B000964,3885.101772391681,1.6351438435991925,6.6534726541720275,4.552432676088148,0.0,0.0,0.6927112548223985,24.98218830606464,0.3792576270802493,0.0,0.0,1.0288862042573301,0.0,0.22700001226161293,2.4673920605688777,0.742147744612957,0.742147744612957,0.0,0.0,0.0,0.257852255387043,0.0,0.0,0.0,1.0,1.0,0.7484493539271279,0.3504157931636967,,0.19006326769067228
B000965,5456.577086455543,4.782276149391361,11.04679790735171,6.477028920104043,0.0,0.37811203741354493,0.022740151048823636,0.4571645658943707,1.9620800487024987,0.666514694177288,0.0,0.7990614307053525,0.9256989015582434,0.42892107424797954,2.7313410294239433,0.40672201215788567,0.2673501579703949,0.13937185418749085,0.16708809900219768,0.0,0.4261898888399167,0.0,0.0,0.0,0.0,1.0,,,,0.19106616983379643
B000966,1620632.9572166486,447.3179567255448,1839.2367458729204,2206.0040293619395,0.0,0.35769234619624196,0.6640507392654147,23.99418439437917,0.3638064646270326,1.073027786423111,0.06400381550356161,444.95516791570293,0.4493133759635072,0.41263736732452033,1.0085323031646303,0.9965163851572546,0.995511924305174,0.0010044608520806304,0.00239880329034382,0.0,0.0010848115524014908,0.0,0.0,0.0,1.0,1.0,,0.29631009434182026,0.7248039199045121,0.19006326769067228
B000967,7247.103851179849,5.891954350552723,14.186471254290488,8.346574010406282,0.25394103331253814,0.196370785417147,0.013481459925026711,0.25741305350781124,2.4628199304599265,0.21996066319911808,0.590611768285302,0.8029288835610039,1.3745770216032562,0.4410560834441159,2.760453160751829,0.4643297261995658,0.13079204532730923,0.33353768087225666,0.10720075634680905,0.0,0.4284695174536251,0.0,0.0,0.0,0.0,1.0,,0.22639624676141912,,0.19106616983379643
B000968,26976.248794352883,7.386705584433977,16.45648826591712,12.118794551008552,0.0,0.22735125757038352,0.0075435420262155726,0.37264887825928456,2.8872894923904373,0.47647590605799767,1.2791870604978772,2.2353724277322993,0.0,0.5083806977553645,1.8067986526568545,0.8227387947643549,0.3469435369113255,0.4757952578530294,0.06450452107663213,0.0,0.11275668415901272,0.0,0.5,0.5,0.5,0.5,,,,0.40484810018049977
B000969,2148.9817355395558,3.2412997519450313,10.823238110339378,4.670269345553002,0.2713248905586676,0.41888712208487533,0.012616810788328367,0.2062723530004698,1.810755204198137,0.401249235326549,0.09609773299386214,0.6232322269111185,0.0,0.3099653525153648,2.8605410978875536,0.4271777047945473,0.27373710800248435,0.15344059679206293,0.0,0.0,0.5728222952054527,0.0,0.0,0.0,0.0,1.0,0.17180009771266216,,,0.19106616983379643
B000970,4744.978287013712,6.251618296460754,13.999957167669617,7.6309417134185225,0.0,0.365,0.011929313701263444,0.2660236955381748,2.724970134806371,0.0,1.520835618389896,1.3909102475453128,0.0,0.6149022957191765,2.5298413085507923,0.564117640331774,0.3208469308498962,0.2432707094818778,0.0,0.0,0.4358823596682263,0.0,0.0,0.0,0.0,1.0,0.28502528252198006,,,0.18847355270950683
B000971,46654.50136102524,10.211096817908786,14.472595876293132,11.62285417789141,0.15462054235211292,0.056018008163281036,0.01843746686857403,0.4111555111692009,4.2116041070346775,0.2916417062827699,1.9263576456632852,0.9463844492533878,2.19344105644022,0.6416678532344466,2.6074553642749843,0.5589851028129117,0.25149360002088966,0.3074915027920221,0.02856125169347847,0.0,0.4124536454936098,0.0,0.0,0.0,0.0,1.0,0.22151587414208923,0.23889428516707303,0.4739635853359827,0.18847355270950683
B000972,803.0060214229328,2.05372383995635,13.079730488337932,4.72587862038119,0.0682774527668946,0.3181567278981262,0.4594627139562845,16.56996932368057,0.25155372347350546,0.442496672171118,0.0,0.7990587777643491,0.3807236885178648,0.17989097802951265,2.373759602646347,0.8619499733332902,0.07202919289972803,0.7899207804335622,0.0,0.0,0.13805002666670987,0.0,0.0,0.0,1.0,1.0,1.1311046734442591,,,0.19006326769067228
B000973,19781.88616029279,5.146172258140684,12.457006739062841,6.843833197721254,0.5107218535924144,0.2587618608657303,0.011713032303998913,0.2585496385155247,2.637742254857123,0.0,0.8840470906048346,1.1743360748275207,0.0,0.45004683785120525,3.0928172439692343,0.25924004513172844,0.08745273482427257,0.17178731030745584,0.22819602918846116,0.0,0.5125639256798104,0.0,,,,1.0,,,,0.19106616983379643
B000974,5996.906783915844,2.08298255780335,10.062406416528223,3.640919587722221,0.0,0.21391567837126474,0.595961018964594,21.573788886518305,0.3277785604305267,1.0335315214420047,0.0,0.3821831722838679,0.14495141798060132,0.1945378856663493,2.360241006564276,0.8248130341517504,0.6413342187137053,0.1834788154380451,0.0,0.0,0.1751869658482497,0.0,0.0,0.0,1.0,1.0,0.531487788786909,,,0.19006326769067228
B000975,8636.875960688456,2.386536601461303,11.060689781235922,3.6480692019213516,0.0,0.6838893262449929,0.3952390725737911,14.17527175596371,0.9720040735047453,0.12523477671049,0.08017151731833115,0.7917643072949783,0.0,0.41736192663275834,2.5221709181462346,0.7436747038680573,0.32584302229517864,0.41783168157287875,0.0,0.0,0.2563252961319427,0.0,0.0,0.0,0.0,0.92,1.0652885140642983,0.512552280899494,,0.19006326769067228
B000976,6740.026425984832,8.81049206011089,14.620536453212775,11.163613782848024,0.316629445352766,0.42771040619298206,0.008675435130434108,0.40254019005214264,5.7290609351923365,0.0,1.8261404820325873,0.0,0.3871807685020123,0.8681098743839547,3.202426970123444,0.32620706271876415,0.11893822125412486,0.20726884146463925,0.0,0.0,0.6737929372812358,0.0,0.0,0.0,0.0,1.0,,,,0.18847355270950683
B000977,2269.6086963581124,5.403830229424077,14.184558219517138,7.071803039300011,0.0,0.45669190475755966,0.010057557180524762,0.22428352512570215,2.2974115386985496,0.3307074960085958,1.1113896897495426,0.7709204733609029,0.0,0.8934010316064879,2.958902565992604,0.36918794933878046,0.2265260890228865,0.14266186031589395,0.20566702552903682,0.0,0.42514502513218305,0.0,0.0,0.0,0.0,1.0,0.12902083752573,,,0.19106616983379643
B000978,40070.20179225321,9.057459717959587,13.75689648911956,15.18956860451052,0.0,0.365,0.014145732970654601,0.9421058158455964,1.7463867865005682,0.8187840959812953,0.0,3.3142845547914868,2.346809612284247,0.8311946684019913,2.162587973991386,0.8071880150857593,0.44127034523184255,0.3659176698539169,0.0,0.0,0.19281198491424087,0.0,1.0,1.0,1.0,1.0,0.16316117667184402,0.20940048140815765,,0.6084446516532538
B000979,8317.893891084797,7.20163973254095,13.777832069483562,11.880779710270879,0.0,0.3803985154530831,1.0898654254946156,50.888284135573755,1.869586139113799,1.071871537306145,0.8567522970244213,2.261681436312815,0.618202770383552,0.5235455524002184,2.421988605634645,0.7269442865413085,0.32705144079348886,0.3998928457478196,0.0,0.0,0.2730557134586916,0.0,0.28,0.28,0.28,0.7,0.4426452941550953,0.4483499071398126,,0.3116940136216534
B000980,20954.72099480643,4.759191686306252,15.021438229227442,7.995105432974428,0.0,0.5573985596274512,0.024731003006450945,0.504504541563284,2.1429340194578153,0.25112896584764394,0.6957524254887267,0.1971208517250326,0.8010707520350039,0.6711846717520288,2.028853837780247,0.9677422105125012,0.9263232333588358,0.04141897715366532,0.0,0.0,0.03225778948749875,0.0,0.0,0.0,0.0,0.95,0.9105377703093575,,,0.19106616983379643
B000981,1857.8630099509398,2.0711962206810925,8.667038697288882,4.369281552443382,0.19745695378544337,0.3280574044177249,0.546944057218405,19.77631536477071,0.3346700044671053,0.6833940923157691,0.0,0.51135783613241,0.1209208752468943,0.42085341251891406,1.8597649687984903,0.6700486001799281,0.6116664565474283,0.0583821436324998,0.32995139982007193,0.0,0.0,0.0,0.0,0.0,1.0,1.0,1.1856310667926262,0.38905219339265595,,0.19006326769067228
B000982,1061.507676607958,2.8382558198073746,12.236018399442463,4.494843049251251,0.0,0.4316118439684542,0.5032721734640397,23.578705336657823,0.7639932653139502,0.9760915979384672,0.0683449636381328,0.7052166696192678,0.1673912608757162,0.15721806242183994,1.759906754680387,0.9935695696395592,0.7451012445866297,0.24846832505292957,0.0,0.0,0.006430430360440721,0.0,,,,0.9,0.7210241983442007,,,0.19006326769067228
B000983,3923.439400170167,2.3967253513562414,9.904540010004013,3.763005963858638,0.0,0.4112712250734266,0.7154740295415953,25.8382137369074,0.891753681506635,0.5082712046957973,0.08024392541794373,0.4430550915286899,0.1845126282996606,0.28888881990751475,2.341859067176602,0.6245849277491685,0.5475996243662631,0.07698530338290534,0.0,0.0,0.37541507225083154,0.0,0.0,0.0,0.0,1.0,0.4408418648590353,,,0.19006326769067228
B000984,2055.9878351768525,3.9013051900889044,11.249469966179639,4.178988800132959,0.1753354010558068,0.36500000000000005,0.7330348877728728,4.7615939263857125,2.151638000122188,0.0,0.8629436650554249,0.6319181639809883,0.0,0.25480536093030287,3.0781160288914253,0.24662940174644904,0.24662940174644904,0.0,0.16197609086988346,0.0,0.5913945073836676,0.0,0.0,0.0,0.0,1.0,0.1205205903316676,,,0.19106616983379643
B000985,7629.617710284551,1.6400725946441426,9.053216486951897,2.4526549200922503,0.04396738037387786,0.3539357955433463,0.3243816004001676,11.713198623813627,0.8862298252479991,0.3536068884256457,0.041292435529309134,0.11770755406822804,0.053657016184420876,0.1875788751885394,3.0690421465930235,0.24403546664795003,0.14708854483682343,0.09694692181112657,0.21560441262197305,0.0,0.5403601207300768,0.0,0.0,0.0,0.0,0.6,0.7077171575661464,,,0.19006326769067228
B000986,5673.544539223362,1.7032556407155095,10.494550637490073,1.4047578371306935,0.0,0.39319050241842823,0.2726581113408455,9.784847610036607,0.7218446376023822,0.3670074382335441,0.037782904925172126,0.12403112987129719,0.1626597440804407,0.28992978600267305,1.9124468466455848,0.8027924317422751,0.7299723999711228,0.07282003177115196,0.0,0.0,0.19720756825772495,0.0,0.0,0.0,0.0,0.6,0.5224870417623456,,,0.19006326769067228
B000987,31304.88632005372,8.347969685347659,16.913453643086083,8.300058470027373,0.0,0.4329396559338657,0.01102314259627003,0.3966583297128708,4.491876883502371,0.7353750282332717,0.0,0.673213632643046,1.3172600992624541,1.1302440417065156,2.9089206009506188,0.46191983765986766,0.22348177344418468,0.23843806421568298,0.0,0.0,0.5380801623401323,0.0,0.0,0.0,0.0,1.0,0.19127736483262747,,,0.18847355270950683
B000988,7808.977134367877,1.978960246925463,4.368358674423095,1.35343294026147,0.0,0.47,1.3579707097103066,90.42857460797552,0.8256993909277115,0.4168573456005328,0.0,0.0,0.0,0.7364035103972185,2.6790073693323904,0.5827610017884248,0.5827610017884248,0.0,0.0,0.0,0.4172389982115751,0.0,0.0,0.0,0.0,0.98,0.29243880959542184,0.39399662912893973,,0.1887933662721779
B000989,1592.5479867533145,5.071808875010555,8.490856998640448,2.0148999644884023,0.21148800135639925,0.3892716557213778,0.014457156653992878,0.4133607322714555,3.560876023150955,0.0,0.15376016450977567,0.6166772672336275,0.06013950192190463,0.6803559181942925,3.2756089006582054,0.2979080815336236,0.2675914492828754,0.030316632250748144,0.0,0.0,0.7020919184663763,0.0,0.0,0.0,0.0,0.5,0.32709985586823626,,,0.191088296168766
B000990,2098.930831415396,3.8441956619329596,8.126882957453423,3.0449004132592803,0.0,0.41931443485715775,1.3131928987823185,61.493824680786155,1.6345443793737833,1.0366072008430713,0.09119341141504517,0.35408560091484986,0.0,0.7277650693862094,2.7410654154062946,0.5748019811895076,0.21303766842852673,0.36176431276098087,0.0,0.0,0.42519801881049224,0.0,0.0,0.0,0.0,1.0,,,,0.191088296168766
B000991,8117.607213704265,6.938125823678859,13.426327732414766,12.125459879554608,0.0,0.4592426972322556,0.01503747766182333,0.5343405831260873,1.353545800386033,0.25220707724300556,1.2938313023452581,1.839056073509115,1.4925421339055283,0.7069434362899186,2.0747277514438895,0.8049118977106801,0.2883739484525938,0.5165379492580863,0.0,0.0,0.19508810228931991,0.0,1.0,1.0,1.0,1.0,,0.25475885625282957,,0.6084446516532538
B000992,3324.338102076512,5.336016215211094,10.003382199650495,9.47254006335343,0.22273373302417002,0.3686229423240608,1.043812819347967,37.760759252468866,1.7930719831062918,0.0,1.1174834890702505,1.6718615757423299,0.14752011817321228,0.6060790491190112,2.3446447730591697,0.6639680408026354,0.6639680408026354,0.0,0.0,0.0,0.33603195919736484,0.0,,0.0,,0.7,0.44135927193486846,0.3388309442600883,,0.1887933662721779
B000993,21995.113421159836,11.052820814653185,14.302539648309004,8.194805842961818,0.0,0.365,0.010306166420309567,0.0238072444309151,6.805958956808205,0.0,0.0,1.4981569120922538,1.7579137624823562,0.9907911832703684,2.98573053965022,0.3842333037928866,0.36928153385980905,0.014951769933077657,0.0,0.0,0.6157666962071132,0.0,0.0,0.0,0.0,1.0,0.2898019536780676,,,0.18847355270950683
B000994,15711.022998396766,4.874658082034367,13.56104905185059,10.185379489412865,0.29325591827446,0.3463517808381785,0.04641750214725994,0.9707940151997545,1.2496961706948566,0.8908736541246602,0.6523635564428628,1.2431840493944286,0.0,0.8385406513775577,1.6529143268654753,1.0,0.866172448310342,0.13382755168965788,0.0,0.0,0.0,0.0,0.0,0.0,0.0,1.0,0.9713447656197544,,,0.19106616983379643
B000995,13496.195670888925,5.880695281433082,12.38296823987532,6.091279363024681,0.038814328229430387,0.3658202764636025,1.137599236122456,53.407499398511824,2.416843795709487,0.7383805218472662,0.6255283630123506,0.27004487308198505,1.1705422739843026,0.6593554537976918,1.4599647740697794,0.9861819966612314,0.8606219248482043,0.1255600718130269,0.0,0.0,0.013818003338768616,0.0,0.0,0.0,0.0,0.98,0.3409185719218151,,,0.1887933662721779
B000996,3015.455467679759,8.171966037072517,10.954293537449818,14.213548632982482,0.0,0.4736137761888973,0.014618644666652914,0.32599577606636,3.800362186378171,0.0,0.0,2.836434064446424,0.8536917261269357,0.6814780601209894,1.3862486246281207,0.9933687979583544,0.9933687979583544,0.0,0.0,0.0,0.006631202041645603,0.0,,,,1.0,,,,0.18847355270950683
B000997,3728.7071110283728,4.276040264940795,16.690785575165282,6.732776950004162,0.0,0.2753012267126049,0.01336997284075162,0.29258659220120337,1.2139023190824934,0.0,0.8213220723817554,0.6732324976246891,1.1025390810975888,0.46504429475426745,2.094895472093195,0.7377110850698594,0.4725371589962568,0.2651739260736024,0.0,0.0,0.2622889149301406,0.0,0.0,0.0,0.0,0.95,0.8332579089272558,,,0.19106616983379643
B000998,2918.345935925041,4.349248786773534,11.670698417173865,6.257039135914961,0.0,0.39402597314951837,0.01641401925673813,0.390681478681989,1.7443373006736962,0.0,0.0,0.9201753547731278,1.0268707386447096,0.6578653926819996,2.8787220145587407,0.5478720077215948,0.1001978945876246,0.44767411313397026,0.0,0.0,0.45212799227840517,0.0,0.0,0.0,0.0,0.95,0.7817343746636003,,,0.19106616983379643
B000999,7411.17976324291,3.2633992792791324,10.001468816166932,6.284999506795797,0.02800283870495562,0.6592162257104812,0.8460961030670222,30.699965581380155,1.0487092975395333,0.15366637715187242,0.04588981902288124,1.4018914394388806,0.0,0.6132423461259648,2.2123442276908425,0.66531048416537,0.6512485153115256,0.014061968853844344,0.0,0.0,0.3346895158346302,0.0,0.0,0.0,0.0,1.0,0.9244534733915362,0.30366247056832435,,0.191088296168766
B001000,13725.352344293702,5.326097145632015,8.104385240980838,2.9180373876709345,0.0,0.40309167396109796,1.2047064172218245,43.62088015860312,3.2332869999239673,0.5860790790083997,0.0,0.0,0.8738061680255228,0.6329248986741243,1.8903029881314168,0.979621652391826,0.8695825256197863,0.11003912677203963,0.0,0.0,0.020378347608174002,0.0,0.2,0.2,0.2,0.98,0.2168099932700229,,,0.2770151739533745
B001001,71746.22475889973,15.171542558447817,34.61377049907538,10.298548931792753,0.0,0.4506148935123618,0.062317647816749776,2.8333653980139157,12.038905762742116,0.7288025401459446,0.0,1.731267727996413,0.0985914796453366,0.5739750479180104,3.2047064279031416,0.19808071051427306,0.19808071051427306,0.0,0.0,0.0,0.8019192894857272,0.0,0.0,0.0,0.0,1.0,0.23198579291890334,,,0.191088296168766
B001002,16988.728765605927,3.748616232481449,7.482491041938194,2.8905080675254764,0.0,0.4061385339676781,1.378802554122652,49.90883355280636,1.8434016706395597,0.6269866664131984,0.8127206737349845,0.0,0.0,0.4655072216937053,2.5571520151639713,0.5200309714232408,0.5200309714232408,0.0,0.0,0.0,0.47996902857675905,0.0,0.0,0.0,0.0,0.98,,,,0.1887933662721779
B001003,2608.5573391365156,8.177295733970269,13.082971279667785,16.089767347498842,0.0,0.3985252012508099,1.4908891812129836,53.76973022231298,2.094528155022439,1.2243120339042814,1.5056400011880788,1.850705019629155,0.7581300032584228,0.7439805209678907,2.3760313260067396,0.7351007378104523,0.17493302421138704,0.5601677135990653,0.0,0.0,0.26489926218954757,0.0,0.2,0.2,0.2,0.98,0.5811886450703473,,,0.2770151739533745
B001004,7368.847107371207,4.033304382797596,9.624452001571573,5.701731891317269,0.0,0.33382708479407336,1.092953047474711,39.56490031858454,1.3661913093433886,0.0,0.14385139619740273,1.8662345541125116,0.12348643683421517,0.5335406863100784,2.276773079062741,0.6246534117858691,0.5940367200824372,0.030616691703432026,0.0,0.0,0.37534658821413097,0.0,0.0,0.0,0.0,1.0,0.5814011602371507,,,0.191088296168766
B001005,10821.67288627192,15.371694440727158,30.610873811664334,4.902793254842295,0.0,0.38704176436107535,0.06939685936181042,3.049185826698219,13.025443116102224,0.9466891290209077,0.0,0.2780153488749933,0.0,1.121546846729035,3.4631539627443577,0.15263452794173202,0.13454834037490176,0.018086187566830256,0.0,0.0,0.8473654720582681,0.0,0.0,0.0,0.0,1.0,0.1493073829074239,0.21870202076306006,0.5911142585091744,0.191088296168766
B001006,11116.775444668348,5.771949867429049,13.386303897042385,10.655309441115845,0.0,0.2826625707992523,0.009364336507918845,0.20882470412659024,1.156090926903561,0.8797291899762314,0.0,1.644155680655325,1.5274932854307222,0.5644807844632095,2.258076545271778,0.7997053069661347,0.5350645320955273,0.2646407748706072,0.0,0.0,0.20029469303386532,0.0,1.0,1.0,1.0,1.0,0.26540716254097985,0.30901747577435035,,0.6084446516532538
B001007,13339.77596253992,4.1505214569197015,9.004291482398035,6.822595095318842,0.0,0.35373265155771844,1.3193715034952829,47.669820554364904,0.7900353729547102,0.8850054735812614,0.5815783222726584,0.5950808252432209,0.8454861794632046,0.4533352834046463,2.080706116694717,0.8098432897696938,0.6697215416209022,0.1401217481487917,0.0,0.0,0.19015671023030625,0.0,0.0,0.0,0.9800000000000001,0.98,0.3044320553769674,0.4110750840479493,0.539552869578971,0.1887933662721779
B001008,358.213585312113,0.9426673297687185,6.261114177377582,1.5771439298353411,0.0,0.47000000000000003,0.3800939843204544,13.770584045737735,0.4562250927702055,0.0,0.0,0.3325290786085629,0.0,0.15391315838995012,1.4969779984041194,0.9777085536363708,0.6249551823169806,0.35275337131939033,0.0,0.0,0.022291446363629078,0.0,0.0,0.0,1.0,1.0,0.8331733967865023,,,0.19006326769067228
B001009,2801.7494566287414,7.03957149906719,16.91737126066038,9.306472523838858,0.0,0.2195211692648165,0.021397129268849478,0.5048147030962786,1.9978787134565594,0.41188115212547444,1.6494761466744339,0.7517212316346784,1.6259171540144408,0.6026971011616041,2.1444856728738007,0.7294627717172032,0.5641682812905713,0.16529449042663197,0.0,0.0,0.2705372282827971,0.0,0.0,0.0,0.0,0.95,0.7562529388803451,0.40195595826382474,,0.19106616983379643
B001010,2946.138933037739,3.4783222349914276,12.205875666174801,6.690018362287586,0.14008372218727624,0.4499424061468124,0.016359261279730312,0.4418700237422903,1.3135056375784526,0.0,0.39548745764897314,0.5553208287101509,0.8675785414075361,0.34642976964631406,2.4883169514420094,0.6223737914892492,0.5086731533855032,0.11370063810374596,0.0,0.0,0.3776262085107505,0.0,0.0,0.0,0.0,1.0,0.9684540008961798,0.5048353514593122,,0.19106616983379643
B001011,9334.687724983034,2.0001473591135706,9.324240321937967,2.198623060646621,0.0,0.43796858848389875,0.5901949516128476,27.661057130773447,0.7353454582758732,0.8459058579931753,0.0,0.07315484595184875,0.12513560200836768,0.22060559488430542,2.553191444004074,0.5805736888742564,0.5805736888742564,0.0,0.03657472816616354,0.0,0.38285158295957983,0.0,0.0,0.0,0.0,1.0,,0.31433552531597414,,0.19006326769067228
B001012,5553.441645357356,5.465985871414721,14.529212242387105,5.471486397631491,0.0,0.33144422923950934,0.014721906205904179,0.3208172837886477,2.5442860747243694,0.29003797304678636,0.0,0.4442233567216071,1.407289687088136,0.7801487798338211,1.729059911959064,0.9469376650672319,0.8656671738563514,0.08127049121088052,0.05306233493276813,0.0,0.0,0.0,0.0,0.0,0.0,1.0,0.26438267188775905,,,0.19106616983379643
B001013,32096.73276801319,11.273878738325672,14.24643900117048,18.331280578671368,0.0,0.5072481932159612,0.016506490285962162,0.7647898304905318,4.733639997999735,0.3221775084728316,0.41236392611053696,2.212852327799719,2.478605718720904,1.1142392592219452,2.572157887317348,0.4240328934939639,0.3954555497109776,0.028577343782986212,0.25643079120618517,0.0,0.31953631529985094,0.0,0.5,0.5,0.5,0.5,0.28748771915548393,,,0.40484810018049977
B001014,2019.5056505220919,2.019505650522092,11.373665804099453,3.6128451889440547,0.02285406137221416,0.27827054512663424,0.5009663933419474,18.111517879090652,0.2747811641323551,0.9944278641080426,0.034918213343152246,0.4348318121657328,0.0,0.28054659677280924,2.5282377789325614,0.8639364222321847,0.6313299794686088,0.2326064427635759,0.0,0.0,0.13606357776781533,0.0,0.0,0.0,1.0,1.0,,0.29620894322673785,,0.19006326769067228
B001015,707.5956169762327,2.2679346697956175,12.675365383067673,3.401911152188736,0.0,0.44478375164613343,0.5537620685645326,36.84767927412179,0.44569939320624824,0.0,0.053296077636571904,1.431109054575399,0.11440960378845418,0.2234205405889437,2.1968166444014026,0.9721664464147949,0.31764797549881235,0.6545184709159824,0.0,0.0,0.02783355358520504,0.0,0.0,0.0,1.0,1.0,,,,0.19006326769067228
B001016,1849.0379576048313,2.6414827965783303,5.135465959152215,0.7175021169263699,0.0,0.433,1.143217959097133,41.36518264867618,1.5973541272644343,0.0,0.0,0.34153100765695205,0.0,0.702597661656944,3.166284490233717,0.31063903967346407,0.31063903967346407,0.0,0.0,0.0,0.6893609603265359,0.0,0.19999999999999998,0.19999999999999998,0.19999999999999998,0.98,0.27322982078902186,,,0.2770151739533745
B001017,1766.8148224289507,4.428107324383335,12.36508300322509,3.52937819688255,0.0,0.32732503402013274,0.014027574428867507,0.24221613873562747,2.073375481442709,0.4806695296692664,0.8872702559094567,0.5254842431700417,0.0,0.461307814191861,1.4591252529745837,0.9481435439168007,0.8395938872672286,0.10854965664957208,0.0,0.0,0.05185645608319934,0.0,0.0,0.0,0.0,1.0,0.1306920209183668,,,0.19106616983379643
B001018,2736.7626673682366,3.185986807180718,15.444717796760091,7.570456009299405,0.0,0.2926712967657353,0.2875649694788393,10.27809082442586,0.43698553421259334,0.6685988247431974,0.03755296863694833,1.4463142993013829,0.22311019300216986,0.3734249872844268,2.1117322534978658,0.8544106693890685,0.7843820702438007,0.07002859914526773,0.0,0.0,0.14558933061093185,0.0,0.5,0.5,1.0,0.5,0.5890167642799229,,,0.40649680945047806
B001019,4642.423796904162,1.4395112548540039,8.081117013880919,2.0870957840757125,0.0,0.3941944973936898,1.236911765470869,44.732800452235196,0.43439862650976485,0.0,0.057214912947235415,0.69979347850372,0.0,0.2481042368932834,1.8758063247809844,1.0,1.0,0.0,0.0,0.0,0.0,0.0,0.0,0.0,0.0,1.0,,,,0.19006326769067228
B001020,8332.623798883731,5.653069063014743,9.603879869442784,5.621600688569479,0.0,0.365,1.225229063830286,44.48642812989003,2.139193979004409,0.9468695488873783,1.5542712450793976,0.46706436959790887,0.0,0.5456699204456484,2.749696148800596,0.46167684793923414,0.10411255991347594,0.3575642880257582,0.16749654715564702,0.0,0.3708266049051187,0.0,0.28,0.28,0.28,0.7,0.4016793615014637,,,0.3116940136216534
B001021,3226.108110833817,4.200661602648199,8.989395244672208,3.871646631846182,0.0,0.28433881622015905,0.9089957601601104,32.99191533653008,1.558601826446238,0.5125024610365384,0.6218323159765672,0.21068458845470617,0.8285037174598204,0.46853669327432906,2.397107474971144,0.6441870659314529,0.6441870659314529,0.0,0.0,0.0,0.3558129340685472,0.0,0.28,0.28,0.28,0.7,0.5321229837446073,,,0.3116940136216534
B001022,4520.726950482569,5.840732494163526,9.659303098571193,7.981177286891822,0.0,0.39746327088491584,1.6116809117427455,58.258104523200224,2.0925859801590327,0.43482263581426234,1.0025729943911754,1.8259819776598687,0.0,0.484768906139188,2.3443952530159025,0.6498294826208985,0.26275395472550406,0.3870755278953945,0.0,0.0,0.35017051737910165,0.0,0.0,0.0,0.0,0.98,0.3695706510489331,0.29736015808662986,,0.1887933662721779
B001023,3241.8699188609107,6.344168138671058,11.466159744584148,3.4002101835007426,0.0,0.021,0.019206438585388688,0.5726631382127403,3.5057471701765603,0.0,0.0,0.0,2.366546287716517,0.47187468077798206,2.9479217409773,0.44580193325484585,0.44580193325484585,0.0,0.0,0.0,0.5541980667451543,0.0,0.5,0.5,0.5,0.5,,,,0.40484810018049977
B001024,14731.697758886336,4.746036649125752,12.032525161375816,6.499683913368529,0.19836172587957518,0.021,0.01477615070150518,0.25341892734233035,2.2896420303122174,0.4446087840378569,0.0,1.6697139341306735,0.0,0.34207190064500503,2.92041990245285,0.5128450657070117,0.06735277930462978,0.44549228640238187,0.0,0.0,0.48715493429298845,0.0,0.0,0.0,0.0,1.0,,,,0.19106616983379643
B001025,6592.9931051595,1.610797240449426,11.94119276309926,3.0249077001061373,0.0,0.36499999999999994,0.18716395693784918,6.821052186647984,0.2877731705720328,0.574476225353833,0.0,0.3365802924256558,0.142726563372388,0.2692409887255162,2.768771264769974,0.13053361865803745,0.13053361865803745,0.0,0.6541997060150553,0.0,0.21526667532690716,0.0,0.5,0.5,1.0,0.5,0.59099817430534,,,0.40649680945047806
B001026,2135.9356330548194,5.9331545362633875,19.526773229582126,6.299118339664323,0.0,0.07642497606108241,0.01787192238921292,0.24583249957149086,2.331877440574721,0.0,0.0,1.25533625448705,2.0336405932752495,0.31230024792636646,1.9477760067496714,0.6489772468137581,0.5990359289129246,0.04994131790083352,0.34275874340465207,0.0,0.008264009781589903,0.0,0.0,0.0,0.0,1.0,0.2458330051567525,,,0.19106616983379643
B001027,23813.411695017825,10.90357678343307,27.820950613752466,4.719403028485744,0.0,0.1456672514524235,0.021948094368939276,1.0183915787187825,8.138898942708995,0.8758130628503049,0.020550662542067513,0.5587174524921698,0.3583294839657369,0.9512671788737976,1.515086173297556,0.9953409775374328,0.9422145469596815,0.053126430577751245,0.0,0.0,0.004659022462567248,0.0,0.0,0.0,0.0,1.0,,,,0.191088296168766
B001028,4072.9711618197466,3.5509774732517405,9.589091675730455,1.994788146689139,0.0,0.4145747324096625,0.009734164808309742,0.21707187522530724,2.223540184639281,0.5559672388475732,0.0,0.2900805265191704,0.0,0.481389523245716,2.973701953552009,0.34103025142183674,0.34103025142183674,0.0,0.0,0.0,0.6589697485781634,0.0,0.0,0.0,0.0,1.0,0.10832603403945011,0.2583933363349959,,0.19106616983379643
B001029,29987.93143349533,6.286778078300908,14.476395305029715,11.18485305875965,0.0628010383855919,0.2547726539977841,0.022466223108696556,0.4319759495433279,1.812801909985901,1.7900367033792877,0.0,1.400366243607236,0.8945278338494933,0.3890453874789896,2.5011615268321328,0.5693613310163018,0.28463095226193186,0.28473037875436996,0.14228716565278415,0.0,0.2883515033309139,0.0,0.0,0.0,0.0,1.0,1.1005355325984263,0.40429505683454087,,0.19106616983379643
B001030,4464.631189028636,6.368946061381791,13.38256898123027,4.45524354548219,0.2913026249305969,0.40449025362720264,0.00864459928024869,0.12181268443837559,4.176338393504768,0.5323112372555743,0.0,0.7378863480842923,0.0,0.9224100825371572,3.2798532417936332,0.14053301464558848,0.14053301464558848,0.0,0.19943607201224867,0.0,0.6600309133421628,0.0,0.0,0.0,0.0,1.0,0.25026778896164953,,,0.18847355270950683
B001031,2005.9730264556697,6.4294007258194545,13.595498546751129,11.399234797319009,0.0,0.2738007965328387,1.2717768660836286,45.98891783421047,1.584157488233264,0.9359732280123987,0.05799496530827136,1.8985414387016617,1.170795633520029,0.7819379720438282,2.2534346550181406,0.7356912643276879,0.553590990375514,0.182100273952174,0.0,0.0,0.264308735672312,0.0,0.0,0.0,0.0,1.0,0.926016620064748,0.3409259725631455,0.41996182243565305,0.191088296168766
B001032,5518.2116973703005,4.71642025416265,10.097259814003296,7.761654773367743,0.0,0.4352358401053388,2.2344118157831554,80.94252788184863,1.1427851090304124,0.8537522017533963,0.20958449836372206,0.7588811875198797,0.8374554206457345,0.9139618368495039,2.2056370068058495,0.638112540523577,0.638112540523577,0.0,0.2254541883070389,0.0,0.13643327116938397,0.0,0.28,0.28,0.28,0.7,0.5714417708332387,0.2995224951066999,,0.3116940136216534
B001033,6707.146060290769,4.590791280144264,13.183749114805734,10.374725767852913,0.1682250878608348,0.3689083544213268,0.010247653744254535,0.22852267849687613,0.4099061497701814,0.7321602042361883,0.5315405215536728,1.256804608738626,1.2831807865270066,0.3771990093185881,2.4224183339026863,0.7512266874458119,0.3616761674674563,0.38955051997835566,0.15948453317903413,0.0,0.08928877937515388,0.0,0.0,0.0,0.0,1.0,,,,0.19106616983379643
B001034,66324.08210509414,17.51824672612101,29.43533519318182,0.9192202549046312,0.0,0.36500000000000005,0.08151833020609586,3.7824505215628483,16.303666041219174,0.0,0.0,0.0,0.48534829458964523,0.7292323903121937,3.5742235735580543,0.06933231983145943,0.041627019056927304,0.027705300774532125,0.0,0.0,0.9306676801685407,0.0,0.0,0.0,0.0,1.0,,,,0.191088296168766
B001035,11729.390962556323,16.49703370261086,23.464186189867235,14.954287863843186,0.0,0.3119525478135704,0.010068034847757557,0.4671568169359507,6.648702257953103,0.5212986146610837,2.622177271143039,0.0,5.47031711949924,1.234538439354396,2.726233240707245,0.5782138781594172,0.5782138781594172,0.0,0.0,0.0,0.42178612184058284,0.0,0.0,0.0,0.0,1.0,,,,0.18847355270950683
B001036,10031.457430750392,7.570911268490861,12.670145895821838,9.384639274221419,0.0,0.38908924948628587,0.01803947959188508,0.3916981118115538,3.3881864027967676,0.0,0.0,1.2594835526884687,1.8448368539807296,1.078404459024896,2.7583340808598553,0.46488432132090574,0.2985260709039084,0.1663582504169972,0.0,0.0,0.5351156786790943,0.0,0.0,0.0,0.0,1.0,0.2321904239900371,,,0.18847355270950683
B001037,4764.117606618683,2.800774607065657,6.788739598017242,3.5916577752025836,0.0,0.20434286068515858,0.011611712111065176,0.25894118007675343,0.464468484442607,0.0,0.4517137679759065,0.0,1.4790380241668717,0.4055543304802716,2.4933857346320227,0.7479402554283769,0.7479402554283769,0.0,0.0,0.0,0.25205974457162317,0.0,0.0,0.0,0.0,1.0,0.5292445178353549,,,0.19106616983379643
B001038,2977.5711907039736,3.047667544221058,5.105335540052399,3.696259790098852,0.0,0.17170778546847262,5.142320580739188,186.1470306510185,0.8916013843453875,0.0,0.4121795065936608,1.0834825508515773,0.0,0.6604041024304319,1.5523062406724528,0.9269014999180653,0.9269014999180653,0.0,0.0,0.0,0.07309850008193464,0.0,0.0,0.0,0.98,0.98,0.4537155663496447,,,0.1887933662721779
B001039,1726.784881686748,3.3143663755983646,5.092625015268816,5.381185453994441,0.0,0.4795815418200081,1.8743258377591794,67.82944217556198,1.1389973074832302,0.491156021599819,0.0,0.3981730418088786,0.5154540272283472,0.7705859774780897,2.5396687107156217,0.5362098889822965,0.5362098889822965,0.0,0.12013549399377846,0.0,0.34365461702392497,0.0,0.0,0.0,0.9800000000000001,0.92,0.139649678454777,,,0.1887933662721779
B001040,7499.857919603549,6.028824694215071,10.760594008876277,8.347454868712038,0.24001310761795772,0.2737589446169353,1.1192737996535724,52.525488826096385,1.9784438497859094,0.1709838713763457,1.4875936069234628,0.784493970027137,0.9626271179917671,0.6446822781104482,2.427084622378167,0.5558356531583262,0.5558356531583262,0.0,0.13012386490187622,0.0,0.3140404819397975,0.0,0.28,0.28,0.28,0.7,0.3233527732184677,,,0.3116940136216534
B001041,69327.91397282413,16.18676487808175,35.51289153865329,4.124335042294833,0.0,0.4836231247185939,0.036216349549119176,1.5942305490594537,14.340262059205807,0.0,0.04603762461131617,0.8409312648873997,0.0,0.9595339293772274,1.745659027225022,0.9991227890788764,0.9443268557234877,0.054795933355388814,0.0,0.0,0.000877210921123613,0.0,0.0,0.0,0.0,1.0,0.21631221363137215,,,0.191088296168766
B001042,3757.568288307539,10.020182102153438,13.137261633062606,10.739228629817921,0.0,0.1418319059698239,0.020984210454556482,0.39957985368712556,2.0432698096089497,0.9735423561213415,3.002336284677784,0.6376238523268883,2.712868046014177,0.6505417534042975,2.067696371831235,0.7934489857472703,0.5227085921738686,0.2707403935734017,0.0,0.0,0.2065510142527298,0.0,1.0,1.0,1.0,1.0,,0.29181965851746594,,0.6084446516532538
B001043,773.6188641889493,1.6636964821267726,12.798918650921232,2.523269636499841,0.10634621620380658,0.18160460219956506,0.3602975438110033,13.053651214676346,0.44901191367400095,0.39676707320734544,0.015744896049667525,0.3796603277552973,0.18740487333558906,0.2351073981048728,2.266260469406101,0.7301118812849745,0.48216282706224656,0.247949054222728,0.0,0.0,0.26988811871502566,0.0,,,,1.0,0.8713916196335068,,,0.19006326769067228
B001044,3356.146217287752,9.169798407890033,14.46576496396213,12.544613015940685,0.10435023346699893,0.15570497202310343,0.016210735738649423,0.8836155957910897,2.2105681973358795,0.0,2.302473622450032,0.9382652138558167,2.8516068863077186,0.8668844879405858,1.859671474530118,0.9851305083028623,0.9851305083028623,0.0,0.0,0.0,0.014869491697137647,0.0,0.0,1.0,0.0,1.0,0.2672081315785519,,,0.18847355270950683
B001045,1346.879786915337,2.5128354233495096,11.106987600055238,2.123031012642577,0.0,0.0,0.636616059986847,42.32630095135175,0.34818879602831776,0.0,0.0,0.4287673433132948,0.0,1.7358792840078965,2.415258229560014,0.8532408831078344,0.6826099936635249,0.1706308894443095,0.0,0.0,0.14675911689216548,0.0,0.0,0.0,1.0,1.0,0.4732388792118397,,,0.19006326769067228
B001046,3030.2345505587377,2.997264639523974,4.767799886367877,2.4690141892953212,0.0,0.37874594261693834,2.3745708089117072,85.92223415375247,0.8566776120031747,1.040113702984829,0.0,0.23757249156521956,0.0,0.8629008329707499,1.6415069126505262,0.9665763606870782,0.9665763606870782,0.0,0.0,0.0,0.03342363931292188,0.0,0.0,0.0,0.9800000000000001,0.98,0.22382897305022906,0.3842984661398046,,0.1887933662721779
B001047,1743.924091741651,1.4294459768374188,6.127542896665027,2.7556749334664445,0.0,0.36499999999999994,1.6845646374699923,60.883683289958846,0.39013802133784004,0.0,0.08437799952207432,0.7600390340029758,0.0,0.1948909219745291,2.301990762411376,0.4439944462679039,0.4439944462679039,0.0,0.5317018245659945,0.0,0.024303729166101885,0.0,0.0,0.0,1.0,1.0,,0.366723524167391,0.48942346745650794,0.19006326769067228
B001048,8305.126215245702,3.917512365681935,9.460918694508466,1.663860233417841,0.0,0.021,0.010130354888407371,0.22590691401148438,2.319058353072052,0.5687713674253357,0.0,0.5892753550334814,0.0,0.44040729015106606,1.345220660391159,1.0,1.0,0.0,0.0,0.0,0.0,0.0,,,,1.0,0.36617054601532173,0.27534142672275513,,0.19106616983379643
B001049,5115.6396779295055,4.471713005183134,17.832306302544236,6.61774171724106,0.0977094979230604,0.29305006132552175,0.012656169428498513,0.2756214202820915,1.1183488501276573,0.0,0.7321013222630589,0.47935206321151175,1.6392418889433615,0.5026688806375443,2.667291016661713,0.38006867559342095,0.27287215769169115,0.1071965179017298,0.36658029865586783,0.0,0.25335102575071117,0.0,0.0,0.0,0.0,0.95,0.8890488684258203,,,0.19106616983379643
B001050,6657.462043252778,2.6683214602215544,11.641138391729015,3.990242277159608,0.05859932272159671,0.45976913058361196,0.6413909337549661,30.071307808097004,0.7994644692575003,0.4727377696606889,0.021705224925000734,0.8456682436036341,0.13518942705829842,0.3935563257164311,2.3871227697276574,0.6746116536303897,0.3495483201980618,0.3250633334323278,0.0,0.0,0.3253883463696101,0.0,0.0,0.0,0.0,1.0,1.014511405479051,0.3146688555200398,,0.19006326769067228
B001051,51453.98006843609,12.55587605379114,31.50102418068573,4.795860637350405,0.0,0.46349924648154767,0.053291109900805475,2.4727074993973743,10.658221980161096,0.48200399896098306,0.06958196539277381,0.6002516156956339,0.19051271761123367,0.5553037759694173,3.3925246493494354,0.15113673195723062,0.10333030147607009,0.0478064304811605,0.0,0.0,0.8488632680427692,0.0,0.0,0.0,0.0,1.0,0.15091284706701358,,,0.191088296168766
B001052,511.98424039127735,1.5561831014932441,12.727827883104311,2.8035146707455936,0.0,0.4485418814449931,0.22066643606707684,7.940921054686985,0.6199243875233613,0.19526155944862172,0.03863605350009078,0.494538741817656,0.0,0.20782235920351463,1.9239056796081773,0.804053193468004,0.779225746451636,0.02482744701636802,0.0,0.0,0.19594680653199606,0.0,,0.0,,0.6,0.6782974125596744,,,0.19006326769067228
B001053,1772.8273176682505,1.9354010018212342,8.3070323884959,2.302562096148381,0.0,0.36500000000000005,1.4061778732963635,50.85376714462481,0.7688961603968487,0.4245893976058835,0.0,0.5272192273746695,0.0,0.214696216443832,1.878628735324437,0.7768752422650681,0.67422679457622,0.10264844768884808,0.2193805817018489,0.0,0.0037441760330829167,0.0,0.0,0.0,0.0,1.0,0.7613190207601332,,,0.19006326769067228
B001054,4512.050300549467,5.8904050921011315,10.649296935637947,15.33725085424158,0.5611621629773188,0.25676631230058394,1.635746149094916,57.929868411747165,0.9592188054444442,0.0,0.5687876961885515,2.663646712239151,1.1140238407342444,0.5847280374947416,2.3960037033465515,0.8513416646745313,0.1134538316305143,0.737887833044017,0.0,0.0,0.14865833532546896,0.0,0.0,0.0,0.9800000000000001,0.92,0.3731957283865498,0.5578163114642432,,0.1887933662721779
B001055,1739.0929497931672,1.3418927081737402,7.614904516454553,1.320122193976319,0.0,0.44293975392996976,0.48005768702648977,22.56271129024502,0.6000721087831122,0.30181066360428466,0.0,0.0,0.1796348093835799,0.2603751264027636,2.576039879456058,0.5488844157176765,0.5488844157176765,0.0,0.0,0.0,0.4511155842823236,0.0,0.0,0.0,0.0,1.0,,,,0.19006326769067228
B001056,4257.090277488627,5.9126253854008715,10.030274933250727,8.457625667218,0.0,0.4398779013269184,1.3167929786658106,47.609248598796064,1.8393610602991544,0.6161345469599526,0.0,1.4564848571421154,0.8996245595323289,1.1010203614673193,2.702666075318579,0.6353651178729962,0.48321197085413853,0.1521531470188577,0.0,0.0,0.36463488212700357,0.0,0.2,0.2,0.2,0.98,0.38881229265362516,,,0.2770151739533745
B001057,2179.512777154103,0.7823089652383715,5.942966552278432,2.07406288592995,0.7667768665230004,0.453,0.18143648100475465,6.547736815728606,0.27896691355755354,0.0,0.0,0.334375272889923,0.04527866728498896,0.12368811150590615,2.2196049913462956,0.6434057054778206,0.6434057054778206,0.0,0.0,0.0,0.3565942945221798,0.0,0.5,0.5,1.0,0.5,,,,0.40649680945047806
B001058,13918.521424175362,8.893623913211094,19.923985608941177,7.686571948594259,0.0,0.1475200390509689,0.007806233077786156,0.28963617627857563,3.9423674875005927,1.3290312849772408,0.95011578243123,0.3649720193986919,1.7280145295743157,0.5791228093290223,2.754051194723832,0.5567197886966665,0.1719477466872233,0.38477204200944326,0.0,0.0,0.4432802113033334,0.0,0.0,0.0,0.0,1.0,0.15163259586684844,,,0.18847355270950683
B001059,2619.6538341681894,6.804295673164129,14.088968608525375,6.521572705997734,0.0,0.37928003173164065,0.01370011384841119,0.3055125388195695,2.958125596251104,0.23661580522938164,1.316840297961796,0.0,1.8044376514935452,0.48827632222830264,1.627562231371915,0.9902169744884972,0.9902169744884972,0.0,0.0,0.0,0.00978302551150291,0.0,0.0,0.0,0.0,1.0,,,,0.18847355270950683
B001060,13513.897569791254,4.640761528087656,9.920945208269362,5.79258606375855,0.0,0.36500000000000005,0.017231003229390387,0.42721386083194574,2.76697049138209,0.39991286967061146,0.13159543825440354,0.9238607634395908,0.11165487638109127,0.3067670889598686,2.1389896377697752,0.4572441809458377,0.4288877490417336,0.028356431904104064,0.30930882804546916,0.0,0.23344699100869312,0.0,0.0,0.0,0.0,0.5,0.5115845325032834,0.19636301699670158,,0.191088296168766
B001061,2560.868277406848,4.064870281598171,9.94879290887231,2.0825233079737475,0.0,0.20912253978343226,0.005267106515690725,0.18504809626922997,2.419144217976268,0.21534139940852734,0.11948541733888622,0.30163202380215937,0.5036850640413262,0.5055821590310035,2.6276784694792363,0.5443605667451656,0.39105420314450406,0.15330636360066147,0.0,0.0,0.45563943325483425,0.0,0.0,0.0,0.0,0.5,0.4345822840582401,,,0.191088296168766
B001062,3234.0057092913285,6.709555413467487,18.448817471146437,15.560086952622461,0.12135178282191769,0.3777171069803026,0.02027779001378183,0.5631459658366724,1.563547835983465,1.545529236234759,0.0,1.9545329109537524,1.3402728131341008,0.3056726171614106,2.2458421946163685,0.5345897541597111,0.24328387910417532,0.2913058750555356,0.23034748817075976,0.0,0.23506275766952942,0.0,0.0,0.0,0.0,1.0,0.5436223139450975,,,0.19106616983379643
B001063,2025.8687829659143,5.9063229824079135,9.595711397489083,8.574908236050684,0.0,0.502875930295862,1.2700971054475139,46.014319306131824,2.182326141660065,0.8890964866517692,0.7389916102323751,0.9958636781634299,0.0,1.1000450657002736,2.40316655846111,0.5843345320653702,0.5602185358139249,0.02411599625144519,0.0,0.0,0.41566546793462983,0.0,,0.0,,0.7,0.28562972359645245,0.4177871242617762,,0.1887933662721779
B001064,8321.844559610372,9.094912087005872,19.570811207031735,10.602995829884327,0.1385092440721415,0.08522993766524564,0.007881715693925711,0.2951936076661045,3.4745369726091493,0.0,1.3148813029705535,0.9007009242088242,2.6423095131222287,0.7624833740951135,1.4674104212626495,1.0,0.8554267165650608,0.14457328343493914,0.0,0.0,0.0,0.0,0.0,0.0,0.0,1.0,0.19294040736469756,0.15521045513486045,1.0097467614501523,0.18847355270950683
B001065,12969.887947501498,3.5700214554091656,7.1213173402003775,2.1108592317667387,0.0,0.021,1.1332962001767413,53.19599134162572,1.5811313315648439,0.0,0.0,0.3281231057886125,1.1410349195210374,0.5197320985346713,2.5769591419215088,0.49173591094976865,0.49173591094976865,0.0,0.0,0.0,0.5082640890502311,0.0,0.20000000000000004,0.20000000000000004,0.20000000000000004,0.98,,,,0.2770151739533745
B001066,3652.4698387292487,5.247801492427081,9.84108571834459,3.360301644017816,0.0,0.1979817875639076,1.9439811444939745,70.34348231295752,2.547222318084583,0.820554736506161,1.0015999696075073,0.44872571852088156,0.0,0.42969874970794925,1.453394011580002,0.9836375678681127,0.9836375678681127,0.0,0.0,0.0,0.016362432131887213,0.0,0.0,0.0,0.0,,0.4221939524435576,,,0.1887933662721779
B001067,700.6520157761788,1.9248681752092824,12.072113689872376,4.143399329692723,0.0,0.3859436541447488,0.4750096446682844,17.135297451991335,0.5912018714475415,0.3679973345139421,0.0,0.6667890758625807,0.14825274037186148,0.15062715301335683,2.387910269577509,0.4968588201186217,0.4031798098166151,0.09367901030200666,0.1911805386225638,0.0,0.3119606412588145,0.0,0.0,0.0,0.0,1.0,0.950755364126422,,,0.19006326769067228
B001068,7206.683751083354,16.759729653682218,21.66990301946261,13.251295142405764,0.4113505018794719,0.39613961612596904,0.00906387209365254,0.4205636651454778,8.048714971688293,0.0,1.8836298350118454,0.9310137897078901,0.5964034998503338,5.299967557423855,1.6968740566991993,0.8722336573718678,0.8166830125257952,0.055550644846072465,0.11239022788162935,0.0,0.01537611474650284,0.0,0.0,0.0,0.0,1.0,,,,0.18847355270950683
B001069,7113.673196650812,5.70005865116251,12.071538016846906,8.494542141613124,0.17721636088545287,0.23444959557461828,0.013089388652606483,0.29189336695312457,1.1980745970859503,0.26120824471366166,0.29452289701017226,0.0,3.0017860287318,0.9444668836209248,1.7080453509467277,0.9483298479832124,0.9483298479832124,0.0,0.05167015201678761,0.0,0.0,0.0,1.0,1.0,1.0,1.0,0.19180316310979684,0.3454508949051754,0.5657635120408323,0.6084446516532538
B001070,10118.279237579905,2.7368891635325685,6.548875974412325,2.7887332989559774,0.0,0.0,1.1427712196436663,41.33592625716056,1.4248162887505105,0.0,0.0,0.5632125770571491,0.0,0.7488602977249088,2.9512941513768327,0.43363655022073055,0.22785087772744,0.2057856724932906,0.0,0.0,0.5663634497792696,0.0,0.0,0.0,0.0,1.0,0.8447901908576188,0.34578216713509635,,0.191088296168766
B001071,4212.514214295568,1.4785939678117124,8.211751232956804,1.6750579948896198,0.0,0.37179477826441276,0.15636441375478782,10.413869956068869,0.40988951775952015,0.6593025067165299,0.0,0.1568382286533481,0.060012324000708946,0.19255139068160565,2.7701966242718137,0.2961451547193727,0.19007260737531345,0.10607254734405913,0.4458982797639055,0.0,0.2579565655167223,0.0,0.5,0.5,1.0,0.5,1.0686824970143143,0.4199637891771,0.36719807868810683,0.40649680945047806
B001072,8455.195910567958,7.5763404216558765,11.85538609391365,5.657419407733953,0.0,0.38060739137870914,0.015489194381096211,0.5543966144166121,3.767821882071095,0.0,0.28160842578259876,0.20633802425238415,1.9400477520715762,1.380524337478221,2.734077821468187,0.45908869960160065,0.45908869960160065,0.0,0.03716945254699243,0.0,0.5037418478514066,0.0,0.5,0.5,0.5,0.5,0.3509127324031984,,,0.40484810018049977
B001073,22909.86702868699,7.993673073512557,11.919005112443106,3.121216154530874,0.0,0.24000000000000002,4.036866818824427,268.6795953046665,1.2962182512660618,2.0943360396902166,0.0,0.0,0.0,4.603118782556278,2.166429941202546,0.9857333193124882,0.7237341081325982,0.26199921117988995,0.0,0.0,0.014266680687511791,0.0,0.0,0.0,0.98,0.92,,,,0.1887933662721779
B001074,2289.18279983769,4.453663034703677,9.011771676721194,7.338046040049528,0.0,0.35261828595445255,1.3227519095816336,47.89182391323573,0.8042849807290898,0.9433904465064655,1.0868648476260678,0.734499017959358,0.4514279451479137,0.4331957967347814,2.2400367592893007,0.594935379982162,0.594935379982162,0.0,0.21182348982296406,0.0,0.193241130194874,0.0,0.0,0.0,0.98,0.98,0.2501596271708645,,,0.1887933662721779
B001075,6499.999542074933,10.586318472434744,16.317501489661005,17.724019615043918,0.0,0.3944890623209012,0.019534501714024183,0.8050116607828746,3.7653243778835885,0.0,0.0,3.888824230136664,2.074649255596182,0.8575206088183095,2.1674900778615096,0.6870589279679432,0.6870589279679432,0.0,0.0,0.0,0.3129410720320569,0.0,0.5,0.5,0.5,0.5,,,,0.40484810018049977
B001076,2387.3695701542856,6.840600487548096,17.813683479807526,11.561811214534377,0.0,0.4066567275399001,0.019969336962009046,0.6828909453251409,1.816316192183919,0.9928018979977578,1.3166193408859796,0.7468265207223732,1.3916219799461527,0.5764145558119145,2.0484657588379123,0.7174910570994423,0.6924290915012321,0.025061965598210032,0.0,0.0,0.28250894290055767,0.0,0.0,0.0,0.0,0.95,1.4885596491899953,0.3876698846264621,,0.19106616983379643
B001077,6210.267929099217,9.013451275905975,18.2612017277785,23.72564106213543,0.0,0.36458086803805867,0.016781756425532538,0.4334370492730268,2.9169024940418042,0.0,0.05364851791749911,4.567849471809343,0.5089902489422352,0.9660605431950919,2.4793153200915015,0.623338253361527,0.05413472836067843,0.5692035250008486,0.0,0.0,0.37666174663847274,0.0,0.0,0.0,0.0,0.5,,,,0.191088296168766
B001078,11713.614129568565,4.651951600305228,8.292771035976598,6.153938998332572,0.0,0.41266429531303356,2.0652288587385876,97.02979902361801,1.7356926436637825,1.313930571546076,0.0,0.44387845467043013,0.0,1.1584499304249394,1.7186868843194723,0.9613980942969296,0.8659804088160004,0.09541768548092933,0.0,0.0,0.03860190570307038,0.0,0.2,0.2,0.2,0.98,,,,0.2770151739533745
B001079,4092.4457047786864,8.8199260878851,13.923737974819607,12.49327374069456,0.0,0.3776643047152545,0.010716965322240798,0.2389883266859698,3.782585302989501,1.0016756795464201,1.6290446266811314,1.8833191950070445,0.0,0.5233012836610008,1.7819342209153806,1.0,0.7017298920632606,0.2982701079367393,0.0,0.0,0.0,0.0,0.0,0.0,0.0,1.0,0.24240360737499686,,,0.18847355270950683
B001080,7576.137592093323,13.774795621987861,18.217367204756446,7.493226838003032,0.0,0.3713058510764123,0.014897623748825098,0.3475988076055864,8.751726239992564,0.0,1.577900475911865,0.33075820765555725,2.011631837322362,1.1027788611055112,1.8635838068245407,1.0,0.8299510127584829,0.1700489872415171,0.0,0.0,0.0,0.0,0.0,0.0,0.0,1.0,0.19389920767287905,,,0.18847355270950683
B001081,13948.07985077873,9.788126211072793,22.371285559730136,4.101611184419345,0.03026323668092865,0.20724413736690486,0.03284563498068676,1.4277165614219685,7.21168626235158,0.44720729514187973,0.07329613491344802,0.6245128619907959,0.8839202937448484,0.5475033629302399,3.2656031355850583,0.24395474163074155,0.082358001198465,0.16159674043227654,0.0,0.0,0.7560452583692583,0.0,0.0,0.0,0.0,0.5,0.09235132828802382,0.1728744567225557,,0.191088296168766
B001082,4465.638822592691,1.8521936219795485,7.754245173387695,2.3474178257567564,0.0,0.3215711815532459,0.4666089251712637,21.92882124711168,0.6427028444051806,0.3856121744232632,0.08680204261275938,0.31882976447230676,0.1553708856335671,0.26287591043247094,2.7296605291047027,0.33941547872022426,0.292551024819347,0.046864453900877234,0.2920769479157637,0.0,0.36850757336401174,0.0,0.3,0.3,0.3,1.0,,,,0.32152411226147926
B001083,703.110115207975,1.953083653355486,8.22099075800561,2.696679007023002,0.0,0.5139364531062672,0.4858808701826966,17.568413232839607,0.6673771491092999,0.5020527057411011,0.039935218166182104,0.28025850513257183,0.0,0.4634600752063317,2.534183410404264,0.5425886509213875,0.3990932585703865,0.14349539235100095,0.0,0.0,0.45741134907861275,0.0,0.3,0.3,0.3,0.92,0.5425308141916236,,,0.32152411226147926
B001084,4979.986343699871,6.014476260507091,9.68106790876109,7.0089554589372005,0.0,0.39570927635889713,1.428282878129432,51.622275742975894,1.4552692761399377,1.0092717316144275,0.23220260213912072,1.1034082127503624,1.0021633812124229,1.2121610566508199,1.8159447677895244,0.9424640663462622,0.9424640663462622,0.0,0.03860728550278513,0.0,0.018928648150952677,0.0,0.2,0.2,0.2,0.98,0.330339165512453,,,0.2770151739533745
B001085,14922.617581621458,13.86860370039169,27.769175446783173,0.29259301575485464,0.2564611780998291,0.365,0.06574842948291966,4.3788454035624484,13.14968589658393,0.0,0.0,0.0,0.11486865256974771,0.6040491512380094,3.5892669696601747,0.05183779271070042,0.05183779271070042,0.0,0.0,0.0,0.9481622072892995,0.0,0.0,0.0,0.0,1.0,,,,0.191088296168766
B001086,1193.8014646307136,1.6443546344775668,10.980782360535983,3.220170379697767,0.0,0.4655209937143275,0.4178434992308021,15.125934672155038,0.5223043740385027,0.32195274209517216,0.01636449763300279,0.4940920563561741,0.0,0.2896409643547151,2.8173254978748807,0.6061101299206078,0.29568040674148605,0.31042972317912165,0.0,0.0,0.3938898700793922,0.0,0.0,0.0,0.0,1.0,0.4380737798268825,,,0.19006326769067228
B001087,3212.268058148788,3.8936582523015613,6.630918437921409,5.581544050584062,0.11997178725503002,0.4901294999336102,1.6655088239750215,60.20808487778619,1.0055559694900043,0.9736299750892407,0.8662043820404266,0.075653124834296,0.11604674077175411,0.8565680600758409,2.383592940607318,0.7569101557242448,0.264959563801672,0.49195059192257273,0.0,0.0,0.2430898442757555,0.0,0.0,0.0,0.9800000000000001,0.98,0.39939908354580006,0.3023293315401263,,0.1887933662721779
B001088,3384.3232320515035,1.0602516391138797,5.327883546067641,0.46266163686564304,0.0,0.4705274459870938,0.5562844470720919,26.145369012388322,0.6953555588401149,0.0,0.03470153554660679,0.0,0.11273068499250107,0.21746385973465673,3.2732835593919174,0.2950373304560624,0.26230780260962666,0.03272952784643568,0.0,0.0,0.7049626695439376,0.0,0.0,0.0,0.0,0.9,1.184594184628256,,,0.19006326769067228
B001089,3170.2090690419946,2.790676997396122,8.929944147284319,3.031276975055227,0.0,0.37298998066940664,0.01022133562243854,0.3337339252617389,1.6954396196116013,0.0,0.0675290692636547,0.532630594354749,0.08433240573095142,0.41074530843516455,2.8795707468736285,0.48730236082311096,0.2964416503748122,0.19086071044829878,0.0,0.0,0.5126976391768887,0.0,0.0,0.0,0.0,0.5,0.4589435844047719,0.12006796074224554,,0.191088296168766
B001090,3037.52817804452,2.373068889097281,11.688403843555353,3.5166907981200426,0.03934719742819179,0.3830200283402973,0.3334060368254773,15.6150248416956,0.9051789152630508,0.6523981913370069,0.04647320921524328,0.4425247119407502,0.15412183285218853,0.17237202848904154,2.6615555329736162,0.4293554320351834,0.15443792149246152,0.27491751054272184,0.18647781949098297,0.0,0.3841667484738338,0.0,0.0,0.0,0.0,0.6,0.7803910351631638,0.3376384692674817,,0.19006326769067228
B001091,3033.0864900659017,6.710368340853765,11.731550667047985,6.396305920845992,0.0,0.32145231061859153,0.01820010934535036,0.34872280670657324,3.337008253768915,0.8775058507942464,0.0,1.8329105488364423,0.0,0.662943687454161,3.0215250072167827,0.4978540294593536,0.22470798803009284,0.2731460414292608,0.0,0.0,0.5021459705406464,0.0,0.0,0.0,0.0,1.0,0.20054303143571592,,,0.18847355270950683
B001092,11781.280500205474,7.786702247326817,14.399041116362849,12.11155019812788,0.10763631656013717,0.2950472355758371,0.020157787512311648,0.42635448263617154,3.5832840528432737,1.1718084895861085,0.0,2.3192832144416173,0.05434449258952499,0.6579819978662914,2.1732064084180744,0.6950198319130657,0.4680239886532743,0.2269958432597914,0.0,0.0,0.30498016808693423,0.0,0.0,0.0,0.0,0.5,0.4345124534807333,0.16927072639844462,,0.191088296168766
B001093,7629.619679980355,5.488935021568601,12.426489836185178,4.870750733751896,0.0,0.365,0.016670068925706594,0.373658822657896,2.349236669442706,0.0,0.7743971090910169,0.3512696935868558,1.4460895847431285,0.5679419647048928,2.6742546982839324,0.6480439642179281,0.3205925968274749,0.32745136739045305,0.0,0.0,0.35195603578207196,0.0,0.5,0.5,0.5,0.5,,0.15820123441436132,,0.40484810018049977
B001094,994.7919780622061,1.211683286312066,7.7699880027831165,2.0901164621838433,0.0,0.4403129983353223,0.44678428663445413,29.682075449999612,0.24505871759058026,0.21653678753149386,0.04798158556188534,0.38031498746059544,0.1293477381471864,0.1924434700203246,2.7092216450886486,0.48388022504247663,0.2655736955379894,0.21830652950448734,0.31387326354739065,0.0,0.20224651141013264,0.0,0.0,0.0,1.0,1.0,1.2152663166068454,,,0.19006326769067228
B001095,1029.8202708980534,2.6818236221303473,10.990087058880798,2.481164560348112,0.0,0.15523536218075903,0.7439056043202149,26.947234541483425,0.9276505472638128,0.973916229979194,0.14819352328441562,0.19529040982296111,0.15795381109088338,0.2788191006890799,2.6010065192515333,0.6400268673631145,0.5811289555886592,0.05889791177445532,0.0,0.0,0.3599731326368855,0.0,0.0,0.0,0.0,1.0,0.7584864462219041,,,0.19006326769067228
B001096,2255.6410596532546,3.124156592317527,6.893588075511834,1.3441121991604295,0.0,0.38074799816189353,1.0775231506773129,39.002500603380014,1.5073728933379782,0.0,0.0,0.30593440771646024,0.41211282169145635,0.8987364695716316,2.882990381556579,0.4973200016039507,0.267482857341197,0.22983714426275373,0.0,0.0,0.502679998396049,0.0,0.19999999999999998,0.19999999999999998,0.19999999999999998,0.98,0.36697629126250414,0.41493397357669987,,0.2770151739533745
B001097,6506.015876836875,5.762635851937001,11.13287747085519,8.00860388712399,0.0,0.3117757074495553,1.3955174993298904,50.544541201845526,1.8262525561840715,0.9912177023652755,1.2400409052737325,0.8127091555998075,0.30659054761743443,0.5858249848966818,2.546664483791788,0.6327309821571224,0.27651377294659324,0.35621720921052935,0.0,0.0,0.3672690178428777,0.0,0.0,0.0,0.0,0.98,0.30733925634505654,0.2967847214884559,,0.1887933662721779
B001098,1992.0630553663282,5.10785398811879,17.60122917233293,6.521419173834191,0.0,0.33653295818856194,0.017211940552006907,0.32049330602578685,1.3104744165238609,1.6309937158520174,0.6974954852510058,0.37560836207805326,0.8298758480015272,0.2634061604123259,2.261812870598161,0.7350105972100038,0.5725400469687726,0.16247055024123125,0.0,0.0,0.26498940278999616,0.0,0.0,0.0,0.0,1.0,0.939511649170039,,,0.19106616983379643
B001099,4953.21106295052,6.986193318689026,10.387162783041656,15.104195175724108,0.13204189250826046,0.3076002602758801,5.406067178510874,249.40463350018615,1.8372340875884279,0.44469384077281515,1.5927082182916061,2.3072480098735366,0.0,0.8043091621626384,2.253342106679421,0.7232764258916233,0.3930181715571305,0.3302582543344931,0.0,0.0,0.2767235741083762,0.0,1.0,1.0,1.0,1.0,0.2844697149616433,,,0.6084446516532538
B001100,8537.304657528206,10.310754417304597,15.782881478207692,9.940395542834139,0.0,0.39743107257865345,0.01718417865564401,0.36684212140137135,4.353819435227325,0.9904375622988938,0.0,0.5333518469927182,3.5481980234000514,0.8849475493856074,2.5266696642214135,0.6966028823824372,0.6448751595208014,0.0517277228616357,0.0,0.0,0.30339711761756283,0.0,0.5,0.5,0.5,0.5,0.23952055944973136,,,0.40484810018049977
B001101,5319.364224831142,5.085434249360556,7.648812122713984,9.257341112673071,0.14283818759047917,0.43660593229131756,1.9522126704825258,70.61123617641904,1.2371904469143817,0.6520378550111459,0.767724356466681,0.3004726825279505,1.177278435648162,0.9507304727922363,2.5742557490355895,0.5707656947072427,0.1883002656518169,0.3824654290554259,0.05908496065320912,0.0,0.37014934463954835,0.0,0.0,0.0,0.98,0.98,0.3346942910677612,,,0.1887933662721779
B001102,10144.163330528934,14.895981395784045,22.710036756060227,10.17865531885333,0.0,0.3672034802941284,0.01646838843750304,0.3672450621563178,5.682349327419184,0.7694553905620312,1.7770110357922622,1.6226585039318169,0.0,5.044507138078749,1.8526345791791816,1.0,0.8807053400123603,0.11929465998763956,0.0,0.0,0.0,0.0,0.0,0.0,0.0,1.0,0.2013870132404372,,,0.18847355270950683
B001103,1898.8114160485632,1.049067080689814,8.34085396161246,2.1851806351895307,0.02412726777567357,0.5658439007421361,0.17882813492702976,6.503830317154549,0.27584566870842814,0.0,0.040765421534817776,0.34566541137486595,0.14295183806151238,0.24383874101018962,1.9438771412375124,0.8357182608514716,0.5062203500528851,0.3294979107985866,0.0,0.0,0.16428173914852834,0.0,0.5,0.5,1.0,0.5,1.070729189245625,,,0.40649680945047806
B001104,17421.01441644705,5.277496036488049,10.496311110103466,6.408541382667437,0.0,0.4068416308372047,1.3596411051193134,49.15295994858105,1.7755498670422019,0.5278428314080502,0.6843785681604464,1.1059809629406865,0.4594205288458126,0.7243232780908522,2.800447520245297,0.43386574884119977,0.1372475266836692,0.29661822215753053,0.22969631643251384,0.0,0.33643793472628647,0.0,0.0,0.0,0.0,0.98,0.3484313203941288,,,0.1887933662721779
B001105,7606.56648460183,3.4202187430763624,15.270462103980755,6.597044529606538,0.03583665534737191,0.45610353168748785,0.7755162531088214,27.953523624249925,1.1066265825014354,0.7890846571278419,0.0,0.6937159583199128,0.32775409312650056,0.503037452000671,1.9154463413020015,0.963938604443973,0.43457050123729685,0.529368103206676,0.0,0.0,0.036061395556027,0.0,0.0,0.0,0.0,0.6,0.8997825288467353,0.41180593035380214,,0.19006326769067228
B001106,1374.5387799216933,2.37398753008928,6.44961195016719,1.8381752018674515,0.0,0.3434556249900845,0.985487885498103,35.55351343737145,1.2266949516176886,0.26819690759813913,0.0,0.3324864797696715,0.23309508747145888,0.31351410363232274,2.9549795251280457,0.4391915604170291,0.18616437314059867,0.25302718727643037,0.0,0.0,0.5608084395829712,0.0,0.0,0.0,0.0,1.0,,0.27706588593863785,,0.191088296168766
B001107,1093.9072980226044,1.9710041405812693,8.010473349009157,4.761214445355783,0.0,0.5243348206059398,0.3471187113819922,12.476165495761721,0.5290893079517595,0.19888697730806604,0.06476772836089123,0.6149346205132379,0.17233688589792154,0.3909886205493936,2.438952135875548,0.6624043130604199,0.6624043130604199,0.0,0.0,0.0,0.33759568693958036,0.0,0.5,0.5,1.0,0.5,0.5352818584502714,,,0.40649680945047806
B001108,2374.8756030766326,5.863890377966994,16.95326122439996,8.797967007656574,0.0,0.4107071122032891,0.01072108267755871,0.2900139493721535,1.9906012831338262,0.23507522222477165,0.8582864554805487,0.5011688046862902,2.0209442401361026,0.2578143723054555,1.7727665248111941,0.8536319064378357,0.7681649600280965,0.08546694640973916,0.14636809356216443,0.0,0.0,0.0,0.0,0.0,0.0,1.0,,0.3241794766570643,0.450274716561482,0.19106616983379643
B001109,340380.8834651125,483.49557310385296,647.7472354950647,724.728872807138,0.0029601740377362172,0.2411820943141003,0.015671907994895276,0.7271765309631408,1.9348034561599108,0.0,0.0,479.97319098591686,0.36715384883023905,1.220424812945931,2.339269735313447,0.9951680116374597,0.0024532533519262436,0.9927147582855335,0.0,0.0,0.004831988362540265,0.0,1.0,1.0,1.0,1.0,,,,0.6084446516532538
B001110,347.70246506225544,0.6089360158708501,3.7751617731607787,0.3253960621113391,0.0,0.11272817453036744,0.4771567180863944,17.179460544365,0.2607147988358699,0.0,0.04581318900631747,0.0,0.16608554644843712,0.13632248158022586,2.7380469445101205,0.571851898983152,0.571851898983152,0.0,0.0,0.0,0.42814810101684836,0.0,0.0,0.0,1.0,1.0,,,,0.19006326769067228
B001111,1964.9551498759474,6.257818948649514,14.206821491977458,13.139066470089793,0.0668370774913432,0.4692477999784328,0.04841579471876065,1.2696941521715672,2.0006523151256626,1.0495996450150364,0.8391511258188762,1.4476621344947431,0.0,0.9207537281951951,2.438871733726985,0.6802955899583163,0.3784730562077161,0.30182253375060003,0.0,0.0,0.31970441004168376,0.0,0.0,0.0,0.0,1.0,0.318971170094896,0.5476839131065697,,0.19106616983379643
B001112,5081.287399062927,6.03478313427901,8.41900852803231,9.595613631096649,0.0,0.34156442354437117,0.029764836920308655,0.7939572887420137,1.8675077626443093,0.1933067784452248,0.0,1.4438872772951081,1.574482910648656,0.9555984052457124,2.742133136624104,0.6381348610322363,0.1379726976566047,0.5001621633756316,0.0,0.0,0.3618651389677638,0.0,1.0,1.0,1.0,1.0,0.16702185920313034,,,0.6084446516532538
B001113,18175.52922179388,4.397660106894237,9.555680654657067,3.080175061799913,0.2773082814730829,0.41266158249051293,0.015803982656011028,0.455493988992816,2.62499212819281,0.3389667402704719,0.5451452944970401,0.0,0.0,0.8885559439339152,3.020874052945148,0.4030934487006864,0.27913086831790224,0.12396258038278417,0.0,0.0,0.5969065512993137,0.0,0.0,0.0,0.0,1.0,0.3009241279284082,,,0.18847355270950683
B001114,1717.3993919796198,5.612416313658889,12.413753125616122,9.556579669182563,0.0,0.3686393461441366,0.889184468402486,41.71450731210329,1.5341504178180543,0.584889570430898,1.2693300998545027,1.3535995789105368,0.0,0.8704466466448968,2.660502156552491,0.6806288192504193,0.2772062973765121,0.40342252187390726,0.0,0.0,0.31937118074958076,0.0,0.28,0.28,0.28,0.7,,0.4122450188244537,,0.3116940136216534
B001115,15226.190118691453,11.570053281680435,19.030656807456953,14.027258849972144,0.0,0.21696082323488508,0.01797675098836389,0.3476348856356868,3.346655322133535,0.16976972242684696,1.7998878891683736,1.8981931155682892,3.3220651684675375,1.0334820639158537,2.6181009923407914,0.41652774732781983,0.41652774732781983,0.0,0.28712617717392575,0.0,0.2963460754982546,0.0,0.0,0.0,0.0,,,,,0.18847355270950683
B001116,30097.046771493027,6.365703631872468,13.468841156049262,6.270640117951917,0.0,0.4914112570809413,0.011433195026967389,0.23870377468201373,3.774283769697968,0.9760566446821587,0.0,0.09919704822598148,1.0357681778042713,0.4803979914620867,1.8928121152027964,0.7891139040030851,0.7891139040030851,0.0,0.15333051947237014,0.0,0.05755557652454469,0.0,0.0,0.0,0.0,1.0,0.3242066582251251,0.2508270207587154,,0.18847355270950683
B001117,2045.53467135393,3.3588418248833003,10.586561707328919,10.013982832380856,0.2181058406053877,0.5912941708869252,0.024452087509612988,0.29955940225296324,0.3641618284009933,0.547413275235389,0.2702621956528947,1.24930632975028,0.2721914016451121,0.6555067941986309,2.1605680341926217,0.5995878567924182,0.5313341048595117,0.06825375193290648,0.24343970735111736,0.0,0.1569724358564643,0.0,0.0,0.0,0.0,1.0,1.7190125261444957,,,0.19106616983379643
B001118,3449.2014789671425,2.0433658050753216,10.006668122107657,3.4844189494546662,0.2677993632282007,0.4337723166592364,0.4035713279427366,14.571289506411276,0.76412724724527,0.5225350528400697,0.0,0.30554514468055227,0.05891866361943257,0.39223969668999686,1.865242619807395,0.9168007206837392,0.5115476840204886,0.4052530366632507,0.0,0.0,0.08319927931626082,0.0,0.3,0.3,0.3,1.0,0.708810895282525,,,0.32152411226147926
B001119,3264.0028238406353,6.1701376632148115,19.98101335535781,0.6823969343528975,0.0,0.2684814264008499,0.02304178937901828,0.9802229633595679,5.112610583825723,0.0,0.028964939284331755,0.08317481666762301,0.21601028539809453,0.7293770380390391,3.429486772461795,0.15784891409769725,0.15315453921251193,0.004694374885185337,0.0,0.0,0.8421510859023027,0.0,0.0,0.0,0.0,0.5,,,,0.191088296168766
B001120,2231.8791207987742,2.48262416106649,11.85546445515091,3.6819420406811827,0.0,0.37735415274669426,0.6015351106086092,21.743877783395217,0.7483498318827844,0.7789396768391713,0.021511686697232784,0.5330108446534149,0.0,0.4008121209938864,2.4846418146788403,0.6985649927932275,0.689900094161132,0.008664898632095708,0.0,0.0,0.3014350072067723,0.0,0.0,0.0,0.0,1.0,0.7169707874946591,0.38128103847111444,,0.19006326769067228
B001121,3408.179820455849,2.574153942942484,11.83903020665622,3.7735500302257723,0.0,0.22191515625163083,0.3949843510553817,14.158448498063278,1.0693842339340554,0.0,0.0316514839959357,0.9574643425991088,0.09100643797070897,0.42464744444267527,2.518918091947651,0.524447783498136,0.5121519050473876,0.012295878450748471,0.0,0.0,0.47555221650186386,0.0,0.0,0.0,0.0,0.6,,0.4284117523489895,,0.19006326769067228
B001122,32809.403735427615,10.75013228552674,31.646568287598402,2.7806368609364283,0.0,0.4472258013278516,0.0469319531588303,2.177642626569726,9.386390631766059,0.0,0.07662150299757126,0.6859661284502251,0.0831108576930389,0.5180431646198481,3.5145335317715194,0.058662104032266724,0.058662104032266724,0.0,0.06381001742404267,0.0,0.8775278785436906,0.0,0.0,0.0,0.0,1.0,0.15973556424081747,,,0.191088296168766
B001123,6769.117277303629,8.11644757470459,14.89687404438973,8.994030821256748,0.10545269463907421,0.12216728614765449,0.014847011010578717,0.6889013108908525,1.8927520781838774,0.8395737185444032,1.9482985819062888,0.0,2.7079855243456645,0.7278376717243561,1.5859433242235437,0.9961090253064824,0.9961090253064824,0.0,0.0,0.0,0.003890974693517672,0.0,1.0,1.0,1.0,1.0,0.1860815703066392,,,0.6084446516532538
B001124,8645.996509829125,2.6850920837978647,5.308687293084371,0.7784194591099831,0.0,0.365,1.3724567226832247,49.69114185664246,1.8043035372049183,0.0,0.0,0.0,0.4110054744100711,0.4697830721828754,3.1629502223023156,0.3612012812039645,0.20813186623301347,0.15306941497095108,0.0,0.0,0.6387987187960354,0.0,0.0,0.0,0.0,0.98,0.3794697471915419,,,0.1887933662721779
B001125,30139.019115788346,6.086231646968567,14.289808211278448,5.816928131137926,0.0,0.021,0.013877695600432009,0.2674132749589477,2.5699406251328853,0.0,0.0,0.8379065996981715,2.056755151021087,0.6216292711164241,2.9017483062053078,0.523622956965009,0.3859504777856278,0.13767247917938127,0.0,0.0,0.47637704303499107,0.0,0.0,0.0,0.0,1.0,,,,0.19106616983379643
B001126,6004.7227218624275,4.6440237601410885,13.438431204184681,6.827339251608317,0.0,0.4064569110601426,0.01254863129575215,0.22942752272687444,2.147245672738391,0.38986974449995243,0.5751780218799551,1.1923751672554745,0.0,0.33935515376731573,2.6527451911465487,0.5258996176321833,0.13561732098867751,0.3902822966435057,0.0,0.0,0.4741003823678167,0.0,0.0,0.0,0.0,1.0,,0.30887515468304905,,0.19106616983379643
B001127,6451.5834277708045,1.66966444818085,7.991843898142978,3.1599290405330773,0.0,0.7470794925240206,0.4390703175438886,15.89671444427563,0.6047714193974486,0.0,0.036568820360048306,0.5925839764864799,0.0,0.43574023193687317,2.5054247394377214,0.6129380576381861,0.23612414300281764,0.3768139146353683,0.0,0.0,0.387061942361814,0.0,0.3,0.3,0.3,1.0,0.9324939850213375,0.47423491716822375,0.7840819639212675,0.32152411226147926
B001128,9765.607854665881,18.28765515855034,38.974322886526735,37.10834006962598,0.0,0.42219293736207925,1.3214241462099885,47.66816462675312,1.63961525063687,1.067226164558567,0.11077427644436638,1.5594642252184043,13.306605663962227,0.6039695777299072,2.0362720317112553,0.9103430573016754,0.9103430573016754,0.0,0.0,0.0,0.08965694269832471,0.0,0.0,0.0,0.0,1.0,,,,0.191088296168766
B001129,39323.65131438387,9.764999084773745,15.298824461791126,16.164339114373472,0.0,0.42372031112643044,0.018034499034273885,0.5325323025605266,3.5686659737374313,0.0,1.1869338888608651,2.277962779373963,1.3591772610531674,1.3722591817483158,2.335498240366488,0.6252600604000109,0.46515260486392446,0.16010745553608652,0.0,0.0,0.37473993959998886,0.0,0.5,0.5,0.5,0.5,,,,0.40484810018049977
B001130,14605.758055026945,5.124827387728753,15.204864601609751,8.227272218100705,0.0,0.4651012461370734,0.01507147690501676,0.5384859884029718,1.6016637321094083,0.0,1.018215881074515,1.0276462194178526,0.9166327607250455,0.5606687944019328,2.7247828095160664,0.4777703518188243,0.2772472626161478,0.20052308920267659,0.198682961208138,0.0,0.3235466869730379,0.0,0.0,0.0,0.0,0.95,1.3397553258278383,,,0.19106616983379643
B001131,5414.001833293084,4.0163218347871545,8.516614780225813,4.8660640244369135,0.0,0.42467384891782667,1.0415213878494733,37.49278093521116,1.4567269244489724,0.6518365003531853,0.3849668742137412,0.3715730653486838,0.6560380346778767,0.4951804357446951,2.809329774382244,0.3681128242048648,0.3681128242048648,0.0,0.25585875392902097,0.0,0.3760284218661144,0.0,0.19999999999999998,0.19999999999999998,0.19999999999999998,0.98,0.340617505079071,0.3814410094309152,0.46161299476581474,0.2770151739533745
B001132,1386.006653396661,3.960019009704746,11.973228519256182,6.206547106017908,0.0,0.3946556802909334,0.01362123625841336,0.391685635174804,0.3976828116550516,1.037408606015635,1.030777251974462,0.10518389861724789,0.9152254072972591,0.47374103414509033,2.2252732857354953,0.639279493323438,0.38160161263301473,0.2576778806904231,0.26029603631910736,0.0,0.10042447035745476,0.0,0.0,0.0,0.0,1.0,0.8361428118923969,,,0.19106616983379643
B001133,3468.353054557081,1.0968858490060345,8.321822726462713,1.8338320587659367,0.0,0.43650763887391375,0.2401010870625519,8.672110754469855,0.23881998546214955,0.5104196680258594,0.061949148126008775,0.12955048388443802,0.0,0.1561465635075788,1.994951066083028,0.9142175594764456,0.7961100244017313,0.11810753507471432,0.0,0.0,0.08578244052355448,0.0,0.3,0.3,0.3,1.0,0.8818500621263763,0.3760783008163721,0.7713881260536424,0.32152411226147926
B001134,19178.54426489452,11.169798640008457,22.09667683120685,9.292212397153758,0.0,0.14468972431331942,0.01241438785179334,0.3543149732056271,4.547869103655817,0.0,1.3300790354883645,0.43404139515986756,4.141948351655437,0.7158607540489731,2.7578586728798626,0.5299884104814234,0.4109102535373733,0.1190781569440501,0.03885847983017346,0.0,0.43115310968840326,0.0,,,,1.0,,,,0.18847355270950683
B001135,11609.069735589574,9.213547409198075,16.950274142420877,11.949325064277703,0.0,0.27468368978955404,0.015592522382464552,0.4427461307063082,3.323155092233058,0.5119982770832406,0.0,1.5562197717552468,3.0167105982182885,0.8054636699082389,2.5321108743159626,0.5745161056785778,0.4056105036732481,0.16890560200532975,0.055570157111483706,0.0,0.36991373720993825,0.0,,1.0,,0.5,0.2524427646201263,,,0.18847355270950683
B001136,36263.76661112512,9.04784596085956,22.283998442393028,4.043575871557076,0.0,0.42404574198995404,0.031102148443681633,1.356200764035338,7.063609152309376,0.0,0.11208242173766202,1.2380424051625085,0.055659723350089,0.578452258299926,3.3395138778728293,0.20654260066817762,0.1941548542120019,0.012387746456175741,0.0,0.0,0.7934573993318226,0.0,0.0,0.0,0.0,0.5,0.11960070910059453,0.22861793125375848,0.4593492892306493,0.191088296168766
B001137,4666.400642469043,8.85465017546308,16.906016153720753,11.203369477907101,0.0,0.2887698044224199,0.01429606282289048,0.3188022009504577,3.265598106751632,0.8681789558307512,1.9026405946492655,2.3092605813742355,0.0,0.5089719368571973,2.4012557628240336,0.5955680489041781,0.3347716836481712,0.2607963652560069,0.0,0.0,0.40443195109582203,0.0,0.0,0.0,0.0,1.0,0.20190784534314576,0.291931167864293,,0.18847355270950683
B001138,1668.7718780192863,1.5020448947068283,10.177037671932059,0.9304675366478282,0.0,0.021,0.24638593132672143,8.916097006537752,0.6834934608653225,0.6476054055068884,0.0,0.0,0.0,0.17094602833461772,2.1292626837483613,0.7923568536715992,0.7923568536715992,0.0,0.0,0.0,0.20764314632840083,0.0,0.0,0.0,0.0,0.6,0.7950142178453316,,,0.19006326769067228
B001139,3209.7967140798028,6.977818943651745,14.070412156295925,11.770277138256807,0.0,0.4337831065227154,1.3772666196082815,49.86740983757546,0.8365649775969451,0.46629603312217277,4.268780101795526,0.0,0.8908329386618218,0.515344892475278,2.571790228648394,0.675288434944316,0.06352419510556769,0.6117642398387482,0.19449185809251737,0.0,0.1302197069631667,0.0,0.0,0.0,0.98,0.98,0.31875437970851217,,,0.1887933662721779
B001140,10787.860267637932,10.535019792615168,18.936151774754467,4.12848393702843,0.0,0.365,0.0397502259857803,1.7363071753242019,9.061532312608781,0.7081641430275204,0.0,0.0,0.19495637529419746,0.570366961684669,3.4280914339157778,0.11463725121798726,0.11463725121798726,0.0,0.01850555377512037,0.0,0.8668571950068923,0.0,0.0,0.0,0.0,0.5,0.10411271200141019,,,0.191088296168766
B001141,1258.7281497274278,2.7603687494022537,8.284004019105463,5.063850057988549,0.0,0.8089999999999999,0.015639471877499103,0.5406464426044228,1.4139328385672938,0.0,0.36229410085336844,0.4108906705403121,0.0,0.5732511394412787,3.0179456113174523,0.28276100060683385,0.13390745680791613,0.14885354379891771,0.13124844314072953,0.0,0.5859905562524363,0.0,0.0,0.0,0.0,1.0,0.8632572771409702,,,0.19106616983379643
B001142,24974.913558381963,17.440582093842153,32.71283719238822,4.401385900205311,0.0,0.2906742002792099,0.0767407863767747,4.979772880919245,14.908895748985383,1.027801194479133,0.1387738823850384,0.7435327363395757,0.0,0.6215785316530216,3.362792497158493,0.14516065640668302,0.14516065640668302,0.0,0.0,0.0,0.854839343593317,0.0,0.0,0.0,0.0,1.0,0.08905864612687811,0.32427089468079234,0.9000443443532191,0.191088296168766
B001143,9310.484855235709,5.790102521912754,12.946692055720883,5.8532879171913335,0.0,0.3474806231368078,0.031913468154458884,0.9170684895303347,1.9922574408880154,0.0,2.657381898288998,0.5504666966931173,0.0,0.5899964860426236,2.354575134961631,0.6398542905400301,0.5447840055822308,0.09507028495779919,0.0,0.0,0.3601457094599698,0.0,0.0,0.0,0.0,0.95,,,,0.19106616983379643
B001144,2162.2253686477625,5.54416761191734,7.174470759219563,9.812586719180908,0.5484842208371449,0.3886719688327424,0.01961078551435139,0.3974192815007579,2.101624290740103,0.6649920201945702,0.0,0.9719568194682776,0.7595707820222855,1.0460236994921068,2.799421763874608,0.42472687892397576,0.42472687892397576,0.0,0.1753115864280564,0.0,0.39996153464796846,0.0,,,,1.0,,,,0.18847355270950683
B001145,5809.382499745794,4.857343227212202,8.785146784397348,2.0162465792285476,0.0,0.44511145345915215,0.018546429735277356,0.6194019680862769,3.398349648570107,0.8652115007910075,0.0,0.0,0.09303176467292479,0.5007503131781635,2.9484809002745616,0.4812548439486381,0.2839776039760571,0.19727723997258093,0.0,0.0,0.5187451560513621,0.0,0.0,0.0,0.0,0.92,0.4435751608761453,,,0.191088296168766
B001146,3598.1969808203385,4.126372684426993,6.031258591831813,3.859718810513598,0.0,0.6705348372518208,1.4488895028983528,52.465762661498545,2.0268861608570345,0.0,0.3399721970761986,0.0,0.6355462190118607,1.1239681074818995,2.8881853730198643,0.4065529886203376,0.4065529886203376,0.0,0.08239008520952552,0.0,0.5110569261701369,0.0,0.2,0.2,0.2,0.98,0.21019435695867275,,,0.2770151739533745
B001147,3560.622159873195,5.290671857166709,18.352505708358475,7.965476916218272,0.0,0.291990464127962,0.012043003003183039,0.26855896697098175,1.3316247582844123,1.6642791649902298,0.9325705262965993,1.0888633589320076,0.0,0.27333404866345895,2.4816113793801806,0.783645493374835,0.0870018250992841,0.6966436682755507,0.0,0.0,0.21635450662516498,0.0,0.0,0.0,0.0,0.95,0.8711702447051581,0.41520896586521067,0.4371600982715576,0.19106616983379643
B001148,4326.794307206012,1.0221578802754574,7.406195312649801,1.3721432775983176,0.0,0.5652944189310394,0.272478707541433,9.87580334931608,0.38808700089445036,0.0,0.011451257269363819,0.3641233861411948,0.0,0.2584962359704488,2.2928169016209847,0.6433139934282739,0.6321109713801752,0.011203022048098737,0.0,0.0,0.35668600657172633,0.0,0.3,0.3,0.3,1.0,0.8272143618494503,,,0.32152411226147926
B001149,1739.9098850696582,1.3487673527671769,9.454177881956062,2.526574159514421,0.0,0.4066088211887926,0.28221580457037365,10.182347589517494,0.3871305716801675,0.19309328373368398,0.04560707569245792,0.36129092090290604,0.19778664005869917,0.16385886069926217,2.475087220507836,0.654477842648169,0.47402143165052574,0.18045641099764334,0.0,0.0,0.3455221573518309,0.0,0.3,0.3,0.3,1.0,0.5790012407535141,0.3463927546740621,,0.32152411226147926
B001150,32626.220932348326,7.72401063739307,12.26018462643719,7.47650172659147,0.13486441025595372,0.3847699410292187,0.015636572910382736,0.34869557590153505,3.5718059947574785,1.0346699876769574,0.6435315202170561,0.0,1.6239704386629579,0.8500326960786194,2.938454132071112,0.4710127855060023,0.043492407611819724,0.4275203778941826,0.0,0.0,0.5289872144939975,0.0,0.0,0.0,0.0,1.0,0.2532278643232922,,,0.18847355270950683
B001151,1242.952221400028,2.762116047555618,4.021891230060447,0.9380933099149342,0.0,0.365,2.045257398354401,73.87516532405925,1.2400227428396846,0.0,0.0,0.49531326763508526,0.0,1.0267800370808489,3.076450556323875,0.4426620827570944,0.26333823860745365,0.17932384414964073,0.0,0.0,0.5573379172429059,0.0,0.0,0.0,0.98,0.98,,0.45305948172499644,0.5477357424747162,0.1887933662721779
B001152,3728.5546929709617,5.266320187812092,16.762648670322392,8.270745611764506,0.11618920302290686,0.13858855204614326,0.010755926979405672,0.2398571716407465,1.6628356780252234,0.0,0.843399017226341,0.9667167876722276,1.5502174671223024,0.24315123776599926,2.0070336562278444,0.7000732180632073,0.7000732180632073,0.0,0.29436445408503437,0.0,0.005562327851758396,0.0,0.0,0.0,0.0,1.0,0.1408352732904959,,,0.19106616983379643
B001153,17352.94366218041,13.685286799826821,19.469984935408483,9.893027219389003,0.0,0.39148481373054755,0.016073642127816628,0.37022842797192024,7.935699195349979,0.6602279720277213,2.0504299362774776,0.25856085780022103,1.7544620530113089,1.025906785360115,1.6626315769957152,0.801929038977868,0.6548350876229718,0.14709395135489622,0.19807096102213223,0.0,0.0,0.0,0.0,0.0,0.0,1.0,0.22459897719579228,,,0.18847355270950683
B001154,42944.78861528838,9.757961512221854,22.82585696643561,5.958420593353458,0.0,0.4361844554493135,0.030594050099482413,1.806066468997703,7.026297833592318,0.47725874441276334,0.11871425603618425,1.0379090650812952,0.6727034958059791,0.425078117293312,3.194207610432449,0.25232822464312044,0.12231372369782481,0.13001450094529562,0.01951272843407645,0.0,0.7281590469228028,0.0,0.0,0.0,0.0,0.5,,,,0.191088296168766
B001155,29512.24512245899,19.301664566683446,48.482358374685354,1.0513360942955714,0.05625373618521485,0.5292794929911244,0.04802775651812418,2.228487902440962,18.412376865545703,0.0,0.0484676972159443,0.1992720705541486,0.03494082961491218,0.6066071037527386,1.6936641767518195,1.0,0.9878656631214421,0.012134336878557878,0.0,0.0,0.0,0.0,0.0,0.0,0.0,1.0,0.16947828243669838,,,0.191088296168766
B001156,16104.696839057637,7.029549034944407,17.214565413350677,7.75745020636712,0.0,0.18232617023740746,0.02017613867196899,0.4813262838448644,1.8862398443518955,1.9208758686427718,0.0,0.0,2.867121698602407,0.35531162334733307,2.5653181836916628,0.3151680410476652,0.3151680410476652,0.0,0.40786708853579845,0.0,0.27696487041653634,0.0,0.0,0.0,0.0,0.9,1.1221436936454015,,,0.19106616983379643
B001157,14471.755351393427,5.299068235588952,16.673038170940984,9.088010121264858,0.12176698589771386,0.40240854308761925,0.014439710950656147,0.38817494375345996,1.5342764932524098,1.4720409604479059,0.0,0.6236105120543738,1.2024332403909543,0.466707029443308,1.652205997979434,0.9749465338755846,0.8572634838883892,0.11768304998719537,0.0,0.0,0.025053466124415388,0.0,0.0,0.0,0.0,0.95,0.41881803956811653,,,0.19106616983379643
B001158,16909.522769067407,8.65379875591986,14.124586537087936,10.753034410079504,0.0,0.3362394166116925,0.020415330849389294,0.550716666309505,3.7510827372836513,1.2078355790061979,0.0,1.1208053860089435,1.9372977928922719,0.6367772607287958,2.76261495907308,0.5665391762527845,0.18508315759508143,0.38145601865770307,0.0,0.0,0.4334608237472155,0.0,0.0,0.0,0.0,0.9,0.2573821265497202,,,0.18847355270950683
B001159,15845.350168506751,52.46804691558527,238.06691634011315,179.44333034137895,0.0,0.48761229366587383,0.6687829963187073,24.07382933071009,0.8302902158084846,0.0,50.06402184322498,0.6998967930863811,0.4610221856007708,0.4128158778646534,1.7193658698877514,0.9823265279894273,0.9602003188596129,0.022126209129814375,0.0,0.0,0.017673472010572747,0.0,0.0,0.0,0.0,1.0,0.9045057057924273,0.46884295348290805,0.33600249851702785,0.19006326769067228
B001160,1690.2738375801118,4.605650783597035,11.093342402451325,3.917036984390728,0.10128031712480494,0.3596558839765056,0.014835003807191428,0.2680767360083545,2.4878672787022356,0.22823829795052022,0.0,0.26130363657684647,1.2515159829214972,0.3767255874459354,2.8297430464699045,0.45465816425154587,0.3979227214543029,0.056735442797242894,0.0,0.0,0.5453418357484542,0.0,0.0,0.0,0.0,1.0,0.3095195667615482,0.28705804818249714,,0.19106616983379643
B001161,3663.552157128908,9.345796319206398,18.917638139502625,15.782139636494637,0.0,0.3756383154288031,0.012164314876724166,0.27126422175094894,2.7786506063583123,0.6551059930929333,1.0272943314847107,1.4106939389883462,2.890914473184108,0.5831369760979879,2.2924548522250934,0.6628223683264947,0.4417818211624303,0.2210405471640642,0.0,0.0,0.33717763167350545,0.0,0.0,0.0,0.0,1.0,0.1912572568358415,,,0.18847355270950683
B001162,3768.757400314356,4.307151314644978,13.258270515808409,6.491875516275977,0.0,0.2901582960402867,0.009932449302593958,0.22149361944784526,0.39729797210375833,1.3045908282535699,1.2826926512788446,0.0,1.0367805228238842,0.28578934018492186,1.9134744616562611,0.8954620686132928,0.8954620686132928,0.0,0.0,0.0,0.10453793138670721,0.0,0.0,0.0,0.0,1.0,0.6930455796704471,,,0.19106616983379643
B001163,3880.238091698752,6.759996675433366,15.686283474846284,8.88173489277442,0.0,0.39754069420598426,0.013739292995261745,0.27147389063512783,2.187600317513553,1.299553196455648,0.0,1.307186602603454,1.4597743017232,0.5058822571375114,1.7650549640860325,0.986463111752619,0.6008505257979092,0.3856125859547099,0.0,0.0,0.013536888247381024,0.0,0.0,0.0,0.0,1.0,0.11812225219201743,0.23534898002357044,1.1159382941718166,0.19106616983379643
B001164,13443.389226231979,3.4068396417212314,10.483118695785592,2.1246260091765032,0.0,0.4752252798331674,0.013335993423341942,0.4733806394113298,1.9967303148370066,0.0,0.02615391751141499,0.5135610896629011,0.169690795937457,0.7007035237724514,3.0815868930077146,0.4139054006580122,0.2554843817862119,0.15842101887180018,0.0,0.0,0.5860945993419879,0.0,0.0,0.0,0.0,0.5,,0.14524392668707511,,0.191088296168766
B001165,3075.062723674836,5.4813952293669095,10.99860713942895,8.293520752363227,0.2828390535648644,0.14341898423798333,0.01312456206096809,0.4157343782588602,3.2113719045482423,0.0,0.01779107515694505,1.7886247701453375,0.0,0.4636074795163851,1.8550519907351155,0.8304693432231333,0.8272236230346621,0.0032457201884710453,0.0,0.0,0.16953065677686677,0.0,0.0,0.0,0.0,0.5,0.3755593296239978,0.1105556493743614,,0.191088296168766
B001166,57030.696129062584,12.597900624930988,26.249115162353142,16.754827448632685,0.0,0.29069632096040193,0.01670667549941642,0.6125772301416305,3.7029181559602273,0.39912772613242126,0.9494935429160891,1.5937116362012251,5.209942082517128,0.7427074812038972,1.982954568904775,1.0,0.8734938714274898,0.12650612857251012,0.0,0.0,0.0,0.0,0.5,0.5,0.5,0.5,,0.2439091387330039,,0.40484810018049977
B001167,3870.3289284404395,6.056852783161877,10.527070292859706,5.567764452714567,0.0,0.276374065326982,1.1708497462768588,42.406054458670816,2.0140367550606366,1.0059467189833158,1.642883909269108,0.0,0.8554538907690886,0.5385315090797277,2.6576910465473875,0.5262406486406698,0.25499682481250185,0.2712438238281678,0.14123735897086034,0.0,0.3325219923884699,0.0,0.28,0.28,0.28,0.7,0.538299016344757,0.4023822591283344,,0.3116940136216534
B001168,397.81916660205684,1.101992151252235,8.623371959576854,2.556617929296365,0.0,0.44580170738181674,0.18655154444824712,6.743866561728637,0.26901480733938066,0.0,0.03711175764407238,0.5733361361154985,0.06433702131461326,0.1581924288386703,1.7847730159796715,0.8903821159845792,0.8903821159845792,0.0,0.0,0.0,0.10961788401542094,0.0,0.5,0.5,1.0,0.5,,0.3648973223932288,0.4364878706564661,0.40649680945047806
B001169,1012.740872079553,2.5509845644321234,10.447273962547534,3.5943393648278485,0.0,0.41557613518661823,0.6700009907139316,24.207098013966814,0.8355330293234143,0.5264369997841822,0.1038979055427473,0.8410962719937165,0.0,0.24402035778806272,2.8741708468395317,0.5838037149035139,0.2540893435502111,0.3297143713533028,0.04072855123914719,0.0,0.3754677338573388,0.0,0.0,0.0,0.0,1.0,0.8146042111196871,,,0.19006326769067228
B001170,2903.4907279679323,5.288689850579112,13.75509526211559,7.5153555487015415,0.0,0.5510250536066316,0.020015048964129933,0.4020222365688669,1.83103099215315,0.1990029598760772,0.6548272138630914,1.22918340302083,0.5979886658132277,0.776656615852736,2.7979421360016734,0.6537836318851914,0.14685236567005194,0.5069312662151395,0.0,0.0,0.34621636811480866,0.0,0.0,0.0,0.0,0.95,,,,0.19106616983379643
B001171,1649.5972984469256,2.639355677515081,5.832463303174637,3.917951877001916,0.0,0.08599171253025953,1.2625965881044419,45.70410795699693,0.7748421317266839,0.0,0.8471360898601128,0.34465164342525045,0.0,0.6727258125030344,2.423693577113621,0.63585631127449,0.5052745763604086,0.13058173491408157,0.0,0.0,0.36414368872551006,0.0,0.0,0.0,0.9800000000000001,0.98,,0.36843354755800245,,0.1887933662721779
B001172,3743.4747750158886,9.799672185905468,29.700439485403347,0.8837666765662351,0.0,0.24,0.0456183878645531,2.051579499926417,8.799001945940551,0.5930074399759437,0.0,0.0,0.0,0.40766279998896976,3.496424029679724,0.0822972371545333,0.0822972371545333,0.0,0.0,0.0,0.9177027628454666,0.0,0.0,0.0,0.0,1.0,,0.29049451714519275,,0.191088296168766
B001173,164864.08345986632,286.7201451475936,630.7480176444383,1405.2979011787902,0.0,0.23632437881010743,1.5810453414669838,57.23026975153945,0.7351078258811534,0.0,0.8585965928942249,284.0794929257199,0.6445063220822268,0.40244148101615007,1.0102848923925276,0.9995169512930413,0.9995169512930413,0.0,0.0,0.0,0.0004830487069587098,0.0,0.0,0.0,0.9800000000000001,0.98,,,,0.1887933662721779
B001174,6712.797604461342,4.000475330429882,5.828251272793616,4.370393081834429,0.3329929804103034,0.42579628639121136,2.0553774918231293,96.59277070578881,2.4782801966403443,0.7793974303730998,0.20305387152590082,0.0,0.0,0.5397438318905371,1.6489741975619274,0.7764135293711248,0.7256560931281469,0.05075743624297793,0.19482620588722577,0.0,0.02876026474164931,0.0,,0.0,,0.98,,,,0.1887933662721779
B001175,26195.427221663755,10.928421869697019,30.259257383602144,1.5958597924312927,0.0,0.4251002236317469,0.051775636433020855,2.2728612954442102,9.707647981190737,0.6713807128702372,0.09788914604345945,0.0,0.0,0.4515040295925862,3.497246771366043,0.11170632897063733,0.0413146596073989,0.07039166936323843,0.0,0.0,0.8882936710293627,0.0,,,,1.0,0.17292029810832182,,,0.191088296168766
B001176,5383.768459904603,3.346033847050717,6.538917152705047,1.9149192834906792,0.0,0.365,1.418662626927117,51.351563546401245,1.8554636683539725,0.0,0.0,0.0,1.0110773816830787,0.4794927970136655,2.871253764593482,0.4454737300432787,0.4454737300432787,0.0,0.0,0.0,0.5545262699567213,0.0,0.0,0.0,0.0,0.98,,,,0.1887933662721779
B001177,5215.459408440107,3.704161511676212,8.20929361212665,6.8922912324394785,0.10849479459164313,0.17266781202666553,1.182340528905444,42.80072714637708,1.4779256611318048,0.0,0.0180308911617954,1.6727476771236616,0.13709753168884534,0.39835975057010486,2.3088851928580407,0.5850274861003723,0.5801597471789028,0.004867738921469446,0.0,0.0,0.41497251389962775,0.0,0.0,0.0,0.0,0.9,0.43146495427907366,,,0.191088296168766
B001178,7423.137284033861,16.606571105221164,32.761943462062206,2.87351667322175,0.0,0.3744701755373299,0.07272356552442417,3.281008511896838,14.07916870978913,1.2800142601838964,0.029523453113156604,0.0,0.15214230347168523,1.0657223786632946,3.409860131976416,0.13479581514106756,0.13301799761774546,0.0017778175233220978,0.0,0.0,0.8652041848589322,0.0,0.0,0.0,0.0,1.0,0.182736898786661,,,0.191088296168766
B001179,8491.225481863545,10.418681572838706,16.135396358615488,12.523933674049642,0.0,0.5180126262893284,0.010332460138195568,0.3375507935382499,4.086289138663242,0.5941190512515302,0.4447471739921101,0.5502507641922535,3.389967971687134,1.3533074730524375,2.6271163064338947,0.5815221021667778,0.5287082446412014,0.05281385752557658,0.09971187025735999,0.0,0.3187660275758623,0.0,0.5,0.5,0.5,1.0,0.29354894436993106,,,0.40484810018049977
B001180,632.0343082157888,1.7411413449470765,7.390039303686675,3.968606956880422,0.12881534157792285,0.1389054386438151,1.049090572657982,37.847876675012365,0.3342435486813777,0.0,0.07337466681113176,0.7196152696809294,0.1491209626288259,0.46478689714481175,1.8346494701066784,0.9143544761247637,0.45891187877712275,0.45544259734764075,0.08564552387523632,0.0,0.0,0.0,0.0,0.0,0.0,1.0,,,,0.19006326769067228
B001181,8021.143054427447,5.051097641327107,8.43597218323331,0.5651539448623585,0.0,0.4140883449622564,0.014985236209631209,0.4880831689382295,3.6909448792195096,0.0,0.14627848768424004,0.0,0.13194645207422456,1.0819278223491335,3.340225822905272,0.2165802427247973,0.2165802427247973,0.0,0.0,0.0,0.7834197572752026,0.0,0.0,0.0,0.0,0.5,0.6248474658048504,,,0.191088296168766
B001182,19965.581983871634,11.29274999087762,25.258378251388258,16.2767847660079,0.0,0.3442620239854794,0.028030216157259532,0.743385128491642,3.4172210846030087,1.7688318429872325,2.6376755811433914,1.2642858461988713,1.8258164893428295,0.3789191466022878,1.6471299101991517,1.0,1.0,0.0,0.0,0.0,0.0,0.0,0.0,0.0,0.0,0.95,0.6168350505241331,0.6238720399004137,,0.19106616983379643
B001183,4633.855396942595,6.382720932427817,10.012093746260405,13.383535817850305,0.3390351062045925,0.41933939119605146,1.4017447666814011,50.80716171981082,1.9940389840314108,1.336693477536596,0.0,2.0484401054085297,0.2948034310718585,0.7087449343794229,2.5486433101321895,0.7107017796139833,0.1803427652088976,0.5303590144050856,0.0,0.0,0.289298220386017,0.0,0.2,0.2,0.2,0.98,,,,0.2770151739533745
B001184,20736.955952102096,7.413999267823416,21.138582073937222,5.401953803124764,0.0,0.433091775169634,0.026923487642482025,1.1078137502702157,5.801563289357959,0.0,0.07088011959187979,1.0399584194054419,0.09315702583699065,0.4084404136311449,3.190041162891898,0.20792500824270288,0.20792500824270288,0.0,0.009560308415391657,0.0,0.7825146833419052,0.0,0.0,0.0,0.0,0.5,,0.15286788631052703,0.6923934366651812,0.191088296168766
B001185,386.864223890777,0.6415658770991327,5.314791629315216,0.9515347704213678,0.3387115262150556,0.36500000000000005,0.4770770380044012,31.731271479104173,0.1816153090211823,0.0,0.0,0.07484348037268836,0.2573946990003257,0.12771238870493637,2.3894879041845987,0.8455077953310604,0.32765266738185744,0.5178551279492031,0.0,0.0,0.1544922046689396,0.0,0.0,0.0,1.0,1.0,0.8893311310827622,,,0.19006326769067228
B001186,34959.564893585,7.125879513572156,19.43446846273348,3.6372241158237113,0.0,0.488,0.024045184465747032,1.0690623239276518,6.040638470840888,0.0,0.0,0.5194688502422192,0.11986290540023306,0.4459092870888155,2.7991536759885154,0.37862992539210466,0.37862992539210466,0.0,0.0,0.0,0.6213700746078951,0.0,0.0,0.0,0.0,0.5,0.10971744096941773,,,0.191088296168766
B001187,5217.877844788209,2.3979218036710517,8.392541165233471,5.00571785462016,0.0,0.3835033640372919,0.008942309272162795,0.1977830411235831,0.3379292721513939,0.0,0.8908577348611305,0.37459815522546774,0.5178022669739801,0.27673437445907906,2.3492357724030484,0.7870652653110812,0.2593350081570436,0.5277302571540378,0.0,0.0,0.2129347346889185,0.0,0.0,0.0,0.0,1.0,0.7691893235345854,,,0.19106616983379643
B001188,18168.888726244746,7.608412364424098,11.43914282866726,14.83911146651805,0.0,0.021,0.020238352122329488,0.6316213836526446,3.361281880450227,0.0,0.0,3.5758326988977305,0.0,0.6712977850761414,1.624509011734605,0.8820720465965864,0.4120879648165505,0.46998408178003576,0.0,0.0,0.11792795340341383,0.0,0.5,0.5,0.5,1.0,0.3133020625697635,,,0.40484810018049977
B001189,3956.295192962077,9.074071543491003,15.509239844934868,17.161063683906985,0.0,0.4022388515712329,0.015661206514931744,0.4167141453768501,1.5849661429464152,0.7440886346144685,1.0853217914931161,1.8136022308762334,3.225715408279168,0.6203773352816034,2.1470685856932694,0.8155346642977239,0.8155346642977239,0.0,0.0,0.0,0.18446533570227605,0.0,1.0,1.0,1.0,1.0,0.28838541191121664,0.3565255192726786,,0.6084446516532538
B001190,5137.66900997222,6.553149247413546,10.96661602475196,3.3845014724766793,0.0,0.0,0.00808989136999242,0.180404577550831,5.3423810933912215,0.0,0.0,0.6835339173813901,0.0,0.5272342366409344,3.4203183114337072,0.08045509368629561,0.08045509368629561,0.0,0.10430617273842394,0.0,0.8152387335752804,0.0,0.0,0.0,0.0,1.0,0.15946490623595275,,,0.18847355270950683
B001191,1834.9636126449886,0.9833674237111407,4.8332992366229295,1.3459461478663173,0.0,0.809,0.9216622110984478,33.27795630736593,0.5838155698513556,0.0,0.01948544198092809,0.0,0.0,0.3800664118788572,2.1921836079933232,0.6605946688725159,0.6407796521136815,0.01981501675883443,0.0,0.0,0.3394053311274841,0.0,0.0,0.0,0.0,1.0,1.371564729431191,,,0.19006326769067228
B001192,2880.3538134707296,8.889980905773857,18.006870114037763,15.325905036631736,0.0,0.23178131955638553,0.010576180303236048,0.49073476607015265,1.3057012720044503,0.6735060217130783,1.531576970954268,2.159413250739751,2.4668587050267248,0.7529246853355848,2.29827349654952,0.8531266505694715,0.680845406415219,0.17228124415425242,0.0,0.0,0.14687334943052854,0.0,0.0,1.0,0.0,1.0,0.21869153930938381,,,0.18847355270950683
B001193,4774.745262549789,5.766600558635011,10.046304463513863,7.7152872982425285,0.0,0.14684727624642585,1.667972386463902,60.37841986044805,1.0132819794707215,1.6307334650578174,1.395680865550149,0.35466584163069964,0.8293594901058297,0.5428789168197949,2.0276450090223053,0.763742323947917,0.5584176582809759,0.2053246656669411,0.0,0.0,0.23625767605208323,0.0,0.0,0.0,0.98,0.98,,,,0.1887933662721779
B001194,22760.559055651593,4.760627286268896,8.503501613577974,6.020878004345816,0.0,0.23592238533676269,1.6245333910856785,76.26748615542027,1.8465991571420184,0.5485410262138586,1.3500376147548696,0.46454666118397486,0.0,0.550902826974175,1.6623750163753157,0.8837159949583302,0.8837159949583302,0.0,0.0,0.0,0.11628400504166984,0.0,0.28,0.28,0.28,0.7,,0.5555711118899956,,0.3116940136216534
B001195,2073.7766870416144,5.34478527588045,7.706574565867348,3.5029547637249374,0.0,0.20438567653536893,2.696282090387276,97.59983006684988,1.9409040245613063,1.3374937424759352,0.0,0.03343958984248137,0.8689028966585038,1.1640450223422218,1.7047634258389177,0.909669141306065,0.909669141306065,0.0,0.0,0.0,0.09033085869393477,0.0,0.2,0.2,0.2,0.98,0.19643902588743026,0.46088842285930903,,0.2770151739533745
B001196,16978.541340739583,6.815953970589957,13.860760656996728,7.3324626386918075,0.3592659580515937,0.3372285588936341,0.017176009080524253,0.6634257250498212,3.185417109450609,0.0,0.06181620233926047,2.4222559399266235,0.05933133863504725,1.0871333802384162,2.617723585274158,0.5326527844531651,0.5326527844531651,0.0,0.0,0.0,0.4673472155468348,0.0,0.0,0.0,0.0,0.5,0.3654952409891014,,,0.191088296168766
B001197,687033.9393063647,1428.3449881629206,1834.163789547022,7028.920123981204,0.0,0.36499999999999994,0.012339497646796229,0.27517079752355594,6.005398025702444,0.5835078496594697,0.0,1418.8384304283463,2.2220377603130284,0.6956140988995704,1.3337630826435491,0.9994801953679653,0.006135840757109952,0.9933443546108555,0.0004085202486060135,0.0,0.00011128438342875632,0.0,0.0,0.0,0.0,1.0,0.1371927053038363,0.2091705957405169,0.23622624887295662,0.18847355270950683
B001198,7984.856053580638,8.189595952390398,18.46628527254431,10.45428231634178,0.0,0.2914334599028566,0.016147150239739522,0.3007908249105667,2.842492555609987,0.79255977905262,1.6040063963356828,1.859332812766546,0.5390337026716145,0.552170705953949,2.6082173486237332,0.45705514926559776,0.23001918515019612,0.22703596411540175,0.19585903940322008,0.0,0.34708581133118216,0.0,0.0,0.0,0.0,1.0,0.17408399898664265,0.44547799504482094,0.29595546529741756,0.19106616983379643
B001199,343.61188190736374,1.0540241776299502,8.765762498800429,1.4618346859077271,0.0,0.4212845552516686,0.3203087203522145,11.595175676750166,0.176169796193718,0.4869485311143375,0.054075044418436344,0.0,0.17518401378413878,0.1616467921193198,2.1323600069574558,0.7822554898865993,0.7822554898865993,0.0,0.0,0.0,0.21774451011340082,0.0,0.0,0.0,1.0,1.0,0.522046227223045,,,0.19006326769067228
B001200,4222.577481757648,10.324150322145838,19.38710130377028,10.623679757868064,0.08394483494362046,0.36500000000000005,0.007354791355433092,0.16401184722615797,4.856937687550156,0.9193808037959069,0.5691712806630619,0.48831891043237247,3.1615599101534317,0.3287817295509074,2.994383061052643,0.2233261481573456,0.03184588748631968,0.19148026067102594,0.30622955027802357,0.0,0.4704443015646307,0.0,0.0,0.0,0.0,1.0,,,,0.18847355270950683
B001201,444.3600647418686,0.5568421863933191,2.441026836027891,0.0,0.0,0.0,0.6549425942595074,23.666310218243986,0.3594348617583894,0.0,0.0,0.0,0.0,0.19740732463492955,3.2115139167346283,0.3413645624490278,0.3413645624490278,0.0,0.0,0.0,0.6586354375509721,0.0,0.0,0.0,1.0,1.0,0.8238685259006244,,,0.19006326769067228
B001202,5095.733140926645,5.719116880950219,15.234460799272652,6.979715189881515,0.10010136530219442,0.3824820543349894,0.012369258710912576,0.32377897653863214,2.367231254539601,0.0,1.9376982327087788,0.1324458081645155,0.8415603055252522,0.44018128001207024,2.430142161201321,0.5823421719815689,0.5823421719815689,0.0,0.0,0.0,0.4176578280184308,0.0,0.0,0.0,0.0,1.0,0.1544262210398395,,,0.19106616983379643
B001203,4244.5882979931885,6.5001352189788495,9.902831037580675,7.258573153709475,0.0,0.2904600284975329,1.7740578300491001,64.01348379082864,2.3107349970153663,0.0,1.7884070254125186,1.0055076876467197,0.8348192198086916,0.560666289095553,2.7297048263193293,0.6445097033876204,0.29230118136922695,0.35220852201839337,0.0,0.0,0.35549029661237963,0.0,0.0,0.0,0.0,0.98,0.20242947202500303,,,0.1887933662721779
B001204,5667.920395824534,7.680108937431618,12.68910490826329,10.968966162985751,0.03899147583676097,0.49741040285902477,0.015617183776052345,0.29880794003018535,3.2953514237455557,0.24921025711554104,1.3255185101617926,0.7386552308734108,0.8630342932913599,1.2083392222439588,1.958040314361484,0.9098173969856095,0.8589520640972679,0.05086533288834168,0.0,0.0,0.09018260301439067,0.0,0.0,0.0,0.0,1.0,0.1896562489837257,,,0.18847355270950683
B001205,3675.27612172006,2.5505039012630535,5.927930733925037,1.6769328402746788,0.0,0.365,0.012529334545692902,0.4428332008741798,1.1204486630339758,0.0,0.8854205396650304,0.0,0.0,0.5446346985640477,2.59726091257535,0.5416879603474999,0.5416879603474999,0.0,0.0,0.0,0.4583120396525004,0.0,1.0,1.0,1.0,1.0,0.3487914516274001,,,0.6084446516532538
B001206,1033.5176085858802,3.4109492032537303,6.091973656675324,3.051860545209841,0.25713685875043685,0.2273865687068521,0.702528954891587,25.44931450299354,1.6497366718258146,0.45147615125133267,0.4868535528435986,0.21448225486444814,0.0,0.6084005724685363,1.8941311360626965,0.8287122935264348,0.8287122935264348,0.0,0.14273257202985765,0.0,0.02855513444370787,0.0,0.19999999999999998,0.19999999999999998,0.19999999999999998,0.98,0.47534401323750186,0.3498096285797494,,0.2770151739533745
B001207,6073.631047588219,2.2570163684831734,6.518709034478628,2.663299543046301,0.0,0.2613937283987805,0.8924327568095044,32.306065796504065,1.1155409460118806,0.0,0.05897244264453595,0.16666441915768865,0.5001597950673775,0.41567876560169054,2.822848166427674,0.49706994950637884,0.20162494364086764,0.2954450058655113,0.0,0.0,0.502930050493621,0.0,0.0,0.0,0.0,1.0,1.032709987295213,0.18277970301921495,,0.191088296168766
B001208,14014.78440458988,7.547002910387658,22.579220419252803,5.566314865678928,0.0,0.3933872324547061,0.021726202298456374,0.9579133667644368,5.3038649372361855,0.7305891737938954,0.06972970359378428,0.947042209760208,0.1274844472783388,0.36829243872524475,3.1772963130797693,0.29722235432876637,0.08912718522137673,0.20809516910738962,0.0,0.0,0.7027776456712336,0.0,0.0,0.0,0.0,0.5,0.08918390840089271,,,0.191088296168766
B001209,9741.010140100589,5.630641699480109,8.243486404322764,10.240008428415942,0.0,0.36499999999999994,1.3939399894438842,50.27441529900762,1.9767763660912725,0.4929050819532323,0.0,1.8795359083557721,0.0,1.2814243430798338,1.877370114522123,0.8884200645031582,0.8008802940363674,0.08753977046679128,0.0,0.0,0.11157993549684157,0.0,0.28,0.28,0.28,0.7,,,,0.3116940136216534
B001210,7584.5187034978635,3.517865817948916,6.639634831222217,1.989655868176219,0.0,0.24000000000000002,1.1339240173094354,41.06330364478266,1.5742412442693932,0.0,1.3350590875462431,0.0,0.0,0.60856548613328,2.918073307395419,0.5513695488523467,0.17186130247908216,0.3795082463732645,0.0,0.0,0.44863045114765326,0.0,0.2,0.2,0.2,0.98,,,,0.2770151739533745
B001211,2929.183969960613,4.404787924752801,7.671974515488821,9.063292642888642,0.19836172587957518,0.021,1.647123153591834,59.62132463426228,0.6723935323076213,1.5460380051461642,0.0,1.5417186963391214,0.0,0.6446376909598963,2.0643496513733184,0.960468716513326,0.2594686333688984,0.7010000831444277,0.0,0.0,0.039531283486674194,0.0,0.0,0.0,0.9800000000000001,0.98,0.2250890291043118,,,0.1887933662721779
B001212,4801.789301272063,9.34200253165771,14.718247073463983,15.895268626698634,0.0,0.14430474562627216,1.7400810606916475,62.82752456655202,1.054815522717745,1.810859553701083,0.8196204759389547,2.720794831866606,2.067389185148262,0.8685229622850612,2.3510108970601866,0.8724804317746797,0.3599367880763496,0.5125436436983302,0.0,0.0,0.12751956822532046,0.0,0.0,0.0,0.98,0.98,0.29819928947574664,,,0.1887933662721779
B001213,24532.61178152535,10.821619665428033,20.90899129496597,14.164130844983708,0.015870229566495763,0.45128497787768757,0.0069758138248860535,0.3236777614747129,4.606669507000223,0.6575969250061172,0.0,0.7102692581368522,3.9242497912569334,0.9228341840279081,2.6973998523020932,0.5743086848896374,0.5086744009195624,0.06563428397007506,0.0,0.0,0.4256913151103628,0.0,0.0,0.0,0.0,1.0,0.14352888046335613,0.1943588722858683,0.6981699400077571,0.18847355270950683
B001214,3390.602875882819,1.626188429680009,2.8229352014214797,1.6179099524782052,0.7303569465257239,0.36499999999999994,4.357088477405959,157.72185714263162,0.7207680597754873,0.0,0.0,0.30400186229340037,0.0,0.6014185076111215,1.9969559148598999,0.7837797389209141,0.7837797389209141,0.0,0.0,0.0,0.21622026107908585,0.0,,0.0,,0.98,,0.3313560193365195,,0.1887933662721779
B001215,1540.9589454767568,1.0598067025287186,8.045412270096321,0.6379489396652226,0.05447268382833749,0.365,0.22637871400912643,10.603321226657673,0.6184801107975273,0.24020538536749833,0.004737629085418108,0.07354560810092553,0.0,0.12283796917734922,3.1549804861551207,0.3328357266727084,0.10171526492390287,0.23112046174880557,0.06939530380912325,0.0,0.5977689695181683,0.0,0.0,0.0,0.0,0.6,,,,0.19006326769067228
B001216,4406.0942719416125,5.257869059596197,15.341238559989387,10.668951619351033,0.0,0.4000066888734286,0.013514377428589637,0.04326093632415503,0.4195426904690834,1.0928197959221118,1.5653727074908257,1.7073996489099947,0.0,0.4727342168041813,2.144889417087693,0.9180429470169437,0.59331069721057,0.3247322498063736,0.0,0.0,0.08195705298305643,0.0,0.0,0.0,0.0,1.0,0.41043664993291296,,,0.19106616983379643
B001217,912.803995769444,2.3586666557349973,11.724297342330322,5.248687590932737,0.0,0.27610457831859564,0.9829719939000499,35.58358617918181,0.3328200551718348,0.5702901981915071,0.016630544374241236,0.9688738397012366,0.14986198927741615,0.3201900290187616,1.707349106628047,0.9535219993981691,0.2939143441645918,0.6596076552335772,0.0,0.0,0.046478000601830945,0.0,0.0,0.0,1.0,1.0,0.7412993841680005,0.28642467359142326,,0.19006326769067228
B001218,3137.043679013911,1.1073221599060752,5.214205411881514,0.8078307695428739,0.0,0.38879087444820914,0.60127676546989,21.686193079252217,0.32923066611319407,0.0,0.04437557819073893,0.2318969375794413,0.11213663379303371,0.389682344229667,2.4488047433203213,0.7026785175678953,0.4932571350868375,0.20942138248105785,0.0,0.0,0.29732148243210443,0.0,0.0,0.0,1.0,1.0,0.630447398397718,0.31877072869492334,0.7807282226644185,0.19006326769067228
B001219,14216.805565197918,4.516138997839237,14.054388371673687,5.7623038940463,0.0,0.3229817119404898,0.016687657905722526,0.3639826071288606,1.4217305127312916,1.0341720097250608,0.8652532268783152,0.550877770176895,0.0,0.6441054783276735,2.606791408007941,0.6531516321405784,0.4016586367674467,0.2514929953731318,0.0,0.0,0.3468483678594214,0.0,0.0,0.0,0.0,1.0,0.7193560474524923,,,0.19106616983379643
B001220,32608.546882679195,7.233484224196805,14.48859651589098,12.851553638148932,0.0,0.17869727199249863,0.01856748751532864,0.7643520766212495,3.137701308813403,0.38586151688498094,0.06984984927603442,2.1431358811234706,0.8924704937249679,0.6044651743739469,2.4943845230996007,0.5662254576684572,0.09322133051653354,0.4730041271519237,0.0,0.0,0.4337745423315427,0.0,0.0,0.0,0.0,0.5,0.4874694364432259,,,0.191088296168766
B001221,48313.88612611767,15.845813750776541,32.452125281487966,6.679026796369618,0.0,0.42382618629631963,0.06974089725714797,4.553532029523614,13.312557654896915,1.263941317148456,0.07561218443703108,0.3493475928578285,0.2543262294776122,0.5900287719586942,3.388790362154957,0.1554217354522679,0.13337505496287314,0.02204668048939477,0.0,0.0,0.8445782645477321,0.0,0.0,0.0,0.0,1.0,,0.33598133564330784,,0.191088296168766
B001222,2182.7133287402517,1.7268301651426041,10.27190755024449,1.899259042534393,0.0,0.2601082998806719,0.4926571711044628,17.742367081157337,0.26802525910435454,0.9333916983544267,0.06320202910075562,0.06586884480428451,0.10897962958188331,0.28736270419689974,2.5484683211390107,0.8390348445520203,0.7377808371136406,0.10125400743837978,0.0,0.0,0.1609651554479798,0.0,0.0,0.0,1.0,1.0,0.4062694357478162,,,0.19006326769067228
B001223,1848.1199891198064,4.4748668017428725,14.809597546791807,7.00665126594532,0.0,0.38569483099643137,0.023321693322395434,0.7345481932085552,1.5250918291974611,1.4856966675058783,0.0,1.1885702851066684,0.0,0.2755080199328652,2.3387809582668835,0.6591872123202711,0.6591872123202711,0.0,0.0,0.0,0.3408127876797289,0.0,,0.0,,0.95,0.7588207799235548,,,0.19106616983379643
B001224,26728.918189645014,5.418390064797286,7.822739897033489,5.362420557198661,0.0,0.24,1.6710669432778675,60.48703394467678,1.3325290607936813,1.4724672425443646,2.125716951335937,0.0,0.0,0.4876768101233042,2.256211188359054,0.9565853659975571,0.5642701347360617,0.3923152312614954,0.0,0.0,0.04341463400244303,0.0,0.2,0.2,0.2,0.98,0.14472006223475625,,,0.2770151739533745
B001225,26978.440637304637,6.0313974150021545,11.526107845824622,6.149438701347894,0.027949246736603366,0.3580038778575824,1.4686871478591061,53.12932860249472,1.9832361425063085,0.0,0.9698009415018978,0.2672836534143303,1.6269843786977027,1.184092298881914,2.645288943632271,0.6960813810938165,0.651766003574586,0.044315377519230315,0.0,0.0,0.30391861890618344,0.0,0.0,0.0,0.0,0.98,0.27076677047186165,,,0.1887933662721779
B001226,4274.7110706454305,4.98799424812769,13.955940859079876,5.028829487985004,0.057132843114786246,0.14231130250897958,0.011774238041642826,0.1758478664236463,2.2899740847006136,0.5211300291971,0.12107040118617046,0.4082790748605059,1.3276050921356666,0.3199355660476342,2.843599081850967,0.5165649262480356,0.1685524625913746,0.3480124636566611,0.0,0.0,0.4834350737519645,0.0,0.0,0.0,0.0,0.5,,,,0.191088296168766
B001227,19204.912942274048,4.349923656234212,14.331739267210652,5.802258359492664,0.0,0.38970500068448116,0.0107597872975689,0.23183667169566738,1.896680644337213,0.0,1.071829446401961,0.8037066011949712,0.0,0.5777069643000678,2.8961435892202387,0.5246194731094819,0.33985609225264385,0.18476338085683802,0.0,0.0,0.4753805268905182,0.0,0.0,0.0,0.0,1.0,0.19367515377100894,0.3528388367354441,,0.19106616983379643
B001228,12113.11175073279,11.692192809587636,16.590855418191612,16.19045103778709,0.0,0.40499656798870315,0.020187753631053816,0.3285442635200422,4.227930394777572,0.5874882979677768,1.6264594852367382,3.3473289425090234,0.6402096222711896,1.262776066825333,2.656586910741333,0.4701470086251017,0.129104175196079,0.3410428334290227,0.13910645434302418,0.0,0.3907465370318738,0.0,0.5,0.5,0.5,0.5,0.25325822120359653,0.2797873175494675,,0.40484810018049977
B001229,5254.3148947986965,7.297659576109301,18.7277869641018,11.141573451663259,0.015679196788241322,0.39600759901418736,0.012810755363328886,0.27681552276285853,2.273138841350055,0.47529249931804224,1.3092782613891503,0.6068751093512169,2.005201890727298,0.6278729739735378,2.813835024508162,0.3190539501950182,0.23589371189917152,0.08316023829584668,0.3399027269188952,0.0,0.3410433228860865,0.0,0.0,0.0,0.0,1.0,,,,0.19106616983379643
B001230,801.7973163500255,1.7544799044858328,8.474686148933305,1.4874044138466094,0.0,0.365,0.6099130420387774,28.64085523744533,0.7589493055186357,0.593735365624887,0.0,0.0,0.19161416488612273,0.2101810684561871,2.577006854746908,0.5634365804408039,0.45422235439227177,0.1092142260485321,0.0,0.0,0.436563419559196,0.0,0.0,0.0,0.0,1.0,,,,0.19006326769067228
B001231,1940.1383015778654,6.044044553202073,11.358011885334443,8.477505694680918,0.11753701340998893,0.15870097408799663,0.018467411393278597,1.1802296479360854,0.8313099795116384,0.35720629357052963,1.4345567825134393,0.0,2.8449656465533026,0.5760058510531615,2.1808902497817524,0.4701938557968843,0.4701938557968843,0.0,0.5298061442031156,0.0,0.0,0.0,1.0,1.0,1.0,1.0,,,,0.6084446516532538
B001232,2926.2947694782574,1.7033147668674373,7.911862654851404,4.367246162981711,0.0,0.6896799112563387,0.300883893188579,10.843683521665174,0.3985965668523931,0.16958628499720604,0.05964670062926175,0.7135355326558981,0.0,0.3619496817326787,2.462619997518821,0.8375798497196065,0.3836518686294659,0.4539279810901409,0.0,0.0,0.1624201502803935,0.0,0.5,0.5,1.0,0.5,0.8440097920207865,0.4117496814693962,,0.40649680945047806
B001233,3532.030024424781,7.5309808623129655,11.927088272956807,2.6750111296156294,0.0,0.2931481317128576,0.01957476589206163,0.37122374155583837,5.329082673883853,1.0317540101843663,0.0,0.6005338684231247,0.0,0.5696103098216225,1.3544175388713309,0.9866946252426522,0.9069528386941886,0.07974178654846359,0.0,0.0,0.01330537475734772,0.0,0.0,0.0,0.0,,,,,0.18847355270950683
B001234,995.736084957323,3.232909366744555,6.410543755559844,1.6798532169457594,0.0,0.4596625430610961,1.0816429315418419,39.051794049232335,1.511179320930609,0.4119803211393947,0.0,0.23127492873110803,0.0,1.0784747959434429,2.8020662485967374,0.5492048957093726,0.4217715920178907,0.1274333036914817,0.0,0.0,0.4507951042906274,0.0,0.20000000000000004,0.20000000000000004,0.20000000000000004,0.98,0.3847658741480324,0.2816244283125714,,0.2770151739533745
B001235,382.56276980147464,1.1992563316660647,8.613480169725912,1.7074807033876394,0.0,0.0,0.7675552915481909,27.735012136382817,0.4815394385768152,0.0,0.0,0.5814996283456945,0.0,0.13621726474355525,1.4469181117887584,1.0,0.5151164826139821,0.484883517386018,0.0,0.0,0.0,0.0,0.0,0.0,0.0,1.0,1.1034992073634402,,,0.19006326769067228
B001236,3181.1909502471726,3.9273962348730524,12.06112949607362,5.057768061819136,0.0,0.3740710554205103,0.008357678508627522,0.18637623074239376,1.7587937980075432,0.40170872459244544,0.471851627321208,1.007827454996267,0.0,0.28721462995558933,2.0343778752632993,0.9877439986937443,0.6109857105488499,0.3767582881448944,0.0,0.0,0.012256001306255827,0.0,0.0,0.0,0.0,1.0,0.1028318836997486,,,0.19106616983379643
B001237,4930.875786048344,5.031505904130963,7.683881776974898,8.530305061791267,0.0,0.4566190718322216,1.8547385991614014,123.50882577455478,1.12775372893307,0.87802726332242,1.0283342072546986,1.1533925517787134,0.0,0.8439981528420606,2.5501838826268286,0.7493659590211799,0.37048108699669124,0.3788848720244886,0.0,0.0,0.25063404097881997,0.0,0.0,0.0,0.9800000000000001,0.98,0.2680368702458575,0.4252036666233266,0.3904454053579298,0.1887933662721779
B001238,6371.1127761129255,5.92110852798599,19.72052342499198,6.934639737538431,0.08394335558401674,0.19780203921552497,0.008380968404840138,0.1868955954279351,1.9144344071969863,0.5756454346514349,0.42251758909611586,0.11034959538364406,2.6201217136216277,0.27803978803618074,2.5982931296715748,0.6766763523842784,0.5794571523087081,0.09721920007557021,0.0,0.0,0.3233236476157216,0.0,0.0,0.0,0.0,1.0,0.2407418821721939,,,0.19106616983379643
B001239,5892.753274564732,4.826169758038274,14.178569217967672,5.591514657017153,0.0,0.4208057367245679,0.011366118349689392,0.21078347417263482,1.9873608623065482,0.0,0.0,1.0376243554455573,1.1821637999039096,0.6190207403822596,2.6371011864017078,0.5478217148308367,0.4884501147351389,0.05937160009569782,0.0,0.0,0.4521782851691636,0.0,0.0,0.0,0.0,1.0,0.15190458618512404,0.30715331500630955,,0.19106616983379643
B001240,24389.38907445977,5.067398519522079,8.190314412585282,4.454816492436157,0.19902635150063128,0.13087503007223303,0.8411855599490562,39.49845828467903,1.930595453987746,0.5100892791936728,1.4997098057752665,0.41778566188370564,0.0,0.7092183186816886,1.57306403129989,0.9430217433852073,0.9430217433852073,0.0,0.0,0.0,0.05697825661479259,0.0,0.2,0.2,0.2,0.98,0.2719579452614068,0.3839249836209921,,0.2770151739533745
B001241,12538.437851735194,3.8414331653600473,6.433083887287634,2.8370026542209796,0.0,0.365,1.6902746093795602,61.1982409859416,2.208623385321721,0.0,0.7604624032517734,0.34222192074490976,0.0,0.5301254560416427,3.3043476334622603,0.056451592572899875,0.056451592572899875,0.0,0.2870502431072054,0.0,0.6564981643198945,0.0,,0.0,,0.98,0.3247708555657363,0.4448302578977236,0.3453270765702127,0.1887933662721779
B001242,1503.069572819063,1.813111668056771,7.39574438052215,1.7778305994052501,0.0,0.38399798786664524,0.48349297887024517,17.50244583510288,0.6659587847698925,0.6363092234778571,0.0,0.09907393219225805,0.13254430639281536,0.27922542122394844,2.5159997387273085,0.6326984175863569,0.22710665585097917,0.40559176173537775,0.0,0.0,0.3673015824136434,0.0,0.3,0.3,0.3,1.0,,,,0.32152411226147926
B001243,4751.629355322708,1.6295025224014774,9.801977075031333,2.23919222100358,0.0,0.44500677117237514,0.4701994551995892,17.021220278225133,0.5877493189994866,0.3156543571106567,0.04214455033486969,0.3137639192132805,0.0,0.370190376743184,2.758471781925442,0.6335857665481878,0.24732169658140282,0.38626406996678525,0.0,0.0,0.36641423345181207,0.0,0.0,0.0,0.0,1.0,0.6586163713431167,0.3087839167092246,,0.19006326769067228
B001244,11229.41749201296,4.493564422574214,15.971734749805007,7.6717727322129425,0.2148465985171535,0.3238320688209635,0.015095239180044141,0.46476620055310647,1.2364331197279466,0.3626408631640908,0.0,1.184462877446108,1.492179023400323,0.21784853883574568,2.25816903332097,0.6420922513948283,0.3785013097593308,0.2635909416354975,0.08070227308688407,0.0,0.27720547551828756,0.0,0.0,0.0,0.0,1.0,0.5378632503347895,,,0.19106616983379643
B001245,1351.961060462962,4.1093041351457815,11.48598035971833,4.425350821852404,0.0,0.30816993230163914,0.01301181610005727,0.2299463938848021,2.3107696069341763,0.6569669088694515,0.04179158919000858,0.6389200549036221,0.0,0.4608559752485218,2.893232881137434,0.424826848420735,0.25917553089675677,0.1656513175239783,0.0,0.0,0.5751731515792647,0.0,0.0,0.0,0.0,0.5,0.8602777011953202,,,0.191088296168766
B001246,10962.561068001643,9.599440514887604,16.87592474096435,16.664365041183526,0.0,0.4863570566697204,0.006381843807055781,0.36132267690047926,3.6864319614633785,0.23986631306020528,0.0,2.5352845414640734,2.441728247432527,0.6961294514674187,1.5550391813105715,0.9740341714046513,0.9490466408617827,0.024987530542868706,0.0,0.0,0.025965828595348715,0.0,0.5,0.5,0.5,0.5,0.20719815812755482,0.3247170242507075,0.19111506575896098,0.40484810018049977
B001247,1613.3525480859014,1.8544282161906913,11.03252409869494,2.9906807687108286,0.07800532005659995,0.253350547363804,0.3468759048457081,16.30181615515253,0.472700294311579,0.8927207665533653,0.0,0.32582380189378685,0.0,0.1631833534319606,2.6780288146508733,0.2849870085251361,0.2849870085251361,0.0,0.4813994733035094,0.0,0.2336135181713548,0.0,0.30000000000000004,0.30000000000000004,0.30000000000000004,1.0,0.5219880836978388,,,0.32152411226147926
B001248,2681.9002133584067,4.70508809361124,7.883881623942273,6.592069110141963,0.0,0.4201635430061882,1.722456976336132,62.35749946519721,2.149720542604556,1.341126550838433,0.0849514153899619,0.4193127181396216,0.1457554637430545,0.5642214028956132,2.685795635490722,0.5431072702924449,0.45398827617435783,0.08911899411808707,0.0,0.0,0.45689272970755507,0.0,0.0,0.0,0.0,1.0,,,,0.191088296168766
B001249,745.023558544361,0.9576138284631889,6.6514968077872005,0.9916813952945751,0.0,0.1759723667869034,0.4012141102632978,26.720859743535634,0.2206677606448138,0.4526359913862644,0.02456983129032877,0.0,0.0837256298550564,0.17601461528672555,2.661156312562814,0.6359650924688167,0.61030774442304,0.025657348045776726,0.0,0.0,0.3640349075311832,0.0,0.0,0.0,1.0,1.0,,,,0.19006326769067228
B001250,3521.0754159911885,5.606807987247115,10.220286996568408,10.92717693071545,0.0,0.4297538179381736,1.5594319718814265,56.32250670355892,0.9456643749112877,1.1311349531635864,0.749503806697938,1.8232567625080052,0.4149991845776704,0.5422489053886281,2.418937182209893,0.697658955779305,0.3724727238528565,0.32518623192644863,0.13367745219788357,0.0,0.1686635920228114,0.0,0.0,0.0,0.98,0.98,0.46494173643807035,,,0.1887933662721779
B001251,2070.538838285135,6.144032161083487,16.46973276236141,6.288640662776164,0.0,0.325712938796161,0.009689761673885947,0.21608168532765662,2.213397336674455,0.30015683628411216,1.129821644553346,0.586626348892516,1.4126066611223473,0.5014233335567096,2.429725934726076,0.6362737934629261,0.6362737934629261,0.0,0.0,0.0,0.3637262065370738,0.0,0.0,0.0,0.0,1.0,0.2953809028046116,,,0.19106616983379643
B001252,2775.5428377924914,3.7456718458738076,7.144728944805453,2.2041617641577456,0.15610692508316107,0.020999999999999998,1.049317388835371,37.829612879531844,1.789296085822724,0.0,0.0,0.3121873255167361,0.9824261612266303,0.6617622733077175,2.8534793962238822,0.36556560513179304,0.36556560513179304,0.0,0.26228303002807374,0.0,0.3721513648401332,0.0,0.28,0.28,0.28,0.7,0.2847418463193805,0.3400190657619881,,0.3116940136216534
B001253,4291.477100765933,2.4849317317695037,12.802435244536241,4.004836207262687,0.0,0.29207840220634024,0.3575577643315473,12.52794036610621,0.9410489213492913,0.3587138715356001,0.10994511186937651,0.8015229492962593,0.0,0.2737008777189761,2.4809415352932613,0.5087294229674139,0.5087294229674139,0.0,0.10091149815778097,0.0,0.3903590788748051,0.0,0.0,0.0,0.0,0.6,,,,0.19006326769067228
B001254,11690.513189722908,3.957519698619806,7.649579957193042,3.7482067595638737,0.0,0.5199196693911361,1.1372434911972897,53.37191770987726,1.580316248048219,0.1674006348111731,1.2885255504536364,0.0,0.0,0.9212772653067784,2.638630350090171,0.642528840867134,0.3169396717461281,0.32558916912100594,0.0,0.0,0.3574711591328662,0.0,0.2,0.2,0.2,0.98,0.22334163788263778,,,0.2770151739533745
B001255,10701.750215087022,6.478057030924347,9.33036168394248,5.3665605572763155,0.0,0.5012769170079625,2.6216698212215555,94.69756455673007,3.3981089609618413,0.0,1.0666654315052646,0.17150154488077635,0.955096407138696,0.8866846864377688,2.0917098436448307,0.882682089760956,0.882682089760956,0.0,0.0,0.0,0.11731791023904377,0.0,0.28,0.28,0.28,0.7,0.3050759903822206,,,0.3116940136216534
B001256,7782.478005405515,7.226070571407164,16.032471033624915,13.420393995925261,0.0,0.3377548014414046,1.074224557949542,38.88657119815126,1.502758413119267,0.7001756692293075,1.3208646614686739,2.567620596330623,0.6292983985565492,0.5053528327027429,2.4478401305277235,0.7791805155625211,0.23987016346924192,0.539310352093279,0.0,0.0,0.220819484437479,0.0,0.19999999999999998,0.19999999999999998,0.19999999999999998,0.98,,,,0.2770151739533745
B001257,2889.725070533919,5.982867640856975,9.801712736597318,8.59418058309138,0.0,0.3855723331987,1.860115339430429,84.05751802640758,2.1824347602608305,0.9202730366175265,0.0,1.1804686808515272,0.6602102312390681,1.0394809318880243,1.6378810765610339,0.979933686473917,0.7826255139196535,0.19730817255426347,0.0,0.0,0.02006631352608321,0.0,0.2,0.2,0.2,0.98,,,,0.2770151739533745
B001258,3114.5644367776576,1.023517724869424,7.753085703523727,2.0562869882697217,0.0,0.4501507020441,0.381133303295299,25.32490618271093,0.20884706381926293,0.29601381388884634,0.0,0.31548965692908665,0.0,0.20316719023222843,1.964159263621164,0.7886985931847523,0.7394082834660701,0.04929030971868224,0.0,0.0,0.21130140681524756,0.0,0.0,0.0,1.0,1.0,0.5247851827694101,,,0.19006326769067228
B001259,5795.7751424700355,7.896151420258904,14.731092789667258,12.796480200023927,0.0,0.28306402546671644,0.017475531009015433,0.269074426795916,3.2415378387367833,0.0,1.1350152098101707,2.776799238659684,0.0,0.7427991330522649,2.425370755774051,0.5894787642470893,0.23781387196357298,0.35166489228351655,0.0,0.0,0.41052123575291033,0.0,0.5,0.5,0.5,0.5,0.1925784167604743,,,0.40484810018049977
B001260,5546.975986715277,5.364580257945142,11.43726984071792,8.12496403348577,0.0,0.290642278321849,0.8987206113763763,32.65754242823647,1.5565575446482733,1.1289858644745985,0.0,1.3659478222859875,0.8196712505493448,0.49341777598693637,2.1855139557335033,0.7135466734871793,0.35030164380607604,0.3632450296811031,0.0,0.0,0.28645332651282035,0.0,0.28,0.28,0.28,0.7,,0.2986299196894716,,0.3116940136216534
B001261,10116.743546203974,5.834338838641277,13.742725914823223,8.949637394863393,0.0,0.433,0.023855952476070804,0.9068359291198491,1.9821753026414382,0.9232854977175707,1.372208114616107,1.011223131318949,0.0,0.5454467923472107,2.816996332414885,0.2517392854075005,0.2517392854075005,0.0,0.4085177964209769,0.0,0.33974291817152236,0.0,0.0,0.0,0.0,0.95,,,,0.19106616983379643
B001262,3394.425581107574,1.6870902490594304,11.152055111918154,1.7156755586156867,0.05274535674594148,0.24109118170667726,0.28319163634394423,10.219697793420007,0.7366732899012044,0.21029048393364744,0.00824121857561726,0.21794181535683624,0.31706171922177645,0.196881722070349,2.5628541102077116,0.5376888940313517,0.2789751007950745,0.2587137932362772,0.18793405948409783,0.0,0.2743770464845506,0.0,0.0,0.0,0.0,0.6,0.5789444029539247,0.3983303078467737,,0.19006326769067228
B001263,3925.239308828841,1.889860042767858,8.406586243482831,3.1743424381854104,0.0,0.446032513391743,0.6171183102509978,22.308609650388135,0.7691396624723238,0.0,0.09853646260569263,0.6329620857970533,0.0,0.3892218318927879,2.464839121523362,0.5930176600030898,0.5408781044932657,0.05213955550982376,0.0,0.0,0.4069823399969103,0.0,0.0,0.0,0.0,1.0,0.6160562467712153,,,0.19006326769067228
B001264,3606.726027088775,1.6628520180215653,9.878440651745134,2.9372266867293075,0.11292994863305093,0.5883332874890967,0.2884483005774292,10.37674745553119,0.7817688837438681,0.0,0.0,0.4083684517871821,0.15559218294336763,0.31712249954714716,2.8352633780193686,0.529862624412,0.302082834552459,0.22777978985954106,0.0,0.0,0.47013737558799984,0.0,0.0,0.0,0.0,0.6,0.41001165308837806,,,0.19006326769067228
B001265,7795.662621955983,2.9373257806917796,5.47754144852383,1.2649971095168424,0.0,0.36068566800551594,0.017084285308957642,0.3608819614667861,1.3572966927269319,0.4357502733223526,0.0,0.17482836297230914,0.0,0.969450451670186,3.1124292472680004,0.3044160768117067,0.2448965083247768,0.05951956848692988,0.1483493169830578,0.0,0.5472346062052355,0.0,1.0,1.0,1.0,1.0,0.2399936621031678,0.23581823137324479,,0.6084446516532538
B001266,3870.5187267643105,4.899390793372545,8.297560643737103,3.8545519391642706,0.0,0.36499999999999994,1.2274924528067475,44.375281891492044,2.117848575026589,1.0932063447808282,0.9419970790979068,0.0,0.0,0.74633879446722,2.7191617722322805,0.5664275162089505,0.34329643912491375,0.2231310770840365,0.0,0.0,0.43357248379104957,0.0,0.28,0.28,0.28,0.7,0.34860213606818047,,,0.3116940136216534
B001267,4863.25619891049,2.44507601755178,13.822799035844008,4.155016283708436,0.0,0.412770857814673,0.5059692985465344,18.29384909184284,0.6308453793211254,0.6846895044539176,0.03349467055590618,0.42059174346750666,0.3599840028790333,0.31547071687429024,2.673847722031687,0.6691653888706611,0.3499214305056695,0.31924395836499164,0.0,0.0,0.33083461112933876,0.0,0.0,0.0,0.0,1.0,,0.38694157781317823,0.3844263363248583,0.19006326769067228
B001268,694.7172229175729,1.38666112358797,8.126865872461124,2.494767917756641,0.133343448580744,0.13095777997182836,0.23701523878769606,8.48789275563922,0.36103757895032723,0.0,0.0,0.6746525988550288,0.17125808430068779,0.1797128614819262,2.3803964083063183,0.5071770578562762,0.5071770578562762,0.0,0.1782529230971027,0.0,0.31457001904662113,0.0,0.5,0.5,0.5,0.5,0.4140161301954553,,,0.40649680945047806
B001269,30264.17029231399,6.636879450068857,18.41902635598162,11.376031149754402,0.28299249078626926,0.14510483598797846,0.016478149098627937,0.367462724899403,1.6478149098627937,0.9210965989053733,1.2778404761963498,2.3850423201253115,0.0,0.40508514497902703,2.4511651248842017,0.7341785620343827,0.5416422223569921,0.19253633967739042,0.0,0.0,0.2658214379656172,0.0,0.0,0.0,0.0,1.0,0.4242244557027031,0.42149816197367396,,0.19106616983379643
B001270,2844.6026359363777,3.9127959228836007,12.140294022952139,7.715205848532361,0.0,0.433,0.012057658200766763,0.22906012900233103,0.38280439455217513,0.0,0.0,0.9162528553866189,2.182840189032657,0.4308984839121492,2.3901719178713052,0.8764450844558193,0.6422767625078217,0.2341683219479975,0.0,0.0,0.12355491554418074,0.0,0.0,0.0,0.0,1.0,0.6115737206062896,0.47500417030410813,,0.19106616983379643
B001271,8050.570546618123,2.7904923905088816,9.26044397297897,6.987480461742019,0.203723441898708,0.4385015621733456,0.01080642576553094,0.22781500421568115,0.18051994943969407,0.11207483032648655,0.8587640556971151,0.43383224939849624,0.6646702554881396,0.54063105015895,1.8904737602393054,1.0,0.6063409781646779,0.39365902183532203,0.0,0.0,0.0,0.0,0.0,0.0,0.0,1.0,0.9012618342240154,,,0.19106616983379643
B001272,3961.9887325360473,5.603944459032599,10.098999320379457,9.951742010632522,0.0,0.365,1.671383548788603,78.55842080002324,2.180644204343338,0.4267818437111356,0.0,1.5253351952306458,0.8399335059272909,0.6312497098201891,2.4800576176215134,0.6108733374706252,0.262526373432589,0.3483469640380363,0.0,0.0,0.3891266625293748,0.0,0.0,0.0,0.0,0.92,0.32755275273109585,,,0.1887933662721779
B001273,525.7623559596041,1.4564054181706483,6.532227559494024,0.4670532716362672,0.0,0.433,0.38994212339852014,14.080544449882272,1.0653450733641725,0.0,0.0,0.0,0.22231735729886318,0.16874298750761246,3.3004592978867993,0.23649352949858948,0.23649352949858948,0.0,0.0,0.0,0.7635064705014102,0.0,0.0,0.0,0.0,0.6,0.4769370692123488,,,0.19006326769067228
B001274,540.042540157641,1.7089953802456994,9.99843511629661,3.3245423448030236,0.045086750953274427,0.5431466633014356,0.7067195659480485,25.607848588681037,0.4974528144224355,0.0955389289646344,0.0440631276696993,0.6092474340516676,0.182114681275451,0.28057839386181205,1.7653222480133892,0.8349074064037949,0.7790038445399243,0.05590356186387053,0.10656241870546698,0.0,0.05853017489073839,0.0,0.3,0.3,0.3,1.0,,0.3719914156152398,,0.32152411226147926
B001275,2176.123863999287,2.431423311731047,7.035720881110126,4.844359317375477,0.0,0.4138553273202854,0.010609434115002878,0.02450779280565665,0.42437736460011516,0.7022609931951371,0.5506750171571225,0.28831370685877195,0.0,0.4657962299198998,2.152429383638439,0.7761717932004774,0.4311110545096987,0.34506073869077863,0.0,0.0,0.22382820679952248,0.0,,,,1.0,,,,0.19106616983379643
B001276,1394.496841846092,1.0954413525892317,6.900930816459731,1.4503847328566153,0.0,0.44408511282945357,0.6062418626821782,21.894150047660823,0.2751564847077171,0.3730021391081108,0.0,0.0,0.3077343866857387,0.13954834208766512,2.0757422236792107,0.9626144189791799,0.9626144189791799,0.0,0.0,0.0,0.03738558102082022,0.0,0.3,0.3,0.3,1.0,,,,0.32152411226147926
B001277,738.0509526948897,2.320914945581414,11.22618349584237,3.5858091351681396,0.10807179371990838,0.4284640533425676,0.3506260732658592,12.287676151220909,0.8079910677697151,0.0,0.03696439922504431,1.0790467005548998,0.09007557429621359,0.3068372037355413,2.1278155330731305,0.8089333679872479,0.3280837349989218,0.4808496329883263,0.0,0.0,0.19106663201275204,0.0,0.0,0.0,0.0,0.6,0.4700774307393217,,,0.19006326769067228
B001278,3228.3840151716577,4.943926516342508,11.003116696131093,9.08541176991854,0.0,0.5768083283323244,0.04737578481606844,0.9981162047057325,1.3703574275215684,1.91610784021746,0.3446369742566749,0.5493784886814941,0.0,0.7634457856653095,1.7028621285476226,0.8860173470351308,0.8860173470351308,0.0,0.11112189610130402,0.0,0.002860756863565129,0.0,0.0,0.0,0.0,1.0,0.8924930154468566,0.48994344888944485,0.5287169811642154,0.19106616983379643
B001279,11046.196283926289,5.983854975041327,10.590671980789923,8.968888928405715,0.0,0.34366842317408386,1.149552918759057,41.58429908774216,1.9788050355763078,0.9690852843109256,1.0380887399733407,1.415675132237202,0.0,0.5822007829435515,2.4515923798231016,0.49327375834125764,0.49327375834125764,0.0,0.16194999517083594,0.0,0.3447762464879065,0.0,0.28,0.28,0.28,0.7,0.422024689574469,,,0.3116940136216534
B001280,1589.1550495198144,1.7815639568607784,12.65589695738727,2.61030367572874,0.014723389960574611,0.302456787631263,0.3502001213427447,12.651979859909359,0.7115900230034133,0.503018734924303,0.04530129644283373,0.39170580009589523,0.0,0.12994810239433313,1.5735114924498992,1.0,0.7801337422732192,0.21986625772678076,0.0,0.0,0.0,0.0,0.0,0.0,0.0,0.6,0.7422359770624574,0.39438799797120194,,0.19006326769067228
B001281,19759.01639785957,9.73830280821073,17.196490317906687,1.6720444778454457,0.0,0.38899357293545456,0.02966586805823668,1.2201884191390524,7.679061410123797,0.7106242521324062,0.09263092033385784,0.0,0.0,1.255986225620667,1.8405488424538792,0.7595916127194628,0.7595916127194628,0.0,0.0,0.0,0.24040838728053696,0.0,0.0,0.0,0.0,0.5,0.16483060434305888,,,0.191088296168766
B001282,16758.80936896866,4.8199049091080415,9.093243790119121,7.091602110283081,0.0,0.4412420746619811,1.4520115408477499,52.562817778688554,1.8150144260596874,0.48902857258048443,0.0,1.8506787791171522,0.17252496426918312,0.4926581670815332,2.8508186823153654,0.5213942595060868,0.1374284315454614,0.3839658279606254,0.035794267215348466,0.0,0.4428114732785644,0.0,0.0,0.0,0.0,1.0,0.7664811301376222,,,0.191088296168766
B001283,25488.166478535466,8.09919494074848,13.378529079472546,9.223796666794247,0.0,0.3095577603700953,3.2583600576309117,117.95216426216221,2.684112023820796,1.0920724832231705,1.2997021648647988,0.4841018590151597,1.3757327110071778,1.1634736988173768,1.781972728569072,0.9581298535650353,0.7882694265631338,0.16986042700190157,0.0,0.0,0.04187014643496462,0.0,0.2,0.2,0.2,0.98,0.18273184278649074,,,0.2770151739533745
B001284,4265.407535596942,2.978636547204568,6.847455181496649,2.082978183711351,0.4527427008523772,0.365,0.01986420576442098,0.7190842486720395,1.9864205764420981,0.0,0.6018804079206836,0.0,0.0,0.39033556284178716,3.094380945284604,0.3281814193883519,0.12611567609196192,0.20206574329638996,0.0,0.0,0.6718185806116483,0.0,0.0,0.0,0.0,1.0,0.6044883868182165,,,0.19106616983379643
B001285,13224.946961685098,3.8692062497615853,14.872166711918528,5.424815120961817,0.0,0.38005276532841736,0.009030108949610432,0.23447824507596243,0.7372166977103989,0.7358056569755026,0.876611347310818,0.23225863893522639,1.0407567446820123,0.24655716414762793,1.710764843836332,1.0,0.9399725359821441,0.06002746401785581,0.0,0.0,0.0,0.0,0.0,0.0,0.0,1.0,0.5343281052640938,,,0.19106616983379643
B001286,4313.064357169384,4.02338093019532,10.131648923622803,6.337188358518416,0.24229513177807352,0.38450172690002515,0.01699875355685998,0.3790722043179776,1.6998753556859982,1.00423195028345,0.0,0.3612255077367079,0.5117863785141976,0.44626173797496727,2.5323373839732293,0.5775007673450709,0.450297704201519,0.12720306314355181,0.0,0.0,0.4224992326549292,0.0,0.0,0.0,0.0,1.0,0.7274231201857162,,,0.19106616983379643
B001287,5740.453900733298,10.770082365353279,18.09433408694482,15.339795008022334,0.0,0.29695188817134066,0.015870140718985487,0.37093219563370367,3.847745124546946,0.7078131139512444,1.4082164341109737,1.9967239970580666,1.9321520622715476,0.8774316334144984,1.945368505299042,0.8034603897906141,0.7377400833026863,0.06572030648792784,0.17939993369848006,0.0,0.017139676510905654,0.0,0.0,0.0,0.0,1.0,0.1605731325641471,,,0.18847355270950683
B001288,1692.7955372468498,5.373954086497936,9.115977031373474,5.09937391256714,0.0,0.31090323119460456,1.280757131433021,46.32876484916361,1.7900491912640641,0.8457951713688671,1.071319572879654,0.0,0.8677851517115587,0.799004999273792,2.57810890472202,0.6669027754141844,0.509514908351098,0.1573878670630864,0.0,0.0,0.33309722458581553,0.0,0.2,0.2,0.2,0.98,0.30727963611664705,0.35715499488184943,,0.2770151739533745
B001289,2479.151914873897,3.5365933165105523,14.538627730515813,4.494074419372184,0.0,0.4512006603941372,0.5115456961279947,33.838008434923054,0.5561891145303466,0.5967595833553501,0.0,0.9498596303060657,0.0,1.4337849883187896,1.90172508733991,1.0,0.7314196048859631,0.26858039511403675,0.0,0.0,0.0,0.0,0.5,0.5,1.0,0.5,,,,0.40649680945047806
B001290,782.2454048122054,0.986438089296602,6.748654290348648,1.410989387798796,0.22451152605507813,0.809,0.42443985039749055,15.347491554721858,0.5292828255213264,0.0,0.0,0.21555473082766957,0.0,0.24160053294760597,3.0058392857559832,0.4409909717076961,0.22247271580643127,0.21851825590126478,0.0,0.0,0.5590090282923038,0.0,0.0,0.0,0.0,1.0,0.5719270593419377,,,0.19006326769067228
B001291,365.99928736439097,0.9014760772521945,6.567086648236515,0.2552294102157522,0.4440092390079515,0.5658402370638869,0.2355969101546246,8.50724393860061,0.6436647709294477,0.0,0.009236105130196095,0.02148242178659525,0.0,0.22709277940595526,3.281653730045554,0.2708869970812854,0.2606414616053482,0.010245535475937236,0.0,0.0,0.7291130029187145,0.0,0.0,0.0,0.0,0.6,0.776164627839122,,,0.19006326769067228
B001292,11463.712697766248,6.53575410362956,13.614690202539906,12.980181704527757,0.3409482295318568,0.463194951148588,0.0132397668368353,0.2952468004614272,2.818321354514821,0.0,1.0984625650877151,1.7809351300506555,0.4012605985112426,0.43677445546512583,1.2952190897572224,1.0,1.0,0.0,0.0,0.0,0.0,0.0,0.0,0.0,0.0,1.0,0.1841484216205331,0.18025202804883536,,0.18847355270950683
B001293,3141.1454337723317,10.435699115522697,19.866116933770606,2.191960986293754,0.0,0.41820524777286167,0.04039097961480326,1.613006673611101,8.776407649693066,0.4924049291642149,0.11908651629194687,0.3385259201659227,0.12252070613432284,0.5867533940732262,3.4516364663594454,0.15201846076891967,0.11957924261798823,0.03243921815093141,0.0,0.0,0.8479815392310805,0.0,0.0,0.0,0.0,0.5,,0.14190415222236855,,0.191088296168766
B001294,7791.441547770077,15.868516390570422,29.720550094196543,5.12788517014811,0.14172906882852915,0.09408210753442814,0.03157225022872315,1.2962459417920082,12.81557860018277,1.3234718254275675,0.0,0.8538071695368488,0.14804642680152535,0.7276123686217106,2.0402213505307674,0.8414279813050292,0.7042205107781546,0.13720747052687451,0.009329569517254888,0.0,0.149242449177716,0.0,0.0,0.0,0.0,0.5,,0.17633697106562374,,0.191088296168766
B001295,5374.232484707605,6.079448512112675,9.388674777804491,1.8070928807109015,0.0,0.433,0.017409783086950664,0.3882381628389998,4.197293830783422,0.860176211218389,0.0,0.0,0.0,1.021978470110863,1.731572813260105,1.0,1.0,0.0,0.0,0.0,0.0,0.0,0.0,0.0,0.0,1.0,0.2786685136260305,0.38679722203853534,,0.18847355270950683
B001296,2343.383974368201,2.369447901282306,4.010879944767107,0.9974426485542285,0.0,0.11671739946801388,2.3968384141193226,86.56245099169513,1.044242828447701,0.0,0.0,0.5404030902434726,0.10254466210018026,0.6822573204909529,1.99275467653845,0.9456020342895234,0.9456020342895234,0.0,0.0,0.0,0.054397965710476705,0.0,0.0,0.0,0.0,1.0,1.1788357737128399,,,0.191088296168766
B001297,821.8306639786271,1.6772054366910756,9.757195597301084,1.44976977931341,0.0,0.3979039027200153,0.2975650323683748,10.719677159762174,0.8106571302679919,0.0,0.03515054612786167,0.5151061688081642,0.0,0.31629159148705793,2.7689270574984133,0.45915680575652257,0.1520351153901911,0.3071216903663314,0.0,0.0,0.5408431942434776,0.0,0.0,0.0,0.0,0.6,,,,0.19006326769067228
B001298,3752.1038873229822,10.364927865533101,13.603583068357695,12.707473903030083,0.10266805536647879,0.365,0.019308363883910416,0.43057651461120233,4.410539973482075,0.0,1.6298941263547666,1.08764333290834,2.63076518163588,0.6060852511520405,2.7897656030737803,0.5396618522877205,0.5396618522877205,0.0,0.0,0.0,0.4603381477122796,0.0,0.0,0.0,0.0,1.0,0.20361632665243176,,,0.18847355270950683
B001299,25439.181991354,6.064167340012872,10.537650389751052,8.3728500757412,0.0,0.15426660268051678,1.6036773290321678,57.77612966558239,0.9695410838021475,1.451904099451186,1.1136344126592532,0.0,1.9127583566444115,0.6163293874558737,2.203249681339515,0.8401196686303697,0.28527639544186045,0.5548432731885093,0.0,0.0,0.15988033136963029,0.0,0.0,0.0,0.98,0.98,0.26101219083320537,0.35132726641015455,,0.1887933662721779
B001300,2110.4979263080686,3.0631319685167906,14.486723641816578,5.742120841423078,0.06768639361926332,0.24761788254876194,0.36380864675750163,13.041004022048044,1.0232503822493366,0.3670827803237561,0.0,0.7702767109338392,0.6706601300974246,0.2318619649124343,1.8813468860096825,0.8397358801531005,0.5009509629222344,0.3387849172308661,0.0,0.0,0.16026411984689967,0.0,0.0,0.0,0.0,0.6,,,,0.19006326769067228
B001301,1240.2702006834907,3.255302363998663,10.008384554084312,6.921221881102472,0.6531500643649953,0.3770832310843072,0.018388132724090418,0.3590533021227641,1.6155871960292143,0.0,0.2957801911934608,0.49523992288403884,0.47860597031540925,0.37008908357653963,2.7717985481220824,0.4875067707933752,0.3966457206910622,0.09086105010231309,0.0,0.0,0.5124932292066247,0.0,0.0,0.0,0.0,0.95,0.43784832513955974,,,0.19106616983379643
B001302,1864.829747279299,3.7074150045314096,6.900422928170048,4.913427786680244,0.0,0.365,1.2238426916494245,44.316588716146505,1.7120627969269426,0.6548990186112111,0.0,0.741817001179154,0.0,0.5986361878141038,3.0550888412879154,0.27617655136563907,0.07608646156655705,0.20009008979908205,0.1766457269582059,0.0,0.5471777216761554,0.0,0.2,0.2,0.2,0.98,0.29600388964343544,,,0.2770151739533745
B001303,2491.7482169876243,2.2188318940228178,9.909365197177216,3.37678340060245,0.0,0.3722536966061381,0.4212245613613815,19.795931052104148,0.5801908388720142,0.46873917929760656,0.09077493185103785,0.6632263993791939,0.15224854058594817,0.263652004037017,2.6466988639872633,0.7241956298249087,0.2850039420344815,0.4391916877904273,0.0,0.0,0.2758043701750912,0.0,0.3,0.3,0.3,0.92,,,,0.32152411226147926
B001304,20643.80050870086,6.164168560376488,10.462040243738482,8.346760358164683,0.0,0.40670263699621795,1.6978463781381659,61.206329113740736,2.1116213388186087,0.7587381970163831,0.12772610426225556,2.3604046467445277,0.0,0.8056782735347143,2.594029497733516,0.6172344153410843,0.6172344153410843,0.0,0.0,0.0,0.38276558465891586,0.0,0.0,0.0,0.0,1.0,,,,0.191088296168766
B001305,4290.650496762364,5.2710694063419705,7.75177982261018,6.1477670969186065,0.0,0.33153143180145744,4.560201424283309,303.6862771265311,1.0450468859937014,1.5285317697157779,1.5966973675222949,0.26895846645731347,0.0,0.8318349166528837,1.7637204668191084,1.0,0.7100148656975187,0.2899851343024815,0.0,0.0,0.0,0.0,0.0,0.0,0.98,0.98,,,,0.1887933662721779
B001306,48096.808127974225,13.438616409045606,34.440337947723414,2.138912035107048,0.0,0.1647532985619473,0.0686192152150994,2.7201460167004563,11.376750081075771,0.9420829594306206,0.0,0.5114998557732356,0.0,0.60828351276598,3.3539307576087403,0.1534284680216025,0.1534284680216025,0.0,0.0,0.0,0.8465715319783976,0.0,0.0,0.0,0.0,1.0,,,,0.191088296168766
B001307,1779.5194676584524,1.8383465574984013,7.2572054360090545,3.895603399378681,0.0,0.6611430558881568,0.009738000247679261,0.2656675797955615,0.3083314337191973,0.3182867362674398,0.0,0.14548975112499624,0.49453480584018966,0.5717038305465778,2.6713210739698106,0.750692072653304,0.40253978637485394,0.3481522862784497,0.0,0.0,0.24930792734669613,0.0,0.0,0.0,0.0,0.9,0.9791360960133283,,,0.19106616983379643
B001308,8942.54477328405,11.164225684499437,23.24191858580599,15.150049572183882,0.0,0.14487361865043696,0.012024285969751747,0.4471945461620536,2.7741514397627576,0.849623194887909,1.605768321696169,1.6705204972401422,3.702527718120552,0.56163451279191,2.7323634611739216,0.41394465030263655,0.044379207035693945,0.3695654432669426,0.33164214185146684,0.0,0.2544132078458968,0.0,0.5,0.5,0.5,0.5,0.27543975341890237,,,0.40484810018049977
B001309,12447.86014653426,5.967334681943557,13.781256633310567,5.329197689808537,0.1040824982653475,0.23239613076516827,0.014149605723012791,0.30542817986450244,2.532464545034107,0.87350146951521,0.9262504883865997,0.1606701887942313,0.6664346377690747,0.8080133524443363,2.9032207230579874,0.3867651394149031,0.11986455296464921,0.26690058645025383,0.1463805058828561,0.0,0.4668543547022411,0.0,0.0,0.0,0.0,1.0,0.20139181894437821,,,0.19106616983379643
B001310,24088.746748400583,11.570003241306717,19.321486228630913,3.458450310373236,0.13239377329452479,0.7350392197970596,0.04370612537882645,1.8615820832270513,9.953422305130092,0.0,0.022137341250401753,0.49145321451948787,0.0,1.1029903804067356,3.0761349499029205,0.30956754159481537,0.2764861477554221,0.0330813938393933,0.0,0.0,0.6904324584051847,0.0,,0.0,,0.5,0.11256429166399758,0.1741058552028074,,0.191088296168766
B001311,2965.674757535884,4.273306567054588,9.811844595858014,8.577450326580946,0.0,0.4569545255688887,0.01647909369598606,0.3052025784428786,0.5035579740040631,1.2616770747267847,0.0,1.6350118762323091,0.0,0.8730596420914308,2.2191395651849275,0.8821619825064073,0.49955150264110365,0.3826104798653036,0.0,0.0,0.11783801749359271,0.0,0.0,0.0,0.0,1.0,0.9356619609854184,0.3874212077090213,,0.19106616983379643
B001312,7096.58433903508,7.509613057179979,18.231721803764227,12.180454324833294,0.0,0.17246496746121012,0.015410501381165589,0.2862359540877331,0.47296414840774903,3.4276913417967023,0.0,1.4450918495128444,1.7520804014914586,0.4117853159712234,2.301190188234726,0.91976997398441,0.4940260339624311,0.4257439400219789,0.0,0.0,0.0802300260155898,0.0,0.0,0.0,0.0,1.0,0.8432204675564121,0.41340503195949774,,0.19106616983379643
B001313,3498.0583277651012,2.511168935940489,10.614123374988237,3.8254376849812712,0.0,0.4361611507278857,0.47520227310974716,22.332675482836112,0.6545392428645533,0.7721159115942396,0.02223258568793209,0.29007940853334807,0.3525999179299621,0.4196018693304536,2.4268982017059018,0.6924207528140913,0.12016621303447941,0.5722545397796117,0.0,0.0,0.30757924718590873,0.0,0.3,0.3,0.3,1.0,0.9210155093833968,0.41326140955079593,,0.32152411226147926
B001314,3597.065200895324,1.5006529832688043,7.200994608556061,2.528131586801461,0.0,0.365,0.3077781753982025,11.036407366116707,0.46739276167663685,0.0,0.06813480220255319,0.7574235855720662,0.0,0.2077018338175479,2.604415109766035,0.3680400390075012,0.32263660266198557,0.045403436345515566,0.5047293371730783,0.0,0.12723062381942035,0.0,0.5,0.5,1.0,0.5,,,,0.40649680945047806
B001315,14762.286178712768,4.462601625971211,14.579196013990579,5.984344174642735,0.0,0.4167702040541009,0.010616178521336882,0.21619023526782521,2.138584243575191,0.5783898548300855,0.5239583116877452,0.953505775831557,0.0,0.26816344004663256,1.8613325976214752,0.9961681421268928,0.7491489683556012,0.24701917377129154,0.0,0.0,0.0038318578731072863,0.0,0.0,0.0,0.0,1.0,0.14731462469481357,0.302686660787675,0.9181745431896784,0.19106616983379643
B001316,287.5754913888394,0.8239985426614309,3.9728501944615506,1.1153560021872275,0.0,0.47000000000000003,0.5527436869272567,20.009321466766696,0.30400902780999123,0.34352964867366603,0.0,0.0,0.0,0.17645986617777382,2.9256520821291816,0.5557609384031147,0.13885528761870858,0.41690565078440606,0.0,0.0,0.4442390615968856,0.0,0.0,0.0,1.0,1.0,0.45774912719920324,0.2911106526685314,0.5857661263849903,0.19006326769067228
B001317,1684.1776525405417,4.8958652690132025,7.1500100018694095,1.9234813405537157,0.0,0.24,2.167787724095018,78.72881964818902,2.8802683288991857,0.0,1.2906559795115433,0.0,0.0,0.7249409606024737,1.7686435673183767,0.9180691345160994,0.9180691345160994,0.0,0.0,0.0,0.08193086548390074,0.0,0.28,0.28,0.28,0.7,,,,0.3116940136216534
B001318,2957.969546360452,3.8365363766024023,6.337995561080287,3.4644228429332307,0.0,0.45300000000000007,1.6746943659737505,78.47813971770432,2.183109762616593,0.0,0.7392133853318524,0.35275667103154723,0.0,0.5614565576224104,2.992513470402885,0.4092762582838361,0.1246523295175363,0.2846239287662997,0.0,0.0,0.5907237417161643,0.0,0.0,0.0,0.0,0.98,0.19644534028576902,0.3243947507103157,,0.1887933662721779
B001319,9079.031367376663,4.2644581340425844,7.015085913381334,2.9602833145680583,0.0,0.36500000000000005,1.4182713289932842,51.28579896086715,2.01020728919828,0.5455915422942621,1.0174380477976728,0.0,0.0,0.6912212547523702,2.6522938850035724,0.45748214060010667,0.45748214060010667,0.0,0.1279392422542221,0.0,0.41457861714567124,0.0,0.19999999999999998,0.19999999999999998,0.19999999999999998,0.98,,0.45041605578761273,,0.2770151739533745
B001320,2764.130763279389,1.92756678052956,8.142986464221385,4.846921534166239,0.0,0.24,0.4153177883239336,14.938990332222335,0.5243724214724323,0.0,0.0,0.9077657371093333,0.23628707471588797,0.25914154723190586,2.429934685614896,0.34107647632291466,0.34107647632291466,0.0,0.47093867059689776,0.0,0.1879848530801873,0.0,0.5,0.5,1.0,0.5,1.0939211037325118,,,0.40649680945047806
B001321,650.2461762208547,2.1180657205891036,8.597193300117933,4.694643899600811,0.0,0.3226582975842693,0.7638466564368992,50.692739240633095,0.41846300794358643,0.44507409265384335,0.051072736254574876,0.9545265564265512,0.0,0.24892932731054815,2.3523810856848772,0.802431528032474,0.5922991944002326,0.21013233363224143,0.0,0.0,0.1975684719675262,0.0,0.0,0.0,1.0,1.0,0.6295167165022926,,,0.19006326769067228
B001322,1178.2822871942492,1.894344513174034,10.07566599295806,5.045388197773986,0.03320765936916811,0.39392382125238234,0.34840340192317704,12.525694912162502,0.47582367151428473,0.37745763486200534,0.0,0.7209715332065888,0.13989953272419126,0.18019214086696383,2.189357909337486,0.617708273389853,0.23711671351641767,0.3805915598734352,0.073851156297745,0.0,0.30844057031240213,0.0,0.30000000000000004,0.30000000000000004,0.30000000000000004,1.0,,,,0.32152411226147926
B001323,3402.5939035804245,6.530890409943233,9.382714381021602,10.380242875006083,0.0,0.26139064116154126,0.022751671070373344,0.38865268025465916,1.8584264726785042,0.0,1.8432610987301652,1.0874681532677697,1.0472336895568555,0.694500995709939,2.699924469686154,0.2666917642064574,0.10634093547987979,0.1603508287265776,0.4487488026955591,0.0,0.2845594330979836,0.0,1.0,1.0,1.0,1.0,,,,0.6084446516532538
B001324,2499.3423430236767,1.5437568517749702,9.550843187820586,2.2278369573423795,0.0,0.3264492423936253,0.2263203954278899,8.211346663929406,0.3479779911846338,0.48774159396347916,0.0293999550893611,0.327113858258108,0.0,0.35152345327938816,2.048461952107129,0.7745901559662468,0.7745901559662468,0.0,0.0,0.0,0.22540984403375314,0.0,0.5,0.5,1.0,1.0,1.1777887472877635,0.2922702245242674,0.2613141469552589,0.40649680945047806
B001325,770659.5240323675,288.5284627601526,2298.0654756355425,1425.747679659681,0.0,0.4074809367704706,0.18548011123547176,6.721917012794315,0.29829021294819663,0.15240931529350402,0.059902367343250086,287.8596342851499,0.0,0.15822657941766682,1.6677075905659067,0.9999415785146547,0.9994133487731746,0.0005282297414803008,0.0,0.0,5.842148534522392e-05,0.0,0.5,0.5,1.0,0.5,1.0164055897598776,,,0.40649680945047806
B001326,1093.1843577707318,3.5492998628919863,5.458708246442552,6.856960748998069,0.47206999886721285,0.3972446839977344,1.7929328932935398,64.8012196117527,1.0925185636236927,0.38148177588900395,0.0,1.0083703141767497,0.0,1.066929209202541,2.382205422492775,0.7231168732787964,0.43901286597321904,0.2841040073055774,0.0,0.0,0.27688312672120385,0.0,0.0,0.0,0.9800000000000001,0.98,0.17157390072969209,,,0.1887933662721779
B001327,1965.8618034446029,4.011962864172659,19.852693978589734,7.557054204007114,0.0,0.14164908477878313,0.35384621359934676,16.4228852356584,0.9565387045244623,1.3512115941989271,0.0,1.3239499119595153,0.1653919235545404,0.21487072993521375,2.4516907984543024,0.7342266841444622,0.7342266841444622,0.0,0.0,0.0,0.2657733158555379,0.0,0.0,0.0,0.0,0.6,0.7065840016063345,0.3796757071489148,,0.19006326769067228
B001328,840.8121039474563,2.1726410954714632,12.303416401408485,3.800878474575822,0.0,0.4393899853981057,0.4925324792065196,17.778167768065632,0.6135129753367027,0.3599655385235169,0.05561367815449214,0.8413616111919783,0.135705756152692,0.16648153611208125,2.4342453333111496,0.7044799533609936,0.6164214909182274,0.08805846244276615,0.0,0.0,0.2955200466390065,0.0,0.0,0.0,0.0,1.0,0.7783191214327335,,,0.19006326769067228
B001329,2731.206815514088,5.495385946708426,12.750788796560377,5.270095574165702,0.0,0.4395064582949131,0.01129186491264245,0.25180858755192664,2.5793600054259405,0.2854382263665547,1.8627037367052526,0.20472995221294613,0.0,0.5631540259977308,3.042356055618595,0.15643111851961322,0.15643111851961322,0.0,0.3389577647082198,0.0,0.5046111167721667,0.0,,,,1.0,,,,0.19106616983379643
B001330,14521.97347579548,4.084943312460051,12.48162430068247,5.8368663304829616,0.0,0.47649231044186824,0.014445074040002498,0.3221251510920557,1.44450740400025,1.2877947237109568,0.0,0.6062479892023739,0.0,0.7463931955464707,2.591412248628606,0.49856725795126783,0.3501568779704311,0.1484103799808367,0.0,0.0,0.5014327420487324,0.0,0.0,0.0,0.0,1.0,0.44724000310001194,0.3844172791677521,0.8278780119008576,0.19106616983379643
B001331,12521.80926182279,7.188179828830534,12.984559643581067,4.0261122593648615,0.0,0.021,0.010694386414912015,0.18886675900397693,5.015694667125867,0.5415084863653981,0.0,1.10616708685878,0.0,0.5248095884804885,3.1504323961249296,0.215260599313356,0.06137364695552306,0.15388695235783295,0.07533318576609647,0.0,0.7094062149205476,0.0,0.0,0.0,0.0,1.0,,,,0.18847355270950683
B001332,7990.461408660468,5.243084913819205,11.976547851433878,9.98973836310706,0.0,0.27968014279680625,1.2254955821076925,44.40266980337953,1.5269032612494837,0.5419184977359898,0.13805588958740242,1.886284064147367,0.7007686901795568,0.44915451091940506,2.7473056263742888,0.7087776974153093,0.24565291462124453,0.46312478279406477,0.0,0.0,0.2912223025846908,0.0,0.0,0.0,0.0,1.0,0.9105572975289058,,,0.191088296168766
B001333,1500.061442480992,4.573358056344487,8.486562533289371,3.734105315992082,0.0,0.375492013976461,1.474399313030927,69.28933705278577,1.9283614765411632,0.0,1.0989215079398498,0.23836078247608825,0.5718104289486746,0.7359038604387109,2.881834350529925,0.33806123483348266,0.33806123483348266,0.0,0.24028766048950567,0.0,0.4216511046770115,0.0,0.0,0.0,0.0,0.98,0.3472543242508386,,,0.1887933662721779
B001334,14830.708183550094,5.000238767211765,9.834617441721589,3.652923374895321,0.0,0.21930484204814188,1.3233184673281062,62.066773319194155,1.7250391269025194,0.6345900557797195,1.1732584739696459,0.0,0.5241106133850173,0.9432404971748631,2.7141378305300963,0.4232795811718231,0.4232795811718231,0.0,0.23172906797225845,0.0,0.34499135085591853,0.0,0.0,0.0,0.0,,0.4884552663590812,,,0.1887933662721779
B001335,3130.6112313134854,10.034010356773992,14.977417667652043,12.891560536534467,0.0881485271890218,0.41280725893411585,0.015830730455253583,0.330910350930335,6.028739450074862,0.41242592882622814,0.0,1.2525553819638107,1.6463363633135248,0.6939532325955674,3.108102062072606,0.3953571442561955,0.10645055135834337,0.2889065928978521,0.0,0.0,0.6046428557438046,0.0,0.0,0.0,0.0,1.0,0.25612194842768493,0.2593094550954186,0.281821642646351,0.18847355270950683
B001336,9200.783942748754,2.8327536769546655,7.759987025976136,3.308172837977168,0.11841481582182375,0.41916332029740005,1.5619351743223775,56.51585970485004,1.4360302469808355,0.0,0.07361109994413334,0.5895328754004351,0.1280079359199808,0.6055715187092802,1.7552163397249294,0.9960427866776204,0.8105347270049454,0.18550805967267484,0.0,0.0,0.003957213322379626,0.0,0.0,0.0,0.0,1.0,0.6942253918554004,,,0.191088296168766
B001337,7381.402487371908,6.255425836755855,22.108707745079023,9.514452993259303,0.025779043651491446,0.19060133232138285,0.01779634724514375,0.6229066168788439,0.9849599655419536,1.5212339731805977,0.0,0.44423843729379403,2.949155765322785,0.3558376954167242,2.177837772222534,0.5271432734329747,0.4561267752941075,0.07101649813886722,0.4714556358408137,0.0,0.0014010907262116624,0.0,0.0,0.0,0.0,1.0,0.7283656415774082,,,0.19106616983379643
B001338,1903.728035364125,5.439222958183214,16.256764272599042,8.718956304377155,0.0,0.39979170320660595,0.011438438980535844,0.22112632929617562,2.1099054263873827,0.0,1.12032924881338,0.9868464194330173,0.8143665677650639,0.4077752957843703,2.689278186739434,0.612094329905512,0.07496940260021509,0.5371249273052969,0.0,0.0,0.38790567009448795,0.0,0.0,0.0,0.0,1.0,0.22179567492993524,0.32662209007829573,0.40041365020518244,0.19106616983379643
B001339,2043.1843664639039,4.195450444484402,9.333858819947734,7.247824422140627,0.0,0.433,0.01859165052427272,0.4145938066912817,1.859165052427272,0.0,0.0,1.7394180895270819,0.0,0.5968673025300493,2.700253426471828,0.5089056480071863,0.5089056480071863,0.0,0.0,0.0,0.4910943519928139,0.0,0.0,0.0,0.0,1.0,0.7284091336446116,,,0.19106616983379643
B001340,32145.290458356852,7.6719070306340935,24.538263326982513,5.0988224541416916,0.0,0.4329241128871775,0.023883366556037847,0.9515574152312389,5.418543478696274,0.48854940660615037,0.0,1.4362081122062413,0.0,0.3286060331254258,2.605077772026627,0.4989018034984031,0.4989018034984031,0.0,0.0,0.0,0.5010981965015967,0.0,0.0,0.0,0.0,0.5,,,,0.191088296168766
B001341,11516.22793259476,9.826133048289044,15.14372603433678,5.995754193051766,0.0,0.2645943002289218,0.008724431756701933,0.1945548281744531,5.761417197822031,1.2432152824310279,0.0,0.46515456910020375,1.695063699085401,0.6612822998503827,2.91270690573976,0.4041216967442914,0.184277505996055,0.21984419074823625,0.0,0.0,0.5958783032557089,0.0,0.0,0.0,0.0,1.0,0.2408230647442375,,,0.18847355270950683
B001342,8285.51004908551,1.665094463240657,9.15857006940952,1.8333810570712519,0.0,0.4245171509885701,3.830939146806152,78.73524020526015,0.8371342558881307,0.0,0.06255797965279793,0.22549446824403263,0.19246131239600348,0.3474464470596924,2.922659327249356,0.3754262516316269,0.2400018218337111,0.13542442979791577,0.11558582209289764,0.0,0.5089879262754755,0.0,0.0,0.0,0.0,0.6,0.6870246229449195,,,0.19006326769067228
B001343,10405.324142313391,7.485844706700282,10.637273116623298,13.994689882555733,0.0,0.38194548613511253,0.022734960263248005,0.8956963926989661,1.884013737271438,0.0,1.4385998757381004,2.811263501994203,0.0,1.3519675916965403,2.207196073548203,0.7483231604330328,0.7483231604330328,0.0,0.0,0.0,0.2516768395669673,0.0,1.0,1.0,1.0,1.0,0.20505492510131546,,,0.6084446516532538
B001344,12501.008827268211,5.806320867286675,13.00002562481786,8.370302353529215,0.0,0.47600226489900344,0.014986494699859574,0.37516351650080837,2.0228222858969365,0.11366294169221132,1.2583090572949627,0.9174309970186753,0.6286168733261631,0.865478712057727,1.771917837400902,0.7721147525655044,0.6638505198966131,0.10826423266889126,0.21671366189636315,0.0,0.011171585538132607,0.0,0.0,0.0,0.0,1.0,0.15613050126001746,0.2852647275312837,0.35756015419121595,0.19106616983379643
B001345,1638.3450466014106,4.488616566031262,10.280487771144928,3.72627281356428,0.0,0.46274345479671186,0.011599748434459184,0.2586743900884398,2.64968872868357,0.7380293140997328,0.6577932577357343,0.0,0.0,0.443105265512224,3.215524507142422,0.3794622310962172,0.21503978528408085,0.1644224458121364,0.0,0.0,0.6205377689037828,0.0,0.0,0.0,0.0,1.0,,0.2573663613482323,,0.19106616983379643
B001346,1663.5163479161604,2.185961035369462,9.169013050179869,4.3053314818887065,0.450815014961742,0.28183377900982143,0.6716860017772172,31.51677835987716,0.8366129974468614,0.3700754670049663,0.06899357565923128,0.5139623319746979,0.18231038427298588,0.2140062790107186,2.6780014381815453,0.39838340668094374,0.21270914842187794,0.18567425825906583,0.1692964609236128,0.0,0.43232013239544326,0.0,0.0,0.0,0.0,1.0,0.7488309656837163,,,0.19006326769067228
B001347,2259.4481901120744,5.720122000283733,22.140906379815988,7.024458019649927,0.0,0.2968469461100457,0.009598685892406577,0.2089312421764486,1.9821636048817095,0.8457825896580861,0.9652169709401393,0.29723498467851217,1.1322917789910618,0.49743207113422294,1.5852387839868018,0.8521390645835643,0.6022271285097068,0.24991193607385748,0.14786093541643572,0.0,0.0,0.0,0.0,0.0,0.0,1.0,1.0851007816453968,,,0.19106616983379643
B001348,5678.502414820681,4.108901892055486,7.38687588519176,8.478033975050923,0.0,0.38710412194709554,1.5525137537546336,103.38338287227013,0.9439891830623971,0.0,0.8693360488513983,1.7014943896781196,0.0,0.59408227046357,2.71676198585253,0.553748149344448,0.1396486078178082,0.41409954152663986,0.21157381502153882,0.0,0.23467803563401296,0.0,0.0,0.0,0.98,0.98,0.5181748818749851,,,0.1887933662721779
B001349,2613.21947445693,2.3606318649114093,12.272742270136149,3.6117386711024477,0.015382352313735257,0.3822021344086783,0.95106672873714,34.47336410657398,0.8848107771159882,0.470061235526551,0.07073110484031706,0.5696525725337708,0.15920745239866882,0.20616872249611398,1.7598650534714668,1.0,1.0,0.0,0.0,0.0,0.0,0.0,0.0,0.0,0.0,1.0,0.4495904724409506,0.32571136594120775,,0.19006326769067228
B001350,18129.346237223202,3.8996227655889872,6.286302309347763,2.833438227461967,0.0,0.365,1.3293793778980116,48.123090694053225,1.8597005901417227,0.0,1.4960553840999187,0.0,0.0,0.5438667913473463,2.8551120511527186,0.5127556983850392,0.12911464538334994,0.3836410530016892,0.0,0.0,0.48724430161496096,0.0,0.19999999999999998,0.19999999999999998,0.19999999999999998,0.98,0.20338053641149692,,,0.2770151739533745
B001351,4235.1207452529,5.17740922402555,7.9850883854647785,7.451581030201942,0.0,0.408686239769689,1.8048176507672833,65.18414021103929,2.354145874882621,0.0,0.7192430562052939,0.33957243717817465,0.8359882576825395,0.9284595980769212,3.09132276729929,0.206216966259546,0.14062963821864036,0.06558732804090568,0.30038794435464905,0.0,0.493395089385805,0.0,0.0,0.0,0.0,0.98,0.36554478203032753,,,0.1887933662721779
B001352,2357.650472722943,4.431673820907788,6.827344515792973,7.265810435693439,0.0,0.2110889448185219,1.9363661535927525,70.09570026855216,1.2679138840237765,0.0,0.0,1.7248825706808595,0.6864251716155138,0.7524521945876397,1.8207629509673395,0.820906064216822,0.4316891136047992,0.3892169506120225,0.1548907251199516,0.0,0.024203210663227018,0.0,0.19999999999999998,0.19999999999999998,0.19999999999999998,0.98,0.32693934695824745,0.31627942573610884,,0.2770151739533745
B001353,9250.828281314303,8.252299983331225,12.019165204217394,13.643432837576794,0.0,0.28102428167157323,2.0175319314071363,72.97984725340335,1.22534260019334,1.3405361400748603,1.078878497455588,0.5122947552469439,3.123561944770204,0.9716860455902928,2.2949278517564573,0.6522125881085272,0.273704541736065,0.3785080463724621,0.16244394202617474,0.0,0.18534346986529862,0.0,0.0,0.0,0.9800000000000001,0.98,0.3603576258108124,,,0.1887933662721779
B001354,4891.20422595571,1.1149314396981331,5.820520994551305,1.0374786055475003,0.4317073263905114,0.06730589628196461,0.27219828991946876,9.833135941266269,0.5208115187225828,0.2576762336600256,0.0,0.14719526834645622,0.0,0.18924841896906863,2.0122913412193615,0.8672522895819541,0.7352304781006049,0.13202181148134923,0.0,0.0,0.13274771041804595,0.0,0.5,0.5,1.0,0.5,,0.32698568838845576,0.6968636280480004,0.40649680945047806
B001355,8099.969399947789,4.7674922895513765,13.614717955231816,9.582534912207748,0.0,0.5155407739885187,0.022025858146167122,0.2652389841922213,0.8423108762070177,0.7228889421578467,0.886528286581083,1.696204372486253,0.28770986627334943,0.331849945845826,1.967662636952304,0.9917309898164365,0.7797539698124263,0.2119770200040101,0.0,0.0,0.008269010183563595,0.0,0.0,0.0,0.0,1.0,1.1544238456478728,,,0.19106616983379643
B001356,4811.579951463217,4.098449703120287,11.41160669265039,7.335783610253899,0.051619421127860395,0.1996162891555959,0.01527910393741604,0.259935929007082,0.40548173135408194,0.0,1.3887904868206264,0.5806681616801007,1.3829400196612547,0.3405693036042239,1.6374864790679218,0.961707017344448,0.8200270642543763,0.14167995309007173,0.0,0.0,0.03829298265555211,0.0,0.0,0.0,0.0,0.9,0.7695422218435877,,,0.19106616983379643
B001357,4528.868290941419,9.997501746007549,25.912316549794014,4.453550121407985,0.0,0.4310529471215061,0.03108174992751216,1.121277457538661,7.970809424246487,0.0,0.14372704258637845,0.8327363165337772,0.3584605605292116,0.6917684021116959,1.6849276561480884,0.814143554882812,0.6806178047940498,0.1335257500887622,0.0,0.0,0.18585644511718832,0.0,0.0,0.0,0.0,0.5,0.179806661541467,,,0.191088296168766
B001358,10344.769089332365,8.088169733645321,18.66345787404565,11.126672676196272,0.0,0.30498786929693034,0.019633761564219566,0.4378328828820963,1.963376156421957,1.8139654138700185,1.0513238682553365,1.3473200129167926,1.2893053943217285,0.6228788878594886,2.1680617485867018,0.7384555931383019,0.5718764958535125,0.16657909728478934,0.0,0.0,0.2615444068616982,0.0,0.0,0.0,0.0,1.0,0.7086763774958056,0.4254025182930308,,0.19106616983379643
B001359,18786.137495034043,8.790892604133854,21.10369472557724,4.511782272081983,0.0,0.29412180317136083,0.031051180115987776,1.9027493227172088,7.075207166826081,0.0,0.1141053559787065,1.0037727819795295,0.20448935284417846,0.39331794650535706,3.338283163818205,0.19244098455849223,0.17946103347536224,0.012979951083129975,0.0,0.0,0.8075590154415078,0.0,0.0,0.0,0.0,0.5,0.11132029952145703,0.20043453403585762,,0.191088296168766
B001360,8749.40546409595,2.0159920424184214,10.739486173797799,1.6046820232249943,0.0,0.08815655100663655,0.37101228594999536,13.400367566161588,0.7906673041716994,0.8988227071793319,0.0,0.16540660626468318,0.0,0.16109542480270675,2.0417199102499928,0.7500947438593426,0.7500947438593426,0.0,0.0,0.0,0.24990525614065734,0.0,0.0,0.0,0.0,0.6,1.5504551814683731,,,0.19006326769067228
B001361,13104.083130728046,3.880391806552575,6.381198224277968,6.565302033728552,0.0,0.4610879663108922,1.69045075111507,61.16346258243397,1.02643238140129,0.9505202492273253,0.0,0.9012235998001009,0.4089467701816348,0.5932688059422254,2.5425827387460935,0.7354822830859459,0.490527573197568,0.24495470988837806,0.0,0.0,0.2645177169140543,0.0,0.0,0.0,0.9800000000000001,0.98,0.381948361315349,,,0.1887933662721779
B001362,2125.8647765260994,7.016055368072935,10.709662598850207,4.931500781466175,0.0,0.36500000000000005,0.01729016091034832,0.3855705883007675,3.949529141957738,0.8374890284586769,1.7663433841554637,0.0,0.0,0.4626938135010548,2.93588329023571,0.3956225699954344,0.14386523749299493,0.25175733250243953,0.0,0.0,0.6043774300045653,0.0,0.0,0.0,0.0,1.0,0.24550311801265481,,,0.18847355270950683
B001363,32817.5949509608,10.565870879253318,13.611526990057039,17.253906936525727,0.0,0.3865197715916201,0.029944350144935423,0.7045267610615795,5.187913327818446,0.7126924111582449,0.0,3.806791116427689,0.0,0.8584740238489367,2.4962140157450046,0.575904302399484,0.575904302399484,0.0,0.06745231124844206,0.0,0.35664338635207393,0.0,0.5,0.5,0.5,0.5,0.20229374138191603,0.2656239999582767,1.1436572869664128,0.40484810018049977
B001364,34986.211400576496,9.761777734535853,13.30670323117854,10.59415098286856,0.0,0.2559118436716092,0.017382951132001147,0.5375068187120586,4.122135592870973,0.19588544575125724,0.0,1.651405339906925,2.679059038409804,1.1132923175968936,2.6716216185145902,0.4085564033739583,0.4085564033739583,0.0,0.16917055323483507,0.0,0.4222730433912066,0.0,0.5,0.5,0.5,0.5,,,,0.40484810018049977
B001365,3462.9946853628053,6.672436773338738,11.514131319175426,2.2111893374489506,0.26431961553430683,0.42115238592900855,0.007799115789093418,0.3618789726139346,5.150359483363578,0.0,0.0,0.11393137013241436,0.6546805734759497,0.7534653463667965,3.3424185999379334,0.1898587362992173,0.09174157225326077,0.0981171640459565,0.0,0.0,0.8101412637007828,0.0,0.0,0.0,0.0,1.0,0.12667711965610082,0.27117155211998595,,0.18847355270950683
B001366,4772.203524839623,12.759902472833216,23.352885108125893,5.450731592164675,0.0,0.4670373747157682,0.038467826597089076,1.3608084393347357,9.472006687983924,0.0,0.08555837417302793,1.8092375223042658,0.0,1.3930998883719963,2.217609813968804,0.8097937627904472,0.6680029045800286,0.14179085821041873,0.0,0.0,0.19020623720955265,0.0,0.0,0.0,0.0,0.5,0.0681297943225606,,,0.191088296168766
B001367,803.6870256639555,1.989324320950385,3.8281242498941443,1.5005544590577915,0.0,0.365,1.3868538992719637,50.071438740886556,0.8323308998258682,0.0,0.7922927543825139,0.0,0.0,0.3647006667420029,2.939403833657226,0.2195654811151904,0.2195654811151904,0.0,0.39827229076654624,0.0,0.38216222811826334,0.0,0.0,0.0,0.98,0.98,,,,0.1887933662721779
B001368,9456.82992448954,4.783424342179838,13.809981149695604,5.3909217489868295,0.0,0.2854023426937047,0.00884492878420865,0.19724191188785292,2.0204152045146664,0.5200484075556036,1.1586556720577657,0.746538421503334,0.0,0.3377666365484698,2.629868813492282,0.5671711826591023,0.21622927169153536,0.3509419109675669,0.0,0.0,0.43282881734089795,0.0,0.0,0.0,0.0,1.0,0.15124905172627956,,,0.19106616983379643
B001369,1570.2053756147718,1.0065419074453665,8.181917811499503,1.210688421984465,0.0,0.5373942040117955,0.17130922708132873,6.2133779157504785,0.4277673970572618,0.10155410907240033,0.0,0.0,0.29043867362001075,0.18678172769569362,2.2529845168006593,0.6021670811046019,0.6021670811046019,0.0,0.28855099968679176,0.0,0.10928191920860632,0.0,0.5,0.5,1.0,0.5,1.078823231729747,,,0.40649680945047806
B001370,1252.518821424771,2.441557156773433,10.120885592739427,3.8922293028640347,0.0,0.4011601191448,0.6436144992281131,30.092693045928495,0.7996206783162723,0.341241549772587,0.022395466579280866,0.5070974666016018,0.3453446582563914,0.4258573372472992,2.273540441994678,0.6668513767643375,0.5254069476227435,0.14144442914159394,0.0,0.0,0.3331486232356625,0.0,0.0,0.0,0.0,1.0,0.980009395624822,,,0.19006326769067228
B001371,19488.558114725365,3.9691564388442697,16.102556240438464,7.382818324613677,0.0,0.4226951071244509,0.4066526938995276,14.530365723592137,1.0969277230401229,0.8406426657759526,0.0,1.5521652116067308,0.16654933213159226,0.312871506289872,2.490023461624667,0.7236370649680104,0.2906194779265748,0.4330175870414356,0.0,0.0,0.2763629350319898,0.0,0.0,0.0,0.0,0.6,,,,0.19006326769067228
B001372,1210.7109404084456,3.410453353263227,11.288925671297665,6.11726544018307,0.0,0.5970240781804924,0.016939959638325296,0.5837528368031706,1.4284671160468967,0.0,0.925891716550566,0.49364079873641126,0.2456873348274083,0.31676638710194527,2.6238088197657423,0.5380087089865219,0.04973935660817831,0.4882693523783434,0.0,0.0,0.46199129101347836,0.0,0.0,0.0,0.0,1.0,1.066921247639025,0.5215780869991454,0.257739413100361,0.19106616983379643
B001373,2523.2903997871244,4.426825262784429,32.09094834970411,6.792671499563326,0.0,0.08654786424305976,0.32540783750900426,15.292914047980464,0.8388910872343616,2.590785988260691,0.023597340527482576,0.5778309222128706,0.1584431396708322,0.23727678487819084,2.1820744287161475,0.36336574547199324,0.23283632813298114,0.1305294173390121,0.6210385467535453,0.0,0.015595707774461457,0.0,0.0,0.0,0.0,1.0,,,,0.19006326769067228
B001374,1851.34566959877,5.542951106583144,11.5901307393517,8.99707388756814,0.1428429569994171,0.3733936936901097,0.009981769602705746,0.6647858555402026,1.232317234901944,0.7287231870456498,0.6197308599655165,0.46874392837435613,1.9673247589904683,0.5261111373052086,2.24664970951268,0.7776784945047829,0.6931127245095096,0.08456576999527336,0.0,0.0,0.2223215054952171,0.0,1.0,1.0,1.0,1.0,,0.21319029153772287,,0.6084446516532538
B001375,2402.9512797868488,3.4926617438762335,7.436425485547552,5.521890609616391,0.40292703392346885,0.41124236923845914,0.8143334840894734,38.216280673118504,1.3821937273218108,1.0278665363860033,0.0,0.2975419604904733,0.23329027695240806,0.5517692427255398,1.8037342384882926,0.9360033112662819,0.9360033112662819,0.0,0.0,0.0,0.0639966887337182,0.0,0.2,0.2,0.2,0.98,,,,0.2770151739533745
B001376,26494.209701492393,12.198070764959665,15.669648431985365,19.760527978403932,0.0,0.5837109306460403,0.021609049618317028,0.45628916876331616,4.80849457966673,0.38688286432821656,0.0,2.2873403613905694,2.539342782726979,2.17601017684717,2.6896045544992804,0.4088378829257737,0.18960458962493515,0.21923329330083852,0.20817577071462218,0.0,0.3829863463596041,0.0,0.5,0.5,0.5,0.5,,,,0.40484810018049977
B001377,19692.41830052008,4.720138614698006,7.55327679084505,5.134919109084232,0.0,0.27700505856210544,1.352699311633205,48.87988016954689,1.9065462740603598,0.0,0.0,0.9263178433392045,1.1457513041447844,0.7415231931536583,2.6108022706132283,0.6040752299179754,0.4078272128672156,0.19624801705075992,0.0,0.0,0.3959247700820248,0.0,0.19999999999999998,0.19999999999999998,0.19999999999999998,0.98,0.3819387811919443,,,0.2770151739533745
B001378,17158.320570165,6.065153966124072,8.74381075647495,11.93085862961545,0.0,0.5276687395289865,0.021043564568407103,0.5499369817426659,1.9595925561883771,0.0,0.32784720610739815,0.0,2.338887487006031,1.4388267168222648,2.9106808596858644,0.23722839104474458,0.23722839104474458,0.0,0.4396812855878088,0.0,0.32309032336744653,0.0,1.0,1.0,1.0,1.0,0.26883956678985044,,,0.6084446516532538
B001379,1266.3870398272857,4.165746841537124,10.905062761772061,3.202265783600292,0.0,0.42574690667644477,0.6432861817801242,30.133715635168954,2.7411592666726645,0.0,0.05671785505129651,0.5650623792169929,0.10806178800049701,0.6947455525956722,1.4209512664010557,1.0,0.8643550842834007,0.1356449157165993,0.0,0.0,0.0,0.0,0.0,0.0,0.0,1.0,,,,0.191088296168766
B001380,36367.51995054092,10.305332941496435,13.218328393429042,12.478374373438596,0.0,0.3826731349653314,0.034970587315207406,0.9606124358851815,5.08908633960016,0.6416563668779275,1.4121631863621587,0.6106554020961726,1.8737248045977115,0.6780468419623072,2.065017831793738,0.803141712864426,0.5445886927473146,0.2585530201171114,0.18182088975047014,0.0,0.015037397385104085,0.0,0.0,0.0,0.0,1.0,0.1307056506264612,0.20420542381100432,,0.18847355270950683
B001381,3831.887464771651,5.9225463134028615,9.13701086573618,7.5647377807382,0.0,0.41190597417027125,1.9693380143880432,92.43512951514258,2.5703336077750305,0.0,1.5815107776999406,0.6544159855037982,0.27962490830514514,0.8366610341189483,2.9115974664611257,0.2989764594868176,0.1884807451649491,0.11049571432186853,0.26703223478741644,0.0,0.43399130572576616,0.0,0.0,0.0,0.0,0.98,0.40050104809849835,0.5384985377099991,,0.1887933662721779
B001382,3706.303141628887,5.442442205035076,13.564706622431892,4.419820436470451,0.0,0.6584255767200663,0.024393102049808536,0.9325482144127953,3.619251386683472,0.18766751810487156,0.0,1.0380380510102873,0.09759712139102224,0.49988812784542286,1.7773755951044712,0.9575642419037516,0.7489014523658716,0.20866278953788,0.0,0.0,0.04243575809624851,0.0,0.0,0.0,0.0,0.5,0.2111255644924772,0.2275063657745595,,0.191088296168766
B001383,12883.746983027138,9.459432439814345,20.213625080457987,12.188791904938864,0.0,0.33517835105174854,0.012352696646883947,0.5335541419381551,2.320079874185272,0.9443673116842345,1.2731314709492723,0.7928686582223977,3.4660079782395345,0.6629771465336349,1.96404934685369,0.9266434560466814,0.9266434560466814,0.0,0.0,0.0,0.07335654395331848,0.0,0.5,0.5,0.5,,0.19663025907157985,,,0.40484810018049977
B001384,1628.2856272256602,1.2651791975335356,6.5412638184997345,2.265797969224196,0.0,0.12305424967203563,0.2909801716518175,10.51531894063189,0.4427543439017788,0.0,0.04686139389664862,0.5436274638522963,0.0,0.23193599588281208,2.838522202758542,0.22036197743606256,0.18332264420326455,0.037039333232798025,0.4296841624586438,0.0,0.3499538601052939,0.0,0.5,0.5,1.0,0.5,0.5861301154177142,,,0.40649680945047806
B001385,3662.158714306361,6.3468955187285285,15.611749286355671,7.715828010429342,0.0,0.0753271841532191,0.009665199263513245,0.2155339435763454,2.593124526052764,0.7852132253412354,0.0,2.064248088566734,0.4988606898928929,0.4054489888749013,1.877609189632433,0.8836484683650631,0.8050493030848334,0.07859916528022971,0.0,0.0,0.11635153163493692,0.0,0.0,0.0,0.0,0.5,0.5152330645718922,,,0.191088296168766
B001386,15880.815938084572,6.143449105642,10.523855009232337,2.548983693878963,0.0,0.2992336496628516,0.019391787281027553,0.2809336939831407,3.97304135981143,0.6424707349615345,0.15638333985276712,0.4574585263242232,0.18386767002976095,0.7302274746622847,1.8291813278997064,0.8956081208901031,0.7910299394949802,0.10457818139512287,0.10439187910989692,0.0,0.0,0.0,0.0,0.0,0.0,0.5,0.5094270899471536,,,0.191088296168766
B001387,5830.742378294499,4.867063754836811,8.090719322716284,8.784253177201954,0.11657994667287434,0.3128034312097604,2.104408028953689,76.14293172846611,0.7948563697356972,1.4145745409607726,1.0904710290165005,0.9010180203445464,0.1296153540626108,0.5365284407166828,1.696698317287768,0.9717565532872426,0.7866309692122182,0.1851255840750245,0.0,0.0,0.0282434467127572,0.0,0.0,0.0,0.9800000000000001,0.98,0.3528151226530923,,,0.1887933662721779
B001388,27325.10845539631,13.030571509487986,24.857190776184943,9.797416757220935,0.0,0.16036180834450534,0.007777082904856637,0.01796506151021883,7.567521129303158,0.8067604176563415,1.168610429316855,0.0,2.5360747638128043,0.9516047693988249,1.6010120654651134,0.9822813621407639,0.9822813621407639,0.0,0.0,0.0,0.01771863785923601,0.0,0.0,0.0,0.0,1.0,,,,0.18847355270950683
B001389,2038.189775682352,4.8528327992436955,11.771042545373398,9.357587271493518,0.0,0.39836129225568406,0.012091358536345432,0.2696372953605031,0.48365434145381725,1.4183622281390111,1.4613604436894083,0.7555928803161075,0.0,0.7338629056453515,2.1206148032943033,0.8631885819886516,0.4152120704562689,0.44797651153238277,0.0,0.0,0.13681141801134836,0.0,0.0,0.0,0.0,0.9,1.1391444942749913,,,0.19106616983379643
B001390,8317.755503563143,1.754060629178225,10.618567373733379,3.2411302225006113,0.0,0.4346739955389657,0.28207300121543827,10.130167174517538,0.7617058513901933,0.0,0.058388295586276784,0.4618549702431484,0.16196086928396128,0.3101506426746454,2.7956999385342267,0.5077329665897756,0.5077329665897756,0.0,0.0,0.0,0.4922670334102245,0.0,0.0,0.0,0.0,0.92,1.0202252401934582,0.319828202996478,0.5505659553809962,0.19006326769067228
B001391,9132.201557688088,9.70478380200647,19.984437038036706,7.545053381302173,0.0,0.3049808052404651,0.01064885947071797,0.2962384177127117,4.544469603244408,0.3803857989206104,1.4194819042227056,0.0,2.7225897831987558,0.6378567124199915,2.5761630852851165,0.5147409805731841,0.36847477483563557,0.14626620573754842,0.0,0.0,0.4852590194268162,0.0,0.0,0.0,0.0,1.0,0.1665382767154468,,,0.18847355270950683
B001392,9602.06514711128,2.9608588181040023,13.190127952055569,5.451522707139429,0.0,0.39926610380875316,0.3818910040335596,13.818937892409421,1.0354663320629438,0.4707457108944866,0.049710294005702114,1.0029983786358105,0.20987053556670338,0.19206756693835586,2.5501620930203366,0.6502817609094887,0.47450303018518347,0.17577873072430544,0.0,0.0,0.3497182390905112,0.0,0.0,0.0,0.0,0.6,0.5184062537283969,,,0.19006326769067228
B001393,292069.90062309644,218.45168333814243,493.0673462791999,698.6467253171317,0.0,0.470343724999109,0.027626701208806424,0.8325332169102894,2.082772909871281,1.393688983063557,0.31241241609739157,212.24751968807297,1.5718616373865002,0.8434277036507463,2.3429973579316044,0.9896962354416652,0.010901391391471333,0.9787948440501939,0.0014301213491397402,0.0,0.008873643209195056,0.0,0.0,0.0,0.0,0.95,,0.4163480199840786,,0.19106616983379643
B001394,4147.786430554361,4.891257583200897,7.143966583007422,2.9218406616292225,0.0,0.08399427866040741,1.460443615500981,68.58270915182301,2.135756477134631,1.448645692235371,0.0,0.5639440789389354,0.0,0.7429113348919615,2.75925796611434,0.5852933478387948,0.4699970116008896,0.11529633623790544,0.0,0.0,0.4147066521612052,0.0,0.20000000000000004,0.20000000000000004,0.20000000000000004,0.98,,0.3134647500462501,,0.2770151739533745
B001395,452.3321106090159,1.4638579631359738,7.176304682057662,1.562610181895657,0.0,0.35567502981594695,0.2993617239060608,10.752177463726298,0.4576362825408706,0.6913399903767702,0.07821870273218844,0.07216904253061156,0.0,0.16449394495553302,2.303535190273136,0.6178104176097479,0.6178104176097479,0.0,0.04930057720627911,0.0,0.332889005183973,0.0,0.5,0.5,1.0,0.5,,0.32088628502948663,,0.40649680945047806
B001396,20992.399649948547,4.517409005799128,14.020484321234918,8.361154763972083,0.0,0.37017795242903456,0.01593005003297784,0.511873709955305,1.0585869269385042,0.8232120732782552,0.0,1.0309795733279465,1.2496619459955964,0.3549684862588265,2.2732156342900804,0.6567079070400567,0.3800754514905659,0.2766324555494908,0.29454638782440773,0.0,0.048745705135535895,0.0,0.0,0.0,0.0,0.95,,,,0.19106616983379643
B001397,13295.020640944806,4.402324715544638,9.373118264618785,5.169955347490377,0.45718643707468115,0.4425501501836617,4.406765467264263,159.55935315998144,2.310377537051033,0.0,0.16569274577329518,1.4559118315248236,0.0,0.470342601195485,1.4147480742781577,0.9799354854486112,0.9422979288212608,0.03763755662735032,0.0,0.0,0.02006451455138873,0.0,0.0,0.0,0.0,1.0,,,,0.191088296168766
B001398,12328.54821916487,4.955204268153083,11.53735469430441,8.287991495349921,0.026912093034349806,0.36924777782818863,1.1860752036264124,55.515201347225606,1.4694471310617954,1.0698799471888776,0.07453985137555845,1.40461234374284,0.30036357174104866,0.6363614230429615,2.463918842926587,0.7034537727322606,0.6277952523507501,0.07565852038151034,0.0,0.0,0.2965462272677392,0.0,0.0,0.0,0.0,1.0,0.5076024695330675,0.3978645208540524,,0.191088296168766
B001399,8730.752919580113,7.052304458465358,16.328512032620182,8.842291774253775,0.0,0.40042826489933325,0.010287947836807906,0.032702582248173226,3.2012329484201447,0.4916299488647955,1.1119064508150571,0.6796122665375893,1.039758058070068,0.5281647857577022,1.7486823006301675,0.9486455683542184,0.6435446582109622,0.30510091014325635,0.015258091728407027,0.0,0.03609633991737441,0.0,0.0,0.0,0.0,1.0,,,,0.18847355270950683
B001400,256.94891051681174,0.7579613879551969,6.026105817424712,1.2986890099576027,0.0,0.7873702426152605,0.177513519020917,6.440623042075345,0.334704398782867,0.0951625454890975,0.02010241980585808,0.10444540307078008,0.0,0.20354662080659405,2.5853669735031186,0.6931612625844014,0.403291129544428,0.28987013303997317,0.0,0.0,0.3068387374155986,0.0,0.5,0.5,1.0,0.5,,,,0.40649680945047806
B001401,1839.447706150339,3.4127044641008144,13.788503315553356,7.407760419490091,0.0,0.4773384866038442,0.6206026178033527,22.3421699411366,1.1168632017543205,0.5598912717248536,0.0,0.6962048166295094,0.6277182521778464,0.41202692181428463,2.0430173144240893,0.7980677060764353,0.6141319862445574,0.18393571983187787,0.0,0.0,0.20193229392356468,0.0,0.0,0.0,0.0,0.6,0.5884077561084202,,,0.19006326769067228
B001402,9929.31800263893,8.545024098656565,15.588082316870075,5.112245061725865,0.0,0.365,0.007736210386195615,0.017870645992111873,5.1088181795631415,0.0,0.0,0.0,2.699265392591257,0.7369405265021667,2.81961158839533,0.39837576334398483,0.39837576334398483,0.0,0.0,0.0,0.6016242366560152,0.0,0.0,0.0,0.0,1.0,0.1881655589132701,0.24167219520087377,0.5961539412693582,0.18847355270950683
B001403,482.9454904434675,1.4859861244414385,10.179805018300232,2.4231095206493185,0.0,0.4621690073774893,0.4164294076686803,15.03588511685683,0.5189127441750597,0.0,0.0,0.5658718828393788,0.25333734981841616,0.14786414760858388,2.769393496022236,0.5988180787590245,0.4283337480835668,0.1704843306754578,0.0,0.0,0.4011819212409755,0.0,0.0,0.0,0.0,1.0,,,,0.19006326769067228
B001404,586.3100828620056,1.8265111615638805,11.264262070339386,2.9300488367121877,0.0,0.4835300432514998,0.4296554685924442,20.192148444408737,0.7524000934294751,0.3609105053859912,0.03771079962453819,0.4015190578920562,0.0,0.27397070523181993,1.6493195603302253,0.9443369526260018,0.9443369526260018,0.0,0.0,0.0,0.055663047373998166,0.0,0.3,0.3,0.3,1.0,,,,0.32152411226147926
B001405,28540.868293410826,6.234353056664663,18.368041952620995,11.1380986867386,0.0,0.3788045207391342,0.012167265925253625,0.22454927149857035,1.5147186115540876,0.4112979472643342,1.3573923477582996,1.6094481568873376,0.9699033278490643,0.37159266535153873,1.8713540834613203,0.9888722547500916,0.7307142482562499,0.2581580064938417,0.0,0.0,0.011127745249908422,0.0,0.0,0.0,0.0,1.0,,,,0.19106616983379643
B001406,7157.264461774237,13.453504627395182,20.65544341725584,21.206850388761495,0.0,0.36500000000000005,0.01692646486038012,0.37746016638647667,3.8664513640462204,0.0,3.538866823707593,3.965817136416002,1.7409555181962764,0.3414137850290921,2.324637278481626,0.7109971874448123,0.7109971874448123,0.0,0.0,0.0,0.2890028125551876,0.0,0.0,0.0,0.0,1.0,0.2851462572179428,0.24157413851752652,,0.18847355270950683
B001407,7743.450009783853,6.39426094944992,10.542433524358085,9.722505577179506,0.0,0.5036194539212635,1.3102810609175948,47.39398651383321,1.8160283640331107,1.9990006044187312,0.2070973036185019,0.42689127102964525,0.7987694795951086,1.1464739267548216,2.576237453131701,0.6912309226399366,0.3786067397637749,0.3126241828761617,0.03238799687027441,0.0,0.276381080489789,0.0,0.2,0.2,0.2,0.98,0.4560308552592621,,,0.2770151739533745
B001408,2716.893392861923,3.5468582152244426,8.659748213936084,1.0609628938697584,0.0,0.40469898615019734,0.0149742199091625,0.2696940095555921,2.5040750180607936,0.29483405860726175,0.0,0.23314558665097565,0.0,0.5148035519054119,3.281352066621983,0.1773421486985833,0.1773421486985833,0.0,0.06573298747895463,0.0,0.7569248638224619,0.0,0.0,0.0,0.0,1.0,,0.3204441626284453,0.8426540182594885,0.19106616983379643
B001409,2470.5068562606816,6.518487747389662,21.348484656117744,7.7432604339800335,0.0,0.18599995278371792,0.01679546798872371,0.5316786391556722,1.4243903226566368,0.7368220984266382,1.418190931457667,0.1737209116297562,2.5266055277494086,0.2387579554695551,1.9953794001994551,0.7779912660804573,0.6383050312753029,0.13968623480515444,0.0,0.0,0.22200873391954265,0.0,0.0,0.0,0.0,1.0,,0.5085059173473889,,0.19106616983379643
B001410,4007.152382890743,1.0419012956034173,6.507236676101474,1.1517705097241246,0.7947838730402144,0.365,0.27057678755798914,12.541546351356816,0.6640778351259864,0.0,0.008231136566665666,0.2172696505152464,0.0,0.15232267339551872,2.2746189859934702,0.6780855739834755,0.6701854623304818,0.00790011165299358,0.0,0.0,0.3219144260165244,0.0,0.0,0.0,0.0,0.6,,,,0.19006326769067228
B001411,6940.833381098509,6.051293270356154,10.57107675081523,7.808306075013805,0.0,0.20848049715768835,1.5748082396906595,104.77731993270218,0.9566307991497958,0.9579412139001652,0.6279452249537196,0.9577697331095966,1.8243286943345167,0.7266776049083595,2.391283768876173,0.8416044598118342,0.2780530038124638,0.5635514559993703,0.0,0.0,0.15839554018816587,0.0,0.0,0.0,0.98,0.98,0.3421466187465808,0.34701992688414424,0.33235669588265665,0.1887933662721779
B001412,28288.216834643576,9.196429400079186,15.0525475629152,5.534131252918612,0.0,0.3944394739982067,0.008242469118416505,0.18380706134068808,5.931607498821408,0.4779042784940182,2.1027568241227104,0.0,0.0,0.684160798641051,1.7383644600915396,0.9704321720959862,0.7417829069687395,0.22864926512724654,0.0,0.0,0.029567827904013896,0.0,0.0,0.0,0.0,0.9,0.25925819040302883,0.22531622892115585,,0.18847355270950683
B001413,547621.6018146882,119.20365733885245,340.3505494468317,215.86985298922312,0.0,0.3651091634636161,0.027689646674891454,1.5646155553845469,6.046985817679762,0.0,0.053346288127818185,0.8526944470725368,111.65083683546813,0.5997939505041938,2.706589331297665,0.010089585463852673,0.010089585463852673,0.0,0.9366393559392693,0.0,0.053271058596877786,0.0,0.0,0.0,0.0,0.5,,0.28614152472056725,0.18576447626497178,0.191088296168766
B001414,13823.795000748225,4.729317482294979,9.45936728776538,6.934607690362641,0.0,0.18134805206877833,1.4149122130094958,66.39743537277943,1.7654174771708029,0.3580531329827529,0.0,1.3202428889438718,0.8793688421444495,0.40623514105310143,2.475163046305764,0.6114990261908856,0.14639772154746722,0.4651013046434183,0.0,0.0,0.3885009738091143,0.0,0.0,0.0,0.0,1.0,1.0987631163716083,,,0.191088296168766
B001415,20062.399627060222,6.861285782168339,11.354707160108255,4.210999864403783,0.0,0.24,0.008438481004238989,0.48176958990161817,3.2222653901817337,0.0,0.0,0.0,2.825580909014939,0.8134394829716662,2.379628035313577,0.6127462413712621,0.6127462413712621,0.0,0.0,0.0,0.38725375862873784,0.0,0.5,0.5,0.5,1.0,0.2722954424511156,,,0.40484810018049977
B001416,19766.05060908682,4.916928012210652,18.53323472008135,6.0972081765442585,0.0,0.3354473278336769,0.015286359896197248,0.4522966784246198,1.1907237535190207,1.6327265053856388,0.8855346414097774,0.3052005340108887,0.6536620599791454,0.24908051790617924,2.01405446635281,0.7578317700478856,0.5628192354716616,0.195012534576224,0.0,0.0,0.24216822995211418,0.0,0.0,0.0,0.0,1.0,0.8757329447002781,,,0.19106616983379643
B001417,9353.404842312295,3.714616696708616,7.736755710360104,3.014039237312793,0.0,0.3326288443463502,1.7657419957480864,63.89697666923467,1.7447816135360614,0.420497766349191,0.7649674624590481,0.30184054795762194,0.0,0.48252930640669367,2.057544848305701,0.7771138378873764,0.7771138378873764,0.0,0.1944583716933298,0.0,0.028427790419293775,0.0,0.0,0.0,0.0,0.98,0.30856953188187186,0.3517536545189085,,0.1887933662721779
B001418,5271.4795415634235,4.694104667465203,9.397210168494379,5.889963162287411,0.0,0.3829532502916844,0.010116662128590637,0.2256015654675712,1.248970633159338,0.557559182359831,0.0,0.4581627309973179,2.0172739215223516,0.41213819942636487,2.90814076446282,0.30068034708010316,0.08429788752458706,0.21638245955551616,0.4297462592822139,0.0,0.2695733936376829,0.0,1.0,1.0,1.0,1.0,0.27304170551201584,,,0.6084446516532538
B001419,1261.359482231922,3.2593268274726666,16.562920522620704,4.190616437892059,0.28770148972268594,0.021000000000000005,0.3988345469135572,14.43781059827077,0.5493510387833038,0.3064546173377535,0.0,0.47241265094503004,0.6114330587605946,1.3196754616459854,2.162543046760966,0.8188355594846225,0.6312406691511763,0.1875948903334464,0.0,0.0,0.18116444051537758,0.0,0.3,0.3,0.3,1.0,0.5068144127474378,,,0.32152411226147926
B001420,130641.66917989006,50.833334311241266,128.81512874243583,335.0341605572379,0.0,0.8074330837163122,0.02908198084302976,1.1673707588712574,6.471126186063619,0.3435357730929291,0.10993418112374459,42.87010307324637,0.19133010652372423,0.8473049911908842,1.9427992427479552,0.868945187808298,0.866782548221238,0.0021626395870599775,0.0,0.0,0.13105481219170198,0.0,0.0,0.0,0.0,0.5,0.2499142513275654,,,0.191088296168766
B001421,8720.315426784542,5.5649747458739895,10.37118610667417,10.34761919861187,0.0,0.365,2.116411628869987,76.72343190279634,1.5777914198872984,0.0,0.7647451004838737,2.737856208798911,0.0,0.48458201670390605,2.14873701071538,0.8889239704300551,0.3969439824114525,0.4919799880186025,0.0,0.0,0.11107602956994489,0.0,0.28,0.28,0.28,0.7,0.44811488780541997,,,0.3116940136216534
B001422,1096.101343618292,3.0112674275227804,6.521815761402367,3.2978760726161296,0.0,0.3101016326613619,1.2364754230031212,44.74066802139357,0.751251460886274,0.0,0.0,0.41790496635694374,0.9815258281679087,0.8605851721116551,2.2615928342376526,0.6841524328136901,0.6841524328136901,0.0,0.0,0.0,0.3158475671863102,0.0,0.0,0.0,0.98,0.98,0.20722274828406503,,,0.1887933662721779
B001423,1890.2100255718078,5.625625076106571,9.550163819105881,2.8732941508840324,0.0,0.45649273152060266,0.01556455971046478,0.34708968154336456,3.555356279040178,0.2032566445856906,0.0,0.8946047240805939,0.0,0.9724074284001079,3.057931865820757,0.3680068915113697,0.20898372306735055,0.15902316844401926,0.0,0.0,0.6319931084886301,0.0,,,,1.0,0.21330950010955535,,,0.18847355270950683
B001424,30227.939169514753,6.198060112674749,17.308798262158227,5.977343176884137,0.0,0.39959212180716247,0.019071439289636127,0.2776921086377134,1.9536095170890229,0.5640433996752503,0.9909610540182823,0.5826368726897738,0.0,2.1068092692024196,1.9152359843623594,1.0,0.9059968986912037,0.09400310130879629,0.0,0.0,0.0,0.0,0.0,0.0,0.0,1.0,0.12535491564872817,0.26493184426358507,,0.19106616983379643
B001425,6627.260545987231,2.0217390317227673,10.70108418354249,2.334223936437109,0.0,0.2845000965257753,0.28010163596887727,10.108395973195535,0.4306691159128656,0.9358710882533033,0.07280188657666894,0.0,0.43876035660537277,0.14363658437455615,2.6053556783189933,0.7869808569972141,0.5699595947468159,0.2170212622503982,0.0,0.0,0.21301914300278568,0.0,0.5,0.5,1.0,0.5,0.5808979266444471,,,0.40649680945047806
B001426,7952.052453074966,2.9638659907100133,8.636597771142064,2.1410025586636987,0.0,0.34176953157754264,0.9693714652175878,35.0090372730603,1.2082786173872313,0.7217131824707209,0.024421137827664266,0.25680786317094545,0.20499883920544443,0.5476463506480072,2.8999483922401694,0.5231641845405717,0.5149245617289431,0.008239622811628546,0.06916602837240142,0.0,0.4076697870870269,0.0,0.0,0.0,0.0,1.0,,,,0.191088296168766
B001427,5894.227854981889,5.314903385916943,9.307055666479112,6.304270318758741,0.0,0.2862810443754551,1.589054330727057,57.49082371167835,0.9653344754565546,0.7416721760738569,1.085057311958675,0.5843788144856229,1.2911244365411592,0.6473361714010737,2.519393605029333,0.45372980407775393,0.21080451592250923,0.24292528815524472,0.34369947210571533,0.0,0.2025707238165307,0.0,0.0,0.0,0.98,0.98,0.34257221109939245,,,0.1887933662721779
B001428,898.0714529428242,2.267857204401071,13.448686029477923,3.9423471325667756,0.0,0.24105439301036183,0.33707374369480364,12.167878269682026,0.4600395089073546,0.7079389179001603,0.047385509412255666,0.6298705728571354,0.21813993557580047,0.2044827597483646,2.4116791509136863,0.7971479385851153,0.7009602530674948,0.09618768551762061,0.0,0.0,0.20285206141488463,0.0,0.3,0.3,0.3,1.0,0.5548730594835788,,,0.32152411226147926
B001429,2055067.7304905448,1306.46391003849,5766.247387697,5681.699503012261,0.0,0.33302330957773124,0.330266289962402,11.759252036329999,0.48548120351531293,0.5270579709481673,0.0477529205859539,1304.6365790242796,0.48055826165915955,0.2864806575018692,1.6677148936955315,0.9996284006012067,0.9992240180704794,0.0004043825307271969,0.0,0.0,0.0003715993987931975,0.0,0.5,0.5,1.0,0.5,0.9694691670791595,,,0.40649680945047806
B001430,4023.57481616261,5.171689995067623,9.345564421776954,8.087679821103588,0.04111209985846234,0.3392793699268363,1.4854427459444217,69.61634090374473,1.8506636837342978,0.0,0.16145128314764293,1.497607166166612,0.6128192668099904,1.04914859520908,2.7222141435321885,0.6421549463522903,0.5236599732594615,0.11849497309282891,0.0,0.0,0.3578450536477099,0.0,0.0,0.0,0.0,1.0,0.4192228213510803,0.33694605603985855,0.22542742535769822,0.191088296168766
B001431,3237.6790653563535,5.213653889462727,9.138863818138745,7.730242132445308,0.0,0.4417460033420209,1.6475489148443463,59.82032627950955,2.132727488345723,0.468438845079574,0.684495130826221,0.8119461008230308,0.4872149689204201,0.6288313554677596,2.6967536699312538,0.49126048158162516,0.20423697304499272,0.2870235085366324,0.09344981067982404,0.0,0.4152897077385511,0.0,0.0,0.0,0.0,0.98,,,,0.1887933662721779
B001432,982.5624723809556,1.8931839544912439,9.372861942871152,3.565879061548795,0.0,0.365,0.6005224877759238,39.842544996273304,0.32889889241401943,0.2980177148585067,0.0,1.0830182835632707,0.0,0.18324906365544716,2.3184739570508426,0.8228636970714989,0.6654475547301736,0.15741614234132525,0.0,0.0,0.17713630292850113,0.0,0.0,0.0,1.0,1.0,0.733257406803846,,,0.19006326769067228
B001433,486.3136338703132,1.2533856543049309,6.038124384555048,0.15335186730694841,0.0,0.365,0.6284750184954457,29.489151653298386,0.7840838794817622,0.0,0.0,0.08096978593806876,0.0,0.38833198888510007,3.1889639188637653,0.3744272748066689,0.30982641898869573,0.06460085581797315,0.0,0.0,0.6255727251933312,0.0,0.0,0.0,0.0,1.0,,,,0.19006326769067228
B001434,10256.568641559274,2.5946290517478556,6.62777267902697,3.407731598316993,0.0,0.47,0.9859898454413455,35.737231049939574,1.2269374761813243,0.0,0.0,0.9574755718264477,0.0,0.41021600374008343,2.493918353864886,0.5185700319794342,0.5185700319794342,0.0,0.0,0.0,0.48142996802056587,0.0,0.0,0.0,0.0,1.0,,,,0.191088296168766
B001435,8786.06303204951,3.787096134504099,6.328495505336544,7.50333230290797,0.44864257809357755,0.33159839716711415,1.65264745390911,59.777100160867484,1.0054290126810221,0.9323579267056297,0.5273587236133965,0.48284417642841504,0.2527878060299639,0.5863184890456713,2.309364006264302,0.6624487105954356,0.5231972353533234,0.13925147524211226,0.0,0.0,0.33755128940456425,0.0,0.0,0.0,0.98,0.98,0.35561559558987726,,,0.1887933662721779
B001436,7996.524255958182,1.9479961646670358,8.487876518945036,1.8956951610570065,0.0,0.34768836356095234,1.479840482902447,53.59263637730172,0.596377286572911,0.7531903121916949,0.06371052651557546,0.0,0.2250216709083749,0.3096963684784799,1.8729898379494865,0.9843557973176565,0.9843557973176565,0.0,0.0,0.0,0.01564420268234349,0.0,0.0,0.0,0.0,1.0,0.552956022533913,,,0.19006326769067228
B001437,55846.441800427994,11.950875626027818,31.772765779384436,2.3488165682284965,0.06284002016856095,0.39098801620383844,0.052809641426789664,2.3977530728981375,10.295661639078059,0.43087974620517216,0.021102200950858793,0.38094067297605216,0.02557907761531515,0.7967122892023614,3.4486955777271557,0.13850148212946575,0.10068149627239105,0.03781998585707471,0.0,0.0,0.8614985178705343,0.0,0.0,0.0,0.0,1.0,0.09425765060584944,,,0.191088296168766
B001438,29558.235761220727,10.227763239176722,23.03005976764469,8.886816694942473,0.0,0.021,0.02984700895224238,1.3159616411802504,7.286340340963329,0.0,0.0,2.1192065240325233,0.3220993824058027,0.5001169917750654,3.1073557377932377,0.25485291512779235,0.04765154817445371,0.20720136695333863,0.03149265141101662,0.0,0.713654433461191,0.0,0.0,0.0,0.0,0.92,0.2828423576800089,,,0.191088296168766
B001439,10441.810691890505,8.20897066972524,12.678621773148778,5.200198759058584,0.0,0.17201291387546386,0.026021967029062853,0.4937749925943859,4.408901352257425,0.0,1.2053398382381981,0.0,2.030481276808968,0.5642482024206492,1.8438840749337841,1.0,1.0,0.0,0.0,0.0,0.0,0.0,0.0,0.0,0.0,1.0,,,,0.18847355270950683
B001440,11868.235026796514,5.571941327134514,8.595415960900196,7.707369058902825,0.0,0.4257812151845136,1.3164946484103872,47.613529302776094,2.3471761649849925,0.7969502658928937,1.1460422591261654,0.6376415271779169,0.0,0.6441311099525456,2.374242215113853,0.546601822726752,0.5247109614140419,0.021890861312709963,0.14302919200025782,0.0,0.3103689852729904,0.0,0.28,0.28,0.28,0.7,0.30545443011806483,,,0.3116940136216534
B001441,2105.294173443906,1.8024778882225223,9.436183223291483,2.2782398141148956,0.05775694228328355,0.335244586740831,0.3161169702251931,11.351648552971293,0.8577505572334941,0.27536313053743106,0.03942484094997964,0.3946038044636974,0.0,0.23533555503791947,2.9377585640561183,0.28740678902751343,0.1346375748603566,0.15276921416715683,0.2189229654588596,0.0,0.4936702455136267,0.0,0.0,0.0,0.0,0.6,0.6428602210853408,,,0.19006326769067228
B001442,17030.641755946643,6.806811253375956,16.01953737052864,8.185690461402919,0.0,0.21087185539985887,0.030629329847868054,0.6654755072672834,2.3558324613268407,1.9075290396563767,1.1151309678618253,0.6265356005460276,0.0,0.8017831839848856,1.427803603403337,1.0,0.9079546094016802,0.09204539059831965,0.0,0.0,0.0,0.0,0.0,0.0,0.0,1.0,0.43801955475223947,,,0.19106616983379643
B001443,3445.3334107509413,1.4051115052002208,10.55116565032891,3.205902399182462,0.0,0.4404746513027196,0.1884613765446651,6.801253456365577,0.28976801274102854,0.24420085266873381,0.027880061260596813,0.6233312872135478,0.0,0.21993129131631395,2.1834632936049156,0.7937757881359471,0.7937757881359471,0.0,0.0,0.0,0.20622421186405288,0.0,,,,0.5,0.977684497370876,,,0.19006326769067228
B001444,3082.019084314381,6.818626292730931,9.963913039911668,8.07160522113785,0.0,0.1846231229542572,1.3460215460047305,48.68466730533245,2.3176308406583015,0.8355046918814073,1.4032226061031166,1.5141803367770756,0.0,0.7480878173110304,2.6644903630239565,0.3121377185350621,0.3121377185350621,0.0,0.34459800666351076,0.0,0.34326427480142724,0.0,0.28,0.28,0.28,0.7,0.31723951047179705,0.4053954833424028,,0.3116940136216534
B001445,1190.2632328950854,3.6623484089079548,9.511029254045932,2.8340057551924955,0.0,0.6013063631047745,0.010422001611754713,0.23241063594213007,2.3806602666444774,0.6999626578440247,0.0,0.0,0.1930648196115426,0.38866066480790945,3.1691066627194555,0.33363290857679806,0.33363290857679806,0.0,0.0,0.0,0.6663670914232017,0.0,0.0,0.0,0.0,1.0,0.24214426258235042,0.4352558544592191,0.1745132500454122,0.19106616983379643
B001446,13018.018476516098,4.817919495379755,8.026085344807202,7.334934680832647,0.0,0.4619592227200619,1.6547768972749315,110.15401713882054,1.0471767904668714,0.70146866741015,0.9612785007348562,0.3096462212808046,0.6116203723943698,1.186728943092701,2.5111391244365,0.46615252502507715,0.4018828290333226,0.06426969599175461,0.3451172585468754,0.0,0.18873021642804697,0.0,0.0,0.0,0.9799999999999999,0.98,0.22745126894598894,,,0.1887933662721779
B001447,8391.407705004025,4.321013236356347,9.769445470142953,2.6522608635301075,0.0,0.28275157733187606,0.01035546120357452,0.23092678483971182,2.244391397386686,0.4789523287782428,1.1709984549396855,0.0,0.0,0.4266710552517327,1.7078648073823681,0.9784334640218697,0.9784334640218697,0.0,0.0,0.0,0.021566535978130474,0.0,0.0,0.0,0.0,1.0,,0.2133772377869819,0.2206713996905649,0.18847355270950683
B001448,5387.778960515636,3.237847933002185,6.43754101452246,5.615276855175472,0.2848830453132775,0.29003629235623163,1.5538898504052154,56.25963796510741,0.8496999028052372,0.0,0.46524452219252965,0.7234705775118577,0.7582922183864729,0.4411407121060877,1.7946712655328467,0.9383034762085121,0.5604176811074062,0.37788579510110576,0.0,0.0,0.06169652379148799,0.0,0.0,0.0,0.9800000000000001,0.98,0.27071944127614606,,,0.1887933662721779
B001449,1991.890263461803,5.858500774887656,11.19373461959855,10.985882515422354,0.0,0.4308859241423585,0.015085980204710648,0.438691404924815,1.3341643707465112,0.3683974337909224,1.0136013747667956,2.2040850882886875,0.0,0.9382525072947389,2.1047099873979644,0.7224379397670978,0.7224379397670978,0.0,0.0,0.0,0.27756206023290225,0.0,1.0,1.0,1.0,1.0,0.23713696406406695,,,0.6084446516532538
B001450,672.102042826715,1.684466272748659,10.625686923245542,1.9688754127393686,0.0,0.36499999999999994,0.27567602032001604,9.920605929981912,0.750060339429614,0.0,0.05078174874788861,0.6803201512810727,0.0,0.2033040332900843,2.695493928214375,0.551767579555517,0.11774173299702698,0.4340258465584901,0.0,0.0,0.4482324204444832,0.0,0.0,0.0,0.0,0.6,0.7528478405314797,0.35701694657422484,,0.19006326769067228
B001451,8509.485842698086,2.1735596022217334,12.06651077830608,2.7378057267058167,0.0,0.3687875560374318,0.5412153691020674,19.452558499326514,0.6706722698240649,0.28961928213249316,0.02012158335297522,0.6497846938283033,0.17901028743742511,0.3643514856464716,2.7277492867620134,0.6914405893730597,0.24998705925914894,0.44145353011391064,0.0,0.0,0.3085594106269403,0.0,0.0,0.0,0.0,1.0,0.6628261175573206,,,0.19006326769067228
B001452,2691.9806265854913,6.902514427142285,18.606774001112907,9.70099755695909,0.0,0.31991615679811847,0.012634658904619926,0.2733514080506855,2.065968943797985,0.3837032780681858,1.2573224073646612,0.8339211179670727,1.76736612340935,0.5942325565350297,1.7306097405839225,0.96958337590314,0.8487692687007122,0.12081410720242781,0.0,0.0,0.0304166240968599,0.0,0.0,0.0,0.0,1.0,0.19204479781201192,,,0.19106616983379643
B001453,13272.216246041997,7.4941932501648765,16.77597857494229,8.824183691681185,0.0,0.34502694895584035,0.011189276937697811,0.24381826080307206,2.8521533566223303,0.27466311485029493,0.0,0.6647028132453444,2.9303268784253738,0.772347087021535,1.3183067219441795,0.9966145295842973,0.9079188166427182,0.08869571294157921,0.0,0.0,0.003385470415702712,0.0,0.0,0.0,0.0,1.0,0.24885598414520702,,,0.18847355270950683
B001454,3611.5728151130334,1.5861101515647928,8.950820423208727,3.5617473015010734,0.0,0.4480035455199469,0.2912903738199726,19.195578503207265,0.44462194113890086,0.0,0.04684895434974473,0.6153237723903787,0.24235392627363264,0.23696155741213581,1.9300315658549605,0.8463967320016075,0.8055880035743623,0.040808728427245054,0.0,0.0,0.15360326799839252,0.0,0.5,0.5,1.0,0.5,0.5204583063312297,0.3521660179472507,,0.40649680945047806
B001455,10660.633713156089,13.16127618908159,24.24764539760314,6.583126884392838,0.0,0.2979261193046271,0.044151697626638245,1.3104006968409818,9.957660770025596,0.5026301139388958,0.0,1.8925467142557446,0.24611479938315245,0.5623237914782013,2.2270078808516516,0.7543471165801271,0.6105505206371156,0.14379659594301156,0.05688999323205424,0.0,0.1887628901878187,0.0,0.0,0.0,0.0,0.5,0.209886776032084,0.1636358322414859,,0.191088296168766
B001456,1524.8211203903825,3.1701062793978845,10.149793617636758,2.405329550598138,0.0,0.365,0.016917778272948367,0.5336422472163143,1.542255684116018,0.0,1.075773921505478,0.1942400812103387,0.0,0.35783659256604894,3.0024237104213656,0.5135003220116179,0.11287842142441191,0.400621900587206,0.0,0.0,0.48649967798838184,0.0,0.0,0.0,0.0,0.95,,0.4306973942376114,0.7996599202330367,0.19106616983379643
B001457,6403.364252213526,2.768423801216397,11.134451232725613,5.63528017739521,0.0,0.30957427043072777,0.33374914856447613,12.109071975032744,0.5131546277898403,0.8148990616093622,0.0,0.8899176310441108,0.22997588828197976,0.3204765924911036,2.2921395144065095,0.814640147377591,0.814640147377591,0.0,0.0,0.0,0.18535985262240887,0.0,0.5,0.5,1.0,,,,,0.40649680945047806
B001458,23952.93917430997,6.411386288626866,11.317313291784547,6.147861779628159,0.0,0.2581295310355186,1.5992390801287186,57.79799973396331,2.0867851265632167,0.43464579371104134,1.3182404396935195,0.3419412997962581,1.4549579096582168,0.7748157192046142,2.4380450908512015,0.6090191115842991,0.6090191115842991,0.0,0.053333442160992,0.0,0.3376474462547091,0.0,,0.0,,0.98,0.36240117115207676,0.33043758417926755,,0.1887933662721779
B001459,1397.5283171437227,3.8820231031770076,8.087482099589751,7.575566727640918,0.5263932224321214,0.37536655834123445,1.3442514660648546,48.65809056483925,1.758141582835282,0.4438730493955392,0.6405617338005367,0.2682235805162872,0.26125876362365247,0.5099643930057116,2.735687396786239,0.5265602916039515,0.36155309902019084,0.16500719258376068,0.0,0.0,0.47343970839604893,0.0,0.0,0.0,0.0,0.98,0.3642360539934567,,,0.1887933662721779
B001460,590.2948044987719,1.756829775293964,12.20536943668602,3.3551890863486022,0.0,0.3761942555974737,0.33294802300581194,11.985971445364365,0.2906189592160853,0.496502796532653,0.026738510942356547,0.6794711189954249,0.0,0.2634983896074444,1.5497370163315083,0.9953466376192934,0.9953466376192934,0.0,0.0,0.0,0.004653362380706583,0.0,0.0,0.0,0.0,1.0,0.6133110287267363,,,0.19006326769067228
B001461,1223.5703325273855,1.5973503035605554,8.998305705104295,3.841291503725659,0.0,0.4513342154073983,0.4897921821939836,17.730476995422208,0.269385700206691,0.35637015852922865,0.060253018338325505,0.5729408138418307,0.17516184483128344,0.16323876781319557,2.2870164299957323,0.6049517310787083,0.6049517310787083,0.0,0.22310081748184216,0.0,0.1719474514394491,0.0,0.0,0.0,1.0,1.0,0.9742768487249458,0.328242700028309,0.24146482327644475,0.19006326769067228
B001462,24599.402808219966,9.519892727639306,14.73090985375574,15.978434116099436,0.0,0.5143097245379714,0.017329971025132656,0.3304939475206842,3.746721174405615,0.18154752702902469,1.3938723383258145,1.6697726987523185,1.2859520108200335,1.2420269783065008,1.8269202357852408,0.9921229725485927,0.6703078928278532,0.32181507972073964,0.0,0.0,0.007877027451407196,0.0,0.0,0.0,0.0,1.0,,,,0.18847355270950683
B001463,10838.447978096632,2.290458152598612,11.644463871359207,3.6370322996592455,0.0,0.37527344202653856,0.7159274571607448,25.961426399730662,0.6283704784419822,0.7950270214740361,0.038972299864179265,0.40272296217124387,0.0,0.4253653906471705,2.2152398848856274,0.6528960720928049,0.477069693551752,0.17582637854105274,0.3471039279071952,0.0,0.0,0.0,0.5,0.5,1.0,0.5,0.4141857220811204,0.32353741102941264,,0.40649680945047806
B001464,19685.441621150145,6.182613574481829,10.685294614276629,7.408897457834256,0.0,0.315840065460694,1.631178603505996,58.98611729204257,2.130828529029276,1.0548798876500511,1.5605005093151667,0.9039439417937982,0.0,0.5324607066935392,2.348758911394096,0.6345445466703278,0.2891688253529672,0.34537572131736066,0.0,0.0,0.3654554533296724,0.0,0.0,0.0,0.0,0.98,0.1763013136146987,0.3983028464840398,,0.1887933662721779
B001465,11154.512529205662,14.083980466168764,18.231527510201772,10.7050160904561,0.0,0.3243875455657045,0.015118408662830197,0.05323164269182982,6.946099236313757,1.2558586285054867,2.333775458934914,0.44472898573156133,2.115247405640562,0.9882707510424805,2.9920641551222724,0.32504339589787845,0.07016984675720142,0.25487354914067706,0.18176511942213083,0.0,0.49319148467999047,0.0,0.0,0.0,0.0,1.0,0.26598211439912245,,,0.18847355270950683
B001466,50534.319535338465,14.0921136462182,21.822786796995825,25.515677645368044,0.0,0.4214645850594242,0.02184343951718962,0.951041408970787,3.882107176858284,0.6764760290734084,1.4752590139256807,4.110383345374067,3.136732867017168,0.8111552139695932,2.2080129896316927,0.7245191690672961,0.6198323171895737,0.1046868518777228,0.0,0.0,0.27548083093270376,0.0,0.5,0.5,0.5,0.5,0.2314117954148651,0.2834472437033321,0.5542633377101419,0.40484810018049977
B001467,7165.094764198748,1.5699155925062989,8.527265999056835,2.438577795248514,0.31989541613293393,0.5061651316160042,0.5168924202527576,24.2885128512653,0.6376297431060929,0.0,0.016310768987793448,0.4723372652961249,0.11201644299732598,0.33162137211896175,2.9513792564427304,0.29297663281998115,0.2825870494145741,0.010389583405407197,0.3008679368182209,0.0,0.406155430361798,0.0,0.0,0.0,0.0,1.0,,,,0.19006326769067228
B001468,4396.3304340306595,9.274958721583669,30.044835879433965,2.1608688906897005,0.0,0.2794409367792196,0.0701934436835975,3.163225930189799,7.591713178088902,0.5548660100178482,0.03816311137769907,0.40038628042707697,0.21690897143277135,0.47292117023937225,1.1454084157910775,0.9766134839039226,0.972498844418909,0.004114639485013561,0.023386516096077548,0.0,0.0,0.0,0.0,0.0,0.0,1.0,,,,0.191088296168766
B001469,4910.8359084005015,4.119828782215186,14.43078929130363,10.214477796412748,0.07332857472113241,0.4969449020909014,0.056014187866458696,1.1156828550479119,1.2971112261904771,1.1429177727158029,0.0,1.2187228022543715,0.0,0.46107698105453504,2.179890320658027,0.6851540938327456,0.6851540938327456,0.0,0.0,0.0,0.31484590616725455,0.0,,,,1.0,1.026971993621466,,,0.19106616983379643
B001470,5307.458299237449,5.3937584341844,8.477990870373933,6.971966443397109,0.0,0.5145165126792836,1.8116757823473846,65.5176863411777,2.1678495807090097,0.7054899856789354,1.0005076584615995,0.5316777243448488,0.0,0.9882334849900034,2.1408770818475302,0.6843516476230174,0.6843516476230174,0.0,0.18549359795585438,0.0,0.13015475442112767,0.0,0.2,0.2,0.2,0.98,0.48867455181731334,,,0.2770151739533745
B001471,3153.5207947009494,2.362187861199213,11.74352146840508,3.4983805154033942,0.0,0.23296274405439896,0.4010805677462523,18.84924098391269,0.5524446872325628,0.42027195437657183,0.0,0.27171688457753274,0.6844378094151295,0.43331652559741707,2.533372732537621,0.7661300795305492,0.2984662743195307,0.4676638052110185,0.0,0.0,0.2338699204694511,0.0,0.3,0.3,0.3,1.0,0.37564353391546973,,,0.32152411226147926
B001472,1595.8537443213745,1.807308883716166,9.071999322837806,3.9424885121649527,0.0,0.4502043764175967,0.45790829261885935,16.546463702514714,0.3564170671936051,0.330516553327063,0.0,0.8987629223930456,0.0,0.22161234080245165,2.2782553019871243,0.8534707527172529,0.3561772737270865,0.497293478990166,0.0,0.0,0.14652924728274702,0.0,0.0,0.5,0.5,0.5,0.38376888562377226,0.3431949514495636,0.5588654423285214,0.19006326769067228
B001473,38778.60645475545,8.66173921258777,14.908472771278413,5.397093612108683,0.0,0.20434999843525453,0.01141561162122301,0.3439666759847934,5.068453723888715,0.7199641121325843,0.0,0.3570396212514995,2.0005167452066273,0.5157650101083449,2.841358549061978,0.41484572561098043,0.41484572561098043,0.0,0.0,0.0,0.5851542743890196,0.0,0.0,0.0,0.0,1.0,0.17079294583380436,0.22521224434652518,,0.18847355270950683
B001474,8660.337713489862,11.088780683085611,31.508361224380117,3.2195580865923827,0.0,0.45185556703522034,0.04652321757847292,2.1586772956411435,9.304643515694583,0.0,0.04622191878654864,0.8036507911083062,0.14850408541438195,0.78576037208179,3.402280122972681,0.13515392235961338,0.13515392235961338,0.0,0.0,0.0,0.8648460776403866,0.0,0.0,0.0,0.0,1.0,,0.30491135671115593,0.21457158537196147,0.191088296168766
B001475,8654.89904210312,4.550420106258212,9.718691278121165,4.779651704398095,0.0,0.16984153029448096,1.0599658826236675,38.38327118369673,1.4722318262705614,1.0273419911189672,0.0,0.783020878995323,0.7099903733141966,0.5578350365591642,2.899772781639627,0.288823385826013,0.11674677296153678,0.1720766128644762,0.3817960372590221,0.0,0.329380576914965,0.0,0.2,0.2,0.2,0.98,,0.3911284636674796,,0.2770151739533745
B001476,1989.9985248861092,6.218745390269091,8.399516277589052,4.9988297905135415,0.0,0.24000000000000002,0.029122093595624336,0.4965080612072348,4.456796874839688,0.9498570862446716,0.0,0.0,0.0,0.8120914291847325,3.246963785660336,0.2765919229521615,0.2765919229521615,0.0,0.0,0.0,0.7234080770478386,0.0,0.0,0.0,0.0,1.0,0.19368272961503505,,,0.18847355270950683
B001477,12058.681388613366,4.486116588025806,6.258865405998431,6.290298197374046,0.0,0.0,0.019374443294018877,0.8002368289173105,1.6850392295287944,0.0,0.0,1.444755689972871,0.0,1.3563216685241393,1.9114962717834385,0.9675465901416482,0.9675465901416482,0.0,0.0,0.0,0.03245340985835162,0.0,1.0,1.0,1.0,1.0,,,,0.6084446516532538
B001478,6476.472828842209,5.483888932127188,9.887081368809602,7.103286683320155,0.0,0.425063551439137,1.2546575441456616,45.41818520035136,1.7551704307033849,0.6157418247887233,1.5410449172920546,0.5872718139080464,0.0,0.9846599454349796,2.535472661714403,0.6551210882385144,0.3741079356445784,0.28101315259393606,0.0,0.0,0.3448789117614857,0.0,0.2,0.2,0.2,0.98,0.33042801601009,,,0.2770151739533745
B001479,4126.676042695743,11.004469447188647,21.751045413175955,2.344788139259623,0.0,0.39458366502815934,0.03851763277598022,1.667695016214761,9.34231179152727,0.37210188164275304,0.0,0.5338110748532,0.0968779609508559,0.6593667382145691,2.9101647242604507,0.4000087623368161,0.3515001924857203,0.0485085698510958,0.0,0.0,0.599991237663184,0.0,0.0,0.0,0.0,0.5,0.13092452769428328,,,0.191088296168766
B001480,10753.749317994698,2.5844146402294395,12.846819903384144,4.968241715186279,0.0,0.34680676365346497,1.053591531554454,38.14001344227123,0.40434093296890883,1.0642477521676517,0.0,0.5269710842103956,0.2303788175628761,0.35847605331960747,1.9066702198115917,0.9437599682099149,0.7398565093734444,0.20390345883647065,0.0,0.0,0.056240031790084986,0.0,0.0,0.0,1.0,1.0,0.4187591830715853,0.3292709682073983,0.8313021454473506,0.19006326769067228
B001481,2271.5261493026883,6.240456454128265,11.358922209507975,10.740808757433365,0.0,0.45534517980501454,1.2583779715951227,45.45068819027708,1.7555961227622785,0.14781654421629783,0.7984641339558384,1.823027104225511,0.7883635885571327,0.9271889604112067,2.296939561939426,0.6747308201633732,0.4871098019535015,0.18762101820987168,0.0,0.0,0.32526917983662695,0.0,0.2,0.2,0.2,0.98,,,,0.2770151739533745
B001482,191072.44723191188,618.3574344074818,1193.4150281383106,922.1167796289662,0.0,0.2402552051642338,1.0385550840143676,37.6749342242829,1.7833618542538574,0.0,0.0,1.7369300587915713,614.1589803174179,0.6781621770184383,2.666596480673253,0.0037404346298224086,0.0037404346298224086,0.0,0.9932103119386171,0.0,0.003049253431560536,0.0,0.28,0.28,0.28,0.7,0.4472954148428907,0.3863454646394929,0.5191050986832182,0.3116940136216534
B001483,2761.6709145722316,1.7423791259130799,12.341183511445978,2.9776994061307795,0.0,0.26715281198845714,0.21823697728175112,14.479395291721907,0.2752543267582807,0.6259150607992072,0.046394939945795154,0.39404027805528247,0.17933251666509872,0.22144200368941586,2.135038079148021,0.975482881910454,0.8001864923974654,0.1752963895129884,0.0,0.0,0.024517118089546108,0.0,0.5,0.5,1.0,0.5,0.8650300562121035,,,0.40649680945047806
B001484,24876.12392069975,12.176272109985193,17.24959487991811,13.877268262424295,0.0,0.24213093572239058,0.009831458099193915,0.4561796558025976,6.492472329656359,0.0,0.9114660284061212,1.5891190401714845,2.122437327132323,1.0607773846189035,2.884161526640708,0.4563693669087089,0.4563693669087089,0.0,0.0,0.0,0.5436306330912911,0.0,0.0,0.0,0.0,1.0,,0.2759524822177995,0.654375224398885,0.18847355270950683
B001485,10814.65053314573,6.024874948827705,11.76511344442889,6.325588568004682,0.0,0.3885451250695442,0.016509644356453527,0.521676975649042,3.1594862374302957,0.4360295994731684,0.0,1.6019105174545099,0.21907560752129385,0.6083729869484384,3.043298328003249,0.4524468910806789,0.18656410827433983,0.26588278280633904,0.0,0.0,0.5475531089193213,0.0,0.0,0.0,0.0,0.5,0.5335247747719511,,,0.191088296168766
B001486,11461.554628664886,2.4927261045378177,16.2176242590597,3.9112663778831736,0.0,0.021,0.25677825069062404,12.02720091422621,0.7015334530574722,0.9060605479734078,0.0,0.4392298830513733,0.30249497955498905,0.14340724090057555,2.226290559491801,0.5404528042131724,0.5404528042131724,0.0,0.17620463084644108,0.0,0.2833425649403867,0.0,0.0,0.0,0.0,0.6,,0.35150690270565277,,0.19006326769067228
B001487,694.3661472867644,2.2184221958043593,13.822720403297975,3.7537580839047067,0.0,0.4399760686442549,0.4256430801147579,19.844193942612158,0.7911057354340149,0.2861395361491582,0.04346924601451243,0.9882543875077112,0.0,0.10945329069896195,1.6023531631700922,0.995859967161756,0.995859967161756,0.0,0.0,0.0,0.0041400328382439665,0.0,0.0,0.0,0.0,1.0,,0.2905529235975204,,0.19006326769067228
B001488,42252.92893511781,20.265193733869452,38.954435801060654,7.836003809817411,0.0,0.4359505236735766,0.03175283877444738,1.4733317191343585,16.958018714433532,1.3703026292207057,0.07683320001047365,1.1534761154848305,0.0,0.7065630747199113,1.7137138684885533,1.0,0.93238146907372,0.06761853092627992,0.0,0.0,0.0,0.0,0.0,0.0,0.0,1.0,0.10621999349799947,,,0.191088296168766
B001489,9785.827363752895,10.37733548648239,13.04028270506978,7.451690196200214,0.0,0.27342052440453596,0.013326425721220139,0.2971792935832091,4.72340870312813,1.3104826773249307,2.230563819412002,0.0,0.886779295053013,1.2261009915643157,2.6696265809258106,0.6260554843297621,0.6260554843297621,0.0,0.0,0.0,0.37394451567023784,0.0,0.5,0.5,0.5,0.5,0.22369751304104515,,,0.40484810018049977
B001490,2378.834761107406,4.317304466619611,10.14388020613559,7.621918671692585,0.2909996135843516,0.45943638326324776,2.8055704008057845,101.59846698414309,1.852958283198107,0.0,0.0826639354760358,1.7297683675497015,0.06417659600438186,0.5877372843913851,1.6256964125773594,1.0,1.0,0.0,0.0,0.0,0.0,0.0,0.0,0.0,0.0,1.0,1.0927050268012903,,,0.191088296168766
B001491,4386.183135770648,1.8849089539194877,11.707160548091911,1.6392738314988295,0.0,0.3827938367769521,0.1829788671772788,8.54480683011876,0.8163952578419342,0.3035932207468942,0.03317386774833815,0.11000687879694779,0.4044653528028726,0.2172743759825005,2.1695485119456532,0.7749637320646003,0.502020983010316,0.2729427490542844,0.0,0.0,0.22503626793539963,0.0,0.0,0.0,0.0,0.6,0.7165264302196561,0.6140016185603336,,0.19006326769067228
B001492,2408.9674155782163,3.6778128482110173,5.885322773242182,3.511204282235073,0.19376988981169593,0.4669191624198296,0.8891737012363456,32.30203147562445,1.5851446426543443,0.8334818329773616,0.0,0.19076716292014498,0.11790761428827244,0.9505115953708937,2.2198258082111324,0.8591049777152349,0.8072352467655103,0.051869730949724385,0.0,0.0,0.14089502228476505,0.0,0.28,0.28,0.28,0.7,0.5499106020018094,0.46619133201343277,0.6953787010829903,0.3116940136216534
B001493,10627.644769233517,5.953862615817096,16.52582649761063,10.884543130396915,0.0,0.43855653357658025,0.025948080321764953,0.7916637034498242,1.7035046335385642,0.0,0.6085462329090432,1.7175076409246615,1.6227441182171718,0.30155999022765473,2.171206167578982,0.7138824417928259,0.6116721168027307,0.10221032499009511,0.0,0.0,0.2861175582071738,0.0,0.0,0.0,0.0,1.0,0.5885523243069735,,,0.19106616983379643
B001494,33508.3768870281,8.427660182854149,11.838091018060663,8.423826537849788,0.0,0.42907008948365094,0.012118115899728471,0.1744221916364425,4.069516533490904,0.5670878359434339,1.9473297723716103,0.0,0.9978424940825134,0.8458835469656895,2.7641579997221575,0.5108827849315648,0.161417784854082,0.34946500007748277,0.0,0.0,0.48911721506843536,0.0,0.5,0.5,0.5,0.5,0.315246520392644,,,0.40484810018049977
B001495,2817.2890345844426,5.335774686712959,11.325158627829865,7.008130513498578,0.0,0.3544393428373244,1.336160856511754,48.31669738508372,1.7454302102232928,0.0,1.2541503520017188,1.0491214626640715,0.8350835169494946,0.45198914487438285,2.3025067561495103,0.6728815752715858,0.6728815752715858,0.0,0.0,0.0,0.3271184247284145,0.0,0.0,0.0,0.0,0.98,0.40675874810902385,0.435026317940012,,0.1887933662721779
B001496,61653.19393881997,14.714366095183763,31.58422858152711,5.139910094835723,0.0,0.4671490639253896,0.060868641208378614,2.8243049520687675,12.17372824167572,1.4207936766552127,0.0,0.0,0.5901107510495511,0.5297334258032754,3.3520623139822057,0.16353456495141175,0.12343016988387956,0.04010439506753223,0.0,0.0,0.8364654350485881,0.0,,,,1.0,0.08758583998196877,0.24710225885319598,,0.191088296168766
B001497,2560.734257350723,0.850742278189609,3.8760586073841985,0.39172839895409517,0.45754514771351895,0.1009937431082942,0.31955856129146,11.483633908977367,0.48877255768427397,0.0,0.07682762065697328,0.06820644903383885,0.0,0.2169356508145228,3.019777631681191,0.4174368456009494,0.33726397682218945,0.08017286877875998,0.0,0.0,0.5825631543990505,0.0,0.5,0.5,1.0,0.5,,,,0.40649680945047806
B001498,18837.53125959618,6.437980608201019,18.977207399148593,10.630881725160995,0.0,0.404136339810929,0.010339204522230758,0.23056426084574594,1.6727458867685758,0.9922393302058824,0.9258843724946586,0.9892322221168065,1.3328642868886054,0.5250145097264896,1.8748078844842964,0.9701529604000143,0.826336998712397,0.14381596168761696,0.0,0.0,0.029847039599985813,0.0,0.0,0.0,0.0,0.95,1.3078365704450525,,,0.19106616983379643
B001499,8071.213335173926,3.332458024431844,13.41126025717163,7.456149848624572,0.0,0.5333580771935232,0.4094933242619711,14.786524994910614,1.1187601169524328,0.1789813879754934,0.0,1.285172176586539,0.3099206889156331,0.43962365400174436,2.356765386582061,0.5296237118784148,0.5296237118784148,0.0,0.09300062795793865,0.0,0.37737566016364626,0.0,0.0,0.0,0.0,0.6,,,,0.19006326769067228
B001500,2047.5861986621874,4.910278653866157,7.629783117560496,5.808849672446529,0.1866636981170111,0.38348031528915527,0.017318982810226216,0.9429938858819611,1.7066308777808856,0.9845109873600224,0.0,0.5660239689108055,0.8659542802480956,0.7871585395663481,2.6246594725069725,0.6524370615021711,0.2755816123412287,0.3768554491609424,0.0,0.0,0.34756293849782904,0.0,1.0,1.0,1.0,1.0,0.2227027996997211,,,0.6084446516532538
B001501,3628.4398558447797,4.558341527443191,8.570923686312483,5.078054178066273,0.15668832726782164,0.37167769358169844,1.0488347872700245,49.35423042807704,1.8096023764374602,0.469939278046337,1.5238923810886107,0.0,0.13789021113674405,0.6170172807340377,2.5770495218628895,0.5576127940786675,0.5576127940786675,0.0,0.0,0.0,0.4423872059213323,0.0,0.28,0.28,0.28,0.7,0.385761830574834,,,0.3116940136216534
B001502,47593.04762734018,12.807601621996819,33.835764658255215,9.26891184419385,0.4250839170297652,0.3639505008010347,0.058115158232046334,3.554485349014712,10.289765025145241,0.2890723538643326,0.023325342359793486,1.0466128905568475,0.44640927875168046,0.7124167313189218,3.3002592122975236,0.19658923435963516,0.15991299824805016,0.036676236111584964,0.0,0.0,0.8034107656403647,0.0,0.0,0.0,0.0,1.0,0.18822987301460573,0.3172270728929856,,0.191088296168766
B001503,2748.398000038544,1.9561551601697822,8.102514900466813,2.721571180244196,0.0,0.49738966188768685,0.6929670901351732,25.085408662893272,0.3811318995743453,1.0085153375566303,0.10387254439086185,0.0,0.0,0.4626353786479453,2.7204171099387717,0.7096871675459216,0.6565868069478153,0.053100360598106314,0.0,0.0,0.29031283245407863,0.0,0.0,0.0,1.0,1.0,0.627401984127558,0.38710499243763113,,0.19006326769067228
B001504,6093.665779865177,6.748245603394437,10.608665820503,4.110154820517083,0.0,0.365,0.010626332719101286,0.3063504178144018,3.5856330493086332,0.0,2.17016174523302,0.0,0.0,0.9924508088527841,3.148987006546883,0.14706797398624186,0.14706797398624186,0.0,0.3215890281381292,0.0,0.531342997875629,0.0,,1.0,,0.5,0.29411316093650197,,,0.18847355270950683
B001505,964.8443389611152,2.1440985310247007,7.1284895094213265,1.8394248639924993,0.0,0.0,0.008502536419964426,0.3208776572131359,1.1837626057238562,0.0,0.0,0.5385615270786358,0.0,0.4217743982222088,1.9992772307327245,0.9384333504414223,0.9384333504414223,0.0,0.0,0.0,0.061566649558577616,0.0,0.0,0.0,0.0,0.95,0.9523068857613579,0.36808544990205017,,0.19106616983379643
B001506,5544.793117529678,14.108888339770173,21.609808272364543,12.704304994703717,0.0,0.24,0.022774052268920122,0.4529667477732605,3.3380911001960163,0.0,0.0,0.6637037361412504,6.319472752501952,3.787620750930955,2.1953027503903106,0.9973326779104346,0.9973326779104346,0.0,0.0,0.0,0.0026673220895653336,0.0,1.0,1.0,1.0,1.0,0.24302676655724856,,,0.6084446516532538
B001507,9135.769111560045,1.9680674518655847,10.323156423493009,1.5237942573484136,0.0,0.440351576185876,0.35347252583321886,12.69560027885988,0.946264029226441,0.5904042111488841,0.04489881005142373,0.05816466170010516,0.0,0.328335739738731,2.2022996439318323,0.7043761459988439,0.7043761459988439,0.0,0.0,0.0,0.29562385400115615,0.0,0.0,0.0,0.0,0.6,,0.38257968329679237,0.4635935742608996,0.19006326769067228
B001508,18892.15074262331,4.235908238256348,8.056589021977992,7.9666909671612816,0.0,0.17971659484655086,1.4861675209194785,53.79885414313821,0.9701201370735849,0.627149271858632,0.7098701139764356,0.0,1.3394439899176578,0.5893247254300377,2.329830205878459,0.4734399961569015,0.4734399961569015,0.0,0.4642672010727527,0.0,0.06229280277034577,0.0,0.19999999999999998,0.19999999999999998,0.19999999999999998,0.98,,,,0.2770151739533745
B001509,33983.4406531016,7.578822625580196,14.603958347282282,12.746351610517578,0.5455420690507727,0.37091418473511784,0.011141610078914182,0.24845790475978627,3.6660145944814144,0.29165837048037435,0.28001754422422176,2.0850482103183263,0.7315007490492539,0.5245831570266061,1.2398451294874135,0.9630526325713046,0.9015884936639245,0.06146413890738005,0.036947367428695435,0.0,0.0,0.0,0.0,0.0,0.0,1.0,0.15401339917742374,0.26676107054756326,0.6611445137132974,0.18847355270950683
B001510,140619.4334515609,301.7584408831779,813.2408452173988,572.5587043427819,0.0,0.36640448240953166,0.021281860784480914,0.31483290643952705,0.5055151298979959,0.0,0.0,300.4499973854613,0.23025811257499879,0.5726702552436171,2.332005735327258,0.9995857921299911,0.00392185475639867,0.9956639373735923,0.0,0.0,0.0004142078700090515,0.0,0.0,0.0,0.0,1.0,0.7262292745182554,0.5638140138162894,0.317998888021191,0.19106616983379643
B001511,5428.205865525865,5.439084033593051,12.464702105728875,11.283651954572536,0.3691499502774708,0.4494327848067116,0.008186453751727647,0.213543419021304,1.9816219839032854,0.0,0.974426850179093,1.4519626473218301,0.3964846110961781,0.6345879410926626,2.0944871815898205,0.8998006405590286,0.4536980463510742,0.4461025942079541,0.0,0.0,0.10019935944097128,0.0,,0.0,,0.5,,,,0.18847355270950683
B001512,10072.10012994207,2.572694796920069,10.20583518340953,4.823397761973817,0.0,0.365,0.010500196650007034,0.1856820209796879,0.29890264597412525,1.0965403516755279,0.0,0.9353878149870878,0.0,0.2418639842833279,2.346169450069706,0.8838172929288154,0.5202344007385337,0.36358289219028156,0.0,0.0,0.11618270707118467,0.0,0.0,0.0,0.0,1.0,,,,0.19106616983379643
B001513,18826.353387032417,17.383521132993923,31.512157010465586,1.9630517113577877,0.0,0.3469717043174149,0.08010478122544393,3.7162581232846947,15.417230669185404,0.8870019300475264,0.1899760788856776,0.0,0.0,0.8893124548753153,3.547817756294913,0.04813546893933141,0.04813546893933141,0.0,0.05102544664348794,0.0,0.9008390844171809,0.0,0.0,0.0,0.0,1.0,0.07023746940379798,,,0.191088296168766
B001514,2544.906951060305,4.5936948575095755,10.867720297615898,4.728847526693111,0.24178889085029326,0.138241441276454,0.024827621080205815,0.45131889685231424,1.9591678027678987,0.8509654738140064,0.0,0.0,1.373756235354727,0.4098053455729424,2.7262893187476953,0.5557567278526436,0.07145775324142092,0.4842989746112226,0.0,0.0,0.44424327214735626,0.0,0.0,0.0,0.0,0.95,0.8252855241544298,,,0.19106616983379643
B001515,19069.87130892599,15.998214185340597,32.84861239612877,9.561751052938105,0.28946674281457396,0.68645788518908,0.07537700401422581,3.2719056217120785,13.4166701811687,0.0,0.03541426599137105,1.3648084792529398,0.17294927713661915,1.0083719817909702,3.3662039340269994,0.16136451070503904,0.15915087200880124,0.002213638696237838,0.0,0.0,0.8386354892949611,0.0,0.0,0.0,0.0,1.0,0.22600847123534767,,,0.191088296168766
B001516,18813.120692342665,11.231713846174726,16.14165435915772,12.451952640703775,0.05159613119745099,0.49599847013708176,0.014232311179044948,0.538020342419101,6.427995888145347,0.5056560002648837,1.5537187432023598,1.1859167131159334,0.0,1.5584265014462029,3.0133933898664114,0.39520976743131386,0.15129014004057936,0.24391962739073453,0.0,0.0,0.6047902325686862,0.0,0.0,0.0,0.0,1.0,0.1944300392258833,,,0.18847355270950683
B001517,10310.349724685126,3.4471246154079322,24.54248336967524,6.614327540347774,0.0,0.23116523586829935,0.2454146460741893,8.790480072935035,0.6350504047103345,0.6270775669390801,0.03602952804926707,1.3306955898809778,0.6742984405463921,0.14397308528188046,1.807454648304763,0.8921358868532867,0.6651214374780132,0.22701444937527335,0.0,0.0,0.10786411314671321,0.0,0.0,0.0,0.0,0.6,0.915928404136106,,,0.19006326769067228
B001518,15831.102963295865,6.086544776353659,9.639694272037731,7.3686679118465666,0.0,0.4847781406195179,1.3313494678667377,48.118525582601514,2.4507465434204887,0.0,0.8416125006422484,0.8131413095295872,0.7128770861711453,1.2681673365901893,1.7431894318647498,0.92888110155095,0.6781611197265588,0.2507199818243912,0.0,0.0,0.07111889844904998,0.0,0.28,0.28,0.28,0.7,0.5924746732760893,,,0.3116940136216534
B001519,12602.333027513378,4.292347761414638,16.52245870188046,7.138965475786267,0.0815908379679007,0.09576015482240298,0.011105451423728777,0.24765156674915173,1.1105451423728778,0.8001897389931852,1.0400963719580414,0.8961232848457217,0.0,0.4453932232448118,2.087906960501588,0.7095836261763931,0.5231612337070873,0.18642239246930567,0.0,0.0,0.2904163738236068,0.0,0.0,0.0,0.0,0.9,0.6578280067948861,,,0.19106616983379643
B001520,19817.289030866203,6.79139445883009,11.30837216675129,9.708604385121577,0.0,0.5250232551108378,0.01773541016972808,0.38669595594307155,3.402527641711418,0.40033256670804845,0.0,0.8901166346189147,1.1819156715102228,0.9165019442814842,2.8541468161818986,0.4707212759303935,0.3396559048913728,0.13106537103902066,0.0,0.0,0.5292787240696062,0.0,0.0,0.0,0.0,1.0,0.1874755119547187,,,0.18847355270950683
B001521,1190.7880924723129,0.8993867767917771,4.9099526647597935,0.666170588882889,0.0,0.36499999999999994,0.2541561881998389,16.79271454290799,0.3801095013528134,0.0,0.05256219889479183,0.16663182006662622,0.1325440519687474,0.16753920450879828,2.2341567650794905,0.8469534313109716,0.45586688211257403,0.39108654919839747,0.0,0.0,0.15304656868902855,0.0,0.5,0.5,1.0,0.5,0.6447801516393725,0.36795510134842613,,0.40649680945047806
B001522,9626.151223695186,13.079009814803241,20.199022742487486,15.227856112826126,0.0,0.3198607714212411,0.021525770758400918,0.242967646851781,3.977739235553356,1.103291768348187,1.0413410799027465,2.6504620190121826,0.0,4.3061757119867705,2.3541391628845805,0.6841122832958629,0.48146223130092486,0.2026500519949381,0.07961925976415457,0.0,0.23626845693998255,0.0,0.5,0.5,0.5,0.5,,,,0.40484810018049977
B001523,274.09390215564,0.7082529771463566,3.9834908257905473,0.7239908611980351,0.39800131395203564,0.365,0.5247355956560711,19.0141593367903,0.2875743850386102,0.0,0.0,0.0,0.2301243368962303,0.19055425521151606,2.874711238908419,0.5939665708186856,0.26904829398569413,0.3249182768329915,0.0,0.0,0.4060334291813143,0.0,0.0,0.0,1.0,1.0,,0.3673754242070269,,0.19006326769067228
B001524,2663.537819381971,6.252436195732327,15.456891979020652,10.002336241752678,0.0,0.3749227857639718,0.019838485944301217,0.43410059551972546,1.841047269461088,0.9461268109643708,1.713511017674011,0.9220239366834648,0.0,0.8297271609493936,2.550261498439403,0.7055472120262957,0.4067595572361573,0.29878765479013825,0.0,0.0,0.2944527879737048,0.0,0.0,0.0,0.0,0.95,0.5193687444888258,,,0.19106616983379643
B001525,7391.765117131582,2.0402332644580685,4.580423688160299,0.47864405201705995,0.0,0.365,0.011554841952858318,0.4681751824949119,1.217316658853071,0.0,0.0,0.25272405946500764,0.0,0.5701925461399898,3.18652531062728,0.2672033828549609,0.2672033828549609,0.0,0.12387017889943913,0.0,0.6089264382455998,0.0,1.0,1.0,1.0,1.0,,,,0.6084446516532538
B001526,3999.788801589654,2.192866667538188,10.826628639247408,4.005503761222825,0.0,0.44021411368330815,0.30415444396736885,10.976421276492987,0.467651411714534,0.5666432458767565,0.0,0.7636248001234003,0.18429682579656703,0.21065038402692937,2.5616512117068546,0.7867396961988843,0.3544646108266633,0.43227508537222076,0.0,0.0,0.21326030380111566,0.0,0.5,0.5,1.0,0.5,0.5165954828704967,,,0.40649680945047806
B001527,1655.2377464638587,4.522507503999614,8.038480737934426,7.066491521787347,0.16172084752993346,0.32000485520648814,1.4841313657762343,53.74413050407914,0.9018399703642547,1.0287490109620547,0.949552234341325,0.38624589153574806,0.621995826738399,0.6341245700578322,2.1496052197361997,0.7818802249357378,0.7818802249357378,0.0,0.018708282752378652,0.0,0.19941149231188354,0.0,0.0,0.0,0.9800000000000001,0.98,,,,0.1887933662721779
B001528,25277.863576172178,22.019044926979248,41.831608552241285,27.50694939780999,0.0916209154779371,0.37427701817086056,0.12576204857951437,8.313741413390646,14.453208131972593,0.0,0.1289603364837078,6.611311109234595,0.08053923981219517,0.7450261094761588,1.2530240911471802,0.9965731908438269,0.9965731908438269,0.0,0.0,0.0,0.0034268091561730895,0.0,0.0,0.0,0.0,1.0,0.10314685524530055,,,0.191088296168766
B001529,36568.094287425854,11.792355461923849,22.46062208988241,7.543109227258871,0.0,0.4478139599421542,0.036476749306530255,1.692521167823004,8.904812217688217,0.4155705064935181,0.10610148357974343,1.5970427147845998,0.08301426963649201,0.685814269741276,3.214158820132663,0.23496722049399404,0.23496722049399404,0.0,0.0,0.0,0.765032779506006,0.0,0.0,0.0,0.0,0.92,0.09411276898115742,0.25733290219212007,,0.191088296168766
B001530,3227.1781194221494,7.988064652035023,10.650057494388978,10.147644260124034,0.0,0.0,0.013144638259816026,0.6451172650423888,4.414244191729263,0.0,0.0,2.48633520603855,0.0,1.0874852542672102,2.902126260511439,0.41777716974615897,0.41777716974615897,0.0,0.0,0.0,0.5822228302538411,0.0,0.5,0.5,0.5,0.5,,0.24116855941181556,0.642354255712919,0.40484810018049977
B001531,2291.801067380775,0.7543782315275757,4.781291154168866,0.7247883778455532,0.0,0.451269476257937,0.46342321605385867,30.848221304827693,0.25445773518268056,0.19266566654045442,0.03277016670795062,0.07622874907597366,0.0,0.19825591402051662,2.8345265945697515,0.6626921025181,0.26280704523917525,0.3998850572789249,0.0,0.0,0.33730789748190004,0.0,0.0,0.0,1.0,1.0,,,,0.19006326769067228
B001532,4869.279087637815,4.491954877894663,9.2740870269945,3.739393302597088,0.25236667860320905,0.4233108552394634,0.0170441765621155,0.3634919362323417,2.6706542996358054,0.61453545331726,0.6022921264713798,0.0628604602670004,0.0,0.5416125382032156,2.903323985985349,0.399361289008345,0.25128487131954336,0.14807641768880164,0.0,0.0,0.6006387109916546,0.0,0.0,0.0,0.0,1.0,0.285556169554328,,,0.18847355270950683
B001533,2353.1209203904323,6.018212072609801,17.834665207925443,8.4699618681645,0.12378424662110465,0.15802263046426854,0.009205337483019257,0.20527902587132946,2.1027420646490693,0.0,0.3154135226042994,1.5742747714623664,1.6719164207258126,0.3538652931682528,2.6716522403977607,0.6506035282107937,0.3366085623858024,0.31399496582499153,0.0,0.0,0.34939647178920596,0.0,0.0,0.0,0.0,1.0,0.16836501649045268,,,0.19106616983379643
B001534,4642.1948658407955,4.362965099474432,7.155337061421643,6.3919360369573015,0.12643662362074262,0.2670832432160168,1.727517984783458,62.47928067124006,1.0490203391262556,0.5763096999574653,0.7395203239603642,0.5439963025825862,0.6053613029833714,0.8487571308643895,2.4124558171227766,0.69866855919345,0.5599185831607987,0.13874997603265127,0.0,0.0,0.3013314408065503,0.0,0.0,0.0,0.98,0.98,0.21007751898689514,0.3595164362906322,,0.1887933662721779
B001535,9658.61664327014,1.9951697259388843,11.448664818158628,3.0360840470164083,0.0,0.38992538294369766,0.3002574990405654,10.857747889876912,0.8160829773205063,0.43782570019482014,0.0,0.43715264495477724,0.11224624937599802,0.1918621540927837,2.630055356223066,0.5285054332293434,0.08995710635061059,0.43854832687873274,0.05625899787707401,0.0,0.4152355688935832,0.0,0.0,0.0,0.0,0.6,1.0243716947857417,0.38593333243761135,,0.19006326769067228
B001536,3086.2967902322594,6.311445378798076,20.474501969285686,9.294991012032842,0.0,0.32594790603249596,0.011444818615413582,0.24796409421384893,1.4577566660971575,1.8984591493517686,0.7208171085267229,0.39560049807590647,1.3081279056075774,0.5306840511389402,1.8931992800032496,0.9778765074395178,0.593725910120726,0.38415059731879136,0.0,0.0,0.022123492560482075,0.0,0.0,0.0,0.0,0.95,0.79939155264021,,,0.19106616983379643
B001537,3792.4666765890784,6.077670956072241,11.078504720152154,8.526991756552636,0.0,0.24,1.086712028659497,39.422800945950335,1.7457602249542306,1.1536816496106874,1.5770602444233324,1.0921175852359606,0.0,0.5090512518480304,2.313972068021819,0.7244404179383587,0.7244404179383587,0.0,0.0,0.0,0.2755595820616413,0.0,0.28,0.28,0.28,0.7,0.3390587947285986,,,0.3116940136216534
B001538,5677.556026957817,2.215199386249636,9.145077063633346,4.073864331013633,0.0,0.365,0.6559988325029233,23.662314321804935,0.3592392148428235,0.7982449177529005,0.11206207031000556,0.7440770074453266,0.0,0.20157617589858037,2.8188239110800763,0.41165349734802653,0.07575731930463174,0.3358961780433948,0.36034901540142644,0.0,0.2279974872505473,0.0,0.0,0.0,1.0,1.0,0.7925212821744573,0.2519361283863025,0.8244946100843319,0.19006326769067228
B001539,3282.622947811015,8.006397433685402,23.443867556678367,7.899939597786123,0.0,0.40201994687534864,0.02451840574880088,1.0507903753718693,5.688992028240484,0.2570886905652594,0.09556404808159058,1.1050389233392235,0.2332692347612726,0.6264445086975731,3.180584527989029,0.2486931654541647,0.07856326306216142,0.17012990239200323,0.029135355407144344,0.0,0.722171479138691,0.0,0.0,0.0,0.0,0.5,,,,0.191088296168766
B001540,1307.098905712115,2.132298377996925,8.263966596791297,3.3908858967402855,0.19429920905498704,0.32321468888637,0.009190480821688041,0.24178989256567832,0.30595869689758864,0.0,0.9449913007407138,0.10076697063408649,0.5261737387880623,0.2544076709364741,2.322009549756421,0.7869030005163599,0.492881902957258,0.29402109755910194,0.0,0.0,0.21309699948364,0.0,0.0,0.0,0.0,0.9,,,,0.19106616983379643
B001541,16307.52781530402,6.0197592526039205,12.28922138142527,7.105927331125629,0.29627401394054353,0.36500000000000005,0.012088654103239933,0.2695769865022505,2.9775010106502298,0.0,0.0,2.1031636946712307,0.038702800627717915,0.9003917466547419,3.102857979986362,0.15600201069108255,0.15600201069108255,0.0,0.3493767119941685,0.0,0.494621277314749,0.0,0.0,0.0,0.0,0.5,,,,0.191088296168766
B001542,920.1775538104896,2.33547602489972,16.142445091222587,3.9554989004259427,0.13537997518349215,0.44594589806210466,0.24410848994217874,11.433763745591847,0.6669189131446749,0.5350712119907952,0.04065269110141741,0.8363311655714896,0.0,0.25650204309134333,1.996043733879902,0.7144398375173596,0.7144398375173596,0.0,0.0,0.0,0.28556016248264027,0.0,0.0,0.0,0.0,0.6,0.642480258268885,,,0.19006326769067228
B001543,18823.15965928423,5.775747057159935,10.705222449155405,8.183920965023738,0.0,0.1317634204413774,0.012677055069936027,0.5485089900529189,1.384847189134655,0.0,0.0,0.7278199595099615,2.476563857437055,1.1865160510782624,2.14023030546645,0.7602306376249767,0.7602306376249767,0.0,0.0,0.0,0.23976936237502333,0.0,1.0,1.0,1.0,1.0,0.15876202045184504,,,0.6084446516532538
B001544,1801.4950626017135,3.4445412286839647,7.507369550897434,4.759896085157832,0.4515012579302166,0.2401468492437399,1.0581765038097857,38.30502428687414,1.4849374157485151,0.2095214579528553,0.18904701363615878,1.0478220027196008,0.0,0.5132133386268357,2.756893488626383,0.5938206991826328,0.5389376244608399,0.05488307472179302,0.0,0.0,0.40617930081736764,0.0,0.2,0.2,0.2,0.98,0.366927991332124,,,0.2770151739533745
B001545,27052.30637590622,7.68749825970623,23.48782339013249,3.7971160770224937,0.0,0.31698782151393373,0.022652292939751618,1.3179202502482976,5.880380464016231,0.0,0.09298664309436132,1.0473887550651249,0.22764358336456578,0.43909881416594515,2.783253388048597,0.3516059495265366,0.3395101232963379,0.012095826230198682,0.13624572255905132,0.0,0.5121483279144119,0.0,0.0,0.0,0.0,0.5,,,,0.191088296168766
B001546,7739.09795504712,10.529384972853224,22.42925968006086,8.439469502256987,0.0,0.3987500438853919,0.031080964596275736,1.4220480350904252,7.464882903515988,0.3164208469394765,0.10518566820252752,1.8002245088963469,0.22605971131226937,0.6166113339866166,3.200836966631835,0.2654915008649904,0.2654915008649904,0.0,0.0,0.0,0.7345084991350097,0.0,0.0,0.0,0.0,0.5,,,,0.191088296168766
B001547,454.302685551908,1.2446648919230356,5.733241208957615,1.235336836319181,0.0,0.365,0.6034717584603246,21.8556203236349,0.7530968646540125,0.0,0.04923895963466929,0.23065472540276075,0.0,0.21167434223159318,3.0165367734360085,0.39494006013903016,0.17006532730633345,0.22487473283269677,0.0,0.0,0.60505993986097,0.0,0.0,0.0,0.0,1.0,0.6220700656671858,,,0.19006326769067228
B001548,17744.380920695232,5.742518097312373,18.244862682664877,0.810340428267627,0.0,0.6604279199888301,0.023364550331878325,0.9757578689311949,5.1703608498421785,0.0,0.08488912756376615,0.06360149439190324,0.04336080490788438,0.3803058206066397,3.536655238868092,0.09197080036966385,0.07718823876075988,0.01478256160890397,0.0,0.0,0.9080291996303359,0.0,0.0,0.0,0.0,0.5,0.09881360586149897,,,0.191088296168766
B001549,6438.310029002642,3.3567831225248397,8.850505913935027,0.1681293844598137,0.0,0.23999999999999996,0.00809414606226028,0.11789028106754117,2.845495937834545,0.0,0.11281481697253501,0.0,0.0,0.3984723677177595,1.621910742596056,0.9496429748917022,0.9496429748917022,0.0,0.0,0.0,0.05035702510829772,0.0,0.0,0.0,0.0,0.5,0.4334284705717177,0.18482998871782258,0.5980446691183681,0.191088296168766
B001550,10635.056863529804,8.069087149870867,10.609335027446678,3.3163034183316533,0.0,0.07292254123828716,0.024134183499583416,0.45969570806916465,4.392916300267703,0.0,1.959760937606765,0.26429301083260154,0.0,1.4521169011637987,2.9804463625914925,0.30794538102185903,0.30794538102185903,0.0,0.0,0.0,0.6920546189781409,0.0,0.0,0.0,0.0,1.0,0.14575501005730898,0.19280894193976894,,0.18847355270950683
B001551,3259.173757651737,5.239829192366137,11.109650565643253,5.97353641309019,0.0,0.30469836037018877,1.3383112776445583,48.45490786952404,1.759331840047616,0.14507051680738342,0.0,0.6179424974820632,1.7801587213701036,0.9373256166589705,2.7831368958947227,0.3293428150668025,0.3293428150668025,0.0,0.33973602115954504,0.0,0.3309211637736524,0.0,0.0,0.0,0.0,0.98,0.17197954060517423,0.3606722213361,,0.1887933662721779
B001552,16293.502332765982,14.35550866322994,32.013778108202466,5.846285131259955,0.0,0.6026502271670858,0.06372877354168796,2.860923370824587,12.044355281259238,0.20269283865800003,0.09966035366763108,0.793724098595314,0.2392379579374954,0.975838133112263,3.427895409201465,0.16099418252523987,0.08903838626852986,0.07195579625671004,0.0,0.0,0.8390058174747601,0.0,0.0,0.0,0.0,1.0,,0.31725029316580794,,0.191088296168766
B001553,2410.1941339455307,6.77020824142003,13.708650535129932,8.988483264019798,0.0,0.365,0.013220091377254484,0.29480803771277503,3.019817827291633,0.0,1.465373729112786,1.2548086286157976,0.0,1.0302080563998124,2.5421635846327257,0.5498124133273871,0.3333680032208187,0.21644441010656837,0.0,0.0,0.4501875866726128,0.0,0.0,0.0,0.0,0.9,0.16986539884393692,,,0.18847355270950683
B001554,657.4024851038785,1.7484108646379746,10.01766090193997,3.0490533384953467,0.0,0.3125953367928439,0.7093465090096633,25.696769545310453,0.44899739780031017,0.5208112120759455,0.04160284355748001,0.5524330996410962,0.0,0.1845663115631429,1.620919051590839,0.9728527917346309,0.9728527917346309,0.0,0.0,0.0,0.027147208265369153,0.0,0.3,0.3,0.3,1.0,,0.3692735854140228,0.4127077995872087,0.32152411226147926
B001555,3195.709460939576,1.5217664099712265,7.857937156665495,2.8017717683865286,0.0,0.26758934939561035,0.5335695803599629,19.38056772962614,0.4260163449853252,0.5502050899408236,0.08034965181907276,0.12062575789622552,0.167413595157113,0.17715597017266577,2.182490553219119,0.5614987438106038,0.4822318096045148,0.07926693420608903,0.3615568633501556,0.0,0.07694439283924007,0.0,0.5,0.5,1.0,0.5,1.0908082738905844,0.30115410450059354,,0.40649680945047806
B001556,4740.8077973079335,5.368978252896867,11.873859992472902,7.166137475271614,0.0,0.27009952181526437,0.9256453480169229,43.374946174843735,1.5853562858348595,0.3337797264440085,1.3373877985928753,1.546432736260879,0.0,0.566021705764244,2.597644242736993,0.601574337229709,0.06444783028255019,0.5371265069471589,0.06216820235096231,0.0,0.3362574604193284,0.0,0.28,0.28,0.28,0.7,0.4621251315572306,,,0.3116940136216534
B001557,10640.410751048927,6.087191505176731,9.420188463648008,8.523132360703242,0.0,0.3740162316409673,1.3918111099289614,65.29261271022065,1.931063672671194,0.6593669433065514,1.051722880996256,0.6081809972827341,1.2076960274878574,0.6291609834321381,2.742157425807025,0.4173143909507907,0.3174027984264684,0.09991159252432236,0.28109676241459547,0.0,0.30158884663461377,0.0,0.2,0.2,0.2,0.98,0.48202427546640336,,,0.2770151739533745
B001558,381000.26471014856,599.0570199845104,1136.2598532871543,1249.8819106747071,4.991748924978553e-05,0.4329040545774756,0.013403482615765341,0.3666103398042067,3.301350397971759,594.6950363887062,0.058008277383127096,0.0,0.17813776572634202,0.8244871547228101,1.34802947576305,0.9941917245810956,0.994094891933371,9.683264772463062e-05,0.00029736362279995997,0.0,0.005510911796104353,0.0,0.0,0.0,0.0,0.5,0.483089160903834,0.20491402814582935,,0.191088296168766
B001559,1547.7883819992126,4.42225251999775,17.3951911719442,10.228841183909338,0.0,0.4547938413609209,0.010655201904110933,0.38450615002478555,0.6617517139293068,1.2826375160616466,1.0314672616171254,0.16509643332276908,0.9586720619804907,0.3226275330864112,2.1260543727770678,0.6817450231825002,0.41116714696920237,0.2705778762132976,0.29004167226124367,0.0,0.02821330455625626,0.0,0.0,0.0,0.0,0.95,0.5499928503852162,0.5048850178157552,0.3950091909609543,0.19106616983379643
B001560,5513.104376168223,1.678777215641968,9.087690769264933,3.941523300917734,0.0,0.6719305997836384,0.2553969051552349,9.180647741778547,0.38942765939531643,0.18883309340877988,0.06935243643590241,0.43306670901434985,0.18748752105206612,0.41060979633555317,2.4080153997035776,0.7680289821860619,0.39758089852815126,0.3704480836579105,0.0,0.0,0.23197101781393814,0.0,0.5,0.5,1.0,0.5,0.5809518369554413,0.3177002624292469,,0.40649680945047806
B001561,1919.057697769256,2.555336481716719,12.334115724987894,5.245081735993474,0.0,0.2489009112522843,0.2815435542110664,10.111761831809426,0.4274899628313752,0.43677315704978015,0.0181337834966793,0.8628729762536194,0.38095189990533107,0.429114702179934,2.530122533399377,0.33259251747335394,0.1545701928983747,0.17802232457497932,0.4867558088957927,0.0,0.18065167363085338,0.0,0.5,0.5,1.0,0.5,0.9124508101164523,0.39125233214963057,0.5918668462733955,0.40649680945047806
B001562,1075.9079888872986,2.7587384330443556,11.75497383014083,3.7317771292165816,0.0,0.39452190019561983,0.44239167322168027,15.883626132296698,1.1219971199355547,0.313720134353817,0.09563550873474604,0.6788332604238264,0.3139278967878043,0.2346245128086061,1.6689896644357842,0.992188632522625,0.7646759319260007,0.22751270059662446,0.0,0.0,0.0078113674773748285,0.0,0.0,0.0,0.0,0.6,0.5063316782580616,,,0.19006326769067228
B001563,5361.071495449353,1.9174075448674368,9.156326278652331,3.1206350729512495,0.04177293995495304,0.2612175615459776,0.5897532072445473,21.296032261702138,0.32338577984150335,0.6628861574541713,0.0458593596738849,0.6065510202249611,0.12005849243714993,0.1586667352357664,2.2381007718872463,0.7651731554158012,0.4249166556199003,0.340256499795901,0.0626150099171798,0.0,0.17221183466701895,0.0,0.0,0.0,1.0,1.0,1.0757031216654982,,,0.19006326769067228
B001564,1001.6871676543956,1.533977285841341,6.741698058768357,1.2393602358746723,0.0,0.34946492156278824,0.6240585019281976,22.670282426851205,0.5967822893463229,0.4518582323654564,0.10335310190064034,0.12119694117258799,0.0,0.26078672105633316,2.2103260627560055,0.6899409724959958,0.39537452973564835,0.29456644276034744,0.07900830233357405,0.0,0.2310507251704301,0.0,0.5,0.5,1.0,0.5,0.764700367575253,,,0.40649680945047806
B001565,2175312.799612758,947.4358883330829,1413.000055850676,1789.6834454110306,0.0,0.36500000000000005,1.8498280038230288,66.95818552711454,2.4077183907417417,1.050603582642739,0.0,0.5890597475133758,942.6328546300075,0.755651982177383,2.6678360553085856,0.002261052190427758,0.002261052190427758,0.0,0.9949304921185477,0.0,0.0028084556910244526,0.0,,,,0.98,0.3243530016507371,,,0.1887933662721779
B001566,3213.0365574356542,1.4840815507785932,6.556524686964069,0.17471991460271732,0.0,0.365,0.30530801486507053,14.271459485385357,1.068516078581047,0.0,0.09225211491023476,0.0,0.0,0.3233133572873113,2.4453902570389032,0.605756415787627,0.5435953338296736,0.06216108195795343,0.0,0.0,0.394243584212373,0.0,0.0,0.0,0.0,0.6,0.6071917799017554,,,0.19006326769067228
B001567,3310.6226320737014,1.2611895741233148,10.033305266621069,1.9842933640692832,0.15571744749299277,0.27729022279076965,0.17738367055022142,6.367196057358406,0.2691465682099301,0.44867591748332286,0.0,0.2715072785054078,0.02839003498888607,0.24346977493576832,1.9820716355352257,0.7865930913700895,0.7865930913700895,0.0,0.0,0.0,0.2134069086299106,0.0,0.5,0.5,1.0,0.5,,,,0.40649680945047806
B001568,6254.568906285919,3.5822273231878117,13.437380538036766,4.913374079602838,0.0,0.3157641365695003,0.007991204832048163,0.018459683162031258,0.31964819328192656,1.6933250591002194,0.892038936295592,0.2156992087910466,0.0,0.46151592571902667,2.1715932125432134,0.9107683113204907,0.37785286635860255,0.5329154449618881,0.0,0.0,0.08923168867950924,0.0,0.0,0.0,0.0,1.0,1.3309464183264383,,,0.19106616983379643
B001569,12155.027493487807,5.698559537500144,9.368797792893561,9.142383542393237,0.0,0.31553479390156414,1.3314292099206462,47.7442968180592,1.8984977328968526,1.1298189573913449,0.0,1.1312357048441437,0.9402649114760186,0.5987422308917828,2.303936977912984,0.7115798510177351,0.34806682589474164,0.36351302512299327,0.0,0.0,0.2884201489822648,0.0,0.2,0.2,0.2,0.98,,,,0.2770151739533745
B001570,11790.431121810043,4.962302660694463,8.035436415691073,3.3901107908993464,0.0,0.365,1.3197382998253013,47.92519210391461,2.26978289738443,0.9099891733428253,0.0,0.0,0.8799893242520295,0.9025412657151807,2.960198971989323,0.3860004028127653,0.20261997731984013,0.1833804254929252,0.17733487544447302,0.0,0.43666472174276233,0.0,0.28,0.28,0.28,0.7,,,,0.3116940136216534
B001571,7314.169135298796,4.579943102879647,17.15677971856076,8.052043590135403,0.18688653467549404,0.385241415511389,0.027033629579671075,0.2830650574303132,1.612589444997319,0.28808709910014707,0.3804794016662689,1.4008833787922335,0.6235974844966035,0.27430629382707544,2.4915720875440055,0.6479018606184429,0.25895319019970625,0.3889486704187367,0.0,0.0,0.35209813938155704,0.0,0.0,0.0,0.0,1.0,,0.24142242539257738,,0.19106616983379643
B001572,37443.2846445987,10.837419578755052,17.074388789086967,10.255535429552328,0.14569185461375422,0.13186835632894792,0.015031983981455966,0.06002967487587231,5.830857365876319,0.0,0.0,2.7028965465149857,1.4832505909431508,0.8204150754205904,3.1093878957904852,0.32510613770481306,0.07570206814072947,0.24940406956408354,0.136863815243512,0.0,0.5380300470516746,0.0,0.0,0.0,0.0,1.0,0.22751147205980074,,,0.18847355270950683
B001573,3166.2881123302072,4.962834031865529,10.46417490708582,7.572577024782104,0.2323083870064994,0.2190287564598937,1.0563391288119932,37.9081851947884,1.4826417527727576,0.39226963130019293,0.0,2.060171079751905,0.411297214101284,0.6164543539393892,2.3951936596682866,0.7215524614399076,0.223557106772735,0.49799535466717276,0.0,0.0,0.27844753856009224,0.0,0.2,0.2,0.2,0.98,0.2542240532129709,0.2920159775139572,,0.2770151739533745
B001574,20736.71585435578,4.949096862614745,10.576394534651463,5.04742208483972,0.19922193444974928,0.10764230034459574,1.199855970927198,43.43138316898961,1.5692872421226973,1.2283371547925621,0.14030155104490358,0.0,1.399857857164379,0.6113130574902023,2.579482588162516,0.6826267144896945,0.3714266206213408,0.3112000938683535,0.0,0.0,0.3173732855103054,0.0,0.0,0.0,0.0,0.98,0.5400291715632859,,,0.1887933662721779
B001575,2648.1453629157368,1.491912880515908,6.738112702606704,1.5351919329162589,0.0,0.35385731576069096,1.0552538857385898,38.200190663736954,0.3464093073094108,0.6023987848999413,0.04309252634832208,0.0,0.1706851844890518,0.329327077469182,1.6888636500795295,1.0,1.0,0.0,0.0,0.0,0.0,0.0,0.0,0.0,1.0,1.0,0.5953775590637697,,,0.19006326769067228
B001576,16212.38182023724,6.77208931505315,15.097907444337505,9.167422416404406,0.0,0.4099840001126147,0.02227206362618284,0.701740389466985,2.02634060922125,1.5163485364422813,1.1577041192101793,1.363087045332061,0.0,0.7086090048473777,2.5516426803546484,0.6621556277435046,0.23696401437038087,0.4251916133731239,0.0,0.0,0.3378443722564952,0.0,0.0,0.0,0.0,0.95,0.5126295394893705,,,0.19106616983379643
B001577,4569.334010205589,7.7315296280974435,12.162919066792394,14.484153581970467,0.0,0.27576707258906097,0.9804309078147971,45.66322892638999,2.250537915369762,0.6438364295138431,0.9937350503297832,2.5330129232337626,0.7481371813294481,0.5622701283208446,1.8070158549930735,0.7279014949805936,0.40028030679702326,0.3276211881835704,0.18003857940150259,0.0,0.09205992561790378,0.0,0.28,0.28,0.28,0.7,0.27265859834820494,,,0.3116940136216534
B001578,4999.451834564394,2.7728518217217935,10.0707169587125,3.866495051841548,0.31053495994597285,0.25694864372257664,0.015423327442446606,0.29542136762744386,1.2598492235529193,0.0,0.28045148664599595,0.8044458329365259,0.0,0.4281052785863527,2.4568245370357915,0.5728012636146113,0.4716593690319246,0.10114189458268653,0.0,0.0,0.4271987363853888,0.0,0.0,0.0,0.0,0.95,,,,0.19106616983379643
B001579,6654.867966704175,5.463766803533805,16.2510198625192,10.367222083696888,0.05568620062300754,0.42234233794298326,0.015249502392800778,0.3629640035628836,1.6205827119128964,1.739549996726309,0.8618846092754409,0.814118131328658,0.0,0.427631354290501,2.1687514056035577,0.6545905661853038,0.6545905661853038,0.0,0.0,0.0,0.34540943381469624,0.0,0.0,0.0,0.0,0.95,1.2447495843354612,0.4689461703228578,,0.19106616983379643
B001580,1391.2694281776196,4.576544171636907,7.544861423985811,5.904758311646038,0.0,0.5736317297947378,1.3019766443742133,61.06605017674189,1.8836251234959704,0.2794859778076947,0.0,1.2323875505844477,0.0,1.1810455197487957,2.743431957889896,0.5733356742059782,0.5122664553093691,0.061069218896609066,0.0,0.0,0.4266643257940224,0.0,0.2,0.2,0.2,0.98,0.31870094655027803,,,0.2770151739533745
B001581,9966.53113236298,5.259383183305002,8.965891808640864,1.4784677992127666,0.0,0.08654326230066665,0.018568233668622945,0.4293339925935691,3.4212188257612284,0.4947884502029618,0.11195658960446714,0.3705239061904911,0.0,0.8608954115458529,3.1645664643212856,0.24785788756631735,0.24785788756631735,0.0,0.09407727730764735,0.0,0.6580648351260351,0.0,0.0,0.0,0.0,0.5,,,,0.191088296168766
B001582,11986.590886698245,3.57168977553583,5.085008603522321,1.1787137366471017,0.0,0.47,0.015299423762843866,0.7098932625959554,1.8888177484992426,0.3630438308873073,0.0,0.0,0.0,1.3198281961492808,3.0253851478019906,0.40472751017253333,0.40472751017253333,0.0,0.0,0.0,0.5952724898274668,0.0,1.0,1.0,1.0,1.0,0.157714429179703,,,0.6084446516532538
B001583,9827.772896067963,5.396909882519474,9.814906573155735,8.233949521350844,0.18933147188710056,0.32365364007969255,1.5540919856329123,72.9747315746229,2.0282260492408684,0.6794957050054055,0.168846938430342,1.3754362742748778,0.6409733643128881,0.5039315512550901,2.6457844224499905,0.37378086712361075,0.3424950124204898,0.03128585470312098,0.24467132082291698,0.0,0.38154781205347177,0.0,,0.0,,0.98,,,,0.1887933662721779
B001584,17358.862315257622,10.13952238040749,30.82796746057768,1.430473739691328,0.0,0.809,0.047513796370335655,2.1709099448328657,9.254743047958977,0.13396975571231007,0.0,0.04913088296817992,0.0,0.7016786937680239,3.5880166166694147,0.05326163856167825,0.04841615559661128,0.004845482965066984,0.0,0.0,0.9467383614383218,0.0,0.0,0.0,0.0,1.0,0.1400920890492884,,,0.191088296168766
B001585,13745.604714295356,4.715473315367189,9.953367246455006,3.8366092065309036,0.0,0.365,0.016242200316121252,0.46587536470413415,2.9321092596478326,0.30428307380164005,0.0,0.6584533196218538,0.0,0.8206276622958624,3.186277778733309,0.3253824810397765,0.12121710271263252,0.20416537832714396,0.0,0.0,0.6746175189602236,0.0,0.0,0.0,0.0,0.5,0.5565771598778796,,,0.191088296168766
B001586,848.386351058526,1.2913034262686849,10.257745310447179,1.6261936803556492,0.0,0.3721403796140388,0.3575479921953751,23.812696280211977,0.19665139570745632,0.5330919711848339,0.02681061640526836,0.0,0.27569320238808365,0.2590562405830428,2.01425464681294,0.8125534773651909,0.5990535386368324,0.2134999387283585,0.0,0.0,0.18744652263480915,0.0,0.0,0.0,1.0,1.0,1.1796105470093272,0.35502021743439105,0.8384548198552946,0.19006326769067228
B001587,1669.0063934870227,3.2407891135670344,9.602936376087845,7.359165683859217,0.0,0.4215000101582448,1.3165778219498072,47.49941768662537,0.6276623157128941,0.2701392197817219,0.10015651663798403,1.789284388117203,0.06446596841625109,0.38908070490098084,2.0402614333148246,0.9838783512075817,0.43176455255692103,0.5521137986506607,0.0,0.0,0.016121648792418352,0.0,0.0,0.0,0.0,0.9,0.513404174800402,,,0.191088296168766
B001588,1571.2777068188834,2.5674472333641885,5.067922128995084,4.257504140562736,0.0,0.488,1.4274173067327496,51.45280902686236,0.8603009492134451,0.0,0.0,0.8962683961592296,0.0,0.810877887991514,2.996737066203265,0.5147245666667006,0.1656352516022476,0.34908931506445307,0.0,0.0,0.4852754333332993,0.0,0.0,0.0,0.98,0.98,0.2673460244905635,,,0.1887933662721779
B001589,639.0656156132802,1.6861889594017947,12.029145601923446,3.541142366224969,0.0,0.1589290945054684,0.3676606071160679,24.48619643393012,0.20221333391383736,0.4094759140408348,0.0,0.7888527280919116,0.0,0.2856469833552109,2.409414273661093,0.7652710928229634,0.5224300329537874,0.24284105986917598,0.0,0.0,0.23472890717703662,0.0,0.0,0.0,1.0,1.0,1.1563374522756518,0.2561291896704693,0.5450267720467362,0.19006326769067228
B001590,1768.1734834426716,2.631210540837309,8.641246001308076,0.8240810557216501,0.0,0.31170759462260983,0.007349130377797643,0.20101247282559095,1.8101306349255277,0.2573122971483019,0.0,0.0,0.18759196905981557,0.3761756397036635,3.2003331185030626,0.2962789642681591,0.2962789642681591,0.0,0.0,0.0,0.7037210357318409,0.0,0.0,0.0,0.0,0.5,0.6790247690990963,0.13044589581112484,,0.191088296168766
B001591,9239.705096981459,2.0029709726818683,11.4232610477984,4.2017299004742865,0.0,0.4400678661453337,0.28546307977626945,10.25900616715891,0.7139571007142986,0.19380786792570034,0.09396959853203794,0.5030357572350054,0.15336945422282755,0.34483119405199875,2.4786113282512607,0.6438284091227765,0.5470682111124168,0.09676019801035969,0.046915107514622544,0.0,0.30925648336260114,0.0,0.0,0.0,0.0,0.6,0.678837581539508,0.23907081962298993,,0.19006326769067228
B001592,3549.0547160488277,1.3939727871362246,9.950312347536588,2.140273814886345,0.0,0.3820484607908476,0.20332089746168966,7.3919978103405475,0.3110390670402927,0.5736881638429012,0.0,0.22715715946409076,0.0,0.2820883967889399,2.761113819583636,0.3386684827003524,0.17571181556859145,0.1629566671317609,0.4115490410838545,0.0,0.2497824762157932,0.0,0.5,0.5,1.0,0.5,0.8435496337749344,,,0.40649680945047806
B001593,1431.2969785452995,1.1608248001178423,5.949640491479869,3.613137427826274,0.1670927433774119,0.4856818013050838,0.5367941350491402,19.386473856820608,0.2937655620666126,0.0,0.045855444298214115,0.49804096556206495,0.1010510423080847,0.22211178588286612,2.2912057270650434,0.6149001025077013,0.6149001025077013,0.0,0.0,0.0,0.38509989749229884,0.0,0.0,0.0,1.0,,0.6060285368619214,0.399360657437134,,0.19006326769067228
B001594,13964.709482928494,3.930399516726286,7.844109862078212,3.058585138672569,0.0,0.2646382105684247,1.3615165718389295,49.23727159648356,1.7787143675729014,0.8859709720473102,0.0,0.22052096662596848,0.6237397546497216,0.42145345583038335,2.9115268272285735,0.31794549976733755,0.26183899820496076,0.05610650156237682,0.22541499109109764,0.0,0.4566395091415645,0.0,0.0,0.0,0.0,0.98,0.20961922628951815,,,0.1887933662721779
B001595,1252.8458107872066,2.6487226443704155,9.783017975269104,4.82264402371811,0.0,0.48800000000000004,0.016197925367123174,0.34595507466558933,1.1574088694014852,0.0,0.0,0.6146689084772221,0.5589462344889387,0.31769863200276877,2.889142824171751,0.5428579527687513,0.31079556232419614,0.23206239044455518,0.0,0.0,0.4571420472312484,0.0,0.0,0.0,0.0,1.0,1.0394588354850587,,,0.19106616983379643
B001596,5333.436898023606,2.001289642785593,9.667649632519218,1.816254908568033,0.0,0.4810346999033765,0.28728598156123053,10.368470388437427,1.0238669233054427,0.3933799338398428,0.044175169695941534,0.0,0.13348742726035778,0.4063801886840084,2.322359964190488,0.7291724257230139,0.7291724257230139,0.0,0.0,0.0,0.27082757427698617,0.0,0.0,0.0,0.0,0.6,,,,0.19006326769067228
B001597,2533.0787813771676,2.987121204454207,6.291586445125901,3.4164127390565318,0.0,0.365,1.0050764837666473,36.33477759940266,1.7673115187140152,0.0,0.6939709096838983,0.0,0.0,0.5258387760562937,2.9818598374557967,0.4267134898321008,0.4267134898321008,0.0,0.0,0.0,0.5732865101678992,0.0,0.28,0.28,0.28,0.7,,0.4571180030960268,,0.3116940136216534
B001598,7202.399064205503,5.947480647568541,7.713301283185484,5.589942484712518,0.0,0.3327461715687421,0.023189156754314336,0.6040015378159259,2.175273054547226,0.6942665023562465,0.0,0.9498698789148412,1.2884723624797219,0.8395988492705048,2.559835288566704,0.6342530251970597,0.25790169695698445,0.37635132824007517,0.0,0.0,0.3657469748029403,0.0,1.0,1.0,1.0,1.0,0.25820491741755863,0.24766896705209512,,0.6084446516532538
B001599,7446.135515444555,6.913774851851954,14.631421401666596,5.1355350130777175,0.0,0.45997746674138223,0.034888197156037415,1.946496598913698,4.212142377649601,0.0,0.0,1.7865937309295303,0.06887288124001877,0.8461658620328024,1.6199565020458984,0.9891506035880759,0.7961044059289827,0.1930461976590933,0.0,0.0,0.010849396411924138,0.0,0.0,0.0,0.0,0.5,0.07052991368228002,,,0.191088296168766
B001600,3126.1650453826633,1.5499083021232838,8.748843460004668,2.185161626282022,0.09556697862262584,0.30965045064865676,0.9586347928779961,36.09803175249308,0.531766901740829,0.5128233786425224,0.06304461878536521,0.2328725157842005,0.0,0.2094008871703668,1.9635968565685245,0.9619535931663944,0.8117043716704009,0.1502492214959935,0.0,0.0,0.038046406833605606,0.0,0.0,0.3,0.0,1.0,0.650735776731831,0.301742878742603,,0.19006326769067228
B001601,7259.714611807195,1.7376052206336035,12.776156159272952,3.145611548460989,0.0,0.2818313595482685,0.28021959956643966,13.169253650833484,0.38556225665583366,0.21564317147859485,0.012089898168095733,0.5408523287346814,0.30574964062766646,0.2777079249687309,2.4082747281624,0.7340079171387959,0.6029464614396411,0.1310614556991545,0.0,0.0,0.2659920828612042,0.0,,0.0,,1.0,0.5250009649506451,0.47710232643238903,,0.19006326769067228
B001602,7858.490081472771,6.2517820854994195,9.94858064567132,5.4186314767502415,0.0,0.29558849850535923,1.3342312620083059,48.26182389252629,2.352736497572337,0.24168834617741744,0.0,0.0,2.4571871254784607,1.2001701162712035,2.5481545303667916,0.6844536648650226,0.2914157931231812,0.39303787174184107,0.0,0.0,0.3155463351349775,0.0,0.28,0.28,0.28,0.7,0.4175392864494213,0.4831196799847114,,0.3116940136216534
B001603,11202.642417961782,6.528346397413626,13.786265007350094,11.045134966100736,0.09238407136152271,0.3004847111806169,1.2219393020376195,57.199232082330695,1.9751770525787793,0.5358551555036174,0.9006948043840756,1.6169220270894369,1.0904786743170247,0.40921868354069274,1.903909297022138,0.8102200294883793,0.5625429105582285,0.2476771189301509,0.16703750198504266,0.0,0.022742468526578033,0.0,0.0,0.0,0.0,0.98,,,,0.1887933662721779
B001604,4713.577580423449,4.021823874081441,9.307605754044053,6.503184356665639,0.0,0.3921493171550288,0.01939391425197077,0.4199916865760501,0.32503087663308505,0.7786996558969619,1.9139051941656995,0.1622822950545872,0.0,0.8419058523311074,1.8326980978469942,0.9781870841830764,0.7442181237281725,0.23396896045490387,0.0,0.0,0.0218129158169236,0.0,0.0,0.0,0.0,1.0,0.7534495082591856,0.432136835381747,,0.19106616983379643
B001605,62150.2870175823,13.400234372053104,17.04512304431106,8.968269201629036,0.0,0.28367465271127645,0.010777524054224122,0.24033878640919792,7.117232865997061,0.0,1.6544818447972742,0.9895087728446724,2.9256291836852077,0.7133817047288878,2.7932556541176052,0.4604465625893866,0.38660391585864395,0.07384264673074266,0.0,0.0,0.5395534374106133,0.0,0.0,0.0,0.0,1.0,,,,0.18847355270950683
B001606,24268.223325138973,4.981162423058081,8.867814257108469,6.895891890325187,0.11280161945400895,0.2734651077359951,1.4696655618707866,53.19814594908742,1.2166535195700214,0.47411624956713233,1.3734710450818033,0.36394865263637316,0.8679705600168268,0.6850023961859251,1.8237773612375203,0.980457741561502,0.980457741561502,0.0,0.0,0.0,0.01954225843849797,0.0,0.2,0.2,0.2,,0.16319805798802758,,,0.2770151739533745
B001607,1732.970033436882,0.585858699606789,3.8118041118249546,1.6687117521432442,0.0,0.47,0.43741754470502003,29.096765186249325,0.2399042555073515,0.14754921665162887,0.0,0.0,0.0,0.19840522744780856,3.033465348605504,0.4749009885458716,0.22304978833213496,0.2518512002137367,0.0,0.0,0.5250990114541281,0.0,0.0,0.0,1.0,1.0,,,,0.19006326769067228
B001608,799.3525927081846,1.5342660128755943,8.40190259370315,2.514367014732443,0.0967733100866969,0.5445396777019048,0.5253570082220372,18.96671889385937,0.6545563069267282,0.2849736225990478,0.0,0.3073647216770817,0.04492501394975523,0.24244634772298124,2.760356225292536,0.5218557124581593,0.30683521811083864,0.21502049434732073,0.0,0.0,0.4781442875418406,0.0,0.0,0.0,0.0,1.0,0.8111837475939497,,,0.19006326769067228
B001609,2099.658566641416,6.440670449820295,15.041556330010353,7.086315112782124,0.0,0.365,0.022953860501193718,0.43110594368311994,3.410188376459864,0.5192565552091047,0.13401428812755475,2.1069070871340765,0.0,0.27030414288969506,2.7408968529808555,0.4667539840763662,0.038199542116407005,0.42855444195995923,0.0,0.0,0.5332460159236337,0.0,,0.0,,0.92,0.4089201160161005,,,0.191088296168766
B001610,7409.939781373619,4.363922132728868,10.699215692525227,4.062011813270374,0.0,0.44366083106548915,0.013884983098356042,0.32256481284978333,2.442929658013275,0.30471117187544816,0.0,0.44520020324525633,0.1567373842311315,1.0143437153637573,2.1871407207491194,0.7317415926425629,0.6297232271207973,0.10201836552176553,0.0,0.0,0.2682584073574371,0.0,0.0,0.0,0.0,0.5,0.4573936887431506,,,0.191088296168766
B001611,2236.877990030506,2.5564319886062927,10.368950745442165,6.371946985816779,0.4065243042105007,0.06995625177422016,0.3484816380698241,23.128196219126366,0.47517895752521444,0.4467136210064335,0.05686519118630511,1.1040075443371429,0.0,0.4736666745511966,2.3159431453705936,0.42546525543616587,0.42546525543616587,0.0,0.43185484662121687,0.0,0.14267989794261726,0.0,0.5,0.5,1.0,0.5,0.8644009494213305,,,0.40649680945047806
B001612,8806.584810691706,4.5231560404169,10.077272519595802,9.65362778447853,0.0,0.4017842714161741,0.022010567515275768,0.5827714983284304,0.5900685346996297,0.0,0.9618833989348918,0.9480558723687769,1.5239810549015136,0.4991671795120882,1.9615283025360102,0.9827108309908095,0.22352403851201702,0.7591867924787925,0.0,0.0,0.01728916900919039,0.0,0.0,0.0,0.0,1.0,1.1550161075125034,,,0.19106616983379643
B001613,6438.396222654126,8.783623768968795,12.93987940096702,13.975971203714156,0.0,0.18567352576573445,2.2027288542311068,79.94017542859976,1.9274030927799655,1.8848230196003544,2.1203148812550396,2.0473384875865706,0.0,0.8037442877468617,1.9921108375816268,0.8889711979259668,0.6897117010810989,0.19925949684486774,0.0,0.0,0.11102880207403318,0.0,0.28,0.28,0.28,0.62,,,,0.3116940136216534
B001614,3687.974082182734,6.325856058632477,9.9603926614995,9.46502594760333,0.0,0.18128566061489523,1.4358990672273104,51.985640646975035,1.9930891780193054,0.6297815597031662,1.6575006726940427,1.3673937371640061,0.0,0.6780909110519566,2.7549913664666494,0.6011836162316686,0.12300416007250163,0.4781794561591669,0.09955673253800092,0.0,0.2992596512303306,0.0,0.2,0.2,0.2,0.98,0.3101149226964819,,,0.2770151739533745
B001615,355.389334316458,0.8342472636536573,6.713561103810913,1.1227148607922866,0.0,0.4476612133185196,0.8841559209919262,32.00644433990773,0.281877180300339,0.22195550540733308,0.0,0.057475169790163524,0.14682078807512372,0.12611862008069802,1.6558012089776977,1.0,1.0,0.0,0.0,0.0,0.0,0.0,,,,1.0,,,,0.19006326769067228
B001616,15629.121742137793,6.251648696855117,9.477715855650061,5.513102593397421,0.0,0.3151348189977157,1.4868665767826905,53.80483735352175,2.081965622873676,2.032596963166904,0.5469866232110421,0.0,0.689064554134552,0.901034933468943,2.5414823426769892,0.6704727827117162,0.25784825573284087,0.41262452697887547,0.0,0.0,0.3295272172882836,0.0,0.2,0.2,0.2,0.98,,,,0.2770151739533745
B001617,19887.217941910112,16.395068377502152,27.73255229725868,4.222939267958665,0.26097519491752985,0.250156389692901,0.14378622985627848,6.5859935722085625,13.477961099469418,0.6340446781029738,0.1483049518508649,0.059824766152512754,0.7717309038270727,1.3032019780993103,1.223037370889885,0.9820801549129449,0.9223145839943724,0.05976557091857249,0.0,0.0,0.017919845087055127,0.0,0.0,0.0,0.0,1.0,0.09481831475150725,,,0.191088296168766
B001618,3576.042392273187,4.292968057951005,9.602813741761224,7.641808350784765,0.0,0.1661880367313955,1.2209704634146081,44.05047646129098,1.519875497655119,0.803728395719246,0.0,1.602276950501553,0.0,0.36708721407508604,2.4220301470876073,0.6314294288258749,0.25819652122620695,0.3732329075996679,0.0,0.0,0.36857057117412495,0.0,0.0,0.0,0.0,1.0,0.5294341303825975,0.3411057795583291,,0.191088296168766
B001619,5009.653589309261,4.617192248211301,7.629560995407041,3.4520227166557076,0.0,0.26122587587631374,2.347535135239447,84.97976137904121,1.9731997244051716,0.7899016197555403,0.0,0.4829240063638613,0.7247922127258886,0.646374684960839,2.084843314560573,0.7855015949829043,0.6809090243462917,0.10459257063661274,0.171078347465724,0.0,0.04342005755137164,0.0,0.2,0.2,0.2,0.98,,,,0.2770151739533745
B001620,20708.620033340703,10.859265880094759,24.160314204587284,1.4923551226099294,0.0,0.1668674192314349,0.023974467556086322,1.2342944508845115,9.21065459437699,0.6669739703164369,0.09250528907851585,0.0,0.25434990704750315,0.6347821192753076,1.6654279546556454,0.8101354291014348,0.8101354291014348,0.0,0.00851855826166664,0.0,0.18134601263689865,0.0,0.0,0.0,0.0,0.5,0.07758535339937637,,,0.191088296168766
B001621,3763.336211225769,1.2752748936718974,9.63263809186199,1.8929701767362195,0.0,0.34463178304277714,1.2253262515168166,44.30870605251797,0.12917137872691936,0.6558916581271147,0.059496630345395145,0.12123761612620769,0.2069709014957997,0.10250670885046063,2.1085385137947754,0.9856820837749024,0.8439602892281478,0.1417217945467545,0.0,0.0,0.014317916225097573,0.0,0.0,0.0,1.0,1.0,0.5987453546775123,,,0.19006326769067228
B001622,4482.432579244166,1.9573941394079328,14.174041526315749,3.343170097816933,0.0,0.3570812876453609,0.3397144398689774,12.313086686899124,0.43845817010368304,0.3387859927397787,0.0668519235629088,0.5290022757675268,0.42216128574821693,0.16213449148581768,1.469038481092581,0.9823448373042221,0.7666696816220291,0.21567515568219242,0.0,0.0,0.017655162695777958,0.0,0.3,0.3,0.3,1.0,0.4402313244894322,,,0.32152411226147926
B001623,2791.612718277046,1.9925858089058144,8.186998201693285,3.848840932876821,0.0,0.44904981163523294,1.1668410847179738,42.19177028447369,0.5871543351181788,0.0,0.05067497358719233,0.9496824634031192,0.0,0.4050740367973237,1.7678709763361002,0.9153595407357077,0.9153595407357077,0.0,0.0,0.0,0.08464045926429221,0.0,0.3,0.3,0.3,1.0,0.5871087981188292,,,0.32152411226147926
B001624,618.1110950947786,1.5112740711363781,6.474495337669303,1.3313514691305968,0.0,0.5441229728623703,0.47255358415305837,17.106439746340715,0.6417876598437231,0.09878197058354861,0.0,0.1355824677996865,0.21077131354908135,0.4243506593603382,2.7404959821504966,0.5590432401418168,0.49367986729623425,0.0653633728455826,0.0,0.0,0.440956759858183,0.0,0.3,0.3,0.3,1.0,0.991400898708925,,,0.32152411226147926
B001625,3658.96624418814,1.5530416995705179,10.593068693553105,1.2561581587897381,0.0,0.20677271208206432,0.42620952069483,15.395028613086941,0.5313227792763688,0.44672497047874965,0.03889305279263852,0.18276639323336524,0.16512951450765218,0.18820498928174317,2.64941863397245,0.5461776216984056,0.14084957166201814,0.40532805003638733,0.10632651689476047,0.0,0.34749586140683386,0.0,0.0,0.0,0.0,1.0,0.5389860382584225,,,0.19006326769067228
B001626,4453.616514779016,3.913547025289118,15.23858067554071,5.061786100565658,0.0,0.43428659580062207,0.013745135634868462,0.27006392254878486,1.1453960140916115,0.0,0.0,0.15108936758273203,2.2544133326421396,0.36264831097263434,2.526600216082631,0.6820813378859351,0.6820813378859351,0.0,0.0,0.0,0.31791866211406494,0.0,0.0,0.0,0.0,1.0,0.6362586328487981,,,0.19106616983379643
B001627,24308.746646058866,6.667237149220753,12.262472340268479,9.179616729877516,0.08870629358625318,0.13548817847817987,0.01368302182414485,0.2269535748427165,2.5841286514657646,0.9886703885938052,0.13770255408027293,2.264905759218172,0.07730824176845968,0.6145215540942774,2.445698272434506,0.3447816261735934,0.3447816261735934,0.0,0.5086482790384339,0.0,0.14657009478797245,0.0,0.0,0.0,0.0,0.5,0.5400420730906825,,,0.191088296168766
B001628,5536.869818141982,13.604102747277597,28.053848322334822,0.0,0.0,0.0,0.06651239725172954,2.9416751785375617,12.571203873712866,0.0,0.0,0.0,0.0,1.0328988735647335,3.5654326107593852,0.07592554193046164,0.07592554193046164,0.0,0.0,0.0,0.9240744580695385,0.0,0.0,0.0,0.0,1.0,,,,0.191088296168766
B001629,1958.6446779641008,3.460502964600885,14.437179535986276,4.9845953581221085,0.0,0.17780189197628007,0.6694294015165267,24.152420162974664,0.8334047654394728,0.9119334208963767,0.10457232583705499,1.055380635216965,0.33888916644133704,0.2163226507696787,2.47475982221325,0.759166579550787,0.41788082523565573,0.3412857543151315,0.0,0.0,0.240833420449213,0.0,0.0,0.0,0.0,1.0,1.3152455340703333,,,0.19006326769067228
B001630,1056.9063021128184,3.0197322917509095,9.79967648624377,1.2351715575462985,0.0,0.3318749843649294,0.0067079838057717365,0.1869766360889829,2.0155774556910164,0.1519663530503134,0.0,0.0,0.497730560253955,0.35445792275562377,1.5031133508360734,0.9341212567777798,0.7692952019603974,0.16482605481738233,0.0,0.0,0.06587874322222008,0.0,0.0,0.0,0.0,0.5,,,,0.191088296168766
B001631,1855.5606120162388,5.909428700688658,9.647400328700416,9.06434938778718,0.191463913074542,0.37328781466685207,1.2007339543574151,43.554842362717984,2.0650386356307333,0.0,1.2964078943411723,1.6455752567560404,0.14418531765660572,0.7582215963041092,2.2357156097630155,0.6320033613508563,0.6320033613508563,0.0,0.0,0.0,0.3679966386491438,0.0,0.28,0.28,0.28,0.7,,,,0.3116940136216534
B001632,444029.6863991865,612.4547398609469,1106.9452795525565,2145.5463387817404,0.0,0.48770862919962915,1.2229126336595115,44.28291037030814,1.710761716572107,604.7943765555541,0.19932734400601979,2.7682209875494506,1.9266752885450114,1.0553779687202822,2.003814623397983,0.9968812567912988,0.9923613783294585,0.004519878461840223,0.00032545644768995586,0.0,0.0027932867610111437,0.0,0.2,0.2,0.2,0.98,0.222295143192765,,,0.2770151739533745
B001633,2256.1991577983968,6.181367555612046,11.450122955782886,5.145944072686397,0.0,0.29722408393288496,0.019839551333413065,0.5763125233124461,2.757169593541969,0.7056531023119099,1.4240400507804634,0.0,0.7576953764647814,0.5368094325129193,1.4659379800073495,1.0,0.8774226949541489,0.12257730504585057,0.0,0.0,0.0,0.0,,,,1.0,,,,0.18847355270950683
B001634,4122.7734744359295,1.9594930962147954,8.380885913835579,2.2004833616541744,0.0,0.3654765045520658,0.30827421581624326,11.218722813046016,0.4631112548291953,0.5599491204769652,0.06356403626739628,0.09065786172552004,0.33097286673179127,0.4512379561839277,2.394227743526982,0.6928901949210856,0.6928901949210856,0.0,0.16890739108555183,0.0,0.13820241399336264,0.0,0.5,0.5,1.0,0.5,,,,0.40649680945047806
B001635,67753.65876779733,16.51319979717215,35.8985472900219,8.205704994595143,0.0,0.20768640920761655,0.07842483678938614,3.2287580255103396,12.691139609576664,1.118484047351027,0.17679618158823793,1.1669620178138302,0.3629383885695005,0.9968795522728908,3.3754618729253023,0.13305292924565457,0.040405809052430575,0.09264712019322402,0.06773272661198981,0.0,0.7992143441423556,0.0,,,,1.0,0.13092108288843585,,,0.191088296168766
B001636,2336.067587540945,1.213541603917374,7.683645426318859,2.2266247859762225,0.0,0.39054739939444955,0.4627170731020429,16.730199585025332,0.2538497882469526,0.28254809349364685,0.06031988793529425,0.3325081352300414,0.0,0.284315699011439,2.407487323373223,0.5579897054958151,0.4684449053083924,0.08954480018742265,0.23282934229989907,0.0,0.2091809522042858,0.0,0.0,0.0,1.0,1.0,0.4366529039799429,,,0.19006326769067228
B001637,5578.365594167683,4.699549784471511,8.067472644236325,5.744033101412753,0.0,0.34431339035929354,1.8267314326964614,66.07363106077925,1.7161010044137988,1.175310132085369,0.6787104641259902,0.0,0.6057604144663797,0.5236677693799722,2.0209208006213233,0.8308541410223848,0.6864338251937024,0.14442031582868206,0.1288975417321812,0.0,0.04024831724543394,0.0,0.0,0.0,0.0,0.98,0.3854985290287636,,,0.1887933662721779
B001638,2235.5813794975793,1.1417678138394174,7.859160414651632,1.9814877027396516,0.0,0.2732093505729965,0.4061369671565965,14.703924638856028,0.22280384059319952,0.0,0.0309212910423648,0.4531564993757415,0.23481737622679058,0.20006880660132104,2.3788305995787398,0.8048606398844105,0.40797040188416916,0.3968902380002412,0.0,0.0,0.1951393601155896,0.0,0.0,0.0,1.0,,0.861212887536864,0.3305942991952633,0.5459907044539483,0.19006326769067228
B001639,2744.6855239103456,1.1825443877252675,4.854403244159267,1.537323604916497,0.0,0.47,0.8317729246338925,30.11017987174691,0.40326458804810433,0.47349567031428114,0.0,0.0,0.0,0.30578412936288224,2.3952135544551596,0.5680331442953646,0.5680331442953646,0.0,0.400404141467445,0.0,0.03156271423719055,0.0,0.0,0.0,1.0,1.0,0.6855294630131975,0.3016575042902265,,0.19006326769067228
B001640,1720.3007510969746,2.997039636057447,9.642615847659782,3.981753427342924,0.0,0.3631072004032962,0.013717710856867219,0.40807145979799225,0.3777184632456457,0.9675468658168661,1.2089475552172761,0.0,0.0,0.4428267517776598,2.5282228193115794,0.4705889106791553,0.1477547198408729,0.32283419083828235,0.4033805695034535,0.0,0.12603051981739144,0.0,0.0,0.0,0.0,1.0,1.016218536231197,,,0.19106616983379643
B001641,46354.11408081682,10.289481482978207,12.90549040105161,15.644984767554961,0.0,0.29460522123686295,0.024873954063807394,0.48672363942618285,2.7438049781484684,1.056714488787403,1.194794652351223,2.146799504068928,2.4099536736299623,0.7374141859922205,1.7970772891836684,1.0,0.6752417347805016,0.3247582652194981,0.0,0.0,0.0,0.0,1.0,1.0,1.0,1.0,0.20109870567283733,,,0.6084446516532538
B001642,3271.8640310953033,7.846196717254924,9.960580845358852,3.6578202684110304,0.0,0.24000000000000005,0.013629826653013958,0.3039451343622113,4.577180592430062,1.1993301599633384,0.0,0.0,1.2550672401404632,0.8146187247210612,3.004511504480294,0.41663703353700315,0.2566783573314488,0.15995867620555426,0.0,0.0,0.583362966462997,0.0,0.5,0.5,0.5,0.5,0.3134594660094227,0.3064068592537451,,0.40484810018049977
B001643,22490.064171134,9.445638039115497,12.13675570383754,11.704584583094162,0.0,0.32809213714444957,0.029509847983183915,0.745009063096638,4.380343724074615,0.0,1.6839633804840632,2.508531269625374,0.0,0.8727996649314466,1.9806488102155249,0.9880722777894835,0.7224966481456997,0.26557562964378384,0.0,0.0,0.011927722210516621,0.0,0.0,0.0,0.0,0.9,0.29686886114840916,,,0.18847355270950683
B001644,8266.809261408729,12.174976820925963,36.15872502855181,6.413510771500831,0.08800693630333473,0.25429115118940393,0.050204575631757085,2.3288839607080765,9.43256652089954,0.5413169172117187,0.15031170116556447,1.3525459087122609,0.1690486343426989,0.5291871385941799,3.1882144245440034,0.2252497347931583,0.16844234792499327,0.05680738686816503,0.0,0.0,0.7747502652068416,0.0,0.0,0.0,0.0,1.0,,,,0.191088296168766
B001645,10992.455407571979,4.083378680375921,6.3035889410892,4.490800291357558,0.17069279583936248,0.31692628621977026,0.014517563590708172,0.32374166807279225,1.7922918013219966,0.6291006409254757,0.0,0.677552509901811,0.0,0.9844337282266379,2.8452280088733652,0.5062710788983187,0.34034169469547154,0.16592938420284714,0.0,0.0,0.49372892110168143,0.0,1.0,1.0,1.0,1.0,,0.3005561595434213,0.726799422647234,0.6084446516532538
B001646,6166.388527904459,9.486751581391475,16.569673867486138,8.277091944475297,0.0,0.2769914868398477,0.010342281051185068,0.23063286744142703,3.4731540843531947,0.44698277629026245,1.743100962702564,0.16732076519766473,2.816212025316107,0.8399809675316828,2.528368705744513,0.6075221880825448,0.4061443284949096,0.2013778595876352,0.0,0.0,0.3924778119174553,0.0,0.5,0.5,0.5,0.5,0.21534172462509607,,,0.40484810018049977
B001647,9293.139723986804,5.353191085245855,17.595962571555052,7.315608554564318,0.0,0.37261157224208546,0.020428325593294785,0.7634741557604687,2.280038546182129,0.0,0.8818992496228955,0.7512197959537297,1.0980178097713287,0.34201568371577135,1.9659779558891646,0.9905029465000363,0.6450571037723563,0.34544584272768,0.0,0.0,0.009497053499963687,0.0,0.0,0.0,0.0,0.9,0.1312191888047746,,,0.19106616983379643
B001648,21012.23206947869,10.543016592814196,19.24770796612153,1.5392175049734527,0.0,0.41522102652741655,0.03691630264288825,2.2311619185185307,9.012117281717746,0.36116785891864583,0.17264686841811985,0.0,0.07333809906058855,0.9237464846990929,3.4661860023397995,0.1153571211433363,0.1153571211433363,0.0,0.006956083054120736,0.0,0.8776867958025428,0.0,0.0,0.0,0.0,0.5,0.12758128942886107,,,0.191088296168766
B001649,9884.207509478969,3.8975581661983316,12.267010037767347,3.309941249162498,0.05696448128710282,0.42972536924813576,0.007819246271032603,0.30387979153413996,1.925922726855321,0.3264915901014964,0.018908803998029095,0.9496473286510226,0.03267562434446826,0.6439120922479936,3.131437611824119,0.21449108282867757,0.1258713934305773,0.08861968939810029,0.2436518682099121,0.0,0.54185704896141,0.0,0.0,0.0,0.0,0.5,,0.18117985124819966,0.6315591694208312,0.191088296168766
B001650,1453.485232042748,4.31301255799035,9.83313768922999,3.62528660201647,0.0,0.0,0.014025374548349363,0.34860665432370974,2.6789590158931733,0.0,0.0,1.234627605182729,0.0,0.39942593691444744,2.8752556481690164,0.3788659365412476,0.3788659365412476,0.0,0.0,0.0,0.6211340634587521,0.0,0.0,0.0,0.0,1.0,0.1337309362913695,,,0.18847355270950683
B001651,5056.190412786471,5.976584412277153,8.836513871029998,7.409886700333536,0.0,0.3490526622790426,1.9126052508763236,69.17304794950147,2.529747971009832,0.4840598217679367,0.0,1.463237499827059,0.7673981835253029,0.7321409361470217,2.6579891607190493,0.5846514872928559,0.5846514872928559,0.0,0.0,0.0,0.41534851270714407,0.0,0.0,0.0,0.0,0.98,0.3437873150993819,,,0.1887933662721779
B001652,8219.127095115104,13.108655654091075,16.987072662236518,10.009926982837339,0.0,0.23589138207855323,0.01654093191033473,0.7662259451185364,5.986088483871354,0.9981144871749326,2.113134824963041,0.22090335318381404,2.379816714501716,1.4105977903962212,1.5378825074818234,1.0,0.9831482831639666,0.016851716836033634,0.0,0.0,0.0,0.0,0.0,0.0,0.0,1.0,,,,0.18847355270950683
B001653,3052.2229338890224,5.9497523077758725,13.900779358411489,1.6497616193455504,0.26489941358206537,0.47590850392055456,0.020312843596415272,0.8762339798237949,4.981199247867375,0.3066678294008938,0.0,0.0,0.061676936969231065,0.6002082935383735,2.016204886744462,0.6852358725803621,0.6852358725803621,0.0,0.0,0.0,0.31476412741963805,0.0,0.0,0.0,0.0,0.5,,,,0.191088296168766
B001654,2988.7761125065144,5.271210074967398,7.684551861251237,4.193871226764635,0.0,0.42396149683615436,2.0262699254434535,95.31030846843385,2.98018469566725,0.7253456468664908,0.0,0.0,0.9709143273891717,0.594765405044485,1.8301478276962297,0.8772203923981602,0.6930284680428825,0.18419192435527754,0.0,0.0,0.12277960760183987,0.0,0.28,0.28,0.28,0.7,0.37685744506112984,,,0.3116940136216534
B001655,2992.8627279626317,1.5466990842184143,6.1935685375788445,2.4459482846539133,0.11232125934898005,0.1678555795264505,0.5074149227626563,23.790765400211235,0.6969934237482432,0.0,0.0733239383119245,0.4282867646309614,0.1043220472718687,0.24377291025541653,2.785562782550336,0.4025639669823221,0.07825349957400769,0.32431046740831443,0.06744818584061245,0.0,0.5299878471770654,0.0,0.3,0.3,0.3,1.0,0.9406332409906082,0.3795044051086126,,0.32152411226147926
B001656,5621.6672190498675,4.696463842146923,8.521707729287408,5.763300604719573,0.0,0.44778205129341514,2.6606241218091395,176.91977680674466,1.235261545598382,0.6773746603019155,0.8829954769415839,0.2681971321458777,0.4515312562401633,1.1811037709190009,2.050152888298608,0.8847946968329342,0.6834577283755048,0.2013369684574295,0.09614281540678317,0.0,0.019062487760282545,0.0,,0.0,,0.98,0.203907817374126,,,0.1887933662721779
B001657,2175.024224512072,4.174710603670004,11.628958939754847,10.78295276518316,0.1512696514200309,0.39989130899287584,0.01661786780411649,0.06001979640054474,0.4473024330386731,1.2108211995513662,0.47861967482119244,1.5764011855749338,0.0,0.4615661106838384,1.821485495137269,0.8497764505924462,0.35752176386289175,0.49225468672955436,0.0,0.0,0.15022354940755392,0.0,0.0,0.0,0.0,1.0,0.8468459136930346,0.41367771294868316,0.5997891947980714,0.19106616983379643
B001658,3291.1345269681688,5.522037796926457,10.609358736438592,5.508242671820778,0.0,0.3558894420222473,2.263483703949923,106.19717225958716,1.987178946558963,0.6168148768299133,0.1273354817957909,0.5146938023865175,1.2745410134811208,1.0014736758741516,1.7072207423125394,0.9945959108866479,0.763786006943121,0.23080990394352696,0.0,0.0,0.005404089113352047,0.0,0.0,0.0,0.0,1.0,0.5012416659896157,0.3925323753388019,0.5772752287828,0.191088296168766
B001659,37904.52711501391,14.668934642033246,28.435957835089233,5.13569310058122,0.10958065805294753,0.17841987098669873,0.078892241150542,3.48309542693647,12.05674878693675,0.6146646916657805,0.0,0.9266120789567286,0.187057655906751,0.8838514285672395,1.1573867919353422,0.9844781736363615,0.9226586709613784,0.061819502674982936,0.0,0.0,0.01552182636363847,0.0,0.0,0.0,0.0,1.0,,0.2532707126812183,,0.191088296168766
B001660,1712.244350912367,1.5495423990157169,9.52999993621905,1.85607019632689,0.0,0.7480768655852469,0.24089199807029396,8.68847066182631,0.8620987673967954,0.0848220833273596,0.0,0.2564138193351638,0.0,0.34620772895639856,2.0664163536168916,0.9161129243595785,0.6958957151504086,0.22021720920917004,0.0,0.0,0.08388707564042146,0.0,,0.0,,0.5,0.49870544182810767,,,0.19006326769067228
B001661,2106.7741736926755,1.6747012509480728,12.14088822560061,2.4653193356827248,0.10220595362912142,0.28383745756225287,0.23303909959254535,8.369380082049247,0.6324235170822563,0.529492192835663,0.024962449648719152,0.2214390686165996,0.13149850690066697,0.13488551586416786,2.554439629272226,0.5836411941042458,0.49021500453114353,0.09342618957310225,0.0,0.0,0.41635880589575436,0.0,0.0,0.0,0.0,0.6,,,,0.19006326769067228
B001662,3321.5031780744685,7.12768922333577,16.46800992834442,6.10933213161245,0.0,0.4567166169368332,0.0059305076050441205,0.27517555287404716,3.9163729467272494,0.42534444060568777,0.9915852068876188,0.2143747435291784,0.6511888741232018,0.9288230114628309,2.8751057643704607,0.4505410064870389,0.3364538296629671,0.11408717682407178,0.0,0.0,0.5494589935129609,0.0,0.0,0.0,0.0,1.0,0.12741940679081284,,,0.18847355270950683
B001663,1804.8234720246446,1.3915369869118308,8.228500690646936,1.5396586091570026,0.0,0.10486518154657169,0.4650986817421609,16.79057789649325,0.5794511529728792,0.0,0.04858979008704876,0.2020076745194353,0.30255340962777194,0.25893495970469554,2.691577862360088,0.5412907598046737,0.3238668519434722,0.21742390786120155,0.0,0.0,0.4587092401953262,0.0,0.0,0.0,0.0,1.0,1.0119586066438955,,,0.19006326769067228
B001664,2142.9560237223805,4.937686690604563,11.906731917603517,3.1662738347405806,0.0,0.2484949526685533,0.011940778086820932,0.2662793513361068,2.570347351723815,1.079434708140803,0.0,0.4911743374860249,0.39526676988185355,0.4014635233720687,1.6333831852528309,0.7506842543983319,0.5711586662206536,0.17952558817767839,0.21861142186172983,0.0,0.03070432373993866,0.0,0.0,0.0,0.0,1.0,,,,0.19106616983379643
B001665,2433.9035667937246,5.494138976961004,8.094139679865206,3.8604170147491454,0.0,0.31209400157435235,1.9305320687688443,69.89723562415786,2.5249358418298904,0.0,1.2983064480749154,0.7884861921390586,0.0,0.8824104949171389,2.981003693300906,0.26525954735700097,0.12174548711107734,0.14351406024592359,0.23630753672580976,0.0,0.4984329159171891,0.0,0.0,0.0,0.0,0.98,,,,0.1887933662721779
B001666,3792.5987760240787,7.36426946800792,19.068839202070773,0.9513356805905517,0.0,0.3750261729313068,0.029375382163958626,1.301853083968407,6.397610543305899,0.0,0.0,0.1720182894170775,0.26359211116048414,0.5310485241244575,3.4956658512961307,0.08388669982525844,0.08388669982525844,0.0,0.0,0.0,0.9161133001747414,0.0,0.0,0.0,0.0,0.5,0.11582587884301673,,,0.191088296168766
B001667,8966.47951816771,5.583113025011027,10.605304871881497,6.301193895001263,0.0,0.2783295023099776,1.2087624324750732,43.733299957611074,1.7218093340275191,0.8797638306364819,1.3993732509274375,0.8744561238227336,0.0,0.7077104855968545,2.4800464521170267,0.6587803856149331,0.4081364805643678,0.25064390505056516,0.0,0.0,0.34121961438506704,0.0,0.2,0.2,0.2,0.98,0.3609093253127311,0.4094497199107005,,0.2770151739533745
B001668,6982.888488439573,6.996882252945464,15.475410418783985,5.5111963580955985,0.0,0.453,0.009537506330925823,0.03451042524799167,4.227823717993797,0.7820358225364912,0.0,1.3029057047237538,0.0,0.684117007691423,2.9915605160819045,0.3573388587792784,0.17112653482952597,0.18621232394975235,0.0,0.0,0.6426611412207218,0.0,0.0,0.0,0.0,1.0,0.21484460196231023,,,0.18847355270950683
B001669,5148.140904610997,1.3597836515084514,10.543234542293764,1.15676335201205,0.0,0.3241036416571795,0.207376916174226,7.4464216249232065,0.5627218339589561,0.2539461691593507,0.03379211654072825,0.0,0.3771524395568992,0.13217109229251722,2.840500633511861,0.5729358165415043,0.08396779245958987,0.48896802408191453,0.0,0.0,0.4270641834584957,0.0,0.0,0.0,0.0,0.6,0.852645227121175,,,0.19006326769067228
B001670,2959.140003102459,4.667413254104825,7.996013058946191,3.5797182296969647,0.0,0.4158377527132781,1.2641370816450512,59.385260273185416,1.767264233052417,0.0,0.7981822444127102,0.0,0.959556377125798,1.1424103995139003,2.530115954649089,0.6213610972848462,0.4157747639380182,0.20558633334682805,0.0,0.0,0.378638902715154,0.0,0.2,0.2,0.2,0.98,0.3296387608693673,,,0.2770151739533745
B001671,57399.90084161384,13.054332690837807,20.281871510214884,13.676820740273415,0.0,0.06260123084574636,0.01403650930315824,0.297787496969296,6.222319653088226,0.0,0.0,1.696314572812777,3.825138019605237,1.3105604453315671,2.8971767226502965,0.2303354058269651,0.2303354058269651,0.0,0.2930167408932295,0.0,0.47664785327980536,0.0,0.0,0.0,0.0,1.0,0.19595805057634244,0.36364897576024324,,0.18847355270950683
B001672,3191.5273397178335,5.122836821376939,7.57719534038802,7.938073293164411,0.0,0.24,1.5036505587439133,54.47849106728706,2.0688232527240165,0.0,0.0,1.4857649636721877,0.886330445243231,0.6819181597375056,2.642585670707078,0.6152616920950511,0.32523391735268925,0.2900277747423618,0.0,0.0,0.3847383079049491,0.0,0.2,0.2,0.2,0.98,0.2550641446675996,,,0.2770151739533745
B001673,26245.088448228245,5.874012633891729,9.240078876159806,6.514693631947135,0.0,0.4190823472786083,1.5077150553415695,54.52979680393349,2.1170931082711633,0.0,1.5429712246901635,0.3713990436743138,0.620713182192139,1.221836075063949,2.698951273194042,0.60405378453929,0.3413762383951828,0.2626775461441072,0.0,0.0,0.3959462154607098,0.0,0.2,0.2,0.2,0.98,0.36369354521876657,,,0.2770151739533745
B001674,12995.584199659788,4.6729896438906104,17.13449687455642,8.837652039770433,0.05409698029890131,0.4287974143539669,0.012942082050147033,0.4685033702153227,1.2942082050147035,0.8369889815624273,0.24150112297196707,0.8357534066101568,0.883384655928762,0.5811532718025938,2.6680966728838555,0.29991705765121185,0.16514610450673917,0.13477095314447265,0.4198328928522405,0.0,0.28025004949654764,0.0,0.0,0.0,0.0,0.9,0.9978935620917873,,,0.19106616983379643
B001675,12874.286327727517,8.722416211197505,30.233699112005073,13.31470116967646,0.0,0.20664259219592496,0.01627468819282545,0.4752365133550008,1.2806900631505769,1.7978084794581193,1.0481922352605546,1.5099983479116479,2.833272099045138,0.2524549863714703,2.084897406286106,0.8525778807782592,0.6794609013370387,0.17311697944122062,0.0,0.0,0.14742211922174087,0.0,0.0,0.0,0.0,0.95,0.6669935950055831,0.20683146576494943,,0.19106616983379643
B001676,9552.174864541532,4.204302317139759,6.732097671857977,4.804679939237138,0.0,0.42261577215451546,1.1120316671290529,52.252420981242366,1.5183160841805103,0.0,0.8120210109864097,0.031301109205087725,1.1135338798782763,0.7291302328894746,1.628770641725769,0.9107803524999402,0.9033353338395357,0.007445018660404582,0.0,0.0,0.08921964750005977,0.0,0.2,0.2,0.2,0.98,,,,0.2770151739533745
B001677,1526.3658066645446,4.159034895543718,10.45254838151733,7.737485668339792,0.4500470533754917,0.18741209892603325,0.019129546855707353,0.38604737874315975,1.6597284760822015,0.7338334761894427,0.4822439836608088,0.9227491437597579,0.0,0.3604798158515091,2.690519381113174,0.5581263514544973,0.220309246595393,0.33781710485910443,0.0,0.0,0.44187364854550304,0.0,0.0,0.0,0.0,1.0,0.9104598228850866,0.3280977378491592,0.35079180331014775,0.19106616983379643
B001678,447.2591153550078,1.2253674393287886,3.5902475902927318,2.4188147907925615,0.0,0.809,0.010283540328082603,0.023754978157870817,0.4113416131233042,0.3096082932214479,0.0,0.0,0.0,0.5044175329840366,2.9193336095834663,0.4973333736461136,0.4973333736461136,0.0,0.0,0.0,0.5026666263538865,0.0,0.0,0.0,0.0,1.0,0.707281571064323,,,0.19106616983379643
B001679,5684.4086134596555,14.841797946369857,28.46728438445573,1.0868153628022867,0.0,0.12111532433221497,0.07039083617959624,3.1421058033287874,13.450490133669865,0.0,0.07463812191791744,0.5877607235010717,0.0,0.7289089672810067,3.5135991644600133,0.09374253831829685,0.054140818524986256,0.039601719793310584,0.0,0.0,0.9062574616817034,0.0,0.0,0.0,0.0,1.0,,,,0.191088296168766
B001680,5246.6392829579545,3.3632303095884324,13.327238093321213,6.506565218500644,0.0,0.4069067541480953,0.010298067796236909,0.18746009258657587,0.306521539408484,0.924847909167028,0.0,1.1421784741733583,0.6387653811945351,0.3509170056450267,2.253426344826676,0.9062813537727886,0.4413672246678726,0.464914129104916,0.0,0.0,0.09371864622721128,0.0,0.0,0.0,0.0,1.0,0.8880756594081489,,,0.19106616983379643
B001681,10115.071631356968,13.990417194131354,18.642678932006902,19.724372236264376,0.0,0.24784819786209614,0.01457684698572528,0.18888777034224402,5.015546616077028,0.7589947081401682,1.763553915734936,3.380035480900503,2.230146441055133,0.8421400322235814,1.9231024690273397,0.7745982653279827,0.7745982653279827,0.0,0.12605441934031136,0.0,0.09934731533170554,0.0,0.5,0.5,0.5,0.5,0.2258770182960808,,,0.40484810018049977
B001682,5551.06919777956,4.498435330453453,9.228783181694011,7.711498615844422,0.0,0.45937110344617527,1.4188785030184365,66.68028984267151,1.8540108017115136,0.7904662501530983,0.0,1.321640326715685,0.0,0.5323179518731567,2.6884511708880257,0.5307907980708882,0.23699079215139432,0.29380000591949396,0.0,0.0,0.46920920192911203,0.0,,0.0,,0.98,,,,0.1887933662721779
B001683,3580.577129032707,6.533899870497641,10.020667184522088,4.790253741466874,0.0,0.6324988297604928,0.01095778911659507,0.31735310998026595,3.6798545540804337,0.6058740786038705,0.3362825563270762,0.45264551361333033,0.0,1.4592431678729298,3.0086869403784795,0.3853384364609754,0.3160619671876781,0.0692764692732972,0.05146735686071417,0.0,0.5631942066783103,0.0,0.5,0.5,0.5,0.5,0.2723576839851567,,,0.40484810018049977
B001684,8554.585502654061,1.8576732904786235,11.197817401707685,3.376350774603833,0.0,0.29775264561067494,0.25539184004882387,9.111903103407395,0.3872713250758374,0.3338836900869991,0.05632370060370072,0.7723592595040921,0.1793686087747524,0.12846670643324212,2.469394755946373,0.791528829605954,0.16571014762702527,0.6258186819789288,0.0,0.0,0.20847117039404608,0.0,0.5,0.5,1.0,0.5,0.6269276072013582,0.5399327323511425,,0.40649680945047806
B001685,3873.8392337109694,4.285220391273196,10.735830762994329,4.657284203715292,0.10724442803491332,0.40254684024556303,0.012995492482053676,0.2817412417924681,2.3747345278642364,0.41218016432675353,0.0,0.39824159674555615,0.332023247795747,0.7680408545409027,3.0049466043098803,0.33532006839590783,0.17939630467063036,0.15592376372527747,0.09618645639933802,0.0,0.568493475204754,0.0,0.0,0.0,0.0,1.0,0.25144576575262634,0.25536967313776965,0.27563971958786093,0.19106616983379643
B001686,21782.186558748424,9.253265318074947,15.075109050622919,14.416965126464554,0.0,0.40367537179600965,0.019115213015499084,1.024374593399577,3.8222061598065955,0.5557236094678792,1.6337378870257606,2.332176747106275,0.0,0.9094209146684354,2.665210606368753,0.5736307852331227,0.3215925406849309,0.2520382445481918,0.0,0.0,0.42636921476687734,0.0,0.5,0.5,0.5,0.5,0.2441460875863893,0.3053427071820108,0.2646204315766838,0.40484810018049977
B001687,30269.983496743353,6.614943945966642,20.694274620503442,2.6427063973818012,0.0,0.37940243030854287,0.022642750535661175,0.8860451295478906,5.058894241985186,0.4501236088095733,0.040353968503358505,0.40422032085215365,0.0,0.6613518058163692,3.354780406275676,0.17412534294135792,0.17412534294135792,0.0,0.06110714227572868,0.0,0.7647675147829133,0.0,0.0,0.0,0.0,0.5,,,,0.191088296168766
B001688,3805.065684053473,1.2708970220619482,10.509591141798845,2.234804192920533,0.0,0.24137414174367589,0.22553723761119318,8.164448001525194,0.32006828748723204,0.13751554792070989,0.038533521847999026,0.23705721141021913,0.3713782087782789,0.16634424461750894,1.8842561813747727,0.7895168648783554,0.497299476426424,0.2922173884519312,0.1865274741344575,0.0,0.023955660987187013,0.0,0.3,0.3,0.3,1.0,,,,0.32152411226147926
B001689,1963.904655040912,5.322234837509247,14.731220063106756,4.882864608601307,0.0,0.39587110403340015,0.023011214019659852,0.47204814333332157,2.3823619839908474,1.272588564215824,1.0551759491919697,0.13511667775306152,0.0,0.47699166235754425,1.8126805654929627,0.7457847553898447,0.7457847553898447,0.0,0.2236452661871035,0.0,0.030569978423051754,0.0,0.0,0.0,0.0,0.95,0.7378398214644408,,,0.19106616983379643
B001690,10470.149278163199,8.436864849446573,25.565969914897497,1.61636189882836,0.0,0.488,0.04552322697059279,2.904252237175961,7.508699962956529,0.45904677926725423,0.0,0.0,0.0,0.469118107222791,1.1285474649945095,1.0,1.0,0.0,0.0,0.0,0.0,0.0,0.0,0.0,0.0,1.0,0.2375594143777999,,,0.191088296168766
B001691,6871.647151346567,5.568595746634171,9.82395869128566,9.354970206634887,0.0,0.32593862662889983,1.7693817157200207,63.629885116264006,1.9398106405051385,0.0,0.7724031145972772,2.1118621348701043,0.0,0.7445198566616491,1.749092309078202,0.988469757173918,0.988469757173918,0.0,0.0,0.0,0.011530242826081935,0.0,,0.2857142857142857,,0.7,0.44911036457347925,,,0.1887933662721779
B001692,819.0893242451094,2.4671365188105705,15.677477917820983,1.276353531282594,0.0,0.43536434680093156,0.27675316090296515,9.945868712722081,0.7517541788149377,0.290866956590472,0.050187618015952985,0.13579369993269977,0.0,1.2385340654565076,2.7952374385213914,0.5738241262611365,0.518783110534059,0.055041015727077466,0.11789657944453828,0.0,0.3082792942943251,0.0,0.0,0.0,0.0,0.6,0.6359375482651576,0.36861205478919257,,0.19006326769067228
B001693,2129.6018646613793,2.593912137224579,9.925658466559815,6.416075585322763,0.0,0.365,0.01143056913119339,0.20429874764539885,0.3307944230110991,0.0,0.7198261944639515,1.0627115818992654,0.24295905765053818,0.23762088019972388,2.384278527006706,0.45698743823735793,0.0858163263489477,0.3711711118884103,0.4096945176548425,0.0,0.13331804410779918,0.0,0.0,0.0,0.0,1.0,1.2241896591435837,0.47553688863263877,0.6853056384166029,0.19106616983379643
B001694,2786.4492043961395,3.317201433804928,10.640098608393076,6.341526168686176,0.05220181730789533,0.4076183249783921,0.011077306367218764,0.2916564635552112,0.3683934570883612,1.0282008222137937,0.0,0.5605193538855024,0.8945165311266506,0.46557126949061955,2.463131104116357,0.41869633880997337,0.41869633880997337,0.0,0.4386335632754096,0.0,0.14267009791461707,0.0,0.0,0.0,0.0,1.0,0.5272568348758417,,,0.19106616983379643
B001695,10632.141750647399,5.578248557527492,15.425730766752766,7.383928097688914,0.0,0.3066986721948235,0.009375601114079955,0.209075904843983,2.1416347722517663,0.5645912656263937,1.5070943812413997,0.8872987534944802,0.0,0.477629384913451,2.7424907880149845,0.34590057867367024,0.24468757968234459,0.10121299899132565,0.2701734004318742,0.0,0.38392602089445554,0.0,0.0,0.0,0.0,1.0,0.21283988995567887,0.2853373041044018,,0.19106616983379643
B001696,11141.485263682818,3.5778693846123373,6.388862002222735,5.908536174285733,0.0,0.2859657111103469,2.9379576243742744,106.18518995633065,1.5788267749619826,0.9442883663452931,0.18548871483558482,0.14338664901333478,0.21452480725236414,0.5113540722037769,1.692471080460578,1.0,0.9481566555690006,0.05184334443099928,0.0,0.0,0.0,0.0,0.0,0.0,0.0,1.0,0.7570337398207743,,,0.191088296168766
B001697,26546.748905905384,6.195273957037429,10.55996367293804,8.25371868903831,0.0,0.4521392284024653,1.6226315625208085,58.67984582134412,2.1198287022055853,1.2068446808746522,0.20769106527237882,1.0545443828458512,0.6266445466978292,0.9797205791411331,2.5900094933759426,0.5178331606740079,0.5178331606740079,0.0,0.1346729164450358,0.0,0.3474939228809564,0.0,0.0,0.0,0.0,0.98,,0.33896542907813243,,0.1887933662721779
B001698,657.3004503272405,0.8341376273188331,5.152553073115479,1.6078969479686254,0.7492179196814075,0.36500000000000005,0.24416698630965478,8.779547919534297,0.36932026168310544,0.0,0.009073006376269739,0.2957654280053041,0.0,0.15997893125415394,2.135228925727453,0.8408419119123153,0.8299648023333683,0.010877109578946925,0.0,0.0,0.15915808808768503,0.0,,0.0,,0.5,0.47712550544250093,,,0.19006326769067228
B001699,12316.644384234916,5.924311873128868,14.270282436176517,7.064573722134996,0.0,0.021,0.010694990813306292,0.23849829513673035,2.63423419046953,0.7021145226145885,0.0,1.9730968581299408,0.18242506101685876,0.4324412408979501,2.6636860721220623,0.3904672984477901,0.3904672984477901,0.0,0.11851410554518521,0.0,0.4910185960070248,0.0,0.0,0.0,0.0,0.5,,,,0.191088296168766
B001700,4703.745402655188,2.4384372227346747,13.759546845211764,1.6531727161676244,0.011407313440656354,0.2658477262031437,0.30443934905047293,20.275660646761494,0.4209410478408413,0.525234757195392,0.050678523840244814,0.06432212155143248,0.3077730082312384,1.0694877640755254,2.1996897058111773,0.7728183905511454,0.7728183905511454,0.0,0.12621731876536688,0.0,0.10096429068348742,0.0,0.5,0.5,1.0,0.5,0.40576628559398953,,,0.40649680945047806
B001701,78321.67984058305,17.190886707766253,35.82466490414568,10.563913528324655,0.018535588362126734,0.4122968035839217,0.07239417939625536,3.135123953575285,13.362077113801242,1.3160737624155425,0.0,1.8179958095082047,0.1127905500078483,0.5819494720334164,3.1913542300289275,0.22191801385815887,0.11616455038574261,0.10575346347241626,0.0,0.0,0.7780819861418411,0.0,0.0,0.0,0.0,1.0,0.12805755010494946,,,0.191088296168766
B001702,4759.4948285780165,8.234420118647087,12.822457210601618,9.779296853527141,0.0,0.1826623552577144,1.3102936873372986,47.25740833218926,2.254152751398232,1.8803782617455744,1.8791809938621746,0.8993383937859969,0.6538358461865137,0.6675338716685957,2.415443010408703,0.7262523992073666,0.49804191604210835,0.22821048316525822,0.0,0.0,0.2737476007926334,0.0,0.28,0.28,0.28,0.7,,0.3912994114532582,,0.3116940136216534
B001703,4866.35026902776,5.841957105675582,11.25071758860318,7.052359143391314,0.6189748370511098,0.4245360553415581,0.03885168222123453,0.524213711583252,4.225497900514234,0.0,0.0,0.7389393286809468,0.38703746286018453,0.49048241362021766,1.8064457297784307,0.9389259137193134,0.8389942429785882,0.09993167074072536,0.0,0.0,0.06107408628068659,0.0,0.0,0.0,0.0,1.0,0.2723269992517384,,,0.18847355270950683
B001704,2578.419490218465,7.8850748936344495,13.974632838581318,14.574024073221656,0.0,0.3090030520225946,0.020024495647225266,0.3227354821871821,1.5174266435802868,0.4145447751686945,0.0,2.952095596095016,2.4474208131871142,0.5535870656033369,2.6441754175011196,0.4946485505418581,0.12025824532380416,0.374390305218054,0.3103865018660628,0.0,0.19496494759207889,0.0,1.0,1.0,1.0,1.0,0.19957459390003524,,,0.6084446516532538
B001705,2202915.9671708313,457.5111042930075,2328.130727398896,865.1214617461569,0.0,0.3650317582371616,0.31027429174642274,14.579866039713623,0.5789630961856387,0.0,0.0,0.08059254882995322,456.6459731468338,0.20557550115814893,2.6647998640530766,0.9996404913984234,0.0015314425426817245,0.9981090488557417,0.0,0.0,0.00035950860157657553,0.0,0.3,0.3,0.3,1.0,0.6092103952826843,0.4050082038686297,0.27877126487087694,0.32152411226147926
B001706,431261.1363923103,175.38069800419288,387.08437274734905,1341.080717072169,0.0004803393027010208,0.8074383704930109,1.299448127060498,47.0363367621352,1.6995434593874297,0.668767635748955,171.08388377688152,0.12211346554578273,0.8880302317259736,0.9183594349032225,2.667116895680223,0.013389279460676487,0.013389279460676487,0.0,0.9755000734048359,0.0,0.01111064713448758,0.0,0.0,0.0,0.0,0.98,,0.5171713388269981,,0.1887933662721779
B001707,2168.408127411759,2.1405805798734048,10.493698118445781,2.053722189797643,0.0,0.2856005979078475,0.5844852636447813,21.070888515047844,0.7269506940288435,0.631980764265664,0.09172060593686215,0.0,0.5174878277874501,0.172440687854584,2.761969008029079,0.6463868903648563,0.10939771889386483,0.5369891714709915,0.0,0.0,0.35361310963514325,0.0,0.0,0.0,0.0,1.0,,0.33692915183303734,,0.19006326769067228
B001708,16517.69343318903,7.311949284280225,20.523232970027056,8.36756670995672,0.0,0.25019429779552493,0.015971501313971553,0.38014880161373305,1.697310393874604,1.3247150013381086,1.3118348156585646,0.04163061914009881,2.2496765100232987,0.6867819442455513,2.830361658131935,0.259071278938944,0.2533777740305334,0.005693504908410595,0.4870809666771987,0.0,0.25384775438385737,0.0,0.0,0.0,0.0,0.95,0.8682602167319007,,,0.19106616983379643
B001709,393.70059907468317,1.0225989586355406,7.463473536863209,1.7441656573097561,0.05759076078043751,0.32896995875264684,0.42072182755771564,15.230130157589308,0.36107451712626537,0.0,0.05186729537163777,0.41051443487586786,0.0,0.19914271126176936,1.5791704035723253,0.9924692692700054,0.5910270113748676,0.4014422578951376,0.0,0.0,0.007530730729994533,0.0,0.0,0.0,0.0,1.0,0.517687857649987,,,0.19006326769067228
B001710,840.4687706080175,2.5088620018149776,4.57273926496724,0.6797953194099156,0.0,0.47,1.79001882240448,64.79451167149314,1.6094550292908893,0.0,0.0,0.20937695837825399,0.0,0.6900300141458343,1.900833433939121,0.8688014847210229,0.7853465325447831,0.08345495217623972,0.0,0.0,0.1311985152789771,0.0,0.0,0.0,0.0,0.98,0.3752919540116141,,,0.1887933662721779
B001711,8771.518733737164,3.8186846903513993,10.70906383486843,8.241494304866853,0.0,0.488,0.020599631635241186,0.4404693897018062,1.6313592855267662,0.0,0.0,1.3579795731630369,0.4987375945995519,0.3306082370620449,2.332776087123119,0.6189472264044028,0.488342676659905,0.1306045497444979,0.0,0.0,0.3810527735955972,0.0,0.0,0.0,0.0,0.95,1.2543342582849624,0.3043365099713327,,0.19106616983379643
B001712,13499.31744556876,3.8580501416315407,9.233466537324087,1.629918307980743,0.05990935251461988,0.47594729388192647,0.012777997437374154,0.18983723038801498,2.472351037108298,0.2615943883883601,0.02944700831115106,0.21786955768857597,0.14947769849686668,0.7273104516382883,3.0924142246301662,0.35917083854624043,0.3026994217189722,0.05647141682726823,0.0,0.0,0.6408291614537595,0.0,,0.0,,0.92,0.4759330697552916,,,0.191088296168766
B001713,8539.84457620761,3.5627219758896995,10.401536493900164,4.9031578021411715,0.0,0.41739858557508763,0.9762877087479531,35.23146224580349,1.2157561249489663,0.4924359396276023,0.06408876701174646,1.3457878790573978,0.0,0.4446532652439874,2.8125598182195355,0.6164176538174418,0.10045715195258616,0.5159605018648559,0.0,0.0,0.3835823461825582,0.0,0.0,0.0,0.0,1.0,,,,0.191088296168766
B001714,10794.330836438949,12.35049294787065,16.99718151407026,17.614860290909288,0.0,0.22009925646988693,0.017961727027244377,0.40054651270754965,4.1029325696751116,1.0628875348819504,1.3313652970824397,1.9094031343849973,2.945986504353219,0.9979179074929386,2.8339167683480557,0.21758654468008456,0.08451359593508564,0.1330729487449989,0.4323907846316628,0.0,0.35002267068825316,0.0,0.0,0.0,0.0,1.0,,,,0.18847355270950683
B001715,3838.640655155757,9.62065327106706,14.083005692971286,17.582763842735076,0.029519941885369858,0.4978497403687598,0.02322268845079855,0.6501589936075233,1.8200450987475612,0.3522695413039511,0.35327816258836725,2.8388198217022453,2.9728320959802517,1.2834085507446815,2.2326628958664716,0.7219422566553217,0.7219422566553217,0.0,0.03672080810258573,0.0,0.2413369352420924,0.0,1.0,1.0,1.0,1.0,0.1684773020531708,,,0.6084446516532538
B001716,30343.74991715756,6.147437179326896,9.133096505454361,7.1332384001154105,0.15019793147561541,0.33758598559048725,2.0172137645914074,72.9430523396841,1.9751314445381625,0.9103730859347238,1.2240900286817546,0.6932237942200404,0.357106790965006,0.9875120349872083,1.8117797207310975,0.8872336920251466,0.8291433398104199,0.058090352214726804,0.11276630797485333,0.0,0.0,0.0,0.0,0.0,0.0,0.92,0.3315118965594466,0.3569059042674065,,0.1887933662721779
B001717,20041.366514986425,5.693570032666598,8.046417769621613,11.729499634839183,0.0,0.6661001406539674,0.027668895595501515,1.0717877888882106,1.8221366111631243,0.0,0.5143651975584472,1.997090727800617,0.0,1.3599774961444082,2.4052292351186066,0.642454031554122,0.2916915545243499,0.3507624770297722,0.0,0.0,0.35754596844587766,0.0,1.0,1.0,1.0,1.0,,0.2819380489636386,,0.6084446516532538
B001718,6914.109920552825,6.8052262997567174,9.141723221047283,2.0099373812568793,0.0,0.24,0.013483989089668984,0.3006929566996184,4.528205291306749,0.0,0.0,0.0,1.348667982823366,0.9283530256266029,3.030721881439366,0.3283226813748753,0.3283226813748753,0.0,0.0,0.0,0.6716773186251247,0.0,0.5,0.5,0.5,0.5,0.3359889384589133,,,0.40484810018049977
B001719,18200.60924545704,10.353020048610375,17.171762951458494,16.332004390347993,0.0,0.3648981065127669,0.011589996838277989,0.27854692062233677,4.451073209765324,1.1224262045748106,1.1003323202572883,3.0107154948002472,0.0,0.6684728192127013,1.9059197558611962,0.9171509479241706,0.7024543169512161,0.2146966309729543,0.0,0.0,0.08284905207582924,0.0,0.5,0.5,0.5,0.5,0.39413005453112565,0.18852226769805347,,0.40484810018049977
B001720,26032.542814580538,5.277223355884966,10.021108022614964,6.252390055385691,0.0,0.38683578803066393,1.106340371178411,51.882879174194706,1.8047296194596183,0.9678107484232997,0.05213362957525192,1.1473474781171755,0.32179322457994874,0.9834086557296715,1.8275367908149918,0.9834565992012111,0.800859809833953,0.1825967893672581,0.0,0.0,0.016543400798788795,0.0,0.0,0.0,0.0,1.0,,,,0.191088296168766
B001721,546.908078298158,0.836250884247948,4.154356171508142,0.11057542358575097,0.0,0.453,0.40364573721372415,18.833952306396284,0.5514544862769752,0.0,0.05130699654378845,0.0,0.0,0.23348940142718438,3.274817601551498,0.27854840054280405,0.27854840054280405,0.0,0.0,0.0,0.7214515994571962,0.0,0.30000000000000004,0.30000000000000004,0.30000000000000004,1.0,0.7975287762028914,,,0.32152411226147926
B001722,10601.058356444812,9.130971883242731,20.160674660972866,7.799145257590956,0.0,0.31224503983367485,0.03140985069548158,1.1684888195710497,5.412017577065818,0.6625154992931904,0.06535914010351768,2.0647259169374252,0.0,0.9263537498427818,2.384848120746814,0.7697339800210097,0.5436106337508679,0.2261233462701418,0.0,0.0,0.23026601997899043,0.0,0.0,0.0,0.0,0.5,0.11171535648899719,,,0.191088296168766
B001723,4809.133855780125,1.28827587885886,10.297578550476016,2.3171388504246897,0.0,0.4593236305756589,0.6637988804327135,24.03182821727105,0.3323406582171697,0.2629198423461836,0.03761368496126592,0.345204333594879,0.17568321371616627,0.13451414602319625,1.5214585359103725,0.9713093614697048,0.8349385603088664,0.13637080116083866,0.0,0.0,0.028690638530295395,0.0,0.0,0.0,0.0,1.0,0.7463247125134627,,,0.19006326769067228
B001724,8684.16248901835,5.344099993242062,9.80539667286147,5.797505372127729,0.0,0.3602738048678386,1.096793578348607,39.43560354319389,1.7071390346158757,1.042064085883116,0.9465269230879725,0.0,1.167075424338468,0.4812945253166278,2.39935676655391,0.7250489341223291,0.7250489341223291,0.0,0.0,0.0,0.2749510658776706,0.0,0.28,0.28,0.28,0.7,0.3873220632253044,,,0.3116940136216534
B001725,1591.6012114606704,0.7969960998801554,4.745093121599284,0.26938948791415473,0.0,0.33404860598636626,0.332394556620054,15.607382935308527,0.4566325692576942,0.0,0.055191396684733295,0.10094692575363914,0.0,0.18422520818408877,3.031953211499857,0.4270579626094052,0.3003987157588641,0.12665924685054114,0.0,0.0,0.5729420373905948,0.0,,1.0,,1.0,0.7533891437855482,0.33992973150332445,,0.19006326769067228
B001726,3969.36576511131,4.9741425627961275,8.574760305681624,1.6359044610698263,0.0,0.488,0.010424347746713981,0.23246295475172177,3.500713795538277,0.4645968669438306,0.0,0.0,0.0,1.008831900314021,3.2454258075841658,0.2925800436265053,0.2925800436265053,0.0,0.0,0.0,0.707419956373495,0.0,0.5,0.5,0.5,0.5,0.20258804389348248,0.26110656990535563,0.9215301462107529,0.40484810018049977
B001727,22798.17992862462,8.384766432006113,21.075689047418567,9.258145071633207,0.031174045081176802,0.13420775575201288,0.018642868744149617,0.41573597299453646,0.6076056311591584,1.38838502225335,1.2232872995619588,0.5473298672301387,1.6468705303298818,2.9712880814716267,2.1110444273219633,0.8344157784820764,0.769139080357143,0.06527669812493347,0.1655842215179236,0.0,0.0,0.0,0.0,0.0,0.0,1.0,0.5208226621326622,0.4682676253726175,,0.19106616983379643
B001728,2764.677619908746,6.877307512210811,12.676142179432288,8.706505056480777,0.0773040976211965,0.4359188123627558,0.018916317506872556,0.4114007082265379,3.578751896810185,0.0,1.6448150682810654,0.9304391680201314,0.0,0.7233013790994299,1.6897703242272295,1.0,0.8832883109883876,0.11671168901161251,0.0,0.0,0.0,0.0,0.0,0.0,0.0,1.0,0.22188316432644006,,,0.18847355270950683
B001729,6247.200649099428,4.895925273588894,7.3338891771411925,3.496761957710147,0.0,0.6222835948009781,1.395509326832046,50.555047077534134,2.445005394618185,0.0,0.3007110819220786,0.0,0.769943398860112,1.3802653981885193,2.8008836651575084,0.4622184847135485,0.4622184847135485,0.0,0.06142068457299928,0.0,0.4763608307134526,0.0,0.28,0.28,0.28,0.7,0.3950291860519166,0.3850169739994646,,0.3116940136216534
B001730,9031.141852285662,4.879060968279666,8.88404987923063,8.528488921592185,0.0,0.43369966400352195,1.438188198060556,51.87514291028175,1.789908857592814,0.5921550503949946,0.18617523423001087,1.3689787336102484,0.46327836107154946,0.4785647313800489,2.6959485505869765,0.34402772016228034,0.21091735332655812,0.1331103668357222,0.28058241995958166,0.0,0.37538985987813794,0.0,,,,1.0,0.6404280074032993,0.25812406713744174,,0.191088296168766
B001731,19036.62379681548,4.248298102391314,8.836492774795174,1.2628763675328483,0.0,0.2679392879263811,0.012026297969466476,0.20542042545944403,2.962142357011447,0.6011636234310271,0.056822624091065796,0.0,0.1490390518760249,0.47913044598174914,3.264105431884485,0.23688880166202717,0.23688880166202717,0.0,0.0350820606944067,0.0,0.7280291376435661,0.0,0.0,0.0,0.0,0.5,0.3054614579753189,,,0.191088296168766
B001732,3585.8315938006876,1.618155051354101,9.804590550969005,3.752531403063592,0.0,0.6676527671093859,0.3094307203301123,11.201392075950066,0.4262070298580622,0.14938049514725296,0.0,0.6456770011443536,0.12155885136126945,0.27533167384316276,2.470661112864356,0.7366092764093252,0.7366092764093252,0.0,0.0,0.0,0.26339072359067484,0.0,0.3,0.3,0.3,1.0,1.0804371572093978,0.31824733840555713,,0.32152411226147926
B001733,1813.4945013090944,4.369866268214685,14.823130034760757,6.837852127642437,0.03824399638994088,0.30673768339891994,0.016405571046779387,0.30651308931238147,1.349611193612501,0.9282842698170676,1.14187017194516,0.670827501059299,0.0,0.2792731317806578,2.472602011790826,0.46504906948247976,0.46504906948247976,0.0,0.21242853049512642,0.0,0.3225224000223938,0.0,0.0,0.0,0.0,0.95,0.6154296409702897,,,0.19106616983379643
B001734,2683.431090119714,2.0070539193116783,11.963303597807277,3.0868804550749545,0.0,0.342742664804887,0.28991831192230244,13.578015433920188,0.7859663692966231,0.0,0.0,0.7918389790287496,0.17974003288087798,0.24950853810542808,2.250940546838547,0.6083979798778045,0.6083979798778045,0.0,0.0,0.0,0.3916020201221954,0.0,0.0,0.0,0.0,0.6,0.8572631232756817,,,0.19006326769067228
B001735,390.85825548344087,0.7864351216970641,6.133921989138972,0.06677494929895376,0.0,0.47,0.2173739154931582,7.849224014760501,0.593878465681543,0.0,0.020566684384077757,0.0,0.0,0.17198997163144328,3.362478902327864,0.22160287631586775,0.1954510885629295,0.026151787752938218,0.0,0.0,0.7783971236841322,0.0,0.0,0.0,0.0,0.6,,0.34098593261120924,,0.19006326769067228
B001736,3408.393549104933,3.4289673532242784,13.437365146198973,7.068167647559425,0.0,0.3149290513098789,0.014575355050142446,0.41558730217123974,1.0786364064658631,0.0,0.7220091625175743,1.265306971795277,0.0,0.3630148124455645,2.399316400001127,0.6854340402361616,0.10586709497371548,0.5795669452624463,0.0,0.0,0.3145659597638382,0.0,0.0,0.0,0.0,1.0,,,,0.19106616983379643
B001737,7668.038007644748,3.113291923526085,11.422876960825938,4.772105810272505,0.0,0.37981408716720244,0.02074717228097839,0.32511259161267797,1.156600487807248,0.9488191781547605,0.0,0.7589647339249492,0.0,0.24890752363912824,1.7705075518746831,1.0,0.6952360390669255,0.30476396093307456,0.0,0.0,0.0,0.0,0.0,0.0,0.0,0.95,0.9850435204926066,,,0.19106616983379643
B001738,10144.928582894252,4.98032821938844,9.108414202164147,5.1530523539659665,0.0,0.20070127025210632,0.013441315956974,0.6236770604035936,0.8646919819123143,0.47357027685752673,1.4308459706762786,0.4610426441879805,0.9998964416002438,0.7502809041540959,2.2184241509444194,0.9049118339201188,0.3242703723379743,0.5806414615821445,0.09508816607988115,0.0,0.0,0.0,1.0,1.0,1.0,1.0,0.18896309810964027,,,0.6084446516532538
B001739,7324.116312073187,10.005623377149163,23.994171257303297,6.63793960028853,0.0,0.415320045394471,0.029218346957415677,1.7659098660035053,7.132869510399849,0.8677590182823802,0.0,1.5604076131092264,0.0,0.44458723535770783,3.2558589517882175,0.2864240031860697,0.04374380827317174,0.2426801949128979,0.0,0.0,0.7135759968139305,0.0,0.0,0.0,0.0,0.5,0.12121911448617918,,,0.191088296168766
B001740,20320.680591046894,7.9908299610880436,14.182965685048009,12.862232750417082,0.0,0.41418010682386697,1.270261436884509,45.871028752816436,1.7719513522433765,1.582364374782187,1.4873890064559778,2.0105998602029533,0.5433297395282938,0.5951956278752527,2.2572165744169266,0.7649391490477617,0.2591946111378407,0.5057445379099211,0.0,0.0,0.235060850952238,0.0,0.2,0.2,0.2,0.98,0.3717911552065938,,,0.2770151739533745
B001741,10404.654125200308,9.055399586771374,13.599125067926085,18.90851022494124,0.0,0.453,0.020097395923323477,0.5322212460980512,3.6219767994668026,0.0,0.0,4.692413078885647,0.0,0.7410097084189269,2.555866639821875,0.6690418326220597,0.6690418326220597,0.0,0.0,0.0,0.3309581673779405,0.0,0.5,0.5,0.5,0.5,,,,0.40484810018049977
B001742,4076.762481160691,2.648968473788623,8.475313989911553,4.450623004466585,0.0,0.3543269958547332,1.2918754263721945,46.65568405022063,0.7086380477310782,0.2561630724892289,0.11265082962137571,1.0966037362544032,0.16080255278585837,0.3141102349066787,2.0238771909807043,1.0,0.5860261278662889,0.41397387213371106,0.0,0.0,0.0,0.0,0.0,0.0,0.0,1.0,,,,0.191088296168766
B001743,11981.026716650103,10.961598093915923,17.595624983900386,11.663128611264462,0.0,0.36323464867635463,2.5779170928828212,93.23205452358418,2.825970484454746,0.2883663192149628,5.89376908095322,0.17798457899781697,0.0,1.7755076302951787,1.8263135491439741,0.9732750184714388,0.9570379171406936,0.016237101330745265,0.0,0.0,0.02672498152856135,0.0,0.28,0.28,0.28,0.7,0.4452490091868286,0.49621990811794925,,0.3116940136216534
B001744,13099.632076642061,4.220242292732623,9.195158315279635,7.103998955105212,0.0,0.4085795858701234,1.2893456602569433,46.57412715923532,1.6074108550762085,0.4941373002660543,0.04469907608700812,1.1479356687077826,0.15065888208132072,0.7754005105142483,2.796485921735318,0.26339070957720495,0.2527991195720573,0.010591590005147618,0.30770616014756313,0.0,0.42890313027523186,0.0,0.0,0.0,0.0,1.0,1.0183482847110092,0.34753225399125415,0.5085507473149261,0.191088296168766
B001745,714.2149911971619,1.1785725927345907,6.053050053199582,1.3263533046240668,0.0,0.0,0.38026635356806143,13.776181144501862,0.5064013584494306,0.0,0.0,0.32497778128577026,0.0,0.3471934529993897,2.7888644337239876,0.5065372374712485,0.5065372374712485,0.0,0.0,0.0,0.49346276252875143,0.0,0.30000000000000004,0.30000000000000004,0.30000000000000004,1.0,0.9609408767727905,0.3139027410230496,,0.32152411226147926
B001746,73627.25970560836,22.196942932049552,166.56619632419898,41.71201629955017,0.0,0.3640145205198005,0.3798452770532078,13.724452679383306,0.20843778795370263,0.0,21.53682444897415,0.12086162818447738,0.2174930146156798,0.1133260523215352,2.339870390140089,0.9823034911604238,0.012042653219639881,0.9702608379407835,0.00544496728916524,0.0,0.012251541550411067,0.0,0.0,0.0,1.0,1.0,,0.34673291749848906,,0.19006326769067228
B001747,31308.707524167345,9.090797771244874,16.234042341129864,15.686365799722635,0.0,0.36499999999999994,0.01716270186426147,0.3251186289174827,3.094195111456729,0.327841016931618,1.3466106943658183,1.694471622008431,2.177958262306621,0.44972106417565466,2.035133106013418,0.802993731940286,0.654864741696406,0.14812899024388004,0.18639416084782118,0.0,0.010612107211892662,0.0,0.0,0.0,0.0,1.0,0.24540792486674248,,,0.18847355270950683
B001748,1267.7625001395452,2.3696495329711125,8.996197834211095,5.054061649677493,0.348849556503669,0.3271202009034068,0.020499976528017164,0.6039239669075979,1.109135535283671,0.4130115601135605,0.3862586347604763,0.19206927574498872,0.0,0.26917452706841616,3.0586146483158814,0.30505635407297405,0.2240024796191562,0.08105387445381787,0.17429225476888077,0.0,0.5206513911581453,0.0,0.0,0.0,0.0,1.0,1.0957586040205325,,,0.19106616983379643
B001749,5418.286888297611,5.068556490456137,17.02547095087854,5.675621182226343,0.0,0.2186932343955407,0.013926141960356877,0.2574882658212652,1.35308081841879,1.6800747600741703,0.0,0.0,1.722188511055793,0.3132124009073842,1.4841138054104113,1.0,1.0,0.0,0.0,0.0,0.0,0.0,0.0,0.0,0.0,1.0,,,,0.19106616983379643
B001750,2107.953174190901,2.242503376798831,14.55078864728089,4.041039862339659,0.0,0.3408795609073732,0.5158320478342807,18.583145381622156,0.414476808811805,0.7054057290830595,0.0,0.598566435854282,0.3749468319180205,0.14910757113166334,2.3411354586069058,0.4646648706323968,0.4646648706323968,0.0,0.4341189751794224,0.0,0.10121615418818067,0.0,0.5,0.5,1.0,0.5,,,,0.40649680945047806
B001751,518303.13554640964,103.66062710928193,279.5644762835517,355.7118920892373,0.0,0.48534078607874964,0.021279078696167582,0.6910866275531599,1.3536638651696788,1.9290246325710978,0.5901265106939925,99.49806301690427,0.0,0.289749083942914,1.3612061448525927,0.9943071296484455,0.9756980908420578,0.01860903880638756,0.005692870351554641,0.0,0.0,0.0,0.0,0.0,0.0,1.0,0.5918174949507593,0.3276405182835649,,0.19106616983379643
B001752,494744.7486079598,258.89311805754045,407.19205633959706,2277.010215336415,0.7909802161085906,0.365,0.03260380731069743,0.6537590293761216,5.914835760046169,0.0,250.6653558503262,1.154822607302209,0.0,1.158103839865839,2.3608217656070654,0.9771533681373038,0.004473289396624456,0.9726800787406793,0.0,0.0,0.022846631862696188,0.0,0.0,0.0,0.0,1.0,0.13194610249803146,,,0.18847355270950683
B001753,1253.2302002819088,3.5502271962660306,7.5887177704273965,2.912870389356877,0.0,0.19498909388313976,0.9638638429909262,34.89396856442861,1.3438309706277811,1.001956206597941,0.0,0.0,0.7778908571268205,0.4265491619134879,2.530217833193473,0.6174482226466902,0.6174482226466902,0.0,0.0,0.0,0.3825517773533098,0.0,0.2,0.2,0.2,0.98,0.19188785735830094,0.28079756686411883,,0.2770151739533745
B001754,6429.008677858741,2.5381005439631825,11.798997675120008,4.103896014064366,0.1517036585757574,0.35739226017470166,0.4103782768157215,19.28619339041258,0.575608084401733,0.6131377092943012,0.01936804183075266,0.9577202391909517,0.0,0.3722664692454441,1.5155656043941974,0.9528044560864245,0.7036000844828428,0.24920437160358172,0.0,0.0,0.0471955439135756,0.0,0.0,0.0,0.0,1.0,0.6186660174025369,0.3294216316489294,,0.19006326769067228
B001755,1217.400871973492,1.4955784667979017,12.183081278166455,2.1715500470992097,0.0,0.36500000000000005,0.2823250917451798,10.19676332379149,0.48540747466774326,0.5320889427518494,0.0,0.375990332019252,0.0,0.1020917173590569,2.1751524510618223,0.9826563767345817,0.7312551026681908,0.2514012740663909,0.0,0.0,0.01734362326541816,0.0,0.0,0.0,0.0,0.6,1.261907464901021,,,0.19006326769067228
B001756,3712.918826571774,4.399192922478405,10.692690019993162,6.201573216414159,0.0,0.6703505805526984,0.013212313436555474,0.35167454439258156,2.472876651218627,0.48032944647206566,0.0,0.8057042120345316,0.2564460142168432,0.3838365985363381,2.8972289718499713,0.38327373860476993,0.324979860901319,0.058293877703450965,0.0,0.0,0.6167262613952302,0.0,0.0,0.0,0.0,0.9,0.22727986198779535,0.22804283992500976,,0.19106616983379643
B001757,4411.873068594149,3.021830868900102,8.757826226627042,10.315318425126579,0.3421594274455309,0.47999693425828815,0.015860573935684102,0.3371927184937249,0.4215445023043883,0.0,1.0083987602164373,0.9006178405661438,0.27963141005131625,0.41163835576181657,2.3589134429334098,0.7766109494137483,0.14486923930360154,0.6317417101101468,0.0,0.0,0.22338905058625178,0.0,0.0,0.0,0.0,1.0,1.069615353982398,0.5088258790704677,0.5073307693401012,0.19106616983379643
B001758,2335.23189999438,4.414427032125482,8.740191897176777,7.865985194944426,0.0,0.47,1.3978358179041916,65.6934093850071,1.7396790591147628,0.44330393693486075,0.0,1.8162543749032363,0.0,0.41518966117262346,2.363895578331247,0.5054889388445623,0.5054889388445623,0.0,0.10042162520951589,0.0,0.3940894359459223,0.0,0.0,0.0,0.0,1.0,0.38387204038465256,,,0.191088296168766
B001759,1887.135479306419,4.659593776065232,16.590615570232984,7.766312417792411,0.0,0.4403816810930726,0.02041076733066381,0.466679676380596,1.5272500409551857,0.5998916779158838,0.5710248548957352,0.7088693805743431,0.6707128751846688,0.5818449465394162,1.9665502320131094,0.9360584414384205,0.5174367322511604,0.4186217091872602,0.0,0.0,0.06394155856157947,0.0,0.0,0.0,0.0,0.95,1.0269767858135448,,,0.19106616983379643
B001760,4552.475779060275,9.328843809549744,20.74135652228831,2.464717557987181,0.0,0.24234979576709975,0.03270421482960437,1.3869158806117443,7.622879292425179,0.5321115445718935,0.038226759777676596,0.2830556073037729,0.0,0.8525706054712239,3.4115235724405606,0.16951197818884398,0.1350723012427513,0.03443967694609265,0.0,0.0,0.8304880218111562,0.0,0.0,0.0,0.0,0.5,0.12928743496770662,,,0.191088296168766
B001761,5212.204323196816,4.8395583316590685,7.319444001480342,4.070117017615228,0.2493386955711626,0.24535764494956336,1.272487621724491,45.96098875559743,2.2730661965863015,0.5838514646082458,0.0,0.0,1.0550122561185815,0.9276284143459395,2.5888268955460325,0.6177411172893551,0.6177411172893551,0.0,0.0,0.0,0.3822588827106449,0.0,0.28,0.28,0.28,0.7,0.43094948307135833,0.3709294398523046,0.45608626971655564,0.3116940136216534
B001762,18989.495252072218,5.456751509216154,10.86691885882742,7.1325146802156265,0.0,0.365,1.0115950327996233,36.529537822934124,2.85198065682096,0.0,0.8295940733834285,1.362610858016284,0.0,0.41256592099548267,3.0031768242538606,0.37193895080357786,0.12222795412086138,0.24971099668271657,0.15203075895654944,0.0,0.4760302902398727,0.0,,0.28571428571428575,,,0.5240908313513422,,,0.1887933662721779
B001763,50118.878738978514,73.81278164798015,240.55913710047676,260.8044842861031,0.6020710324451262,0.024477812853186613,0.014451588757696938,0.32227042929664174,1.445158875769694,0.0,1.0716624798912922,70.81938878307226,0.0,0.47657150924689984,2.356808473162098,0.9787639808075436,0.019317836089460094,0.9594461447180836,0.0,0.0,0.021236019192456372,0.0,0.0,0.0,0.0,1.0,,,,0.19106616983379643
B001764,12419.686407192072,5.042503616399542,12.156136803048332,6.386555034935357,0.21236344112018551,0.36940833975615656,0.024155030004856522,0.5386571691083005,2.016256911115206,1.988914281740983,0.23564283634658298,0.1458355065021114,0.2350422171909348,0.4208118635037231,2.0255944003586834,0.9858809853949532,0.9858809853949532,0.0,0.0,0.0,0.014119014605046968,0.0,0.0,0.0,0.0,1.0,1.0694602569276228,,,0.19106616983379643
B001765,1266.1913804694418,3.713171203722703,11.005732842994645,4.452141304848589,0.0,0.2661517696468699,0.00892014829334604,0.1989193069416167,2.0375973258912277,0.5102198223545945,0.0,0.8964903450751701,0.0,0.2688637104017116,2.6384228914766275,0.44494987222538,0.44494987222538,0.0,0.0,0.0,0.5550501277746202,0.0,0.0,0.0,0.0,1.0,0.13312366879620566,,,0.19106616983379643
B001766,10462.870842970182,11.025153680685124,36.51995874418918,5.552717169880812,0.0,0.21420452791034034,0.055026919350835715,2.550651685432609,8.40801142399928,0.6083924327553971,0.0,0.9848257489765156,0.5208801651069688,0.5030439098469587,3.315892166121574,0.22169421198607403,0.08512415067968893,0.13657006130638508,0.0,0.0,0.7783057880139257,0.0,0.0,0.0,0.0,1.0,0.09647523884596465,,,0.191088296168766
B001767,2588.7685800656436,4.875270395603849,9.737009454227982,4.892349704846131,0.0,0.2991870981953767,1.0966610790580433,39.69522545365138,1.534145398836002,0.6251969359085987,0.7312637767863894,0.4918544848156663,1.1031902585905429,0.3896195406666475,2.3484986171890503,0.5345734590046497,0.5345734590046497,0.0,0.14999450644743478,0.0,0.3154320345479151,0.0,0.2,0.2,0.2,0.98,,,,0.2770151739533745
B001768,13092.965346930194,8.734466542315007,13.049546845179968,18.08805501084258,0.5087073233737233,0.4636915494502234,0.02611547610845202,0.554073939140783,3.8800653408100354,0.3901648057718729,0.9648349908010274,1.4505268747917615,0.8163110841942234,1.2325634459460864,2.6735985866243768,0.5108350672456686,0.23430279662658454,0.2765322706190841,0.0,0.0,0.4891649327543314,0.0,0.0,0.0,0.0,1.0,0.13788954307208112,0.22320375190585334,0.9727363020805697,0.18847355270950683
B001769,3767.4862415120165,8.084734423845529,10.675762998907866,7.248172884286496,0.0,0.365,0.01958277680132564,0.4366959226695618,4.473223127206365,0.0,0.0,0.6363444677400829,2.163389615608936,0.8117772132901456,2.8074076157730947,0.3650428185579783,0.3650428185579783,0.0,0.07870938417757002,0.0,0.5562477972644517,0.0,0.0,0.0,0.0,1.0,,,,0.18847355270950683
B001770,5256.860168038842,7.01850489724812,20.716637877982926,12.10143202238924,0.0,0.3911806860723702,0.01067644109224293,0.19676030383115414,2.0556992832319367,0.41136281738232866,1.3250355717628135,1.0484736167311715,1.8027758139810188,0.375157794158851,1.5516770318405075,0.9413888251978537,0.752597110842515,0.1887917143553388,0.058611174802146185,0.0,0.0,0.0,0.0,0.0,0.0,1.0,0.15671079420255754,0.2805871985982261,,0.19106616983379643
B001771,5971.938683599649,11.331951961289658,16.09153683300309,17.066729858735787,0.0,0.4229039477954256,0.025542424808492923,0.6321823948021964,3.9370814136821015,0.5021385317386423,0.8339072377468204,3.0652548040266856,2.212041799294746,0.7815281748006592,2.2719429296627527,0.7204054225914118,0.6683068191926027,0.05209860339880907,0.0,0.0,0.27959457740858806,0.0,0.5,0.5,0.5,0.5,0.19312702219980576,,,0.40484810018049977
B001772,9747.041889537115,13.083277704076664,29.567624093955338,1.5940283825971149,0.0,0.4043523768201984,0.06179843154563742,2.7565980505897416,11.80696043962943,0.4391016390183715,0.0,0.21461849735973135,0.13995776301772148,0.48263936505141186,3.5049357053565644,0.0811492953907633,0.0811492953907633,0.0,0.0164040313302268,0.0,0.90244667327901,0.0,0.0,0.0,0.0,1.0,0.1126246286120833,0.3179396141912277,0.4292704726870321,0.191088296168766
B001773,3802.996874020869,4.045741355341351,9.86462701183918,5.665004795173319,0.12446020230755984,0.365,1.1924527532042066,43.16678966599229,1.4905659415052583,1.1053514474507338,0.0,1.0764511662167997,0.05229252199046191,0.32108027817809626,2.8116458509625306,0.6315716180083155,0.36550142921692724,0.26607018879138816,0.0,0.0,0.3684283819916845,0.0,0.0,0.0,0.0,1.0,,,,0.191088296168766
B001774,5867.457212686587,7.9182958335851374,24.938205911576535,14.595242535744068,0.0,0.365,0.012649370113195323,0.2820809535242557,0.3723305693504809,1.6821225907080994,0.0,0.5488467733185962,5.0903408767963,0.2246550234116624,1.9830036187155846,0.718251324411987,0.07539319132660499,0.642858133085382,0.2817486755880132,0.0,0.0,0.0,0.0,0.0,0.0,1.0,1.1807458930736048,,,0.19106616983379643
B001775,33908.51991613611,8.060023749972927,17.68730564592308,10.775752239708611,0.0,0.2591438934740722,0.012245890051921155,0.27308334815784174,2.79728452962666,0.6148386861309147,1.382591365332358,1.0161701001752246,1.5075018198403047,0.7416372488674665,2.801995561807646,0.6529433887045238,0.09201427587232078,0.5609291128322033,0.0,0.0,0.3470566112954761,0.0,0.0,0.0,0.0,1.0,0.246371736090706,,,0.18847355270950683
B001776,24912.33635592821,8.109484490862048,19.284365350438414,8.083707234546226,0.0,0.39636714009248153,0.02284637691814444,0.4671731124731077,2.1453605237808566,2.0361373741447406,0.0,0.0,0.9910545587803118,2.9369320341561376,2.353512209712868,0.7354504437121376,0.613241126967398,0.1222093167447394,0.0,0.0,0.2645495562878624,0.0,0.0,0.0,0.0,0.95,0.5369967691466507,0.4672456992691565,0.7613598960989009,0.19106616983379643
B001777,3286.947135144385,7.9974382850228345,14.646729657391472,10.469856347975325,0.16538232877927891,0.3500773803815941,0.012819096635665873,0.33896123852503224,3.8544077123318288,0.355559849114446,1.523669209161183,1.5627955300640577,0.0,0.70100598435132,1.8656425179466922,0.8746452322610193,0.6841255739831146,0.19051965827790476,0.00807439173507096,0.0,0.1172803760039098,0.0,0.5,0.5,0.5,0.5,0.2185825246296103,,,0.40484810018049977
B001778,1354.563951897517,1.0582530874199352,8.096351258833826,1.7282937748508254,0.0,0.273284225718859,0.3845473850451705,13.847512799779405,0.3209834531834761,0.0,0.0,0.316103079847335,0.26429167069901766,0.15687488369010621,2.326976156767607,0.4727636393086644,0.4727636393086644,0.0,0.29870272395614494,0.0,0.2285336367351905,0.0,0.5,0.5,1.0,0.5,,,,0.40649680945047806
B001779,15250.001715176426,4.503839845001898,8.661818980810018,8.18342618446867,0.14105879295911072,0.25508286398945873,1.4127986061825668,51.139302626725495,0.859036899902887,0.6194316603394696,1.0014088825504608,0.592253346429604,0.8899216788940453,0.5417873768854313,2.3399810184083205,0.8092656645293023,0.34264012765650254,0.46662553687280006,0.0,0.0,0.19073433547069768,0.0,0.0,0.0,0.9800000000000001,0.98,0.270704766843999,0.32392182262375624,0.2329321357695061,0.1887933662721779
B001780,416.434033336707,1.3178292194199588,8.647572366623795,2.3475577370224623,0.0,0.39061777109443196,0.4527117784586801,16.201560570219083,0.2074907265130845,0.3186296844650783,0.012868441261281983,0.3161191440675845,0.15314642338294704,0.3095747997299822,1.889411350117496,0.9842135282724428,0.9744486504934039,0.009764877779038785,0.0,0.0,0.015786471727557292,0.0,0.3,0.3,0.3,1.0,0.7390150212210541,,,0.32152411226147926
B001781,18371.75437886011,5.714387054077795,17.937237327239753,9.522555868496882,0.0,0.4513541402069342,0.041307402280921286,1.4557711783185043,0.9888360055318747,0.26330578224817536,1.2512066530697588,0.5421555448624122,1.73669530785994,0.9321877605056315,1.8589809070308683,1.0,0.8590467674856201,0.14095323251437952,0.0,0.0,0.0,0.0,0.0,0.0,0.0,1.0,1.041059907132643,0.427305981350957,,0.19106616983379643
B001782,4330.832081310915,8.233521067131017,11.362772306039627,10.1771519544373,0.0,0.22027713075932695,0.013139666129022485,0.6096805083866433,1.0882531488336846,0.84546250509563,1.9046662104059533,0.0,3.304407634382522,1.0907315684132277,2.3399711645674097,0.5957716338035176,0.26175551930296054,0.3340161145005572,0.4013359056763728,0.0,0.0028924605201096137,0.0,1.0,1.0,1.0,1.0,0.3023607879346001,,,0.6084446516532538
B001783,5777.140142075271,4.156215929550554,8.938685590824182,6.677588394570428,0.0,0.365,1.0216334227342825,36.97949149545451,1.429187416891925,0.0,0.0,0.7556359799232227,1.5502477705731261,0.42114476216228003,2.7312203994961792,0.6561325395222005,0.10132889371025096,0.5548036458119496,0.0,0.0,0.3438674604777992,0.0,0.2,0.2,0.2,0.98,0.2485142538719575,0.2686925493446948,,0.2770151739533745
B001784,4648.948131883805,2.2578669897444414,13.01113771306652,4.221571512544477,0.3106606227322347,0.4091435298191748,0.30576752775719157,11.039132731872453,1.0399683985502506,0.0,0.08800886680859904,0.9212157612479503,0.05104410252465573,0.15762986061298542,1.91742511408603,0.827530396989895,0.827530396989895,0.0,0.0,0.0,0.17246960301010483,0.0,0.0,0.0,0.0,0.6,0.8966848481421964,,,0.19006326769067228
B001785,55238.96109538673,17.586425054246014,30.916731060081574,6.004037727157586,0.35612374122481466,0.6263077573501958,0.08174556440409864,5.2702371147012075,15.614861933090772,0.0,0.0534745122282075,0.8304597302217016,0.0509410130543227,1.0366878656510106,3.497539821411297,0.11210710050927798,0.06184479650358156,0.05026230400569641,0.0,0.0,0.887892899490722,0.0,0.0,0.0,0.0,1.0,0.14303899173787368,,,0.191088296168766
B001786,15305.50124623077,6.543608912454369,13.727625958727883,10.61138911783385,0.0,0.4275330416974019,0.012246995419279795,0.27310799784993944,3.0165013347979794,0.7948421716998162,0.030594809145250968,1.6815315798150428,0.2574787690576005,0.7626602479386786,2.472369903088769,0.5378110696905185,0.5331355443719102,0.0046755253186082455,0.0,0.0,0.4621889303094813,0.0,0.0,0.0,0.0,0.5,0.6629570114832338,0.20064169369520152,,0.191088296168766
B001787,2308.9165216952047,4.891772291727128,11.184247941789124,6.404001365559937,0.0,0.5364405500061808,0.016201079631417092,0.34463521703161715,2.473967520678566,0.0,0.0,1.0456853277074982,0.5262698340533124,0.845849609287753,2.938963919006288,0.43479381127763167,0.12985184140472014,0.3049419698729115,0.0,0.0,0.5652061887223686,0.0,0.0,0.0,0.0,1.0,0.28176926243333394,,,0.18847355270950683
B001788,12977.227094671081,4.42908774562153,15.672920178039911,5.488165866149418,0.0,0.365,0.010205831312362152,0.19455090721972912,1.7720637418106633,0.0,0.0,1.090273462945207,1.321451687373282,0.2452988534923781,1.6284740631860686,0.9700508209656418,0.7706729466734012,0.19937787429224058,0.0,0.0,0.02994917903435829,0.0,0.0,0.0,0.0,1.0,0.14009610079659401,,,0.19106616983379643
B001789,6741.986049591738,3.9197593311579872,6.613666784436939,3.152465357469695,0.0,0.37245600512820914,1.6239335025202521,58.78639279123313,2.029916878150315,0.6991930166065856,0.0,0.4819636232169236,0.053926400117849584,0.6547594130663134,3.019846708286273,0.3825786946048231,0.20420217769759047,0.17837651690723264,0.0,0.0,0.6174213053951769,0.0,0.0,0.0,0.0,1.0,0.8973352086775077,,,0.191088296168766
B001790,3645.5961365067587,7.320474169692287,15.560879317267636,12.167407751007573,0.0,0.31227158388794435,0.016332407192723736,0.2957598531859039,2.810064924613227,1.147834735570797,1.0642535658713559,1.7624280067365674,0.0,0.5358929369003396,2.207862859337663,0.7041101772728261,0.5473123102271394,0.15679786704568696,0.0,0.0,0.2958898227271736,0.0,0.5,0.5,0.5,0.5,,0.29298975851194037,0.7675873257337854,0.40484810018049977
B001791,3108.3312847358256,2.854298700400207,6.899528373689113,3.488914396303619,0.42143036089837993,0.20754591352911603,1.0830554866901756,39.11474041371075,1.3499027398227466,0.30977091671195284,0.0,0.6084766345032921,0.14218875200665546,0.44395965735556087,2.703290254064639,0.41853539844936616,0.41853539844936616,0.0,0.1085278554303091,0.0,0.4729367461203251,0.0,0.0,0.0,0.0,1.0,,0.2772138957056746,0.23584259621554202,0.191088296168766
B001792,7537.336148433081,1.7980286613628533,5.129604662922996,1.8375970118555573,0.0,0.365,0.009961016907790204,0.22213067704372158,0.39844067631160823,0.0,0.0,0.0,0.9702512222597344,0.42933676279151106,2.269051870209489,0.7784013765333408,0.23878193491425567,0.5396194416190854,0.0,0.0,0.22159862346665923,0.0,0.0,0.0,0.0,1.0,,0.4464183786655977,,0.19106616983379643
B001793,8135.943069047277,11.054270474249018,22.02808550105213,16.54048583438042,0.0,0.39911090612269784,0.006834601060479616,0.31712548920625416,4.513415794656351,0.0,0.5103518412061652,2.4465704478467116,2.7916985841648834,0.7922338063749074,2.8881352492626764,0.33915907016763003,0.33915907016763003,0.0,0.2525448052558656,0.0,0.40829612457650427,0.0,0.0,0.0,0.0,0.9,0.19732614568744486,0.216656711203236,,0.18847355270950683
B001794,32428.387009023278,7.052715747938947,11.502831537645475,12.70260492484208,0.2299436056245692,0.39258225807066255,0.01962888722213978,0.36612354660363733,2.6060127192126465,0.3361106340286843,0.6096581488735111,3.006081759340037,0.0,0.4948524864840679,1.5554807772174823,1.0,0.9135569657614977,0.08644303423850234,0.0,0.0,0.0,0.0,0.0,0.0,0.0,1.0,0.23791482140149686,0.24522884325860145,0.5214385897709335,0.18847355270950683
B001795,3612.902387406493,5.274310054608018,7.039612673212793,10.996790467056172,0.6009163208173942,0.24,0.02341614300923025,1.2106879923139855,1.9823359028409775,0.0,1.0757744461528043,1.1276616109765754,0.0,1.0885380946376622,2.6750556696506784,0.5833562397313816,0.3793912784350828,0.20396496129629882,0.0,0.0,0.41664376026861843,0.0,1.0,1.0,1.0,1.0,0.18427820707606649,,,0.6084446516532538
B001796,5659.332376094784,5.338992807636589,15.778050258481032,9.813631313512904,0.08459483542398898,0.30298527818069354,0.01332215706817042,0.3789052865661086,0.3959470627336649,0.0,0.7616479326383341,1.487608413473001,2.342541576810708,0.35124782198087956,1.6420454980184094,0.9150553724526264,0.772397766405861,0.14265760604676533,0.0,0.0,0.08494462754737363,0.0,0.0,0.0,0.0,1.0,,,,0.19106616983379643
B001797,46977.83322099203,11.298180187828772,24.466344040282944,11.053433762178166,0.0,0.09185493278328963,0.010602932015046316,0.09750354705875088,4.147308519113513,0.5689000912161397,1.6459291953546196,0.4346360341906501,3.5044492787504056,0.9969570692034454,2.2909113484358685,0.6329224308547233,0.5944528696541619,0.038469561200561476,0.0,0.0,0.3670775691452768,0.0,0.0,0.0,0.0,1.0,0.27186339758459827,0.2569011964820846,0.6361073174476513,0.18847355270950683
B001798,3687.539084268783,9.833437558050088,19.345398224485855,13.641220849047512,0.0,0.2609834836627324,0.014589838464309281,0.31257531377224135,2.9274090171651648,0.7121167526436796,2.0078976004658733,1.5325430900309809,2.150048868649518,0.5034222290948696,2.3784998504126604,0.5440023714949493,0.3881521837062068,0.15585018778874263,0.21864672002614108,0.0,0.2373509084789094,0.0,0.5,0.5,0.5,0.5,0.2303533863400242,,,0.40484810018049977
B001799,1854.8714026753864,2.0205570835243862,10.275914719672144,2.9694825338725703,0.0,0.37852922312393555,0.5581262343857888,20.15919988793491,0.6957405949591015,0.5501575913210494,0.03053572581955171,0.45739851388422875,0.0,0.2867246575404548,2.4821686185664977,0.6237921699875897,0.6086796418296179,0.015112528157971825,0.0,0.0,0.37620783001241037,0.0,0.0,0.0,0.0,1.0,0.7707372228378344,,,0.19006326769067228
B001800,4763.496239248939,4.523738118944861,8.959935868016633,3.5228580499221778,0.0,0.17334446621895602,1.1418362699046651,41.343365274125205,1.5747364249403255,1.3660522297526372,0.8237535657189784,0.0,0.0,0.7591958985329214,2.5103824702209425,0.6479209040454739,0.6479209040454739,0.0,0.0,0.0,0.3520790959545263,0.0,0.2,0.2,0.2,0.98,0.42300278354093723,,,0.2770151739533745
B001801,2221.7003327272855,2.9117959799833364,7.398884836272027,7.050767844037754,0.48628145299094444,0.3706801080944482,0.015232037477855731,0.18022298044409255,0.47709924906160145,0.0,1.255105317567535,0.11747742894211533,0.4559789962544479,0.6061349881576369,2.251522964406712,0.8361494924983268,0.7958041421545202,0.04034535034380658,0.0,0.0,0.16385050750167318,0.0,0.0,0.0,0.0,1.0,0.6842194736680238,,,0.19106616983379643
B001802,23387.77502868557,4.836181767718274,7.739020386483176,4.012974212785684,0.0,0.3739558512938171,1.6938166208906116,61.15114717704503,1.4552772677109418,0.0,1.2456313453599235,0.12092769111144416,0.813148720670997,1.201196742864967,1.9222014339827318,0.9300650726893487,0.905060286492386,0.02500478619696262,0.0,0.0,0.0699349273106513,0.0,0.0,0.0,0.98,0.98,0.6127434817216855,,,0.1887933662721779
B001803,720.8195706075621,2.3868197702237155,10.036372024034016,3.878696636588133,0.0,0.365,0.5471732593656303,19.740223587452334,1.2178740328839168,0.0,0.07079374602468042,0.5644289008119018,0.13261918655169136,0.40110390395152545,2.2279108847302562,0.7396272810539503,0.7099669996586588,0.029660281395291505,0.0,0.0,0.2603727189460497,0.0,0.0,0.0,0.0,0.6,0.8008335096065774,,,0.19006326769067228
B001804,13917.744148663845,13.2549944272989,16.8440851564736,11.133034896242554,0.0,0.43321598716797693,0.03394425688700542,0.17148855908837063,6.9722602900411035,0.9510345136422705,1.9627983656691343,0.5869569140062739,1.8095426628930338,0.9724016810470842,2.7838208326964757,0.4400741717881946,0.395792228312049,0.04428194347614553,0.0,0.0,0.5599258282118054,0.0,0.0,0.0,0.0,1.0,,,,0.18847355270950683
B001805,7464.873738204314,18.207009117571495,31.173132504616103,4.367433171616043,0.0,0.36500000000000005,0.08271453092029656,5.316726948660857,15.90599419390546,0.0,0.20441104793688591,1.0587413430033474,0.46013422015956684,0.5777283125662378,3.4269029392016312,0.1263807201285652,0.03173109371427046,0.09464962641429474,0.0,0.0,0.8736192798714348,0.0,0.0,0.0,0.0,1.0,,,,0.191088296168766
B001806,3607.5936550808883,10.248845611025251,16.85184984818351,18.222412071899786,0.0,0.37763346249217133,0.021072392887846597,0.304158774510622,3.5778578562612933,1.010330908006592,0.0,3.0154535950299177,2.118724728310925,0.5264785234165235,2.7052224113770604,0.6475272586949804,0.34221915326782676,0.30530810542715353,0.0,0.0,0.3524727413050197,0.0,0.5,0.5,0.5,0.5,,,,0.40484810018049977
B001807,2426.1634540894665,4.1121414476092655,11.648878551093043,7.367710096537448,0.5059060805250754,0.3761376991859229,0.01813952388696393,0.6610507158465201,1.5551317334948804,0.0,1.4160258087950817,0.28971412773452515,0.5095900488346422,0.3416797287501346,2.9511057735691297,0.21219887096322657,0.21219887096322657,0.0,0.34435240782350446,0.0,0.4434487212132687,0.0,0.0,0.0,0.0,1.0,1.0484557953951452,,,0.19106616983379643
B001808,2868.310743647421,8.48612646049533,14.57530476300842,11.068171237252912,0.3124238267002007,0.1378195973188722,0.017913502357108167,0.3732131838173505,4.285360604847948,0.0,0.0,1.3777916765803466,1.7591422840857562,1.0638318949812808,2.3929856475374405,0.6635384895668454,0.3043633075574619,0.3591751820093834,0.0,0.0,0.3364615104331549,0.0,0.0,0.0,0.0,0.5,0.759443528443692,0.19469116347618673,,0.191088296168766
B001809,10117.467681523169,8.00432569740757,20.66078616166925,14.640823472016773,0.0,0.24370382799846094,0.01921088135564771,0.5029742479572518,1.7436065372209901,2.0816452703069883,0.0,1.6218934785208203,2.128027714441245,0.42915269691752556,1.822959138132048,0.7834133937673423,0.7532805259061577,0.030132867861184482,0.0,0.0,0.2165866062326577,0.0,0.0,0.0,0.0,0.95,0.7160491860760193,0.3712495392179613,0.5565413081774754,0.19106616983379643
B001810,10395.905778696793,4.6431021789623905,11.550288063884985,6.53711100236978,0.0,0.44533742717193275,0.00965212255959787,0.21524233307903254,2.3773700885709044,0.42315588524777353,0.0,1.0216601308556823,0.2696120948258714,0.5513039794621591,2.880360126290749,0.48797808083082445,0.1768033617712637,0.3111747190595607,0.0,0.0,0.5120219191691756,0.0,0.0,0.0,0.0,,0.7057200407534239,,,0.191088296168766
B001811,1172.866980545427,1.6244695021404805,6.7371405757415515,1.9707222043892203,0.14634478518574334,0.2623112621766051,0.6786779906978765,24.433335293951643,0.370793978697897,0.4097566177327737,0.06698409354945502,0.09656927017734447,0.3465139185863631,0.3338516233966473,2.2492983917904805,0.7122979235624795,0.4989889521537953,0.21330897140868413,0.059446650152619095,0.0,0.22825542628490145,0.0,0.0,0.0,0.0,0.9,0.8723376110866021,,,0.19006326769067228
B001812,2679.0625161125367,4.205749632829728,6.572331381605784,4.90635847524462,0.0,0.30616773216084575,0.9999938231457426,36.19425575478367,1.3626888600414109,0.9212860353803828,0.0,0.4651586767678088,0.7115523741680468,0.7450636864720799,2.8315456925173033,0.5433902371131677,0.5433902371131677,0.0,0.11060065799847411,0.0,0.34600910488835857,0.0,,0.0,,,0.2596946988627135,,,0.1887933662721779
B001813,2284.2949788978453,1.3150805865848274,7.050693912432489,1.1388660685906857,0.0,0.40706042155079747,0.5121668385070578,24.004095397675655,0.6381284077458321,0.0,0.02086834149486659,0.3451917854550655,0.0,0.31089205188906366,3.06252491400913,0.25227381254671916,0.2364053237957292,0.015868488750989944,0.26248717301158286,0.0,0.4852390144416983,0.0,0.0,0.0,0.0,1.0,0.7372936148646333,0.3011779245647068,0.6853767399067479,0.19006326769067228
B001814,17237.927318710914,7.357203294370855,17.30084490396606,8.747133721970167,0.0,0.3028807318522837,0.013281840283863847,0.2961850383301638,3.554363259699767,0.6686545566178275,0.0,1.04558575895302,1.719552063665281,0.36904765543496065,1.7426339677156646,0.9741950005703021,0.7618536195939335,0.21234138097636865,0.0,0.0,0.025804999429698036,0.0,0.0,0.0,0.0,0.95,1.2171877783332878,0.3347594296414091,,0.19106616983379643
B001815,1152.2547425254247,1.1545638702659566,6.001652415158223,2.2540491776424427,0.0,0.365,0.373638608961695,13.525717644413358,0.43529114002602576,0.0,0.08281036156245185,0.42355280861902983,0.0,0.2129095600584492,1.870022513355786,0.9017671183721362,0.4631918405359783,0.43857527783615785,0.0,0.0,0.09823288162786374,0.0,0.3,0.3,0.3,1.0,,0.40819069279531545,,0.32152411226147926
B001816,17654.24963472254,7.14168674543792,10.297626211155862,11.203727436263328,0.0,0.24624686045800195,1.4795186320932365,53.41351966657361,2.541814747663477,0.0,0.0,2.575835096981428,0.9142025879925888,1.1098343128004253,2.7453070770829195,0.6008506890938672,0.4728413517231713,0.12800933737069572,0.0,0.0,0.39914931090613276,0.0,0.28,0.28,0.28,0.7,0.39261263238430666,,,0.3116940136216534
B001817,2230.454152186759,6.144501796657739,11.167334293455541,5.411021932716912,0.6197623159430531,0.4240387300297887,0.020802158576453688,0.5678583129991543,4.189813848956819,0.0,0.14429583568177173,1.1219120165866632,0.0,0.6884800954324822,2.1322400999580653,0.6235592183537356,0.6235592183537356,0.0,0.18258795484394194,0.0,0.19385282680232205,0.0,0.0,0.0,0.0,0.5,0.5133759817937569,,,0.191088296168766
B001818,8600.478570301317,7.113712630522181,17.40405600968364,12.92246289800499,0.0,0.415919866492404,0.02594284629404182,0.9309559054328858,2.10707076215289,1.348669298393643,1.371687972838965,0.9933041313676653,0.8745795060475312,0.41840095972148755,1.9155679469351923,0.9764371167231276,0.6472175444124881,0.3292195723106397,0.0,0.0,0.023562883276872292,0.0,0.0,0.0,0.0,0.95,0.30646260888905796,,,0.19106616983379643
B001819,3033.521015306782,8.403105305558952,17.054925677671473,0.8939043694873643,0.0,0.33198834872339017,0.03629123217986501,1.5848732274968709,7.367387590483458,0.17912749814889853,0.0,0.34076985076673066,0.0,0.5158203661598644,3.115678629840117,0.25412334610754694,0.21357049827624594,0.040552847831301045,0.0,0.0,0.7458766538924528,0.0,0.0,0.0,0.0,0.5,,,,0.191088296168766
B001820,2694.488609833086,3.4194017891282815,8.261201507485834,1.9868606656956467,0.0,0.021,1.6197008787294347,58.5441382471448,1.622126513920963,1.147423636780532,0.0,0.23543138654363815,0.0,0.41442025188314774,1.836368158463471,1.0,1.0,0.0,0.0,0.0,0.0,0.0,0.0,0.0,0.0,1.0,0.5349641246418668,0.35051626497193517,,0.191088296168766
B001821,11509.908921603184,4.885360323261114,8.49956541204204,5.3808377712402615,0.0,0.44322511583166996,1.0026734886560547,47.11473646202887,1.7448542260282012,1.2764567959906612,0.0,0.0,1.2518101694302899,0.612239131811961,1.724110502137941,0.9438500241715705,0.9438500241715705,0.0,0.0,0.0,0.05614997582842964,0.0,0.2,0.2,0.2,0.98,0.27692958627017367,0.38991912295949416,0.4792685805887551,0.2770151739533745
B001822,9030.24629358623,11.445179079323484,19.70444642940456,13.519216132329111,0.0,0.2596990111908569,0.013410735586443899,0.5230904158784779,3.4285667506637942,0.1933501087940775,0.3308364532952527,0.0,6.559109996740327,0.9333157698300355,2.9078489293609153,0.10494647934965197,0.10494647934965197,0.0,0.5730893288152928,0.0,0.32196419183505537,0.0,0.5,0.5,0.5,0.5,0.37047992590101314,0.2687555126666053,0.20179487343645458,0.40484810018049977
B001823,9425.74343400358,5.352494851790789,10.272192733540166,10.04091788958391,0.0,0.3879376882007507,0.0111297606125831,0.5164208924238558,1.3740445200719877,0.316065734157802,1.4896906554134408,1.5279175104147769,0.0,0.6447764317327813,2.2662803385397634,0.7432889599861506,0.4578300193010269,0.28545894068512373,0.0,0.0,0.2567110400138493,0.0,1.0,1.0,1.0,1.0,,,,0.6084446516532538
B001824,3686.064942456134,1.6302808237311517,12.204832445601157,2.5603535949035305,0.0,0.5854786785575521,0.24288802470538473,8.772719387221741,0.6578767174148178,0.07636703104196661,0.020397405115627865,0.4616850033913305,0.1482058210213846,0.265748845746024,2.819680782204559,0.5749467213641468,0.23239871894648573,0.34254800241766103,0.0,0.0,0.42505327863585307,0.0,,0.0,,0.6,0.6526671990451621,,,0.19006326769067228
B001825,28714.003213039025,7.790017149495124,10.992811868803061,11.783150563227466,0.0,0.6885903322320023,0.04844806177790924,0.9872548920617158,4.203937721735109,0.5452866215784391,0.29821117680620285,1.4571801558002015,0.0,1.285401473575172,2.9223572928095956,0.42206174747213515,0.23500437290722256,0.18705737456491253,0.03828119644454571,0.0,0.5396570560833193,0.0,0.0,0.0,0.0,1.0,0.3396954084634868,,,0.18847355270950683
B001826,68062.21571468026,15.212833195055937,19.223916829172758,14.486409314933622,0.0,0.32401524705338247,0.023757852325989603,0.49620901836163006,7.793829932705318,1.763070735440258,2.8439170597271506,1.3072215613297837,0.0,1.5047939058534245,1.723528304559488,0.9890497328567944,0.7872272151572073,0.20182251769958703,0.0,0.0,0.010950267143205537,0.0,0.0,0.0,0.0,1.0,0.21636572665339412,0.2944894521319844,0.6113105912213019,0.18847355270950683
B001827,8236.065707026575,4.3739063765409325,7.952142749952809,7.077065829430752,0.0,0.6225898950052899,1.174499973621509,42.45137224893298,1.62226235497773,0.0,0.21883037468362512,0.8723892559140017,0.6167939848553118,1.0436304061102635,2.6971612951205977,0.5634221907552835,0.22295234239354939,0.3404698483617342,0.05003087762858914,0.0,0.3865469316161272,0.0,0.19999999999999998,0.19999999999999998,0.19999999999999998,0.98,0.47585100285365084,0.32721382897962636,,0.2770151739533745
B001828,18854.935631075074,4.463763170235576,8.816003742280724,5.852833318886734,0.0,0.28817458310899813,1.4803979428109664,53.59040552975699,1.8504974285137081,1.0308208572729993,0.0,0.8503060965467361,0.24944020032932301,0.4826985875728099,2.740979056035813,0.5295589060715766,0.3739490461777425,0.1556098598938342,0.05588114575445963,0.0,0.41455994817396363,0.0,0.0,0.0,0.0,1.0,0.8339187407498895,,,0.191088296168766
B001829,1815.0461391902031,5.5847573513544715,12.059027250642915,9.623046840095501,0.0,0.4210033629168809,0.019711523762173975,0.3568074812390205,2.4811180212167723,0.46632628117608094,0.07794053230959258,1.668442513595712,0.22770149949389634,0.6632285035624165,2.476866773974881,0.6251505890959748,0.6251505890959748,0.0,0.0,0.0,0.37484941090402535,0.0,0.0,0.0,0.0,0.5,,0.17019525272716282,0.7350193045986212,0.191088296168766
B001830,140802.41863591762,105.78694112390505,442.22974609706085,156.8662308799919,0.0,0.24181112940535823,0.4076437740081887,14.721016822250274,0.47998699191380956,0.49720561299273597,104.09324612716262,0.17973349176234318,0.20318568586785926,0.3335832142057133,2.0066647145387804,0.9944035110688044,0.9944035110688044,0.0,0.0019207066931812879,0.0,0.003675782238014282,0.0,0.5,0.5,1.0,0.5,0.5989903941229636,,,0.40649680945047806
B001831,2211.8335150940707,3.9852856127821092,7.176698457600612,2.5782625027975556,0.0,0.3397200074305149,1.4524288950832331,68.11528874237995,1.8070390111752732,0.9326939237776355,0.05218857324085029,0.32526633091195356,0.09120985047673104,0.7768879231996665,2.832448570639784,0.523072734264577,0.509977418567889,0.013095315696687971,0.0,0.0,0.4769272657354232,0.0,0.0,0.0,0.0,1.0,0.3717105276851134,0.2550334990276149,0.38458231196468795,0.191088296168766
B001832,6567.754192203187,5.801902996645925,20.2935808492615,9.438627622790401,0.028478036445193356,0.15267736381041352,0.010034194946045825,0.35817148517242847,1.3723435543122358,0.4150311757752402,0.788245923797709,1.2765815143323311,1.5191357447962899,0.4305650836321179,1.7274818437935202,1.0,0.5947978287563072,0.40520217124369257,0.0,0.0,0.0,0.0,0.0,0.0,0.0,0.95,,,,0.19106616983379643
B001833,39667.62323878583,9.72961080176253,14.898534401593984,10.914282987113118,0.10972893137526758,0.36736595816460016,0.012701932269862794,0.4696159691862075,3.8353353063749345,0.3203151950390041,2.038620081995133,0.7500484634656618,1.9768583850036237,0.8084333698841735,2.7864938401673545,0.31888606290967647,0.31888606290967647,0.0,0.2424490891872893,0.0,0.4386648479030342,0.0,0.5,0.5,0.5,0.5,0.1755437144484884,,,0.40484810018049977
B001834,8937.386148234727,8.677073930324978,12.720848161820358,11.750709088591504,0.0988793420196405,0.1914486109552783,0.018239705768338523,0.4067454386339491,3.5580605291997482,0.7182465580858455,0.9969104037054254,1.0491357057437407,1.8508651456434801,0.5038555879467391,1.868402673423549,0.5508956952096989,0.5508956952096989,0.0,0.4491043047903013,0.0,0.0,0.0,0.0,0.0,0.0,1.0,0.22351017377442917,,,0.18847355270950683
B001835,1744.277340596618,2.289077874798711,8.925478959322476,3.728522249334713,0.0,0.39738250957337523,0.009166860206714155,0.22476790074232186,0.31450282331319135,0.0,0.4332890329328403,0.14479247516340613,1.1119434859116244,0.28455005747764933,2.4532701103255357,0.862607197957017,0.37684675347698726,0.4857604444800299,0.0,0.0,0.1373928020429829,0.0,0.0,0.0,0.0,1.0,0.9573396225012992,0.504043059191196,,0.19106616983379643
B001836,5494.801484298431,5.1114432412078425,16.47769390965566,6.625390643017088,0.0,0.34023727213057403,0.008704922712740749,0.20497065350343024,1.8847258909019515,0.3309316308089003,0.9296152700795919,0.6154127307346409,1.0741864205312714,0.276571298151487,2.552780375915355,0.5577796463865308,0.045357949080041836,0.5124216973064889,0.06474328583773936,0.0,0.37747706777572987,0.0,0.0,0.0,0.0,1.0,,,,0.19106616983379643
B001837,1394.9882016304682,2.409306047721016,9.686146441899016,2.628305796407988,0.0,0.3261359052632649,0.4273950558995292,15.332055525852418,1.1582386531016131,0.0,0.0,0.3587410213630526,0.6534560236746203,0.23887034958172898,2.795599469374849,0.5157863296154536,0.24456465385834916,0.2712216757571045,0.0,0.0,0.4842136703845459,0.0,0.0,0.0,0.0,0.6,,0.3583426479214272,,0.19006326769067228
B001838,11344.873860438136,4.300558703729392,13.938434568541844,6.205538749881337,0.20738175117753016,0.32620055527028846,0.013652731386372434,0.30445590991610527,1.3652731386372434,0.4229956721723402,1.679915966260863,0.15659418399304886,0.42894088940062136,0.24683885326527577,2.200833282618347,0.6800455932566416,0.48194655072196524,0.19809904253467636,0.0,0.0,0.31995440674335845,0.0,0.0,0.0,0.0,1.0,1.1981498463872446,,,0.19106616983379643
B001839,21509.051905432803,5.583866019063552,10.963380879752245,7.552812520269624,0.09071822021923694,0.262564883373136,2.418248741002206,161.04276145044275,1.079759163275051,1.6678819624601238,0.9044926464115627,0.235183398328116,0.5937236761898621,1.1028251723988365,1.8459311420389548,0.9854775908337445,0.6446625794614991,0.34081501137224557,0.0,0.0,0.014522409166255485,0.0,0.0,0.0,0.98,0.98,0.25677829527866836,0.2786547831055622,,0.1887933662721779
B001840,8692.199926464267,3.4410926074680392,13.12589357098134,4.126072738657531,0.0,0.021,0.008833726431881128,0.171522662753164,0.28971523671863014,0.0,0.0,0.0,2.871746626105641,0.2796307446437685,2.7237720721060827,0.08126219679089694,0.08126219679089694,0.0,0.8345449988393879,0.0,0.0841928043697153,0.0,0.0,0.0,0.0,1.0,0.9042278708930634,,,0.19106616983379643
B001841,3333.798101448901,7.525503615008806,9.516140167677143,8.229159620284033,0.0,0.2538778925711083,0.017694807599114216,0.39459420946024704,2.184544148038792,0.4395563112987123,1.9579093157531788,0.0,2.1533315409784195,0.7901622989397021,2.388370632631057,0.6482534874645153,0.6482534874645153,0.0,0.0,0.0,0.35174651253548456,0.0,1.0,1.0,1.0,1.0,0.17620310311774265,,,0.6084446516532538
B001842,4261.624985206689,10.680764373951602,22.41703941403043,6.161565717119821,0.0670071726226277,0.1335322681805944,0.032722459678568516,2.0403844166192253,7.988303899831374,0.5550711270540217,0.01981275934802911,1.4674418116459014,0.17604061934806522,0.4740941567242093,3.1783562261686695,0.24182836945343114,0.2399733749367139,0.001854994516717244,0.0,0.0,0.7581716305465686,0.0,0.0,0.0,0.0,0.5,,,,0.191088296168766
B001843,4105.861294054901,1.4860156692200148,10.37280376883766,2.76007336565895,0.0,0.4262716918487551,0.4033824381932552,14.602444262595839,0.5042280477415689,0.4374756571182961,0.0,0.22278844429856717,0.19489583130131458,0.12662768876026761,2.662771639807219,0.604360833669018,0.17881250230348658,0.4255483313655314,0.0,0.0,0.3956391663309818,0.0,0.0,0.0,0.0,1.0,0.976338151951781,,,0.19006326769067228
B001844,20494.071848027605,8.447680069261173,11.072796564720354,10.512779997667423,0.3573548790626641,0.36938389159755336,0.02333648373014545,0.4600863871182042,4.470079201926943,1.2452026327587484,0.8156268016387854,0.5587919311257489,0.6303201308985702,0.7276593709123781,3.0081588843393976,0.4544567448454357,0.3883093615941402,0.06614738325129545,0.0,0.0,0.5455432551545645,0.0,0.0,0.0,0.0,1.0,0.23197548573866744,0.2458451833656652,,0.18847355270950683
B001845,7850.048022282538,4.450140602200985,15.338264592908798,5.320875610346728,0.0,0.3861539301700312,0.006644626140284973,0.1481751629283549,1.2682159936568136,0.43141108077150225,0.0,0.1620735559623546,2.13407773563489,0.4543622361754248,2.25070651650019,0.5204471214731055,0.4840272483836587,0.03641987308944688,0.4795528785268945,0.0,0.0,0.0,0.0,0.0,0.0,1.0,0.16543534851024708,0.24225134055345476,0.37215383332854524,0.19106616983379643
B001846,2478.3144060310988,0.9206219933250739,7.573431415540104,0.5951567781357509,0.0,0.1511603731180162,0.24673326113741126,8.933727761782412,0.3334918182494571,0.0,0.0,0.16803634817206003,0.23734963832527808,0.18174418857827881,2.379249623607894,0.6532747425557476,0.4707499393353165,0.182524803220431,0.0,0.0,0.3467252574442528,0.0,0.3,0.3,0.3,1.0,1.2308594040533252,,,0.32152411226147926
B001847,6610.5766790985335,5.427402856402737,8.919799767836416,3.8466470174398957,0.0,0.4230611723583603,1.2533774805399502,45.3456932124936,2.4918540714271176,0.7790329745705217,0.0,0.11691901473669741,0.9781676792871014,1.0614291163812983,2.531104461153112,0.5125000719893951,0.5125000719893951,0.0,0.14353697250453634,0.0,0.3439629555060684,0.0,0.28,0.28,0.28,0.7,0.5896857053349528,,,0.3116940136216534
B001848,198756.09049474198,525.8097632136031,1283.7736811461662,2578.5932138839576,0.0405311608630242,0.2647870796492971,0.01866842132562309,0.7016002891602526,1.9863876726179104,0.0,2.15439425202881,519.2676676716891,2.0133267581324192,0.3879868591347561,1.6716557608327904,0.996369176130592,0.996369176130592,0.0,0.0,0.0,0.00363082386940794,0.0,0.0,0.0,0.0,0.95,1.1165329943858235,0.4403166535455223,,0.19106616983379643
B001849,31128.85105333054,7.355588623187746,12.469984023599459,12.376035141099221,0.0,0.2641643082783117,1.4015808537868648,65.51436098960377,1.4502817302320825,1.143097580595762,0.7894504909484161,2.196391088412304,1.2817695219569272,0.4945982110422548,2.292653835334446,0.5810960280022173,0.2824943523336783,0.2986016756685392,0.32966322979353985,0.0,0.08924074220424286,0.0,0.28,0.28,0.28,0.7,0.4439951481586619,,,0.3116940136216534
B001850,5828.3620540367465,2.6528730332438535,7.737474356002099,3.972616706019772,0.0,0.4237164395732454,0.8246758412507034,29.808431861400617,0.9242435759403334,0.0,0.09237288896391563,0.6649841056418647,0.24927674515874002,0.7219957175390008,1.973304392737257,0.9605432487105561,0.6750576694479457,0.2854855792626106,0.0,0.0,0.039456751289444064,0.0,0.0,0.0,0.0,1.0,0.4954017758916679,0.30372253084601114,,0.191088296168766
B001851,7034.90215089213,5.9719033538982425,22.99075035505086,9.65803637964197,0.0,0.21800675824861124,0.013778292073616532,0.3072559132416487,2.389751855217772,1.2882033181695376,0.5720160245423145,1.4608742486603141,0.0,0.2610579073083034,1.5530997239533189,0.9783371059394964,0.7337125428667018,0.2446245630727946,0.0,0.0,0.021662894060503573,0.0,0.0,0.0,0.0,0.95,0.580205737596458,0.4308702594132946,,0.19106616983379643
B001852,14457.322532039734,3.213452440995718,12.256218247790096,6.571058573618554,0.0,0.37089338719960274,0.012185797640853731,0.02814919255037212,0.3827528964325677,0.0,0.6548649474248454,1.0003415265461697,0.6475612749384652,0.5279317956536694,1.966230933210637,1.0,0.7984842511819431,0.201515748818057,0.0,0.0,0.0,0.0,0.0,0.0,0.0,1.0,,,,0.19106616983379643
B001853,1903.1137607661092,1.5535622536866198,4.465946992580841,0.989657296781615,0.0,0.4699999999999999,1.6066146511751584,58.20416141293253,0.8853918270667346,0.3048144474087374,0.0,0.0,0.0,0.3633559792111477,1.8456066569326426,0.791209274583129,0.791209274583129,0.0,0.19620356164383465,0.0,0.012587163773036413,0.0,0.0,0.0,0.0,1.0,,0.30647775965598417,,0.191088296168766
B001854,6440.72393778364,4.084162294092353,6.579729403419609,5.094107480214242,0.0,0.4275841402738009,1.6989420983764327,61.49101554114698,1.0523472670656306,0.999135634869843,0.9944407603664474,0.0,0.30064633270488,0.7375922990855507,2.4259161664523456,0.6701421508763562,0.426655068640451,0.24348708223590504,0.0,0.0,0.3298578491236437,0.0,0.0,0.0,0.9800000000000001,0.98,,,,0.1887933662721779
B001855,12333.023474614034,4.6715998009901645,8.028263872518025,6.882325967126405,0.0,0.45701931182084804,1.1120429494331845,40.22126251531875,1.9142862034363486,0.828668498977696,0.0,0.8868709895609401,0.0,1.0417741090151798,2.7592049538094163,0.4326023964658508,0.4326023964658508,0.0,0.17738430821965023,0.0,0.3900132953144989,0.0,0.28,0.28,0.28,0.7,0.28206067153269704,0.22323384039871239,,0.3116940136216534
B001856,6279.975376640965,15.939023798581129,35.04591320004648,7.1780457488555145,0.0,0.453,0.06264552454773965,2.90675233901512,12.529104909547929,1.166681778185169,0.0,1.5882510654484643,0.0,0.6549860453995658,3.3549568076751664,0.19718411216160037,0.0975386705386418,0.09964544162295863,0.0,0.0,0.8028158878383995,0.0,0.0,0.0,0.0,1.0,0.12529839878322857,,,0.191088296168766
B001857,5196.999486735693,8.991348592968327,14.41108001347047,9.080971095241607,0.0,0.35122572145466746,0.020483723520713655,0.3876891396168565,3.715007062394603,0.46676357539754293,2.2460115664840625,0.5750250260302677,1.3123491607345106,0.6761922019273412,1.8803057210416898,0.9892934394805439,0.5295864544258939,0.45970698505465024,0.0,0.0,0.01070656051945606,0.0,0.0,0.0,0.0,1.0,0.2002706497189822,,,0.18847355270950683
B001858,4010.7669939928765,6.489914229761936,14.563862227130638,6.8489478207887355,0.0,0.4139061222717743,0.0118971830683905,0.2653071824251082,2.717630650139962,0.5751842841536831,0.0,0.4402293827840923,2.3446883568954737,0.4121815557887244,2.6147748156527912,0.5812532255546233,0.5812532255546233,0.0,0.0,0.0,0.4187467744453767,0.0,0.0,0.0,0.0,1.0,0.298247355977535,,,0.19106616983379643
B001859,3079.5394192773747,4.33737946377095,8.121549428414843,9.231405151584928,0.0,0.6010907077846669,1.5549603460981747,56.28238628801254,0.9791640530702193,0.5566642570929338,0.0,1.766464618369123,0.25578927026486786,0.7792972649738067,2.399851657813907,0.8028892407531646,0.33665060391602064,0.46623863683714406,0.0,0.0,0.19711075924683538,0.0,0.0,0.0,0.98,0.98,0.41728771668352765,,,0.1887933662721779
B001860,5767.275261926804,8.394869376894912,19.270598956398953,1.4932295068449082,0.26802741032323935,0.32417918513314886,0.03248639919950927,1.4123994612342115,7.144562328327113,0.0,0.0,0.3272056093161469,0.31963235414137453,0.6034690851102785,3.4697480639736273,0.1379447381843419,0.060893156507823475,0.0770515816765184,0.0,0.0,0.8620552618156582,0.0,0.0,0.0,0.0,0.5,0.15222040735763556,0.18861972674632818,0.2735943368924409,0.191088296168766
B001861,4773.326792601695,3.4217396362736165,14.848344545550132,5.236650060196503,0.04360622608538258,0.36866846814607895,0.6931571150411071,32.57838440693204,0.8664463938013839,1.1181738046374445,0.07511576672768676,0.9609705080202432,0.10186893700739709,0.29916422607946125,2.419123426645759,0.41999672406397853,0.36921365526842304,0.050783068795555476,0.32678518049233324,0.0,0.2532180954436883,0.0,0.0,0.0,0.0,1.0,0.5808093949272213,,,0.19006326769067228
B001862,741.5558128952098,1.0921293267970689,8.621359435284331,2.588305492919475,0.0,0.46264708630826096,0.8018891887012974,28.987718126184987,0.21343006219769997,0.0,0.0,0.43311070304850274,0.21697720421454342,0.2286113573363229,1.8384421027093136,1.0,0.40475189951213497,0.595248100487865,0.0,0.0,0.0,0.0,0.0,0.0,1.0,1.0,0.6625913728433503,,,0.19006326769067228
B001863,2453.913183421535,2.8368938536665143,6.687766822012198,3.908992759932531,0.0,0.36500000000000005,0.012506391589190582,0.27889253243894996,0.5002556635676233,0.0,1.2264964406098242,0.0,0.8374517366345525,0.2726900128545143,2.234514581286681,0.5284605384606584,0.5284605384606584,0.0,0.2952002365376472,0.0,0.17633922500169436,0.0,0.0,0.0,0.0,1.0,0.6406578437414284,,,0.19106616983379643
B001864,3034.1046085186526,3.523931020346867,12.42257516925473,4.93008539793913,0.0,0.2998823214641003,0.013042924732964136,0.07068476336126824,0.16600688956923482,0.9509033269923725,0.7724163970191859,0.0,1.2470302253158803,0.3875741814501931,1.692986215003156,0.9653646034668032,0.7461729131189156,0.21919169034788755,0.0,0.0,0.03463539653319675,0.0,0.0,0.0,0.0,1.0,0.5956791300602382,,,0.19106616983379643
B001865,4941.648173625064,9.050637680631986,16.373705515344763,14.334574677895422,0.1635330879354868,0.34556288719785594,0.016384852268776614,0.32408316685819233,3.1534891181404503,0.9021605650030919,1.8643287806902358,1.3903641756379468,1.1839584417056375,0.5563365994546209,2.3567452121662433,0.6461892886151284,0.5104687367687302,0.13572055184639825,0.0,0.0,0.3538107113848712,0.0,0.0,0.0,0.0,1.0,0.19223356430433794,0.19417847007303402,0.37382954270927504,0.18847355270950683
B001866,4913.081328869396,2.900284137467176,7.489083578015906,0.5254156360544823,0.1324029741462097,0.08541056052262588,0.019613066636063086,0.272466091973942,2.2252753273244283,0.0,0.05701119875880251,0.0,0.25813562207550705,0.3598619893084386,2.310106991063846,0.671861266317009,0.671861266317009,0.0,0.08900356304432208,0.0,0.23913517063866893,0.0,0.0,0.0,0.0,0.5,0.9071166723866644,,,0.191088296168766
B001867,12611.620978369017,4.226414536986936,12.978714033188181,6.572809919349403,0.0,0.619378237534539,0.015565882180085146,0.5312505167931102,1.4926540610067929,0.2920880142996193,1.1169299774498211,0.39824629864646444,0.0,0.9264961855842384,2.4865265852639453,0.6031601211081278,0.5089321898057764,0.09422793130235142,0.0,0.0,0.39683987889187217,0.0,,0.0,,0.95,,,,0.19106616983379643
B001868,16563.568147081845,10.516551204496409,16.985387863182524,12.538291609341744,0.0,0.3323502586158988,0.010339044220130421,0.2305606861089084,4.190603649079716,0.9380871795753774,0.948441408572384,1.3793161529802553,2.4787485542742456,0.5813542600144346,1.899961899175818,0.7650008625754571,0.6748152693966901,0.09018559317876688,0.22035772826026978,0.0,0.01464140916427338,0.0,0.0,0.0,0.0,1.0,0.2080348812843226,,,0.18847355270950683
B001869,19762.207944582933,5.38479780506347,11.080131182153913,8.148224332528834,0.16011008271008434,0.43002029247292156,0.9665576990550314,35.03525104137691,1.8963187479468735,0.5183358818246564,0.0,1.7960762359190117,0.6299584607842538,0.5441084785886756,1.9841049486592433,0.7449108214248712,0.6279224991907685,0.11698832223410263,0.0,0.0,0.25508917857512914,0.0,0.28,0.28,0.28,0.7,,,,0.3116940136216534
B001870,19290.14471129545,10.675232269670973,14.936109624974273,12.04528588965724,0.0,0.3755025596314015,0.03363750370801192,0.5200205761091049,4.3801145828760415,0.48078357163150953,2.9196443003733377,1.874989524229886,0.0,1.0197002905601982,2.614327563734289,0.5503535857841043,0.3747143606258049,0.1756392251582996,0.0,0.0,0.4496464142158955,0.0,0.0,0.0,0.0,1.0,0.22494297204699845,0.35888698502264,,0.18847355270950683
B001871,11084.194070793079,6.508628344564345,21.089366895656493,5.050166143840369,0.0,0.44429717095845705,0.02262953164095765,0.31720713273945234,1.9132863978432995,2.111536864404532,0.0,0.26370439548738495,0.0,2.2201006868291273,1.9375656281396783,0.9782509063649347,0.9377347819947952,0.04051612437013962,0.0,0.0,0.02174909363506521,0.0,0.0,0.0,0.0,0.95,1.176070956414732,,,0.19106616983379643
B001872,16337.052958155162,44.15419718420314,128.11943304430247,145.19839631298706,0.001561012067302377,0.4875652311653119,0.01804611200207999,0.5075962820426557,2.4519517605076593,0.24087974452525343,39.67267421705332,1.09343546297253,0.10894012632368542,0.5863158728206965,2.0522195434048194,0.9416898352251898,0.03773151400225812,0.9039583212229318,0.024764020924464315,0.0,0.03354614385034586,0.0,0.0,0.0,0.0,0.5,0.5079955355107535,0.2075425694583786,0.5483172150949804,0.191088296168766
B001873,4766.3324174561885,8.303715012989876,21.283563752412327,14.199508952536213,0.1981002092659914,0.24940035890887163,0.022186296557804328,0.41928403423087746,1.8954320664707969,0.0,0.6954185768382446,2.16379908071602,3.14576183016689,0.40330345879792406,2.5744159489333533,0.7988518188251816,0.45452188299748747,0.34432993582769417,0.0,0.0,0.20114818117481836,0.0,0.0,0.0,0.0,0.95,0.9619943509716621,0.39941881813040203,0.2558662370519901,0.19106616983379643
B001874,56303.25080852006,11.328621893062387,21.35440489125053,5.119808086969544,0.0,0.365,0.040175759833173466,1.743853824079827,9.075630613842558,0.8933197852072849,0.09254969377615377,0.6569013655332039,0.0,0.610220434703186,3.380302961696014,0.18577978329862066,0.17761023764251296,0.008169545656107644,0.0,0.0,0.8142202167013793,0.0,0.0,0.0,0.0,0.5,0.15862610683019968,,,0.191088296168766
B001875,219611.36675168262,629.2589305205806,2017.9699396806907,1128.7053943436783,0.1979588012533246,0.021850958243623684,0.026553935567539277,1.007508167183044,0.367001934790411,625.2638865045479,0.739266237431459,1.244335993295511,1.1731522877149223,0.471287562800206,1.6705510747175567,0.9960907874761468,0.0024395952915996035,0.9936511921845471,0.00303915992668432,0.0,0.0008700525971688393,0.0,0.0,0.0,0.0,1.0,0.9220130012693664,,,0.19106616983379643
B001876,5003.413709085253,3.796216774723257,7.99579508499135,2.5632089961964337,0.17704152352830657,0.29560331000240186,1.3413621942813352,63.03816199556251,1.7573648605564427,0.9548502855402728,0.0,0.0,0.3624132914284437,0.7215883371980978,2.8169637779192804,0.5584008432193021,0.4629338788874606,0.09546696433184154,0.0,0.0,0.44159915678069794,0.0,0.0,0.0,0.0,0.98,0.30129140763810464,0.3465102689935898,,0.1887933662721779
B001877,26291.669283101775,6.830779236971103,14.798237511597652,14.907948351132287,0.0,0.37244713826929465,1.3075073528045316,60.975521672211265,1.687933610338591,0.9411893506084141,0.0,2.3296970897706957,0.9518450712404548,0.9201141150129467,2.2258213694681968,0.7228577055502724,0.10466593487141136,0.6181917706788609,0.0,0.0,0.2771422944497276,0.0,0.0,0.0,0.0,0.98,,,,0.1887933662721779
B001878,2018.602820230196,1.2553500125809676,6.418119116537009,2.034694052849708,0.0,0.453,0.37302121188904347,13.51956442007053,0.5118412481014833,0.0,0.06308491833826271,0.46522049815740385,0.0,0.21520334798381782,2.8720726026170142,0.5833823350476277,0.21279206660056554,0.37059026844706233,0.0,0.0,0.41661766495237224,0.0,0.3,0.3,0.3,1.0,1.4218530730103827,,,0.32152411226147926
B001879,2201.095681176101,5.629400719120463,12.722762533946883,1.3673127651660104,0.6523481760074378,0.24,0.012351838002882807,0.2754459874642866,2.8214858382219616,0.31895902921822417,0.0,0.0,0.0,2.488955851680279,3.0204936523521124,0.442135135846068,0.442135135846068,0.0,0.056659499853131484,0.0,0.5012053643008008,0.0,0.0,0.0,0.0,1.0,,0.34848107730490735,,0.19106616983379643
B001880,2259.639412898826,0.8507678512420278,7.048952242507234,1.316678933795168,0.0,0.44695119915890963,0.2602244702132806,12.227198262667281,0.25503755676958384,0.28133568766857164,0.03503051011982909,0.13820467240340156,0.0,0.14115942428064168,1.92002803813657,1.0,0.7963778458831909,0.20362215411680903,0.0,0.0,0.0,0.0,0.3,0.3,0.3,1.0,,,,0.32152411226147926
B001881,1888.403083091982,3.2784775748124684,9.225075766861837,1.9640063787973405,0.27592143009219894,0.2843357021857395,0.008220274706927095,0.18331212596447422,2.0775286110246673,0.0,0.0749157870921961,0.3205346977677252,0.43278608249491113,0.37271239643296883,1.9881838903327647,0.7485797231099216,0.518802101310655,0.22977762179926667,0.0,0.0,0.25142027689007845,0.0,0.0,0.0,0.0,0.5,0.7085437568833631,,,0.191088296168766
B001882,5088.539262357174,2.45823152770878,10.651121198833797,5.038246791296294,0.06663746735514126,0.4098669024956744,0.6698488435096223,31.354780837917005,0.8333772909678666,0.34389184079278484,0.0,0.9007175012285251,0.1482842062775788,0.23196068844202444,2.4292245771680334,0.6609850286377928,0.15468229515143123,0.5063027334863616,0.0,0.0,0.3390149713622071,0.0,0.0,0.0,0.0,1.0,0.6613702346125854,,,0.19006326769067228
B001883,1106.6930055261905,3.604863210183031,16.313755263657868,8.029639533237463,0.0,0.4410349788293712,0.31011337151932167,11.089927099193163,0.8334078429935625,0.7981298169322613,0.05984760418526828,1.1813206786238917,0.4626157436632364,0.26954152378480967,2.071072050824387,0.8432045562309698,0.7148735442923093,0.12833101193866045,0.0,0.0,0.1567954437690299,0.0,0.0,0.0,0.0,0.6,0.4883442146316855,,,0.19006326769067228
B001884,7070.227203523029,15.504884218252256,26.4385190042525,8.205300357094346,0.0,0.4660109154849794,0.0654370639759186,2.4150733200812002,11.95994396531847,1.2054511462515198,0.0,1.0805470920163565,0.1552376418117646,1.1037043728541467,1.6448396154592513,0.8189538944176313,0.6715165962031234,0.14743729821450796,0.010012176784204541,0.0,0.17103392879816404,0.0,0.0,0.0,0.0,0.5,0.22569047148199115,,,0.191088296168766
B001885,515.6847949381208,0.8057574920908138,5.494311939993996,1.8367827800566385,0.0,0.365,0.407319232468429,14.74495621535713,0.22402557785763597,0.0,0.0,0.45404051531886563,0.0,0.12769139891431205,2.1962075155142817,0.7219689794303681,0.1584737345512891,0.5634952448790789,0.0,0.0,0.2780310205696318,0.0,0.0,0.0,1.0,1.0,0.6582840546130553,0.42466766426141306,,0.19006326769067228
B001886,28623.052724094567,6.401935299506725,11.153885160003236,7.409404579032584,0.0,0.36009201293940574,1.1567849222975715,41.98457462282274,1.995853655717636,0.6654475886756059,0.8882144718277784,0.3977920270881389,1.8179575301306057,0.6366700260669582,2.69383042625424,0.5320783934218565,0.5320783934218565,0.0,0.13874155708762256,0.0,0.3291800494905206,0.0,0.28,0.28,0.28,0.7,0.4020867317369693,0.4278039174390909,,0.3116940136216534
B001887,5589.2899311956735,6.908887430402563,17.45304238244933,12.082982681604722,0.10976428917975414,0.41806633157139933,0.022770698458882386,0.4225255610327406,1.741174091014973,0.0,0.546845745340613,1.7377108954500597,2.5264089519898403,0.3567477466070762,2.508264774203683,0.7479805383204049,0.41731128602697787,0.33066925229342714,0.0,0.0,0.2520194616795948,0.0,0.0,0.0,0.0,1.0,,0.43168501088672645,,0.19106616983379643
B001888,2317.6096714333944,3.4746771685658087,8.42391152532474,6.970188308106586,0.0,0.3612180392392407,0.01053838974058566,0.0368322919757478,0.6297352012635412,1.1625003308862671,0.0,1.1690363629138354,0.0,0.513405273502164,1.6170682455829004,0.9621515088531807,0.625706910923422,0.33644459792975856,0.0,0.0,0.037848491146819166,0.0,0.0,0.0,0.0,1.0,,0.3076238414335655,,0.19106616983379643
B001889,17356.749673951876,15.793220813422998,28.096389650467803,10.336748789799561,0.0,0.3971699340093951,0.0885900448615942,2.698072819129192,11.270838891729726,0.5134044424510704,0.19773843035531652,3.1803942353166774,0.0,0.6308448135702106,1.2276913308034576,0.9880315447402199,0.7866543669695155,0.20137717777070474,0.0,0.0,0.011968455259779994,0.0,0.0,0.0,0.0,1.0,0.07266954369109137,0.29040798561609965,,0.191088296168766
B001890,3094.6179001112446,3.028001859208654,9.480058315364271,5.3713927634553755,0.0,0.24,0.012133261641825556,0.33673399612973554,0.3745986472344857,0.0,1.4549228957973337,0.8925124270235592,0.0,0.3059678891532758,2.3490212077595793,0.33311408728904296,0.33311408728904296,0.0,0.4804894327830984,0.0,0.18639647992785877,0.0,0.0,0.0,0.0,1.0,0.909825461079808,,,0.19106616983379643
B001891,4984.449018080355,1.9478112614616472,8.47769162862861,1.6594380412487046,0.0,0.06033209662571265,0.4970929593261635,18.016805477814287,0.41330866220851803,1.0576940427510404,0.039692604661046633,0.0,0.0,0.4371159518410422,2.0758914049408683,0.9555493006903434,0.9555493006903434,0.0,0.0,0.0,0.04445069930965663,0.0,0.3,0.3,0.3,1.0,0.5810595679884825,,,0.32152411226147926
B001892,13289.076886655275,3.988318393353924,9.812137417679693,4.944539859277477,0.17646931424691426,0.416569796349753,0.02100661480278089,0.6739981229145627,1.8116566894184916,0.0,0.8297174156556903,0.6134692627091005,0.0,0.7334750255706419,2.9123971328715297,0.3377223570024577,0.3377223570024577,0.0,0.20803690523763585,0.0,0.45424073775990653,0.0,0.0,0.0,0.0,1.0,1.1190901984172859,,,0.19106616983379643
B001893,11377.926187693094,6.916672454524678,9.88276276128213,9.209250441266176,0.0,0.29081025667125815,0.01508762884922641,0.7000659786041055,1.862670228299557,0.0,2.3863806082983405,1.6047033754840572,0.0,1.0629182424427235,2.599580956995961,0.3207718413475468,0.3207718413475468,0.0,0.3450185944163429,0.0,0.33420956423611037,0.0,1.0,1.0,1.0,1.0,0.14220634248010516,,,0.6084446516532538
B001894,4780.832143312572,4.687090336580953,13.884907491573752,5.533792130095753,0.0,0.4169564969627973,0.012463896817926238,0.2671889386739352,2.102554162436775,0.6001624284437356,1.0874628429782212,0.129759053138235,0.5341000764229064,0.2330517731610803,2.7387867865394817,0.5514159080683508,0.1636733654558904,0.38774254261246044,0.0,0.0,0.4485840919316492,0.0,0.0,0.0,0.0,1.0,0.15567165361707452,,,0.19106616983379643
B001895,6139.476896408752,7.056869995872129,16.19584126535328,14.227962566536315,0.0,0.32063661347205274,0.012071739521158567,0.027885718293876288,0.4828695808463426,1.935147199781828,0.9964472009805811,1.2323523991974614,1.7713419162232593,0.6387116988426546,2.0123163308811045,0.6805649674164055,0.36473095014220824,0.3158340172741973,0.25100957184408873,0.0,0.06842546073950549,0.0,0.0,0.0,0.0,1.0,0.41259340116375975,,,0.19106616983379643
B001896,4772.503699410078,7.308581469234423,20.832369811906442,10.513054835024667,0.025886931574196487,0.24584547191668157,0.019334857873660755,0.36327221103813434,1.5931178835326738,1.5792439104309568,1.3701143750927707,0.5478071294082376,1.7295418767828439,0.4887562939869435,2.3046207681430775,0.609985856499367,0.609985856499367,0.0,0.18746652559874807,0.0,0.20254761790188544,0.0,0.0,0.0,0.0,0.95,0.7332720577675466,,,0.19106616983379643
B001897,7112.949443491403,4.318730688215788,7.227781228285417,4.405040762172616,0.0,0.4510874618752495,3.0973871051185418,112.13772917192124,1.7386770643474605,0.4554534018967423,1.0717783417648283,0.20779551994576978,0.0,0.8450263602609874,1.8067115296264753,0.9158689420798538,0.9158689420798538,0.0,0.0,0.0,0.084131057920146,0.0,0.0,0.0,0.0,0.98,,0.4227087411541461,,0.1887933662721779
B001898,1225.889334895963,1.5285403178253902,6.594913324317711,1.9522418715647702,0.0,0.5779661639140348,0.3306618822151596,21.7766685311238,0.5051325172048011,0.1198591603371546,0.07310995362926075,0.15129687643523254,0.3119578417309426,0.3671839684879987,2.8948787709487873,0.4428736453988354,0.21764832004305742,0.22522532535577805,0.20408872313865814,0.0,0.35303763146250644,0.0,0.5,0.5,1.0,0.5,1.6857310237870657,,,0.40649680945047806
B001899,1552.1206114206652,4.38452150118832,9.400196440684724,0.5736580394159795,0.0,0.42676160649664036,0.011639289400877379,0.185194245287254,3.2953937658659607,0.0,0.0,0.08180595085128844,0.15080150801769243,0.8565202764533772,1.7127295878149547,0.947512933335938,0.947512933335938,0.0,0.0,0.0,0.05248706666406201,0.0,0.0,0.0,0.0,0.5,0.5163325046716197,,,0.191088296168766
B001900,10907.943286764094,3.2281572319514926,7.903327846805502,3.105586537380836,0.0,0.38683096748587276,1.103466999936213,40.09998111337334,1.3600242854599638,1.0107436106870926,0.09768158913328148,0.22569155536040414,0.09036524857237364,0.4436509427383763,2.7278052343101753,0.5786994908430159,0.5087860575298657,0.06991343331315017,0.0,0.0,0.4213005091569839,0.0,0.0,0.0,0.0,1.0,,,,0.191088296168766
B001901,3497.6640832343446,1.7827034063375864,11.252771418598579,3.7735974686108515,0.0,0.1706168870614898,0.28885705694699937,10.3719212622334,0.3434810279060092,0.0,0.0,0.7766897694213558,0.360251803762097,0.3022808052481249,2.045458558686852,0.8780729771856556,0.4423921080852824,0.4356808691003734,0.0,0.0,0.12192702281434445,0.0,0.5,0.5,1.0,0.5,0.7231194957055993,0.2524651977688537,,0.40649680945047806
B001902,6691.899012132586,1.4329548205851361,9.327887540769733,2.5794716771979305,0.0,0.26397463392041337,0.4363504725107028,15.798219033125504,0.2392383125097491,0.5425131978899669,0.024573154799952836,0.3782088928628968,0.0,0.24842126252257052,2.675994186190794,0.4504818957293837,0.18654552632699178,0.2639363694023919,0.3785975594599945,0.0,0.17092054481062172,0.0,0.0,0.0,1.0,0.9,0.6865100466515193,0.40651636498959515,0.5757269470957898,0.19006326769067228
B001903,44042.00872924229,13.69039749121613,17.68094596621711,17.679424510980027,0.0,0.4204231928022232,0.010643628405157673,0.49386435799931605,7.02881121095318,0.6227843804644858,1.598230300602403,1.755677218956616,1.81405080153612,0.8708435787033221,2.9148122544769834,0.23734191649360104,0.23734191649360104,0.0,0.24924631328841038,0.0,0.5134117702179883,0.0,0.0,0.0,0.0,1.0,,0.26051885156947097,,0.18847355270950683
B001904,7917.928546256473,2.2386000978955254,5.676037579094928,2.184784935162117,0.0,0.24,0.018650854193074558,0.44705420463905493,1.6654690338363518,0.0,0.0,0.21207240950509915,0.0,0.36105865455407454,3.3015174703522185,0.2501783003191213,0.15544391265226415,0.09473438766685718,0.0,0.0,0.7498216996808788,0.0,0.0,0.0,0.0,1.0,0.8692888753006073,,,0.19106616983379643
B001905,24576.10881528248,6.027988426608409,10.054003073851622,10.099775143849353,0.08354652560974803,0.365,1.6211176482030347,107.84349974208797,0.9846093693018135,1.5229997120126528,0.9265497158992191,1.3001416015155385,0.5902881298114974,0.7033998980676881,2.53252503910033,0.7387358124044356,0.2703969381845651,0.4683388742198706,0.09792456256317292,0.0,0.16333962503239158,0.0,0.0,0.0,0.98,0.98,0.300579461962057,,,0.1887933662721779
B001906,3564.5839043069486,8.6101060490506,14.506550950631445,12.692214205866227,0.5457368646932081,0.4405663256974487,0.00867513428771326,0.1934554946160057,5.728862265471021,0.8346645962576036,0.6694489332238102,0.0,0.8295203265353156,0.5476099275628504,3.072309528171076,0.3346351098541094,0.15994347180543916,0.17469163804867024,0.0,0.0,0.6653648901458905,0.0,0.0,0.0,0.0,1.0,0.2413280472771272,,,0.18847355270950683
B001907,10019.67694467368,7.466227231500507,13.924739827922384,10.278783744599819,0.5959182768203656,0.41953398247399915,0.01932647641513263,0.4025332745122046,4.62593002504232,0.16624302885494788,1.1531727880236002,0.0,0.7988572626809864,0.7220241268986523,2.9212012149426796,0.3463136001640339,0.3463136001640339,0.0,0.02226600178381359,0.0,0.6314203980521527,0.0,0.0,0.0,0.0,1.0,0.19282774586992726,0.23244825984675285,,0.18847355270950683
B001908,2575.6862979917732,1.2757237731509525,6.966199952429798,1.1725972581183535,0.0,0.42708909997906597,0.25530250520073455,9.245932692095558,0.3902098027606523,0.47789857683524617,0.09571374067920377,0.0,0.0,0.3119016528758501,2.727067475833006,0.6859426405480794,0.6859426405480794,0.0,0.0,0.0,0.3140573594519204,0.0,0.5,0.5,1.0,0.5,,0.30132686262246117,0.6499052120034605,0.40649680945047806
B001909,3723.9311484148197,4.70193326820053,11.15727003894375,2.227925014820496,0.0,0.3149121314577873,0.011138643377452188,0.1946878414773851,2.6597791449657557,0.0,0.0,0.2257791936741524,1.0050636402103474,0.811311289350274,2.3947585966502287,0.622680897967342,0.4089254950551707,0.2137554029121715,0.0,0.0,0.3773191020326579,0.0,0.0,0.0,0.0,0.5,,0.136355090713201,,0.191088296168766
B001910,16107.772731789755,3.953797921401511,6.989267075212946,5.991839056453027,0.3210095835325364,0.2018881175761077,2.128481818536476,76.97595772593739,0.9134631244196771,1.0300853248078332,0.5046787632237293,0.0,0.9502855600872905,0.5552851488629809,1.777348430853811,0.8933684347725674,0.5253768600298512,0.36799157474271615,0.0,0.0,0.10663156522743263,0.0,0.0,0.0,0.98,0.98,0.3899889071617312,,,0.1887933662721779
B001911,16392.731076260523,5.65071736513634,12.8657526961923,6.075786211424784,0.20397597880520568,0.2395343986089084,0.013452923384228375,0.27833314871350634,2.7520349379310547,0.7553389111949148,0.5050055416174823,1.1436588450609184,0.0,0.4946791293319694,2.8100338949578787,0.4769668465231547,0.0515335532734379,0.4254332932497168,0.0,0.0,0.5230331534768453,0.0,0.0,0.0,0.0,1.0,0.2693398301948516,,,0.19106616983379643
B001912,4365.185342121684,4.288001318390652,9.366026270791645,5.09148189191591,0.0,0.3281358313550515,1.2986413087930377,61.027155137938756,1.4988637590948726,1.0847061860238727,0.6467284060490585,0.47829102944347335,0.0,0.5794119377793754,1.8863126765069183,0.849177190483751,0.849177190483751,0.0,0.15082280951624913,0.0,0.0,0.0,0.0,0.0,0.0,0.98,0.2179041705653881,0.3154830687813039,0.7998315277042763,0.1887933662721779
B001913,4772.914677983897,10.133576811006149,15.305870557872398,7.854740579875287,0.0,0.365,0.008907326527453819,0.02057592427841832,5.882196763412898,0.0,2.5707204063730775,0.603042852073911,0.0,1.0776167891462611,2.7742587399044205,0.41953400333195234,0.41953400333195234,0.0,0.0,0.0,0.5804659966680474,0.0,0.0,0.0,0.0,1.0,0.1925370157720216,,,0.18847355270950683
B001914,3292.3264754391057,4.183388151765064,6.6071546319001975,4.575918564340992,0.0,0.41227665091378113,0.006069245269203302,0.4042117349289399,1.4234013518751194,0.35919877218424723,1.3282335046743816,0.2753812679060558,0.0,0.7971732551252607,2.060642937001291,0.6824981434930989,0.6824981434930989,0.0,0.31750185650690105,0.0,0.0,0.0,1.0,1.0,1.0,1.0,0.16936370745400847,0.2563750821576194,0.7188411118164933,0.6084446516532538
B001915,22820.31765804154,4.567717705772926,12.611323435688695,6.443708664449008,0.0,0.24,0.01956794173951695,0.7460988439523142,1.579400644133688,1.584507003117982,0.0,1.0002281634461412,0.0,0.4035818950751149,2.809545834407281,0.6428406241945392,0.07697046034938833,0.565870163845151,0.0,0.0,0.35715937580546064,0.0,0.0,0.0,0.0,1.0,,,,0.19106616983379643
B001916,22367.488319673135,18.2442808480205,26.168699790834825,28.18141233188047,0.0,0.26563186661227883,0.011712638078439246,0.26119182914919514,5.518182274911078,1.4044346351760655,1.5661203428242123,3.554504122049326,5.632456891945307,0.5685825811145124,2.419821002006459,0.6478517860242669,0.45302338189810537,0.19482840412616145,0.16282116038147823,0.0,0.18932705359425506,0.0,0.5,0.5,0.5,0.5,0.372404156200807,,,0.40484810018049977
B001917,742.1381331988108,2.3264518282094384,9.423121903222587,3.0702035308124493,0.0,0.2584116840583193,0.3684766003212132,13.297699494042195,0.566549678105228,0.0,0.09362369106552092,0.9733504480259207,0.19345871990641283,0.49946929110635585,2.440252337739953,0.6733186611490753,0.21469143914781771,0.45862722200125766,0.08315612537540011,0.0,0.24352521347552467,0.0,0.5,0.5,1.0,0.5,1.115713300904983,,,0.40649680945047806
B001918,3092.3192266589904,4.145200035735912,25.708485819630994,14.813919516587212,0.0,0.30582649004971285,1.4839052881014332,53.719105989062506,0.3887108786809963,0.3763761074878933,0.0,2.7472312907945495,0.30492898122734097,0.32795277754513347,1.684470199823585,0.8256768973464154,0.1629269052807556,0.6627499920656601,0.16436000261547806,0.0,0.009963100038106647,0.0,0.3,0.3,0.3,1.0,0.6239816172144198,0.3595396754824508,,0.32152411226147926
B001919,7058.278210311,18.872401631847595,32.282847273926414,7.212089237322055,0.0,0.47284137907526774,0.08650437557524684,5.554818804721063,16.43376331424947,0.0,0.0,1.4606167718739447,0.14153035184964244,0.8364911938745347,3.3935836771381376,0.1247334287921071,0.1247334287921071,0.0,0.0,0.0,0.8752665712078929,0.0,0.0,0.0,0.0,1.0,0.2037765913985524,,,0.191088296168766
B001920,3216.7261546095506,7.261232854649099,10.917467060911568,11.38121241746946,0.0,0.3911340022803013,1.893296594900276,88.81473279870428,2.468729578273917,0.9183600616900351,1.084556178949104,1.6163974178507476,0.0,1.173189617885297,2.554424773513063,0.6448964710979861,0.4222900005155384,0.22260647058244776,0.0,0.0,0.3551035289020142,0.0,0.0,0.0,0.0,0.98,0.2327659266692333,,,0.1887933662721779
B001921,2845.3942904327373,1.3321134318505325,5.730145161646673,1.3044291791821117,0.009265609305596402,0.35920323189104497,0.5889755665847326,21.29084741802783,0.3175442434451252,0.41756304095620983,0.032480061371262324,0.0,0.23923590173040696,0.3252901843475276,1.9740122476729012,0.9088344448872676,0.4157841332676246,0.4930503116196428,0.0,0.0,0.09116555511273226,0.0,0.5,0.5,1.0,0.5,,,,0.40649680945047806
B001922,34270.12170383239,13.334677705771357,30.81689860296998,1.816257587001406,0.14694291905624965,0.08395198669942477,0.05955311933934713,2.6533300455525644,11.362457865410477,0.7506818404899245,0.06953257957716978,0.0,0.15727686414558734,0.9947285561482027,3.4494423609625353,0.13085968505525522,0.0745642231735614,0.05629546188169386,0.0,0.0,0.869140314944745,0.0,0.0,0.0,0.0,1.0,0.1420618414029382,,,0.191088296168766
B001923,6308.977184594455,2.414457399385555,5.806234388690113,4.739453692407442,0.0,0.365,0.003745155188031021,0.10108145874500975,0.3953453593748975,0.0,0.868054611788806,0.6251491787093886,0.0,0.5259082495124633,1.9987884893702939,0.6404763190231838,0.6404763190231838,0.0,0.3595236809768164,0.0,0.0,0.0,0.0,0.0,0.0,,,,,0.19106616983379643
B001924,4358.6098254171975,1.1654036966356143,8.555514192931426,1.9675265932552257,0.0,0.365,0.28021815837161296,10.158355820063193,0.3839784168313788,0.0,0.0,0.44898342556947207,0.18806718830780436,0.1443746659269587,2.3127530981031743,0.5091438213293701,0.5091438213293701,0.0,0.16137514309481993,0.0,0.32948103557580954,0.0,0.3,0.3,0.3,1.0,0.4412130746869574,,,0.32152411226147926
B001925,1726.4267990929275,2.9817388585370077,6.521030344555407,1.8356986355793763,0.0,0.433,2.347748498123346,84.99835242324441,1.4451431091489773,0.0,0.0,0.0,0.873792550535783,0.6628031988522479,1.8540223647739549,0.9526745167891197,0.9526745167891197,0.0,0.0,0.0,0.047325483210880245,0.0,,0.0,,0.98,0.3089055426298399,0.3838309736740289,,0.1887933662721779
B001926,5978.7575791405125,5.9907390572550225,9.954902429382809,11.497690524074414,0.0,0.5853884647336155,1.2845494082814093,46.33164128087937,1.8128891122440396,0.0,0.29834135042392246,1.5065448445094172,1.2427261158961522,1.1302376341814901,2.527743703659106,0.7177865604653793,0.515633101146175,0.20215345931920423,0.0,0.0,0.28221343953462086,0.0,0.2,0.2,0.2,0.98,,,,0.2770151739533745
B001927,47254.89000771894,10.243852158621058,13.460971044324648,6.848351691045429,0.0,0.14638782979696652,0.015242525571339028,0.5223550860396328,4.781634747195608,0.0,1.3180045839756689,0.8969594501968032,2.1321236478937973,1.1151297293591818,1.443927507169744,1.0,0.7043023414252055,0.29569765857479446,0.0,0.0,0.0,0.0,0.5,0.5,0.5,0.5,0.36789902145056774,,,0.40484810018049977
B001928,20270.967650504776,6.883180866045764,12.833886779807496,8.081595027717098,0.0,0.26968874813137794,0.012832824340772835,0.6124557432603368,2.916426297874874,0.0,0.0,1.0586849991268281,2.066117960647412,0.8419516083966493,2.71733951754513,0.32769736098042873,0.3072761887522003,0.020421172228228483,0.30016906439861596,0.0,0.3721335746209552,0.0,0.5,0.5,0.5,0.5,,,,0.40484810018049977
B001929,5073.564187580913,1.1658005945728203,6.538250166933119,1.3817501279972981,0.0,0.37977141539713766,0.504329308102799,18.10353062271159,0.2745547295928913,0.607101636888396,0.0,0.10761849970094371,0.0,0.17652572839058914,2.133260189552609,0.7594852957800867,0.6671723391716043,0.09231295660848239,0.0,0.0,0.24051470421991322,0.0,0.0,0.0,1.0,1.0,0.7764344288336346,0.41410991754015986,,0.19006326769067228
B001930,4294.723188331385,1.3903279988123616,5.819929077680237,2.8097887740014205,0.0,0.365,0.904945489463334,32.76386090069828,0.3686256148844659,0.0,0.09482303492147609,0.5905639974037291,0.0,0.33631535160269016,2.0776883057248687,0.9436485300662021,0.4506806599588083,0.49296787010739396,0.0,0.0,0.0563514699337975,0.0,0.0,0.0,1.0,1.0,0.7986488230151348,,,0.19006326769067228
B001931,10221.726012757506,3.8013112728737473,5.309662273540583,1.649228965671973,0.0,0.453,0.014786095198942847,0.6860748172309481,1.8254438517213394,0.7652422400717955,0.0,0.0,0.0,1.2106251810806115,2.988076170941683,0.5089428717937369,0.5089428717937369,0.0,0.0,0.0,0.49105712820626285,0.0,1.0,1.0,1.0,1.0,0.15219662206961826,0.20850183522535384,0.38613906507592155,0.6084446516532538
B001932,21733.39658574579,4.892705219663618,12.004382892693254,7.334583482281363,0.0,0.3923918414675507,0.013951512680653552,0.24964559977844086,2.454415807880885,0.26368706848368423,0.022449825220386174,1.1971024755175428,0.2614480506740382,0.6936019918870826,2.564050856958016,0.49835199594353874,0.49835199594353874,0.0,0.0,0.0,0.5016480040564615,0.0,0.0,0.0,0.0,0.5,0.660333875823734,0.14627150019680016,,0.191088296168766
B001933,1709.2896334034824,5.697632111344942,13.167703526830708,9.464860433157112,0.307075318986616,0.3343747263782066,0.02365257438757408,0.4749281077239629,2.4493834051931604,0.0,0.7369112456729155,0.8239383698784447,1.2534387989251607,0.43396029167525946,1.6527745405318706,0.9705276546938584,0.6965805859732496,0.27394706872060887,0.0,0.0,0.029472345306141626,0.0,0.0,0.0,0.0,0.9,1.1901121254365226,0.5201954928581485,,0.19106616983379643
B001934,1117.3623140313011,3.4700692982338546,11.534539781945366,4.919865787170949,0.19836172587957518,0.021,0.010635562525319602,0.22764173642231025,1.7271198904991394,0.4829690434950696,0.0,0.6550349893076862,0.0,0.6049453749319589,2.794504440809423,0.442955637607559,0.3037742547628751,0.13918138284468387,0.0,0.0,0.5570443623924409,0.0,0.0,0.0,0.0,1.0,0.20845517894448884,,,0.19106616983379643
B001935,36345.54799915435,9.12058920932355,14.345162102050528,12.156669072819692,0.0,0.365,0.05129837716372768,0.758544957870392,4.016941975385769,0.0,0.0,2.9312301793288307,1.4476389964258747,0.7247780581830748,2.807284640804831,0.37414047650771104,0.21541838485314765,0.15872209165456344,0.32138605434968737,0.0,0.30447346914260137,0.0,0.5,0.5,0.5,0.5,0.2974543325362815,,,0.40484810018049977
B001936,3761.9122085655263,7.853678932287111,18.185188703534475,12.167059245810647,0.0,0.15578384778600113,0.020023582207317106,0.7248536759048794,2.0023582207317108,3.2435074150543013,0.7313969079161342,1.4464914734214285,0.0,0.42992491516353615,2.2892204721244998,0.7361639411041183,0.45885589221201406,0.27730804889210414,0.0,0.0,0.26383605889588174,0.0,0.0,0.0,0.0,1.0,0.5833158468727846,,,0.19106616983379643
B001937,33190.33625765703,16.455298095020837,21.08736630680227,21.554007786351377,0.0,0.3853848306057946,0.020854127566926894,0.27841994201422066,7.099814629925035,0.9741499018082452,2.093938341843013,3.161379701833091,1.6454651973813919,1.4805503222300636,2.483532485795662,0.568539288141286,0.568539288141286,0.0,0.0,0.0,0.43146071185871426,0.0,0.0,0.0,0.0,1.0,0.21055871164675843,,,0.18847355270950683
B001938,1524.3809526317693,1.9007243798401114,11.732447367016025,4.6430470285549745,0.0,0.5092427485811547,0.23206082093849836,8.328255256811708,0.3525772002018452,0.3723528733206813,0.0,0.5077299188208682,0.3769191545050332,0.29114523299168354,2.196914641049356,0.7716500997150066,0.37744669191279634,0.39420340780221025,0.0,0.0,0.22834990028499344,0.0,0.5,0.5,1.0,0.5,1.1611157981336062,,,0.40649680945047806
B001939,5830.677995257225,1.8181097584213362,10.263630816804092,2.2746740508713987,0.0,0.24,0.5199502167546005,18.795813913101124,0.6480203339217815,0.5407822293558487,0.0,0.2966265855603257,0.0,0.33268060958337986,2.7296756036738907,0.6283827935881066,0.16778969075844252,0.46059310282966415,0.0,0.0,0.37161720641189305,0.0,0.0,0.0,0.0,1.0,,,,0.19006326769067228
B001940,1969.4151303752935,3.1410129671057314,11.821493753540002,2.3313462160524865,0.0,0.34034096589227425,0.01124666631125034,0.18173959007676815,1.5836906039230427,0.30859958776872665,0.7563219958808023,0.23179634368837151,0.0,0.26060443584478826,3.02814490532277,0.24306227172589892,0.1692655869888859,0.07379668473701302,0.2407891988353397,0.0,0.5161485294387614,0.0,0.0,0.0,0.0,1.0,0.29093721876114015,0.2394134516506336,,0.19106616983379643
B001941,1316.0922986308776,3.2336420113780777,5.9829420189903235,4.351496221545936,0.060977470703940787,0.6238875649518549,0.6946082756067895,32.548490810697956,1.4370710318288022,0.5699535774078156,0.2536078325245168,0.05172446552646443,0.0,0.9212851040904789,2.076060330380633,0.7843650696925103,0.7843650696925103,0.0,0.07842792480805165,0.0,0.13720700549943798,0.0,0.28,0.28,0.28,0.7,0.47905721354337344,,,0.3116940136216534
B001942,9741.734870614897,2.2900176000505166,13.164220952093249,5.3072060418471425,0.0,0.36260719283872583,0.7505444169449228,27.084050555133043,0.5467755602847222,0.40212848367429455,0.0,0.9096044061933516,0.13305048094068506,0.29845866895746354,1.6981284865772202,0.9418997998365821,0.5446956883165284,0.3972041115200539,0.05810020016341798,0.0,0.0,0.0,0.3,0.3,0.3,1.0,0.9409292256737891,,,0.32152411226147926
B001943,10086.051082301969,8.547500917205058,13.545557294685757,9.672606999865783,0.0,0.38115677703532325,0.01671105221548268,0.3726564644052638,3.817245429932592,0.0,1.8118499242055224,2.220720400330564,0.0,0.6976851627363774,2.887101686812247,0.5421532968893419,0.28234397696747676,0.25980931992186507,0.0,0.0,0.4578467031106578,0.0,0.0,0.0,0.0,1.0,0.23568006147450724,,,0.18847355270950683
B001944,615.8007392089238,1.0690985055710482,4.506842039550027,0.844634718483544,0.0,0.2517665839619778,0.804402821760863,53.46856482438552,0.24970097671944302,0.5134002141990038,0.04198007756337376,0.0,0.0,0.26401723708922753,2.0623384982045847,0.9664105676117488,0.4469258906916115,0.5194846769201373,0.0,0.0,0.033589432388251156,0.0,0.0,0.0,1.0,1.0,0.450874480306417,,,0.19006326769067228
B001945,1230.2805029356002,3.212220634296606,7.234922625579746,6.199916021802239,0.23868900080484765,0.36499999999999994,0.025940035929164933,0.5542175295826643,0.835940131803485,0.8800786351426336,0.537059877037738,0.540132347720052,0.0,0.4190096425926973,2.0946418714770063,0.6987672736326054,0.36342535681135696,0.33534191682124836,0.273978264676501,0.0,0.02725446169089357,0.0,0.0,0.0,0.0,1.0,0.6730389070531386,,,0.19106616983379643
B001946,898.2137305835852,2.6732551505463844,11.484744812314856,3.0672756398744965,0.0,0.1866024423551836,0.8503477488642401,30.805829746702187,1.2265345251464332,0.0,0.069729048082195,0.9046581629711441,0.20848382258907938,0.2638495917575333,1.6175335852233723,0.8909761546920881,0.8909761546920881,0.0,0.10407269602170623,0.0,0.004951149286205674,0.0,0.0,0.0,0.0,1.0,,,,0.19006326769067228
B001947,5408.245462945358,4.85916034406591,17.104869131677415,9.351377030039616,0.0,0.44377762641390844,0.007435910670370099,0.05889239113252791,0.6863883608582713,1.585925623258037,0.34560616750255946,0.6021652055386183,0.934354601900687,0.7047203850077377,1.7423182438152585,0.9669086714844448,0.6506977011435033,0.3162109703409417,0.0,0.0,0.033091328515555275,0.0,0.0,0.0,0.0,1.0,0.5804455136844443,0.5710889271750421,,0.19106616983379643
B001948,1256.4188495448818,4.174149001810239,14.147660257615755,5.984025201600896,0.23982708613442377,0.2537926521943951,0.014123505600130032,0.5226155528184134,1.3182467546788839,1.457343892648605,0.4731743840568443,0.3813937194537395,0.257942082036082,0.2860481689360842,2.6380376075388603,0.6841879017478322,0.41766407016822293,0.2665238315796092,0.0,0.0,0.315812098252168,0.0,0.0,0.0,0.0,0.95,0.7121439315224515,,,0.19106616983379643
B001949,361.3790908311033,0.8523091764884513,6.0260184868089635,0.3824292462382557,0.0,0.38807104564496264,0.28126918135710505,10.181944365127203,0.3874175849409169,0.0,0.012738519142515498,0.0,0.18983231840846412,0.26232075399655463,3.0136430558915848,0.3227224119213706,0.3077765219862197,0.014945889935150903,0.22272706154658695,0.0,0.4545505265320423,0.0,0.3,0.3,0.3,1.0,1.1859800097726134,,,0.32152411226147926
B001950,4863.796779380866,3.394135924201581,6.435784800184394,3.537556130819052,0.0,0.0,0.01265312583569801,0.3337940312441821,2.903974151697882,0.0,0.0,0.0,0.0,0.49016177250369886,2.2016708207352282,0.7788722836992441,0.7788722836992441,0.0,0.0,0.0,0.2211277163007556,0.0,0.5,0.5,0.5,0.5,0.34154731782873265,0.39206648644751757,,0.40484810018049977
B001951,41541.25001400136,8.62388416317238,14.453017315354673,10.34575934786627,0.06153361990538283,0.33515901078242893,0.017832302943885672,0.18729062998637272,4.102857020455597,0.7228677867321697,0.0,1.2321810701778864,1.6131285896352694,0.95284969617146,1.8895738042592074,0.9077426714799658,0.7206890702124527,0.18705360126751333,0.0,0.0,0.09225732852003421,0.0,0.5,0.5,0.5,0.5,0.3469191899148275,,,0.40484810018049977
B001952,1140.6939786152752,3.2041965691440315,10.078865265679553,4.31365322881722,0.0,0.30127588883566003,0.8672070270275459,40.64797475835106,1.0806080372865328,0.5109759150328973,0.06999230225916006,1.1438490778837769,0.13312946368862846,0.2656417729930357,2.5374713406139047,0.6212037948410264,0.5993598471465633,0.02184394769446301,0.04154846958224933,0.0,0.33724773557672405,0.0,0.0,0.0,0.0,1.0,,,,0.191088296168766
B001953,7679.67103423754,4.71145462223162,12.990024035106272,8.313868576973677,0.0,0.559722960657121,0.02065557724526079,0.5560511763141907,1.6662614745475224,0.0,1.1448140763576964,1.240494773856648,0.21679331892518314,0.4430909785445694,2.295829775013646,0.6203346142482314,0.3313352489868201,0.2889993652614111,0.0,0.0,0.3796653857517687,0.0,0.0,0.0,0.0,1.0,0.8608210457466658,0.3678226036857324,,0.19106616983379643
B001954,4751.690354381381,5.80891241366917,10.848184086982391,6.636350841787539,0.0,0.2373640703758428,1.2314887697790595,57.86432906984743,1.720923106225291,0.6552858264808775,0.8391642909077374,0.3593635383972105,1.6321653127231968,0.602010338934855,2.4441990976735233,0.678383099883809,0.39740704163192564,0.2809760582518833,0.0,0.0,0.3216169001161906,0.0,0.19999999999999998,0.19999999999999998,0.19999999999999998,0.98,0.33366194326324683,,,0.2770151739533745
B001955,5869.173892726943,3.3271960843123263,6.934676362461982,2.6184504147101406,0.0,0.5843053441515083,1.3704539271547025,49.40862064787534,1.7044635755905093,0.2048388689847418,0.03475294616278389,0.5196609937735867,0.0,0.8634796998007048,3.166083921145449,0.3209993400826399,0.24898921231253426,0.07201012777010561,0.0,0.0,0.6790006599173601,0.0,0.0,0.0,0.0,1.0,,,,0.191088296168766
B001956,396.2140786032328,1.1256081778500933,5.0719281708207316,1.6550335501001634,0.4009201741720633,0.3580073398396328,1.6955857026950993,61.289902934329575,0.3563389626048031,0.0,0.03415729161377176,0.0,0.4966326585619973,0.23847926506952097,2.2406781078509423,0.9112041173593266,0.4396457539601055,0.4715583633992209,0.0,0.0,0.08879588264067348,0.0,0.0,0.0,1.0,1.0,0.41207718837338886,0.3660794408484104,,0.19006326769067228
B001957,2410.277420440068,5.69805536747061,8.345801861712829,7.649948709350585,0.13382545022215012,0.09857848246763588,0.014258854926946198,0.31797246487090025,1.7603524601168148,0.0,0.0,0.913823154122606,2.373311697343216,0.650568055887972,2.736110250798243,0.47350824469083497,0.47350824469083497,0.0,0.16037456556485793,0.0,0.3661171897443068,0.0,1.0,1.0,1.0,1.0,0.26494267591486553,,,0.6084446516532538
B001958,10406.848803334178,2.509488498513185,14.169974927242077,3.9407368676750787,0.0,0.5805003889866596,0.32132883898959186,11.604026140230108,0.8762712534438962,0.14945984942229992,0.037900656972939116,0.7483673459549558,0.3149863754313934,0.382503017287701,2.522997735166057,0.5212865511904993,0.5212865511904993,0.0,0.12551815862794977,0.0,0.3531952901815512,0.0,0.0,0.0,0.0,0.92,,,,0.19006326769067228
B001959,24282.548054698287,9.108232578656521,14.660242258370534,8.308980662712678,0.0,0.29555114995370063,0.030827983498183404,0.4414786294705584,3.5322712635232154,0.8911473718935312,1.8865381901867582,0.5487252611076275,1.3769136890984852,0.8726368028469053,2.494821309594698,0.5822452131779342,0.3708278022173822,0.21141741096055186,0.0,0.0,0.41775478682206596,0.0,0.0,0.0,0.0,1.0,0.24343591007569496,,,0.18847355270950683
B001960,644151.7344868135,1226.9556847367876,5503.623974306957,2643.201145497301,0.0,0.45295767387127517,0.47136812386650173,17.047624912892356,0.6472849563576971,1224.924680590409,0.0,0.7201342866433104,0.33142759083821766,0.33215731253974956,1.6681639952887337,0.9993793618991156,0.9993793618991156,0.0,0.0,0.0,0.0006206381008844253,0.0,0.30000000000000004,0.30000000000000004,0.30000000000000004,0.92,0.7882276977855466,,,0.32152411226147926
B001961,11881.162983507495,11.659630013255638,18.612021124376223,18.466429065416335,0.0,0.208539890929521,0.01949955810606639,0.745488252985385,3.586013663919685,0.6945032558853457,1.6799936080459583,2.9901458983664875,1.800965093846915,0.9080084931912422,2.3761240965001362,0.668982853013849,0.5145212541638486,0.15446159885000021,0.0,0.0,0.3310171469861507,0.0,0.5,0.5,0.5,0.5,0.3080853934536029,,,0.40484810018049977
B001962,10853.05673559735,8.552448176199645,12.26276907268031,12.653762535434682,0.0,0.37004748801436055,1.9993185702629652,93.9561986468713,2.548801026815029,0.8484270946810804,1.282547998538147,1.387098964732961,1.6848938548761525,0.8006792365562767,2.42097804239353,0.6951273725382686,0.6003644648845816,0.09476290765368706,0.0,0.0,0.3048726274617313,0.0,0.0,0.0,0.0,0.98,0.21158321436280986,,,0.1887933662721779
B001963,8921.627614010245,5.139186413600372,9.903881053096095,6.939755143014153,0.0,0.365,1.1319103214480062,40.08353958383487,1.9046137405073862,0.0,0.0,2.2292495128132788,0.0,1.005323160279707,2.8274747757652863,0.6293939181760357,0.19561912710914986,0.43377479106688566,0.0,0.0,0.37060608182396454,0.0,0.28,0.28,0.28,0.7,0.2876586702385502,0.45525134322802074,,0.3116940136216534
B001964,12144.553247943917,8.080208415132347,13.962787910856486,11.562671120955962,0.0,0.4121591602708322,0.027120887806131855,0.5541405571717565,3.987435283977762,0.647740092196348,0.0,1.8091013390992603,0.6383300951483221,0.9976016047106561,2.4239768363228382,0.6454325305630655,0.48626953361163033,0.15916299695143513,0.0,0.0,0.35456746943693485,0.0,0.0,0.0,0.0,0.5,0.5872819277030215,,,0.191088296168766
B001965,5497.718318650537,3.4928324769063135,5.680478849563794,4.448675976493611,0.2742325218022103,0.3495100155029008,2.0251047490066534,73.2424743090674,1.0198161881666281,0.8879392650732192,0.0,0.7080147827358411,0.11261920954148998,0.7644430313891355,1.688228226412239,0.9636166493448517,0.9636166493448517,0.0,0.0,0.0,0.03638335065514834,0.0,0.0,0.0,0.98,0.98,,0.532381576118945,,0.1887933662721779
B001966,20226.33223077623,6.778261471439754,20.064117410667443,4.253168738277565,0.0,0.5020824044132173,0.025023645834878164,1.0654031207250316,4.987548822022495,0.0,0.027431545423269085,0.6111002435437513,0.4354664016007121,0.7167144588495289,2.937807756990817,0.3169877467436384,0.24869620193168265,0.06829154481195576,0.09015589707163493,0.0,0.5928563561847268,0.0,,0.0,,,0.16555526878601332,,,0.191088296168766
B001967,1390.9895647565772,0.7000450753681818,4.997049409069292,0.6609568679834987,0.0,0.41578261495736907,0.6694662507827928,44.586452302134,0.20823100985448426,0.17697971377760097,0.05036986204237271,0.09722465547150667,0.0,0.16723983422221722,2.1506966392460387,1.0,0.5363523825651174,0.46364761743488264,0.0,0.0,0.0,0.0,,,,1.0,0.9884319625867994,,,0.19006326769067228
B001968,1735.2253202335198,4.971992321586017,14.56166711696916,9.047202852650038,0.08545286441705065,0.39760892698063977,0.009705035002910289,0.20990586016561547,1.3021871099434377,0.3691271405415894,1.0808505672873967,1.1225043670964303,0.3140570707660584,0.783266065951105,1.6587674882488304,0.9961315791916121,0.7155785236292711,0.28055305556234106,0.0,0.0,0.003868420808387929,0.0,0.0,0.0,0.0,1.0,,0.28908652208226754,0.43374986073573824,0.19106616983379643
B001969,3202.8184714934873,10.605359177130753,14.96302113405846,18.662903282721942,0.07495859369905489,0.2223827111196899,0.01619429830390653,0.5957143654295006,1.4192458500235745,0.3921433576572748,1.6425249719019441,3.276944067086903,3.019887388894485,0.8546135415665712,1.9223906605037864,1.0,0.5361336700790746,0.46386632992092536,0.0,0.0,0.0,0.0,1.0,1.0,1.0,1.0,,,,0.6084446516532538
B001970,9727.163555005596,6.94797396786114,15.954278188252404,8.536130909250215,0.0,0.021,0.013634648989666489,0.3552325110049323,2.6253578264542776,0.0,1.9215720244069605,1.9668196725806404,0.0,0.4342244444192623,2.1959200902927996,0.6125574193679968,0.6125574193679968,0.0,0.0,0.0,0.3874425806320034,0.0,0.0,0.0,0.0,1.0,0.09885122573685863,,,0.19106616983379643
B001971,1496.3756209314308,2.7306124469551656,14.09077766213414,4.323793278633825,0.0,0.03334731535201688,0.6434129808296053,23.232314700029733,0.4975054416593306,1.0917645059115089,0.0889596159387747,0.5955490832115742,0.27049627093020373,0.18633752930377454,2.08549153897179,0.8675224569593301,0.8675224569593301,0.0,0.0990606599013445,0.0,0.03341688313932552,0.0,0.5,0.5,1.0,0.5,1.3091985986656365,,,0.40649680945047806
B001972,4022.1137699123688,0.8662747727573484,3.9963032682643784,1.129972211520496,0.07957412315906479,0.4585600007346442,0.578746435706216,20.88888450278038,0.31717529863602656,0.3101125894239563,0.0,0.0175278085083322,0.0,0.22145907618903324,2.5127251145771465,0.5817929359818319,0.5817929359818319,0.0,0.0,0.0,0.4182070640181681,0.0,0.0,0.0,1.0,1.0,,,,0.19006326769067228
B001973,1043.882052229275,1.7966988850762047,13.477358538368408,3.102950181601827,0.05951807717323157,0.43939594317391717,0.22929763293479716,8.22661188081516,0.6187332467929864,0.22259069993827954,0.00827640242046207,0.826013596056716,0.0,0.12108493986776069,2.5272549353122784,0.6096107128028964,0.08629560089925835,0.5233151119036381,0.0,0.0,0.3903892871971036,0.0,,0.0,,0.6,1.06560461723954,,,0.19006326769067228
B001974,27597.141040006223,9.329662285330029,13.295348790785768,14.371647009811664,0.315260292779251,0.29942092479065563,0.022540858620011053,0.3947149088774905,4.224916802737091,0.0,1.1971438390464013,1.181541166133341,2.138788737205405,0.5872717402077873,1.9470058112484554,1.0,0.8716841186278744,0.12831588137212552,0.0,0.0,0.0,0.0,0.0,0.0,0.0,1.0,0.2785550158823892,,,0.18847355270950683
B001975,1731.50820963155,1.666514157489461,4.99659063022807,2.2272901640854843,0.16514165173622003,0.4428709364108426,0.003969623118144923,0.00916982940291477,0.30769837481377144,0.777350408936714,0.0,0.06972586947101454,0.0,0.5117395042679609,1.696977713556167,0.911411585801046,0.911411585801046,0.0,0.0,0.0,0.08858841419895407,0.0,0.0,0.0,0.0,1.0,0.8910857498664089,,,0.19106616983379643
B001976,7628.191656786069,8.590305919804132,24.79583467856833,18.260080663250307,0.24299278226268056,0.3189483795188233,0.02961583308954413,0.3460830434913587,0.5696223247410679,1.0840574939479233,5.045000071096262,1.0492770603270574,0.5010229376834201,0.34132603200839967,2.217032672073304,0.9939814413499171,0.40669152196934005,0.5872899193805771,0.0,0.0,0.006018558650082854,0.0,0.0,0.0,0.0,1.0,1.6431062427571148,0.44945491996862974,,0.19106616983379643
B001977,27489.595420606398,15.954495310856876,43.46917874308726,0.5090828398584797,0.0,0.5924351805144841,0.06609656963622051,2.9192025149162015,14.908725080563602,0.0,0.03337898308613752,0.0,0.13110743421496002,0.8812838129921765,1.1038210229408936,0.9815181014891504,0.9794259649197521,0.0020921365693983094,0.008217585806411734,0.0,0.010264312704437952,0.0,0.0,0.0,0.0,1.0,0.11700327933952807,0.3678940452279742,,0.191088296168766
B001978,5202.3834286849515,3.797360166923322,9.70595109532423,5.825016939592322,0.0,0.47,0.01783523142587097,0.6206924692030259,1.6368001519194313,0.8371020405955447,0.0,0.6275206545009866,0.0,0.6959373199073595,2.6076880778601854,0.5462756715680107,0.38102385796155647,0.1652518136064542,0.0,0.0,0.4537243284319894,0.0,0.0,0.0,0.0,1.0,0.45073848867884786,,,0.19106616983379643
B001979,2164.9552540924733,5.819772188420627,9.905449058173012,8.159974462897514,0.0,0.22450440850363354,2.188467157168064,79.23703422431075,1.1044175594718593,0.9251386047237041,1.0235868588004704,1.4067269476680848,0.8262596246399818,0.5336425931165264,1.6128895569908448,0.9630927270677574,0.9630927270677574,0.0,0.0,0.0,0.03690727293224256,0.0,0.2,0.2,0.2,0.98,0.3170086564335402,,,0.2770151739533745
B001980,1450.20854244598,2.26949693653518,12.437347386842443,3.394963604725082,0.0,0.5853391778266119,0.3978415424997186,18.62250371067237,1.1170617356215191,0.09220894969369238,0.017779007134468405,0.47005171292433884,0.2560375247569452,0.3163580064042154,1.600559893259301,0.9371334015385886,0.681552677716136,0.25558072382245245,0.0,0.0,0.06286659846141131,0.0,0.3,0.3,0.3,1.0,0.33620059689290865,,,0.32152411226147926
B001981,15520.846184805301,10.579990582689367,13.291676557608273,11.67942480391613,0.7588590022121543,0.36499999999999994,0.03860697345939191,1.2375179926966133,7.483140452894232,0.0,0.0,1.692828924909396,0.6073752050794351,0.7966459998063019,1.8731894797610333,0.8284039024759454,0.8284039024759454,0.0,0.16000287634273958,0.0,0.011593221181314941,0.0,0.0,0.0,0.0,1.0,,0.23279637301853812,0.5425301632250236,0.18847355270950683
B001982,778.1414888766811,1.8352393605582102,9.846820203720387,3.1432749616369846,0.0,0.4269844877147977,0.5515940762711482,36.68556800436486,0.30270617299945735,0.4942696099173793,0.01417033270598165,0.38551855413637814,0.25242829428782637,0.3861463965111877,2.1646791224468043,0.8350590230871108,0.21040655775480788,0.624652465332303,0.0,0.0,0.16494097691288923,0.0,0.0,0.0,1.0,1.0,0.526020212027307,0.44662083889811066,,0.19006326769067228
B001983,3429.203263247592,0.9873893645976366,5.015167638157482,1.248045412409977,0.0,0.7764410644766785,0.30024518308433656,19.317108206699846,0.4468167244717585,0.14803520951270518,0.04832273851255885,0.0,0.0,0.3442146921006139,2.989039223092639,0.4340341888535569,0.4340341888535569,0.0,0.0,0.0,0.565965811146443,0.0,0.5,0.5,0.5,0.5,,0.3655247741670881,,0.40649680945047806
B001984,12646.831104580373,2.5663212468710173,13.868921660192324,4.915729564932801,0.029564107231389004,0.3965600323186674,0.5378008543527385,24.903675481939988,0.6607991927063763,0.4843424206120621,0.009028818198809917,1.0747678164509007,0.19103322430276487,0.1463497746001032,2.4670839193420515,0.5469440309681667,0.12462876705834718,0.4223152639098194,0.18873023835289357,0.0,0.2643257306789397,0.0,0.0,0.0,0.0,1.0,0.6126506940670212,0.32402073180439356,,0.19006326769067228
B001985,2326.1945494506303,5.995346776934614,9.183260053607702,6.441579742431122,0.0,0.3805855246171112,3.097089007076951,145.44300169789514,1.7787823719618001,0.9114329815388668,0.0,0.46334595283471014,1.5800436430051774,1.2617418275940602,2.035839943856478,0.867466196544381,0.526636938143308,0.3408292584010729,0.0,0.0,0.13253380345561916,0.0,0.28,0.28,0.28,0.7,0.43628401943030987,,,0.3116940136216534
B001986,444975.73715996585,1369.1561143383565,4507.75634673106,2590.4232196038756,0.0,0.36505872028641106,0.013346821713570782,0.3146479616978222,1.3513443314777895,1365.3826689565044,0.841736624248795,0.24553757194145476,0.8406449257684485,0.49418192841584285,2.334354179357509,0.998326198057318,0.9981468630864041,0.000179334970913898,0.0006139876358618823,0.0,0.0010598143068202054,0.0,0.0,0.0,0.0,0.95,0.4831326804969956,0.30742754512096915,,0.19106616983379643
B001987,4497.640725310274,1.6000144878371663,7.840732035017772,4.3595320596103,0.4837902762387672,0.2972387957233217,0.563161451656535,20.40850242791429,0.30852561512396975,0.36852313402604797,0.023459789791275797,0.7020651556892491,0.0,0.1974407932066235,2.3990293977575794,0.5585909222151083,0.5439286863606145,0.014662235854493904,0.2303248731979936,0.0,0.21108420458689792,0.0,0.0,0.0,1.0,1.0,,0.37993656281870175,,0.19006326769067228
B001988,3395.7031650822996,6.517664424342226,19.675087767290954,8.541744468836946,0.0,0.058384155501820835,0.011839415999131207,0.27164032545414907,2.0826789803879464,0.0,1.3134805727467838,1.1721294844532488,1.3664844827955842,0.5828909039586625,2.3196389662481316,0.6643773284582014,0.4547187155213298,0.20965861293687152,0.0,0.0,0.33562267154179865,0.0,0.0,0.0,0.0,1.0,0.17666962437405365,,,0.19106616983379643
B001989,184491.38846266785,420.2537322612024,1737.991383803789,903.4156456185196,0.0,0.452866866356636,0.40729145651712695,19.058967263183625,1.1045761246389896,417.3622108665214,0.01597794253845886,0.5582956226669208,0.7314785646022912,0.48119314023434895,2.6678523211923704,0.997371644699749,0.0011830259783720339,0.9961886187213771,0.0,0.0,0.0026283553002509844,0.0,,0.0,,0.6,0.8789944433782918,0.34977885021911703,0.37127491240424376,0.19006326769067228
B001990,32617.37336310878,8.877891497852145,19.90084942034551,17.355737010575904,0.0,0.3938613828676509,0.04463845143504031,0.9127904293384838,1.9593894567490249,1.593448654262389,1.0513138950051766,1.870226554744603,1.7319285732057081,0.6715843638852431,2.087454729903442,0.6608763068930738,0.6608763068930738,0.0,0.11841932234241925,0.0,0.22070437076450705,0.0,0.0,0.0,0.0,1.0,0.8456458066328043,,,0.19106616983379643
B001991,2676.958495778747,4.215682670517712,14.191753028318734,5.8519573557648945,0.0,0.44765518379745695,0.007365967725357587,0.16426108027547418,1.6825814601070632,0.481462629831047,0.8575875577816964,0.0,0.9059893991817817,0.2880616236161235,2.732280071948037,0.5928292099181348,0.5928292099181348,0.0,0.0,0.0,0.407170790081865,0.0,0.0,0.0,0.0,1.0,0.15533233270321606,,,0.19106616983379643
B001992,2865.8146195610843,5.307064110298304,18.591369023248344,7.825760304593905,0.0,0.3660106577463261,0.010392580104227146,0.1957006929695698,1.3956678598890355,0.0,1.1073411982356571,1.0193497135054215,1.481374204320887,0.30333113434730363,1.9460155103769952,0.9969474650437207,0.7365039224685346,0.260443542575186,0.0,0.0,0.0030525349562793677,0.0,0.0,0.0,0.0,1.0,,,,0.19106616983379643
B001993,3188.415168754018,8.457334665130022,11.179345085032692,10.123127059374095,0.0,0.17849488928557158,0.01229337206174548,0.5704124636649902,1.1772893981475343,0.5388200023404681,1.677137931051523,0.0,4.02669370251848,1.0373936310720153,2.1478260750566265,0.5159277877055533,0.5159277877055533,0.0,0.4761185245655138,0.0,0.00795368772893283,0.0,1.0,1.0,1.0,1.0,0.1481641095272252,,,0.6084446516532538
B001994,2461.793446984269,5.204637308634818,10.177678692138155,6.573923683873474,0.0,0.3238014155969904,1.2160958918158158,44.01784283486918,1.6862361642960906,0.36738434599601055,0.8365531258571955,0.9641363576019155,0.7589342121532567,0.5913931027303468,2.303686568806097,0.6898554234594736,0.5578609336945595,0.13199448976491404,0.0,0.0,0.310144576540526,0.0,0.2,0.2,0.2,0.98,,,,0.2770151739533745
B001995,4132.087339814779,6.1035263512773685,18.419540734278307,3.5930382701835484,0.0,0.04694759328908958,0.010633038742555778,0.20149659489085825,2.050010036579621,0.0,0.06953643160275111,0.37303142248405396,1.1235420252823205,2.487406435328623,2.7591541720118546,0.6625068235449442,0.4173086607725059,0.24519816277243825,0.0,0.0,0.337493176455056,0.0,0.0,0.0,0.0,0.5,0.3356339703393,0.21568526518146344,,0.191088296168766
B001996,4462.770255855908,5.2689141155323584,8.59896646634038,5.433320404744772,0.0,0.2608333489030076,1.6540709725353056,110.14617567024261,1.005739950653991,1.2591577727716496,1.7789734327753526,0.4781325529469427,0.0,0.7469104063844231,2.4322491633955736,0.678519716378751,0.34088403020746305,0.337635686171288,0.09074593786553557,0.0,0.23073434575571358,0.0,0.0,0.0,0.98,0.98,0.1961997000898774,,,0.1887933662721779
B001997,3818.6168113910835,4.833692166317827,9.861501604236638,1.0852688517925122,0.0,0.2619767444409702,0.007496722596623169,0.10704974407836206,3.6088979583426455,0.600184969681173,0.10074525629240878,0.0,0.0,0.5238639820015997,2.5864600330958227,0.5439791709296439,0.5439791709296439,0.0,0.0,0.0,0.456020829070356,0.0,0.0,0.0,0.0,0.5,,,,0.191088296168766
B001998,1224.3608777100376,1.6749122814090802,9.855203561821526,2.5745247316679976,0.0,0.3079552278715655,0.333874750308473,12.043897253645875,0.45788562091585977,0.39280791747762106,0.08590371634326151,0.4156389933440702,0.13315959760637416,0.1895164357218937,2.498659785066349,0.4596536257768308,0.14562672363870446,0.3140269021381264,0.24815567833462834,0.0,0.29219069588854096,0.0,0.3,0.3,0.3,1.0,,,,0.32152411226147926
B001999,1134.7269113582734,3.009885706520619,5.548525194897702,2.979496886869479,0.0,0.3362325749272085,2.3067916627383838,83.51757036589227,0.7910057696180132,0.0,0.0,0.4601044501068951,1.2111249529042822,0.5476505338914289,2.435870486564718,0.4899090586446679,0.33704463289251235,0.15286442575215545,0.40238237295206924,0.0,0.10770856840326308,0.0,0.0,0.0,0.98,0.98,0.4506553338544946,0.5330245347651754,0.6137011196775924,0.1887933662721779
B002000,17683.323040827643,7.483420668991808,11.453571501542546,11.001724128847721,0.0,0.21118958931833906,1.2589063146321737,45.34508799072787,2.1624661937510425,1.0198567262684737,1.450032195435814,2.1972665108638014,0.0,0.6537990426726774,2.4680000375461764,0.6855344217437022,0.25563432933506625,0.42990009240863597,0.0,0.0,0.3144655782562979,0.0,0.28,0.28,0.28,0.7,0.48923543198573916,,,0.3116940136216534
